{
  "materials": [
    {
      "item": {
        "tag": "forge:gems/diamond"
      },
      "count": 16
    },
    {
      "item": {
        "tag": "forge:ingots/gold"
      },
      "count": 48
    },
    {
      "item": {
        "tag": "forge:ingots/netherite"
      },
      "count": 64
    },
    {
      "item": {
        "tag": "forge:ingots/iron"
      },
      "count": 500
    },
    {
      "item": {
        "tag": "forge:rods/blaze"
      },
      "count": 5
    },
    {
      "item": {
        "tag": "forge:nether_stars"
      },
      "count": 1
    }
    
  ],
  "result": {
    "type": "gun",
    "id": "zeta:ac7"
  },
  "type": "tacz:gun_smith_table_crafting"
}