{
  "materials": [
    {
      "item": {
        "tag": "forge:gems/diamond"
      },
      "count": 32
    },
    {
      "item": {
        "tag": "forge:ingots/gold"
      },
      "count": 32
    },
    {
      "item": {
        "tag": "forge:ingots/netherite"
      },
      "count": 4
    },
      {
      "item": {
        "tag": "forge:nether_stars"
      },
      "count": 1
    },
    {
      "item": {
        "tag": "forge:ingots/iron"
      },
      "count": 320
    },
     {
      "item": {
        "tag": "forge:gems/amethyst"
      },
      "count": 4
    },
    {
      "item": {
        "tag": "forge:dusts/glowstone"
      },
      "count": 16
    },
    {
      "item": {
        "tag": "forge:dusts/redstone"
      },
      "count": 16
    },
    {
      "item": {
        "tag": "forge:rods/blaze"
      },
      "count": 3
    }
  ],
  "result": {
    "type": "gun",
    "id": "zeta:apw1",
    "attachments": {
      "scope": "zeta:scope_apw"
    }
  },
  "type": "tacz:gun_smith_table_crafting"
}