{
  "materials": [
    {
      "item": {
        "tag": "forge:gems/diamond"
      },
      "count": 16
    },
    {
      "item": {
        "tag": "forge:ingots/gold"
      },
      "count": 32
    },
    {
      "item": {
        "tag": "forge:ingots/netherite"
      },
      "count": 32
    },
    {
      "item": {
        "tag": "forge:ingots/iron"
      },
      "count": 128
    },
    {
      "item": {
        "tag": "forge:nether_stars"
      },
      "count": 1
    }
  ],
  "result": {
    "type": "gun",
    "id": "zeta:gr8"
   
  },
  "type": "tacz:gun_smith_table_crafting"
}