{
  "materials": [
    {
      "item": {
        "tag": "forge:gems/diamond"
      },
      "count": 8
    },
    {
      "item": {
        "tag": "forge:ingots/gold"
      },
      "count": 20
    },
    {
      "item": {
        "tag": "forge:nether_stars"
      },
      "count": 1
    },
    {
      "item": {
        "tag": "forge:ingots/netherite"
      },
      "count": 16
    },
    {
      "item": {
        "tag": "forge:ingots/iron"
      },
      "count": 256
    }
   
  ],
  "result": {
    "type": "gun",
    "id": "zeta:m206"
  },
  "type": "tacz:gun_smith_table_crafting"
}