{
  "materials": [
    {
      "item": {
        "tag": "forge:ingots/iron"
      },
      "count": 256
    },
    {
      "item": {
        "tag": "forge:ingots/gold"
      },
      "count": 16
    },
    {
      "item": {
        "tag": "forge:gems/diamond"
      },
      "count": 4
    },
    {
      "item": {
        "tag": "forge:dusts/redstone"
      },
      "count": 64
    },
    {
      "item": {
        "tag": "forge:nether_stars"
      },
      "count": 1
    }
  ],
  "result": {
    "type": "gun",
    "id": "zeta:plas45"
  },
  "type": "tacz:gun_smith_table_crafting"
}