{
  "ammo": "tacz:9mm",
  "ammo_amount": 30,
  "bolt": "closed_bolt",
  "rpm": 820,
  "bullet": {
    "life": 0.75,
    "bullet_amount": 1,
    "damage": 6,
    "tracer_count_interval": 0,
    "extra_damage": {
      "armor_ignore": 0.15,
      "head_shot_multiplier": 1.25,
      "damage_adjust": [
        {"distance": 10, "damage": 6},
        {"distance": 20, "damage": 5.7},
        {"distance": 30, "damage": 5.4},
        {"distance": 40, "damage": 5.1},
        {"distance": 50, "damage": 4.8},
        {"distance": 60, "damage": 4.5},
        {"distance": 70, "damage": 4.2},
        {"distance": "infinite", "damage": 3.5}
      ]
    },
    "speed": 320,
    "gravity": 0.05,
    "knockback": 0,
    "friction": 0.02,
    "ignite": false,
    "pierce": 1
  },
  "weight": 2.5,
  "movement_speed": {
    "base": 0.0,
    "aim": -0.12,
    "reload": -0.12
  },
  "reload": {
    "type": "magazine",
    "feed": {
      "empty": 1.8,
      "tactical": 1.65
    },
    "cooldown": {
      "empty": 2.7,
      "tactical": 2.4
    }
  },
  "draw_time": 1.0667,
  "put_away_time": 0.7667,
  "aim_time": 0.15,
  "sprint_time": 0.2,
  "fire_mode": [
    "auto",
    "semi"
  ],
  "burst_data": {
    "continuous_shoot": false,
    "count": 3,
    "bpm": 900,
    "min_interval": 0.5
  },
  "recoil": {
    "pitch": [
      {"time": 0, "value": [0.15, 0.35]},
      {"time": 0.3, "value": [0.2, 0.2]},
      {"time": 0.5, "value": [-0.07, -0.07]},
      {"time": 0.65, "value": [0, 0]}
    ],
    "yaw": [
      {"time": 0.2, "value": [-1.0, 0.5]},
      {"time": 0.3, "value": [-0.1, 0.1]},
      {"time": 0.5, "value": [0, 0]}
    ]
  },
  "melee": {
    // 枪械距离参数，用来延升近战攻击范围
    // 会与刺刀等配件的距离做加和
    "distance": 1,
    // 使用时的冷却时间
    "cooldown": 1,
    // 默认近战数据，会被配件的数据替换掉
    "default": {
      // 动画类型：没有枪托的为 melee_push，有枪托的为 melee_stock
      "animation_type": "melee_stock",
      // 刺刀距离参数，枪械里还有个刺刀攻击距离参数，两者做加和
      "distance": 0,
      // 刺刀范围角度
      "range_angle": 90,
      // 伤害值
      "damage": 5,
      // 击退效果
      "knockback": 0.85,
      // 前摇时长，单位：秒
      "prep": 0.1
    }
  },
  "inaccuracy": {
    "stand": 3,
    "move": 4,
    "sneak": 2,
    "lie": 1,
    "aim": 0.5
  },
  "allow_attachment_types": [
    "scope",
    "grip",
    "laser",
    "muzzle"
  ]
}