{
  "ammo": "tacz:45acp",
  "rpm": 270,
  "bullet": {
    "life": 1,
    "bullet_amount": 1,
    "damage": 11,
    "tracer_count_interval": 0,
    "extra_damage": {
      "armor_ignore": 0.2,
      "head_shot_multiplier": 1.75,
      "damage_adjust": [
        {"distance": 10, "damage": 11},
        {"distance": 20, "damage": 10},
        {"distance": 30, "damage": 9},
        {"distance": 40, "damage": 8},
        {"distance": 50, "damage": 7},
        {"distance": 60, "damage": 6},
        {"distance": 70, "damage": 5},
        {"distance": "infinite", "damage": 4}
      ]
    },
    "speed": 250,
    "gravity": 0.10,
    "knockback": 0,
    "friction": 0.025,
    "ignite": false,
    "pierce": 1
  },
  "ammo_amount": 17,
  "extended_mag_ammo_amount": [
    20,
    25,
    30
  ],
  "bolt": "closed_bolt",
  "reload": {
    "type": "magazine",
    "feed": {
      "empty": 1.79,
      "tactical": 1.38
    },
    "cooldown": {
      "empty": 2.3333,
      "tactical": 1.875
    }
  },
  "draw_time": 0.5833,
  "put_away_time": 0.5833,
  "aim_time": 0.075,
  "sprint_time": 0.05,
  "fire_mode": [
    "semi"
  ],
  "weight": 0.8,
  "movement_speed": {
    "base": 0.0,
    "aim": -0.1,
    "reload": -0.1
  },
  "allow_attachment_types": [
    "scope",
    "muzzle",
    "laser"
  ],
  "recoil": {
    "pitch": [
      {"time": 0, "value": [0.5, 1]},
      {"time": 0.35, "value": [0.25, 0.6]},
      {"time": 0.6, "value": [-0.175, -0.175]},
      {"time": 0.8, "value": [0.05, 0.05]},
      {"time": 1.0, "value": [0, 0]}
    ],
    "yaw": [
      {"time": 0.1, "value": [-1, 1]},
      {"time": 0.45, "value": [0, 0]}
    ]
  },
  "melee": {
    // 枪械距离参数，用来延升近战攻击范围
    // 会与刺刀等配件的距离做加和
    "distance": 1,
    // 使用时的冷却时间
    "cooldown": 1,
    // 默认近战数据，会被配件的数据替换掉
    "default": {
      // 动画类型：没有枪托的为 melee_push，有枪托的为 melee_stock
      "animation_type": "melee_stock",
      // 刺刀距离参数，枪械里还有个刺刀攻击距离参数，两者做加和
      "distance": 0,
      // 刺刀范围角度
      "range_angle": 90,
      // 伤害值
      "damage": 4,
      // 击退效果
      "knockback": 0.85,
      // 前摇时长，单位：秒
      "prep": 0.1
    }
  },
  "inaccuracy": {
    "stand": 1,
    "move": 2.5,
    "sneak": 0.5,
    "lie": 0.7,
    "aim": 0.2
  }
}