{
  "ammo": "daffas_arsenal:elektrikal",
  "ammo_amount": 30,
  "bolt": "closed_bolt",
  "rpm": 850,
  "bullet": {
    "life": 0,
    "bullet_amount": 0,
    "damage": 0,
    "tracer_count_interval": 0,
    "extra_damage": {
      "armor_ignore": 0.2,
      "head_shot_multiplier": 1.5,
      "damage_adjust": [
        {"distance": 30, "damage": 7.5},
        {"distance": 60, "damage": 6},
        {"distance": "infinite", "damage": 5}
      ]
    },
    "speed": 0,
    "gravity": 0.15,
    "knockback": 0,
    "friction": 0.015,
    "ignite": false,
    "pierce": 2
  },
  "reload": {
    "type": "magazine",
    "feed": {
      "empty": 2.5,
      "tactical": 2
    },
    "cooldown": {
      "empty": 3,
      "tactical": 2.77
    }
  },
  "draw_time": 3.5,
  "put_away_time": 1,
  "aim_time": 0.1,
  "sprint_time": 0.2,
  "weight": 0.2,
  "movement_speed": {
    "base": 0.0,
    "aim": -0.1,
    "reload": -0.1
  },
  "crawl_recoil_multiplier": 0.5,
  "fire_mode": [
    "auto",
    "semi"
  ],
  "recoil": {
    "pitch": [
      {"time": 0, "value": [-0.1, 0.25]},
      {"time": 0.3, "value": [0.0, 0.0]},
      {"time": 0.5, "value": [-0, 0]}
    ],
    "yaw": [
      {"time": 0.2, "value": [-1, 1]},
      {"time": 0.3, "value": [-0.0, 0]},
      {"time": 0.5, "value": [0, 0]}
    ]
  },
  "inaccuracy": {
    "stand": 2.75,
    "move": 4,
    "sneak": 1.25,
    "lie": 0.75,
    "aim": 0.1
  },
  "melee": {
    // 枪械距离参数，用来延升近战攻击范围
    // 会与刺刀等配件的距离做加和
    "distance": 1,
    // 使用时的冷却时间
    "cooldown": 1,
    // 默认近战数据，会被配件的数据替换掉
    "default": {
      // 动画类型：没有枪托的为 melee_push，有枪托的为 melee_stock
      "animation_type": "melee_stock",
      // 刺刀距离参数，枪械里还有个刺刀攻击距离参数，两者做加和
      "distance": 0,
      // 刺刀范围角度
      "range_angle": 90,
      // 伤害值
      "damage": 6,
      // 击退效果
      "knockback": 0.85,
      // 前摇时长，单位：秒
      "prep": 0.1
    }
  },
  "allow_attachment_types": [
    "scope",
    "grip",
    "muzzle"
  ]
}