{
  "ammo": "tacz:30_06",
  "ammo_amount": 5,
  "extended_mag_ammo_amount": [
    6,
    7,
    8
  ],
  "bolt": "manual_action",
  "rpm": 350,
  "bullet": {
    "life": 0.8,
    "bullet_amount": 1,
    "damage": 24,
    "tracer_count_interval": 0,
    "extra_damage": {
      "armor_ignore": 0.50,
      "head_shot_multiplier": 2,
      "damage_adjust": [
        {"distance": 48, "damage": 24},
        {"distance": 96, "damage": 19},
        {"distance": 190, "damage": 16},
        {"distance": "infinite", "damage": 14}
      ]
    },
    "speed": 800,
    "gravity": 0.065,
    "knockback": 0,
    "friction": 0.015,
    "ignite": false,
    "pierce": 2
  },
  "weight": 4.0,
  "movement_speed": {
    "base": 0.0,
    "aim": -0.25,
    "reload": -0.12
  },
  "reload": {
    "type": "magazine",
    "feed": {
      "empty": 3.93,
      "tactical": 3
    },
    "cooldown": {
      "empty": 4,
      "tactical": 3.2
    }
  },
  "draw_time": 1.0,
  "put_away_time": 0.87,
  "aim_time": 0.2,
  "sprint_time": 0.2,
  "bolt_action_time": 1.25,
  "fire_mode": [
    "semi"
  ],
  "recoil": {
    "pitch": [
      {"time": 0, "value": [0.55, 0.55]},
      {"time": 0.32, "value": [0.25, 0.25]},
      {"time": 0.57, "value": [-0.15, -0.15]},
      {"time": 0.82, "value": [0.05, 0.05]},
      {"time": 1.17, "value": [0, 0]},
      {"time": 1.47, "value": [0, 0]}
    ],
    "yaw": [
      {"time": 0.1, "value": [-0.9, 0.75]},
      {"time": 0.32, "value": [-0.9, -0.75]},
      {"time": 0.57, "value": [0, 0]}
    ]
  },
  "melee": {
    // 枪械距离参数，用来延升近战攻击范围
    // 会与刺刀等配件的距离做加和
    "distance": 1,
    // 使用时的冷却时间
    "cooldown": 1,
    // 默认近战数据，会被配件的数据替换掉
    "default": {
      // 动画类型：没有枪托的为 melee_push，有枪托的为 melee_stock
      "animation_type": "melee_stock",
      // 刺刀距离参数，枪械里还有个刺刀攻击距离参数，两者做加和
      "distance": 0,
      // 刺刀范围角度
      "range_angle": 90,
      // 伤害值
      "damage": 7,
      // 击退效果
      "knockback": 0.85,
      // 前摇时长，单位：秒
      "prep": 0.1
    }
  },
  "inaccuracy": {
    "stand": 15,
    "move": 20,
    "sneak": 10,
    "lie": 6,
    "aim": 0.05
  },
  "allow_attachment_types": [
    "scope",
    "extended_mag",
    "muzzle"
  ]
}