{
    "ammo": "swb2:bnammo",
    "ammo_amount": 25,
    "extended_mag_ammo_amount": [
      30,
      40,
      45
    ],
    "bolt": "open_bolt",
    "rpm": 300,
    "bullet": {
      "life": 0.8,
      "bullet_amount": 1,
      "damage": 35,
      //"tracer_count_interval": 0,
      "extra_damage": {
        "armor_ignore": 0.75,
        "head_shot_multiplier": 2,
        "damage_adjust": [
          {"distance": 5, "damage": 36},
          {"distance": 20, "damage": 25},
          {"distance": 40, "damage": 19},
          {"distance": "infinite", "damage": 10}
        ]
      },
      "speed": 270,
      "gravity": 0.09,
      "knockback": 0,
      "friction": 0.015,
      "ignite": false,
      "pierce": 1
    },
    "reload": {
      "type": "fuel",
      
      "feed": {
        "empty": 3.7,
        "tactical": 1.43
      },
      "cooldown": {
        "empty": 4.6,
        "tactical": 1.87
      }
    },
  //  "heat":  {
    // 过热上限
   // "max": 30,
    // 每发子弹过热值
    //"per_shot": 1.5,
    // 冷却倍率，过热值的减少速度会随着时间增加
    // t时间(秒)内可以冷却的过热值可以参考: max = cooling_multiplier * t^2
   // "cooling_multiplier": 5,
    // 冷却延迟，ms
   // "cooling_delay": 350,
    // 完全过热后，开始过热的延迟时间，ms
    //"over_heat_time": 1300,
    // 以下将在使用过热进度(0-1)在最小值和最大值之间线性插值，然后与原始数值相乘
    // 最小不准确度影响
   // "min_inaccuracy": 1,
    // 最大不准确度影响
    //"max_inaccuracy": 1,
    // 最小射速影响
   // "min_rpm_mod": 1,
    // 最大射速影响
   // "max_rpm_mod": 1
  //},
    "draw_time": 0.8,
    "put_away_time": 0.43,
    "aim_time": 0.2,
    "sprint_time": 0.2,
    "fire_mode": [
      "auto",
      "semi"
    ],
    "weight": 2.5,
  "movement_speed": {
    "base": 0.0,
    "aim": 0,
    "reload": 0.1
  },
    "burst_data": {
      "continuous_shoot": false,
      "count": 3,
      "bpm": 900,
      "min_interval": 0.3
    },
    "recoil": {
    "pitch": [
      {"time": 0, "value": [0.45, 0.45]},
      {"time": 0.35, "value": [0.375, 0.375]},
      {"time": 0.55, "value": [-0.125, -0.125]},
      {"time": 0.7, "value": [0, 0]}
    ],
    "yaw": [
      {"time": 0, "value": [-0.2, 0.25]},
      {"time": 0.3, "value": [-0.2, 0.25]},
      {"time": 0.5, "value": [0, 0]}
    ]
  },
    "inaccuracy": {
      "stand": 5,
      "move": 6,
      "sneak": 4,
      "lie": 2.5,
      "aim": 0.15
    },

    "melee": {
     
      "distance": 1,
      
      "cooldown": 0.6,
      
      "default": {
        
        "animation_type": "melee_push",
        
        "distance": 0,
       
        "range_angle": 30,
        
        "damage": 2,
        
        "knockback": 0.5,
        
        "prep": 0.1
      }
    },
    "allow_attachment_types": [
      "scope",
      "stock",
      "laser",
      "grip",
      "muzzle",
      "extended_mag"
    ],
    "builtin_attachments": {
      
      "scope": "swb2:a280cmj"
    
    },
    "exclusive_attachments": {
    }
  }