{
    "ammo": "swb2:1ammo",
    "rpm": 300,
    "bullet": {
      "life": 0.8,
      "bullet_amount": 2,
      "damage": 35,
      //"tracer_count_interval": 0,
      "extra_damage": {
        "armor_ignore": 0.55,
        "head_shot_multiplier": 1.85,
        "damage_adjust": [
          {"distance": 5, "damage": 35},
          {"distance": 20, "damage": 28},
          {"distance": 30, "damage": 17},
          {"distance": 40, "damage": 10},
          {"distance": "infinite", "damage": 5}
        ]
      },
      "speed": 200,
      "gravity": 0.15,
      "knockback": 0,
      "friction": 0.025,
      "ignite": false,
      "pierce": 1
    },
    "ammo_amount": 20,
    "extended_mag_ammo_amount": [
      29,
      30,
      35
    ],
    "can_slide": false,
    "bolt": "open_bolt",
    "reload": {
      "type": "fuel",
      "feed": {
        "empty": 2,
        "tactical": 1.5
      },
      "cooldown": {
        "empty": 2.8,
        "tactical": 1.77
      }
    },
    "draw_time": 0.7,
    "put_away_time": 0.7,
    "aim_time": 0.17,
    "sprint_time": 0.05,
    "weight": 1.1,
    "movement_speed": {
      "base": 0.0,
      "aim": 0,
      "reload": 0.1
    },
    "burst_data": {
        
        "continuous_shoot": true,
        
        "count": 3,
     
        "bpm": 900,
        
        "min_interval": 0.3
      },
    "fire_mode": [
      "semi",
      "auto"
    ],
    "fire_mode_adjust": {
        "auto": {
          "damage": 1,
          "rpm": 150,
          "speed": 10,
          "knockback": 0,
          "armor_ignore": 1,
          "head_shot_multiplier": 0,
          "aim_inaccuracy": 0,
          "other_inaccuracy": 0
        }
    },
    "allow_attachment_types": [
      
      "laser",
      
      "extended_mag"
    ],
    "recoil": {
      "pitch": [
        {"time": 0, "value": [0.6, 0.6]},
        {"time": 0.35, "value": [0.55, 0.55]},
        {"time": 0.6, "value": [-0.175, -0.175]},
        {"time": 0.8, "value": [0.05, 0.05]},
        {"time": 1.0, "value": [0, 0]}
      ],
      "yaw": [
        {"time": 0, "value": [-0.2, 0.2]},
        {"time": 0.45, "value": [0, 0]}
      ]
    },
    "inaccuracy": {
      "stand": 3,
      "move": 4,
      "sneak": 2,
      "lie": 0.7,
      "aim": 0.2
    }
  }