{
    "ammo": "swb2:bnammo",
    "rpm": 250,
    "bullet": {
      "life": 0.8,
      "bullet_amount": 1,
      "damage": 50,
      
      "extra_damage": {
        "armor_ignore": 0.4,
        "head_shot_multiplier": 1.8,
        "damage_adjust": [
          {"distance": 5, "damage": 50},
          {"distance": 20, "damage": 19},
          {"distance": 30, "damage": 10},
          {"distance": 50, "damage": 8},
          {"distance": "infinite", "damage": 5}
        ]
      },
      "speed": 200,
      "gravity": 0.15,
      "knockback": 0.1,
      "friction": 0.02,
      "ignite": false,
      "ignite_entity_time": 1,
      
      "pierce": 1
    },
    "ammo_amount": 9,
    "extended_mag_ammo_amount": [
      10,
      12,
      15
    ],
    "bolt": "open_bolt",
    "reload": {
      "type": "fuel",
      "feed": {
        "empty": 3,
        "tactical": 1.5
      },
      "cooldown": {
        "empty": 3.5,
        "tactical": 1.77
      }
    },
    "draw_time": 0.32,
    "put_away_time": 0.35,
    "aim_time": 0.2,
    "sprint_time": 0.2,
    "fire_mode": [
      "semi",
      "auto"
    ],
    "allow_attachment_types": [
      "scope",
      "muzzle",
      "laser",
      "extended_mag",
      "stock"
    ],
    "weight": 1.4,
  "movement_speed": {
    "base": 0.0,
    "aim": 0,
    "reload": 0.1
  },
    "melee": {
      
      "distance": 1,
      
      "cooldown": 0.5,
      
      "default": {
        
        "animation_type": "melee_push",
        
        "distance": 0,
        
        "range_angle": 30,
        
        "damage": 5,
        
        "knockback": 0.6,
        
        "prep": 0.1
      }
    },
    "recoil": {
      "pitch": [
        {"time": 0, "value": [0.8, 0.8]},
        {"time": 0.4, "value": [0.9, 0.9]},
        {"time": 0.65, "value": [-0.225, -0.225]},
        {"time": 0.85, "value": [0.125, 0.125]},
        {"time": 1.1, "value": [0, 0]},
        {"time": 1.2, "value": [0, 0]}
      ],
      "yaw": [
        {"time": 0, "value": [-0.3, 0.3]},
        {"time": 0.5, "value": [0, 0]}
      ]
    },
    "inaccuracy": {
      "stand": 2,
      "move": 4,
      "sneak": 1.5,
      "lie": 0.7,
      "aim": 0.1
    }
  }