{
    "ammo": "swb2:bnammo",
    "ammo_amount": 25,
    "extended_mag_ammo_amount": [
      30,
      40,
      45
    ],
    "bolt": "open_bolt",
    "rpm": 300,
    "bullet": {
      "life": 0.8,
      "bullet_amount": 1,
      "damage": 35,
      //"tracer_count_interval": 0,
      "extra_damage": {
        "armor_ignore": 0.75,
        "head_shot_multiplier": 2,
        "damage_adjust": [
          {"distance": 5, "damage": 36},
          {"distance": 20, "damage": 25},
          {"distance": 40, "damage": 19},
          {"distance": "infinite", "damage": 10}
        ]
      },
      "speed": 270,
      "gravity": 0.09,
      "knockback": 0,
      "friction": 0.015,
      "ignite": false,
      "pierce": 1
    },
    "reload": {
      "type": "fuel",
      "feed": {
        "empty": 2.5,
        "tactical": 1.43
      },
      "cooldown": {
        "empty": 3.37,
        "tactical": 1.87
      }
    },
    "draw_time": 0.8,
    "put_away_time": 0.43,
    "aim_time": 0.2,
    "sprint_time": 0.2,
    "fire_mode": [
      "auto",
      "semi"
    ],
    "weight": 2.5,
  "movement_speed": {
    "base": 0.0,
    "aim": 0,
    "reload": 0.1
  },
    "burst_data": {
      "continuous_shoot": false,
      "count": 3,
      "bpm": 900,
      "min_interval": 0.3
    },
    "recoil": {
      "pitch": [
        {"time": 0, "value": [0.55, 0.55]},
        {"time": 0.3, "value": [0.55, 0.55]},
        {"time": 0.5, "value": [-0.125, -0.125]},
        {"time": 0.65, "value": [0, 0]}
      ],
      "yaw": [
        {"time": 0, "value": [0.15, 0.25]},
        {"time": 0.3, "value": [0.15, 0.25]},
        {"time": 0.5, "value": [0, 0]}
      ]
    },
    "inaccuracy": {
      "stand": 5,
      "move": 6,
      "sneak": 4,
      "lie": 2.5,
      "aim": 0.15
    },

    "melee": {
     
      "distance": 1,
      
      "cooldown": 0.6,
      
      "default": {
        
        "animation_type": "melee_push",
        
        "distance": 0,
       
        "range_angle": 30,
        
        "damage": 2,
        
        "knockback": 0.5,
        
        "prep": 0.1
      }
    },
    "allow_attachment_types": [
      "scope",
      "grip",
      "laser",
      "muzzle",
      "extended_mag"
    ],
    "builtin_attachments": {
    },
    "exclusive_attachments": {
    }
  }