{
    "ammo": "swb2:bnammo",
    "ammo_amount": 10,
    "extended_mag_ammo_amount": [
      15,
      20,
      25
    ],
    "bolt": "open_bolt",
    "rpm": 180,
    "bullet": {
      "life": 0.8,
      "bullet_amount": 1,
      "damage": 45,
      //"tracer_count_interval": 0,
      "extra_damage": {
        "armor_ignore": 0.8,
        "head_shot_multiplier": 2,
        "damage_adjust": [
          {"distance": 80, "damage": 45},
          {"distance": 160, "damage": 35},
          {"distance": "infinite", "damage": 25}
        ]
      },
      "speed": 500,
      "gravity": 0.05,
      "knockback": 0,
      "friction": 0.015,
      "ignite": false,
      "pierce": 1
    },
    "reload": {
      "type": "fuel",
      "feed": {
        "empty": 3,
        "tactical": 1.43
      },
      "cooldown": {
        "empty": 3.73,
        "tactical": 1.87
      }
    },
    "draw_time": 0.7,
    "put_away_time": 0.5,
    "aim_time": 0.2,
    "sprint_time": 0.2,
    "fire_mode": [
      "semi"
    ],
    "weight": 4,
  "movement_speed": {
    "base": 0.0,
    "aim": 0,
    "reload": 0.1
  },
    "burst_data": {
      "continuous_shoot": false,
      "count": 3,
      "bpm": 900,
      "min_interval": 0.3
    },
    "recoil": {
        "pitch": [
          {"time": 0, "value": [3, 3]},
          {"time": 0.07, "value": [2, 2]},
          {"time": 0.16, "value": [2.25, 2.25]},
          {"time": 0.24, "value": [1.55, 1.55]},
          {"time": 0.6, "value": [-0.5, -0.5]},
          {"time": 0.71, "value": [0.25, 0.25]},
          {"time": 0.83, "value": [0, 0]},
          {"time": 0.88, "value": [0, 0]}
        ],
        "yaw": [
          {"time": 0, "value": [-0.85, -0.85]},
          {"time": 0.08, "value": [0.7, 0.7]},
          {"time": 0.17, "value": [-0.35, -0.35]},
          {"time": 0.28, "value": [0.25, 0.25]},
          {"time": 0.5, "value": [0, 0]},
          {"time": 0.8, "value": [0, 0]}
        ]
    },
    "inaccuracy": {
      "stand": 6,
      "move": 5,
      "sneak": 2.5,
      "lie": 1.5,
      "aim": 0.15
    },

    "melee": {
     
      "distance": 1,
      
      "cooldown": 0.6,
      
      "default": {
        
        "animation_type": "melee_push",
        
        "distance": 0,
       
        "range_angle": 30,
        
        "damage": 2,
        
        "knockback": 0.5,
        
        "prep": 0.1
      }
    },
    "allow_attachment_types": [
      "scope",
      "grip",
      "laser",
      "muzzle",
      "extended_mag"
    ],
    "builtin_attachments": {
        "scope": "swb2:e5smj"
      },
    "exclusive_attachments": {
    }
  }