{
    "ammo": "swb2:1ammo",
    "rpm": 300,
    "bullet": {
      "life": 0.8,
      "bullet_amount": 1,
      "damage": 30,
      
      "extra_damage": {
        "armor_ignore": 0.5,
        "head_shot_multiplier": 1.8,
        "damage_adjust": [
          {"distance": 5, "damage": 30},
          {"distance": 20, "damage": 25},
          {"distance": 30, "damage": 15},
          {"distance": 40, "damage": 10},
          {"distance": "infinite", "damage": 4}
        ]
      },
      "speed": 200,
      "gravity": 0.098,
      "knockback": 0,
      "friction": 0.025,
      "ignite": false,
      "pierce": 1
    },
    "ammo_amount": 20,
    "extended_mag_ammo_amount": [
      25,
      30,
      35
    ],
    "bolt": "open_bolt",
    "reload": {
      "type": "fuel",
      "feed": {
        "empty": 2.5,
        "tactical": 1.5
      },
      "cooldown": {
        "empty": 3.2,
        "tactical": 1.77
      }
    },
    "draw_time": 0.32,
    "put_away_time": 0.35,
    "aim_time": 0.17,
    "sprint_time": 0.05,
    "weight": 1,
    "movement_speed": {
      "base": 0.0,
      "aim": 0,
      "reload": 0.1
    },
    
    "fire_mode": [
      "semi"
    ],
    "allow_attachment_types": [
      "scope",
      "muzzle",
      
      "laser",
      "extended_mag"
    ],
    "recoil": {
      "pitch": [
        {"time": 0, "value": [0.55, 0.55]},
        {"time": 0.35, "value": [0.55, 0.55]},
        {"time": 0.6, "value": [-0.175, -0.175]},
        {"time": 0.8, "value": [0.05, 0.05]},
        {"time": 1.0, "value": [0, 0]}
      ],
      "yaw": [
        {"time": 0, "value": [-0.2, 0.2]},
        {"time": 0.45, "value": [0, 0]}
      ]
    },
    "inaccuracy": {
      "stand": 2,
      "move": 2.5,
      "sneak": 1.5,
      "lie": 0.7,
      "aim": 0.2
    }
  }