{
    "ammo": "swb2:1ammo",
    "ammo_amount": 10,
    "extended_mag_ammo_amount": [
      15,
      20,
      25
    ],
    "bolt": "open_bolt",
    "rpm": 180,
    "bullet": {
      "life": 0.8,
      "bullet_amount": 1,
      "damage": 45,
      //"tracer_count_interval": 0,
      "extra_damage": {
        "armor_ignore": 0.8,
        "head_shot_multiplier": 2,
        "damage_adjust": [
          {"distance": 80, "damage": 45},
          {"distance": 160, "damage": 35},
          {"distance": "infinite", "damage": 25}
        ]
      },
      "speed": 500,
      "gravity": 0.05,
      "knockback": 0,
      "friction": 0.015,
      "ignite": false,
      "pierce": 1
    },
    "reload": {
      "type": "fuel",
      "feed": {
        "empty": 2.5,
        "tactical": 1.43
      },
      "cooldown": {
        "empty": 3.13,
        "tactical": 2.2
      }
    },
    "draw_time": 0.8,
    "put_away_time": 0.43,
    "aim_time": 0.2,
    "sprint_time": 0.2,
    "fire_mode": [
      "semi"
    ],
    "weight": 4,
  "movement_speed": {
    "base": 0.0,
    "aim": 0,
    "reload": 0.1
  },
    "burst_data": {
      "continuous_shoot": false,
      "count": 3,
      "bpm": 900,
      "min_interval": 0.3
    },
    "recoil": {
        "pitch": [
            {"time": 0, "value": [1.75, 1.75]},
            {"time": 0.05, "value": [1.75, 1.75]},
            {"time": 0.25, "value": [-0.35, -0.25]},
            {"time": 0.5, "value": [0, 0]},
            {"time": 0.7, "value": [0.15, 0.25]},
            {"time": 0.9, "value": [0, 0]}
          ],
          "yaw": [
            {"time": 0, "value": [-0.5, 0.35]},
            {"time": 0.05, "value": [-0.5, 0.35]},
            {"time": 0.25, "value": [0, 0]}
          ]
    },
    "inaccuracy": {
      "stand": 6,
      "move": 5,
      "sneak": 2.5,
      "lie": 1.5,
      "aim": 0.15
    },

    "melee": {
     
      "distance": 1,
      
      "cooldown": 0.6,
      
      "default": {
        
        "animation_type": "melee_push",
        
        "distance": 0,
       
        "range_angle": 30,
        
        "damage": 2,
        
        "knockback": 0.5,
        
        "prep": 0.1
      }
    },
    
    "allow_attachment_types": [
      "scope",
      "stock",
      "grip",
      "laser",
      "muzzle",
      "extended_mag"
    ],
    "exclusive_attachments": {
    }
  }