{
	"format_version": "1.12.0",
	"minecraft:geometry": [
		{
			"description": {
				"identifier": "geometry.scope_standard_8x - Converted",
				"texture_width": 512,
				"texture_height": 512,
				"visible_bounds_width": 22,
				"visible_bounds_height": 15,
				"visible_bounds_offset": [0, 0.5, 0]
			},
			"bones": [
				{
					"name": "scope_body",
					"pivot": [0, 7.575, 0.125]
				},
				{
					"name": "1_6",
					"parent": "scope_body",
					"pivot": [0, 0.6875, -0.1875]
				},
				{
					"name": "iron_sight_ring",
					"parent": "1_6",
					"pivot": [0, 0.6875, -0.1875],
					"cubes": [
						{
							"origin": [0.875, 1.1875, 2],
							"size": [0.25, 1.25, 0.375],
							"uv": {
								"north": {"uv": [30, 35], "uv_size": [1, 1]},
								"east": {"uv": [32, 35], "uv_size": [1, 1]},
								"south": {"uv": [35, 32], "uv_size": [1, 1]},
								"west": {"uv": [34, 35], "uv_size": [1, 1]}
							}
						},
						{
							"origin": [-1.125, 1.1875, 2],
							"size": [0.25, 1.25, 0.375],
							"uv": {
								"north": {"uv": [36, 0], "uv_size": [1, 1]},
								"east": {"uv": [2, 36], "uv_size": [1, 1]},
								"south": {"uv": [36, 4], "uv_size": [1, 1]},
								"west": {"uv": [36, 6], "uv_size": [1, 1]}
							}
						},
						{
							"origin": [-0.625, 0.6875, 2],
							"size": [1.25, 0.25, 0.375],
							"uv": {
								"north": {"uv": [36, 8], "uv_size": [1, 1]},
								"south": {"uv": [36, 10], "uv_size": [1, 1]},
								"up": {"uv": [12, 36], "uv_size": [1, 1]},
								"down": {"uv": [36, 13], "uv_size": [1, -1]}
							}
						},
						{
							"origin": [-0.625, 2.6875, 2],
							"size": [1.25, 0.25, 0.375],
							"uv": {
								"north": {"uv": [14, 36], "uv_size": [1, 1]},
								"south": {"uv": [16, 36], "uv_size": [1, 1]},
								"up": {"uv": [18, 36], "uv_size": [1, 1]},
								"down": {"uv": [20, 37], "uv_size": [1, -1]}
							}
						},
						{
							"origin": [-1.20136, 2.62186, 2],
							"size": [0.7071, 0.25, 0.375],
							"pivot": [-0.63886, 2.74686, 2.1875],
							"rotation": [0, 0, -45],
							"uv": {
								"north": {"uv": [36, 21], "uv_size": [1, 1]},
								"south": {"uv": [22, 36], "uv_size": [1, 1]},
								"up": {"uv": [27, 36], "uv_size": [1, 1]},
								"down": {"uv": [36, 31], "uv_size": [1, -1]}
							}
						},
						{
							"origin": [-1.04235, 0.46285, 2],
							"size": [0.7071, 0.25, 0.375],
							"pivot": [-0.47985, 2.58785, 2.1875],
							"rotation": [0, 0, -45],
							"uv": {
								"north": {"uv": [36, 34], "uv_size": [1, 1]},
								"south": {"uv": [36, 36], "uv_size": [1, 1]},
								"up": {"uv": [4, 37], "uv_size": [1, 1]},
								"down": {"uv": [6, 38], "uv_size": [1, -1]}
							}
						},
						{
							"origin": [0.98744, 1.45895, 2],
							"size": [0.25, 0.7071, 0.375],
							"pivot": [0, 1.8125, 2.1875],
							"rotation": [0, 0, -45],
							"uv": {
								"north": {"uv": [8, 37], "uv_size": [1, 1]},
								"east": {"uv": [10, 37], "uv_size": [1, 1]},
								"south": {"uv": [37, 16], "uv_size": [1, 1]},
								"west": {"uv": [37, 18], "uv_size": [1, 1]}
							}
						},
						{
							"origin": [-1.23744, 1.45895, 2],
							"size": [0.25, 0.7071, 0.375],
							"pivot": [0, 1.8125, 2.1875],
							"rotation": [0, 0, -45],
							"uv": {
								"north": {"uv": [37, 23], "uv_size": [1, 1]},
								"east": {"uv": [37, 25], "uv_size": [1, 1]},
								"south": {"uv": [37, 27], "uv_size": [1, 1]},
								"west": {"uv": [29, 37], "uv_size": [1, 1]}
							}
						}
					]
				},
				{
					"name": "octagon",
					"parent": "iron_sight_ring",
					"pivot": [0, 0.6875, -0.1875]
				},
				{
					"name": "rear_lens",
					"parent": "1_6",
					"pivot": [0.5, 1.25, 2.8125]
				},
				{
					"name": "rear_scope",
					"parent": "1_6",
					"pivot": [0, 0.6875, -0.1875]
				},
				{
					"name": "octagon9",
					"parent": "rear_scope",
					"pivot": [0, 0.6875, -0.1875],
					"cubes": [
						{
							"origin": [-1.09375, 1.35945, -0.625],
							"size": [0.125, 0.9061, 0.75],
							"uv": {
								"north": {"uv": [31, 37], "uv_size": [1, 1]},
								"east": {"uv": [37, 32], "uv_size": [1, 1]},
								"south": {"uv": [33, 37], "uv_size": [1, 1]}
							}
						},
						{
							"origin": [-0.45305, 0.71875, -0.625],
							"size": [0.9061, 0.125, 0.75],
							"pivot": [0, 1.8125, -0.25],
							"rotation": [0, 0, 45],
							"uv": {
								"north": {"uv": [0, 38], "uv_size": [1, 1]},
								"south": {"uv": [38, 0], "uv_size": [1, 1]},
								"down": {"uv": [2, 39], "uv_size": [1, -1]}
							}
						},
						{
							"origin": [0.96875, 1.35945, -0.625],
							"size": [0.125, 0.9061, 0.75],
							"uv": {
								"north": {"uv": [38, 2], "uv_size": [1, 1]},
								"south": {"uv": [38, 4], "uv_size": [1, 1]},
								"west": {"uv": [38, 6], "uv_size": [1, 1]}
							}
						},
						{
							"origin": [-0.45305, 2.78125, -0.625],
							"size": [0.9061, 0.125, 0.75],
							"pivot": [0, 1.8125, -0.25],
							"rotation": [0, 0, 45],
							"uv": {
								"north": {"uv": [38, 8], "uv_size": [1, 1]},
								"south": {"uv": [38, 10], "uv_size": [1, 1]},
								"up": {"uv": [12, 38], "uv_size": [1, 1]}
							}
						},
						{
							"origin": [-0.45305, 0.71875, -0.625],
							"size": [0.9061, 0.125, 0.75],
							"uv": {
								"north": {"uv": [38, 12], "uv_size": [1, 1]},
								"south": {"uv": [14, 38], "uv_size": [1, 1]},
								"down": {"uv": [38, 15], "uv_size": [1, -1]}
							}
						},
						{
							"origin": [0.96875, 1.35945, -0.625],
							"size": [0.125, 0.9061, 0.75],
							"pivot": [0, 1.8125, -0.25],
							"rotation": [0, 0, 45],
							"uv": {
								"north": {"uv": [16, 38], "uv_size": [1, 1]},
								"south": {"uv": [18, 38], "uv_size": [1, 1]},
								"west": {"uv": [20, 38], "uv_size": [1, 1]}
							}
						},
						{
							"origin": [-0.45305, 2.78125, -0.625],
							"size": [0.9061, 0.125, 0.75],
							"uv": {
								"north": {"uv": [38, 20], "uv_size": [1, 1]},
								"south": {"uv": [22, 38], "uv_size": [1, 1]},
								"up": {"uv": [24, 38], "uv_size": [1, 1]}
							}
						},
						{
							"origin": [-1.09375, 1.35945, -0.625],
							"size": [0.125, 0.9061, 0.75],
							"pivot": [0, 1.8125, -0.25],
							"rotation": [0, 0, 45],
							"uv": {
								"north": {"uv": [26, 38], "uv_size": [1, 1]},
								"east": {"uv": [38, 29], "uv_size": [1, 1]},
								"south": {"uv": [38, 34], "uv_size": [1, 1]}
							}
						}
					]
				},
				{
					"name": "hexadecagon5",
					"parent": "rear_scope",
					"pivot": [0, 0.6875, -0.1875],
					"cubes": [
						{
							"origin": [-0.21134, 0.75, -0.9375],
							"size": [0.42268, 0.1875, 3.375],
							"pivot": [0, 1.8125, 1.4375],
							"rotation": [0, 0, -45],
							"uv": {
								"north": {"uv": [35, 38], "uv_size": [1, 1]},
								"south": {"uv": [38, 36], "uv_size": [1, 1]},
								"up": {"uv": [6, 22], "uv_size": [1, 3]},
								"down": {"uv": [8, 25], "uv_size": [1, -3]}
							}
						},
						{
							"origin": [-0.21134, 0.75, -0.9375],
							"size": [0.42268, 0.1875, 3.375],
							"pivot": [0, 1.8125, 1.4375],
							"rotation": [0, 0, -22.5],
							"uv": {
								"north": {"uv": [37, 38], "uv_size": [1, 1]},
								"south": {"uv": [4, 39], "uv_size": [1, 1]},
								"up": {"uv": [10, 22], "uv_size": [1, 3]},
								"down": {"uv": [12, 25], "uv_size": [1, -3]}
							}
						},
						{
							"origin": [-0.21134, 0.75, -0.9375],
							"size": [0.42268, 0.1875, 3.375],
							"uv": {
								"north": {"uv": [6, 39], "uv_size": [1, 1]},
								"south": {"uv": [8, 39], "uv_size": [1, 1]},
								"up": {"uv": [14, 22], "uv_size": [1, 3]},
								"down": {"uv": [16, 25], "uv_size": [1, -3]}
							}
						},
						{
							"origin": [-0.21134, 0.75, -0.9375],
							"size": [0.42268, 0.1875, 3.375],
							"pivot": [0, 1.8125, 1.4375],
							"rotation": [0, 0, 22.5],
							"uv": {
								"north": {"uv": [10, 39], "uv_size": [1, 1]},
								"south": {"uv": [39, 16], "uv_size": [1, 1]},
								"up": {"uv": [22, 16], "uv_size": [1, 3]},
								"down": {"uv": [22, 23], "uv_size": [1, -3]}
							}
						},
						{
							"origin": [-0.21134, 0.75, -0.9375],
							"size": [0.42268, 0.1875, 3.375],
							"pivot": [0, 1.8125, 1.4375],
							"rotation": [0, 0, 45],
							"uv": {
								"north": {"uv": [39, 18], "uv_size": [1, 1]},
								"south": {"uv": [39, 22], "uv_size": [1, 1]},
								"up": {"uv": [0, 24], "uv_size": [1, 3]},
								"down": {"uv": [2, 27], "uv_size": [1, -3]}
							}
						},
						{
							"origin": [-0.21134, 2.6875, -0.9375],
							"size": [0.42268, 0.1875, 3.375],
							"pivot": [0, 1.8125, 1.4375],
							"rotation": [0, 0, -45],
							"uv": {
								"north": {"uv": [39, 24], "uv_size": [1, 1]},
								"south": {"uv": [39, 26], "uv_size": [1, 1]},
								"up": {"uv": [4, 24], "uv_size": [1, 3]},
								"down": {"uv": [24, 11], "uv_size": [1, -3]}
							}
						},
						{
							"origin": [-0.21134, 2.6875, -0.9375],
							"size": [0.42268, 0.1875, 3.375],
							"pivot": [0, 1.8125, 1.4375],
							"rotation": [0, 0, -22.5],
							"uv": {
								"north": {"uv": [28, 39], "uv_size": [1, 1]},
								"south": {"uv": [30, 39], "uv_size": [1, 1]},
								"up": {"uv": [24, 12], "uv_size": [1, 3]},
								"down": {"uv": [24, 19], "uv_size": [1, -3]}
							}
						},
						{
							"origin": [-0.21134, 2.6875, -0.9375],
							"size": [0.42268, 0.1875, 3.375],
							"uv": {
								"north": {"uv": [39, 31], "uv_size": [1, 1]},
								"south": {"uv": [32, 39], "uv_size": [1, 1]},
								"up": {"uv": [24, 20], "uv_size": [1, 3]},
								"down": {"uv": [22, 27], "uv_size": [1, -3]}
							}
						},
						{
							"origin": [-0.21134, 2.6875, -0.9375],
							"size": [0.42268, 0.1875, 3.375],
							"pivot": [0, 1.8125, 1.4375],
							"rotation": [0, 0, 22.5],
							"uv": {
								"north": {"uv": [39, 38], "uv_size": [1, 1]},
								"south": {"uv": [0, 40], "uv_size": [1, 1]},
								"up": {"uv": [24, 24], "uv_size": [1, 3]},
								"down": {"uv": [26, 3], "uv_size": [1, -3]}
							}
						},
						{
							"origin": [-0.21134, 2.6875, -0.9375],
							"size": [0.42268, 0.1875, 3.375],
							"pivot": [0, 1.8125, 1.4375],
							"rotation": [0, 0, 45],
							"uv": {
								"north": {"uv": [40, 0], "uv_size": [1, 1]},
								"south": {"uv": [2, 40], "uv_size": [1, 1]},
								"up": {"uv": [26, 4], "uv_size": [1, 3]},
								"down": {"uv": [6, 29], "uv_size": [1, -3]}
							}
						},
						{
							"origin": [0.875, 1.60116, -0.9375],
							"size": [0.1875, 0.42268, 3.375],
							"pivot": [0, 1.8125, 1.4375],
							"rotation": [0, 0, -22.5],
							"uv": {
								"north": {"uv": [40, 2], "uv_size": [1, 1]},
								"east": {"uv": [8, 26], "uv_size": [3, 1]},
								"south": {"uv": [40, 4], "uv_size": [1, 1]},
								"west": {"uv": [26, 8], "uv_size": [3, 1]}
							}
						},
						{
							"origin": [0.875, 1.60116, -0.9375],
							"size": [0.1875, 0.42268, 3.375],
							"uv": {
								"north": {"uv": [40, 6], "uv_size": [1, 1]},
								"east": {"uv": [26, 10], "uv_size": [3, 1]},
								"south": {"uv": [40, 8], "uv_size": [1, 1]},
								"west": {"uv": [12, 26], "uv_size": [3, 1]}
							}
						},
						{
							"origin": [0.875, 1.60116, -0.9375],
							"size": [0.1875, 0.42268, 3.375],
							"pivot": [0, 1.8125, 1.4375],
							"rotation": [0, 0, 22.5],
							"uv": {
								"north": {"uv": [40, 10], "uv_size": [1, 1]},
								"east": {"uv": [26, 12], "uv_size": [3, 1]},
								"south": {"uv": [12, 40], "uv_size": [1, 1]},
								"west": {"uv": [26, 14], "uv_size": [3, 1]}
							}
						},
						{
							"origin": [-1.0625, 1.60116, -0.9375],
							"size": [0.1875, 0.42268, 3.375],
							"pivot": [0, 1.8125, 1.4375],
							"rotation": [0, 0, -22.5],
							"uv": {
								"north": {"uv": [40, 12], "uv_size": [1, 1]},
								"east": {"uv": [16, 26], "uv_size": [3, 1]},
								"south": {"uv": [14, 40], "uv_size": [1, 1]},
								"west": {"uv": [26, 16], "uv_size": [3, 1]}
							}
						},
						{
							"origin": [-1.0625, 1.60116, -0.9375],
							"size": [0.1875, 0.42268, 3.375],
							"uv": {
								"north": {"uv": [40, 14], "uv_size": [1, 1]},
								"east": {"uv": [26, 18], "uv_size": [3, 1]},
								"south": {"uv": [16, 40], "uv_size": [1, 1]},
								"west": {"uv": [26, 20], "uv_size": [3, 1]}
							}
						},
						{
							"origin": [-1.0625, 1.60116, -0.9375],
							"size": [0.1875, 0.42268, 3.375],
							"pivot": [0, 1.8125, 1.4375],
							"rotation": [0, 0, 22.5],
							"uv": {
								"north": {"uv": [18, 40], "uv_size": [1, 1]},
								"east": {"uv": [26, 22], "uv_size": [3, 1]},
								"south": {"uv": [20, 40], "uv_size": [1, 1]},
								"west": {"uv": [26, 24], "uv_size": [3, 1]}
							}
						},
						{
							"origin": [-0.18648, 0.875, 2.4375],
							"size": [0.37296, 0.0625, 0.25],
							"pivot": [0, 1.8125, 2.1875],
							"rotation": [0, 0, -45],
							"uv": {
								"up": {"uv": [40, 20], "uv_size": [1, 1]},
								"down": {"uv": [22, 41], "uv_size": [1, -1]}
							}
						},
						{
							"origin": [-0.18648, 0.875, 2.4375],
							"size": [0.37296, 0.0625, 0.25],
							"pivot": [0, 1.8125, 2.1875],
							"rotation": [0, 0, -22.5],
							"uv": {
								"up": {"uv": [24, 40], "uv_size": [1, 1]},
								"down": {"uv": [26, 41], "uv_size": [1, -1]}
							}
						},
						{
							"origin": [-0.18648, 0.875, 2.4375],
							"size": [0.37296, 0.0625, 0.25],
							"uv": {
								"up": {"uv": [40, 28], "uv_size": [1, 1]},
								"down": {"uv": [40, 34], "uv_size": [1, -1]}
							}
						},
						{
							"origin": [-0.18648, 0.875, 2.4375],
							"size": [0.37296, 0.0625, 0.25],
							"pivot": [0, 1.8125, 2.1875],
							"rotation": [0, 0, 22.5],
							"uv": {
								"up": {"uv": [34, 40], "uv_size": [1, 1]},
								"down": {"uv": [40, 36], "uv_size": [1, -1]}
							}
						},
						{
							"origin": [-0.18648, 0.875, 2.4375],
							"size": [0.37296, 0.0625, 0.25],
							"pivot": [0, 1.8125, 2.1875],
							"rotation": [0, 0, 45],
							"uv": {
								"up": {"uv": [36, 40], "uv_size": [1, 1]},
								"down": {"uv": [38, 41], "uv_size": [1, -1]}
							}
						},
						{
							"origin": [-0.18648, 2.6875, 2.4375],
							"size": [0.37296, 0.0625, 0.25],
							"pivot": [0, 1.8125, 2.1875],
							"rotation": [0, 0, -45],
							"uv": {
								"up": {"uv": [40, 40], "uv_size": [1, 1]},
								"down": {"uv": [4, 42], "uv_size": [1, -1]}
							}
						},
						{
							"origin": [-0.18648, 2.6875, 2.4375],
							"size": [0.37296, 0.0625, 0.25],
							"pivot": [0, 1.8125, 2.1875],
							"rotation": [0, 0, -22.5],
							"uv": {
								"up": {"uv": [6, 41], "uv_size": [1, 1]},
								"down": {"uv": [8, 42], "uv_size": [1, -1]}
							}
						},
						{
							"origin": [-0.18648, 2.6875, 2.4375],
							"size": [0.37296, 0.0625, 0.25],
							"uv": {
								"up": {"uv": [10, 41], "uv_size": [1, 1]},
								"down": {"uv": [41, 17], "uv_size": [1, -1]}
							}
						},
						{
							"origin": [-0.18648, 2.6875, 2.4375],
							"size": [0.37296, 0.0625, 0.25],
							"pivot": [0, 1.8125, 2.1875],
							"rotation": [0, 0, 22.5],
							"uv": {
								"up": {"uv": [41, 18], "uv_size": [1, 1]},
								"down": {"uv": [41, 23], "uv_size": [1, -1]}
							}
						},
						{
							"origin": [-0.18648, 2.6875, 2.4375],
							"size": [0.37296, 0.0625, 0.25],
							"pivot": [0, 1.8125, 2.1875],
							"rotation": [0, 0, 45],
							"uv": {
								"up": {"uv": [41, 24], "uv_size": [1, 1]},
								"down": {"uv": [41, 27], "uv_size": [1, -1]}
							}
						},
						{
							"origin": [0.875, 1.62602, 2.4375],
							"size": [0.0625, 0.37296, 0.25],
							"pivot": [0, 1.8125, 2.1875],
							"rotation": [0, 0, -22.5],
							"uv": {
								"east": {"uv": [28, 41], "uv_size": [1, 1]},
								"west": {"uv": [30, 41], "uv_size": [1, 1]}
							}
						},
						{
							"origin": [0.875, 1.62602, 2.4375],
							"size": [0.0625, 0.37296, 0.25],
							"uv": {
								"east": {"uv": [41, 30], "uv_size": [1, 1]},
								"west": {"uv": [32, 41], "uv_size": [1, 1]}
							}
						},
						{
							"origin": [0.875, 1.62602, 2.4375],
							"size": [0.0625, 0.37296, 0.25],
							"pivot": [0, 1.8125, 2.1875],
							"rotation": [0, 0, 22.5],
							"uv": {
								"east": {"uv": [41, 37], "uv_size": [1, 1]},
								"west": {"uv": [0, 42], "uv_size": [1, 1]}
							}
						},
						{
							"origin": [-0.9375, 1.62602, 2.4375],
							"size": [0.0625, 0.37296, 0.25],
							"pivot": [0, 1.8125, 2.1875],
							"rotation": [0, 0, -22.5],
							"uv": {
								"east": {"uv": [42, 0], "uv_size": [1, 1]},
								"west": {"uv": [2, 42], "uv_size": [1, 1]}
							}
						},
						{
							"origin": [-0.9375, 1.62602, 2.4375],
							"size": [0.0625, 0.37296, 0.25],
							"uv": {
								"east": {"uv": [42, 2], "uv_size": [1, 1]},
								"west": {"uv": [42, 4], "uv_size": [1, 1]}
							}
						},
						{
							"origin": [-0.9375, 1.62602, 2.4375],
							"size": [0.0625, 0.37296, 0.25],
							"pivot": [0, 1.8125, 2.1875],
							"rotation": [0, 0, 22.5],
							"uv": {
								"east": {"uv": [42, 6], "uv_size": [1, 1]},
								"west": {"uv": [42, 8], "uv_size": [1, 1]}
							}
						}
					]
				},
				{
					"name": "knob",
					"parent": "1_6",
					"pivot": [0, 0.6875, -0.1875]
				},
				{
					"name": "octagon8",
					"parent": "knob",
					"pivot": [-1.4375, 0.6875, -0.1875],
					"cubes": [
						{
							"origin": [-0.31066, 2.75, -4.5625],
							"size": [0.62132, 0.375, 1.5],
							"pivot": [0, 2.75, -3.8125],
							"rotation": [0, -45, 0],
							"uv": {
								"north": {"uv": [42, 10], "uv_size": [1, 1]},
								"south": {"uv": [12, 42], "uv_size": [1, 1]},
								"up": {"uv": [28, 0], "uv_size": [1, 2]},
								"down": {"uv": [28, 5], "uv_size": [1, -2]}
							}
						},
						{
							"origin": [-0.31066, 2.75, -4.5625],
							"size": [0.62132, 0.375, 1.5],
							"uv": {
								"north": {"uv": [42, 12], "uv_size": [1, 1]},
								"south": {"uv": [14, 42], "uv_size": [1, 1]},
								"up": {"uv": [4, 28], "uv_size": [1, 2]},
								"down": {"uv": [8, 30], "uv_size": [1, -2]}
							}
						},
						{
							"origin": [-0.75, 2.75, -4.12316],
							"size": [1.5, 0.375, 0.62132],
							"pivot": [0, 2.75, -3.8125],
							"rotation": [0, -45, 0],
							"uv": {
								"east": {"uv": [42, 14], "uv_size": [1, 1]},
								"west": {"uv": [16, 42], "uv_size": [1, 1]},
								"up": {"uv": [28, 6], "uv_size": [2, 1]},
								"down": {"uv": [10, 29], "uv_size": [2, -1]}
							}
						},
						{
							"origin": [-0.75, 2.75, -4.12316],
							"size": [1.5, 0.375, 0.62132],
							"uv": {
								"east": {"uv": [18, 42], "uv_size": [1, 1]},
								"west": {"uv": [20, 42], "uv_size": [1, 1]},
								"up": {"uv": [13, 28], "uv_size": [2, 1]},
								"down": {"uv": [16, 29], "uv_size": [2, -1]}
							}
						}
					]
				},
				{
					"name": "octagon7",
					"parent": "knob",
					"pivot": [0, 0.6875, -0.1875],
					"cubes": [
						{
							"origin": [0.9375, 1.0625, -4.12316],
							"size": [0.375, 1.5, 0.62132],
							"uv": {
								"east": {"uv": [22, 28], "uv_size": [1, 2]},
								"west": {"uv": [24, 28], "uv_size": [1, 2]},
								"up": {"uv": [42, 20], "uv_size": [1, 1]},
								"down": {"uv": [22, 43], "uv_size": [1, -1]}
							}
						},
						{
							"origin": [0.9375, 1.50184, -4.5625],
							"size": [0.375, 0.62132, 1.5],
							"pivot": [1.125, 1.8125, -3.8125],
							"rotation": [-45, 0, 0],
							"uv": {
								"north": {"uv": [24, 42], "uv_size": [1, 1]},
								"east": {"uv": [26, 28], "uv_size": [2, 1]},
								"south": {"uv": [26, 42], "uv_size": [1, 1]},
								"west": {"uv": [29, 28], "uv_size": [2, 1]}
							}
						},
						{
							"origin": [0.9375, 1.50184, -4.5625],
							"size": [0.375, 0.62132, 1.5],
							"uv": {
								"north": {"uv": [42, 28], "uv_size": [1, 1]},
								"east": {"uv": [0, 30], "uv_size": [2, 1]},
								"south": {"uv": [42, 32], "uv_size": [1, 1]},
								"west": {"uv": [30, 0], "uv_size": [2, 1]}
							}
						},
						{
							"origin": [0.9375, 1.0625, -4.12316],
							"size": [0.375, 1.5, 0.62132],
							"pivot": [1.125, 1.8125, -3.8125],
							"rotation": [-45, 0, 0],
							"uv": {
								"east": {"uv": [30, 2], "uv_size": [1, 2]},
								"west": {"uv": [6, 30], "uv_size": [1, 2]},
								"up": {"uv": [34, 42], "uv_size": [1, 1]},
								"down": {"uv": [42, 35], "uv_size": [1, -1]}
							}
						}
					]
				},
				{
					"name": "octagon6",
					"parent": "knob",
					"pivot": [0, 0.6875, -0.1875],
					"cubes": [
						{
							"origin": [-1.3125, 1.50184, -4.5625],
							"size": [0.375, 0.62132, 1.5],
							"uv": {
								"north": {"uv": [36, 42], "uv_size": [1, 1]},
								"east": {"uv": [30, 8], "uv_size": [2, 1]},
								"south": {"uv": [38, 42], "uv_size": [1, 1]},
								"west": {"uv": [10, 30], "uv_size": [2, 1]}
							}
						},
						{
							"origin": [-1.3125, 1.50184, -4.5625],
							"size": [0.375, 0.62132, 1.5],
							"pivot": [-1.125, 1.8125, -3.8125],
							"rotation": [45, 0, 0],
							"uv": {
								"north": {"uv": [42, 39], "uv_size": [1, 1]},
								"east": {"uv": [30, 10], "uv_size": [2, 1]},
								"south": {"uv": [40, 42], "uv_size": [1, 1]},
								"west": {"uv": [30, 12], "uv_size": [2, 1]}
							}
						},
						{
							"origin": [-1.3125, 1.0625, -4.12316],
							"size": [0.375, 1.5, 0.62132],
							"uv": {
								"east": {"uv": [13, 30], "uv_size": [1, 2]},
								"west": {"uv": [30, 14], "uv_size": [1, 2]},
								"up": {"uv": [42, 41], "uv_size": [1, 1]},
								"down": {"uv": [4, 44], "uv_size": [1, -1]}
							}
						},
						{
							"origin": [-1.3125, 1.0625, -4.12316],
							"size": [0.375, 1.5, 0.62132],
							"pivot": [-1.125, 1.8125, -3.8125],
							"rotation": [45, 0, 0],
							"uv": {
								"east": {"uv": [15, 30], "uv_size": [1, 2]},
								"west": {"uv": [17, 30], "uv_size": [1, 2]},
								"up": {"uv": [6, 43], "uv_size": [1, 1]},
								"down": {"uv": [8, 44], "uv_size": [1, -1]}
							}
						}
					]
				},
				{
					"name": "mount",
					"parent": "1_6",
					"pivot": [0, 0.6875, -0.1875]
				},
				{
					"name": "group",
					"parent": "mount",
					"pivot": [0.16854, -0.33774, 6.0625],
					"cubes": [
						{
							"origin": [-0.375, 0.3125, -5.8125],
							"size": [0.75, 0.25, 4.625],
							"uv": {
								"east": {"uv": [6, 20], "uv_size": [5, 1]},
								"west": {"uv": [12, 20], "uv_size": [5, 1]},
								"up": {"uv": [18, 20], "uv_size": [1, 5]},
								"down": {"uv": [20, 25], "uv_size": [1, -5]}
							}
						},
						{
							"origin": [-0.375, 0.44378, -5.18306],
							"size": [0.75, 0.35355, 0.25],
							"pivot": [0, 0.29733, -5.05806],
							"rotation": [45, 0, 0],
							"uv": {
								"east": {"uv": [10, 43], "uv_size": [1, 1]},
								"south": {"uv": [43, 16], "uv_size": [1, 1]},
								"west": {"uv": [43, 18], "uv_size": [1, 1]}
							}
						},
						{
							"origin": [-0.375, 0.44378, -5.74556],
							"size": [0.75, 0.35355, 0.25],
							"pivot": [0, 0.29733, -5.62056],
							"rotation": [45, 0, 0],
							"uv": {
								"north": {"uv": [43, 22], "uv_size": [1, 1]},
								"east": {"uv": [43, 24], "uv_size": [1, 1]},
								"west": {"uv": [43, 26], "uv_size": [1, 1]}
							}
						},
						{
							"origin": [-0.375, 0.40089, -2.46339],
							"size": [0.75, 0.25, 0.29106],
							"pivot": [0, 0.52589, -2.34911],
							"rotation": [45, 0, 0],
							"uv": {
								"east": {"uv": [28, 43], "uv_size": [1, 1]},
								"west": {"uv": [30, 43], "uv_size": [1, 1]},
								"up": {"uv": [43, 30], "uv_size": [1, 1]}
							}
						},
						{
							"origin": [-0.375, 0.13966, -4.60965],
							"size": [0.75, 0.25, 0.60355],
							"pivot": [0, 0.26466, -4.18287],
							"rotation": [-22.5, 0, 0],
							"uv": {
								"east": {"uv": [32, 43], "uv_size": [1, 1]},
								"south": {"uv": [43, 36], "uv_size": [1, 1]},
								"west": {"uv": [42, 43], "uv_size": [1, 1]},
								"down": {"uv": [0, 45], "uv_size": [1, -1]}
							}
						},
						{
							"origin": [-0.375, 0, -3.3125],
							"size": [0.75, 0.3125, 2.5],
							"uv": {
								"north": {"uv": [2, 44], "uv_size": [1, 1]},
								"east": {"uv": [26, 26], "uv_size": [3, 1]},
								"west": {"uv": [0, 28], "uv_size": [3, 1]},
								"down": {"uv": [20, 29], "uv_size": [1, -3]}
							}
						},
						{
							"origin": [-0.375, 0.20216, -1.76293],
							"size": [0.75, 0.25, 1.10355],
							"pivot": [0, 0.32716, -0.89866],
							"rotation": [-22.5, 0, 0],
							"uv": {
								"east": {"uv": [44, 2], "uv_size": [1, 1]},
								"west": {"uv": [44, 4], "uv_size": [1, 1]},
								"up": {"uv": [44, 6], "uv_size": [1, 1]}
							}
						}
					]
				},
				{
					"name": "group6",
					"parent": "group",
					"pivot": [-0.16096, -1.45646, 6.0625]
				},
				{
					"name": "group5",
					"parent": "mount",
					"pivot": [-0.16096, -1.45646, 6.0625],
					"cubes": [
						{
							"origin": [-0.625, -0.3125, -4.0625],
							"size": [1.25, 0.5, 0.75],
							"uv": {
								"north": {"uv": [44, 8], "uv_size": [1, 1]},
								"east": {"uv": [44, 10], "uv_size": [1, 1]},
								"south": {"uv": [12, 44], "uv_size": [1, 1]},
								"west": {"uv": [44, 12], "uv_size": [1, 1]},
								"up": {"uv": [14, 44], "uv_size": [1, 1]},
								"down": {"uv": [44, 15], "uv_size": [1, -1]}
							}
						},
						{
							"origin": [0.53596, -0.23771, -4.0625],
							"size": [0.1875, 0.42678, 0.75],
							"pivot": [0.16096, -0.14396, -4.0625],
							"rotation": [0, 0, -45],
							"uv": {
								"north": {"uv": [16, 44], "uv_size": [1, 1]},
								"east": {"uv": [18, 44], "uv_size": [1, 1]},
								"south": {"uv": [20, 44], "uv_size": [1, 1]},
								"west": {"uv": [44, 20], "uv_size": [1, 1]}
							}
						},
						{
							"origin": [-0.72346, -0.23771, -4.0625],
							"size": [0.1875, 0.42678, 0.75],
							"pivot": [-0.16096, -0.14396, -4.0625],
							"rotation": [0, 0, 45],
							"uv": {
								"north": {"uv": [22, 44], "uv_size": [1, 1]},
								"east": {"uv": [24, 44], "uv_size": [1, 1]},
								"south": {"uv": [26, 44], "uv_size": [1, 1]},
								"west": {"uv": [44, 28], "uv_size": [1, 1]}
							}
						},
						{
							"origin": [-0.72346, -0.23771, -0.8125],
							"size": [0.1875, 0.35356, 0.75],
							"pivot": [-0.16096, -0.14396, -1.0625],
							"rotation": [0, 0, 45],
							"uv": {
								"north": {"uv": [44, 32], "uv_size": [1, 1]},
								"east": {"uv": [34, 44], "uv_size": [1, 1]},
								"south": {"uv": [44, 34], "uv_size": [1, 1]}
							}
						},
						{
							"origin": [0.53596, -0.23771, -0.8125],
							"size": [0.1875, 0.35356, 0.75],
							"pivot": [0.16096, -0.14396, -1.0625],
							"rotation": [0, 0, -45],
							"uv": {
								"north": {"uv": [36, 44], "uv_size": [1, 1]},
								"south": {"uv": [38, 44], "uv_size": [1, 1]},
								"west": {"uv": [44, 38], "uv_size": [1, 1]}
							}
						},
						{
							"origin": [-0.625, -0.3125, -0.8125],
							"size": [1.25, 0.5, 0.75],
							"uv": {
								"north": {"uv": [40, 44], "uv_size": [1, 1]},
								"east": {"uv": [44, 40], "uv_size": [1, 1]},
								"south": {"uv": [44, 42], "uv_size": [1, 1]},
								"west": {"uv": [44, 44], "uv_size": [1, 1]},
								"down": {"uv": [4, 46], "uv_size": [1, -1]}
							}
						},
						{
							"origin": [-0.375, 0.1875, -0.8125],
							"size": [0.75, 0.25, 0.75],
							"uv": {
								"north": {"uv": [6, 45], "uv_size": [1, 1]},
								"south": {"uv": [8, 45], "uv_size": [1, 1]},
								"up": {"uv": [10, 45], "uv_size": [1, 1]}
							}
						}
					]
				},
				{
					"name": "screw",
					"parent": "1_6",
					"pivot": [0, 0.6875, -0.1875],
					"cubes": [
						{
							"origin": [-0.6875, -0.1875, -0.5625],
							"size": [1.4375, 0.25, 0.25],
							"pivot": [0.25, -0.0625, -0.4375],
							"rotation": [45, 0, 0],
							"uv": {
								"north": {"uv": [45, 16], "uv_size": [1, 1]},
								"east": {"uv": [45, 18], "uv_size": [1, 1]},
								"south": {"uv": [45, 22], "uv_size": [1, 1]},
								"west": {"uv": [45, 24], "uv_size": [1, 1]},
								"up": {"uv": [45, 26], "uv_size": [1, 1]},
								"down": {"uv": [28, 46], "uv_size": [1, -1]}
							}
						},
						{
							"origin": [-0.6875, -0.1875, -3.8125],
							"size": [1.4375, 0.25, 0.25],
							"pivot": [0.25, -0.0625, -3.6875],
							"rotation": [45, 0, 0],
							"uv": {
								"north": {"uv": [30, 45], "uv_size": [1, 1]},
								"east": {"uv": [45, 30], "uv_size": [1, 1]},
								"south": {"uv": [32, 45], "uv_size": [1, 1]},
								"west": {"uv": [45, 36], "uv_size": [1, 1]},
								"up": {"uv": [42, 45], "uv_size": [1, 1]},
								"down": {"uv": [0, 47], "uv_size": [1, -1]}
							}
						}
					]
				},
				{
					"name": "octagon5",
					"parent": "screw",
					"pivot": [0, 0.6875, -0.1875],
					"cubes": [
						{
							"origin": [0.75, -0.21783, -0.8125],
							"size": [0.25, 0.31066, 0.75],
							"pivot": [0.5, -0.0625, -0.4375],
							"rotation": [-45, 0, 0],
							"uv": {
								"north": {"uv": [46, 0], "uv_size": [1, 1]},
								"east": {"uv": [2, 46], "uv_size": [1, 1]},
								"south": {"uv": [46, 2], "uv_size": [1, 1]},
								"west": {"uv": [46, 4], "uv_size": [1, 1]}
							}
						},
						{
							"origin": [0.75, -0.21783, -0.8125],
							"size": [0.25, 0.31066, 0.75],
							"uv": {
								"north": {"uv": [46, 6], "uv_size": [1, 1]},
								"east": {"uv": [46, 8], "uv_size": [1, 1]},
								"south": {"uv": [46, 10], "uv_size": [1, 1]},
								"west": {"uv": [12, 46], "uv_size": [1, 1]}
							}
						},
						{
							"origin": [0.75, -0.4375, -0.59283],
							"size": [0.25, 0.75, 0.31066],
							"pivot": [0.5, -0.0625, -0.4375],
							"rotation": [-45, 0, 0],
							"uv": {
								"east": {"uv": [46, 12], "uv_size": [1, 1]},
								"west": {"uv": [14, 46], "uv_size": [1, 1]},
								"up": {"uv": [46, 14], "uv_size": [1, 1]},
								"down": {"uv": [16, 47], "uv_size": [1, -1]}
							}
						},
						{
							"origin": [0.75, -0.4375, -0.59283],
							"size": [0.25, 0.75, 0.31066],
							"uv": {
								"east": {"uv": [18, 46], "uv_size": [1, 1]},
								"west": {"uv": [20, 46], "uv_size": [1, 1]},
								"up": {"uv": [46, 20], "uv_size": [1, 1]},
								"down": {"uv": [22, 47], "uv_size": [1, -1]}
							}
						}
					]
				},
				{
					"name": "octagon4",
					"parent": "screw",
					"pivot": [0, 0.6875, -0.1875],
					"cubes": [
						{
							"origin": [0.75, -0.21783, -4.0625],
							"size": [0.25, 0.31066, 0.75],
							"pivot": [0.5, -0.0625, -3.6875],
							"rotation": [-45, 0, 0],
							"uv": {
								"north": {"uv": [24, 46], "uv_size": [1, 1]},
								"east": {"uv": [26, 46], "uv_size": [1, 1]},
								"south": {"uv": [46, 28], "uv_size": [1, 1]},
								"west": {"uv": [46, 32], "uv_size": [1, 1]}
							}
						},
						{
							"origin": [0.75, -0.21783, -4.0625],
							"size": [0.25, 0.31066, 0.75],
							"uv": {
								"north": {"uv": [34, 46], "uv_size": [1, 1]},
								"east": {"uv": [46, 34], "uv_size": [1, 1]},
								"south": {"uv": [36, 46], "uv_size": [1, 1]},
								"west": {"uv": [38, 46], "uv_size": [1, 1]}
							}
						},
						{
							"origin": [0.75, -0.4375, -3.84283],
							"size": [0.25, 0.75, 0.31066],
							"pivot": [0.5, -0.0625, -3.6875],
							"rotation": [-45, 0, 0],
							"uv": {
								"east": {"uv": [46, 38], "uv_size": [1, 1]},
								"west": {"uv": [40, 46], "uv_size": [1, 1]},
								"up": {"uv": [46, 40], "uv_size": [1, 1]},
								"down": {"uv": [46, 43], "uv_size": [1, -1]}
							}
						},
						{
							"origin": [0.75, -0.4375, -3.84283],
							"size": [0.25, 0.75, 0.31066],
							"uv": {
								"east": {"uv": [44, 46], "uv_size": [1, 1]},
								"west": {"uv": [46, 44], "uv_size": [1, 1]},
								"up": {"uv": [46, 46], "uv_size": [1, 1]},
								"down": {"uv": [4, 48], "uv_size": [1, -1]}
							}
						}
					]
				},
				{
					"name": "hide_when_ads",
					"parent": "1_6",
					"pivot": [0, 5.5, 4.625]
				},
				{
					"name": "hexadecagon4",
					"parent": "hide_when_ads",
					"pivot": [0, 0.6875, -0.1875],
					"cubes": [
						{
							"origin": [-0.14918, 1.0625, -8.6875],
							"size": [0.29836, 0.125, 0.625],
							"pivot": [0, 1.8125, -8.3125],
							"rotation": [0, 0, -45],
							"uv": {
								"north": {"uv": [6, 47], "uv_size": [1, 1]},
								"south": {"uv": [8, 47], "uv_size": [1, 1]},
								"up": {"uv": [10, 47], "uv_size": [1, 1]},
								"down": {"uv": [47, 17], "uv_size": [1, -1]}
							}
						},
						{
							"origin": [-0.14918, 1.0625, -8.6875],
							"size": [0.29836, 0.125, 0.625],
							"pivot": [0, 1.8125, -8.3125],
							"rotation": [0, 0, -22.5],
							"uv": {
								"north": {"uv": [47, 18], "uv_size": [1, 1]},
								"south": {"uv": [47, 22], "uv_size": [1, 1]},
								"up": {"uv": [47, 24], "uv_size": [1, 1]},
								"down": {"uv": [47, 27], "uv_size": [1, -1]}
							}
						},
						{
							"origin": [-0.14918, 1.0625, -8.6875],
							"size": [0.29836, 0.125, 0.625],
							"uv": {
								"north": {"uv": [28, 47], "uv_size": [1, 1]},
								"south": {"uv": [30, 47], "uv_size": [1, 1]},
								"up": {"uv": [47, 30], "uv_size": [1, 1]},
								"down": {"uv": [32, 48], "uv_size": [1, -1]}
							}
						},
						{
							"origin": [-0.14918, 1.0625, -8.6875],
							"size": [0.29836, 0.125, 0.625],
							"pivot": [0, 1.8125, -8.3125],
							"rotation": [0, 0, 22.5],
							"uv": {
								"north": {"uv": [47, 36], "uv_size": [1, 1]},
								"south": {"uv": [42, 47], "uv_size": [1, 1]},
								"up": {"uv": [0, 48], "uv_size": [1, 1]},
								"down": {"uv": [48, 1], "uv_size": [1, -1]}
							}
						},
						{
							"origin": [-0.14918, 1.0625, -8.6875],
							"size": [0.29836, 0.125, 0.625],
							"pivot": [0, 1.8125, -8.3125],
							"rotation": [0, 0, 45],
							"uv": {
								"north": {"uv": [2, 48], "uv_size": [1, 1]},
								"south": {"uv": [48, 2], "uv_size": [1, 1]},
								"up": {"uv": [48, 4], "uv_size": [1, 1]},
								"down": {"uv": [48, 7], "uv_size": [1, -1]}
							}
						},
						{
							"origin": [-0.14918, 2.4375, -8.6875],
							"size": [0.29836, 0.125, 0.625],
							"pivot": [0, 1.8125, -8.3125],
							"rotation": [0, 0, -45],
							"uv": {
								"north": {"uv": [48, 8], "uv_size": [1, 1]},
								"south": {"uv": [48, 10], "uv_size": [1, 1]},
								"up": {"uv": [12, 48], "uv_size": [1, 1]},
								"down": {"uv": [48, 13], "uv_size": [1, -1]}
							}
						},
						{
							"origin": [-0.14918, 2.4375, -8.6875],
							"size": [0.29836, 0.125, 0.625],
							"pivot": [0, 1.8125, -8.3125],
							"rotation": [0, 0, -22.5],
							"uv": {
								"north": {"uv": [14, 48], "uv_size": [1, 1]},
								"south": {"uv": [48, 14], "uv_size": [1, 1]},
								"up": {"uv": [16, 48], "uv_size": [1, 1]},
								"down": {"uv": [18, 49], "uv_size": [1, -1]}
							}
						},
						{
							"origin": [-0.14918, 2.4375, -8.6875],
							"size": [0.29836, 0.125, 0.625],
							"uv": {
								"north": {"uv": [20, 48], "uv_size": [1, 1]},
								"south": {"uv": [48, 20], "uv_size": [1, 1]},
								"up": {"uv": [22, 48], "uv_size": [1, 1]},
								"down": {"uv": [24, 49], "uv_size": [1, -1]}
							}
						},
						{
							"origin": [-0.14918, 2.4375, -8.6875],
							"size": [0.29836, 0.125, 0.625],
							"pivot": [0, 1.8125, -8.3125],
							"rotation": [0, 0, 22.5],
							"uv": {
								"north": {"uv": [26, 48], "uv_size": [1, 1]},
								"south": {"uv": [48, 28], "uv_size": [1, 1]},
								"up": {"uv": [48, 32], "uv_size": [1, 1]},
								"down": {"uv": [34, 49], "uv_size": [1, -1]}
							}
						},
						{
							"origin": [-0.14918, 2.4375, -8.6875],
							"size": [0.29836, 0.125, 0.625],
							"pivot": [0, 1.8125, -8.3125],
							"rotation": [0, 0, 45],
							"uv": {
								"north": {"uv": [48, 34], "uv_size": [1, 1]},
								"south": {"uv": [36, 48], "uv_size": [1, 1]},
								"up": {"uv": [38, 48], "uv_size": [1, 1]},
								"down": {"uv": [48, 39], "uv_size": [1, -1]}
							}
						},
						{
							"origin": [0.625, 1.66332, -8.6875],
							"size": [0.125, 0.29836, 0.625],
							"pivot": [0, 1.8125, -8.3125],
							"rotation": [0, 0, -22.5],
							"uv": {
								"north": {"uv": [40, 48], "uv_size": [1, 1]},
								"east": {"uv": [48, 40], "uv_size": [1, 1]},
								"south": {"uv": [48, 42], "uv_size": [1, 1]},
								"west": {"uv": [44, 48], "uv_size": [1, 1]}
							}
						},
						{
							"origin": [0.625, 1.66332, -8.6875],
							"size": [0.125, 0.29836, 0.625],
							"uv": {
								"north": {"uv": [48, 44], "uv_size": [1, 1]},
								"east": {"uv": [46, 48], "uv_size": [1, 1]},
								"south": {"uv": [48, 46], "uv_size": [1, 1]},
								"west": {"uv": [48, 48], "uv_size": [1, 1]}
							}
						},
						{
							"origin": [0.625, 1.66332, -8.6875],
							"size": [0.125, 0.29836, 0.625],
							"pivot": [0, 1.8125, -8.3125],
							"rotation": [0, 0, 22.5],
							"uv": {
								"north": {"uv": [4, 49], "uv_size": [1, 1]},
								"east": {"uv": [6, 49], "uv_size": [1, 1]},
								"south": {"uv": [8, 49], "uv_size": [1, 1]},
								"west": {"uv": [10, 49], "uv_size": [1, 1]}
							}
						},
						{
							"origin": [-0.75, 1.66332, -8.6875],
							"size": [0.125, 0.29836, 0.625],
							"pivot": [0, 1.8125, -8.3125],
							"rotation": [0, 0, -22.5],
							"uv": {
								"north": {"uv": [49, 16], "uv_size": [1, 1]},
								"east": {"uv": [49, 18], "uv_size": [1, 1]},
								"south": {"uv": [49, 22], "uv_size": [1, 1]},
								"west": {"uv": [49, 24], "uv_size": [1, 1]}
							}
						},
						{
							"origin": [-0.75, 1.66332, -8.6875],
							"size": [0.125, 0.29836, 0.625],
							"uv": {
								"north": {"uv": [49, 26], "uv_size": [1, 1]},
								"east": {"uv": [28, 49], "uv_size": [1, 1]},
								"south": {"uv": [30, 49], "uv_size": [1, 1]},
								"west": {"uv": [49, 30], "uv_size": [1, 1]}
							}
						},
						{
							"origin": [-0.75, 1.66332, -8.6875],
							"size": [0.125, 0.29836, 0.625],
							"pivot": [0, 1.8125, -8.3125],
							"rotation": [0, 0, 22.5],
							"uv": {
								"north": {"uv": [32, 49], "uv_size": [1, 1]},
								"east": {"uv": [49, 36], "uv_size": [1, 1]},
								"south": {"uv": [42, 49], "uv_size": [1, 1]},
								"west": {"uv": [0, 50], "uv_size": [1, 1]}
							}
						}
					]
				},
				{
					"name": "hexadecagon3",
					"parent": "hexadecagon4",
					"pivot": [0, 0.6875, -0.1875],
					"cubes": [
						{
							"origin": [-0.13675, 1.125, -8.0625],
							"size": [0.2735, 0.0625, 6.875],
							"pivot": [0, 1.8125, -2.6875],
							"rotation": [0, 0, -45],
							"uv": {
								"up": {"uv": [0, 0], "uv_size": [1, 7]},
								"down": {"uv": [2, 7], "uv_size": [1, -7]}
							}
						},
						{
							"origin": [-0.13675, 1.125, -8.0625],
							"size": [0.2735, 0.0625, 6.875],
							"pivot": [0, 1.8125, -2.6875],
							"rotation": [0, 0, -22.5],
							"uv": {
								"up": {"uv": [4, 0], "uv_size": [1, 7]},
								"down": {"uv": [6, 7], "uv_size": [1, -7]}
							}
						},
						{
							"origin": [-0.13675, 1.125, -8.0625],
							"size": [0.2735, 0.0625, 6.875],
							"uv": {
								"up": {"uv": [0, 8], "uv_size": [1, 7]},
								"down": {"uv": [8, 7], "uv_size": [1, -7]}
							}
						},
						{
							"origin": [-0.13675, 1.125, -8.0625],
							"size": [0.2735, 0.0625, 6.875],
							"pivot": [0, 1.8125, -2.6875],
							"rotation": [0, 0, 22.5],
							"uv": {
								"up": {"uv": [2, 8], "uv_size": [1, 7]},
								"down": {"uv": [4, 15], "uv_size": [1, -7]}
							}
						},
						{
							"origin": [-0.13675, 1.125, -8.0625],
							"size": [0.2735, 0.0625, 6.875],
							"pivot": [0, 1.8125, -2.6875],
							"rotation": [0, 0, 45],
							"uv": {
								"up": {"uv": [6, 8], "uv_size": [1, 7]},
								"down": {"uv": [8, 15], "uv_size": [1, -7]}
							}
						},
						{
							"origin": [-0.13675, 2.4375, -8.0625],
							"size": [0.2735, 0.0625, 6.875],
							"pivot": [0, 1.8125, -2.6875],
							"rotation": [0, 0, -45],
							"uv": {
								"up": {"uv": [10, 0], "uv_size": [1, 7]},
								"down": {"uv": [10, 15], "uv_size": [1, -7]}
							}
						},
						{
							"origin": [-0.13675, 2.4375, -8.0625],
							"size": [0.2735, 0.0625, 6.875],
							"pivot": [0, 1.8125, -2.6875],
							"rotation": [0, 0, -22.5],
							"uv": {
								"up": {"uv": [12, 0], "uv_size": [1, 7]},
								"down": {"uv": [12, 15], "uv_size": [1, -7]}
							}
						},
						{
							"origin": [-0.13675, 2.4375, -8.0625],
							"size": [0.2735, 0.0625, 6.875],
							"uv": {
								"up": {"uv": [14, 0], "uv_size": [1, 7]},
								"down": {"uv": [14, 15], "uv_size": [1, -7]}
							}
						},
						{
							"origin": [-0.13675, 2.4375, -8.0625],
							"size": [0.2735, 0.0625, 6.875],
							"pivot": [0, 1.8125, -2.6875],
							"rotation": [0, 0, 22.5],
							"uv": {
								"up": {"uv": [0, 16], "uv_size": [1, 7]},
								"down": {"uv": [16, 7], "uv_size": [1, -7]}
							}
						},
						{
							"origin": [-0.13675, 2.4375, -8.0625],
							"size": [0.2735, 0.0625, 6.875],
							"pivot": [0, 1.8125, -2.6875],
							"rotation": [0, 0, 45],
							"uv": {
								"up": {"uv": [2, 16], "uv_size": [1, 7]},
								"down": {"uv": [4, 23], "uv_size": [1, -7]}
							}
						},
						{
							"origin": [0.625, 1.67575, -8.0625],
							"size": [0.0625, 0.2735, 6.875],
							"pivot": [0, 1.8125, -2.6875],
							"rotation": [0, 0, -22.5],
							"uv": {
								"east": {"uv": [6, 16], "uv_size": [7, 1]},
								"west": {"uv": [16, 8], "uv_size": [7, 1]}
							}
						},
						{
							"origin": [0.625, 1.67575, -8.0625],
							"size": [0.0625, 0.2735, 6.875],
							"uv": {
								"east": {"uv": [16, 10], "uv_size": [7, 1]},
								"west": {"uv": [16, 12], "uv_size": [7, 1]}
							}
						},
						{
							"origin": [0.625, 1.67575, -8.0625],
							"size": [0.0625, 0.2735, 6.875],
							"pivot": [0, 1.8125, -2.6875],
							"rotation": [0, 0, 22.5],
							"uv": {
								"east": {"uv": [14, 16], "uv_size": [7, 1]},
								"west": {"uv": [16, 14], "uv_size": [7, 1]}
							}
						},
						{
							"origin": [-0.6875, 1.67575, -8.0625],
							"size": [0.0625, 0.2735, 6.875],
							"pivot": [0, 1.8125, -2.6875],
							"rotation": [0, 0, -22.5],
							"uv": {
								"east": {"uv": [18, 0], "uv_size": [7, 1]},
								"west": {"uv": [18, 2], "uv_size": [7, 1]}
							}
						},
						{
							"origin": [-0.6875, 1.67575, -8.0625],
							"size": [0.0625, 0.2735, 6.875],
							"uv": {
								"east": {"uv": [18, 4], "uv_size": [7, 1]},
								"west": {"uv": [6, 18], "uv_size": [7, 1]}
							}
						},
						{
							"origin": [-0.6875, 1.67575, -8.0625],
							"size": [0.0625, 0.2735, 6.875],
							"pivot": [0, 1.8125, -2.6875],
							"rotation": [0, 0, 22.5],
							"uv": {
								"east": {"uv": [18, 6], "uv_size": [7, 1]},
								"west": {"uv": [14, 18], "uv_size": [7, 1]}
							}
						}
					]
				},
				{
					"name": "octagon3",
					"parent": "hide_when_ads",
					"pivot": [0, 0.6875, -0.1875],
					"cubes": [
						{
							"origin": [-0.33655, 1, -6.0625],
							"size": [0.6731, 0.125, 0.75],
							"pivot": [0, 1.8125, -5.8125],
							"rotation": [0, 0, 45],
							"uv": {
								"north": {"uv": [50, 0], "uv_size": [1, 1]},
								"south": {"uv": [2, 50], "uv_size": [1, 1]},
								"up": {"uv": [50, 2], "uv_size": [1, 1]},
								"down": {"uv": [50, 5], "uv_size": [1, -1]}
							}
						},
						{
							"origin": [-0.375, 0.5625, -6.0625],
							"size": [0.75, 0.5625, 0.75],
							"uv": {
								"north": {"uv": [50, 6], "uv_size": [1, 1]},
								"east": {"uv": [50, 8], "uv_size": [1, 1]},
								"south": {"uv": [50, 10], "uv_size": [1, 1]},
								"west": {"uv": [12, 50], "uv_size": [1, 1]},
								"up": {"uv": [50, 12], "uv_size": [1, 1]}
							}
						},
						{
							"origin": [-0.33655, 2.5, -6.0625],
							"size": [0.6731, 0.125, 0.75],
							"pivot": [0, 1.8125, -5.8125],
							"rotation": [0, 0, 45],
							"uv": {
								"north": {"uv": [14, 50], "uv_size": [1, 1]},
								"south": {"uv": [50, 14], "uv_size": [1, 1]},
								"up": {"uv": [16, 50], "uv_size": [1, 1]},
								"down": {"uv": [18, 51], "uv_size": [1, -1]}
							}
						},
						{
							"origin": [-0.33655, 2.5, -6.0625],
							"size": [0.6731, 0.125, 0.75],
							"uv": {
								"north": {"uv": [20, 50], "uv_size": [1, 1]},
								"south": {"uv": [50, 20], "uv_size": [1, 1]},
								"up": {"uv": [22, 50], "uv_size": [1, 1]},
								"down": {"uv": [24, 51], "uv_size": [1, -1]}
							}
						},
						{
							"origin": [0.6875, 1.47595, -6.0625],
							"size": [0.125, 0.6731, 0.75],
							"pivot": [0, 1.8125, -5.8125],
							"rotation": [0, 0, 45],
							"uv": {
								"north": {"uv": [26, 50], "uv_size": [1, 1]},
								"east": {"uv": [50, 28], "uv_size": [1, 1]},
								"south": {"uv": [50, 32], "uv_size": [1, 1]},
								"west": {"uv": [34, 50], "uv_size": [1, 1]}
							}
						},
						{
							"origin": [-0.8125, 1.47595, -6.0625],
							"size": [0.125, 0.6731, 0.75],
							"uv": {
								"north": {"uv": [50, 34], "uv_size": [1, 1]},
								"east": {"uv": [36, 50], "uv_size": [1, 1]},
								"south": {"uv": [38, 50], "uv_size": [1, 1]},
								"west": {"uv": [50, 38], "uv_size": [1, 1]}
							}
						},
						{
							"origin": [-0.8125, 1.47595, -6.0625],
							"size": [0.125, 0.6731, 0.75],
							"pivot": [0, 1.8125, -5.8125],
							"rotation": [0, 0, 45],
							"uv": {
								"north": {"uv": [40, 50], "uv_size": [1, 1]},
								"east": {"uv": [50, 40], "uv_size": [1, 1]},
								"south": {"uv": [50, 42], "uv_size": [1, 1]},
								"west": {"uv": [44, 50], "uv_size": [1, 1]}
							}
						},
						{
							"origin": [0.6875, 1.47595, -6.0625],
							"size": [0.25, 0.3125, 0.75],
							"uv": {
								"north": {"uv": [50, 44], "uv_size": [1, 1]},
								"east": {"uv": [46, 50], "uv_size": [1, 1]},
								"south": {"uv": [50, 46], "uv_size": [1, 1]},
								"west": {"uv": [48, 50], "uv_size": [1, 1]},
								"up": {"uv": [50, 48], "uv_size": [1, 1]},
								"down": {"uv": [50, 51], "uv_size": [1, -1]}
							}
						},
						{
							"origin": [0.6875, 1.83655, -6.0625],
							"size": [0.25, 0.3125, 0.75],
							"uv": {
								"north": {"uv": [4, 51], "uv_size": [1, 1]},
								"east": {"uv": [6, 51], "uv_size": [1, 1]},
								"south": {"uv": [8, 51], "uv_size": [1, 1]},
								"west": {"uv": [10, 51], "uv_size": [1, 1]},
								"up": {"uv": [51, 16], "uv_size": [1, 1]},
								"down": {"uv": [51, 19], "uv_size": [1, -1]}
							}
						}
					]
				},
				{
					"name": "octagon2",
					"parent": "hide_when_ads",
					"pivot": [0, 0.6875, -0.1875],
					"cubes": [
						{
							"origin": [-0.33655, 1, -2.3125],
							"size": [0.6731, 0.125, 0.75],
							"pivot": [0, 1.8125, -2.0625],
							"rotation": [0, 0, 45],
							"uv": {
								"north": {"uv": [51, 22], "uv_size": [1, 1]},
								"south": {"uv": [51, 24], "uv_size": [1, 1]},
								"up": {"uv": [51, 26], "uv_size": [1, 1]},
								"down": {"uv": [28, 52], "uv_size": [1, -1]}
							}
						},
						{
							"origin": [-0.375, 0.5625, -2.3125],
							"size": [0.75, 0.5625, 0.75],
							"uv": {
								"north": {"uv": [30, 51], "uv_size": [1, 1]},
								"east": {"uv": [51, 30], "uv_size": [1, 1]},
								"south": {"uv": [32, 51], "uv_size": [1, 1]},
								"west": {"uv": [51, 36], "uv_size": [1, 1]},
								"up": {"uv": [42, 51], "uv_size": [1, 1]}
							}
						},
						{
							"origin": [-0.33655, 2.5, -2.3125],
							"size": [0.6731, 0.125, 0.75],
							"pivot": [0, 1.8125, -2.0625],
							"rotation": [0, 0, 45],
							"uv": {
								"north": {"uv": [0, 52], "uv_size": [1, 1]},
								"south": {"uv": [52, 0], "uv_size": [1, 1]},
								"up": {"uv": [2, 52], "uv_size": [1, 1]},
								"down": {"uv": [52, 3], "uv_size": [1, -1]}
							}
						},
						{
							"origin": [-0.33655, 2.5, -2.3125],
							"size": [0.6731, 0.125, 0.75],
							"uv": {
								"north": {"uv": [52, 4], "uv_size": [1, 1]},
								"south": {"uv": [52, 6], "uv_size": [1, 1]},
								"up": {"uv": [52, 8], "uv_size": [1, 1]},
								"down": {"uv": [52, 11], "uv_size": [1, -1]}
							}
						},
						{
							"origin": [0.6875, 1.47595, -2.3125],
							"size": [0.125, 0.6731, 0.75],
							"pivot": [0, 1.8125, -2.0625],
							"rotation": [0, 0, 45],
							"uv": {
								"north": {"uv": [12, 52], "uv_size": [1, 1]},
								"east": {"uv": [52, 12], "uv_size": [1, 1]},
								"south": {"uv": [14, 52], "uv_size": [1, 1]},
								"west": {"uv": [52, 14], "uv_size": [1, 1]}
							}
						},
						{
							"origin": [-0.8125, 1.47595, -2.3125],
							"size": [0.125, 0.6731, 0.75],
							"uv": {
								"north": {"uv": [16, 52], "uv_size": [1, 1]},
								"east": {"uv": [18, 52], "uv_size": [1, 1]},
								"south": {"uv": [20, 52], "uv_size": [1, 1]},
								"west": {"uv": [52, 20], "uv_size": [1, 1]}
							}
						},
						{
							"origin": [0.6875, 1.83655, -2.3125],
							"size": [0.25, 0.3125, 0.75],
							"uv": {
								"north": {"uv": [22, 52], "uv_size": [1, 1]},
								"east": {"uv": [24, 52], "uv_size": [1, 1]},
								"south": {"uv": [26, 52], "uv_size": [1, 1]},
								"west": {"uv": [52, 28], "uv_size": [1, 1]},
								"up": {"uv": [52, 32], "uv_size": [1, 1]},
								"down": {"uv": [34, 53], "uv_size": [1, -1]}
							}
						},
						{
							"origin": [-0.8125, 1.47595, -2.3125],
							"size": [0.125, 0.6731, 0.75],
							"pivot": [0, 1.8125, -2.0625],
							"rotation": [0, 0, 45],
							"uv": {
								"north": {"uv": [52, 34], "uv_size": [1, 1]},
								"east": {"uv": [36, 52], "uv_size": [1, 1]},
								"south": {"uv": [38, 52], "uv_size": [1, 1]},
								"west": {"uv": [52, 38], "uv_size": [1, 1]}
							}
						},
						{
							"origin": [0.6875, 1.47595, -2.3125],
							"size": [0.25, 0.3125, 0.75],
							"uv": {
								"north": {"uv": [40, 52], "uv_size": [1, 1]},
								"east": {"uv": [52, 40], "uv_size": [1, 1]},
								"south": {"uv": [52, 42], "uv_size": [1, 1]},
								"west": {"uv": [44, 52], "uv_size": [1, 1]},
								"up": {"uv": [52, 44], "uv_size": [1, 1]},
								"down": {"uv": [46, 53], "uv_size": [1, -1]}
							}
						}
					]
				},
				{
					"name": "knob_base",
					"parent": "hide_when_ads",
					"pivot": [-1.125, 4.6875, 4.375],
					"cubes": [
						{
							"origin": [-0.375, 2.6875, -4.1875],
							"size": [0.75, 0.125, 0.75],
							"uv": {
								"north": {"uv": [52, 46], "uv_size": [1, 1]},
								"east": {"uv": [48, 52], "uv_size": [1, 1]},
								"south": {"uv": [52, 48], "uv_size": [1, 1]},
								"west": {"uv": [50, 52], "uv_size": [1, 1]},
								"up": {"uv": [52, 50], "uv_size": [1, 1]},
								"down": {"uv": [52, 53], "uv_size": [1, -1]}
							}
						},
						{
							"origin": [-1, 1.4375, -4.1875],
							"size": [0.125, 0.75, 0.75],
							"uv": {
								"north": {"uv": [4, 53], "uv_size": [1, 1]},
								"east": {"uv": [6, 53], "uv_size": [1, 1]},
								"south": {"uv": [8, 53], "uv_size": [1, 1]},
								"west": {"uv": [10, 53], "uv_size": [1, 1]},
								"up": {"uv": [53, 16], "uv_size": [1, 1]},
								"down": {"uv": [53, 19], "uv_size": [1, -1]}
							}
						},
						{
							"origin": [0.875, 1.4375, -4.1875],
							"size": [0.125, 0.75, 0.75],
							"uv": {
								"north": {"uv": [53, 22], "uv_size": [1, 1]},
								"east": {"uv": [53, 24], "uv_size": [1, 1]},
								"south": {"uv": [53, 26], "uv_size": [1, 1]},
								"west": {"uv": [28, 53], "uv_size": [1, 1]},
								"up": {"uv": [30, 53], "uv_size": [1, 1]},
								"down": {"uv": [53, 31], "uv_size": [1, -1]}
							}
						},
						{
							"origin": [-0.875, 1.50184, -4.5625],
							"size": [0.125, 0.62132, 1.5],
							"pivot": [-0.125, 1.8125, -3.8125],
							"rotation": [-45, 0, 0],
							"uv": {
								"north": {"uv": [32, 53], "uv_size": [1, 1]},
								"east": {"uv": [30, 22], "uv_size": [2, 1]},
								"south": {"uv": [53, 36], "uv_size": [1, 1]},
								"west": {"uv": [30, 24], "uv_size": [2, 1]}
							}
						},
						{
							"origin": [-0.875, 1.50184, -4.5625],
							"size": [0.125, 0.62132, 1.5],
							"uv": {
								"north": {"uv": [42, 53], "uv_size": [1, 1]},
								"east": {"uv": [26, 30], "uv_size": [2, 1]},
								"south": {"uv": [0, 54], "uv_size": [1, 1]},
								"west": {"uv": [30, 26], "uv_size": [2, 1]}
							}
						},
						{
							"origin": [-0.875, 1.0625, -4.12316],
							"size": [0.125, 1.5, 0.62132],
							"pivot": [0.625, 1.8125, -3.8125],
							"rotation": [-45, 0, 0],
							"uv": {
								"east": {"uv": [29, 30], "uv_size": [1, 2]},
								"west": {"uv": [3, 31], "uv_size": [1, 2]},
								"up": {"uv": [54, 0], "uv_size": [1, 1]},
								"down": {"uv": [2, 55], "uv_size": [1, -1]}
							}
						},
						{
							"origin": [-0.875, 1.0625, -4.12316],
							"size": [0.125, 1.5, 0.62132],
							"uv": {
								"east": {"uv": [31, 5], "uv_size": [1, 2]},
								"west": {"uv": [8, 31], "uv_size": [1, 2]},
								"up": {"uv": [54, 2], "uv_size": [1, 1]},
								"down": {"uv": [54, 5], "uv_size": [1, -1]}
							}
						},
						{
							"origin": [-0.31066, 2.5625, -4.5625],
							"size": [0.62132, 0.125, 1.5],
							"uv": {
								"north": {"uv": [54, 6], "uv_size": [1, 1]},
								"south": {"uv": [54, 8], "uv_size": [1, 1]},
								"up": {"uv": [22, 31], "uv_size": [1, 2]}
							}
						},
						{
							"origin": [-0.31066, 0.9375, -4.5625],
							"size": [0.62132, 0.125, 1.5],
							"uv": {
								"north": {"uv": [54, 10], "uv_size": [1, 1]},
								"south": {"uv": [12, 54], "uv_size": [1, 1]},
								"down": {"uv": [24, 33], "uv_size": [1, -2]}
							}
						},
						{
							"origin": [-0.31066, 2.5625, -4.5625],
							"size": [0.62132, 0.125, 1.5],
							"pivot": [0, 1.9375, -3.8125],
							"rotation": [0, -45, 0],
							"uv": {
								"north": {"uv": [54, 12], "uv_size": [1, 1]},
								"south": {"uv": [14, 54], "uv_size": [1, 1]},
								"up": {"uv": [31, 30], "uv_size": [1, 2]},
								"down": {"uv": [0, 34], "uv_size": [1, -2]}
							}
						},
						{
							"origin": [-0.75, 2.5625, -4.12316],
							"size": [1.5, 0.125, 0.62132],
							"pivot": [0, 1.9375, -3.8125],
							"rotation": [0, -45, 0],
							"uv": {
								"east": {"uv": [54, 14], "uv_size": [1, 1]},
								"west": {"uv": [16, 54], "uv_size": [1, 1]},
								"up": {"uv": [32, 2], "uv_size": [2, 1]},
								"down": {"uv": [10, 33], "uv_size": [2, -1]}
							}
						},
						{
							"origin": [-0.75, 2.5625, -4.12316],
							"size": [1.5, 0.125, 0.62132],
							"uv": {
								"east": {"uv": [18, 54], "uv_size": [1, 1]},
								"west": {"uv": [20, 54], "uv_size": [1, 1]},
								"up": {"uv": [32, 14], "uv_size": [2, 1]},
								"down": {"uv": [19, 33], "uv_size": [2, -1]}
							}
						},
						{
							"origin": [-0.31066, 0.9375, -4.5625],
							"size": [0.62132, 0.125, 1.5],
							"pivot": [0, 0.3125, -3.8125],
							"rotation": [0, -45, 0],
							"uv": {
								"north": {"uv": [54, 20], "uv_size": [1, 1]},
								"south": {"uv": [22, 54], "uv_size": [1, 1]},
								"up": {"uv": [32, 19], "uv_size": [1, 2]},
								"down": {"uv": [26, 34], "uv_size": [1, -2]}
							}
						},
						{
							"origin": [-0.75, 0.9375, -4.12316],
							"size": [1.5, 0.125, 0.62132],
							"uv": {
								"east": {"uv": [24, 54], "uv_size": [1, 1]},
								"west": {"uv": [26, 54], "uv_size": [1, 1]},
								"up": {"uv": [32, 28], "uv_size": [2, 1]},
								"down": {"uv": [33, 1], "uv_size": [2, -1]}
							}
						},
						{
							"origin": [-0.75, 0.9375, -4.12316],
							"size": [1.5, 0.125, 0.62132],
							"pivot": [0, 0.3125, -3.8125],
							"rotation": [0, -45, 0],
							"uv": {
								"east": {"uv": [54, 28], "uv_size": [1, 1]},
								"west": {"uv": [54, 32], "uv_size": [1, 1]},
								"up": {"uv": [33, 4], "uv_size": [2, 1]},
								"down": {"uv": [5, 34], "uv_size": [2, -1]}
							}
						},
						{
							"origin": [0.75, 1.50184, -4.5625],
							"size": [0.125, 0.62132, 1.5],
							"pivot": [0.125, 1.8125, -3.8125],
							"rotation": [-45, 0, 0],
							"uv": {
								"north": {"uv": [34, 54], "uv_size": [1, 1]},
								"east": {"uv": [33, 6], "uv_size": [2, 1]},
								"south": {"uv": [54, 34], "uv_size": [1, 1]},
								"west": {"uv": [33, 8], "uv_size": [2, 1]}
							}
						},
						{
							"origin": [0.75, 1.50184, -4.5625],
							"size": [0.125, 0.62132, 1.5],
							"uv": {
								"north": {"uv": [36, 54], "uv_size": [1, 1]},
								"east": {"uv": [33, 10], "uv_size": [2, 1]},
								"south": {"uv": [38, 54], "uv_size": [1, 1]},
								"west": {"uv": [33, 12], "uv_size": [2, 1]}
							}
						},
						{
							"origin": [0.75, 1.0625, -4.12316],
							"size": [0.125, 1.5, 0.62132],
							"pivot": [-0.625, 1.8125, -3.8125],
							"rotation": [-45, 0, 0],
							"uv": {
								"east": {"uv": [13, 33], "uv_size": [1, 2]},
								"west": {"uv": [15, 33], "uv_size": [1, 2]},
								"up": {"uv": [54, 38], "uv_size": [1, 1]},
								"down": {"uv": [40, 55], "uv_size": [1, -1]}
							}
						},
						{
							"origin": [0.75, 1.0625, -4.12316],
							"size": [0.125, 1.5, 0.62132],
							"uv": {
								"east": {"uv": [33, 16], "uv_size": [1, 2]},
								"west": {"uv": [17, 33], "uv_size": [1, 2]},
								"up": {"uv": [54, 40], "uv_size": [1, 1]},
								"down": {"uv": [54, 43], "uv_size": [1, -1]}
							}
						}
					]
				},
				{
					"name": "group4",
					"parent": "knob_base",
					"pivot": [0, 4.5, -1.625],
					"cubes": [
						{
							"origin": [-0.31066, 2.4375, -4.6875],
							"size": [0.62132, 0.125, 1.75],
							"pivot": [0, 1.8125, -3.8125],
							"rotation": [0, 0, 45],
							"uv": {
								"north": {"uv": [44, 54], "uv_size": [1, 1]},
								"south": {"uv": [54, 44], "uv_size": [1, 1]},
								"west": {"uv": [33, 22], "uv_size": [2, 1]},
								"up": {"uv": [33, 24], "uv_size": [1, 2]}
							}
						},
						{
							"origin": [-0.31066, 2.4375, -4.6875],
							"size": [0.62132, 0.125, 1.75],
							"uv": {
								"north": {"uv": [46, 54], "uv_size": [1, 1]},
								"south": {"uv": [54, 46], "uv_size": [1, 1]},
								"up": {"uv": [28, 33], "uv_size": [1, 2]}
							}
						},
						{
							"origin": [-0.75, 1.50184, -4.6875],
							"size": [0.125, 0.62132, 1.75],
							"pivot": [0, 1.8125, -3.8125],
							"rotation": [0, 0, 45],
							"uv": {
								"north": {"uv": [48, 54], "uv_size": [1, 1]},
								"east": {"uv": [30, 33], "uv_size": [2, 1]},
								"south": {"uv": [54, 48], "uv_size": [1, 1]},
								"west": {"uv": [33, 30], "uv_size": [2, 1]},
								"down": {"uv": [33, 34], "uv_size": [1, -2]}
							}
						},
						{
							"origin": [-0.74816, 1.5, -4.6875],
							"size": [0.12132, 0.625, 1.75],
							"uv": {
								"north": {"uv": [50, 54], "uv_size": [1, 1]},
								"east": {"uv": [2, 34], "uv_size": [2, 1]},
								"south": {"uv": [54, 50], "uv_size": [1, 1]}
							}
						},
						{
							"origin": [-0.30806, 1.0625, -4.6875],
							"size": [0.61872, 0.125, 1.75],
							"pivot": [0, 1.8125, -3.8125],
							"rotation": [0, 0, 45],
							"uv": {
								"north": {"uv": [52, 54], "uv_size": [1, 1]},
								"south": {"uv": [54, 52], "uv_size": [1, 1]},
								"down": {"uv": [8, 36], "uv_size": [1, -2]}
							}
						},
						{
							"origin": [-0.31066, 1.0625, -4.6875],
							"size": [0.62132, 0.125, 1.75],
							"uv": {
								"north": {"uv": [54, 54], "uv_size": [1, 1]},
								"south": {"uv": [4, 55], "uv_size": [1, 1]},
								"down": {"uv": [10, 36], "uv_size": [1, -2]}
							}
						},
						{
							"origin": [0.625, 1.50184, -4.6875],
							"size": [0.125, 0.61872, 1.75],
							"pivot": [0, 1.8125, -3.8125],
							"rotation": [0, 0, 45],
							"uv": {
								"north": {"uv": [6, 55], "uv_size": [1, 1]},
								"east": {"uv": [19, 34], "uv_size": [2, 1]},
								"south": {"uv": [8, 55], "uv_size": [1, 1]},
								"west": {"uv": [34, 19], "uv_size": [2, 1]}
							}
						},
						{
							"origin": [0.62684, 1.5, -4.6875],
							"size": [0.12132, 0.625, 1.75],
							"uv": {
								"north": {"uv": [10, 55], "uv_size": [1, 1]},
								"south": {"uv": [55, 16], "uv_size": [1, 1]},
								"west": {"uv": [22, 34], "uv_size": [2, 1]}
							}
						}
					]
				},
				{
					"name": "group3",
					"parent": "knob_base",
					"pivot": [0, 4.34375, -1.625],
					"cubes": [
						{
							"origin": [0.73437, 2.40625, -4.12316],
							"size": [0.01563, 0.15625, 0.62132],
							"pivot": [0, 1.8125, -3.8125],
							"rotation": [0, -45, 0],
							"uv": {
								"north": {"uv": [55, 18], "uv_size": [1, 1]},
								"east": {"uv": [55, 22], "uv_size": [1, 1]},
								"south": {"uv": [55, 24], "uv_size": [1, 1]},
								"west": {"uv": [55, 26], "uv_size": [1, 1]},
								"down": {"uv": [28, 56], "uv_size": [1, -1]}
							}
						},
						{
							"origin": [0.73437, 2.40625, -4.12316],
							"size": [0.01563, 0.15625, 0.62132],
							"pivot": [0, 1.8125, -3.8125],
							"rotation": [0, 45, 0],
							"uv": {
								"north": {"uv": [30, 55], "uv_size": [1, 1]},
								"east": {"uv": [55, 30], "uv_size": [1, 1]},
								"south": {"uv": [32, 55], "uv_size": [1, 1]},
								"west": {"uv": [55, 36], "uv_size": [1, 1]},
								"up": {"uv": [42, 55], "uv_size": [1, 1]},
								"down": {"uv": [0, 57], "uv_size": [1, -1]}
							}
						},
						{
							"origin": [0.73437, 1.0625, -4.12316],
							"size": [0.01563, 0.15625, 0.62132],
							"pivot": [0, 0.53125, -3.8125],
							"rotation": [0, 45, 0],
							"uv": {
								"north": {"uv": [56, 0], "uv_size": [1, 1]},
								"east": {"uv": [2, 56], "uv_size": [1, 1]},
								"south": {"uv": [56, 2], "uv_size": [1, 1]},
								"west": {"uv": [56, 4], "uv_size": [1, 1]},
								"up": {"uv": [56, 6], "uv_size": [1, 1]},
								"down": {"uv": [56, 9], "uv_size": [1, -1]}
							}
						},
						{
							"origin": [0.73437, 1.0625, -4.12316],
							"size": [0.01563, 0.15625, 0.62132],
							"pivot": [0, 0.53125, -3.8125],
							"rotation": [0, -45, 0],
							"uv": {
								"north": {"uv": [56, 10], "uv_size": [1, 1]},
								"east": {"uv": [12, 56], "uv_size": [1, 1]},
								"south": {"uv": [56, 12], "uv_size": [1, 1]},
								"west": {"uv": [14, 56], "uv_size": [1, 1]},
								"up": {"uv": [56, 14], "uv_size": [1, 1]}
							}
						},
						{
							"origin": [0.4375, 1.81434, -4.5625],
							"size": [0.3125, 0.30882, 0.0625],
							"pivot": [0.125, 1.8125, -3.8125],
							"rotation": [-45, 0, 0],
							"uv": {
								"north": {"uv": [16, 56], "uv_size": [1, 1]},
								"east": {"uv": [18, 56], "uv_size": [1, 1]},
								"south": {"uv": [20, 56], "uv_size": [1, 1]},
								"up": {"uv": [56, 20], "uv_size": [1, 1]},
								"down": {"uv": [22, 57], "uv_size": [1, -1]}
							}
						},
						{
							"origin": [0.625, 1.50902, -4.57095],
							"size": [0.125, 0.30882, 0.06251],
							"pivot": [0.125, 1.80405, -3.82095],
							"rotation": [-45, 0, 0],
							"uv": {
								"north": {"uv": [24, 56], "uv_size": [1, 1]},
								"east": {"uv": [26, 56], "uv_size": [1, 1]},
								"south": {"uv": [56, 28], "uv_size": [1, 1]},
								"down": {"uv": [56, 33], "uv_size": [1, -1]}
							}
						},
						{
							"origin": [0.4375, 1.81434, -3.125],
							"size": [0.3125, 0.30882, 0.0625],
							"pivot": [0.125, 1.8125, -3.8125],
							"rotation": [45, 0, 0],
							"uv": {
								"north": {"uv": [34, 56], "uv_size": [1, 1]},
								"east": {"uv": [56, 34], "uv_size": [1, 1]},
								"south": {"uv": [36, 56], "uv_size": [1, 1]},
								"west": {"uv": [38, 56], "uv_size": [1, 1]},
								"up": {"uv": [56, 38], "uv_size": [1, 1]},
								"down": {"uv": [40, 57], "uv_size": [1, -1]}
							}
						},
						{
							"origin": [0.625, 1.50902, -3.11655],
							"size": [0.125, 0.30882, 0.0625],
							"pivot": [0.125, 1.80405, -3.80405],
							"rotation": [45, 0, 0],
							"uv": {
								"north": {"uv": [56, 40], "uv_size": [1, 1]},
								"east": {"uv": [56, 42], "uv_size": [1, 1]},
								"south": {"uv": [44, 56], "uv_size": [1, 1]},
								"west": {"uv": [56, 44], "uv_size": [1, 1]},
								"down": {"uv": [46, 57], "uv_size": [1, -1]}
							}
						},
						{
							"origin": [0.4375, 1.50184, -3.125],
							"size": [0.3125, 0.30882, 0.0625],
							"pivot": [0.125, 1.8125, -3.8125],
							"rotation": [-45, 0, 0],
							"uv": {
								"north": {"uv": [56, 46], "uv_size": [1, 1]},
								"east": {"uv": [48, 56], "uv_size": [1, 1]},
								"south": {"uv": [56, 48], "uv_size": [1, 1]},
								"up": {"uv": [50, 56], "uv_size": [1, 1]},
								"down": {"uv": [56, 51], "uv_size": [1, -1]}
							}
						},
						{
							"origin": [0.625, 1.80716, -3.11655],
							"size": [0.125, 0.30882, 0.0625],
							"pivot": [0.125, 1.82095, -3.80405],
							"rotation": [-45, 0, 0],
							"uv": {
								"north": {"uv": [52, 56], "uv_size": [1, 1]},
								"east": {"uv": [56, 52], "uv_size": [1, 1]},
								"south": {"uv": [54, 56], "uv_size": [1, 1]},
								"up": {"uv": [56, 54], "uv_size": [1, 1]}
							}
						},
						{
							"origin": [0.4375, 1.50184, -4.5625],
							"size": [0.3125, 0.30882, 0.0625],
							"pivot": [0.125, 1.8125, -3.8125],
							"rotation": [45, 0, 0],
							"uv": {
								"north": {"uv": [56, 56], "uv_size": [1, 1]},
								"east": {"uv": [4, 57], "uv_size": [1, 1]},
								"south": {"uv": [6, 57], "uv_size": [1, 1]},
								"west": {"uv": [8, 57], "uv_size": [1, 1]},
								"up": {"uv": [10, 57], "uv_size": [1, 1]},
								"down": {"uv": [57, 17], "uv_size": [1, -1]}
							}
						},
						{
							"origin": [0.625, 1.80716, -4.57095],
							"size": [0.125, 0.30882, 0.06251],
							"pivot": [0.125, 1.82095, -3.82095],
							"rotation": [45, 0, 0],
							"uv": {
								"north": {"uv": [57, 18], "uv_size": [1, 1]},
								"east": {"uv": [57, 22], "uv_size": [1, 1]},
								"south": {"uv": [57, 24], "uv_size": [1, 1]},
								"west": {"uv": [57, 26], "uv_size": [1, 1]},
								"up": {"uv": [28, 57], "uv_size": [1, 1]}
							}
						},
						{
							"origin": [0.5, 1.6809, -4.57095],
							"size": [0.125, 0.13694, 0.06251],
							"pivot": [0, 1.80405, -3.82095],
							"rotation": [-45, 0, 0],
							"uv": {
								"north": {"uv": [30, 57], "uv_size": [1, 1]},
								"east": {"uv": [57, 30], "uv_size": [1, 1]},
								"south": {"uv": [32, 57], "uv_size": [1, 1]},
								"down": {"uv": [57, 37], "uv_size": [1, -1]}
							}
						},
						{
							"origin": [0.5, 1.6809, -3.11655],
							"size": [0.125, 0.13694, 0.0625],
							"pivot": [0, 1.80405, -3.80405],
							"rotation": [45, 0, 0],
							"uv": {
								"north": {"uv": [42, 57], "uv_size": [1, 1]},
								"east": {"uv": [0, 58], "uv_size": [1, 1]},
								"south": {"uv": [58, 0], "uv_size": [1, 1]},
								"down": {"uv": [2, 59], "uv_size": [1, -1]}
							}
						},
						{
							"origin": [0.5, 1.80716, -3.11655],
							"size": [0.125, 0.13695, 0.0625],
							"pivot": [0, 1.82095, -3.80405],
							"rotation": [-45, 0, 0],
							"uv": {
								"north": {"uv": [58, 2], "uv_size": [1, 1]},
								"east": {"uv": [58, 4], "uv_size": [1, 1]},
								"south": {"uv": [58, 6], "uv_size": [1, 1]},
								"up": {"uv": [58, 8], "uv_size": [1, 1]}
							}
						},
						{
							"origin": [0.5, 1.80716, -4.57095],
							"size": [0.125, 0.13695, 0.06251],
							"pivot": [0, 1.82095, -3.82095],
							"rotation": [45, 0, 0],
							"uv": {
								"north": {"uv": [58, 10], "uv_size": [1, 1]},
								"east": {"uv": [12, 58], "uv_size": [1, 1]},
								"south": {"uv": [58, 12], "uv_size": [1, 1]},
								"up": {"uv": [14, 58], "uv_size": [1, 1]}
							}
						},
						{
							"origin": [0.73437, 1.21875, -3.93566],
							"size": [0.01563, 0.09375, 0.24632],
							"pivot": [0, 0.6875, -3.8125],
							"rotation": [0, -45, 0],
							"uv": {
								"north": {"uv": [58, 14], "uv_size": [1, 1]},
								"east": {"uv": [16, 58], "uv_size": [1, 1]},
								"south": {"uv": [18, 58], "uv_size": [1, 1]},
								"west": {"uv": [20, 58], "uv_size": [1, 1]},
								"up": {"uv": [58, 20], "uv_size": [1, 1]}
							}
						},
						{
							"origin": [0.73437, 1.21875, -3.93566],
							"size": [0.01563, 0.09375, 0.24632],
							"pivot": [0, 0.6875, -3.8125],
							"rotation": [0, 45, 0],
							"uv": {
								"north": {"uv": [22, 58], "uv_size": [1, 1]},
								"east": {"uv": [24, 58], "uv_size": [1, 1]},
								"south": {"uv": [26, 58], "uv_size": [1, 1]},
								"west": {"uv": [58, 28], "uv_size": [1, 1]},
								"up": {"uv": [58, 32], "uv_size": [1, 1]}
							}
						},
						{
							"origin": [0.73437, 2.3125, -3.93566],
							"size": [0.01563, 0.09375, 0.24632],
							"pivot": [0, 1.65625, -3.8125],
							"rotation": [0, -45, 0],
							"uv": {
								"north": {"uv": [34, 58], "uv_size": [1, 1]},
								"east": {"uv": [58, 34], "uv_size": [1, 1]},
								"south": {"uv": [36, 58], "uv_size": [1, 1]},
								"west": {"uv": [38, 58], "uv_size": [1, 1]},
								"down": {"uv": [58, 39], "uv_size": [1, -1]}
							}
						},
						{
							"origin": [0.73437, 2.3125, -3.93566],
							"size": [0.01563, 0.09375, 0.24632],
							"pivot": [0, 1.65625, -3.8125],
							"rotation": [0, 45, 0],
							"uv": {
								"north": {"uv": [40, 58], "uv_size": [1, 1]},
								"east": {"uv": [58, 40], "uv_size": [1, 1]},
								"south": {"uv": [58, 42], "uv_size": [1, 1]},
								"west": {"uv": [44, 58], "uv_size": [1, 1]},
								"down": {"uv": [58, 45], "uv_size": [1, -1]}
							}
						}
					]
				},
				{
					"name": "group2",
					"parent": "knob_base",
					"pivot": [0, 4.34375, -1.625],
					"cubes": [
						{
							"origin": [-0.75, 2.40625, -4.12316],
							"size": [0.01563, 0.15625, 0.62132],
							"pivot": [0, 1.8125, -3.8125],
							"rotation": [0, 45, 0],
							"uv": {
								"north": {"uv": [46, 58], "uv_size": [1, 1]},
								"east": {"uv": [58, 46], "uv_size": [1, 1]},
								"south": {"uv": [48, 58], "uv_size": [1, 1]},
								"west": {"uv": [58, 48], "uv_size": [1, 1]},
								"up": {"uv": [50, 58], "uv_size": [1, 1]},
								"down": {"uv": [58, 51], "uv_size": [1, -1]}
							}
						},
						{
							"origin": [-0.75, 2.40625, -4.12316],
							"size": [0.01563, 0.15625, 0.62132],
							"pivot": [0, 1.8125, -3.8125],
							"rotation": [0, -45, 0],
							"uv": {
								"north": {"uv": [52, 58], "uv_size": [1, 1]},
								"east": {"uv": [58, 52], "uv_size": [1, 1]},
								"south": {"uv": [54, 58], "uv_size": [1, 1]},
								"west": {"uv": [58, 54], "uv_size": [1, 1]},
								"down": {"uv": [56, 59], "uv_size": [1, -1]}
							}
						},
						{
							"origin": [-0.75, 1.0625, -4.12316],
							"size": [0.01563, 0.15625, 0.62132],
							"pivot": [0, 0.53125, -3.8125],
							"rotation": [0, -45, 0],
							"uv": {
								"north": {"uv": [58, 56], "uv_size": [1, 1]},
								"east": {"uv": [58, 58], "uv_size": [1, 1]},
								"south": {"uv": [4, 59], "uv_size": [1, 1]},
								"west": {"uv": [6, 59], "uv_size": [1, 1]},
								"up": {"uv": [8, 59], "uv_size": [1, 1]}
							}
						},
						{
							"origin": [-0.75, 1.0625, -4.12316],
							"size": [0.01563, 0.15625, 0.62132],
							"pivot": [0, 0.53125, -3.8125],
							"rotation": [0, 45, 0],
							"uv": {
								"north": {"uv": [10, 59], "uv_size": [1, 1]},
								"east": {"uv": [59, 16], "uv_size": [1, 1]},
								"south": {"uv": [59, 18], "uv_size": [1, 1]},
								"west": {"uv": [59, 22], "uv_size": [1, 1]},
								"up": {"uv": [59, 24], "uv_size": [1, 1]},
								"down": {"uv": [59, 27], "uv_size": [1, -1]}
							}
						},
						{
							"origin": [-0.75, 1.81434, -4.5625],
							"size": [0.3125, 0.30882, 0.0625],
							"pivot": [-0.125, 1.8125, -3.8125],
							"rotation": [-45, 0, 0],
							"uv": {
								"north": {"uv": [28, 59], "uv_size": [1, 1]},
								"south": {"uv": [30, 59], "uv_size": [1, 1]},
								"west": {"uv": [59, 30], "uv_size": [1, 1]},
								"up": {"uv": [32, 59], "uv_size": [1, 1]},
								"down": {"uv": [59, 37], "uv_size": [1, -1]}
							}
						},
						{
							"origin": [-0.75, 1.50902, -4.57095],
							"size": [0.125, 0.30882, 0.06251],
							"pivot": [-0.125, 1.80405, -3.82095],
							"rotation": [-45, 0, 0],
							"uv": {
								"north": {"uv": [42, 59], "uv_size": [1, 1]},
								"south": {"uv": [0, 60], "uv_size": [1, 1]},
								"west": {"uv": [60, 0], "uv_size": [1, 1]},
								"down": {"uv": [2, 61], "uv_size": [1, -1]}
							}
						},
						{
							"origin": [-0.75, 1.81434, -3.125],
							"size": [0.3125, 0.30882, 0.0625],
							"pivot": [-0.125, 1.8125, -3.8125],
							"rotation": [45, 0, 0],
							"uv": {
								"north": {"uv": [60, 2], "uv_size": [1, 1]},
								"east": {"uv": [60, 4], "uv_size": [1, 1]},
								"south": {"uv": [60, 6], "uv_size": [1, 1]},
								"west": {"uv": [60, 8], "uv_size": [1, 1]},
								"up": {"uv": [60, 10], "uv_size": [1, 1]},
								"down": {"uv": [12, 61], "uv_size": [1, -1]}
							}
						},
						{
							"origin": [-0.75, 1.50902, -3.11655],
							"size": [0.125, 0.30882, 0.0625],
							"pivot": [-0.125, 1.80405, -3.80405],
							"rotation": [45, 0, 0],
							"uv": {
								"north": {"uv": [60, 12], "uv_size": [1, 1]},
								"east": {"uv": [14, 60], "uv_size": [1, 1]},
								"south": {"uv": [60, 14], "uv_size": [1, 1]},
								"west": {"uv": [16, 60], "uv_size": [1, 1]},
								"down": {"uv": [18, 61], "uv_size": [1, -1]}
							}
						},
						{
							"origin": [-0.75, 1.50184, -3.125],
							"size": [0.3125, 0.30882, 0.0625],
							"pivot": [-0.125, 1.8125, -3.8125],
							"rotation": [-45, 0, 0],
							"uv": {
								"north": {"uv": [20, 60], "uv_size": [1, 1]},
								"south": {"uv": [60, 20], "uv_size": [1, 1]},
								"west": {"uv": [22, 60], "uv_size": [1, 1]},
								"up": {"uv": [24, 60], "uv_size": [1, 1]},
								"down": {"uv": [26, 61], "uv_size": [1, -1]}
							}
						},
						{
							"origin": [-0.75, 1.80716, -3.11655],
							"size": [0.125, 0.30882, 0.0625],
							"pivot": [-0.125, 1.82095, -3.80405],
							"rotation": [-45, 0, 0],
							"uv": {
								"north": {"uv": [60, 28], "uv_size": [1, 1]},
								"south": {"uv": [60, 32], "uv_size": [1, 1]},
								"west": {"uv": [34, 60], "uv_size": [1, 1]},
								"up": {"uv": [60, 34], "uv_size": [1, 1]}
							}
						},
						{
							"origin": [-0.75, 1.50184, -4.5625],
							"size": [0.3125, 0.30882, 0.0625],
							"pivot": [-0.125, 1.8125, -3.8125],
							"rotation": [45, 0, 0],
							"uv": {
								"north": {"uv": [36, 60], "uv_size": [1, 1]},
								"east": {"uv": [38, 60], "uv_size": [1, 1]},
								"south": {"uv": [60, 38], "uv_size": [1, 1]},
								"west": {"uv": [40, 60], "uv_size": [1, 1]},
								"up": {"uv": [60, 40], "uv_size": [1, 1]},
								"down": {"uv": [60, 43], "uv_size": [1, -1]}
							}
						},
						{
							"origin": [-0.75, 1.80716, -4.57095],
							"size": [0.125, 0.30882, 0.06251],
							"pivot": [-0.125, 1.82095, -3.82095],
							"rotation": [45, 0, 0],
							"uv": {
								"north": {"uv": [44, 60], "uv_size": [1, 1]},
								"east": {"uv": [60, 44], "uv_size": [1, 1]},
								"south": {"uv": [46, 60], "uv_size": [1, 1]},
								"west": {"uv": [60, 46], "uv_size": [1, 1]},
								"up": {"uv": [48, 60], "uv_size": [1, 1]}
							}
						},
						{
							"origin": [-0.625, 1.6809, -4.57095],
							"size": [0.125, 0.13694, 0.06251],
							"pivot": [0, 1.80405, -3.82095],
							"rotation": [-45, 0, 0],
							"uv": {
								"north": {"uv": [60, 48], "uv_size": [1, 1]},
								"south": {"uv": [50, 60], "uv_size": [1, 1]},
								"west": {"uv": [60, 50], "uv_size": [1, 1]},
								"down": {"uv": [52, 61], "uv_size": [1, -1]}
							}
						},
						{
							"origin": [-0.625, 1.6809, -3.11655],
							"size": [0.125, 0.13694, 0.0625],
							"pivot": [0, 1.80405, -3.80405],
							"rotation": [45, 0, 0],
							"uv": {
								"north": {"uv": [60, 52], "uv_size": [1, 1]},
								"south": {"uv": [54, 60], "uv_size": [1, 1]},
								"west": {"uv": [60, 54], "uv_size": [1, 1]},
								"down": {"uv": [56, 61], "uv_size": [1, -1]}
							}
						},
						{
							"origin": [-0.625, 1.80716, -3.11655],
							"size": [0.125, 0.13695, 0.0625],
							"pivot": [0, 1.82095, -3.80405],
							"rotation": [-45, 0, 0],
							"uv": {
								"north": {"uv": [60, 56], "uv_size": [1, 1]},
								"south": {"uv": [58, 60], "uv_size": [1, 1]},
								"west": {"uv": [60, 58], "uv_size": [1, 1]},
								"up": {"uv": [60, 60], "uv_size": [1, 1]}
							}
						},
						{
							"origin": [-0.625, 1.80716, -4.57095],
							"size": [0.125, 0.13695, 0.06251],
							"pivot": [0, 1.82095, -3.82095],
							"rotation": [45, 0, 0],
							"uv": {
								"north": {"uv": [4, 61], "uv_size": [1, 1]},
								"south": {"uv": [6, 61], "uv_size": [1, 1]},
								"west": {"uv": [8, 61], "uv_size": [1, 1]},
								"up": {"uv": [10, 61], "uv_size": [1, 1]}
							}
						},
						{
							"origin": [-0.75, 1.21875, -3.93566],
							"size": [0.01563, 0.09375, 0.24632],
							"pivot": [0, 0.6875, -3.8125],
							"rotation": [0, 45, 0],
							"uv": {
								"north": {"uv": [61, 16], "uv_size": [1, 1]},
								"east": {"uv": [61, 18], "uv_size": [1, 1]},
								"south": {"uv": [61, 22], "uv_size": [1, 1]},
								"west": {"uv": [61, 24], "uv_size": [1, 1]},
								"up": {"uv": [61, 26], "uv_size": [1, 1]}
							}
						},
						{
							"origin": [-0.75, 1.21875, -3.93566],
							"size": [0.01563, 0.09375, 0.24632],
							"pivot": [0, 0.6875, -3.8125],
							"rotation": [0, -45, 0],
							"uv": {
								"north": {"uv": [28, 61], "uv_size": [1, 1]},
								"east": {"uv": [30, 61], "uv_size": [1, 1]},
								"south": {"uv": [61, 30], "uv_size": [1, 1]},
								"west": {"uv": [32, 61], "uv_size": [1, 1]},
								"up": {"uv": [61, 36], "uv_size": [1, 1]}
							}
						},
						{
							"origin": [-0.75, 2.3125, -3.93566],
							"size": [0.01563, 0.09375, 0.24632],
							"pivot": [0, 1.65625, -3.8125],
							"rotation": [0, 45, 0],
							"uv": {
								"north": {"uv": [42, 61], "uv_size": [1, 1]},
								"east": {"uv": [0, 62], "uv_size": [1, 1]},
								"south": {"uv": [62, 0], "uv_size": [1, 1]},
								"west": {"uv": [2, 62], "uv_size": [1, 1]},
								"down": {"uv": [62, 3], "uv_size": [1, -1]}
							}
						},
						{
							"origin": [-0.75, 2.3125, -3.93566],
							"size": [0.01563, 0.09375, 0.24632],
							"pivot": [0, 1.65625, -3.8125],
							"rotation": [0, -45, 0],
							"uv": {
								"north": {"uv": [62, 4], "uv_size": [1, 1]},
								"east": {"uv": [62, 6], "uv_size": [1, 1]},
								"south": {"uv": [62, 8], "uv_size": [1, 1]},
								"west": {"uv": [62, 10], "uv_size": [1, 1]},
								"down": {"uv": [12, 63], "uv_size": [1, -1]}
							}
						}
					]
				},
				{
					"name": "hexadecagon2",
					"parent": "hide_when_ads",
					"pivot": [0, 0.6875, -0.1875],
					"cubes": [
						{
							"origin": [-0.17405, 0.9375, -1.25],
							"size": [0.3481, 0.25, 0.3125],
							"pivot": [0, 1.8125, -1.4375],
							"rotation": [0, 0, -45],
							"uv": {
								"north": {"uv": [62, 12], "uv_size": [1, 1]},
								"south": {"uv": [14, 62], "uv_size": [1, 1]},
								"up": {"uv": [62, 14], "uv_size": [1, 1]},
								"down": {"uv": [16, 63], "uv_size": [1, -1]}
							}
						},
						{
							"origin": [-0.17405, 0.9375, -1.25],
							"size": [0.3481, 0.25, 0.3125],
							"pivot": [0, 1.8125, -1.4375],
							"rotation": [0, 0, -22.5],
							"uv": {
								"north": {"uv": [18, 62], "uv_size": [1, 1]},
								"south": {"uv": [20, 62], "uv_size": [1, 1]},
								"up": {"uv": [62, 20], "uv_size": [1, 1]},
								"down": {"uv": [22, 63], "uv_size": [1, -1]}
							}
						},
						{
							"origin": [-0.17405, 0.9375, -1.25],
							"size": [0.3481, 0.25, 0.3125],
							"uv": {
								"north": {"uv": [24, 62], "uv_size": [1, 1]},
								"south": {"uv": [26, 62], "uv_size": [1, 1]},
								"up": {"uv": [62, 28], "uv_size": [1, 1]},
								"down": {"uv": [62, 33], "uv_size": [1, -1]}
							}
						},
						{
							"origin": [-0.17405, 0.9375, -1.25],
							"size": [0.3481, 0.25, 0.3125],
							"pivot": [0, 1.8125, -1.4375],
							"rotation": [0, 0, 22.5],
							"uv": {
								"north": {"uv": [34, 62], "uv_size": [1, 1]},
								"south": {"uv": [62, 34], "uv_size": [1, 1]},
								"up": {"uv": [36, 62], "uv_size": [1, 1]},
								"down": {"uv": [38, 63], "uv_size": [1, -1]}
							}
						},
						{
							"origin": [-0.17405, 0.9375, -1.25],
							"size": [0.3481, 0.25, 0.3125],
							"pivot": [0, 1.8125, -1.4375],
							"rotation": [0, 0, 45],
							"uv": {
								"north": {"uv": [62, 38], "uv_size": [1, 1]},
								"south": {"uv": [40, 62], "uv_size": [1, 1]},
								"up": {"uv": [62, 40], "uv_size": [1, 1]},
								"down": {"uv": [62, 43], "uv_size": [1, -1]}
							}
						},
						{
							"origin": [-0.17405, 2.4375, -1.25],
							"size": [0.3481, 0.25, 0.3125],
							"pivot": [0, 1.8125, -1.4375],
							"rotation": [0, 0, -45],
							"uv": {
								"north": {"uv": [44, 62], "uv_size": [1, 1]},
								"south": {"uv": [62, 44], "uv_size": [1, 1]},
								"up": {"uv": [46, 62], "uv_size": [1, 1]},
								"down": {"uv": [62, 47], "uv_size": [1, -1]}
							}
						},
						{
							"origin": [-0.17405, 2.4375, -1.25],
							"size": [0.3481, 0.25, 0.3125],
							"pivot": [0, 1.8125, -1.4375],
							"rotation": [0, 0, -22.5],
							"uv": {
								"north": {"uv": [48, 62], "uv_size": [1, 1]},
								"south": {"uv": [62, 48], "uv_size": [1, 1]},
								"up": {"uv": [50, 62], "uv_size": [1, 1]},
								"down": {"uv": [62, 51], "uv_size": [1, -1]}
							}
						},
						{
							"origin": [-0.17405, 2.4375, -1.25],
							"size": [0.3481, 0.25, 0.3125],
							"uv": {
								"north": {"uv": [52, 62], "uv_size": [1, 1]},
								"south": {"uv": [62, 52], "uv_size": [1, 1]},
								"up": {"uv": [54, 62], "uv_size": [1, 1]},
								"down": {"uv": [62, 55], "uv_size": [1, -1]}
							}
						},
						{
							"origin": [-0.17405, 2.4375, -1.25],
							"size": [0.3481, 0.25, 0.3125],
							"pivot": [0, 1.8125, -1.4375],
							"rotation": [0, 0, 22.5],
							"uv": {
								"north": {"uv": [56, 62], "uv_size": [1, 1]},
								"south": {"uv": [62, 56], "uv_size": [1, 1]},
								"up": {"uv": [58, 62], "uv_size": [1, 1]},
								"down": {"uv": [62, 59], "uv_size": [1, -1]}
							}
						},
						{
							"origin": [-0.17405, 2.4375, -1.25],
							"size": [0.3481, 0.25, 0.3125],
							"pivot": [0, 1.8125, -1.4375],
							"rotation": [0, 0, 45],
							"uv": {
								"north": {"uv": [60, 62], "uv_size": [1, 1]},
								"south": {"uv": [62, 60], "uv_size": [1, 1]},
								"up": {"uv": [62, 62], "uv_size": [1, 1]},
								"down": {"uv": [4, 64], "uv_size": [1, -1]}
							}
						},
						{
							"origin": [0.625, 1.63845, -1.25],
							"size": [0.25, 0.3481, 0.3125],
							"pivot": [0, 1.8125, -1.4375],
							"rotation": [0, 0, -22.5],
							"uv": {
								"north": {"uv": [6, 63], "uv_size": [1, 1]},
								"east": {"uv": [8, 63], "uv_size": [1, 1]},
								"south": {"uv": [10, 63], "uv_size": [1, 1]},
								"west": {"uv": [63, 16], "uv_size": [1, 1]}
							}
						},
						{
							"origin": [0.625, 1.63845, -1.25],
							"size": [0.25, 0.3481, 0.3125],
							"uv": {
								"north": {"uv": [63, 18], "uv_size": [1, 1]},
								"east": {"uv": [63, 22], "uv_size": [1, 1]},
								"south": {"uv": [63, 24], "uv_size": [1, 1]},
								"west": {"uv": [63, 26], "uv_size": [1, 1]}
							}
						},
						{
							"origin": [0.625, 1.63845, -1.25],
							"size": [0.25, 0.3481, 0.3125],
							"pivot": [0, 1.8125, -1.4375],
							"rotation": [0, 0, 22.5],
							"uv": {
								"north": {"uv": [28, 63], "uv_size": [1, 1]},
								"east": {"uv": [30, 63], "uv_size": [1, 1]},
								"south": {"uv": [63, 30], "uv_size": [1, 1]},
								"west": {"uv": [32, 63], "uv_size": [1, 1]}
							}
						},
						{
							"origin": [-0.875, 1.63845, -1.25],
							"size": [0.25, 0.3481, 0.3125],
							"pivot": [0, 1.8125, -1.4375],
							"rotation": [0, 0, -22.5],
							"uv": {
								"north": {"uv": [63, 36], "uv_size": [1, 1]},
								"east": {"uv": [42, 63], "uv_size": [1, 1]},
								"south": {"uv": [0, 64], "uv_size": [1, 1]},
								"west": {"uv": [64, 0], "uv_size": [1, 1]}
							}
						},
						{
							"origin": [-0.875, 1.63845, -1.25],
							"size": [0.25, 0.3481, 0.3125],
							"uv": {
								"north": {"uv": [2, 64], "uv_size": [1, 1]},
								"east": {"uv": [64, 2], "uv_size": [1, 1]},
								"south": {"uv": [64, 4], "uv_size": [1, 1]},
								"west": {"uv": [64, 6], "uv_size": [1, 1]}
							}
						},
						{
							"origin": [-0.875, 1.63845, -1.25],
							"size": [0.25, 0.3481, 0.3125],
							"pivot": [0, 1.8125, -1.4375],
							"rotation": [0, 0, 22.5],
							"uv": {
								"north": {"uv": [64, 8], "uv_size": [1, 1]},
								"east": {"uv": [64, 10], "uv_size": [1, 1]},
								"south": {"uv": [12, 64], "uv_size": [1, 1]},
								"west": {"uv": [64, 12], "uv_size": [1, 1]}
							}
						}
					]
				},
				{
					"name": "lens",
					"parent": "hide_when_ads",
					"pivot": [0.5, 0.375, -6.6875]
				},
				{
					"name": "ocular",
					"pivot": [0, 2.075, 5.225],
					"cubes": [
						{
							"origin": [-0.9625, 1.62105, 2.84625],
							"size": [1.925, 0.38291, 0],
							"pivot": [0, 1.8125, 2.29625],
							"rotation": [0, 0, 22.5],
							"uv": {
								"south": {"uv": [35, 2], "uv_size": [2, 1]}
							}
						},
						{
							"origin": [-0.9625, 1.62105, 2.84625],
							"size": [1.925, 0.38291, 0],
							"uv": {
								"south": {"uv": [5, 35], "uv_size": [2, 1]}
							}
						},
						{
							"origin": [-0.9625, 1.62105, 2.84625],
							"size": [1.925, 0.38291, 0],
							"pivot": [0, 1.8125, 2.29625],
							"rotation": [0, 0, -22.5],
							"uv": {
								"south": {"uv": [35, 14], "uv_size": [2, 1]}
							}
						},
						{
							"origin": [-0.19145, 0.85, 2.84625],
							"size": [0.38291, 1.925, 0],
							"pivot": [0, 1.8125, 2.29625],
							"rotation": [0, 0, 45],
							"uv": {
								"south": {"uv": [0, 35], "uv_size": [1, 2]}
							}
						},
						{
							"origin": [-0.19145, 0.85, 2.84625],
							"size": [0.38291, 1.925, 0],
							"pivot": [0, 1.8125, 2.29625],
							"rotation": [0, 0, 22.5],
							"uv": {
								"south": {"uv": [35, 16], "uv_size": [1, 2]}
							}
						},
						{
							"origin": [-0.19145, 0.85, 2.84625],
							"size": [0.38291, 1.925, 0],
							"uv": {
								"south": {"uv": [35, 24], "uv_size": [1, 2]}
							}
						},
						{
							"origin": [-0.19145, 0.85, 2.84625],
							"size": [0.38291, 1.925, 0],
							"pivot": [0, 1.8125, 2.29625],
							"rotation": [0, 0, -22.5],
							"uv": {
								"south": {"uv": [25, 35], "uv_size": [1, 2]}
							}
						},
						{
							"origin": [-0.19145, 0.85, 2.84625],
							"size": [0.38291, 1.925, 0],
							"pivot": [0, 1.8125, 2.29625],
							"rotation": [0, 0, -45],
							"uv": {
								"south": {"uv": [35, 27], "uv_size": [1, 2]}
							}
						}
					]
				},
				{
					"name": "ocular_ring",
					"pivot": [0, 0, 1.25]
				},
				{
					"name": "hexadecagon6",
					"parent": "ocular_ring",
					"pivot": [0, 0.6875, -0.1875],
					"cubes": [
						{
							"origin": [-0.21134, 0.75, 2.6875],
							"size": [0.42268, 0.125, 0.3125],
							"pivot": [0, 1.8125, 2.4375],
							"rotation": [0, 0, -45],
							"uv": {
								"north": {"uv": [14, 64], "uv_size": [1, 1]},
								"south": {"uv": [64, 14], "uv_size": [1, 1]},
								"up": {"uv": [16, 64], "uv_size": [1, 1]},
								"down": {"uv": [18, 65], "uv_size": [1, -1]}
							}
						},
						{
							"origin": [-0.21134, 0.75, 2.6875],
							"size": [0.42268, 0.125, 0.3125],
							"pivot": [0, 1.8125, 2.4375],
							"rotation": [0, 0, -22.5],
							"uv": {
								"north": {"uv": [20, 64], "uv_size": [1, 1]},
								"south": {"uv": [64, 20], "uv_size": [1, 1]},
								"up": {"uv": [22, 64], "uv_size": [1, 1]},
								"down": {"uv": [24, 65], "uv_size": [1, -1]}
							}
						},
						{
							"origin": [-0.21134, 0.75, 2.6875],
							"size": [0.42268, 0.125, 0.3125],
							"uv": {
								"north": {"uv": [26, 64], "uv_size": [1, 1]},
								"south": {"uv": [64, 28], "uv_size": [1, 1]},
								"up": {"uv": [64, 32], "uv_size": [1, 1]},
								"down": {"uv": [34, 65], "uv_size": [1, -1]}
							}
						},
						{
							"origin": [-0.21134, 0.75, 2.6875],
							"size": [0.42268, 0.125, 0.3125],
							"pivot": [0, 1.8125, 2.4375],
							"rotation": [0, 0, 22.5],
							"uv": {
								"north": {"uv": [64, 34], "uv_size": [1, 1]},
								"south": {"uv": [36, 64], "uv_size": [1, 1]},
								"up": {"uv": [38, 64], "uv_size": [1, 1]},
								"down": {"uv": [64, 39], "uv_size": [1, -1]}
							}
						},
						{
							"origin": [-0.21134, 0.75, 2.6875],
							"size": [0.42268, 0.125, 0.3125],
							"pivot": [0, 1.8125, 2.4375],
							"rotation": [0, 0, 45],
							"uv": {
								"north": {"uv": [40, 64], "uv_size": [1, 1]},
								"south": {"uv": [64, 40], "uv_size": [1, 1]},
								"up": {"uv": [64, 42], "uv_size": [1, 1]},
								"down": {"uv": [44, 65], "uv_size": [1, -1]}
							}
						},
						{
							"origin": [-0.21134, 2.75, 2.6875],
							"size": [0.42268, 0.125, 0.3125],
							"pivot": [0, 1.8125, 2.4375],
							"rotation": [0, 0, -45],
							"uv": {
								"north": {"uv": [64, 44], "uv_size": [1, 1]},
								"south": {"uv": [46, 64], "uv_size": [1, 1]},
								"up": {"uv": [64, 46], "uv_size": [1, 1]},
								"down": {"uv": [48, 65], "uv_size": [1, -1]}
							}
						},
						{
							"origin": [-0.21134, 2.75, 2.6875],
							"size": [0.42268, 0.125, 0.3125],
							"pivot": [0, 1.8125, 2.4375],
							"rotation": [0, 0, -22.5],
							"uv": {
								"north": {"uv": [64, 48], "uv_size": [1, 1]},
								"south": {"uv": [50, 64], "uv_size": [1, 1]},
								"up": {"uv": [64, 50], "uv_size": [1, 1]},
								"down": {"uv": [52, 65], "uv_size": [1, -1]}
							}
						},
						{
							"origin": [-0.21134, 2.75, 2.6875],
							"size": [0.42268, 0.125, 0.3125],
							"uv": {
								"north": {"uv": [64, 52], "uv_size": [1, 1]},
								"south": {"uv": [54, 64], "uv_size": [1, 1]},
								"up": {"uv": [64, 54], "uv_size": [1, 1]},
								"down": {"uv": [56, 65], "uv_size": [1, -1]}
							}
						},
						{
							"origin": [-0.21134, 2.75, 2.6875],
							"size": [0.42268, 0.125, 0.3125],
							"pivot": [0, 1.8125, 2.4375],
							"rotation": [0, 0, 22.5],
							"uv": {
								"north": {"uv": [64, 56], "uv_size": [1, 1]},
								"south": {"uv": [58, 64], "uv_size": [1, 1]},
								"up": {"uv": [64, 58], "uv_size": [1, 1]},
								"down": {"uv": [60, 65], "uv_size": [1, -1]}
							}
						},
						{
							"origin": [-0.21134, 2.75, 2.6875],
							"size": [0.42268, 0.125, 0.3125],
							"pivot": [0, 1.8125, 2.4375],
							"rotation": [0, 0, 45],
							"uv": {
								"north": {"uv": [64, 60], "uv_size": [1, 1]},
								"south": {"uv": [62, 64], "uv_size": [1, 1]},
								"up": {"uv": [64, 62], "uv_size": [1, 1]},
								"down": {"uv": [64, 65], "uv_size": [1, -1]}
							}
						},
						{
							"origin": [0.9375, 1.60116, 2.6875],
							"size": [0.125, 0.42268, 0.3125],
							"pivot": [0, 1.8125, 2.4375],
							"rotation": [0, 0, -22.5],
							"uv": {
								"north": {"uv": [4, 65], "uv_size": [1, 1]},
								"east": {"uv": [6, 65], "uv_size": [1, 1]},
								"south": {"uv": [8, 65], "uv_size": [1, 1]},
								"west": {"uv": [10, 65], "uv_size": [1, 1]}
							}
						},
						{
							"origin": [0.9375, 1.60116, 2.6875],
							"size": [0.125, 0.42268, 0.3125],
							"uv": {
								"north": {"uv": [65, 16], "uv_size": [1, 1]},
								"east": {"uv": [65, 18], "uv_size": [1, 1]},
								"south": {"uv": [65, 22], "uv_size": [1, 1]},
								"west": {"uv": [65, 24], "uv_size": [1, 1]}
							}
						},
						{
							"origin": [0.9375, 1.60116, 2.6875],
							"size": [0.125, 0.42268, 0.3125],
							"pivot": [0, 1.8125, 2.4375],
							"rotation": [0, 0, 22.5],
							"uv": {
								"north": {"uv": [65, 26], "uv_size": [1, 1]},
								"east": {"uv": [28, 65], "uv_size": [1, 1]},
								"south": {"uv": [30, 65], "uv_size": [1, 1]},
								"west": {"uv": [65, 30], "uv_size": [1, 1]}
							}
						},
						{
							"origin": [-1.0625, 1.60116, 2.6875],
							"size": [0.125, 0.42268, 0.3125],
							"pivot": [0, 1.8125, 2.4375],
							"rotation": [0, 0, -22.5],
							"uv": {
								"north": {"uv": [32, 65], "uv_size": [1, 1]},
								"east": {"uv": [65, 36], "uv_size": [1, 1]},
								"south": {"uv": [42, 65], "uv_size": [1, 1]},
								"west": {"uv": [0, 66], "uv_size": [1, 1]}
							}
						},
						{
							"origin": [-1.0625, 1.60116, 2.6875],
							"size": [0.125, 0.42268, 0.3125],
							"uv": {
								"north": {"uv": [66, 0], "uv_size": [1, 1]},
								"east": {"uv": [2, 66], "uv_size": [1, 1]},
								"south": {"uv": [66, 2], "uv_size": [1, 1]},
								"west": {"uv": [66, 4], "uv_size": [1, 1]}
							}
						},
						{
							"origin": [-1.0625, 1.60116, 2.6875],
							"size": [0.125, 0.42268, 0.3125],
							"pivot": [0, 1.8125, 2.4375],
							"rotation": [0, 0, 22.5],
							"uv": {
								"north": {"uv": [66, 6], "uv_size": [1, 1]},
								"east": {"uv": [66, 8], "uv_size": [1, 1]},
								"south": {"uv": [66, 10], "uv_size": [1, 1]},
								"west": {"uv": [12, 66], "uv_size": [1, 1]}
							}
						}
					]
				},
				{
					"name": "hexadecagon",
					"parent": "ocular_ring",
					"pivot": [0, 0.6875, -0.1875]
				},
				{
					"name": "division",
					"pivot": [-0.08437, 1.04688, -79.575],
					"cubes": [
						{
							"origin": [-26.1875, -25.21874, -80.75],
							"size": [52.375, 52.40625, 0.25],
							"uv": {
								"south": {"uv": [128, 128], "uv_size": [384, 384]}
							}
						},
						{
							"origin": [-92.89375, -75.20312, -80.75],
							"size": [66.70625, 152.375, 0.25],
							"uv": {
								"south": {"uv": [68, 0], "uv_size": [1, 1]}
							}
						},
						{
							"origin": [26.1875, -75.20312, -80.75],
							"size": [67.26875, 152.375, 0.25],
							"uv": {
								"south": {"uv": [68, 0], "uv_size": [1, 1]}
							}
						},
						{
							"origin": [-26.1875, 27.17188, -80.75],
							"size": [52.375, 50, 0.25],
							"uv": {
								"south": {"uv": [68, 0], "uv_size": [1, 1]}
							}
						},
						{
							"origin": [-26.1875, -75.20312, -80.75],
							"size": [52.375, 50, 0.25],
							"uv": {
								"south": {"uv": [68, 0], "uv_size": [1, 1]}
							}
						},
						{
							"origin": [-27, 1.375, -80.375],
							"size": [18, 0.5, 0],
							"pivot": [0, 1.625, -80.375],
							"rotation": [0, 0, -90],
							"uv": {
								"south": {"uv": [0, 68], "uv_size": [1, 1]}
							}
						},
						{
							"origin": [-0.35355, -7.625, -80.375],
							"size": [0.35355, 0.35355, 0],
							"pivot": [-0.10355, -7.375, -80.375],
							"rotation": [0, 0, -135],
							"uv": {
								"south": {"uv": [0, 68], "uv_size": [1, 1]}
							}
						},
						{
							"origin": [7.64645, 1.375, -80.375],
							"size": [0.35355, 0.35355, 0],
							"pivot": [7.89645, 1.625, -80.375],
							"rotation": [0, 0, -135],
							"uv": {
								"south": {"uv": [0, 68], "uv_size": [1, 1]}
							}
						},
						{
							"origin": [-8, 1.375, -80.375],
							"size": [0.35355, 0.35355, 0],
							"pivot": [-7.89645, 1.625, -80.375],
							"rotation": [0, 0, 135],
							"uv": {
								"south": {"uv": [1, 68], "uv_size": [-1, 1]}
							}
						},
						{
							"origin": [1, 1.57813, -80.375],
							"size": [15, 0.09375, 0],
							"uv": {
								"south": {"uv": [0, 68], "uv_size": [1, 1]}
							}
						},
						{
							"origin": [8, 1.375, -80.375],
							"size": [18, 0.5, 0],
							"uv": {
								"south": {"uv": [0, 68], "uv_size": [1, 1]}
							}
						},
						{
							"origin": [-26, 1.375, -80.375],
							"size": [18, 0.5, 0],
							"uv": {
								"south": {"uv": [0, 68], "uv_size": [1, 1]}
							}
						},
						{
							"origin": [-16, 1.57813, -80.375],
							"size": [15, 0.09375, 0],
							"uv": {
								"south": {"uv": [0, 68], "uv_size": [1, 1]}
							}
						},
						{
							"origin": [1, 1.57813, -80.375],
							"size": [25, 0.09375, 0],
							"pivot": [0, 1.625, -80.375],
							"rotation": [0, 0, -90],
							"uv": {
								"south": {"uv": [0, 68], "uv_size": [1, 1]}
							}
						},
						{
							"origin": [-16, 1.57813, -80.375],
							"size": [15, 0.09375, 0],
							"pivot": [0, 1.625, -80.375],
							"rotation": [0, 0, -90],
							"uv": {
								"south": {"uv": [0, 68], "uv_size": [1, 1]}
							}
						},
						{
							"origin": [-0.04687, -0.375, -80.375],
							"size": [0.09375, 1, 0],
							"pivot": [0, 0.125, -80.375],
							"rotation": [0, 0, -90],
							"uv": {
								"south": {"uv": [0, 68], "uv_size": [1, 1]}
							}
						},
						{
							"origin": [-0.04687, -1.375, -80.375],
							"size": [0.09375, 1, 0],
							"pivot": [0, -0.875, -80.375],
							"rotation": [0, 0, -90],
							"uv": {
								"south": {"uv": [0, 68], "uv_size": [1, 1]}
							}
						},
						{
							"origin": [-0.04687, -2.375, -80.375],
							"size": [0.09375, 1, 0],
							"pivot": [0, -1.875, -80.375],
							"rotation": [0, 0, -90],
							"uv": {
								"south": {"uv": [0, 68], "uv_size": [1, 1]}
							}
						},
						{
							"origin": [-0.04687, -3.625, -80.375],
							"size": [0.09375, 1, 0],
							"pivot": [0, -3.125, -80.375],
							"rotation": [0, 0, -90],
							"uv": {
								"south": {"uv": [0, 68], "uv_size": [1, 1]}
							}
						}
					]
				},
				{
					"name": "cross_illuminated",
					"parent": "division",
					"pivot": [0, 1.625, -80.3125],
					"cubes": [
						{
							"origin": [-0.75, 0.875, -80.3125],
							"size": [1.5, 1.5, 0],
							"pivot": [0, 1.625, -81.3125],
							"rotation": [0, 0, -45],
							"uv": {
								"south": {"uv": [112, 112], "uv_size": [16, 16]}
							}
						}
					]
				},
				{
					"name": "scope_view",
					"pivot": [0, 1.8125, 10.25]
				}
			]
		}
	]
}