{
	"format_version": "1.12.0",
	"minecraft:geometry": [
		{
			"description": {
				"identifier": "geometry.sight_coyote - Converted",
				"texture_width": 16,
				"texture_height": 16,
				"visible_bounds_width": 7,
				"visible_bounds_height": 3,
				"visible_bounds_offset": [0, 0.5, 0]
			},
			"bones": [
				{
					"name": "scope_body",
					"pivot": [0, -7.34375, -5.6875],
					"cubes": [
						{
							"origin": [-0.5, -0.28125, -3],
							"size": [1, 0.3125, 2.6875],
							"uv": {
								"north": {"uv": [2, 6], "uv_size": [1, 0.5]},
								"east": {"uv": [3, 0], "uv_size": [2.5, 0.5]},
								"south": {"uv": [6, 2], "uv_size": [1, 0.5]},
								"west": {"uv": [1, 3], "uv_size": [2.5, 0.5]},
								"up": {"uv": [0, 0], "uv_size": [1, 2.5]},
								"down": {"uv": [1, 2.5], "uv_size": [1, -2.5]}
							}
						},
						{
							"origin": [-0.375, 0.03125, -3],
							"size": [0.75, 0.125, 2.375],
							"uv": {
								"north": {"uv": [3, 6], "uv_size": [1, 0.5]},
								"east": {"uv": [3, 1], "uv_size": [2.5, 0.5]},
								"south": {"uv": [4, 6], "uv_size": [1, 0.5]},
								"west": {"uv": [3, 2], "uv_size": [2.5, 0.5]},
								"up": {"uv": [2, 0], "uv_size": [1, 2.5]},
								"down": {"uv": [0, 5.5], "uv_size": [1, -2.5]}
							}
						},
						{
							"origin": [-0.375, 0.16462, -2.35601],
							"size": [0.75, 0.125, 0.1875],
							"pivot": [0, -0.08538, -2.10601],
							"rotation": [-60, 0, 0],
							"uv": {
								"north": {"uv": [5, 6], "uv_size": [1, 0.5]},
								"east": {"uv": [10, 4], "uv_size": [0.5, 0.5]},
								"south": {"uv": [6, 6], "uv_size": [1, 0.5]},
								"west": {"uv": [5, 10], "uv_size": [0.5, 0.5]},
								"up": {"uv": [0, 7], "uv_size": [1, 0.5]},
								"down": {"uv": [1, 7.5], "uv_size": [1, -0.5]}
							}
						},
						{
							"origin": [-0.1875, 0.16462, -2.66851],
							"size": [0.375, 0.125, 0.3125],
							"pivot": [0, -0.08538, -2.10601],
							"rotation": [-60, 0, 0],
							"uv": {
								"north": {"uv": [10, 5], "uv_size": [0.5, 0.5]},
								"east": {"uv": [6, 10], "uv_size": [0.5, 0.5]},
								"south": {"uv": [10, 6], "uv_size": [0.5, 0.5]},
								"west": {"uv": [7, 10], "uv_size": [0.5, 0.5]},
								"up": {"uv": [10, 7], "uv_size": [0.5, 0.5]},
								"down": {"uv": [8, 10.5], "uv_size": [0.5, -0.5]}
							}
						},
						{
							"origin": [-0.375, 0.16462, -2.79351],
							"size": [0.75, 0.125, 0.125],
							"pivot": [0, -0.08538, -2.10601],
							"rotation": [-60, 0, 0],
							"uv": {
								"north": {"uv": [2, 7], "uv_size": [1, 0.5]},
								"east": {"uv": [10, 8], "uv_size": [0.5, 0.5]},
								"south": {"uv": [7, 2], "uv_size": [1, 0.5]},
								"west": {"uv": [9, 10], "uv_size": [0.5, 0.5]},
								"up": {"uv": [3, 7], "uv_size": [1, 0.5]},
								"down": {"uv": [7, 3.5], "uv_size": [1, -0.5]}
							}
						},
						{
							"origin": [-0.375, 0.57252, -2.8125],
							"size": [0.75, 0.125, 0.6875],
							"uv": {
								"north": {"uv": [4, 7], "uv_size": [1, 0.5]},
								"east": {"uv": [10, 9], "uv_size": [0.5, 0.5]},
								"south": {"uv": [7, 4], "uv_size": [1, 0.5]},
								"west": {"uv": [10, 10], "uv_size": [0.5, 0.5]},
								"up": {"uv": [5, 7], "uv_size": [1, 0.5]},
								"down": {"uv": [7, 5.5], "uv_size": [1, -0.5]}
							}
						},
						{
							"origin": [-0.375, 0.27676, -2.8125],
							"size": [0.75, 0.3125, 0.75],
							"uv": {
								"north": {"uv": [6, 7], "uv_size": [1, 0.5]},
								"east": {"uv": [7, 6], "uv_size": [1, 0.5]},
								"south": {"uv": [7, 7], "uv_size": [1, 0.5]},
								"west": {"uv": [0, 8], "uv_size": [1, 0.5]},
								"up": {"uv": [2, 4], "uv_size": [1, 1]},
								"down": {"uv": [3, 5], "uv_size": [1, -1]}
							}
						},
						{
							"origin": [-0.4375, 0.40176, -2.23047],
							"size": [0.875, 0.125, 0.125],
							"pivot": [0, 0.49551, -2.19922],
							"rotation": [-45, 0, 0],
							"uv": {
								"north": {"uv": [8, 0], "uv_size": [1, 0.5]},
								"east": {"uv": [0, 11], "uv_size": [0.5, 0.5]},
								"south": {"uv": [1, 8], "uv_size": [1, 0.5]},
								"west": {"uv": [11, 0], "uv_size": [0.5, 0.5]},
								"up": {"uv": [8, 1], "uv_size": [1, 0.5]},
								"down": {"uv": [2, 8.5], "uv_size": [1, -0.5]}
							}
						},
						{
							"origin": [-0.5625, 0.25613, -2.53125],
							"size": [1.125, 0.6875, 0.125],
							"uv": {
								"north": {"uv": [8, 2], "uv_size": [1, 0.5]},
								"east": {"uv": [1, 11], "uv_size": [0.5, 0.5]},
								"south": {"uv": [3, 8], "uv_size": [1, 0.5]},
								"west": {"uv": [11, 1], "uv_size": [0.5, 0.5]},
								"up": {"uv": [8, 3], "uv_size": [1, 0.5]},
								"down": {"uv": [4, 8.5], "uv_size": [1, -0.5]}
							}
						},
						{
							"origin": [-0.51451, -0.04722, -2.53125],
							"size": [0.1875, 0.375, 0.1875],
							"pivot": [-0.45201, 0.23403, -2.4375],
							"rotation": [0, 0, -45],
							"uv": {
								"north": {"uv": [2, 11], "uv_size": [0.5, 0.5]},
								"east": {"uv": [11, 2], "uv_size": [0.5, 0.5]},
								"south": {"uv": [3, 11], "uv_size": [0.5, 0.5]},
								"west": {"uv": [11, 3], "uv_size": [0.5, 0.5]},
								"up": {"uv": [4, 11], "uv_size": [0.5, 0.5]},
								"down": {"uv": [11, 4.5], "uv_size": [0.5, -0.5]}
							}
						},
						{
							"origin": [-0.5625, 0.25613, -2.40625],
							"size": [1.125, 0.5, 0.0625],
							"uv": {
								"north": {"uv": [8, 4], "uv_size": [1, 0.5]},
								"east": {"uv": [5, 11], "uv_size": [0.5, 0.5]},
								"south": {"uv": [5, 8], "uv_size": [1, 0.5]},
								"west": {"uv": [11, 5], "uv_size": [0.5, 0.5]},
								"up": {"uv": [8, 5], "uv_size": [1, 0.5]},
								"down": {"uv": [6, 8.5], "uv_size": [1, -0.5]}
							}
						},
						{
							"origin": [-0.5625, 0.7186, -2.44026],
							"size": [1.125, 0.125, 0.0625],
							"pivot": [0, 0.7811, -2.40901],
							"rotation": [42.5, 0, 0],
							"uv": {
								"north": {"uv": [8, 6], "uv_size": [1, 0.5]},
								"east": {"uv": [6, 11], "uv_size": [0.5, 0.5]},
								"south": {"uv": [7, 8], "uv_size": [1, 0.5]},
								"west": {"uv": [11, 6], "uv_size": [0.5, 0.5]},
								"up": {"uv": [8, 7], "uv_size": [1, 0.5]},
								"down": {"uv": [8, 8.5], "uv_size": [1, -0.5]}
							}
						},
						{
							"origin": [-0.375, 0.13113, -2.84375],
							"size": [0.75, 0.1875, 0.9375],
							"uv": {
								"north": {"uv": [0, 9], "uv_size": [1, 0.5]},
								"east": {"uv": [9, 0], "uv_size": [1, 0.5]},
								"south": {"uv": [1, 9], "uv_size": [1, 0.5]},
								"west": {"uv": [9, 1], "uv_size": [1, 0.5]},
								"up": {"uv": [4, 3], "uv_size": [1, 1]},
								"down": {"uv": [4, 5], "uv_size": [1, -1]}
							}
						},
						{
							"origin": [-0.5, 0.25613, -2.84375],
							"size": [1, 0.6875, 0.3125],
							"uv": {
								"north": {"uv": [2, 9], "uv_size": [1, 0.5]},
								"east": {"uv": [7, 11], "uv_size": [0.5, 0.5]},
								"south": {"uv": [9, 2], "uv_size": [1, 0.5]},
								"west": {"uv": [11, 7], "uv_size": [0.5, 0.5]},
								"up": {"uv": [3, 9], "uv_size": [1, 0.5]},
								"down": {"uv": [9, 3.5], "uv_size": [1, -0.5]}
							}
						},
						{
							"origin": [-0.2045, 0.48024, -2.84375],
							"size": [0.125, 0.3125, 0.3125],
							"pivot": [0.2955, 0.16774, -1.40625],
							"rotation": [0, 0, -45],
							"uv": {
								"north": {"uv": [8, 11], "uv_size": [0.5, 0.5]},
								"east": {"uv": [11, 8], "uv_size": [0.5, 0.5]},
								"south": {"uv": [9, 11], "uv_size": [0.5, 0.5]},
								"west": {"uv": [11, 9], "uv_size": [0.5, 0.5]},
								"up": {"uv": [10, 11], "uv_size": [0.5, 0.5]},
								"down": {"uv": [11, 10.5], "uv_size": [0.5, -0.5]}
							}
						},
						{
							"origin": [0.32701, -0.04722, -2.53125],
							"size": [0.1875, 0.375, 0.1875],
							"pivot": [0.45201, 0.23403, -2.4375],
							"rotation": [0, 0, 45],
							"uv": {
								"north": {"uv": [11, 11], "uv_size": [0.5, 0.5]},
								"east": {"uv": [0, 12], "uv_size": [0.5, 0.5]},
								"south": {"uv": [12, 0], "uv_size": [0.5, 0.5]},
								"west": {"uv": [1, 12], "uv_size": [0.5, 0.5]},
								"up": {"uv": [12, 1], "uv_size": [0.5, 0.5]},
								"down": {"uv": [2, 12.5], "uv_size": [0.5, -0.5]}
							}
						},
						{
							"origin": [0.0795, 0.48024, -2.84375],
							"size": [0.125, 0.3125, 0.3125],
							"pivot": [-0.2955, 0.16774, -1.40625],
							"rotation": [0, 0, 45],
							"uv": {
								"north": {"uv": [12, 2], "uv_size": [0.5, 0.5]},
								"east": {"uv": [3, 12], "uv_size": [0.5, 0.5]},
								"south": {"uv": [12, 3], "uv_size": [0.5, 0.5]},
								"west": {"uv": [4, 12], "uv_size": [0.5, 0.5]},
								"up": {"uv": [12, 4], "uv_size": [0.5, 0.5]},
								"down": {"uv": [5, 12.5], "uv_size": [0.5, -0.5]}
							}
						},
						{
							"origin": [-0.125, 0.94363, -2.84375],
							"size": [0.25, 0.125, 0.375],
							"uv": {
								"north": {"uv": [12, 5], "uv_size": [0.5, 0.5]},
								"east": {"uv": [6, 12], "uv_size": [0.5, 0.5]},
								"south": {"uv": [12, 6], "uv_size": [0.5, 0.5]},
								"west": {"uv": [7, 12], "uv_size": [0.5, 0.5]},
								"up": {"uv": [12, 7], "uv_size": [0.5, 0.5]},
								"down": {"uv": [8, 12.5], "uv_size": [0.5, -0.5]}
							}
						},
						{
							"origin": [-0.29419, 0.87355, -2.84375],
							"size": [0.25, 0.125, 0.375],
							"pivot": [-0.16919, 0.93605, -2.65625],
							"rotation": [0, 0, -45],
							"uv": {
								"north": {"uv": [12, 8], "uv_size": [0.5, 0.5]},
								"east": {"uv": [9, 12], "uv_size": [0.5, 0.5]},
								"south": {"uv": [12, 9], "uv_size": [0.5, 0.5]},
								"west": {"uv": [10, 12], "uv_size": [0.5, 0.5]},
								"up": {"uv": [12, 10], "uv_size": [0.5, 0.5]},
								"down": {"uv": [11, 12.5], "uv_size": [0.5, -0.5]}
							}
						},
						{
							"origin": [0.04419, 0.87355, -2.84375],
							"size": [0.25, 0.125, 0.375],
							"pivot": [0.16919, 0.93605, -2.65625],
							"rotation": [0, 0, 45],
							"uv": {
								"north": {"uv": [12, 11], "uv_size": [0.5, 0.5]},
								"east": {"uv": [12, 12], "uv_size": [0.5, 0.5]},
								"south": {"uv": [0, 13], "uv_size": [0.5, 0.5]},
								"west": {"uv": [13, 0], "uv_size": [0.5, 0.5]},
								"up": {"uv": [1, 13], "uv_size": [0.5, 0.5]},
								"down": {"uv": [13, 1.5], "uv_size": [0.5, -0.5]}
							}
						},
						{
							"origin": [-0.57767, 1.18291, -2.90625],
							"size": [0.1875, 0.125, 0.5],
							"pivot": [-0.51517, 1.24541, -2.65625],
							"rotation": [0, 0, 45],
							"uv": {
								"north": {"uv": [2, 13], "uv_size": [0.5, 0.5]},
								"east": {"uv": [13, 2], "uv_size": [0.5, 0.5]},
								"south": {"uv": [3, 13], "uv_size": [0.5, 0.5]},
								"west": {"uv": [13, 3], "uv_size": [0.5, 0.5]},
								"up": {"uv": [4, 13], "uv_size": [0.5, 0.5]},
								"down": {"uv": [13, 4.5], "uv_size": [0.5, -0.5]}
							}
						},
						{
							"origin": [0.39017, 1.18291, -2.90625],
							"size": [0.1875, 0.125, 0.5],
							"pivot": [0.51517, 1.24541, -2.65625],
							"rotation": [0, 0, -45],
							"uv": {
								"north": {"uv": [5, 13], "uv_size": [0.5, 0.5]},
								"east": {"uv": [13, 5], "uv_size": [0.5, 0.5]},
								"south": {"uv": [6, 13], "uv_size": [0.5, 0.5]},
								"west": {"uv": [13, 6], "uv_size": [0.5, 0.5]},
								"up": {"uv": [7, 13], "uv_size": [0.5, 0.5]},
								"down": {"uv": [13, 7.5], "uv_size": [0.5, -0.5]}
							}
						},
						{
							"origin": [-0.5, 0.56863, -2.90625],
							"size": [1, 0.375, 0.0625],
							"uv": {
								"north": {"uv": [4, 9], "uv_size": [1, 0.5]},
								"east": {"uv": [8, 13], "uv_size": [0.5, 0.5]},
								"south": {"uv": [9, 4], "uv_size": [1, 0.5]},
								"west": {"uv": [13, 8], "uv_size": [0.5, 0.5]},
								"up": {"uv": [5, 9], "uv_size": [1, 0.5]},
								"down": {"uv": [9, 5.5], "uv_size": [1, -0.5]}
							}
						},
						{
							"origin": [0.22097, 0.86727, -2.90625],
							"size": [0.1875, 0.3125, 0.5],
							"pivot": [0.72097, 1.05477, -2.875],
							"rotation": [0, 0, -45],
							"uv": {
								"north": {"uv": [9, 13], "uv_size": [0.5, 0.5]},
								"east": {"uv": [13, 9], "uv_size": [0.5, 0.5]},
								"south": {"uv": [10, 13], "uv_size": [0.5, 0.5]},
								"west": {"uv": [13, 10], "uv_size": [0.5, 0.5]},
								"up": {"uv": [11, 13], "uv_size": [0.5, 0.5]},
								"down": {"uv": [13, 11.5], "uv_size": [0.5, -0.5]}
							}
						},
						{
							"origin": [-1.34597, 1.47266, -2.90625],
							"size": [0.3125, 0.125, 0.5],
							"pivot": [-0.72097, 1.66016, -2.875],
							"rotation": [0, 0, 135],
							"uv": {
								"north": {"uv": [12, 13], "uv_size": [0.5, 0.5]},
								"east": {"uv": [13, 12], "uv_size": [0.5, 0.5]},
								"south": {"uv": [13, 13], "uv_size": [0.5, 0.5]},
								"west": {"uv": [0, 14], "uv_size": [0.5, 0.5]},
								"up": {"uv": [14, 0], "uv_size": [0.5, 0.5]},
								"down": {"uv": [1, 14.5], "uv_size": [0.5, -0.5]}
							}
						},
						{
							"origin": [-1.25758, 1.01371, -2.90625],
							"size": [1.3125, 0.125, 0.5],
							"pivot": [-0.44508, 1.20121, -2.875],
							"rotation": [0, 0, 90],
							"uv": {
								"north": {"uv": [1, 5], "uv_size": [1.5, 0.5]},
								"east": {"uv": [14, 1], "uv_size": [0.5, 0.5]},
								"south": {"uv": [3, 5], "uv_size": [1.5, 0.5]},
								"west": {"uv": [2, 14], "uv_size": [0.5, 0.5]},
								"up": {"uv": [5, 3], "uv_size": [1.5, 0.5]},
								"down": {"uv": [5, 4.5], "uv_size": [1.5, -0.5]}
							}
						},
						{
							"origin": [-0.44508, 1.13871, -2.90625],
							"size": [0.25758, 0.125, 0.5],
							"pivot": [-0.44508, 1.20121, -2.875],
							"rotation": [0, 0, 90],
							"uv": {
								"north": {"uv": [14, 2], "uv_size": [0.5, 0.5]},
								"east": {"uv": [3, 14], "uv_size": [0.5, 0.5]},
								"south": {"uv": [14, 3], "uv_size": [0.5, 0.5]},
								"west": {"uv": [4, 14], "uv_size": [0.5, 0.5]},
								"up": {"uv": [14, 4], "uv_size": [0.5, 0.5]},
								"down": {"uv": [5, 14.5], "uv_size": [0.5, -0.5]}
							}
						},
						{
							"origin": [-0.40847, 0.86727, -2.90625],
							"size": [0.1875, 0.3125, 0.5],
							"pivot": [-0.72097, 1.05477, -2.875],
							"rotation": [0, 0, 45],
							"uv": {
								"north": {"uv": [14, 5], "uv_size": [0.5, 0.5]},
								"east": {"uv": [6, 14], "uv_size": [0.5, 0.5]},
								"south": {"uv": [14, 6], "uv_size": [0.5, 0.5]},
								"west": {"uv": [7, 14], "uv_size": [0.5, 0.5]},
								"up": {"uv": [14, 7], "uv_size": [0.5, 0.5]},
								"down": {"uv": [8, 14.5], "uv_size": [0.5, -0.5]}
							}
						},
						{
							"origin": [-0.05492, 1.01371, -2.90625],
							"size": [1.3125, 0.125, 0.5],
							"pivot": [0.44508, 1.20121, -2.875],
							"rotation": [0, 0, -90],
							"uv": {
								"north": {"uv": [5, 5], "uv_size": [1.5, 0.5]},
								"east": {"uv": [14, 8], "uv_size": [0.5, 0.5]},
								"south": {"uv": [0, 6], "uv_size": [1.5, 0.5]},
								"west": {"uv": [9, 14], "uv_size": [0.5, 0.5]},
								"up": {"uv": [6, 0], "uv_size": [1.5, 0.5]},
								"down": {"uv": [6, 1.5], "uv_size": [1.5, -0.5]}
							}
						},
						{
							"origin": [0.1875, 1.13871, -2.90625],
							"size": [0.25759, 0.12499, 0.5],
							"pivot": [0.44508, 1.20121, -2.875],
							"rotation": [0, 0, -90],
							"uv": {
								"north": {"uv": [14, 9], "uv_size": [0.5, 0.5]},
								"east": {"uv": [10, 14], "uv_size": [0.5, 0.5]},
								"south": {"uv": [14, 10], "uv_size": [0.5, 0.5]},
								"west": {"uv": [11, 14], "uv_size": [0.5, 0.5]},
								"up": {"uv": [14, 11], "uv_size": [0.5, 0.5]},
								"down": {"uv": [12, 14.5], "uv_size": [0.5, -0.5]}
							}
						},
						{
							"origin": [1.03347, 1.47266, -2.90625],
							"size": [0.3125, 0.125, 0.5],
							"pivot": [0.72097, 1.66016, -2.875],
							"rotation": [0, 0, -135],
							"uv": {
								"north": {"uv": [14, 12], "uv_size": [0.5, 0.5]},
								"east": {"uv": [13, 14], "uv_size": [0.5, 0.5]},
								"south": {"uv": [14, 13], "uv_size": [0.5, 0.5]},
								"west": {"uv": [14, 14], "uv_size": [0.5, 0.5]},
								"up": {"uv": [0, 15], "uv_size": [0.5, 0.5]},
								"down": {"uv": [15, 0.5], "uv_size": [0.5, -0.5]}
							}
						},
						{
							"origin": [1.03661, 1.85968, -2.90625],
							"size": [0.82422, 0.125, 0.5],
							"pivot": [0.72411, 2.04718, -2.875],
							"rotation": [0, 0, -180],
							"uv": {
								"north": {"uv": [6, 9], "uv_size": [1, 0.5]},
								"east": {"uv": [1, 15], "uv_size": [0.5, 0.5]},
								"south": {"uv": [9, 6], "uv_size": [1, 0.5]},
								"west": {"uv": [15, 1], "uv_size": [0.5, 0.5]},
								"up": {"uv": [7, 9], "uv_size": [1, 0.5]},
								"down": {"uv": [9, 7.5], "uv_size": [1, -0.5]}
							}
						},
						{
							"origin": [-0.5, 0.03125, -0.625],
							"size": [1, 0.125, 0.1875],
							"uv": {
								"north": {"uv": [8, 9], "uv_size": [1, 0.5]},
								"east": {"uv": [2, 15], "uv_size": [0.5, 0.5]},
								"south": {"uv": [9, 8], "uv_size": [1, 0.5]},
								"west": {"uv": [15, 2], "uv_size": [0.5, 0.5]},
								"up": {"uv": [9, 9], "uv_size": [1, 0.5]},
								"down": {"uv": [0, 10.5], "uv_size": [1, -0.5]}
							}
						},
						{
							"origin": [-0.5, -0.29567, -1.10822],
							"size": [1, 0.125, 0.625],
							"pivot": [0, -0.54567, -1.79572],
							"rotation": [15, 0, 0],
							"uv": {
								"north": {"uv": [10, 0], "uv_size": [1, 0.5]},
								"east": {"uv": [3, 15], "uv_size": [0.5, 0.5]},
								"south": {"uv": [1, 10], "uv_size": [1, 0.5]},
								"west": {"uv": [15, 3], "uv_size": [0.5, 0.5]},
								"up": {"uv": [10, 1], "uv_size": [1, 0.5]},
								"down": {"uv": [2, 10.5], "uv_size": [1, -0.5]}
							}
						},
						{
							"origin": [-0.5, -0.01674, -0.50915],
							"size": [1, 0.125, 0.17578],
							"pivot": [0, 0.04576, -0.4154],
							"rotation": [-45, 0, 0],
							"uv": {
								"north": {"uv": [10, 2], "uv_size": [1, 0.5]},
								"east": {"uv": [4, 15], "uv_size": [0.5, 0.5]},
								"south": {"uv": [3, 10], "uv_size": [1, 0.5]},
								"west": {"uv": [15, 4], "uv_size": [0.5, 0.5]},
								"up": {"uv": [10, 3], "uv_size": [1, 0.5]},
								"down": {"uv": [4, 10.5], "uv_size": [1, -0.5]}
							}
						}
					]
				},
				{
					"name": "division",
					"pivot": [0.05, 0.95, -10.25]
				},
				{
					"name": "division_illuminated",
					"parent": "division",
					"pivot": [0.05, 1.06563, -16.9375],
					"cubes": [
						{
							"origin": [0.24307, 1.52321, -10],
							"size": [0.375, 0.0625, 0.0625],
							"uv": {
								"south": {"uv": [5, 15], "uv_size": [0.5, 0.5]}
							}
						},
						{
							"origin": [-0.61807, 1.52321, -10],
							"size": [0.375, 0.0625, 0.0625],
							"uv": {
								"south": {"uv": [15, 5], "uv_size": [0.5, 0.5]}
							}
						},
						{
							"origin": [-0.03125, 1.51563, -10],
							"size": [0.0625, 0.0625, 0.0625],
							"pivot": [0, 1.54688, -9.96875],
							"rotation": [0, 0, -45],
							"uv": {
								"south": {"uv": [7, 15], "uv_size": [0.5, 0.5]}
							}
						},
						{
							"origin": [-0.35669, 1.31139, -10],
							"size": [0.40625, 0.0625, 0.0625],
							"pivot": [-0.04419, 1.34264, -9.96875],
							"rotation": [0, 0, 45],
							"uv": {
								"south": {"uv": [6, 15], "uv_size": [0.5, 0.5]}
							}
						},
						{
							"origin": [-0.04956, 1.31139, -10],
							"size": [0.40625, 0.0625, 0.0625],
							"pivot": [0.04419, 1.34264, -9.96875],
							"rotation": [0, 0, -45],
							"uv": {
								"south": {"uv": [15, 6], "uv_size": [0.5, 0.5]}
							}
						}
					]
				},
				{
					"name": "ocular",
					"pivot": [0, 1, -0.975],
					"cubes": [
						{
							"origin": [-0.5, 0.89927, -2.669],
							"size": [1, 1.1875, 0],
							"uv": {
								"south": {"uv": [1, 4], "uv_size": [1, 1]}
							}
						}
					]
				},
				{
					"name": "scope_view",
					"pivot": [0, 1.575, 4.75]
				}
			]
		}
	]
}