{
	"format_version": "1.12.0",
	"minecraft:geometry": [
		{
			"description": {
				"identifier": "geometry.unknown",
				"texture_width": 32,
				"texture_height": 32,
				"visible_bounds_width": 3,
				"visible_bounds_height": 2.5,
				"visible_bounds_offset": [0, 0.75, 0]
			},
			"bones": [
				{
					"name": "bullet",
					"pivot": [0, -1, -12]
				},
				{
					"name": "bb_illuminated",
					"parent": "bullet",
					"pivot": [0, -1, -11.23438],
					"cubes": [
						{
							"origin": [0.23639, -0.52924, -7.5],
							"size": [-0.46875, -0.9375, -7.5],
							"uv": {
								"north": {"uv": [11, 0], "uv_size": [1, 1]},
								"east": {"uv": [0, 0], "uv_size": [10, 1]},
								"south": {"uv": [11, 2], "uv_size": [1, 1]},
								"west": {"uv": [0, 2], "uv_size": [10, 1]},
								"up": {"uv": [0, 4], "uv_size": [1, 10]},
								"down": {"uv": [2, 14], "uv_size": [1, -10]}
							}
						},
						{
							"origin": [0.47076, -0.76361, -7.5],
							"size": [-0.9375, -0.46875, -7.5],
							"uv": {
								"north": {"uv": [12, 12], "uv_size": [1, 1]},
								"east": {"uv": [4, 4], "uv_size": [10, 1]},
								"south": {"uv": [13, 0], "uv_size": [1, 1]},
								"west": {"uv": [4, 6], "uv_size": [10, 1]},
								"up": {"uv": [4, 8], "uv_size": [1, 10]},
								"down": {"uv": [6, 18], "uv_size": [1, -10]}
							}
						},
						{
							"origin": [-0.14062, -1.14062, -14.8125],
							"size": [0.28125, 0.28125, 7.21875],
							"uv": {
								"north": {"uv": [13, 2], "uv_size": [1, 1]},
								"east": {"uv": [8, 8], "uv_size": [10, 1]},
								"south": {"uv": [12, 14], "uv_size": [1, 1]},
								"west": {"uv": [8, 10], "uv_size": [10, 1]},
								"up": {"uv": [8, 12], "uv_size": [1, 10]},
								"down": {"uv": [10, 22], "uv_size": [1, -10]}
							}
						}
					]
				}
			]
		}
	]
}