{
  "model": "nmw3:gun/bal27_geo",
  "texture": "nmw3:gun/uv/bal27",
  "lod": {
    "model": "nmw3:gun/lod/bal27",
    "texture": "nmw3:gun/lod/bal27"
  },
  "hud": "nmw3:gun/hud/bal27",
  "slot": "nmw3:gun/slot/bal27",
  "animation": "nmw3:bal27",
  "use_default_animation": "rifle",
  "third_person_animation": "default",
  "transform": {
    "scale": {
      "thirdperson": [0.6, 0.6, 0.6],
      "ground": [0.6, 0.6, 0.6],
      "fixed": [1.2, 1.2, 1.2]
    }
  },
  "muzzle_flash": {
    "texture": "cod:flash/common_muzzle_flash",
    "scale": 0.75
  },
  "shell": {
    "initial_velocity": [5, 2, 1],
    "random_velocity": [1, 1, 0.25],
    "acceleration": [0.0, -10, 0.0],
    "angular_velocity": [360, -1200, 90],
    "living_time": 1.0
  },
  "ammo": {
    "tracer_color": "#e3c372"
  },
  "sounds": {
    "shoot": "nmw3:bal27/bal27_shoot",
    "shoot_3p": "nmw3:bal27/bal27_shoot",
    "silence": "nmw3:bal27/bal27_silence",
    "silence_3p": "nmw3:bal27/bal27_silence",
    "melee_push": "tacz:melee_stock/melee_stock_03",
    "melee_stock": "tacz:melee_stock/melee_stock_01"
  }
}