{
  "model": "nmw3:gun/jak_tyrant_geo",
  "texture": "nmw3:gun/uv/jak_tyrant",
  "lod": {
    "model": "nmw3:gun/lod/jak_tyrant",
    "texture": "nmw3:gun/lod/jak_tyrant"
  },
  "hud": "nmw3:gun/hud/jak_tyrant",
  "slot": "nmw3:gun/slot/jak_tyrant",
  "animation": "nmw3:longbow",
  "use_default_animation": "rifle",
  "transform": {
    "scale": {
      "thirdperson": [0.6, 0.6, 0.6],
      "ground": [0.6, 0.6, 0.6],
      "fixed": [1.2, 1.2, 1.2]
    }
  },
  "muzzle_flash": {
    "texture": "cod:flash/common_muzzle_flash",
    "scale": 1
  },
  "sounds": {
    "draw": "nmw3:longbow/longbow_draw",
    "shoot": "nmw3:longbow/longbow_shoot",
    "shoot_3p": "nmw3:longbow/longbow_shoot_3p",
    "silence": "nmw3:longbow/longbow_silence",
    "silence_3p": "nmw3:longbow/longbow_silence_3p",
    "put_away": "nmw3:longbow/longbow_put_away",
    "melee_bayonet": "tacz:melee_bayonet/melee_bayonet_01",
    "melee_push": "tacz:melee_stock/melee_stock_01",
    "melee_stock": "tacz:melee_stock/melee_stock_02"
  }
}