{
  "model": "nmw3:gun/jak_deathmarch_geo",
  "texture": "nmw3:gun/uv/jak_deathmarch",
  "lod": {
    "model": "nmw3:gun/lod/jak_deathmarch",
    "texture": "nmw3:gun/lod/jak_deathmarch"
  },
  "hud": "nmw3:gun/hud/jak_deathmarch",
  "slot": "nmw3:gun/slot/jak_deathmarch",
  "animation": "nmw3:bal27",
  "use_default_animation": "rifle",
  "third_person_animation": "default",
  "transform": {
    "scale": {
      "thirdperson": [0.6, 0.6, 0.6],
      "ground": [0.6, 0.6, 0.6],
      "fixed": [1.2, 1.2, 1.2]
    }
  },
  "muzzle_flash": {
    "texture": "cod:flash/heavies_muzzle_flash",
    "scale": 0.75
  },
  "shell": {
    "initial_velocity": [5, 2, 1],
    "random_velocity": [1, 1, 0.25],
    "acceleration": [0.0, -10, 0.0],
    "angular_velocity": [360, -1200, 90],
    "living_time": 1.0
  },
  "ammo": {
    "tracer_color": "#de004b"
  },
  "sounds": {
    "shoot": "nmw3:bal27/jak_deathmarch_shoot",
    "shoot_3p": "nmw3:bal27/jak_deathmarch_shoot",
    "melee_push": "tacz:melee_stock/melee_stock_03",
    "melee_stock": "tacz:melee_stock/melee_stock_01"
  }
}