{
  "parent": "minecraft:adventure/root",
  "criteria": {
    "4bore": {
      "conditions": {
        "items": [
          {
            "items": [
              "pointblank:4bore"
            ]
          }
        ]
      },
      "trigger": "minecraft:inventory_changed"
    }
  },
  "display": {
    "announce_to_chat": true,
    "description": "Obtain a 4 Bore Rifle.",
    "frame": "goal",
    "hidden": false,
    "icon": {
      "id": "pointblank:4bore.icon"
    },
    "show_toast": true,
    "title": "Shoulder Dislocator"
  },
  "requirements": [
    [
      "obtain_a_4_Bore_Rifle"
    ]
  ],
  "rewards": {
    "experience": 30
  },
  "sends_telemetry_event": false
}
