{
	"format_version": "1.12.0",
	"minecraft:geometry": [
		{
			"description": {
				"identifier": "geometry.unknown",
				"texture_width": 256,
				"texture_height": 256,
				"visible_bounds_width": 20,
				"visible_bounds_height": 11,
				"visible_bounds_offset": [0, 0.5, 0]
			},
			"bones": [
				{
					"name": "ocular_ring",
					"pivot": [8, -6.25, -0.45312],
					"cubes": [
						{
							"origin": [-0.38586, 0.50759, 7.73438],
							"size": [0.77172, 0.1131, 0.25],
							"pivot": [0, 1.43914, 6.73438],
							"rotation": [0, 0, 45],
							"uv": {
								"north": {"uv": [54, 53], "uv_size": [0.75, 0.25]},
								"east": {"uv": [16, 61], "uv_size": [0.25, 0.25]},
								"south": {"uv": [4, 55], "uv_size": [0.75, 0.25]},
								"west": {"uv": [61, 16], "uv_size": [0.25, 0.25]},
								"up": {"uv": [8, 55], "uv_size": [0.75, 0.25]},
								"down": {"uv": [55, 8.25], "uv_size": [0.75, -0.25]}
							}
						},
						{
							"origin": [-0.38586, 2.25759, 7.73438],
							"size": [0.77172, 0.1131, 0.25],
							"pivot": [0, 1.43914, 6.73438],
							"rotation": [0, 0, 45],
							"uv": {
								"north": {"uv": [12, 55], "uv_size": [0.75, 0.25]},
								"east": {"uv": [18, 61], "uv_size": [0.25, 0.25]},
								"south": {"uv": [55, 12], "uv_size": [0.75, 0.25]},
								"west": {"uv": [20, 61], "uv_size": [0.25, 0.25]},
								"up": {"uv": [55, 14], "uv_size": [0.75, 0.25]},
								"down": {"uv": [55, 16.25], "uv_size": [0.75, -0.25]}
							}
						},
						{
							"origin": [-0.38586, 2.25759, 7.73438],
							"size": [0.77172, 0.1131, 0.25],
							"uv": {
								"north": {"uv": [17, 55], "uv_size": [0.75, 0.25]},
								"east": {"uv": [61, 26], "uv_size": [0.25, 0.25]},
								"south": {"uv": [19, 55], "uv_size": [0.75, 0.25]},
								"west": {"uv": [28, 61], "uv_size": [0.25, 0.25]},
								"up": {"uv": [21, 55], "uv_size": [0.75, 0.25]},
								"down": {"uv": [55, 26.25], "uv_size": [0.75, -0.25]}
							}
						},
						{
							"origin": [-0.38586, 0.50759, 7.73438],
							"size": [0.77172, 0.1131, 0.25],
							"uv": {
								"north": {"uv": [55, 28], "uv_size": [0.75, 0.25]},
								"east": {"uv": [61, 28], "uv_size": [0.25, 0.25]},
								"south": {"uv": [29, 55], "uv_size": [0.75, 0.25]},
								"west": {"uv": [30, 61], "uv_size": [0.25, 0.25]},
								"up": {"uv": [55, 30], "uv_size": [0.75, 0.25]},
								"down": {"uv": [31, 55.25], "uv_size": [0.75, -0.25]}
							}
						},
						{
							"origin": [-0.93155, 1.05328, 7.73438],
							"size": [0.1131, 0.77172, 0.25],
							"pivot": [0, 1.43914, 6.73438],
							"rotation": [0, 0, 45],
							"uv": {
								"north": {"uv": [33, 55], "uv_size": [0.25, 0.75]},
								"east": {"uv": [55, 35], "uv_size": [0.25, 0.75]},
								"south": {"uv": [38, 55], "uv_size": [0.25, 0.75]},
								"west": {"uv": [55, 40], "uv_size": [0.25, 0.75]},
								"up": {"uv": [61, 30], "uv_size": [0.25, 0.25]},
								"down": {"uv": [32, 61.25], "uv_size": [0.25, -0.25]}
							}
						},
						{
							"origin": [0.81845, 1.05328, 7.73438],
							"size": [0.1131, 0.77172, 0.25],
							"pivot": [0, 1.43914, 6.73438],
							"rotation": [0, 0, 45],
							"uv": {
								"north": {"uv": [55, 42], "uv_size": [0.25, 0.75]},
								"east": {"uv": [55, 44], "uv_size": [0.25, 0.75]},
								"south": {"uv": [45, 55], "uv_size": [0.25, 0.75]},
								"west": {"uv": [55, 48], "uv_size": [0.25, 0.75]},
								"up": {"uv": [61, 34], "uv_size": [0.25, 0.25]},
								"down": {"uv": [36, 61.25], "uv_size": [0.25, -0.25]}
							}
						},
						{
							"origin": [-0.93155, 1.05328, 7.73438],
							"size": [0.1131, 0.77172, 0.25],
							"uv": {
								"north": {"uv": [54, 55], "uv_size": [0.25, 0.75]},
								"east": {"uv": [0, 56], "uv_size": [0.25, 0.75]},
								"south": {"uv": [56, 0], "uv_size": [0.25, 0.75]},
								"west": {"uv": [2, 56], "uv_size": [0.25, 0.75]},
								"up": {"uv": [61, 38], "uv_size": [0.25, 0.25]},
								"down": {"uv": [61, 40.25], "uv_size": [0.25, -0.25]}
							}
						},
						{
							"origin": [0.81845, 1.05328, 7.73438],
							"size": [0.1131, 0.77172, 0.25],
							"uv": {
								"north": {"uv": [56, 2], "uv_size": [0.25, 0.75]},
								"east": {"uv": [56, 4], "uv_size": [0.25, 0.75]},
								"south": {"uv": [6, 56], "uv_size": [0.25, 0.75]},
								"west": {"uv": [56, 6], "uv_size": [0.25, 0.75]},
								"up": {"uv": [61, 42], "uv_size": [0.25, 0.25]},
								"down": {"uv": [43, 61.25], "uv_size": [0.25, -0.25]}
							}
						}
					]
				},
				{
					"name": "scope_body",
					"pivot": [-1, 0.5625, -0.57812]
				},
				{
					"name": "dfgfgh2",
					"parent": "scope_body",
					"pivot": [8, -6.25, -0.45312],
					"cubes": [
						{
							"origin": [-0.38586, 0.50759, 6.23438],
							"size": [0.77172, 1.8631, 1.5],
							"pivot": [0, 1.43914, 6.73438],
							"rotation": [0, 0, 45],
							"uv": {
								"north": {"uv": [23, 18], "uv_size": [0.75, 1.75]},
								"east": {"uv": [17, 2], "uv_size": [1.5, 1.75]},
								"south": {"uv": [0, 24], "uv_size": [0.75, 1.75]},
								"west": {"uv": [17, 5], "uv_size": [1.5, 1.75]},
								"up": {"uv": [29, 8], "uv_size": [0.75, 1.5]},
								"down": {"uv": [15, 30.5], "uv_size": [0.75, -1.5]}
							}
						},
						{
							"origin": [-0.38586, 0.50759, 6.23438],
							"size": [0.77172, 1.8631, 1.5],
							"uv": {
								"north": {"uv": [2, 24], "uv_size": [0.75, 1.75]},
								"east": {"uv": [17, 8], "uv_size": [1.5, 1.75]},
								"south": {"uv": [4, 24], "uv_size": [0.75, 1.75]},
								"west": {"uv": [15, 18], "uv_size": [1.5, 1.75]},
								"up": {"uv": [29, 18], "uv_size": [0.75, 1.5]},
								"down": {"uv": [24, 30.5], "uv_size": [0.75, -1.5]}
							}
						},
						{
							"origin": [-0.93155, 1.05328, 6.23438],
							"size": [1.8631, 0.77172, 1.5],
							"pivot": [0, 1.43914, 6.73438],
							"rotation": [0, 0, 45],
							"uv": {
								"north": {"uv": [23, 10], "uv_size": [1.75, 0.75]},
								"east": {"uv": [29, 28], "uv_size": [1.5, 0.75]},
								"south": {"uv": [6, 24], "uv_size": [1.75, 0.75]},
								"west": {"uv": [0, 30], "uv_size": [1.5, 0.75]},
								"up": {"uv": [18, 18], "uv_size": [1.75, 1.5]},
								"down": {"uv": [20, 3.5], "uv_size": [1.75, -1.5]}
							}
						},
						{
							"origin": [-0.93155, 1.05328, 6.23438],
							"size": [1.8631, 0.77172, 1.5],
							"uv": {
								"north": {"uv": [9, 24], "uv_size": [1.75, 0.75]},
								"east": {"uv": [3, 30], "uv_size": [1.5, 0.75]},
								"south": {"uv": [12, 24], "uv_size": [1.75, 0.75]},
								"west": {"uv": [6, 30], "uv_size": [1.5, 0.75]},
								"up": {"uv": [20, 5], "uv_size": [1.75, 1.5]},
								"down": {"uv": [20, 9.5], "uv_size": [1.75, -1.5]}
							}
						}
					]
				},
				{
					"name": "bone34",
					"parent": "scope_body",
					"pivot": [0, -10.25, -3.57812]
				},
				{
					"name": "bone26",
					"parent": "bone34",
					"pivot": [0.8125, 1.4375, -6.70312],
					"rotation": [0, -10, 0],
					"cubes": [
						{
							"origin": [0.6875, 1.2045, -6.70312],
							"size": [0.125, 0.46599, 1.42188],
							"inflate": 0.0001,
							"uv": {
								"north": {"uv": [6, 58], "uv_size": [0.25, 0.5]},
								"east": {"uv": [32, 4], "uv_size": [1.5, 0.5]},
								"south": {"uv": [58, 6], "uv_size": [0.25, 0.5]},
								"west": {"uv": [6, 32], "uv_size": [1.5, 0.5]},
								"up": {"uv": [0, 46], "uv_size": [0.25, 1.5]},
								"down": {"uv": [2, 47.5], "uv_size": [0.25, -1.5]}
							}
						},
						{
							"origin": [0.6875, 1.10095, -6.70312],
							"size": [0.125, 0.10355, 1.42188],
							"pivot": [0.8125, 1.10095, -6.70312],
							"rotation": [4.25, 0, 0],
							"uv": {
								"north": {"uv": [61, 46], "uv_size": [0.25, 0.25]},
								"east": {"uv": [46, 0], "uv_size": [1.5, 0.25]},
								"south": {"uv": [51, 61], "uv_size": [0.25, 0.25]},
								"west": {"uv": [4, 46], "uv_size": [1.5, 0.25]},
								"up": {"uv": [7, 46], "uv_size": [0.25, 1.5]},
								"down": {"uv": [46, 9.5], "uv_size": [0.25, -1.5]}
							}
						},
						{
							"origin": [0.6875, 1.6705, -6.70312],
							"size": [0.125, 0.10355, 1.42188],
							"pivot": [0.8125, 1.77405, -6.70312],
							"rotation": [-4.25, 0, 0],
							"uv": {
								"north": {"uv": [61, 57], "uv_size": [0.25, 0.25]},
								"east": {"uv": [46, 4], "uv_size": [1.5, 0.25]},
								"south": {"uv": [0, 62], "uv_size": [0.25, 0.25]},
								"west": {"uv": [46, 11], "uv_size": [1.5, 0.25]},
								"up": {"uv": [12, 46], "uv_size": [0.25, 1.5]},
								"down": {"uv": [46, 14.5], "uv_size": [0.25, -1.5]}
							}
						}
					]
				},
				{
					"name": "bone32",
					"parent": "bone34",
					"pivot": [0, 2.25, -6.70312],
					"rotation": [0, -10, -90],
					"cubes": [
						{
							"origin": [-0.125, 2.017, -6.70312],
							"size": [0.125, 0.46599, 1.42188],
							"inflate": 0.0001,
							"uv": {
								"north": {"uv": [10, 58], "uv_size": [0.25, 0.5]},
								"east": {"uv": [32, 6], "uv_size": [1.5, 0.5]},
								"south": {"uv": [58, 10], "uv_size": [0.25, 0.5]},
								"west": {"uv": [9, 32], "uv_size": [1.5, 0.5]},
								"up": {"uv": [16, 46], "uv_size": [0.25, 1.5]},
								"down": {"uv": [46, 24.5], "uv_size": [0.25, -1.5]}
							}
						},
						{
							"origin": [-0.125, 1.91345, -6.70312],
							"size": [0.125, 0.10355, 1.42188],
							"pivot": [0, 1.91345, -6.70312],
							"rotation": [4.25, 0, 0],
							"uv": {
								"north": {"uv": [62, 0], "uv_size": [0.25, 0.25]},
								"east": {"uv": [24, 46], "uv_size": [1.5, 0.25]},
								"south": {"uv": [2, 62], "uv_size": [0.25, 0.25]},
								"west": {"uv": [46, 26], "uv_size": [1.5, 0.25]},
								"up": {"uv": [27, 46], "uv_size": [0.25, 1.5]},
								"down": {"uv": [29, 47.5], "uv_size": [0.25, -1.5]}
							}
						},
						{
							"origin": [-0.125, 2.483, -6.70312],
							"size": [0.125, 0.10355, 1.42188],
							"pivot": [0, 2.58655, -6.70312],
							"rotation": [-4.25, 0, 0],
							"uv": {
								"north": {"uv": [62, 2], "uv_size": [0.25, 0.25]},
								"east": {"uv": [31, 46], "uv_size": [1.5, 0.25]},
								"south": {"uv": [62, 4], "uv_size": [0.25, 0.25]},
								"west": {"uv": [46, 34], "uv_size": [1.5, 0.25]},
								"up": {"uv": [46, 36], "uv_size": [0.25, 1.5]},
								"down": {"uv": [38, 47.5], "uv_size": [0.25, -1.5]}
							}
						}
					]
				},
				{
					"name": "bone33",
					"parent": "bone34",
					"pivot": [0, 0.625, -6.70312],
					"rotation": [0, -10, 90],
					"cubes": [
						{
							"origin": [-0.125, 0.392, -6.70312],
							"size": [0.125, 0.46599, 1.42188],
							"inflate": 0.0001,
							"uv": {
								"north": {"uv": [14, 58], "uv_size": [0.25, 0.5]},
								"east": {"uv": [12, 32], "uv_size": [1.5, 0.5]},
								"south": {"uv": [58, 18], "uv_size": [0.25, 0.5]},
								"west": {"uv": [15, 32], "uv_size": [1.5, 0.5]},
								"up": {"uv": [40, 46], "uv_size": [0.25, 1.5]},
								"down": {"uv": [42, 47.5], "uv_size": [0.25, -1.5]}
							}
						},
						{
							"origin": [-0.125, 0.858, -6.70312],
							"size": [0.125, 0.10355, 1.42188],
							"pivot": [0, 0.96155, -6.70312],
							"rotation": [-4.25, 0, 0],
							"uv": {
								"north": {"uv": [6, 62], "uv_size": [0.25, 0.25]},
								"east": {"uv": [46, 42], "uv_size": [1.5, 0.25]},
								"south": {"uv": [62, 6], "uv_size": [0.25, 0.25]},
								"west": {"uv": [47, 16], "uv_size": [1.5, 0.25]},
								"up": {"uv": [18, 47], "uv_size": [0.25, 1.5]},
								"down": {"uv": [20, 48.5], "uv_size": [0.25, -1.5]}
							}
						},
						{
							"origin": [-0.125, 0.28845, -6.70312],
							"size": [0.125, 0.10355, 1.42188],
							"pivot": [0, 0.28845, -6.70312],
							"rotation": [4.25, 0, 0],
							"uv": {
								"north": {"uv": [10, 62], "uv_size": [0.25, 0.25]},
								"east": {"uv": [47, 28], "uv_size": [1.5, 0.25]},
								"south": {"uv": [62, 10], "uv_size": [0.25, 0.25]},
								"west": {"uv": [47, 30], "uv_size": [1.5, 0.25]},
								"up": {"uv": [44, 47], "uv_size": [0.25, 1.5]},
								"down": {"uv": [47, 45.5], "uv_size": [0.25, -1.5]}
							}
						}
					]
				},
				{
					"name": "bone30",
					"parent": "bone34",
					"pivot": [0.53033, 0.90717, -5.99604],
					"rotation": [0, -10, 45],
					"cubes": [
						{
							"origin": [0.3441, 0.67417, -6.70323],
							"size": [0.125, 0.46599, 1.42188],
							"inflate": 0.0001,
							"uv": {
								"north": {"uv": [58, 20], "uv_size": [0.25, 0.5]},
								"east": {"uv": [18, 32], "uv_size": [1.5, 0.5]},
								"south": {"uv": [22, 58], "uv_size": [0.25, 0.5]},
								"west": {"uv": [21, 32], "uv_size": [1.5, 0.5]},
								"up": {"uv": [46, 47], "uv_size": [0.25, 1.5]},
								"down": {"uv": [4, 49.5], "uv_size": [0.25, -1.5]}
							}
						},
						{
							"origin": [0.3441, 1.13732, -6.77997],
							"size": [0.125, 0.10355, 1.42188],
							"pivot": [0.4691, 0.20818, -6.70323],
							"rotation": [-4.25, 0, 0],
							"uv": {
								"north": {"uv": [14, 62], "uv_size": [0.25, 0.25]},
								"east": {"uv": [48, 2], "uv_size": [1.5, 0.25]},
								"south": {"uv": [62, 18], "uv_size": [0.25, 0.25]},
								"west": {"uv": [48, 6], "uv_size": [1.5, 0.25]},
								"up": {"uv": [48, 8], "uv_size": [0.25, 1.5]},
								"down": {"uv": [9, 49.5], "uv_size": [0.25, -1.5]}
							}
						},
						{
							"origin": [0.3441, 0.56962, -6.67637],
							"size": [0.125, 0.10355, 1.42188],
							"pivot": [0.4691, 0.20818, -6.70323],
							"rotation": [4.25, 0, 0],
							"uv": {
								"north": {"uv": [62, 20], "uv_size": [0.25, 0.25]},
								"east": {"uv": [48, 13], "uv_size": [1.5, 0.25]},
								"south": {"uv": [22, 62], "uv_size": [0.25, 0.25]},
								"west": {"uv": [48, 18], "uv_size": [1.5, 0.25]},
								"up": {"uv": [14, 48], "uv_size": [0.25, 1.5]},
								"down": {"uv": [48, 21.5], "uv_size": [0.25, -1.5]}
							}
						}
					]
				},
				{
					"name": "bone28",
					"parent": "bone34",
					"pivot": [-0.53033, 1.96783, -5.99604],
					"rotation": [0, 10, 45],
					"cubes": [
						{
							"origin": [-0.4691, 1.73483, -6.70323],
							"size": [0.125, 0.46599, 1.42188],
							"inflate": 0.0001,
							"uv": {
								"north": {"uv": [58, 22], "uv_size": [0.25, 0.5]},
								"east": {"uv": [32, 27], "uv_size": [1.5, 0.5]},
								"south": {"uv": [24, 58], "uv_size": [0.25, 0.5]},
								"west": {"uv": [29, 32], "uv_size": [1.5, 0.5]},
								"up": {"uv": [22, 48], "uv_size": [0.25, 1.5]},
								"down": {"uv": [48, 24.5], "uv_size": [0.25, -1.5]}
							}
						},
						{
							"origin": [-0.4691, 1.63413, -6.77997],
							"size": [0.125, 0.10355, 1.42188],
							"pivot": [-0.4691, 2.66682, -6.70323],
							"rotation": [4.25, 0, 0],
							"uv": {
								"north": {"uv": [62, 22], "uv_size": [0.25, 0.25]},
								"east": {"uv": [24, 48], "uv_size": [1.5, 0.25]},
								"south": {"uv": [24, 62], "uv_size": [0.25, 0.25]},
								"west": {"uv": [31, 48], "uv_size": [1.5, 0.25]},
								"up": {"uv": [34, 48], "uv_size": [0.25, 1.5]},
								"down": {"uv": [36, 49.5], "uv_size": [0.25, -1.5]}
							}
						},
						{
							"origin": [-0.4691, 2.20182, -6.67637],
							"size": [0.125, 0.10355, 1.42188],
							"pivot": [-0.4691, 2.66682, -6.70323],
							"rotation": [-4.25, 0, 0],
							"uv": {
								"north": {"uv": [62, 24], "uv_size": [0.25, 0.25]},
								"east": {"uv": [48, 32], "uv_size": [1.5, 0.25]},
								"south": {"uv": [26, 62], "uv_size": [0.25, 0.25]},
								"west": {"uv": [48, 36], "uv_size": [1.5, 0.25]},
								"up": {"uv": [48, 38], "uv_size": [0.25, 1.5]},
								"down": {"uv": [48, 48.5], "uv_size": [0.25, -1.5]}
							}
						}
					]
				},
				{
					"name": "bone29",
					"parent": "bone34",
					"pivot": [0.53033, 1.96783, -5.99604],
					"rotation": [0, -10, -45],
					"cubes": [
						{
							"origin": [0.3441, 1.73483, -6.70323],
							"size": [0.125, 0.46599, 1.42188],
							"inflate": 0.0001,
							"uv": {
								"north": {"uv": [58, 24], "uv_size": [0.25, 0.5]},
								"east": {"uv": [32, 29], "uv_size": [1.5, 0.5]},
								"south": {"uv": [26, 58], "uv_size": [0.25, 0.5]},
								"west": {"uv": [32, 31], "uv_size": [1.5, 0.5]},
								"up": {"uv": [0, 49], "uv_size": [0.25, 1.5]},
								"down": {"uv": [2, 50.5], "uv_size": [0.25, -1.5]}
							}
						},
						{
							"origin": [0.3441, 1.63413, -6.77997],
							"size": [0.125, 0.10355, 1.42188],
							"pivot": [0.4691, 2.66682, -6.70323],
							"rotation": [4.25, 0, 0],
							"uv": {
								"north": {"uv": [62, 32], "uv_size": [0.25, 0.25]},
								"east": {"uv": [49, 0], "uv_size": [1.5, 0.25]},
								"south": {"uv": [34, 62], "uv_size": [0.25, 0.25]},
								"west": {"uv": [49, 4], "uv_size": [1.5, 0.25]},
								"up": {"uv": [6, 49], "uv_size": [0.25, 1.5]},
								"down": {"uv": [11, 50.5], "uv_size": [0.25, -1.5]}
							}
						},
						{
							"origin": [0.3441, 2.20182, -6.67637],
							"size": [0.125, 0.10355, 1.42188],
							"pivot": [0.4691, 2.66682, -6.70323],
							"rotation": [-4.25, 0, 0],
							"uv": {
								"north": {"uv": [62, 36], "uv_size": [0.25, 0.25]},
								"east": {"uv": [49, 11], "uv_size": [1.5, 0.25]},
								"south": {"uv": [38, 62], "uv_size": [0.25, 0.25]},
								"west": {"uv": [49, 26], "uv_size": [1.5, 0.25]},
								"up": {"uv": [16, 49], "uv_size": [0.25, 1.5]},
								"down": {"uv": [27, 50.5], "uv_size": [0.25, -1.5]}
							}
						}
					]
				},
				{
					"name": "bone31",
					"parent": "bone34",
					"pivot": [-0.53033, 0.90717, -5.99604],
					"rotation": [0, 10, -45],
					"cubes": [
						{
							"origin": [-0.4691, 0.67417, -6.70323],
							"size": [0.125, 0.46599, 1.42188],
							"inflate": 0.0001,
							"uv": {
								"north": {"uv": [58, 32], "uv_size": [0.25, 0.5]},
								"east": {"uv": [33, 10], "uv_size": [1.5, 0.5]},
								"south": {"uv": [35, 58], "uv_size": [0.25, 0.5]},
								"west": {"uv": [33, 12], "uv_size": [1.5, 0.5]},
								"up": {"uv": [29, 49], "uv_size": [0.25, 1.5]},
								"down": {"uv": [38, 50.5], "uv_size": [0.25, -1.5]}
							}
						},
						{
							"origin": [-0.4691, 1.13732, -6.77997],
							"size": [0.125, 0.10355, 1.42188],
							"pivot": [-0.4691, 0.20818, -6.70323],
							"rotation": [-4.25, 0, 0],
							"uv": {
								"north": {"uv": [40, 62], "uv_size": [0.25, 0.25]},
								"east": {"uv": [49, 34], "uv_size": [1.5, 0.25]},
								"south": {"uv": [62, 44], "uv_size": [0.25, 0.25]},
								"west": {"uv": [40, 49], "uv_size": [1.5, 0.25]},
								"up": {"uv": [49, 41], "uv_size": [0.25, 1.5]},
								"down": {"uv": [49, 45.5], "uv_size": [0.25, -1.5]}
							}
						},
						{
							"origin": [-0.4691, 0.56962, -6.67637],
							"size": [0.125, 0.10355, 1.42188],
							"pivot": [-0.4691, 0.20818, -6.70323],
							"rotation": [4.25, 0, 0],
							"uv": {
								"north": {"uv": [45, 62], "uv_size": [0.25, 0.25]},
								"east": {"uv": [50, 8], "uv_size": [1.5, 0.25]},
								"south": {"uv": [47, 62], "uv_size": [0.25, 0.25]},
								"west": {"uv": [50, 15], "uv_size": [1.5, 0.25]},
								"up": {"uv": [18, 50], "uv_size": [0.25, 1.5]},
								"down": {"uv": [20, 51.5], "uv_size": [0.25, -1.5]}
							}
						}
					]
				},
				{
					"name": "bone27",
					"parent": "bone34",
					"pivot": [-0.8125, 1.4375, -6.70312],
					"rotation": [0, 10, 0],
					"cubes": [
						{
							"origin": [-0.8125, 1.2045, -6.70312],
							"size": [0.125, 0.46599, 1.42188],
							"inflate": 0.0001,
							"uv": {
								"north": {"uv": [58, 36], "uv_size": [0.25, 0.5]},
								"east": {"uv": [33, 14], "uv_size": [1.5, 0.5]},
								"south": {"uv": [39, 58], "uv_size": [0.25, 0.5]},
								"west": {"uv": [33, 21], "uv_size": [1.5, 0.5]},
								"up": {"uv": [50, 20], "uv_size": [0.25, 1.5]},
								"down": {"uv": [50, 24.5], "uv_size": [0.25, -1.5]}
							}
						},
						{
							"origin": [-0.8125, 1.10095, -6.70312],
							"size": [0.125, 0.10355, 1.42188],
							"pivot": [-0.8125, 1.10095, -6.70312],
							"rotation": [4.25, 0, 0],
							"uv": {
								"north": {"uv": [62, 48], "uv_size": [0.25, 0.25]},
								"east": {"uv": [24, 50], "uv_size": [1.5, 0.25]},
								"south": {"uv": [49, 62], "uv_size": [0.25, 0.25]},
								"west": {"uv": [50, 28], "uv_size": [1.5, 0.25]},
								"up": {"uv": [31, 50], "uv_size": [0.25, 1.5]},
								"down": {"uv": [50, 39.5], "uv_size": [0.25, -1.5]}
							}
						},
						{
							"origin": [-0.8125, 1.6705, -6.70312],
							"size": [0.125, 0.10355, 1.42188],
							"pivot": [-0.8125, 1.77405, -6.70312],
							"rotation": [-4.25, 0, 0],
							"uv": {
								"north": {"uv": [62, 50], "uv_size": [0.25, 0.25]},
								"east": {"uv": [50, 30], "uv_size": [1.5, 0.25]},
								"south": {"uv": [62, 52], "uv_size": [0.25, 0.25]},
								"west": {"uv": [43, 50], "uv_size": [1.5, 0.25]},
								"up": {"uv": [46, 50], "uv_size": [0.25, 1.5]},
								"down": {"uv": [50, 48.5], "uv_size": [0.25, -1.5]}
							}
						}
					]
				},
				{
					"name": "bone35",
					"parent": "scope_body",
					"pivot": [0, 1.375, 5.92188],
					"rotation": [180, 0, 0]
				},
				{
					"name": "bone36",
					"parent": "bone35",
					"pivot": [0.8125, 1.3125, 5.29688],
					"rotation": [0, -10, 0],
					"cubes": [
						{
							"origin": [0.86115, 1.0795, 5.59418],
							"size": [0.125, 0.46599, 2.10938],
							"inflate": 0.0001,
							"uv": {
								"north": {"uv": [41, 58], "uv_size": [0.25, 0.5]},
								"east": {"uv": [9, 30], "uv_size": [2, 0.5]},
								"south": {"uv": [58, 45], "uv_size": [0.25, 0.5]},
								"west": {"uv": [30, 11], "uv_size": [2, 0.5]},
								"up": {"uv": [34, 35], "uv_size": [0.25, 2]},
								"down": {"uv": [0, 38], "uv_size": [0.25, -2]}
							}
						},
						{
							"origin": [0.86115, 0.90297, 5.59147],
							"size": [0.125, 0.16605, 2.10938],
							"pivot": [0.8125, 0.97595, 5.29688],
							"rotation": [4.25, 0, 0],
							"uv": {
								"north": {"uv": [53, 62], "uv_size": [0.25, 0.25]},
								"east": {"uv": [35, 31], "uv_size": [2, 0.25]},
								"south": {"uv": [62, 54], "uv_size": [0.25, 0.25]},
								"west": {"uv": [2, 36], "uv_size": [2, 0.25]},
								"up": {"uv": [5, 36], "uv_size": [0.25, 2]},
								"down": {"uv": [7, 38], "uv_size": [0.25, -2]}
							}
						},
						{
							"origin": [0.86115, 1.55598, 5.59147],
							"size": [0.125, 0.16605, 2.10938],
							"pivot": [0.8125, 1.64905, 5.29688],
							"rotation": [-4.25, 0, 0],
							"uv": {
								"north": {"uv": [55, 62], "uv_size": [0.25, 0.25]},
								"east": {"uv": [9, 36], "uv_size": [2, 0.25]},
								"south": {"uv": [57, 62], "uv_size": [0.25, 0.25]},
								"west": {"uv": [36, 10], "uv_size": [2, 0.25]},
								"up": {"uv": [12, 36], "uv_size": [0.25, 2]},
								"down": {"uv": [36, 14], "uv_size": [0.25, -2]}
							}
						}
					]
				},
				{
					"name": "bone37",
					"parent": "bone35",
					"pivot": [0, 2.125, 5.29688],
					"rotation": [0, -10, -90],
					"cubes": [
						{
							"origin": [0.04865, 1.892, 5.59418],
							"size": [0.125, 0.46599, 2.10938],
							"inflate": 0.0001,
							"uv": {
								"north": {"uv": [46, 58], "uv_size": [0.25, 0.5]},
								"east": {"uv": [12, 30], "uv_size": [2, 0.5]},
								"south": {"uv": [48, 58], "uv_size": [0.25, 0.5]},
								"west": {"uv": [30, 13], "uv_size": [2, 0.5]},
								"up": {"uv": [14, 36], "uv_size": [0.25, 2]},
								"down": {"uv": [36, 17], "uv_size": [0.25, -2]}
							}
						},
						{
							"origin": [0.04865, 1.71547, 5.59147],
							"size": [0.125, 0.16605, 2.10938],
							"pivot": [0, 1.78845, 5.29688],
							"rotation": [4.25, 0, 0],
							"uv": {
								"north": {"uv": [59, 62], "uv_size": [0.25, 0.25]},
								"east": {"uv": [36, 21], "uv_size": [2, 0.25]},
								"south": {"uv": [62, 59], "uv_size": [0.25, 0.25]},
								"west": {"uv": [25, 36], "uv_size": [2, 0.25]},
								"up": {"uv": [28, 36], "uv_size": [0.25, 2]},
								"down": {"uv": [30, 38], "uv_size": [0.25, -2]}
							}
						},
						{
							"origin": [0.04865, 2.36848, 5.59147],
							"size": [0.125, 0.16605, 2.10938],
							"pivot": [0, 2.46155, 5.29688],
							"rotation": [-4.25, 0, 0],
							"uv": {
								"north": {"uv": [61, 62], "uv_size": [0.25, 0.25]},
								"east": {"uv": [36, 35], "uv_size": [2, 0.25]},
								"south": {"uv": [4, 63], "uv_size": [0.25, 0.25]},
								"west": {"uv": [37, 2], "uv_size": [2, 0.25]},
								"up": {"uv": [32, 36], "uv_size": [0.25, 2]},
								"down": {"uv": [37, 6], "uv_size": [0.25, -2]}
							}
						}
					]
				},
				{
					"name": "bone38",
					"parent": "bone35",
					"pivot": [0, 0.5, 5.29688],
					"rotation": [0, -10, 90],
					"cubes": [
						{
							"origin": [0.04865, 0.267, 5.59418],
							"size": [0.125, 0.46599, 2.10938],
							"inflate": 0.0001,
							"uv": {
								"north": {"uv": [50, 58], "uv_size": [0.25, 0.5]},
								"east": {"uv": [30, 15], "uv_size": [2, 0.5]},
								"south": {"uv": [58, 50], "uv_size": [0.25, 0.5]},
								"west": {"uv": [17, 30], "uv_size": [2, 0.5]},
								"up": {"uv": [37, 7], "uv_size": [0.25, 2]},
								"down": {"uv": [16, 39], "uv_size": [0.25, -2]}
							}
						},
						{
							"origin": [0.04865, 0.74348, 5.59147],
							"size": [0.125, 0.16605, 2.10938],
							"pivot": [0, 0.83655, 5.29688],
							"rotation": [-4.25, 0, 0],
							"uv": {
								"north": {"uv": [8, 63], "uv_size": [0.25, 0.25]},
								"east": {"uv": [18, 37], "uv_size": [2, 0.25]},
								"south": {"uv": [63, 8], "uv_size": [0.25, 0.25]},
								"west": {"uv": [37, 18], "uv_size": [2, 0.25]},
								"up": {"uv": [21, 37], "uv_size": [0.25, 2]},
								"down": {"uv": [23, 39], "uv_size": [0.25, -2]}
							}
						},
						{
							"origin": [0.04865, 0.09047, 5.59147],
							"size": [0.125, 0.16605, 2.10938],
							"pivot": [0, 0.16345, 5.29688],
							"rotation": [4.25, 0, 0],
							"uv": {
								"north": {"uv": [12, 63], "uv_size": [0.25, 0.25]},
								"east": {"uv": [37, 23], "uv_size": [2, 0.25]},
								"south": {"uv": [63, 12], "uv_size": [0.25, 0.25]},
								"west": {"uv": [37, 25], "uv_size": [2, 0.25]},
								"up": {"uv": [37, 27], "uv_size": [0.25, 2]},
								"down": {"uv": [36, 39], "uv_size": [0.25, -2]}
							}
						}
					]
				},
				{
					"name": "bone39",
					"parent": "bone35",
					"pivot": [0.53033, 0.78217, 6.00396],
					"rotation": [0, -10, 45],
					"cubes": [
						{
							"origin": [0.51775, 0.54917, 5.59407],
							"size": [0.125, 0.46599, 2.10938],
							"inflate": 0.0001,
							"uv": {
								"north": {"uv": [58, 52], "uv_size": [0.25, 0.5]},
								"east": {"uv": [20, 30], "uv_size": [2, 0.5]},
								"south": {"uv": [58, 54], "uv_size": [0.25, 0.5]},
								"west": {"uv": [30, 21], "uv_size": [2, 0.5]},
								"up": {"uv": [2, 38], "uv_size": [0.25, 2]},
								"down": {"uv": [9, 40], "uv_size": [0.25, -2]}
							}
						},
						{
							"origin": [0.51775, 1.0228, 5.51462],
							"size": [0.125, 0.16605, 2.10938],
							"pivot": [0.4691, 0.08318, 5.29677],
							"rotation": [-4.25, 0, 0],
							"uv": {
								"north": {"uv": [63, 14], "uv_size": [0.25, 0.25]},
								"east": {"uv": [37, 33], "uv_size": [2, 0.25]},
								"south": {"uv": [16, 63], "uv_size": [0.25, 0.25]},
								"west": {"uv": [38, 0], "uv_size": [2, 0.25]},
								"up": {"uv": [38, 12], "uv_size": [0.25, 2]},
								"down": {"uv": [38, 17], "uv_size": [0.25, -2]}
							}
						},
						{
							"origin": [0.51775, 0.37164, 5.61822],
							"size": [0.125, 0.16605, 2.10938],
							"pivot": [0.4691, 0.08318, 5.29677],
							"rotation": [4.25, 0, 0],
							"uv": {
								"north": {"uv": [63, 16], "uv_size": [0.25, 0.25]},
								"east": {"uv": [25, 38], "uv_size": [2, 0.25]},
								"south": {"uv": [18, 63], "uv_size": [0.25, 0.25]},
								"west": {"uv": [38, 30], "uv_size": [2, 0.25]},
								"up": {"uv": [34, 38], "uv_size": [0.25, 2]},
								"down": {"uv": [38, 39], "uv_size": [0.25, -2]}
							}
						}
					]
				},
				{
					"name": "bone40",
					"parent": "bone35",
					"pivot": [-0.53033, 1.84283, 6.00396],
					"rotation": [0, 10, 45],
					"cubes": [
						{
							"origin": [-0.64275, 1.60983, 5.59407],
							"size": [0.125, 0.46599, 2.10938],
							"inflate": 0.0001,
							"uv": {
								"north": {"uv": [55, 58], "uv_size": [0.25, 0.5]},
								"east": {"uv": [30, 23], "uv_size": [2, 0.5]},
								"south": {"uv": [58, 56], "uv_size": [0.25, 0.5]},
								"west": {"uv": [30, 25], "uv_size": [2, 0.5]},
								"up": {"uv": [0, 39], "uv_size": [0.25, 2]},
								"down": {"uv": [4, 41], "uv_size": [0.25, -2]}
							}
						},
						{
							"origin": [-0.64275, 1.43615, 5.51462],
							"size": [0.125, 0.16605, 2.10938],
							"pivot": [-0.4691, 2.54182, 5.29677],
							"rotation": [4.25, 0, 0],
							"uv": {
								"north": {"uv": [20, 63], "uv_size": [0.25, 0.25]},
								"east": {"uv": [39, 4], "uv_size": [2, 0.25]},
								"south": {"uv": [63, 26], "uv_size": [0.25, 0.25]},
								"west": {"uv": [6, 39], "uv_size": [2, 0.25]},
								"up": {"uv": [39, 6], "uv_size": [0.25, 2]},
								"down": {"uv": [39, 11], "uv_size": [0.25, -2]}
							}
						},
						{
							"origin": [-0.64275, 2.0873, 5.61822],
							"size": [0.125, 0.16605, 2.10938],
							"pivot": [-0.4691, 2.54182, 5.29677],
							"rotation": [-4.25, 0, 0],
							"uv": {
								"north": {"uv": [28, 63], "uv_size": [0.25, 0.25]},
								"east": {"uv": [11, 39], "uv_size": [2, 0.25]},
								"south": {"uv": [63, 28], "uv_size": [0.25, 0.25]},
								"west": {"uv": [18, 39], "uv_size": [2, 0.25]},
								"up": {"uv": [14, 39], "uv_size": [0.25, 2]},
								"down": {"uv": [39, 22], "uv_size": [0.25, -2]}
							}
						}
					]
				},
				{
					"name": "bone41",
					"parent": "bone35",
					"pivot": [0.53033, 1.84283, 6.00396],
					"rotation": [0, -10, -45],
					"cubes": [
						{
							"origin": [0.51775, 1.60983, 5.59407],
							"size": [0.125, 0.46599, 2.10938],
							"inflate": 0.0001,
							"uv": {
								"north": {"uv": [57, 58], "uv_size": [0.25, 0.5]},
								"east": {"uv": [29, 30], "uv_size": [2, 0.5]},
								"south": {"uv": [4, 59], "uv_size": [0.25, 0.5]},
								"west": {"uv": [31, 8], "uv_size": [2, 0.5]},
								"up": {"uv": [39, 27], "uv_size": [0.25, 2]},
								"down": {"uv": [28, 41], "uv_size": [0.25, -2]}
							}
						},
						{
							"origin": [0.51775, 1.43615, 5.51462],
							"size": [0.125, 0.16605, 2.10938],
							"pivot": [0.4691, 2.54182, 5.29677],
							"rotation": [4.25, 0, 0],
							"uv": {
								"north": {"uv": [30, 63], "uv_size": [0.25, 0.25]},
								"east": {"uv": [30, 39], "uv_size": [2, 0.25]},
								"south": {"uv": [63, 30], "uv_size": [0.25, 0.25]},
								"west": {"uv": [39, 35], "uv_size": [2, 0.25]},
								"up": {"uv": [40, 12], "uv_size": [0.25, 2]},
								"down": {"uv": [40, 17], "uv_size": [0.25, -2]}
							}
						},
						{
							"origin": [0.51775, 2.0873, 5.61822],
							"size": [0.125, 0.16605, 2.10938],
							"pivot": [0.4691, 2.54182, 5.29677],
							"rotation": [-4.25, 0, 0],
							"uv": {
								"north": {"uv": [32, 63], "uv_size": [0.25, 0.25]},
								"east": {"uv": [40, 2], "uv_size": [2, 0.25]},
								"south": {"uv": [63, 34], "uv_size": [0.25, 0.25]},
								"west": {"uv": [40, 18], "uv_size": [2, 0.25]},
								"up": {"uv": [16, 40], "uv_size": [0.25, 2]},
								"down": {"uv": [21, 42], "uv_size": [0.25, -2]}
							}
						}
					]
				},
				{
					"name": "bone42",
					"parent": "bone35",
					"pivot": [-0.53033, 0.78217, 6.00396],
					"rotation": [0, 10, -45],
					"cubes": [
						{
							"origin": [-0.64275, 0.54917, 5.59407],
							"size": [0.125, 0.46599, 2.10938],
							"inflate": 0.0001,
							"uv": {
								"north": {"uv": [8, 59], "uv_size": [0.25, 0.5]},
								"east": {"uv": [31, 17], "uv_size": [2, 0.5]},
								"south": {"uv": [59, 8], "uv_size": [0.25, 0.5]},
								"west": {"uv": [31, 19], "uv_size": [2, 0.5]},
								"up": {"uv": [23, 40], "uv_size": [0.25, 2]},
								"down": {"uv": [40, 25], "uv_size": [0.25, -2]}
							}
						},
						{
							"origin": [-0.64275, 1.0228, 5.51462],
							"size": [0.125, 0.16605, 2.10938],
							"pivot": [-0.4691, 0.08318, 5.29677],
							"rotation": [-4.25, 0, 0],
							"uv": {
								"north": {"uv": [36, 63], "uv_size": [0.25, 0.25]},
								"east": {"uv": [25, 40], "uv_size": [2, 0.25]},
								"south": {"uv": [63, 38], "uv_size": [0.25, 0.25]},
								"west": {"uv": [40, 32], "uv_size": [2, 0.25]},
								"up": {"uv": [36, 40], "uv_size": [0.25, 2]},
								"down": {"uv": [40, 39], "uv_size": [0.25, -2]}
							}
						},
						{
							"origin": [-0.64275, 0.37164, 5.61822],
							"size": [0.125, 0.16605, 2.10938],
							"pivot": [-0.4691, 0.08318, 5.29677],
							"rotation": [4.25, 0, 0],
							"uv": {
								"north": {"uv": [63, 40], "uv_size": [0.25, 0.25]},
								"east": {"uv": [38, 40], "uv_size": [2, 0.25]},
								"south": {"uv": [42, 63], "uv_size": [0.25, 0.25]},
								"west": {"uv": [41, 0], "uv_size": [2, 0.25]},
								"up": {"uv": [2, 41], "uv_size": [0.25, 2]},
								"down": {"uv": [6, 43], "uv_size": [0.25, -2]}
							}
						}
					]
				},
				{
					"name": "bone43",
					"parent": "bone35",
					"pivot": [-0.8125, 1.3125, 5.29688],
					"rotation": [0, 10, 0],
					"cubes": [
						{
							"origin": [-0.98615, 1.0795, 5.59418],
							"size": [0.125, 0.46599, 2.10938],
							"inflate": 0.0001,
							"uv": {
								"north": {"uv": [12, 59], "uv_size": [0.25, 0.5]},
								"east": {"uv": [26, 31], "uv_size": [2, 0.5]},
								"south": {"uv": [59, 12], "uv_size": [0.25, 0.5]},
								"west": {"uv": [0, 32], "uv_size": [2, 0.5]},
								"up": {"uv": [41, 6], "uv_size": [0.25, 2]},
								"down": {"uv": [8, 43], "uv_size": [0.25, -2]}
							}
						},
						{
							"origin": [-0.98615, 0.90297, 5.59147],
							"size": [0.125, 0.16605, 2.10938],
							"pivot": [-0.8125, 0.97595, 5.29688],
							"rotation": [4.25, 0, 0],
							"uv": {
								"north": {"uv": [63, 42], "uv_size": [0.25, 0.25]},
								"east": {"uv": [41, 9], "uv_size": [2, 0.25]},
								"south": {"uv": [63, 46], "uv_size": [0.25, 0.25]},
								"west": {"uv": [10, 41], "uv_size": [2, 0.25]},
								"up": {"uv": [18, 41], "uv_size": [0.25, 2]},
								"down": {"uv": [41, 22], "uv_size": [0.25, -2]}
							}
						},
						{
							"origin": [-0.98615, 1.55598, 5.59147],
							"size": [0.125, 0.16605, 2.10938],
							"pivot": [-0.8125, 1.64905, 5.29688],
							"rotation": [-4.25, 0, 0],
							"uv": {
								"north": {"uv": [51, 63], "uv_size": [0.25, 0.25]},
								"east": {"uv": [41, 26], "uv_size": [2, 0.25]},
								"south": {"uv": [63, 56], "uv_size": [0.25, 0.25]},
								"west": {"uv": [41, 28], "uv_size": [2, 0.25]},
								"up": {"uv": [30, 41], "uv_size": [0.25, 2]},
								"down": {"uv": [32, 43], "uv_size": [0.25, -2]}
							}
						}
					]
				},
				{
					"name": "dfghj",
					"parent": "scope_body",
					"pivot": [0, -6.5625, -15.32812],
					"cubes": [
						{
							"origin": [-0.33655, 0.625, -7.45312],
							"size": [0.6731, 1.625, 0.75],
							"pivot": [0, 1.4375, -7.32812],
							"rotation": [0, 0, 45],
							"uv": {
								"north": {"uv": [15, 24], "uv_size": [0.75, 1.75]},
								"east": {"uv": [17, 24], "uv_size": [0.75, 1.75]},
								"south": {"uv": [19, 24], "uv_size": [0.75, 1.75]},
								"west": {"uv": [21, 24], "uv_size": [0.75, 1.75]},
								"up": {"uv": [35, 2], "uv_size": [0.75, 0.75]},
								"down": {"uv": [35, 4.75], "uv_size": [0.75, -0.75]}
							}
						},
						{
							"origin": [-0.33655, 0.625, -7.45312],
							"size": [0.6731, 1.625, 0.75],
							"uv": {
								"north": {"uv": [24, 21], "uv_size": [0.75, 1.75]},
								"east": {"uv": [23, 24], "uv_size": [0.75, 1.75]},
								"south": {"uv": [25, 18], "uv_size": [0.75, 1.75]},
								"west": {"uv": [25, 24], "uv_size": [0.75, 1.75]},
								"up": {"uv": [35, 6], "uv_size": [0.75, 0.75]},
								"down": {"uv": [23, 35.75], "uv_size": [0.75, -0.75]}
							}
						},
						{
							"origin": [-0.8125, 1.10095, -7.45312],
							"size": [1.625, 0.6731, 0.75],
							"pivot": [0, 1.4375, -7.32812],
							"rotation": [0, 0, 45],
							"uv": {
								"north": {"uv": [26, 2], "uv_size": [1.75, 0.75]},
								"east": {"uv": [35, 23], "uv_size": [0.75, 0.75]},
								"south": {"uv": [26, 4], "uv_size": [1.75, 0.75]},
								"west": {"uv": [35, 25], "uv_size": [0.75, 0.75]},
								"up": {"uv": [6, 26], "uv_size": [1.75, 0.75]},
								"down": {"uv": [26, 6.75], "uv_size": [1.75, -0.75]}
							}
						},
						{
							"origin": [-0.8125, 1.10095, -7.45312],
							"size": [1.625, 0.6731, 0.75],
							"uv": {
								"north": {"uv": [26, 8], "uv_size": [1.75, 0.75]},
								"east": {"uv": [35, 27], "uv_size": [0.75, 0.75]},
								"south": {"uv": [9, 26], "uv_size": [1.75, 0.75]},
								"west": {"uv": [35, 29], "uv_size": [0.75, 0.75]},
								"up": {"uv": [26, 10], "uv_size": [1.75, 0.75]},
								"down": {"uv": [12, 26.75], "uv_size": [1.75, -0.75]}
							}
						},
						{
							"origin": [-0.33655, 0.625, -7.89062],
							"size": [0.6731, 1.625, 0.3125],
							"pivot": [0, 1.4375, -7.76562],
							"rotation": [0, 0, 45],
							"uv": {
								"north": {"uv": [26, 21], "uv_size": [0.75, 1.75]},
								"east": {"uv": [44, 42], "uv_size": [0.25, 1.75]},
								"south": {"uv": [0, 27], "uv_size": [0.75, 1.75]},
								"west": {"uv": [10, 45], "uv_size": [0.25, 1.75]},
								"up": {"uv": [10, 56], "uv_size": [0.75, 0.25]},
								"down": {"uv": [56, 10.25], "uv_size": [0.75, -0.25]}
							}
						},
						{
							"origin": [-0.33655, 0.625, -7.89062],
							"size": [0.6731, 1.625, 0.3125],
							"uv": {
								"north": {"uv": [2, 27], "uv_size": [0.75, 1.75]},
								"east": {"uv": [14, 45], "uv_size": [0.25, 1.75]},
								"south": {"uv": [4, 27], "uv_size": [0.75, 1.75]},
								"west": {"uv": [45, 16], "uv_size": [0.25, 1.75]},
								"up": {"uv": [14, 56], "uv_size": [0.75, 0.25]},
								"down": {"uv": [56, 18.25], "uv_size": [0.75, -0.25]}
							}
						},
						{
							"origin": [-0.8125, 1.10095, -7.89062],
							"size": [1.625, 0.6731, 0.3125],
							"pivot": [0, 1.4375, -7.76562],
							"rotation": [0, 0, 45],
							"uv": {
								"north": {"uv": [27, 12], "uv_size": [1.75, 0.75]},
								"east": {"uv": [56, 20], "uv_size": [0.25, 0.75]},
								"south": {"uv": [27, 14], "uv_size": [1.75, 0.75]},
								"west": {"uv": [56, 22], "uv_size": [0.25, 0.75]},
								"up": {"uv": [45, 2], "uv_size": [1.75, 0.25]},
								"down": {"uv": [45, 6.25], "uv_size": [1.75, -0.25]}
							}
						},
						{
							"origin": [-0.8125, 1.10095, -7.89062],
							"size": [1.625, 0.6731, 0.3125],
							"uv": {
								"north": {"uv": [15, 27], "uv_size": [1.75, 0.75]},
								"east": {"uv": [23, 56], "uv_size": [0.25, 0.75]},
								"south": {"uv": [27, 16], "uv_size": [1.75, 0.75]},
								"west": {"uv": [56, 24], "uv_size": [0.25, 0.75]},
								"up": {"uv": [19, 45], "uv_size": [1.75, 0.25]},
								"down": {"uv": [45, 19.25], "uv_size": [1.75, -0.25]}
							}
						},
						{
							"origin": [-0.33655, 0.625, -8.32812],
							"size": [0.6731, 1.625, 0.3125],
							"pivot": [0, 1.4375, -8.20312],
							"rotation": [0, 0, 45],
							"uv": {
								"north": {"uv": [18, 27], "uv_size": [0.75, 1.75]},
								"east": {"uv": [22, 45], "uv_size": [0.25, 1.75]},
								"south": {"uv": [27, 18], "uv_size": [0.75, 1.75]},
								"west": {"uv": [45, 29], "uv_size": [0.25, 1.75]},
								"up": {"uv": [25, 56], "uv_size": [0.75, 0.25]},
								"down": {"uv": [27, 56.25], "uv_size": [0.75, -0.25]}
							}
						},
						{
							"origin": [-0.33655, 0.625, -8.32812],
							"size": [0.6731, 1.625, 0.3125],
							"uv": {
								"north": {"uv": [20, 27], "uv_size": [0.75, 1.75]},
								"east": {"uv": [34, 45], "uv_size": [0.25, 1.75]},
								"south": {"uv": [22, 27], "uv_size": [0.75, 1.75]},
								"west": {"uv": [36, 45], "uv_size": [0.25, 1.75]},
								"up": {"uv": [56, 32], "uv_size": [0.75, 0.25]},
								"down": {"uv": [35, 56.25], "uv_size": [0.75, -0.25]}
							}
						},
						{
							"origin": [-0.8125, 1.10095, -8.32812],
							"size": [1.625, 0.6731, 0.3125],
							"pivot": [0, 1.4375, -8.20312],
							"rotation": [0, 0, 45],
							"uv": {
								"north": {"uv": [24, 27], "uv_size": [1.75, 0.75]},
								"east": {"uv": [56, 37], "uv_size": [0.25, 0.75]},
								"south": {"uv": [27, 24], "uv_size": [1.75, 0.75]},
								"west": {"uv": [40, 56], "uv_size": [0.25, 0.75]},
								"up": {"uv": [45, 21], "uv_size": [1.75, 0.25]},
								"down": {"uv": [45, 32.25], "uv_size": [1.75, -0.25]}
							}
						},
						{
							"origin": [-0.8125, 1.10095, -8.32812],
							"size": [1.625, 0.6731, 0.3125],
							"uv": {
								"north": {"uv": [27, 26], "uv_size": [1.75, 0.75]},
								"east": {"uv": [42, 56], "uv_size": [0.25, 0.75]},
								"south": {"uv": [6, 28], "uv_size": [1.75, 0.75]},
								"west": {"uv": [56, 46], "uv_size": [0.25, 0.75]},
								"up": {"uv": [45, 40], "uv_size": [1.75, 0.25]},
								"down": {"uv": [44, 45.25], "uv_size": [1.75, -0.25]}
							}
						},
						{
							"origin": [-0.33655, 2.125, -8.76562],
							"size": [0.6731, 0.125, 0.3125],
							"pivot": [0, 1.4375, -8.64062],
							"rotation": [0, 0, 45],
							"uv": {
								"north": {"uv": [47, 56], "uv_size": [0.75, 0.25]},
								"east": {"uv": [63, 61], "uv_size": [0.25, 0.25]},
								"south": {"uv": [49, 56], "uv_size": [0.75, 0.25]},
								"west": {"uv": [63, 63], "uv_size": [0.25, 0.25]},
								"up": {"uv": [56, 50], "uv_size": [0.75, 0.25]},
								"down": {"uv": [51, 56.25], "uv_size": [0.75, -0.25]}
							}
						},
						{
							"origin": [-0.33655, 0.625, -8.76562],
							"size": [0.6731, 0.125, 0.3125],
							"pivot": [0, 1.4375, -8.64062],
							"rotation": [0, 0, 45],
							"uv": {
								"north": {"uv": [56, 52], "uv_size": [0.75, 0.25]},
								"east": {"uv": [0, 64], "uv_size": [0.25, 0.25]},
								"south": {"uv": [56, 54], "uv_size": [0.75, 0.25]},
								"west": {"uv": [64, 0], "uv_size": [0.25, 0.25]},
								"up": {"uv": [56, 56], "uv_size": [0.75, 0.25]},
								"down": {"uv": [4, 57.25], "uv_size": [0.75, -0.25]}
							}
						},
						{
							"origin": [-0.33655, 2.125, -8.76562],
							"size": [0.6731, 0.125, 0.3125],
							"uv": {
								"north": {"uv": [8, 57], "uv_size": [0.75, 0.25]},
								"east": {"uv": [2, 64], "uv_size": [0.25, 0.25]},
								"south": {"uv": [57, 8], "uv_size": [0.75, 0.25]},
								"west": {"uv": [64, 2], "uv_size": [0.25, 0.25]},
								"up": {"uv": [12, 57], "uv_size": [0.75, 0.25]},
								"down": {"uv": [57, 12.25], "uv_size": [0.75, -0.25]}
							}
						},
						{
							"origin": [-0.33655, 0.625, -8.76562],
							"size": [0.6731, 0.125, 0.3125],
							"uv": {
								"north": {"uv": [57, 14], "uv_size": [0.75, 0.25]},
								"east": {"uv": [64, 4], "uv_size": [0.25, 0.25]},
								"south": {"uv": [16, 57], "uv_size": [0.75, 0.25]},
								"west": {"uv": [6, 64], "uv_size": [0.25, 0.25]},
								"up": {"uv": [57, 16], "uv_size": [0.75, 0.25]},
								"down": {"uv": [18, 57.25], "uv_size": [0.75, -0.25]}
							}
						},
						{
							"origin": [-0.8125, 1.10095, -8.76562],
							"size": [0.125, 0.6731, 0.3125],
							"pivot": [0, 1.4375, -8.64062],
							"rotation": [0, 0, 45],
							"uv": {
								"north": {"uv": [20, 57], "uv_size": [0.25, 0.75]},
								"east": {"uv": [57, 26], "uv_size": [0.25, 0.75]},
								"south": {"uv": [57, 28], "uv_size": [0.25, 0.75]},
								"west": {"uv": [29, 57], "uv_size": [0.25, 0.75]},
								"up": {"uv": [64, 6], "uv_size": [0.25, 0.25]},
								"down": {"uv": [10, 64.25], "uv_size": [0.25, -0.25]}
							}
						},
						{
							"origin": [0.6875, 1.10095, -8.76562],
							"size": [0.125, 0.6731, 0.3125],
							"pivot": [0, 1.4375, -8.64062],
							"rotation": [0, 0, 45],
							"uv": {
								"north": {"uv": [57, 30], "uv_size": [0.25, 0.75]},
								"east": {"uv": [31, 57], "uv_size": [0.25, 0.75]},
								"south": {"uv": [33, 57], "uv_size": [0.25, 0.75]},
								"west": {"uv": [57, 34], "uv_size": [0.25, 0.75]},
								"up": {"uv": [64, 10], "uv_size": [0.25, 0.25]},
								"down": {"uv": [14, 64.25], "uv_size": [0.25, -0.25]}
							}
						},
						{
							"origin": [0.6875, 1.10095, -8.76562],
							"size": [0.125, 0.6731, 0.3125],
							"uv": {
								"north": {"uv": [37, 57], "uv_size": [0.25, 0.75]},
								"east": {"uv": [57, 39], "uv_size": [0.25, 0.75]},
								"south": {"uv": [57, 41], "uv_size": [0.25, 0.75]},
								"west": {"uv": [57, 43], "uv_size": [0.25, 0.75]},
								"up": {"uv": [64, 18], "uv_size": [0.25, 0.25]},
								"down": {"uv": [64, 20.25], "uv_size": [0.25, -0.25]}
							}
						},
						{
							"origin": [-0.8125, 1.10095, -8.76562],
							"size": [0.125, 0.6731, 0.3125],
							"uv": {
								"north": {"uv": [44, 57], "uv_size": [0.25, 0.75]},
								"east": {"uv": [57, 48], "uv_size": [0.25, 0.75]},
								"south": {"uv": [53, 57], "uv_size": [0.25, 0.75]},
								"west": {"uv": [0, 58], "uv_size": [0.25, 0.75]},
								"up": {"uv": [22, 64], "uv_size": [0.25, 0.25]},
								"down": {"uv": [64, 22.25], "uv_size": [0.25, -0.25]}
							}
						}
					]
				},
				{
					"name": "dfghfdgh",
					"parent": "scope_body",
					"pivot": [8, -6.5625, -13.57812],
					"cubes": [
						{
							"origin": [-0.233, 0.875, -5.32812],
							"size": [0.46599, 1.125, 9.5],
							"pivot": [0, 1.4375, -4.82812],
							"rotation": [0, 0, 45],
							"uv": {
								"north": {"uv": [34, 16], "uv_size": [0.5, 1.25]},
								"east": {"uv": [0, 0], "uv_size": [10.5, 1.25]},
								"south": {"uv": [17, 34], "uv_size": [0.5, 1.25]},
								"west": {"uv": [0, 3], "uv_size": [10.5, 1.25]},
								"up": {"uv": [9, 12], "uv_size": [0.5, 10.25]},
								"down": {"uv": [11, 22.5], "uv_size": [0.5, -10.5]}
							}
						},
						{
							"origin": [-0.233, 0.875, -5.32812],
							"size": [0.46599, 1.125, 9.5],
							"uv": {
								"north": {"uv": [19, 34], "uv_size": [0.5, 1.25]},
								"east": {"uv": [0, 6], "uv_size": [10.5, 1.25]},
								"south": {"uv": [21, 34], "uv_size": [0.5, 1.25]},
								"west": {"uv": [0, 9], "uv_size": [10.5, 1.25]},
								"up": {"uv": [13, 12], "uv_size": [0.5, 10.25]},
								"down": {"uv": [15, 10.5], "uv_size": [0.5, -10.5]}
							}
						},
						{
							"origin": [-0.5625, 1.2045, -5.32812],
							"size": [1.125, 0.46599, 9.5],
							"pivot": [0, 1.4375, -4.82812],
							"rotation": [0, 0, 45],
							"uv": {
								"north": {"uv": [34, 19], "uv_size": [1.25, 0.5]},
								"east": {"uv": [15, 12], "uv_size": [10.5, 0.5]},
								"south": {"uv": [28, 34], "uv_size": [1.25, 0.5]},
								"west": {"uv": [15, 14], "uv_size": [10.5, 0.5]},
								"up": {"uv": [0, 12], "uv_size": [1.25, 10.5]},
								"down": {"uv": [12, 10.5], "uv_size": [1.25, -10.5]}
							}
						},
						{
							"origin": [-0.5625, 1.2045, -5.32812],
							"size": [1.125, 0.46599, 9.5],
							"uv": {
								"north": {"uv": [34, 33], "uv_size": [1.25, 0.5]},
								"east": {"uv": [15, 16], "uv_size": [10.5, 0.5]},
								"south": {"uv": [35, 0], "uv_size": [1.25, 0.5]},
								"west": {"uv": [17, 0], "uv_size": [10.25, 0.5]},
								"up": {"uv": [3, 12], "uv_size": [1.25, 10.5]},
								"down": {"uv": [6, 22.5], "uv_size": [1.25, -10.5]}
							}
						}
					]
				},
				{
					"name": "ghdfg",
					"parent": "scope_body",
					"pivot": [0, -6.25, -15.57812],
					"cubes": [
						{
							"origin": [-0.31066, 0.6875, -8.45312],
							"size": [0.62132, 1.5, 1],
							"pivot": [0, 1.4375, -8.07812],
							"rotation": [0, 0, 45],
							"uv": {
								"north": {"uv": [24, 32], "uv_size": [0.5, 1.5]},
								"east": {"uv": [18, 21], "uv_size": [1, 1.5]},
								"south": {"uv": [33, 23], "uv_size": [0.5, 1.5]},
								"west": {"uv": [21, 18], "uv_size": [1, 1.5]},
								"up": {"uv": [41, 30], "uv_size": [0.5, 1]},
								"down": {"uv": [34, 42], "uv_size": [0.5, -1]}
							}
						},
						{
							"origin": [-0.31066, 0.6875, -8.45312],
							"size": [0.62132, 1.5, 1],
							"uv": {
								"north": {"uv": [26, 33], "uv_size": [0.5, 1.5]},
								"east": {"uv": [20, 21], "uv_size": [1, 1.5]},
								"south": {"uv": [32, 33], "uv_size": [0.5, 1.5]},
								"west": {"uv": [22, 21], "uv_size": [1, 1.5]},
								"up": {"uv": [41, 40], "uv_size": [0.5, 1]},
								"down": {"uv": [0, 43], "uv_size": [0.5, -1]}
							}
						},
						{
							"origin": [-0.75, 1.12684, -8.45312],
							"size": [1.5, 0.62132, 1],
							"pivot": [0, 1.4375, -8.07812],
							"rotation": [0, 0, 45],
							"uv": {
								"north": {"uv": [0, 34], "uv_size": [1.5, 0.5]},
								"east": {"uv": [4, 42], "uv_size": [1, 0.5]},
								"south": {"uv": [3, 34], "uv_size": [1.5, 0.5]},
								"west": {"uv": [42, 4], "uv_size": [1, 0.5]},
								"up": {"uv": [23, 2], "uv_size": [1.5, 1]},
								"down": {"uv": [23, 5], "uv_size": [1.5, -1]}
							}
						},
						{
							"origin": [-0.75, 1.12684, -8.45312],
							"size": [1.5, 0.62132, 1],
							"uv": {
								"north": {"uv": [6, 34], "uv_size": [1.5, 0.5]},
								"east": {"uv": [42, 11], "uv_size": [1, 0.5]},
								"south": {"uv": [34, 8], "uv_size": [1.5, 0.5]},
								"west": {"uv": [13, 42], "uv_size": [1, 0.5]},
								"up": {"uv": [23, 6], "uv_size": [1.5, 1]},
								"down": {"uv": [23, 9], "uv_size": [1.5, -1]}
							}
						}
					]
				},
				{
					"name": "gjhdg",
					"parent": "scope_body",
					"pivot": [8, -6.5625, -7.14062],
					"cubes": [
						{
							"origin": [-0.28477, 1.75, 0.35938],
							"size": [0.56954, 0.375, 0.9375],
							"pivot": [0, 1.4375, 0.85938],
							"rotation": [0, 0, 45],
							"uv": {
								"north": {"uv": [4, 51], "uv_size": [0.5, 0.5]},
								"east": {"uv": [42, 13], "uv_size": [1, 0.5]},
								"south": {"uv": [13, 51], "uv_size": [0.5, 0.5]},
								"west": {"uv": [42, 15], "uv_size": [1, 0.5]},
								"up": {"uv": [42, 23], "uv_size": [0.5, 1]},
								"down": {"uv": [25, 43], "uv_size": [0.5, -1]}
							}
						},
						{
							"origin": [-0.28477, 1.75, 0.35938],
							"size": [0.56954, 0.375, 0.9375],
							"uv": {
								"north": {"uv": [51, 13], "uv_size": [0.5, 0.5]},
								"east": {"uv": [27, 42], "uv_size": [1, 0.5]},
								"south": {"uv": [51, 17], "uv_size": [0.5, 0.5]},
								"west": {"uv": [42, 34], "uv_size": [1, 0.5]},
								"up": {"uv": [42, 36], "uv_size": [0.5, 1]},
								"down": {"uv": [38, 43], "uv_size": [0.5, -1]}
							}
						},
						{
							"origin": [-0.5625, 0.79182, 0.35938],
							"size": [1.125, 0.14568, 0.9375],
							"inflate": 0.0001,
							"uv": {
								"north": {"uv": [48, 50], "uv_size": [1.25, 0.25]},
								"east": {"uv": [22, 51], "uv_size": [1, 0.25]},
								"south": {"uv": [51, 2], "uv_size": [1.25, 0.25]},
								"west": {"uv": [51, 32], "uv_size": [1, 0.25]},
								"up": {"uv": [29, 0], "uv_size": [1.25, 1]},
								"down": {"uv": [29, 3], "uv_size": [1.25, -1]}
							}
						},
						{
							"origin": [-0.6875, 1.15273, 0.35938],
							"size": [0.375, 0.56954, 0.9375],
							"pivot": [0, 1.4375, 0.85938],
							"rotation": [0, 0, 45],
							"uv": {
								"north": {"uv": [33, 51], "uv_size": [0.5, 0.5]},
								"east": {"uv": [42, 38], "uv_size": [1, 0.5]},
								"south": {"uv": [35, 51], "uv_size": [0.5, 0.5]},
								"west": {"uv": [40, 42], "uv_size": [1, 0.5]},
								"up": {"uv": [42, 42], "uv_size": [0.5, 1]},
								"down": {"uv": [43, 3], "uv_size": [0.5, -1]}
							}
						},
						{
							"origin": [0.5625, 1.40273, 0.35938],
							"size": [0.125, 0.31954, 0.9375],
							"inflate": -0.0001,
							"uv": {
								"north": {"uv": [24, 64], "uv_size": [0.25, 0.25]},
								"east": {"uv": [51, 36], "uv_size": [1, 0.25]},
								"south": {"uv": [64, 24], "uv_size": [0.25, 0.25]},
								"west": {"uv": [40, 51], "uv_size": [1, 0.25]},
								"up": {"uv": [51, 41], "uv_size": [0.25, 1]},
								"down": {"uv": [51, 44], "uv_size": [0.25, -1]}
							}
						},
						{
							"origin": [0.3125, 1.34023, 0.35938],
							"size": [0.3125, 0.31954, 0.9375],
							"pivot": [0.6875, 1.65977, 1.29688],
							"rotation": [0, 0, -60],
							"uv": {
								"north": {"uv": [26, 64], "uv_size": [0.25, 0.25]},
								"east": {"uv": [51, 45], "uv_size": [1, 0.25]},
								"south": {"uv": [64, 32], "uv_size": [0.25, 0.25]},
								"west": {"uv": [51, 50], "uv_size": [1, 0.25]},
								"up": {"uv": [0, 52], "uv_size": [0.25, 1]},
								"down": {"uv": [52, 1], "uv_size": [0.25, -1]}
							}
						},
						{
							"origin": [0.36017, 1.5385, 0.48438],
							"size": [0.4375, 0.1875, 0.1875],
							"pivot": [0.86017, 1.63225, 0.57813],
							"rotation": [45, 0, -60],
							"uv": {
								"north": {"uv": [59, 14], "uv_size": [0.5, 0.25]},
								"east": {"uv": [34, 64], "uv_size": [0.25, 0.25]},
								"south": {"uv": [16, 59], "uv_size": [0.5, 0.25]},
								"west": {"uv": [64, 36], "uv_size": [0.25, 0.25]},
								"up": {"uv": [59, 16], "uv_size": [0.5, 0.25]},
								"down": {"uv": [18, 59.25], "uv_size": [0.5, -0.25]}
							}
						},
						{
							"origin": [0.50079, 1.29493, 0.98438],
							"size": [0.4375, 0.1875, 0.1875],
							"pivot": [0.71954, 1.38868, 1.07813],
							"rotation": [45, 0, -60],
							"uv": {
								"north": {"uv": [20, 59], "uv_size": [0.5, 0.25]},
								"east": {"uv": [38, 64], "uv_size": [0.25, 0.25]},
								"south": {"uv": [59, 26], "uv_size": [0.5, 0.25]},
								"west": {"uv": [40, 64], "uv_size": [0.25, 0.25]},
								"up": {"uv": [28, 59], "uv_size": [0.5, 0.25]},
								"down": {"uv": [59, 28.25], "uv_size": [0.5, -0.25]}
							}
						},
						{
							"origin": [-0.1875, 1.34023, 0.35938],
							"size": [0.4375, 0.31954, 0.9375],
							"pivot": [0.6875, 1.65977, 1.29688],
							"rotation": [0, 0, -60],
							"uv": {
								"north": {"uv": [30, 59], "uv_size": [0.5, 0.25]},
								"east": {"uv": [2, 52], "uv_size": [1, 0.25]},
								"south": {"uv": [59, 30], "uv_size": [0.5, 0.25]},
								"west": {"uv": [52, 4], "uv_size": [1, 0.25]},
								"up": {"uv": [43, 6], "uv_size": [0.5, 1]},
								"down": {"uv": [10, 44], "uv_size": [0.5, -1]}
							}
						},
						{
							"origin": [-0.25, 1.34023, 0.35938],
							"size": [0.4375, 0.31954, 0.9375],
							"pivot": [-0.6875, 1.65977, 1.29688],
							"rotation": [0, 0, 60],
							"uv": {
								"north": {"uv": [32, 59], "uv_size": [0.5, 0.25]},
								"east": {"uv": [6, 52], "uv_size": [1, 0.25]},
								"south": {"uv": [59, 34], "uv_size": [0.5, 0.25]},
								"west": {"uv": [52, 10], "uv_size": [1, 0.25]},
								"up": {"uv": [15, 43], "uv_size": [0.5, 1]},
								"down": {"uv": [43, 18], "uv_size": [0.5, -1]}
							}
						},
						{
							"origin": [-0.625, 1.34023, 0.35938],
							"size": [0.3125, 0.31954, 0.9375],
							"pivot": [-0.6875, 1.65977, 1.29688],
							"rotation": [0, 0, 60],
							"uv": {
								"north": {"uv": [44, 64], "uv_size": [0.25, 0.25]},
								"east": {"uv": [11, 52], "uv_size": [1, 0.25]},
								"south": {"uv": [64, 44], "uv_size": [0.25, 0.25]},
								"west": {"uv": [15, 52], "uv_size": [1, 0.25]},
								"up": {"uv": [52, 19], "uv_size": [0.25, 1]},
								"down": {"uv": [52, 22], "uv_size": [0.25, -1]}
							}
						},
						{
							"origin": [-0.93829, 1.29493, 0.98438],
							"size": [0.4375, 0.1875, 0.1875],
							"pivot": [-0.71954, 1.38868, 1.07813],
							"rotation": [45, 0, 60],
							"uv": {
								"north": {"uv": [37, 59], "uv_size": [0.5, 0.25]},
								"east": {"uv": [46, 64], "uv_size": [0.25, 0.25]},
								"south": {"uv": [59, 38], "uv_size": [0.5, 0.25]},
								"west": {"uv": [48, 64], "uv_size": [0.25, 0.25]},
								"up": {"uv": [59, 40], "uv_size": [0.5, 0.25]},
								"down": {"uv": [59, 42.25], "uv_size": [0.5, -0.25]}
							}
						},
						{
							"origin": [-0.79767, 1.5385, 0.48438],
							"size": [0.4375, 0.1875, 0.1875],
							"pivot": [-0.86017, 1.63225, 0.57813],
							"rotation": [45, 0, 60],
							"uv": {
								"north": {"uv": [43, 59], "uv_size": [0.5, 0.25]},
								"east": {"uv": [64, 48], "uv_size": [0.25, 0.25]},
								"south": {"uv": [59, 47], "uv_size": [0.5, 0.25]},
								"west": {"uv": [64, 50], "uv_size": [0.25, 0.25]},
								"up": {"uv": [52, 59], "uv_size": [0.5, 0.25]},
								"down": {"uv": [59, 58.25], "uv_size": [0.5, -0.25]}
							}
						},
						{
							"origin": [-0.6875, 1.40273, 0.35938],
							"size": [0.375, 0.31954, 0.9375],
							"inflate": -0.0001,
							"uv": {
								"north": {"uv": [0, 60], "uv_size": [0.5, 0.25]},
								"east": {"uv": [52, 23], "uv_size": [1, 0.25]},
								"south": {"uv": [60, 0], "uv_size": [0.5, 0.25]},
								"west": {"uv": [24, 52], "uv_size": [1, 0.25]},
								"up": {"uv": [43, 19], "uv_size": [0.5, 1]},
								"down": {"uv": [20, 44], "uv_size": [0.5, -1]}
							}
						},
						{
							"origin": [0.375, -0.22227, 0.35938],
							"size": [0.1875, 0.56954, 0.9375],
							"uv": {
								"north": {"uv": [2, 60], "uv_size": [0.25, 0.5]},
								"east": {"uv": [43, 21], "uv_size": [1, 0.5]},
								"south": {"uv": [60, 2], "uv_size": [0.25, 0.5]},
								"west": {"uv": [22, 43], "uv_size": [1, 0.5]},
								"up": {"uv": [52, 25], "uv_size": [0.25, 1]},
								"down": {"uv": [26, 53], "uv_size": [0.25, -1]}
							}
						},
						{
							"origin": [0.32989, 0.11336, 0.35938],
							"size": [0.04891, 0.10734, 0.9375],
							"inflate": -0.0001,
							"pivot": [0.35434, 0.16703, 0.82813],
							"rotation": [0, 0, 45],
							"uv": {
								"north": {"uv": [64, 52], "uv_size": [0.25, 0.25]},
								"east": {"uv": [28, 52], "uv_size": [1, 0.25]},
								"south": {"uv": [53, 64], "uv_size": [0.25, 0.25]},
								"west": {"uv": [52, 34], "uv_size": [1, 0.25]},
								"up": {"uv": [37, 52], "uv_size": [0.25, 1]},
								"down": {"uv": [52, 39], "uv_size": [0.25, -1]}
							}
						},
						{
							"origin": [-0.37879, 0.11336, 0.35938],
							"size": [0.04891, 0.10734, 0.9375],
							"inflate": -0.0001,
							"pivot": [-0.35434, 0.16703, 0.82813],
							"rotation": [0, 0, -45],
							"uv": {
								"north": {"uv": [64, 54], "uv_size": [0.25, 0.25]},
								"east": {"uv": [42, 52], "uv_size": [1, 0.25]},
								"south": {"uv": [55, 64], "uv_size": [0.25, 0.25]},
								"west": {"uv": [44, 52], "uv_size": [1, 0.25]},
								"up": {"uv": [52, 47], "uv_size": [0.25, 1]},
								"down": {"uv": [48, 53], "uv_size": [0.25, -1]}
							}
						},
						{
							"origin": [0.5, 0.34727, 0.35938],
							"size": [0.0625, 0.44454, 0.9375],
							"uv": {
								"north": {"uv": [60, 4], "uv_size": [0.25, 0.5]},
								"east": {"uv": [43, 30], "uv_size": [1, 0.5]},
								"south": {"uv": [6, 60], "uv_size": [0.25, 0.5]},
								"west": {"uv": [43, 32], "uv_size": [1, 0.5]},
								"up": {"uv": [50, 52], "uv_size": [0.25, 1]},
								"down": {"uv": [52, 53], "uv_size": [0.25, -1]}
							}
						},
						{
							"origin": [-0.5625, 0.34727, 0.35938],
							"size": [0.0625, 0.44454, 0.9375],
							"uv": {
								"north": {"uv": [60, 6], "uv_size": [0.25, 0.5]},
								"east": {"uv": [34, 43], "uv_size": [1, 0.5]},
								"south": {"uv": [10, 60], "uv_size": [0.25, 0.5]},
								"west": {"uv": [36, 43], "uv_size": [1, 0.5]},
								"up": {"uv": [4, 53], "uv_size": [0.25, 1]},
								"down": {"uv": [8, 54], "uv_size": [0.25, -1]}
							}
						},
						{
							"origin": [-0.375, 0.02773, 0.35938],
							"size": [0.75, 0.13204, 0.9375],
							"uv": {
								"north": {"uv": [58, 0], "uv_size": [0.75, 0.25]},
								"east": {"uv": [53, 8], "uv_size": [1, 0.25]},
								"south": {"uv": [2, 58], "uv_size": [0.75, 0.25]},
								"west": {"uv": [53, 12], "uv_size": [1, 0.25]},
								"up": {"uv": [9, 34], "uv_size": [0.75, 1]},
								"down": {"uv": [11, 35], "uv_size": [0.75, -1]}
							}
						},
						{
							"origin": [-0.5625, -0.22227, 0.35938],
							"size": [0.1875, 0.56954, 0.9375],
							"uv": {
								"north": {"uv": [60, 10], "uv_size": [0.25, 0.5]},
								"east": {"uv": [43, 40], "uv_size": [1, 0.5]},
								"south": {"uv": [14, 60], "uv_size": [0.25, 0.5]},
								"west": {"uv": [0, 44], "uv_size": [1, 0.5]},
								"up": {"uv": [13, 53], "uv_size": [0.25, 1]},
								"down": {"uv": [53, 15], "uv_size": [0.25, -1]}
							}
						}
					]
				},
				{
					"name": "gjhdg2",
					"parent": "scope_body",
					"pivot": [8, -6.5625, -9.89062],
					"cubes": [
						{
							"origin": [-0.28477, 1.75, -2.39062],
							"size": [0.56954, 0.375, 0.9375],
							"pivot": [0, 1.4375, -1.89062],
							"rotation": [0, 0, 45],
							"uv": {
								"north": {"uv": [53, 16], "uv_size": [0.5, 0.5]},
								"east": {"uv": [44, 0], "uv_size": [1, 0.5]},
								"south": {"uv": [17, 53], "uv_size": [0.5, 0.5]},
								"west": {"uv": [2, 44], "uv_size": [1, 0.5]},
								"up": {"uv": [4, 44], "uv_size": [0.5, 1]},
								"down": {"uv": [44, 5], "uv_size": [0.5, -1]}
							}
						},
						{
							"origin": [-0.28477, 1.75, -2.39062],
							"size": [0.56954, 0.375, 0.9375],
							"uv": {
								"north": {"uv": [19, 53], "uv_size": [0.5, 0.5]},
								"east": {"uv": [6, 44], "uv_size": [1, 0.5]},
								"south": {"uv": [21, 53], "uv_size": [0.5, 0.5]},
								"west": {"uv": [8, 44], "uv_size": [1, 0.5]},
								"up": {"uv": [44, 8], "uv_size": [0.5, 1]},
								"down": {"uv": [44, 11], "uv_size": [0.5, -1]}
							}
						},
						{
							"origin": [-0.5625, 0.79182, -2.39062],
							"size": [1.125, 0.14568, 0.9375],
							"inflate": 0.0001,
							"uv": {
								"north": {"uv": [51, 6], "uv_size": [1.25, 0.25]},
								"east": {"uv": [53, 27], "uv_size": [1, 0.25]},
								"south": {"uv": [8, 51], "uv_size": [1.25, 0.25]},
								"west": {"uv": [53, 29], "uv_size": [1, 0.25]},
								"up": {"uv": [29, 4], "uv_size": [1.25, 1]},
								"down": {"uv": [29, 7], "uv_size": [1.25, -1]}
							}
						},
						{
							"origin": [-0.6875, 1.15273, -2.39062],
							"size": [0.375, 0.56954, 0.9375],
							"pivot": [0, 1.4375, -1.89062],
							"rotation": [0, 0, 45],
							"uv": {
								"north": {"uv": [30, 53], "uv_size": [0.5, 0.5]},
								"east": {"uv": [12, 44], "uv_size": [1, 0.5]},
								"south": {"uv": [53, 31], "uv_size": [0.5, 0.5]},
								"west": {"uv": [44, 12], "uv_size": [1, 0.5]},
								"up": {"uv": [44, 14], "uv_size": [0.5, 1]},
								"down": {"uv": [17, 45], "uv_size": [0.5, -1]}
							}
						},
						{
							"origin": [0.5625, 1.40273, -2.39062],
							"size": [0.125, 0.31954, 0.9375],
							"inflate": -0.0001,
							"uv": {
								"north": {"uv": [57, 64], "uv_size": [0.25, 0.25]},
								"east": {"uv": [32, 53], "uv_size": [1, 0.25]},
								"south": {"uv": [64, 58], "uv_size": [0.25, 0.25]},
								"west": {"uv": [34, 53], "uv_size": [1, 0.25]},
								"up": {"uv": [53, 36], "uv_size": [0.25, 1]},
								"down": {"uv": [39, 54], "uv_size": [0.25, -1]}
							}
						},
						{
							"origin": [0.3125, 1.34023, -2.39062],
							"size": [0.3125, 0.31954, 0.9375],
							"pivot": [0.6875, 1.65977, -1.45312],
							"rotation": [0, 0, -60],
							"uv": {
								"north": {"uv": [59, 64], "uv_size": [0.25, 0.25]},
								"east": {"uv": [53, 40], "uv_size": [1, 0.25]},
								"south": {"uv": [61, 64], "uv_size": [0.25, 0.25]},
								"west": {"uv": [53, 42], "uv_size": [1, 0.25]},
								"up": {"uv": [53, 44], "uv_size": [0.25, 1]},
								"down": {"uv": [46, 54], "uv_size": [0.25, -1]}
							}
						},
						{
							"origin": [0.36017, 1.5385, -2.26562],
							"size": [0.4375, 0.1875, 0.1875],
							"pivot": [0.86017, 1.63225, -2.17187],
							"rotation": [45, 0, -60],
							"uv": {
								"north": {"uv": [60, 18], "uv_size": [0.5, 0.25]},
								"east": {"uv": [4, 65], "uv_size": [0.25, 0.25]},
								"south": {"uv": [60, 20], "uv_size": [0.5, 0.25]},
								"west": {"uv": [8, 65], "uv_size": [0.25, 0.25]},
								"up": {"uv": [22, 60], "uv_size": [0.5, 0.25]},
								"down": {"uv": [60, 22.25], "uv_size": [0.5, -0.25]}
							}
						},
						{
							"origin": [0.50079, 1.29493, -1.76562],
							"size": [0.4375, 0.1875, 0.1875],
							"pivot": [0.71954, 1.38868, -1.67187],
							"rotation": [45, 0, -60],
							"uv": {
								"north": {"uv": [24, 60], "uv_size": [0.5, 0.25]},
								"east": {"uv": [65, 8], "uv_size": [0.25, 0.25]},
								"south": {"uv": [60, 24], "uv_size": [0.5, 0.25]},
								"west": {"uv": [12, 65], "uv_size": [0.25, 0.25]},
								"up": {"uv": [26, 60], "uv_size": [0.5, 0.25]},
								"down": {"uv": [60, 32.25], "uv_size": [0.5, -0.25]}
							}
						},
						{
							"origin": [-0.1875, 1.34023, -2.39062],
							"size": [0.4375, 0.31954, 0.9375],
							"pivot": [0.6875, 1.65977, -1.45312],
							"rotation": [0, 0, -60],
							"uv": {
								"north": {"uv": [34, 60], "uv_size": [0.5, 0.25]},
								"east": {"uv": [53, 49], "uv_size": [1, 0.25]},
								"south": {"uv": [60, 36], "uv_size": [0.5, 0.25]},
								"west": {"uv": [0, 54], "uv_size": [1, 0.25]},
								"up": {"uv": [44, 23], "uv_size": [0.5, 1]},
								"down": {"uv": [24, 45], "uv_size": [0.5, -1]}
							}
						},
						{
							"origin": [-0.25, 1.34023, -2.39062],
							"size": [0.4375, 0.31954, 0.9375],
							"pivot": [-0.6875, 1.65977, -1.45312],
							"rotation": [0, 0, 60],
							"uv": {
								"north": {"uv": [39, 60], "uv_size": [0.5, 0.25]},
								"east": {"uv": [54, 0], "uv_size": [1, 0.25]},
								"south": {"uv": [41, 60], "uv_size": [0.5, 0.25]},
								"west": {"uv": [2, 54], "uv_size": [1, 0.25]},
								"up": {"uv": [44, 25], "uv_size": [0.5, 1]},
								"down": {"uv": [26, 45], "uv_size": [0.5, -1]}
							}
						},
						{
							"origin": [-0.625, 1.34023, -2.39062],
							"size": [0.3125, 0.31954, 0.9375],
							"pivot": [-0.6875, 1.65977, -1.45312],
							"rotation": [0, 0, 60],
							"uv": {
								"north": {"uv": [65, 12], "uv_size": [0.25, 0.25]},
								"east": {"uv": [54, 2], "uv_size": [1, 0.25]},
								"south": {"uv": [65, 14], "uv_size": [0.25, 0.25]},
								"west": {"uv": [54, 4], "uv_size": [1, 0.25]},
								"up": {"uv": [6, 54], "uv_size": [0.25, 1]},
								"down": {"uv": [54, 7], "uv_size": [0.25, -1]}
							}
						},
						{
							"origin": [-0.93829, 1.29493, -1.76562],
							"size": [0.4375, 0.1875, 0.1875],
							"pivot": [-0.71954, 1.38868, -1.67187],
							"rotation": [45, 0, 60],
							"uv": {
								"north": {"uv": [60, 44], "uv_size": [0.5, 0.25]},
								"east": {"uv": [16, 65], "uv_size": [0.25, 0.25]},
								"south": {"uv": [45, 60], "uv_size": [0.5, 0.25]},
								"west": {"uv": [65, 16], "uv_size": [0.25, 0.25]},
								"up": {"uv": [47, 60], "uv_size": [0.5, 0.25]},
								"down": {"uv": [49, 60.25], "uv_size": [0.5, -0.25]}
							}
						},
						{
							"origin": [-0.79767, 1.5385, -2.26562],
							"size": [0.4375, 0.1875, 0.1875],
							"pivot": [-0.86017, 1.63225, -2.17187],
							"rotation": [45, 0, 60],
							"uv": {
								"north": {"uv": [60, 49], "uv_size": [0.5, 0.25]},
								"east": {"uv": [18, 65], "uv_size": [0.25, 0.25]},
								"south": {"uv": [60, 51], "uv_size": [0.5, 0.25]},
								"west": {"uv": [20, 65], "uv_size": [0.25, 0.25]},
								"up": {"uv": [60, 53], "uv_size": [0.5, 0.25]},
								"down": {"uv": [54, 60.25], "uv_size": [0.5, -0.25]}
							}
						},
						{
							"origin": [-0.6875, 1.40273, -2.39062],
							"size": [0.375, 0.31954, 0.9375],
							"inflate": -0.0001,
							"uv": {
								"north": {"uv": [60, 55], "uv_size": [0.5, 0.25]},
								"east": {"uv": [10, 54], "uv_size": [1, 0.25]},
								"south": {"uv": [56, 60], "uv_size": [0.5, 0.25]},
								"west": {"uv": [54, 10], "uv_size": [1, 0.25]},
								"up": {"uv": [44, 27], "uv_size": [0.5, 1]},
								"down": {"uv": [28, 45], "uv_size": [0.5, -1]}
							}
						},
						{
							"origin": [0.375, -0.22227, -2.39062],
							"size": [0.1875, 0.56954, 0.9375],
							"uv": {
								"north": {"uv": [58, 60], "uv_size": [0.25, 0.5]},
								"east": {"uv": [30, 44], "uv_size": [1, 0.5]},
								"south": {"uv": [60, 60], "uv_size": [0.25, 0.5]},
								"west": {"uv": [32, 44], "uv_size": [1, 0.5]},
								"up": {"uv": [15, 54], "uv_size": [0.25, 1]},
								"down": {"uv": [54, 19], "uv_size": [0.25, -1]}
							}
						},
						{
							"origin": [0.32989, 0.11336, -2.39062],
							"size": [0.04891, 0.10734, 0.9375],
							"inflate": -0.0001,
							"pivot": [0.35434, 0.16703, -1.92187],
							"rotation": [0, 0, 45],
							"uv": {
								"north": {"uv": [65, 26], "uv_size": [0.25, 0.25]},
								"east": {"uv": [54, 20], "uv_size": [1, 0.25]},
								"south": {"uv": [28, 65], "uv_size": [0.25, 0.25]},
								"west": {"uv": [54, 22], "uv_size": [1, 0.25]},
								"up": {"uv": [23, 54], "uv_size": [0.25, 1]},
								"down": {"uv": [54, 25], "uv_size": [0.25, -1]}
							}
						},
						{
							"origin": [-0.37879, 0.11336, -2.39062],
							"size": [0.04891, 0.10734, 0.9375],
							"inflate": -0.0001,
							"pivot": [-0.35434, 0.16703, -1.92187],
							"rotation": [0, 0, -45],
							"uv": {
								"north": {"uv": [65, 28], "uv_size": [0.25, 0.25]},
								"east": {"uv": [25, 54], "uv_size": [1, 0.25]},
								"south": {"uv": [30, 65], "uv_size": [0.25, 0.25]},
								"west": {"uv": [27, 54], "uv_size": [1, 0.25]},
								"up": {"uv": [54, 33], "uv_size": [0.25, 1]},
								"down": {"uv": [36, 55], "uv_size": [0.25, -1]}
							}
						},
						{
							"origin": [0.5, 0.34727, -2.39062],
							"size": [0.0625, 0.44454, 0.9375],
							"uv": {
								"north": {"uv": [4, 61], "uv_size": [0.25, 0.5]},
								"east": {"uv": [44, 34], "uv_size": [1, 0.5]},
								"south": {"uv": [8, 61], "uv_size": [0.25, 0.5]},
								"west": {"uv": [44, 36], "uv_size": [1, 0.5]},
								"up": {"uv": [54, 38], "uv_size": [0.25, 1]},
								"down": {"uv": [41, 55], "uv_size": [0.25, -1]}
							}
						},
						{
							"origin": [-0.5625, 0.34727, -2.39062],
							"size": [0.0625, 0.44454, 0.9375],
							"uv": {
								"north": {"uv": [61, 8], "uv_size": [0.25, 0.5]},
								"east": {"uv": [38, 44], "uv_size": [1, 0.5]},
								"south": {"uv": [12, 61], "uv_size": [0.25, 0.5]},
								"west": {"uv": [44, 38], "uv_size": [1, 0.5]},
								"up": {"uv": [43, 54], "uv_size": [0.25, 1]},
								"down": {"uv": [54, 47], "uv_size": [0.25, -1]}
							}
						},
						{
							"origin": [-0.375, 0.02773, -2.39062],
							"size": [0.75, 0.13204, 0.9375],
							"uv": {
								"north": {"uv": [58, 2], "uv_size": [0.75, 0.25]},
								"east": {"uv": [48, 54], "uv_size": [1, 0.25]},
								"south": {"uv": [58, 4], "uv_size": [0.75, 0.25]},
								"west": {"uv": [50, 54], "uv_size": [1, 0.25]},
								"up": {"uv": [13, 34], "uv_size": [0.75, 1]},
								"down": {"uv": [15, 35], "uv_size": [0.75, -1]}
							}
						},
						{
							"origin": [-0.5625, -0.22227, -2.39062],
							"size": [0.1875, 0.56954, 0.9375],
							"uv": {
								"north": {"uv": [61, 12], "uv_size": [0.25, 0.5]},
								"east": {"uv": [40, 44], "uv_size": [1, 0.5]},
								"south": {"uv": [61, 14], "uv_size": [0.25, 0.5]},
								"west": {"uv": [42, 44], "uv_size": [1, 0.5]},
								"up": {"uv": [54, 51], "uv_size": [0.25, 1]},
								"down": {"uv": [52, 55], "uv_size": [0.25, -1]}
							}
						}
					]
				},
				{
					"name": "division",
					"pivot": [0.22266, 0.79883, -137.78125],
					"cubes": [
						{
							"origin": [-32.1875, -21.90624, -138],
							"size": [64.375, 52.40625, 0.25],
							"uv": {
								"south": {"uv": [26.25, 84.5], "uv_size": [203.5, 171]}
							}
						},
						{
							"origin": [-92.89375, -75.45312, -138],
							"size": [52.70625, 152.375, 0.25],
							"uv": {
								"south": {"uv": [3, 61.5], "uv_size": [10, 2.5]}
							}
						},
						{
							"origin": [41.1875, -75.45312, -138],
							"size": [52.26875, 152.375, 0.25],
							"uv": {
								"south": {"uv": [0, 61.5], "uv_size": [12.5, 2.5]}
							}
						},
						{
							"origin": [-40.1875, 41.98438, -138],
							"size": [81.375, 34.9375, 0.25],
							"uv": {
								"south": {"uv": [4, 62], "uv_size": [9, 2]}
							}
						},
						{
							"origin": [-40.1875, -75.45312, -138],
							"size": [81.375, 34, 0.25],
							"uv": {
								"south": {"uv": [3.5, 61.5], "uv_size": [9, 2]}
							}
						},
						{
							"origin": [-11, 8.375, -137.625],
							"size": [2, 0.5, 0],
							"pivot": [0, 8.625, -137.625],
							"rotation": [0, 0, -90],
							"uv": {
								"south": {"uv": [32, 0], "uv_size": [2, 0.5]}
							}
						},
						{
							"origin": [1.75, 1.125, -137.625],
							"size": [2, 0.5, 0],
							"uv": {
								"south": {"uv": [32, 1.75], "uv_size": [2, 0.5]}
							}
						},
						{
							"origin": [-3.75, 1.125, -137.625],
							"size": [2, 0.5, 0],
							"uv": {
								"south": {"uv": [3, 32], "uv_size": [2, 0.5]}
							}
						}
					]
				},
				{
					"name": "cross_illuminated",
					"parent": "division",
					"pivot": [0, 1.375, -137.5625],
					"cubes": [
						{
							"origin": [-0.625, 0.76072, -137.5625],
							"size": [1.25, 1.25, 0],
							"pivot": [0, 1.38572, -137.5625],
							"rotation": [0, 0, -45],
							"uv": {
								"south": {"uv": [15, 20.25], "uv_size": [1.25, 1.25]}
							}
						}
					]
				},
				{
					"name": "ocular",
					"pivot": [0, 1.53813, 8.03313],
					"cubes": [
						{
							"origin": [-0.85273, 1.07832, 7.91247],
							"size": [1.70546, 0.70643, 0.00002],
							"uv": {
								"south": {"uv": [9, 28], "uv_size": [1.75, 0.75]}
							}
						},
						{
							"origin": [-0.85273, 1.07832, 7.91248],
							"size": [1.70546, 0.70644, 0.00002],
							"inflate": -0.0001,
							"pivot": [0, 1.43153, 8.23225],
							"rotation": [0, 0, 45],
							"uv": {
								"south": {"uv": [12, 28], "uv_size": [1.75, 0.75]}
							}
						},
						{
							"origin": [-0.35313, 0.57889, 7.91257],
							"size": [0.70627, 1.70528, -0.00016],
							"inflate": 0.0001,
							"uv": {
								"south": {"uv": [28, 21], "uv_size": [0.75, 1.75]}
							}
						},
						{
							"origin": [-0.35317, 0.57883, 7.91252],
							"size": [0.70636, 1.70539, -0.00005],
							"inflate": -0.0001,
							"pivot": [0, 1.43153, 8.23225],
							"rotation": [0, 0, 45],
							"uv": {
								"south": {"uv": [27, 28], "uv_size": [0.75, 1.75]}
							}
						}
					]
				},
				{
					"name": "scope_view",
					"pivot": [0, 1.375, 11.5]
				}
			]
		}
	]
}