{
	"format_version": "1.12.0",
	"minecraft:geometry": [
		{
			"description": {
				"identifier": "geometry.unknown",
				"texture_width": 256,
				"texture_height": 256,
				"visible_bounds_width": 19,
				"visible_bounds_height": 11,
				"visible_bounds_offset": [0, 0.5, 0]
			},
			"bones": [
				{
					"name": "ocular_ring",
					"pivot": [0, 0.875, 4.4375],
					"cubes": [
						{
							"origin": [-0.25888, 0.25, 3.9375],
							"size": [0.51776, 0.075, 0.25],
							"pivot": [0, 0.875, 4.4375],
							"rotation": [0, 0, 45],
							"uv": {
								"south": {"uv": [21, 10], "uv_size": [0.5, 0.5]},
								"up": {"uv": [11, 21], "uv_size": [0.5, 0.5]},
								"down": {"uv": [21, 11.5], "uv_size": [0.5, -0.5]}
							}
						},
						{
							"origin": [-0.25888, 0.25, 3.9375],
							"size": [0.51776, 0.075, 0.25],
							"uv": {
								"south": {"uv": [12, 21], "uv_size": [0.5, 0.5]},
								"up": {"uv": [21, 12], "uv_size": [0.5, 0.5]},
								"down": {"uv": [13, 21.5], "uv_size": [0.5, -0.5]}
							}
						},
						{
							"origin": [-0.25888, 1.425, 3.9375],
							"size": [0.51776, 0.075, 0.25],
							"pivot": [0, 0.875, 4.4375],
							"rotation": [0, 0, 45],
							"uv": {
								"south": {"uv": [21, 13], "uv_size": [0.5, 0.5]},
								"up": {"uv": [14, 21], "uv_size": [0.5, 0.5]},
								"down": {"uv": [21, 14.5], "uv_size": [0.5, -0.5]}
							}
						},
						{
							"origin": [-0.25888, 1.425, 3.9375],
							"size": [0.51776, 0.075, 0.25],
							"uv": {
								"south": {"uv": [15, 21], "uv_size": [0.5, 0.5]},
								"up": {"uv": [21, 15], "uv_size": [0.5, 0.5]},
								"down": {"uv": [16, 21.5], "uv_size": [0.5, -0.5]}
							}
						},
						{
							"origin": [0.55, 0.61612, 3.9375],
							"size": [0.075, 0.51776, 0.25],
							"pivot": [0, 0.875, 4.4375],
							"rotation": [0, 0, 45],
							"uv": {
								"east": {"uv": [21, 16], "uv_size": [0.5, 0.5]},
								"south": {"uv": [17, 21], "uv_size": [0.5, 0.5]},
								"west": {"uv": [21, 17], "uv_size": [0.5, 0.5]}
							}
						},
						{
							"origin": [0.55, 0.61612, 3.9375],
							"size": [0.075, 0.51776, 0.25],
							"uv": {
								"east": {"uv": [18, 21], "uv_size": [0.5, 0.5]},
								"south": {"uv": [21, 18], "uv_size": [0.5, 0.5]},
								"west": {"uv": [19, 21], "uv_size": [0.5, 0.5]}
							}
						},
						{
							"origin": [-0.625, 0.61612, 3.9375],
							"size": [0.075, 0.51776, 0.25],
							"pivot": [0, 0.875, 4.4375],
							"rotation": [0, 0, 45],
							"uv": {
								"east": {"uv": [21, 19], "uv_size": [0.5, 0.5]},
								"south": {"uv": [20, 21], "uv_size": [0.5, 0.5]},
								"west": {"uv": [21, 20], "uv_size": [0.5, 0.5]}
							}
						},
						{
							"origin": [-0.625, 0.61612, 3.9375],
							"size": [0.075, 0.51776, 0.25],
							"uv": {
								"east": {"uv": [21, 21], "uv_size": [0.5, 0.5]},
								"south": {"uv": [0, 22], "uv_size": [0.5, 0.5]},
								"west": {"uv": [22, 0], "uv_size": [0.5, 0.5]}
							}
						}
					]
				},
				{
					"name": "scope_body",
					"pivot": [0.02811, 0.6279, -2.14105],
					"cubes": [
						{
							"origin": [-0.6875, 0, -4.875],
							"size": [1.375, 1.375, 0.3125],
							"uv": {
								"north": {"uv": [0, 3], "uv_size": [1.5, 1.5]},
								"east": {"uv": [5, 10], "uv_size": [0.5, 1.5]},
								"south": {"uv": [2, 3], "uv_size": [1.5, 1.5]},
								"west": {"uv": [10, 7], "uv_size": [0.5, 1.5]},
								"down": {"uv": [10, 9.5], "uv_size": [1.5, -0.5]}
							}
						},
						{
							"origin": [-0.33395, 1.3125, -4.875],
							"size": [0.6679, 0.41605, 0.3125],
							"uv": {
								"north": {"uv": [3, 17], "uv_size": [0.5, 0.5]},
								"south": {"uv": [17, 3], "uv_size": [0.5, 0.5]},
								"up": {"uv": [4, 17], "uv_size": [0.5, 0.5]}
							}
						},
						{
							"origin": [-0.27145, 1.25, -4.5625],
							"size": [0.5429, 0.41605, 2.375],
							"uv": {
								"up": {"uv": [6, 6], "uv_size": [0.5, 2.5]}
							}
						},
						{
							"origin": [0.3125, 1.375, -4.875],
							"size": [0.375, 0.5, 0.3125],
							"pivot": [0.6875, 1.375, -4.875],
							"rotation": [0, 0, -45],
							"uv": {
								"north": {"uv": [17, 4], "uv_size": [0.5, 0.5]},
								"south": {"uv": [5, 17], "uv_size": [0.5, 0.5]},
								"west": {"uv": [17, 5], "uv_size": [0.5, 0.5]}
							}
						},
						{
							"origin": [0.375, 1.3125, -4.5625],
							"size": [0.25, 0.5, 2.375],
							"pivot": [0.625, 1.3125, -4.4375],
							"rotation": [0, 0, -45],
							"uv": {
								"west": {"uv": [7, 0], "uv_size": [2.5, 0.5]}
							}
						},
						{
							"origin": [-0.625, 1.3125, -4.5625],
							"size": [0.25, 0.5, 2.375],
							"pivot": [-0.625, 1.3125, -4.4375],
							"rotation": [0, 0, 45],
							"uv": {
								"east": {"uv": [7, 1], "uv_size": [2.5, 0.5]}
							}
						},
						{
							"origin": [-0.6875, 1.375, -4.875],
							"size": [0.375, 0.5, 0.3125],
							"pivot": [-0.6875, 1.375, -4.875],
							"rotation": [0, 0, 45],
							"uv": {
								"north": {"uv": [6, 17], "uv_size": [0.5, 0.5]},
								"east": {"uv": [17, 6], "uv_size": [0.5, 0.5]},
								"south": {"uv": [7, 17], "uv_size": [0.5, 0.5]}
							}
						},
						{
							"origin": [-0.33395, 1.3125, -2.1875],
							"size": [0.6679, 0.41605, 0.3125],
							"uv": {
								"north": {"uv": [17, 7], "uv_size": [0.5, 0.5]},
								"south": {"uv": [8, 17], "uv_size": [0.5, 0.5]},
								"up": {"uv": [17, 8], "uv_size": [0.5, 0.5]}
							}
						},
						{
							"origin": [0.3125, 1.375, -2.1875],
							"size": [0.375, 0.5, 0.3125],
							"pivot": [0.6875, 1.375, -2.1875],
							"rotation": [0, 0, -45],
							"uv": {
								"north": {"uv": [9, 17], "uv_size": [0.5, 0.5]},
								"south": {"uv": [17, 9], "uv_size": [0.5, 0.5]},
								"west": {"uv": [10, 17], "uv_size": [0.5, 0.5]}
							}
						},
						{
							"origin": [-0.6875, 1.375, -2.1875],
							"size": [0.375, 0.5, 0.3125],
							"pivot": [-0.6875, 1.375, -2.1875],
							"rotation": [0, 0, 45],
							"uv": {
								"north": {"uv": [17, 10], "uv_size": [0.5, 0.5]},
								"east": {"uv": [11, 17], "uv_size": [0.5, 0.5]},
								"south": {"uv": [17, 11], "uv_size": [0.5, 0.5]}
							}
						},
						{
							"origin": [0.4375, -0.25, -4.875],
							"size": [0.25, 0.25, 0.3125],
							"pivot": [0.6875, 0, -4.875],
							"rotation": [0, 0, 45],
							"uv": {
								"north": {"uv": [12, 17], "uv_size": [0.5, 0.5]},
								"south": {"uv": [17, 12], "uv_size": [0.5, 0.5]},
								"west": {"uv": [13, 17], "uv_size": [0.5, 0.5]},
								"down": {"uv": [17, 13.5], "uv_size": [0.5, -0.5]}
							}
						},
						{
							"origin": [0.4375, -0.25, -2.1875],
							"size": [0.25, 0.25, 0.3125],
							"pivot": [0.6875, 0, -2.1875],
							"rotation": [0, 0, 45],
							"uv": {
								"north": {"uv": [14, 17], "uv_size": [0.5, 0.5]},
								"south": {"uv": [17, 14], "uv_size": [0.5, 0.5]},
								"west": {"uv": [15, 17], "uv_size": [0.5, 0.5]},
								"down": {"uv": [17, 15.5], "uv_size": [0.5, -0.5]}
							}
						},
						{
							"origin": [-0.6875, -0.25, -2.1875],
							"size": [0.25, 0.25, 0.3125],
							"pivot": [-0.6875, 0, -2.1875],
							"rotation": [0, 0, -45],
							"uv": {
								"north": {"uv": [16, 17], "uv_size": [0.5, 0.5]},
								"east": {"uv": [17, 16], "uv_size": [0.5, 0.5]},
								"south": {"uv": [17, 17], "uv_size": [0.5, 0.5]},
								"down": {"uv": [0, 18.5], "uv_size": [0.5, -0.5]}
							}
						},
						{
							"origin": [0.5, -0.1875, -4.5625],
							"size": [0.125, 0.1875, 2.375],
							"pivot": [0.625, 0, -2.5],
							"rotation": [0, 0, 45],
							"uv": {
								"east": {"uv": [7, 2], "uv_size": [2.5, 0.5]},
								"west": {"uv": [3, 7], "uv_size": [2.5, 0.5]},
								"down": {"uv": [7, 8.5], "uv_size": [0.5, -2.5]}
							}
						},
						{
							"origin": [-0.6875, -0.25, -4.875],
							"size": [0.25, 0.25, 0.3125],
							"pivot": [-0.6875, 0, -4.875],
							"rotation": [0, 0, -45],
							"uv": {
								"north": {"uv": [18, 0], "uv_size": [0.5, 0.5]},
								"east": {"uv": [1, 18], "uv_size": [0.5, 0.5]},
								"south": {"uv": [18, 1], "uv_size": [0.5, 0.5]},
								"down": {"uv": [2, 18.5], "uv_size": [0.5, -0.5]}
							}
						},
						{
							"origin": [-0.625, -0.1875, -4.5625],
							"size": [0.125, 0.1875, 2.375],
							"pivot": [-0.625, 0, -2.5],
							"rotation": [0, 0, -45],
							"uv": {
								"east": {"uv": [3, 8], "uv_size": [2.5, 0.5]},
								"west": {"uv": [8, 6], "uv_size": [2.5, 0.5]},
								"down": {"uv": [8, 9.5], "uv_size": [0.5, -2.5]}
							}
						},
						{
							"origin": [-0.6875, 0, -2.1875],
							"size": [1.375, 1.375, 0.3125],
							"uv": {
								"north": {"uv": [4, 0], "uv_size": [1.5, 1.5]},
								"east": {"uv": [8, 10], "uv_size": [0.5, 1.5]},
								"south": {"uv": [4, 2], "uv_size": [1.5, 1.5]},
								"west": {"uv": [10, 10], "uv_size": [0.5, 1.5]},
								"down": {"uv": [11, 0.5], "uv_size": [1.5, -0.5]}
							}
						},
						{
							"origin": [0.3125, 0, 0.0625],
							"size": [0.125, 0.60539, 0.5625],
							"uv": {
								"north": {"uv": [18, 2], "uv_size": [0.5, 0.5]},
								"east": {"uv": [3, 18], "uv_size": [0.5, 0.5]},
								"south": {"uv": [18, 3], "uv_size": [0.5, 0.5]},
								"west": {"uv": [4, 18], "uv_size": [0.5, 0.5]}
							}
						},
						{
							"origin": [-0.5, 0.12325, 0.3051],
							"size": [1, 0.225, 0.225],
							"pivot": [0.4375, 0.29825, 0.3551],
							"rotation": [-45, 0, 0],
							"uv": {
								"north": {"uv": [3, 11], "uv_size": [1, 0.5]},
								"east": {"uv": [18, 4], "uv_size": [0.5, 0.5]},
								"south": {"uv": [11, 3], "uv_size": [1, 0.5]},
								"west": {"uv": [5, 18], "uv_size": [0.5, 0.5]},
								"up": {"uv": [4, 11], "uv_size": [1, 0.5]},
								"down": {"uv": [11, 4.5], "uv_size": [1, -0.5]}
							}
						},
						{
							"origin": [-0.5, 0.12325, 1.5551],
							"size": [1, 0.225, 0.225],
							"pivot": [0.4375, 0.29825, 1.6051],
							"rotation": [-45, 0, 0],
							"uv": {
								"north": {"uv": [11, 5], "uv_size": [1, 0.5]},
								"east": {"uv": [18, 5], "uv_size": [0.5, 0.5]},
								"south": {"uv": [6, 11], "uv_size": [1, 0.5]},
								"west": {"uv": [6, 18], "uv_size": [0.5, 0.5]},
								"up": {"uv": [11, 6], "uv_size": [1, 0.5]},
								"down": {"uv": [7, 11.5], "uv_size": [1, -0.5]}
							}
						},
						{
							"origin": [-0.1875, 0, 0.0625],
							"size": [0.375, 0.35539, 1.8125],
							"uv": {
								"north": {"uv": [18, 6], "uv_size": [0.5, 0.5]},
								"east": {"uv": [9, 3], "uv_size": [2, 0.5]},
								"south": {"uv": [7, 18], "uv_size": [0.5, 0.5]},
								"west": {"uv": [9, 4], "uv_size": [2, 0.5]},
								"up": {"uv": [6, 9], "uv_size": [0.5, 2]},
								"down": {"uv": [7, 11], "uv_size": [0.5, -2]}
							}
						},
						{
							"origin": [0.3125, 0, 1.3125],
							"size": [0.125, 0.60539, 0.5625],
							"uv": {
								"north": {"uv": [18, 7], "uv_size": [0.5, 0.5]},
								"east": {"uv": [8, 18], "uv_size": [0.5, 0.5]},
								"south": {"uv": [18, 8], "uv_size": [0.5, 0.5]},
								"west": {"uv": [9, 18], "uv_size": [0.5, 0.5]}
							}
						},
						{
							"origin": [0.3125, -0.25, 1.3125],
							"size": [0.125, 0.25, 0.5625],
							"pivot": [0.4375, 0, 1.875],
							"rotation": [0, 0, 45],
							"uv": {
								"north": {"uv": [18, 9], "uv_size": [0.5, 0.5]},
								"east": {"uv": [10, 18], "uv_size": [0.5, 0.5]},
								"south": {"uv": [18, 10], "uv_size": [0.5, 0.5]},
								"west": {"uv": [11, 18], "uv_size": [0.5, 0.5]},
								"down": {"uv": [18, 11.5], "uv_size": [0.5, -0.5]}
							}
						},
						{
							"origin": [-0.4375, 0, 1.3125],
							"size": [0.125, 0.60539, 0.5625],
							"uv": {
								"north": {"uv": [12, 18], "uv_size": [0.5, 0.5]},
								"east": {"uv": [18, 12], "uv_size": [0.5, 0.5]},
								"south": {"uv": [13, 18], "uv_size": [0.5, 0.5]},
								"west": {"uv": [18, 13], "uv_size": [0.5, 0.5]}
							}
						},
						{
							"origin": [-0.4375, -0.25, 1.3125],
							"size": [0.125, 0.25, 0.5625],
							"pivot": [-0.4375, 0, 1.875],
							"rotation": [0, 0, -45],
							"uv": {
								"north": {"uv": [14, 18], "uv_size": [0.5, 0.5]},
								"east": {"uv": [18, 14], "uv_size": [0.5, 0.5]},
								"south": {"uv": [15, 18], "uv_size": [0.5, 0.5]},
								"west": {"uv": [18, 15], "uv_size": [0.5, 0.5]},
								"down": {"uv": [16, 18.5], "uv_size": [0.5, -0.5]}
							}
						},
						{
							"origin": [0.3125, -0.25, 0.0625],
							"size": [0.125, 0.25, 0.5625],
							"pivot": [0.4375, 0, 0.625],
							"rotation": [0, 0, 45],
							"uv": {
								"north": {"uv": [18, 16], "uv_size": [0.5, 0.5]},
								"east": {"uv": [17, 18], "uv_size": [0.5, 0.5]},
								"south": {"uv": [18, 17], "uv_size": [0.5, 0.5]},
								"west": {"uv": [18, 18], "uv_size": [0.5, 0.5]},
								"down": {"uv": [0, 19.5], "uv_size": [0.5, -0.5]}
							}
						},
						{
							"origin": [-0.4375, -0.25, 0.0625],
							"size": [0.125, 0.25, 0.5625],
							"pivot": [-0.4375, 0, 0.625],
							"rotation": [0, 0, -45],
							"uv": {
								"north": {"uv": [19, 0], "uv_size": [0.5, 0.5]},
								"east": {"uv": [1, 19], "uv_size": [0.5, 0.5]},
								"south": {"uv": [19, 1], "uv_size": [0.5, 0.5]},
								"west": {"uv": [2, 19], "uv_size": [0.5, 0.5]},
								"down": {"uv": [19, 2.5], "uv_size": [0.5, -0.5]}
							}
						},
						{
							"origin": [-0.4375, 0, 0.0625],
							"size": [0.125, 0.60539, 0.5625],
							"uv": {
								"north": {"uv": [3, 19], "uv_size": [0.5, 0.5]},
								"east": {"uv": [19, 3], "uv_size": [0.5, 0.5]},
								"south": {"uv": [4, 19], "uv_size": [0.5, 0.5]},
								"west": {"uv": [19, 4], "uv_size": [0.5, 0.5]},
								"down": {"uv": [5, 19.5], "uv_size": [0.5, -0.5]}
							}
						},
						{
							"origin": [-0.625, 0, -4.5625],
							"size": [1.25, 0.5, 2.375],
							"uv": {
								"east": {"uv": [0, 9], "uv_size": [2.5, 0.5]},
								"west": {"uv": [3, 9], "uv_size": [2.5, 0.5]},
								"up": {"uv": [0, 0], "uv_size": [1.5, 2.5]},
								"down": {"uv": [2, 2.5], "uv_size": [1.5, -2.5]}
							}
						},
						{
							"origin": [-0.625, 0.5, -4.5625],
							"size": [1.25, 0.8125, 0.4375],
							"uv": {
								"east": {"uv": [11, 7], "uv_size": [0.5, 1]},
								"south": {"uv": [0, 5], "uv_size": [1.5, 1]},
								"west": {"uv": [11, 8], "uv_size": [0.5, 1]}
							}
						},
						{
							"origin": [-0.625, 0.5, -2.6875],
							"size": [1.25, 0.8125, 0.5],
							"uv": {
								"north": {"uv": [2, 5], "uv_size": [1.5, 1]},
								"east": {"uv": [9, 11], "uv_size": [0.5, 1]},
								"west": {"uv": [11, 10], "uv_size": [0.5, 1]}
							}
						},
						{
							"origin": [-0.625, 1.125, -4.125],
							"size": [1.25, 0.1875, 1.4375],
							"uv": {
								"east": {"uv": [1, 11], "uv_size": [1.5, 0.5]},
								"west": {"uv": [11, 1], "uv_size": [1.5, 0.5]},
								"down": {"uv": [4, 5.5], "uv_size": [1.5, -1.5]}
							}
						},
						{
							"origin": [-0.28929, 0.59375, -7.5],
							"size": [0.5625, 0.5625, 0.25],
							"pivot": [-0.00804, 0.875, -7.375],
							"rotation": [0, 0, 45],
							"uv": {
								"north": {"uv": [19, 5], "uv_size": [0.5, 0.5]},
								"east": {"uv": [6, 19], "uv_size": [0.5, 0.5]},
								"west": {"uv": [19, 6], "uv_size": [0.5, 0.5]},
								"up": {"uv": [7, 19], "uv_size": [0.5, 0.5]},
								"down": {"uv": [19, 7.5], "uv_size": [0.5, -0.5]}
							}
						},
						{
							"origin": [-0.16429, 0.6875, -8.125],
							"size": [0.4375, 0.4375, 0.625],
							"pivot": [-0.00804, 0.96875, -7.625],
							"rotation": [0, 0, 45],
							"uv": {
								"north": {"uv": [8, 19], "uv_size": [0.5, 0.5]},
								"east": {"uv": [19, 8], "uv_size": [0.5, 0.5]},
								"west": {"uv": [9, 19], "uv_size": [0.5, 0.5]},
								"up": {"uv": [19, 9], "uv_size": [0.5, 0.5]},
								"down": {"uv": [10, 19.5], "uv_size": [0.5, -0.5]}
							}
						}
					]
				},
				{
					"name": "bone5",
					"parent": "scope_body",
					"pivot": [0, 1.5, 3.1875],
					"rotation": [9, 0, 0],
					"cubes": [
						{
							"origin": [0.18122, 1.42862, 1.98438],
							"size": [0.07766, 0.07138, 1.20312],
							"pivot": [0.25888, 1.5, 3.1875],
							"rotation": [0, 3.75, 0],
							"uv": {
								"north": {"uv": [19, 10], "uv_size": [0.5, 0.5]},
								"east": {"uv": [11, 11], "uv_size": [1, 0.5]},
								"west": {"uv": [0, 12], "uv_size": [1, 0.5]},
								"up": {"uv": [1, 12], "uv_size": [0.5, 1]},
								"down": {"uv": [2, 13], "uv_size": [0.5, -1]}
							}
						},
						{
							"origin": [-0.25888, 1.42862, 1.98438],
							"size": [0.07766, 0.07138, 1.20312],
							"pivot": [-0.25888, 1.5, 3.1875],
							"rotation": [0, -3.75, 0],
							"uv": {
								"north": {"uv": [11, 19], "uv_size": [0.5, 0.5]},
								"east": {"uv": [12, 2], "uv_size": [1, 0.5]},
								"west": {"uv": [3, 12], "uv_size": [1, 0.5]},
								"up": {"uv": [12, 3], "uv_size": [0.5, 1]},
								"down": {"uv": [4, 13], "uv_size": [0.5, -1]}
							}
						},
						{
							"origin": [-0.18122, 1.4375, 1.98438],
							"size": [0.36244, 0.0625, 1.20312],
							"inflate": 0.0001,
							"uv": {
								"north": {"uv": [19, 11], "uv_size": [0.5, 0.5]},
								"east": {"uv": [12, 4], "uv_size": [1, 0.5]},
								"south": {"uv": [12, 19], "uv_size": [0.5, 0.5]},
								"west": {"uv": [5, 12], "uv_size": [1, 0.5]},
								"up": {"uv": [12, 5], "uv_size": [0.5, 1]},
								"down": {"uv": [6, 13], "uv_size": [0.5, -1]}
							}
						}
					]
				},
				{
					"name": "bone9",
					"parent": "scope_body",
					"pivot": [0.625, 0.875, 3.1875],
					"rotation": [9, 0, 90],
					"cubes": [
						{
							"origin": [0.80622, 0.80362, 1.98438],
							"size": [0.07766, 0.07138, 1.20312],
							"pivot": [0.88388, 0.875, 3.1875],
							"rotation": [0, 3.75, 0],
							"uv": {
								"north": {"uv": [19, 12], "uv_size": [0.5, 0.5]},
								"east": {"uv": [12, 6], "uv_size": [1, 0.5]},
								"south": {"uv": [13, 19], "uv_size": [0.5, 0.5]},
								"west": {"uv": [7, 12], "uv_size": [1, 0.5]},
								"up": {"uv": [12, 7], "uv_size": [0.5, 1]},
								"down": {"uv": [8, 13], "uv_size": [0.5, -1]}
							}
						},
						{
							"origin": [0.36612, 0.80362, 1.98438],
							"size": [0.07766, 0.07138, 1.20312],
							"pivot": [0.36612, 0.875, 3.1875],
							"rotation": [0, -3.75, 0],
							"uv": {
								"north": {"uv": [19, 13], "uv_size": [0.5, 0.5]},
								"east": {"uv": [12, 8], "uv_size": [1, 0.5]},
								"south": {"uv": [14, 19], "uv_size": [0.5, 0.5]},
								"west": {"uv": [9, 12], "uv_size": [1, 0.5]},
								"up": {"uv": [12, 9], "uv_size": [0.5, 1]},
								"down": {"uv": [10, 13], "uv_size": [0.5, -1]}
							}
						},
						{
							"origin": [0.44378, 0.8125, 1.98438],
							"size": [0.36244, 0.0625, 1.20312],
							"inflate": 0.0001,
							"uv": {
								"north": {"uv": [19, 14], "uv_size": [0.5, 0.5]},
								"east": {"uv": [12, 10], "uv_size": [1, 0.5]},
								"south": {"uv": [15, 19], "uv_size": [0.5, 0.5]},
								"west": {"uv": [11, 12], "uv_size": [1, 0.5]},
								"up": {"uv": [12, 11], "uv_size": [0.5, 1]},
								"down": {"uv": [12, 13], "uv_size": [0.5, -1]}
							}
						}
					]
				},
				{
					"name": "bone10",
					"parent": "scope_body",
					"pivot": [-0.625, 0.875, 3.1875],
					"rotation": [9, 0, -90],
					"cubes": [
						{
							"origin": [-0.88388, 0.80362, 1.98438],
							"size": [0.07766, 0.07138, 1.20312],
							"pivot": [-0.88388, 0.875, 3.1875],
							"rotation": [0, -3.75, 0],
							"uv": {
								"north": {"uv": [19, 15], "uv_size": [0.5, 0.5]},
								"east": {"uv": [0, 13], "uv_size": [1, 0.5]},
								"south": {"uv": [16, 19], "uv_size": [0.5, 0.5]},
								"west": {"uv": [13, 0], "uv_size": [1, 0.5]},
								"up": {"uv": [1, 13], "uv_size": [0.5, 1]},
								"down": {"uv": [13, 2], "uv_size": [0.5, -1]}
							}
						},
						{
							"origin": [-0.44378, 0.80362, 1.98438],
							"size": [0.07766, 0.07138, 1.20312],
							"pivot": [-0.36612, 0.875, 3.1875],
							"rotation": [0, 3.75, 0],
							"uv": {
								"north": {"uv": [19, 16], "uv_size": [0.5, 0.5]},
								"east": {"uv": [2, 13], "uv_size": [1, 0.5]},
								"south": {"uv": [17, 19], "uv_size": [0.5, 0.5]},
								"west": {"uv": [13, 2], "uv_size": [1, 0.5]},
								"up": {"uv": [3, 13], "uv_size": [0.5, 1]},
								"down": {"uv": [13, 4], "uv_size": [0.5, -1]}
							}
						},
						{
							"origin": [-0.80622, 0.8125, 1.98438],
							"size": [0.36244, 0.0625, 1.20312],
							"inflate": 0.0001,
							"uv": {
								"north": {"uv": [19, 17], "uv_size": [0.5, 0.5]},
								"east": {"uv": [4, 13], "uv_size": [1, 0.5]},
								"south": {"uv": [18, 19], "uv_size": [0.5, 0.5]},
								"west": {"uv": [13, 4], "uv_size": [1, 0.5]},
								"up": {"uv": [5, 13], "uv_size": [0.5, 1]},
								"down": {"uv": [13, 6], "uv_size": [0.5, -1]}
							}
						}
					]
				},
				{
					"name": "bone7",
					"parent": "scope_body",
					"pivot": [0.5669, 1.34268, 2.53122],
					"rotation": [9, 0, 45],
					"cubes": [
						{
							"origin": [0.67796, 1.06339, 1.95963],
							"size": [0.07766, 0.07138, 1.20312],
							"pivot": [0.75562, 1.13477, 3.16275],
							"rotation": [0, 3.75, 0],
							"uv": {
								"north": {"uv": [19, 18], "uv_size": [0.5, 0.5]},
								"east": {"uv": [6, 13], "uv_size": [1, 0.5]},
								"south": {"uv": [19, 19], "uv_size": [0.5, 0.5]},
								"west": {"uv": [13, 6], "uv_size": [1, 0.5]},
								"up": {"uv": [7, 13], "uv_size": [0.5, 1]},
								"down": {"uv": [13, 8], "uv_size": [0.5, -1]}
							}
						},
						{
							"origin": [0.23785, 1.06339, 1.95963],
							"size": [0.07767, 0.07138, 1.20312],
							"pivot": [0.23785, 1.13477, 3.16275],
							"rotation": [0, -3.75, 0],
							"uv": {
								"east": {"uv": [8, 13], "uv_size": [1, 0.5]},
								"south": {"uv": [0, 20], "uv_size": [0.5, 0.5]},
								"west": {"uv": [13, 8], "uv_size": [1, 0.5]},
								"up": {"uv": [9, 13], "uv_size": [0.5, 1]},
								"down": {"uv": [13, 10], "uv_size": [0.5, -1]}
							}
						},
						{
							"origin": [0.31552, 1.07227, 1.95963],
							"size": [0.36244, 0.0625, 1.20312],
							"inflate": 0.0001,
							"uv": {
								"north": {"uv": [20, 0], "uv_size": [0.5, 0.5]},
								"east": {"uv": [10, 13], "uv_size": [1, 0.5]},
								"south": {"uv": [1, 20], "uv_size": [0.5, 0.5]},
								"west": {"uv": [13, 10], "uv_size": [1, 0.5]},
								"up": {"uv": [11, 13], "uv_size": [0.5, 1]},
								"down": {"uv": [13, 12], "uv_size": [0.5, -1]}
							}
						}
					]
				},
				{
					"name": "bone11",
					"parent": "scope_body",
					"pivot": [0.5669, 0.40732, 2.53122],
					"rotation": [-9, 0, -45],
					"cubes": [
						{
							"origin": [0.67796, 0.61523, 1.95963],
							"size": [0.07766, 0.07138, 1.20312],
							"pivot": [0.75562, 0.61523, 3.16275],
							"rotation": [0, 3.75, 0],
							"uv": {
								"north": {"uv": [20, 1], "uv_size": [0.5, 0.5]},
								"east": {"uv": [12, 13], "uv_size": [1, 0.5]},
								"south": {"uv": [2, 20], "uv_size": [0.5, 0.5]},
								"west": {"uv": [13, 12], "uv_size": [1, 0.5]},
								"up": {"uv": [13, 13], "uv_size": [0.5, 1]},
								"down": {"uv": [0, 15], "uv_size": [0.5, -1]}
							}
						},
						{
							"origin": [0.23785, 0.61523, 1.95963],
							"size": [0.07767, 0.07138, 1.20312],
							"pivot": [0.23785, 0.61523, 3.16275],
							"rotation": [0, -3.75, 0],
							"uv": {
								"east": {"uv": [14, 0], "uv_size": [1, 0.5]},
								"south": {"uv": [20, 2], "uv_size": [0.5, 0.5]},
								"west": {"uv": [1, 14], "uv_size": [1, 0.5]},
								"up": {"uv": [14, 1], "uv_size": [0.5, 1]},
								"down": {"uv": [2, 15], "uv_size": [0.5, -1]}
							}
						},
						{
							"origin": [0.31552, 0.61523, 1.95963],
							"size": [0.36244, 0.0625, 1.20312],
							"inflate": 0.0001,
							"uv": {
								"north": {"uv": [3, 20], "uv_size": [0.5, 0.5]},
								"east": {"uv": [14, 2], "uv_size": [1, 0.5]},
								"south": {"uv": [20, 3], "uv_size": [0.5, 0.5]},
								"west": {"uv": [3, 14], "uv_size": [1, 0.5]},
								"up": {"uv": [14, 3], "uv_size": [0.5, 1]},
								"down": {"uv": [4, 15], "uv_size": [0.5, -1]}
							}
						}
					]
				},
				{
					"name": "bone12",
					"parent": "scope_body",
					"pivot": [-0.5669, 0.40732, 2.53122],
					"rotation": [-9, 0, 45],
					"cubes": [
						{
							"origin": [-0.75562, 0.61523, 1.95963],
							"size": [0.07766, 0.07138, 1.20312],
							"pivot": [-0.75562, 0.61523, 3.16275],
							"rotation": [0, -3.75, 0],
							"uv": {
								"north": {"uv": [4, 20], "uv_size": [0.5, 0.5]},
								"east": {"uv": [14, 4], "uv_size": [1, 0.5]},
								"south": {"uv": [20, 4], "uv_size": [0.5, 0.5]},
								"west": {"uv": [5, 14], "uv_size": [1, 0.5]},
								"up": {"uv": [14, 5], "uv_size": [0.5, 1]},
								"down": {"uv": [6, 15], "uv_size": [0.5, -1]}
							}
						},
						{
							"origin": [-0.31552, 0.61523, 1.95963],
							"size": [0.07767, 0.07138, 1.20312],
							"pivot": [-0.23785, 0.61523, 3.16275],
							"rotation": [0, 3.75, 0],
							"uv": {
								"east": {"uv": [14, 6], "uv_size": [1, 0.5]},
								"south": {"uv": [5, 20], "uv_size": [0.5, 0.5]},
								"west": {"uv": [7, 14], "uv_size": [1, 0.5]},
								"up": {"uv": [14, 7], "uv_size": [0.5, 1]},
								"down": {"uv": [8, 15], "uv_size": [0.5, -1]}
							}
						},
						{
							"origin": [-0.67796, 0.61523, 1.95963],
							"size": [0.36244, 0.0625, 1.20312],
							"inflate": 0.0001,
							"uv": {
								"north": {"uv": [20, 5], "uv_size": [0.5, 0.5]},
								"east": {"uv": [14, 8], "uv_size": [1, 0.5]},
								"south": {"uv": [6, 20], "uv_size": [0.5, 0.5]},
								"west": {"uv": [9, 14], "uv_size": [1, 0.5]},
								"up": {"uv": [14, 9], "uv_size": [0.5, 1]},
								"down": {"uv": [10, 15], "uv_size": [0.5, -1]}
							}
						}
					]
				},
				{
					"name": "bone8",
					"parent": "scope_body",
					"pivot": [-0.5669, 1.34268, 2.53122],
					"rotation": [9, 0, -45],
					"cubes": [
						{
							"origin": [-0.75562, 1.06339, 1.95963],
							"size": [0.07766, 0.07138, 1.20312],
							"pivot": [-0.75562, 1.13477, 3.16275],
							"rotation": [0, -3.75, 0],
							"uv": {
								"north": {"uv": [20, 6], "uv_size": [0.5, 0.5]},
								"east": {"uv": [14, 10], "uv_size": [1, 0.5]},
								"south": {"uv": [7, 20], "uv_size": [0.5, 0.5]},
								"west": {"uv": [11, 14], "uv_size": [1, 0.5]},
								"up": {"uv": [14, 11], "uv_size": [0.5, 1]},
								"down": {"uv": [12, 15], "uv_size": [0.5, -1]}
							}
						},
						{
							"origin": [-0.31552, 1.06339, 1.95963],
							"size": [0.07767, 0.07138, 1.20312],
							"pivot": [-0.23785, 1.13477, 3.16275],
							"rotation": [0, 3.75, 0],
							"uv": {
								"east": {"uv": [14, 12], "uv_size": [1, 0.5]},
								"south": {"uv": [20, 7], "uv_size": [0.5, 0.5]},
								"west": {"uv": [13, 14], "uv_size": [1, 0.5]},
								"up": {"uv": [14, 13], "uv_size": [0.5, 1]},
								"down": {"uv": [14, 15], "uv_size": [0.5, -1]}
							}
						},
						{
							"origin": [-0.67796, 1.07227, 1.95963],
							"size": [0.36244, 0.0625, 1.20312],
							"inflate": 0.0001,
							"uv": {
								"north": {"uv": [8, 20], "uv_size": [0.5, 0.5]},
								"east": {"uv": [0, 15], "uv_size": [1, 0.5]},
								"south": {"uv": [20, 8], "uv_size": [0.5, 0.5]},
								"west": {"uv": [15, 0], "uv_size": [1, 0.5]},
								"up": {"uv": [1, 15], "uv_size": [0.5, 1]},
								"down": {"uv": [15, 2], "uv_size": [0.5, -1]}
							}
						}
					]
				},
				{
					"name": "bone6",
					"parent": "scope_body",
					"pivot": [0, 0.25, 3.1875],
					"rotation": [-9, 0, 0],
					"cubes": [
						{
							"origin": [0.18122, 0.25, 1.98438],
							"size": [0.07766, 0.07138, 1.20312],
							"pivot": [0.25888, 0.25, 3.1875],
							"rotation": [0, 3.75, 0],
							"uv": {
								"north": {"uv": [9, 20], "uv_size": [0.5, 0.5]},
								"east": {"uv": [2, 15], "uv_size": [1, 0.5]},
								"west": {"uv": [15, 2], "uv_size": [1, 0.5]},
								"up": {"uv": [3, 15], "uv_size": [0.5, 1]},
								"down": {"uv": [15, 4], "uv_size": [0.5, -1]}
							}
						},
						{
							"origin": [-0.25888, 0.25, 1.98438],
							"size": [0.07766, 0.07138, 1.20312],
							"pivot": [-0.25888, 0.25, 3.1875],
							"rotation": [0, -3.75, 0],
							"uv": {
								"north": {"uv": [20, 9], "uv_size": [0.5, 0.5]},
								"east": {"uv": [4, 15], "uv_size": [1, 0.5]},
								"west": {"uv": [15, 4], "uv_size": [1, 0.5]},
								"up": {"uv": [5, 15], "uv_size": [0.5, 1]},
								"down": {"uv": [15, 6], "uv_size": [0.5, -1]}
							}
						},
						{
							"origin": [-0.18122, 0.25, 1.98438],
							"size": [0.36244, 0.0625, 1.20312],
							"inflate": 0.0001,
							"uv": {
								"north": {"uv": [10, 20], "uv_size": [0.5, 0.5]},
								"east": {"uv": [6, 15], "uv_size": [1, 0.5]},
								"south": {"uv": [20, 10], "uv_size": [0.5, 0.5]},
								"west": {"uv": [15, 6], "uv_size": [1, 0.5]},
								"up": {"uv": [7, 15], "uv_size": [0.5, 1]},
								"down": {"uv": [15, 8], "uv_size": [0.5, -1]}
							}
						}
					]
				},
				{
					"name": "ghfgh",
					"parent": "scope_body",
					"pivot": [0, 0.875, -6.75],
					"cubes": [
						{
							"origin": [-0.18122, 0.4375, -7.25],
							"size": [0.36244, 0.875, 2],
							"pivot": [0, 0.875, -6.75],
							"rotation": [0, 0, 45],
							"uv": {
								"north": {"uv": [8, 15], "uv_size": [0.5, 1]},
								"up": {"uv": [9, 7], "uv_size": [0.5, 2]},
								"down": {"uv": [9, 11], "uv_size": [0.5, -2]}
							}
						},
						{
							"origin": [-0.18122, 0.4375, -7.25],
							"size": [0.36244, 0.875, 2],
							"uv": {
								"north": {"uv": [15, 8], "uv_size": [0.5, 1]},
								"up": {"uv": [0, 10], "uv_size": [0.5, 2]},
								"down": {"uv": [10, 2], "uv_size": [0.5, -2]}
							}
						},
						{
							"origin": [-0.4375, 0.69378, -7.25],
							"size": [0.875, 0.36244, 2],
							"pivot": [0, 0.875, -6.75],
							"rotation": [0, 0, 45],
							"uv": {
								"north": {"uv": [9, 15], "uv_size": [1, 0.5]},
								"east": {"uv": [9, 5], "uv_size": [2, 0.5]},
								"west": {"uv": [1, 10], "uv_size": [2, 0.5]}
							}
						},
						{
							"origin": [-0.4375, 0.69378, -7.25],
							"size": [0.875, 0.36244, 2],
							"uv": {
								"north": {"uv": [15, 9], "uv_size": [1, 0.5]},
								"east": {"uv": [10, 2], "uv_size": [2, 0.5]},
								"west": {"uv": [3, 10], "uv_size": [2, 0.5]}
							}
						},
						{
							"origin": [-0.18122, 0.4375, -0.75],
							"size": [0.36244, 0.875, 2.75],
							"pivot": [0, 0.875, -0.25],
							"rotation": [0, 0, 45],
							"uv": {
								"up": {"uv": [0, 6], "uv_size": [0.5, 3]},
								"down": {"uv": [6, 3], "uv_size": [0.5, -3]}
							}
						},
						{
							"origin": [-0.18122, 0.4375, -0.75],
							"size": [0.36244, 0.875, 2.75],
							"uv": {
								"up": {"uv": [1, 6], "uv_size": [0.5, 3]},
								"down": {"uv": [2, 9], "uv_size": [0.5, -3]}
							}
						},
						{
							"origin": [-0.4375, 0.69378, -0.75],
							"size": [0.875, 0.36244, 2.75],
							"pivot": [0, 0.875, -0.25],
							"rotation": [0, 0, 45],
							"uv": {
								"east": {"uv": [3, 6], "uv_size": [3, 0.5]},
								"west": {"uv": [6, 3], "uv_size": [3, 0.5]}
							}
						},
						{
							"origin": [-0.4375, 0.69378, -0.75],
							"size": [0.875, 0.36244, 2.75],
							"uv": {
								"east": {"uv": [6, 4], "uv_size": [3, 0.5]},
								"west": {"uv": [6, 5], "uv_size": [3, 0.5]}
							}
						}
					]
				},
				{
					"name": "ghjgh",
					"parent": "scope_body",
					"pivot": [0, 0.875, -4.75],
					"cubes": [
						{
							"origin": [-0.23817, 0.3, -5.25],
							"size": [0.47634, 1.15, 0.375],
							"pivot": [0, 0.875, -4.75],
							"rotation": [0, 0, 45],
							"uv": {
								"north": {"uv": [10, 15], "uv_size": [0.5, 1]},
								"south": {"uv": [15, 10], "uv_size": [0.5, 1]},
								"up": {"uv": [11, 20], "uv_size": [0.5, 0.5]},
								"down": {"uv": [20, 11.5], "uv_size": [0.5, -0.5]}
							}
						},
						{
							"origin": [-0.23817, 0.3, -5.25],
							"size": [0.47634, 1.15, 0.375],
							"uv": {
								"north": {"uv": [11, 15], "uv_size": [0.5, 1]},
								"up": {"uv": [12, 20], "uv_size": [0.5, 0.5]},
								"down": {"uv": [20, 12.5], "uv_size": [0.5, -0.5]}
							}
						},
						{
							"origin": [-0.575, 0.63683, -5.25],
							"size": [1.15, 0.47634, 0.375],
							"pivot": [0, 0.875, -4.75],
							"rotation": [0, 0, 45],
							"uv": {
								"north": {"uv": [15, 11], "uv_size": [1, 0.5]},
								"east": {"uv": [13, 20], "uv_size": [0.5, 0.5]},
								"west": {"uv": [20, 13], "uv_size": [0.5, 0.5]}
							}
						},
						{
							"origin": [-0.575, 0.63683, -5.25],
							"size": [1.15, 0.47634, 0.375],
							"uv": {
								"north": {"uv": [12, 15], "uv_size": [1, 0.5]},
								"east": {"uv": [14, 20], "uv_size": [0.5, 0.5]},
								"west": {"uv": [20, 14], "uv_size": [0.5, 0.5]}
							}
						}
					]
				},
				{
					"name": "ghjgh2",
					"parent": "scope_body",
					"pivot": [0, 0.875, -1.375],
					"cubes": [
						{
							"origin": [-0.23817, 0.3, -1.875],
							"size": [0.47634, 1.15, 1.125],
							"pivot": [0, 0.875, -1.375],
							"rotation": [0, 0, 45],
							"uv": {
								"north": {"uv": [15, 12], "uv_size": [0.5, 1]},
								"south": {"uv": [13, 15], "uv_size": [0.5, 1]},
								"up": {"uv": [15, 13], "uv_size": [0.5, 1]},
								"down": {"uv": [14, 16], "uv_size": [0.5, -1]}
							}
						},
						{
							"origin": [-0.23817, 0.3, -1.875],
							"size": [0.47634, 1.15, 1.125],
							"uv": {
								"south": {"uv": [15, 14], "uv_size": [0.5, 1]},
								"up": {"uv": [15, 15], "uv_size": [0.5, 1]},
								"down": {"uv": [0, 17], "uv_size": [0.5, -1]}
							}
						},
						{
							"origin": [-0.575, 0.63683, -1.875],
							"size": [1.15, 0.47634, 1.125],
							"pivot": [0, 0.875, -1.375],
							"rotation": [0, 0, 45],
							"uv": {
								"east": {"uv": [16, 0], "uv_size": [1, 0.5]},
								"south": {"uv": [1, 16], "uv_size": [1, 0.5]},
								"west": {"uv": [16, 1], "uv_size": [1, 0.5]}
							}
						},
						{
							"origin": [-0.575, 0.63683, -1.875],
							"size": [1.15, 0.47634, 1.125],
							"uv": {
								"east": {"uv": [2, 16], "uv_size": [1, 0.5]},
								"south": {"uv": [16, 2], "uv_size": [1, 0.5]},
								"west": {"uv": [3, 16], "uv_size": [1, 0.5]}
							}
						}
					]
				},
				{
					"name": "gfhfgh",
					"parent": "scope_body",
					"pivot": [0, 0.875, 0.5],
					"cubes": [
						{
							"origin": [-0.20711, 0.375, 0.0625],
							"size": [0.41422, 1, 0.5625],
							"pivot": [0, 0.875, 0.5],
							"rotation": [0, 0, 45],
							"uv": {
								"north": {"uv": [16, 3], "uv_size": [0.5, 1]},
								"south": {"uv": [4, 16], "uv_size": [0.5, 1]},
								"up": {"uv": [15, 20], "uv_size": [0.5, 0.5]},
								"down": {"uv": [20, 15.5], "uv_size": [0.5, -0.5]}
							}
						},
						{
							"origin": [-0.20711, 0.375, 0.0625],
							"size": [0.41422, 1, 0.5625],
							"uv": {
								"north": {"uv": [16, 4], "uv_size": [0.5, 1]},
								"south": {"uv": [5, 16], "uv_size": [0.5, 1]},
								"up": {"uv": [16, 20], "uv_size": [0.5, 0.5]},
								"down": {"uv": [20, 16.5], "uv_size": [0.5, -0.5]}
							}
						},
						{
							"origin": [-0.5, 0.66789, 0.0625],
							"size": [1, 0.41422, 0.5625],
							"inflate": 0.0001,
							"pivot": [0, 0.875, 0.5],
							"rotation": [0, 0, 45],
							"uv": {
								"north": {"uv": [16, 5], "uv_size": [1, 0.5]},
								"east": {"uv": [17, 20], "uv_size": [0.5, 0.5]},
								"south": {"uv": [6, 16], "uv_size": [1, 0.5]},
								"west": {"uv": [20, 17], "uv_size": [0.5, 0.5]}
							}
						},
						{
							"origin": [-0.5, 0.66789, 0.0625],
							"size": [1, 0.41422, 0.5625],
							"uv": {
								"north": {"uv": [16, 6], "uv_size": [1, 0.5]},
								"east": {"uv": [18, 20], "uv_size": [0.5, 0.5]},
								"south": {"uv": [7, 16], "uv_size": [1, 0.5]},
								"west": {"uv": [20, 18], "uv_size": [0.5, 0.5]}
							}
						}
					]
				},
				{
					"name": "gfhfgh2",
					"parent": "scope_body",
					"pivot": [0, 0.875, 1.75],
					"cubes": [
						{
							"origin": [-0.20711, 0.375, 1.3125],
							"size": [0.41422, 1, 0.5625],
							"pivot": [0, 0.875, 1.75],
							"rotation": [0, 0, 45],
							"uv": {
								"north": {"uv": [16, 7], "uv_size": [0.5, 1]},
								"south": {"uv": [8, 16], "uv_size": [0.5, 1]},
								"up": {"uv": [19, 20], "uv_size": [0.5, 0.5]},
								"down": {"uv": [20, 19.5], "uv_size": [0.5, -0.5]}
							}
						},
						{
							"origin": [-0.20711, 0.375, 1.3125],
							"size": [0.41422, 1, 0.5625],
							"uv": {
								"north": {"uv": [16, 8], "uv_size": [0.5, 1]},
								"south": {"uv": [9, 16], "uv_size": [0.5, 1]},
								"up": {"uv": [20, 20], "uv_size": [0.5, 0.5]},
								"down": {"uv": [0, 21.5], "uv_size": [0.5, -0.5]}
							}
						},
						{
							"origin": [-0.5, 0.66789, 1.3125],
							"size": [1, 0.41422, 0.5625],
							"inflate": 0.0001,
							"pivot": [0, 0.875, 1.75],
							"rotation": [0, 0, 45],
							"uv": {
								"north": {"uv": [16, 9], "uv_size": [1, 0.5]},
								"east": {"uv": [21, 0], "uv_size": [0.5, 0.5]},
								"south": {"uv": [10, 16], "uv_size": [1, 0.5]},
								"west": {"uv": [1, 21], "uv_size": [0.5, 0.5]}
							}
						},
						{
							"origin": [-0.5, 0.66789, 1.3125],
							"size": [1, 0.41422, 0.5625],
							"uv": {
								"north": {"uv": [16, 10], "uv_size": [1, 0.5]},
								"east": {"uv": [21, 1], "uv_size": [0.5, 0.5]},
								"south": {"uv": [11, 16], "uv_size": [1, 0.5]},
								"west": {"uv": [2, 21], "uv_size": [0.5, 0.5]}
							}
						}
					]
				},
				{
					"name": "hggggsd",
					"parent": "scope_body",
					"pivot": [0, 0.875, 3.6875],
					"cubes": [
						{
							"origin": [-0.25888, 0.25, 3.1875],
							"size": [0.51776, 0.2, 0.75],
							"pivot": [0, 0.875, 3.6875],
							"rotation": [0, 0, 45],
							"uv": {
								"north": {"uv": [21, 2], "uv_size": [0.5, 0.5]},
								"south": {"uv": [3, 21], "uv_size": [0.5, 0.5]},
								"up": {"uv": [16, 11], "uv_size": [0.5, 1]},
								"down": {"uv": [12, 17], "uv_size": [0.5, -1]}
							}
						},
						{
							"origin": [-0.25888, 0.25, 3.1875],
							"size": [0.51776, 0.2, 0.75],
							"uv": {
								"north": {"uv": [21, 3], "uv_size": [0.5, 0.5]},
								"south": {"uv": [4, 21], "uv_size": [0.5, 0.5]},
								"up": {"uv": [16, 12], "uv_size": [0.5, 1]},
								"down": {"uv": [13, 17], "uv_size": [0.5, -1]}
							}
						},
						{
							"origin": [-0.25888, 1.3, 3.1875],
							"size": [0.51776, 0.2, 0.75],
							"pivot": [0, 0.875, 3.6875],
							"rotation": [0, 0, 45],
							"uv": {
								"north": {"uv": [21, 4], "uv_size": [0.5, 0.5]},
								"south": {"uv": [5, 21], "uv_size": [0.5, 0.5]},
								"up": {"uv": [16, 13], "uv_size": [0.5, 1]},
								"down": {"uv": [14, 17], "uv_size": [0.5, -1]}
							}
						},
						{
							"origin": [-0.25888, 1.3, 3.1875],
							"size": [0.51776, 0.2, 0.75],
							"uv": {
								"north": {"uv": [21, 5], "uv_size": [0.5, 0.5]},
								"south": {"uv": [6, 21], "uv_size": [0.5, 0.5]},
								"up": {"uv": [16, 14], "uv_size": [0.5, 1]},
								"down": {"uv": [15, 17], "uv_size": [0.5, -1]}
							}
						},
						{
							"origin": [0.425, 0.61612, 3.1875],
							"size": [0.2, 0.51776, 0.75],
							"pivot": [0, 0.875, 3.6875],
							"rotation": [0, 0, 45],
							"uv": {
								"north": {"uv": [21, 6], "uv_size": [0.5, 0.5]},
								"east": {"uv": [16, 15], "uv_size": [1, 0.5]},
								"south": {"uv": [7, 21], "uv_size": [0.5, 0.5]},
								"west": {"uv": [16, 16], "uv_size": [1, 0.5]}
							}
						},
						{
							"origin": [0.425, 0.61612, 3.1875],
							"size": [0.2, 0.51776, 0.75],
							"uv": {
								"north": {"uv": [21, 7], "uv_size": [0.5, 0.5]},
								"east": {"uv": [0, 17], "uv_size": [1, 0.5]},
								"south": {"uv": [8, 21], "uv_size": [0.5, 0.5]},
								"west": {"uv": [17, 0], "uv_size": [1, 0.5]}
							}
						},
						{
							"origin": [-0.625, 0.61612, 3.1875],
							"size": [0.2, 0.51776, 0.75],
							"pivot": [0, 0.875, 3.6875],
							"rotation": [0, 0, 45],
							"uv": {
								"north": {"uv": [21, 8], "uv_size": [0.5, 0.5]},
								"east": {"uv": [1, 17], "uv_size": [1, 0.5]},
								"south": {"uv": [9, 21], "uv_size": [0.5, 0.5]},
								"west": {"uv": [17, 1], "uv_size": [1, 0.5]}
							}
						},
						{
							"origin": [-0.625, 0.61612, 3.1875],
							"size": [0.2, 0.51776, 0.75],
							"uv": {
								"north": {"uv": [21, 9], "uv_size": [0.5, 0.5]},
								"east": {"uv": [2, 17], "uv_size": [1, 0.5]},
								"south": {"uv": [10, 21], "uv_size": [0.5, 0.5]},
								"west": {"uv": [17, 2], "uv_size": [1, 0.5]}
							}
						}
					]
				},
				{
					"name": "scope_view",
					"pivot": [0, 0.875, 6]
				},
				{
					"name": "division",
					"pivot": [0.19792, 0.53646, -101.51389],
					"cubes": [
						{
							"origin": [-30.1875, -25.34374, -101.75],
							"size": [60.375, 52.40625, 0.25],
							"uv": {
								"south": {"uv": [26.5, 43.5], "uv_size": [203, 169]}
							}
						},
						{
							"origin": [-92.89375, -75.95312, -101.75],
							"size": [40.20625, 152.375, 0.25],
							"uv": {
								"south": {"uv": [3, 29], "uv_size": [10, 2.5]}
							}
						},
						{
							"origin": [53.6875, -75.95312, -101.75],
							"size": [39.76875, 152.375, 0.25],
							"uv": {
								"south": {"uv": [0, 29], "uv_size": [15, 3.5]}
							}
						},
						{
							"origin": [-52.6875, 46.73438, -101.75],
							"size": [106.375, 29.6875, 0.25],
							"uv": {
								"south": {"uv": [0, 26.5], "uv_size": [17, 9]}
							}
						},
						{
							"origin": [-52.6875, -75.95312, -101.75],
							"size": [106.375, 28.75, 0.25],
							"uv": {
								"south": {"uv": [0, 26.5], "uv_size": [14, 9]}
							}
						}
					]
				},
				{
					"name": "cross_illuminated",
					"parent": "division",
					"pivot": [0, 0.875, -101.3125],
					"cubes": [
						{
							"origin": [-11, 7.875, -101.375],
							"size": [2, 0.5, 0],
							"pivot": [0, 8.125, -101.375],
							"rotation": [0, 0, -90],
							"uv": {
								"south": {"uv": [15, 46], "uv_size": [2, 0.5]}
							}
						},
						{
							"origin": [1.75, 0.625, -101.375],
							"size": [2, 0.5, 0],
							"uv": {
								"south": {"uv": [46, 16], "uv_size": [2, 0.5]}
							}
						},
						{
							"origin": [-3.75, 0.625, -101.375],
							"size": [2, 0.5, 0],
							"uv": {
								"south": {"uv": [17, 46], "uv_size": [2, 0.5]}
							}
						},
						{
							"origin": [-0.625, 0.26072, -101.3125],
							"size": [1.25, 1.25, 0],
							"pivot": [0, 0.88572, -101.3125],
							"rotation": [0, 0, -45],
							"uv": {
								"south": {"uv": [46, 13.5], "uv_size": [2, 2]}
							}
						}
					]
				},
				{
					"name": "ocular",
					"pivot": [0, 0.875, 4.09375],
					"cubes": [
						{
							"origin": [-0.5594, 0.64332, 4.09379],
							"size": [1.11879, 0.46337, -0.00009],
							"inflate": 0.0001,
							"uv": {
								"south": {"uv": [0, 24], "uv_size": [2, 1]}
							}
						},
						{
							"origin": [-0.55948, 0.64323, 4.09371],
							"size": [1.11897, 0.46354, 0.00009],
							"inflate": -0.0001,
							"pivot": [0, 0.875, 4.30354],
							"rotation": [0, 0, 45],
							"uv": {
								"south": {"uv": [20, 23], "uv_size": [2, 1]}
							}
						},
						{
							"origin": [-0.23164, 0.31565, 4.09384],
							"size": [0.46328, 1.1187, -0.00018],
							"inflate": 0.0002,
							"uv": {
								"south": {"uv": [18, 23], "uv_size": [1, 2]}
							}
						},
						{
							"origin": [-0.23173, 0.31556, 4.09375],
							"size": [0.46346, 1.11888, 0],
							"pivot": [0, 0.875, 4.30354],
							"rotation": [0, 0, 45],
							"uv": {
								"south": {"uv": [16, 23], "uv_size": [1, 2]}
							}
						}
					]
				}
			]
		}
	]
}