{
	"format_version": "1.12.0",
	"minecraft:geometry": [
		{
			"description": {
				"identifier": "geometry.unknown",
				"texture_width": 464,
				"texture_height": 464,
				"visible_bounds_width": 15,
				"visible_bounds_height": 11,
				"visible_bounds_offset": [0, 0.5, 0]
			},
			"bones": [
				{
					"name": "ocular_ring",
					"pivot": [1.3125, -8, -0.9375]
				},
				{
					"name": "fdhfghd",
					"parent": "ocular_ring",
					"pivot": [1.3125, -8, -0.4375],
					"cubes": [
						{
							"origin": [-0.29772, -0.71875, 6.5],
							"size": [0.59543, 0.1375, 0.5],
							"pivot": [0, 0, 7.5625],
							"rotation": [0, 0, 45],
							"uv": {
								"north": {"uv": [111, 87], "uv_size": [0.5, 0.5]},
								"east": {"uv": [0, 112], "uv_size": [0.5, 0.5]},
								"south": {"uv": [1, 112], "uv_size": [0.5, 0.5]},
								"west": {"uv": [112, 35], "uv_size": [0.5, 0.5]},
								"up": {"uv": [112, 36], "uv_size": [0.5, 0.5]},
								"down": {"uv": [112, 37.5], "uv_size": [0.5, -0.5]}
							}
						},
						{
							"origin": [-0.29772, -0.71875, 6.5],
							"size": [0.59543, 0.1375, 0.5],
							"uv": {
								"north": {"uv": [112, 38], "uv_size": [0.5, 0.5]},
								"east": {"uv": [112, 39], "uv_size": [0.5, 0.5]},
								"south": {"uv": [112, 40], "uv_size": [0.5, 0.5]},
								"west": {"uv": [112, 41], "uv_size": [0.5, 0.5]},
								"up": {"uv": [112, 42], "uv_size": [0.5, 0.5]},
								"down": {"uv": [112, 43.5], "uv_size": [0.5, -0.5]}
							}
						},
						{
							"origin": [-0.29772, 0.58125, 6.5],
							"size": [0.59543, 0.1375, 0.5],
							"pivot": [0, 0, 7.5625],
							"rotation": [0, 0, 45],
							"uv": {
								"north": {"uv": [112, 44], "uv_size": [0.5, 0.5]},
								"east": {"uv": [112, 45], "uv_size": [0.5, 0.5]},
								"south": {"uv": [112, 46], "uv_size": [0.5, 0.5]},
								"west": {"uv": [112, 47], "uv_size": [0.5, 0.5]},
								"up": {"uv": [112, 48], "uv_size": [0.5, 0.5]},
								"down": {"uv": [112, 49.5], "uv_size": [0.5, -0.5]}
							}
						},
						{
							"origin": [-0.29772, 0.58125, 6.5],
							"size": [0.59543, 0.1375, 0.5],
							"uv": {
								"north": {"uv": [112, 50], "uv_size": [0.5, 0.5]},
								"east": {"uv": [112, 51], "uv_size": [0.5, 0.5]},
								"south": {"uv": [112, 52], "uv_size": [0.5, 0.5]},
								"west": {"uv": [112, 53], "uv_size": [0.5, 0.5]},
								"up": {"uv": [112, 54], "uv_size": [0.5, 0.5]},
								"down": {"uv": [112, 55.5], "uv_size": [0.5, -0.5]}
							}
						},
						{
							"origin": [0.58125, -0.29772, 6.5],
							"size": [0.1375, 0.59543, 0.5],
							"pivot": [0, 0, 7.5625],
							"rotation": [0, 0, 45],
							"uv": {
								"north": {"uv": [112, 56], "uv_size": [0.5, 0.5]},
								"east": {"uv": [112, 57], "uv_size": [0.5, 0.5]},
								"south": {"uv": [112, 58], "uv_size": [0.5, 0.5]},
								"west": {"uv": [112, 59], "uv_size": [0.5, 0.5]},
								"up": {"uv": [112, 60], "uv_size": [0.5, 0.5]},
								"down": {"uv": [112, 61.5], "uv_size": [0.5, -0.5]}
							}
						},
						{
							"origin": [0.58125, -0.29772, 6.5],
							"size": [0.1375, 0.59543, 0.5],
							"uv": {
								"north": {"uv": [112, 62], "uv_size": [0.5, 0.5]},
								"east": {"uv": [112, 63], "uv_size": [0.5, 0.5]},
								"south": {"uv": [112, 64], "uv_size": [0.5, 0.5]},
								"west": {"uv": [112, 65], "uv_size": [0.5, 0.5]},
								"up": {"uv": [112, 66], "uv_size": [0.5, 0.5]},
								"down": {"uv": [112, 67.5], "uv_size": [0.5, -0.5]}
							}
						},
						{
							"origin": [-0.71875, -0.29772, 6.5],
							"size": [0.1375, 0.59543, 0.5],
							"pivot": [0, 0, 7.5625],
							"rotation": [0, 0, 45],
							"uv": {
								"north": {"uv": [112, 68], "uv_size": [0.5, 0.5]},
								"east": {"uv": [112, 69], "uv_size": [0.5, 0.5]},
								"south": {"uv": [112, 70], "uv_size": [0.5, 0.5]},
								"west": {"uv": [112, 71], "uv_size": [0.5, 0.5]},
								"up": {"uv": [112, 72], "uv_size": [0.5, 0.5]},
								"down": {"uv": [112, 73.5], "uv_size": [0.5, -0.5]}
							}
						},
						{
							"origin": [-0.71875, -0.29772, 6.5],
							"size": [0.1375, 0.59543, 0.5],
							"uv": {
								"north": {"uv": [112, 74], "uv_size": [0.5, 0.5]},
								"east": {"uv": [112, 75], "uv_size": [0.5, 0.5]},
								"south": {"uv": [112, 76], "uv_size": [0.5, 0.5]},
								"west": {"uv": [112, 77], "uv_size": [0.5, 0.5]},
								"up": {"uv": [112, 78], "uv_size": [0.5, 0.5]},
								"down": {"uv": [112, 79.5], "uv_size": [0.5, -0.5]}
							}
						}
					]
				},
				{
					"name": "scope_body",
					"pivot": [1.3125, -12.3125, 1.1875],
					"cubes": [
						{
							"origin": [-0.29772, -0.71875, 6.0625],
							"size": [0.59543, 0.1375, 0.1875],
							"pivot": [0, 0, 6.5625],
							"rotation": [0, 0, 45],
							"uv": {
								"north": {"uv": [110, 62], "uv_size": [0.5, 0.5]},
								"east": {"uv": [110, 63], "uv_size": [0.5, 0.5]},
								"south": {"uv": [110, 64], "uv_size": [0.5, 0.5]},
								"west": {"uv": [110, 65], "uv_size": [0.5, 0.5]},
								"up": {"uv": [110, 66], "uv_size": [0.5, 0.5]},
								"down": {"uv": [110, 67.5], "uv_size": [0.5, -0.5]}
							}
						},
						{
							"origin": [-0.29772, -0.71875, 6.0625],
							"size": [0.59543, 0.1375, 0.1875],
							"uv": {
								"north": {"uv": [110, 68], "uv_size": [0.5, 0.5]},
								"east": {"uv": [110, 69], "uv_size": [0.5, 0.5]},
								"south": {"uv": [110, 70], "uv_size": [0.5, 0.5]},
								"west": {"uv": [110, 71], "uv_size": [0.5, 0.5]},
								"up": {"uv": [110, 72], "uv_size": [0.5, 0.5]},
								"down": {"uv": [110, 73.5], "uv_size": [0.5, -0.5]}
							}
						},
						{
							"origin": [-0.29772, 0.58125, 6.0625],
							"size": [0.59543, 0.1375, 0.1875],
							"pivot": [0, 0, 6.5625],
							"rotation": [0, 0, 45],
							"uv": {
								"north": {"uv": [110, 74], "uv_size": [0.5, 0.5]},
								"east": {"uv": [110, 75], "uv_size": [0.5, 0.5]},
								"south": {"uv": [110, 76], "uv_size": [0.5, 0.5]},
								"west": {"uv": [110, 77], "uv_size": [0.5, 0.5]},
								"up": {"uv": [110, 78], "uv_size": [0.5, 0.5]},
								"down": {"uv": [110, 79.5], "uv_size": [0.5, -0.5]}
							}
						},
						{
							"origin": [-0.29772, 0.58125, 6.0625],
							"size": [0.59543, 0.1375, 0.1875],
							"uv": {
								"north": {"uv": [110, 80], "uv_size": [0.5, 0.5]},
								"east": {"uv": [110, 81], "uv_size": [0.5, 0.5]},
								"south": {"uv": [110, 82], "uv_size": [0.5, 0.5]},
								"west": {"uv": [110, 83], "uv_size": [0.5, 0.5]},
								"up": {"uv": [110, 84], "uv_size": [0.5, 0.5]},
								"down": {"uv": [110, 85.5], "uv_size": [0.5, -0.5]}
							}
						},
						{
							"origin": [0.58125, -0.29772, 6.0625],
							"size": [0.1375, 0.59543, 0.1875],
							"pivot": [0, 0, 6.5625],
							"rotation": [0, 0, 45],
							"uv": {
								"north": {"uv": [110, 86], "uv_size": [0.5, 0.5]},
								"east": {"uv": [110, 87], "uv_size": [0.5, 0.5]},
								"south": {"uv": [0, 111], "uv_size": [0.5, 0.5]},
								"west": {"uv": [1, 111], "uv_size": [0.5, 0.5]},
								"up": {"uv": [111, 51], "uv_size": [0.5, 0.5]},
								"down": {"uv": [111, 52.5], "uv_size": [0.5, -0.5]}
							}
						},
						{
							"origin": [0.58125, -0.29772, 6.0625],
							"size": [0.1375, 0.59543, 0.1875],
							"uv": {
								"north": {"uv": [111, 53], "uv_size": [0.5, 0.5]},
								"east": {"uv": [111, 54], "uv_size": [0.5, 0.5]},
								"south": {"uv": [111, 55], "uv_size": [0.5, 0.5]},
								"west": {"uv": [111, 56], "uv_size": [0.5, 0.5]},
								"up": {"uv": [111, 57], "uv_size": [0.5, 0.5]},
								"down": {"uv": [111, 58.5], "uv_size": [0.5, -0.5]}
							}
						},
						{
							"origin": [-0.71875, -0.29772, 6.0625],
							"size": [0.1375, 0.59543, 0.1875],
							"pivot": [0, 0, 6.5625],
							"rotation": [0, 0, 45],
							"uv": {
								"north": {"uv": [111, 59], "uv_size": [0.5, 0.5]},
								"east": {"uv": [111, 60], "uv_size": [0.5, 0.5]},
								"south": {"uv": [111, 61], "uv_size": [0.5, 0.5]},
								"west": {"uv": [111, 62], "uv_size": [0.5, 0.5]},
								"up": {"uv": [111, 63], "uv_size": [0.5, 0.5]},
								"down": {"uv": [111, 64.5], "uv_size": [0.5, -0.5]}
							}
						},
						{
							"origin": [-0.71875, -0.29772, 6.0625],
							"size": [0.1375, 0.59543, 0.1875],
							"uv": {
								"north": {"uv": [111, 65], "uv_size": [0.5, 0.5]},
								"east": {"uv": [111, 66], "uv_size": [0.5, 0.5]},
								"south": {"uv": [111, 67], "uv_size": [0.5, 0.5]},
								"west": {"uv": [111, 68], "uv_size": [0.5, 0.5]},
								"up": {"uv": [111, 69], "uv_size": [0.5, 0.5]},
								"down": {"uv": [111, 70.5], "uv_size": [0.5, -0.5]}
							}
						}
					]
				},
				{
					"name": "ghjkghk",
					"parent": "scope_body",
					"pivot": [1.3125, -8, -6.75],
					"cubes": [
						{
							"origin": [-0.14239, -0.34375, 0.75],
							"size": [0.28477, 0.6875, 4.125],
							"pivot": [0, 0, 1.25],
							"rotation": [0, 0, 45],
							"uv": {
								"north": {"uv": [111, 71], "uv_size": [0.5, 0.5]},
								"east": {"uv": [108, 39], "uv_size": [4, 0.5]},
								"south": {"uv": [111, 72], "uv_size": [0.5, 0.5]},
								"west": {"uv": [108, 40], "uv_size": [4, 0.5]},
								"up": {"uv": [0, 10], "uv_size": [0.5, 4]},
								"down": {"uv": [1, 14], "uv_size": [0.5, -4]}
							}
						},
						{
							"origin": [-0.14239, -0.34375, 0.75],
							"size": [0.28477, 0.6875, 4.125],
							"uv": {
								"north": {"uv": [111, 73], "uv_size": [0.5, 0.5]},
								"east": {"uv": [108, 41], "uv_size": [4, 0.5]},
								"south": {"uv": [111, 74], "uv_size": [0.5, 0.5]},
								"west": {"uv": [108, 42], "uv_size": [4, 0.5]},
								"up": {"uv": [0, 14], "uv_size": [0.5, 4]},
								"down": {"uv": [1, 18], "uv_size": [0.5, -4]}
							}
						},
						{
							"origin": [-0.34375, -0.14239, 0.75],
							"size": [0.6875, 0.28477, 4.125],
							"pivot": [0, 0, 1.25],
							"rotation": [0, 0, 45],
							"uv": {
								"north": {"uv": [111, 75], "uv_size": [0.5, 0.5]},
								"east": {"uv": [108, 43], "uv_size": [4, 0.5]},
								"south": {"uv": [111, 76], "uv_size": [0.5, 0.5]},
								"west": {"uv": [108, 44], "uv_size": [4, 0.5]},
								"up": {"uv": [0, 18], "uv_size": [0.5, 4]},
								"down": {"uv": [1, 22], "uv_size": [0.5, -4]}
							}
						},
						{
							"origin": [-0.34375, -0.14239, 0.75],
							"size": [0.6875, 0.28477, 4.125],
							"uv": {
								"north": {"uv": [111, 77], "uv_size": [0.5, 0.5]},
								"east": {"uv": [108, 45], "uv_size": [4, 0.5]},
								"south": {"uv": [111, 78], "uv_size": [0.5, 0.5]},
								"west": {"uv": [108, 46], "uv_size": [4, 0.5]},
								"up": {"uv": [0, 22], "uv_size": [0.5, 4]},
								"down": {"uv": [1, 26], "uv_size": [0.5, -4]}
							}
						}
					]
				},
				{
					"name": "ghjghj7",
					"parent": "scope_body",
					"pivot": [1.3125, -8, -2.4375],
					"cubes": [
						{
							"origin": [-0.19416, -0.46875, 5.0625],
							"size": [0.38833, 0.9375, 0.5625],
							"pivot": [0, 0, 5.5625],
							"rotation": [0, 0, 45],
							"uv": {
								"north": {"uv": [1, 66], "uv_size": [0.5, 1]},
								"east": {"uv": [0, 104], "uv_size": [0.5, 1]},
								"south": {"uv": [1, 104], "uv_size": [0.5, 1]},
								"west": {"uv": [0, 105], "uv_size": [0.5, 1]},
								"up": {"uv": [111, 79], "uv_size": [0.5, 0.5]},
								"down": {"uv": [111, 80.5], "uv_size": [0.5, -0.5]}
							}
						},
						{
							"origin": [-0.19416, -0.46875, 5.0625],
							"size": [0.38833, 0.9375, 0.5625],
							"uv": {
								"north": {"uv": [1, 105], "uv_size": [0.5, 1]},
								"east": {"uv": [0, 106], "uv_size": [0.5, 1]},
								"south": {"uv": [1, 106], "uv_size": [0.5, 1]},
								"west": {"uv": [0, 107], "uv_size": [0.5, 1]},
								"up": {"uv": [111, 81], "uv_size": [0.5, 0.5]},
								"down": {"uv": [111, 82.5], "uv_size": [0.5, -0.5]}
							}
						},
						{
							"origin": [-0.46875, -0.19416, 5.0625],
							"size": [0.9375, 0.38833, 0.5625],
							"pivot": [0, 0, 5.5625],
							"rotation": [0, 0, 45],
							"uv": {
								"north": {"uv": [1, 107], "uv_size": [1, 0.5]},
								"east": {"uv": [111, 83], "uv_size": [0.5, 0.5]},
								"south": {"uv": [0, 108], "uv_size": [1, 0.5]},
								"west": {"uv": [111, 84], "uv_size": [0.5, 0.5]},
								"up": {"uv": [1, 108], "uv_size": [1, 0.5]},
								"down": {"uv": [108, 51.5], "uv_size": [1, -0.5]}
							}
						},
						{
							"origin": [-0.46875, -0.19416, 5.0625],
							"size": [0.9375, 0.38833, 0.5625],
							"uv": {
								"north": {"uv": [108, 52], "uv_size": [1, 0.5]},
								"east": {"uv": [111, 85], "uv_size": [0.5, 0.5]},
								"south": {"uv": [108, 53], "uv_size": [1, 0.5]},
								"west": {"uv": [111, 86], "uv_size": [0.5, 0.5]},
								"up": {"uv": [108, 54], "uv_size": [1, 0.5]},
								"down": {"uv": [108, 55.5], "uv_size": [1, -0.5]}
							}
						}
					]
				},
				{
					"name": "ghkhj",
					"parent": "scope_body",
					"pivot": [1.3125, -8, -1.875],
					"cubes": [
						{
							"origin": [-0.24594, -0.59375, 5.5625],
							"size": [0.49188, 1.1875, 1],
							"pivot": [0, 0, 6.125],
							"rotation": [0, 0, 45],
							"uv": {
								"north": {"uv": [108, 56], "uv_size": [0.5, 1]},
								"east": {"uv": [0, 42], "uv_size": [1, 1]},
								"south": {"uv": [108, 57], "uv_size": [0.5, 1]},
								"west": {"uv": [1, 42], "uv_size": [1, 1]},
								"up": {"uv": [108, 58], "uv_size": [0.5, 1]},
								"down": {"uv": [108, 60], "uv_size": [0.5, -1]}
							}
						},
						{
							"origin": [-0.24594, -0.59375, 5.5625],
							"size": [0.49188, 1.1875, 1],
							"uv": {
								"north": {"uv": [108, 60], "uv_size": [0.5, 1]},
								"east": {"uv": [0, 43], "uv_size": [1, 1]},
								"south": {"uv": [108, 61], "uv_size": [0.5, 1]},
								"west": {"uv": [1, 43], "uv_size": [1, 1]},
								"up": {"uv": [108, 62], "uv_size": [0.5, 1]},
								"down": {"uv": [108, 64], "uv_size": [0.5, -1]}
							}
						},
						{
							"origin": [-0.59375, -0.24594, 5.5625],
							"size": [1.1875, 0.49188, 1],
							"pivot": [0, 0, 6.125],
							"rotation": [0, 0, 45],
							"uv": {
								"north": {"uv": [108, 64], "uv_size": [1, 0.5]},
								"east": {"uv": [108, 65], "uv_size": [1, 0.5]},
								"south": {"uv": [108, 66], "uv_size": [1, 0.5]},
								"west": {"uv": [108, 67], "uv_size": [1, 0.5]},
								"up": {"uv": [0, 44], "uv_size": [1, 1]},
								"down": {"uv": [1, 45], "uv_size": [1, -1]}
							}
						},
						{
							"origin": [-0.59375, -0.24594, 5.5625],
							"size": [1.1875, 0.49188, 1],
							"uv": {
								"north": {"uv": [108, 68], "uv_size": [1, 0.5]},
								"east": {"uv": [108, 69], "uv_size": [1, 0.5]},
								"south": {"uv": [108, 70], "uv_size": [1, 0.5]},
								"west": {"uv": [108, 71], "uv_size": [1, 0.5]},
								"up": {"uv": [0, 45], "uv_size": [1, 1]},
								"down": {"uv": [1, 46], "uv_size": [1, -1]}
							}
						}
					]
				},
				{
					"name": "hfdgh",
					"parent": "scope_body",
					"pivot": [1.3125, -8, -1.375],
					"cubes": [
						{
							"origin": [-0.29772, -0.71875, 5.5625],
							"size": [0.59543, 0.2, 0.25],
							"pivot": [0, 0, 6.625],
							"rotation": [0, 0, 45],
							"uv": {
								"north": {"uv": [112, 80], "uv_size": [0.5, 0.5]},
								"east": {"uv": [112, 81], "uv_size": [0.5, 0.5]},
								"south": {"uv": [112, 82], "uv_size": [0.5, 0.5]},
								"west": {"uv": [112, 83], "uv_size": [0.5, 0.5]},
								"up": {"uv": [112, 84], "uv_size": [0.5, 0.5]},
								"down": {"uv": [112, 85.5], "uv_size": [0.5, -0.5]}
							}
						},
						{
							"origin": [-0.29772, -0.71875, 5.5625],
							"size": [0.59543, 0.2, 0.25],
							"uv": {
								"north": {"uv": [112, 86], "uv_size": [0.5, 0.5]},
								"east": {"uv": [112, 87], "uv_size": [0.5, 0.5]},
								"south": {"uv": [0, 113], "uv_size": [0.5, 0.5]},
								"west": {"uv": [1, 113], "uv_size": [0.5, 0.5]},
								"up": {"uv": [113, 35], "uv_size": [0.5, 0.5]},
								"down": {"uv": [113, 36.5], "uv_size": [0.5, -0.5]}
							}
						},
						{
							"origin": [-0.29772, 0.51875, 5.5625],
							"size": [0.59543, 0.2, 0.25],
							"pivot": [0, 0, 6.625],
							"rotation": [0, 0, 45],
							"uv": {
								"north": {"uv": [113, 37], "uv_size": [0.5, 0.5]},
								"east": {"uv": [113, 38], "uv_size": [0.5, 0.5]},
								"south": {"uv": [113, 39], "uv_size": [0.5, 0.5]},
								"west": {"uv": [113, 40], "uv_size": [0.5, 0.5]},
								"up": {"uv": [113, 41], "uv_size": [0.5, 0.5]},
								"down": {"uv": [113, 42.5], "uv_size": [0.5, -0.5]}
							}
						},
						{
							"origin": [-0.29772, 0.51875, 5.5625],
							"size": [0.59543, 0.2, 0.25],
							"uv": {
								"north": {"uv": [113, 43], "uv_size": [0.5, 0.5]},
								"east": {"uv": [113, 44], "uv_size": [0.5, 0.5]},
								"south": {"uv": [113, 45], "uv_size": [0.5, 0.5]},
								"west": {"uv": [113, 46], "uv_size": [0.5, 0.5]},
								"up": {"uv": [113, 47], "uv_size": [0.5, 0.5]},
								"down": {"uv": [113, 48.5], "uv_size": [0.5, -0.5]}
							}
						},
						{
							"origin": [0.51875, -0.29772, 5.5625],
							"size": [0.2, 0.59543, 0.25],
							"pivot": [0, 0, 6.625],
							"rotation": [0, 0, 45],
							"uv": {
								"north": {"uv": [113, 49], "uv_size": [0.5, 0.5]},
								"east": {"uv": [113, 50], "uv_size": [0.5, 0.5]},
								"south": {"uv": [113, 51], "uv_size": [0.5, 0.5]},
								"west": {"uv": [113, 52], "uv_size": [0.5, 0.5]},
								"up": {"uv": [113, 53], "uv_size": [0.5, 0.5]},
								"down": {"uv": [113, 54.5], "uv_size": [0.5, -0.5]}
							}
						},
						{
							"origin": [0.51875, -0.29772, 5.5625],
							"size": [0.2, 0.59543, 0.25],
							"uv": {
								"north": {"uv": [113, 55], "uv_size": [0.5, 0.5]},
								"east": {"uv": [113, 56], "uv_size": [0.5, 0.5]},
								"south": {"uv": [113, 57], "uv_size": [0.5, 0.5]},
								"west": {"uv": [113, 58], "uv_size": [0.5, 0.5]},
								"up": {"uv": [113, 59], "uv_size": [0.5, 0.5]},
								"down": {"uv": [113, 60.5], "uv_size": [0.5, -0.5]}
							}
						},
						{
							"origin": [-0.71875, -0.29772, 5.5625],
							"size": [0.2, 0.59543, 0.25],
							"pivot": [0, 0, 6.625],
							"rotation": [0, 0, 45],
							"uv": {
								"north": {"uv": [113, 61], "uv_size": [0.5, 0.5]},
								"east": {"uv": [113, 62], "uv_size": [0.5, 0.5]},
								"south": {"uv": [113, 63], "uv_size": [0.5, 0.5]},
								"west": {"uv": [113, 64], "uv_size": [0.5, 0.5]},
								"up": {"uv": [113, 65], "uv_size": [0.5, 0.5]},
								"down": {"uv": [113, 66.5], "uv_size": [0.5, -0.5]}
							}
						},
						{
							"origin": [-0.71875, -0.29772, 5.5625],
							"size": [0.2, 0.59543, 0.25],
							"uv": {
								"north": {"uv": [113, 67], "uv_size": [0.5, 0.5]},
								"east": {"uv": [113, 68], "uv_size": [0.5, 0.5]},
								"south": {"uv": [113, 69], "uv_size": [0.5, 0.5]},
								"west": {"uv": [113, 70], "uv_size": [0.5, 0.5]},
								"up": {"uv": [113, 71], "uv_size": [0.5, 0.5]},
								"down": {"uv": [113, 72.5], "uv_size": [0.5, -0.5]}
							}
						}
					]
				},
				{
					"name": "ghgfh",
					"parent": "scope_body",
					"pivot": [8, -8, -2.8125],
					"cubes": [
						{
							"origin": [-0.16827, -0.40625, 4.875],
							"size": [0.33655, 0.8125, 0.1875],
							"pivot": [0, 0, 5.1875],
							"rotation": [0, 0, 45],
							"uv": {
								"north": {"uv": [108, 72], "uv_size": [0.5, 1]},
								"east": {"uv": [108, 73], "uv_size": [0.5, 1]},
								"south": {"uv": [108, 74], "uv_size": [0.5, 1]},
								"west": {"uv": [108, 75], "uv_size": [0.5, 1]},
								"up": {"uv": [113, 73], "uv_size": [0.5, 0.5]},
								"down": {"uv": [113, 74.5], "uv_size": [0.5, -0.5]}
							}
						},
						{
							"origin": [-0.16827, -0.40625, 4.875],
							"size": [0.33655, 0.8125, 0.1875],
							"uv": {
								"north": {"uv": [108, 76], "uv_size": [0.5, 1]},
								"east": {"uv": [108, 77], "uv_size": [0.5, 1]},
								"south": {"uv": [108, 78], "uv_size": [0.5, 1]},
								"west": {"uv": [108, 79], "uv_size": [0.5, 1]},
								"up": {"uv": [113, 75], "uv_size": [0.5, 0.5]},
								"down": {"uv": [113, 76.5], "uv_size": [0.5, -0.5]}
							}
						},
						{
							"origin": [-0.40625, -0.16827, 4.875],
							"size": [0.8125, 0.33655, 0.1875],
							"pivot": [0, 0, 5.1875],
							"rotation": [0, 0, 45],
							"uv": {
								"north": {"uv": [108, 80], "uv_size": [1, 0.5]},
								"east": {"uv": [113, 77], "uv_size": [0.5, 0.5]},
								"south": {"uv": [108, 81], "uv_size": [1, 0.5]},
								"west": {"uv": [113, 78], "uv_size": [0.5, 0.5]},
								"up": {"uv": [108, 82], "uv_size": [1, 0.5]},
								"down": {"uv": [108, 83.5], "uv_size": [1, -0.5]}
							}
						},
						{
							"origin": [-0.40625, -0.16827, 4.875],
							"size": [0.8125, 0.33655, 0.1875],
							"uv": {
								"north": {"uv": [108, 84], "uv_size": [1, 0.5]},
								"east": {"uv": [113, 79], "uv_size": [0.5, 0.5]},
								"south": {"uv": [108, 85], "uv_size": [1, 0.5]},
								"west": {"uv": [113, 80], "uv_size": [0.5, 0.5]},
								"up": {"uv": [108, 86], "uv_size": [1, 0.5]},
								"down": {"uv": [108, 87.5], "uv_size": [1, -0.5]}
							}
						}
					]
				},
				{
					"name": "jkljkl",
					"parent": "scope_body",
					"pivot": [1.3125, -8, -9.375],
					"cubes": [
						{
							"origin": [-0.20711, -0.5, -4.8125],
							"size": [0.41421, 1, 3.9375],
							"pivot": [0, 0, -1.375],
							"rotation": [0, 0, 45],
							"uv": {
								"north": {"uv": [0, 109], "uv_size": [0.5, 1]},
								"east": {"uv": [108, 35], "uv_size": [4, 1]},
								"south": {"uv": [1, 109], "uv_size": [0.5, 1]},
								"west": {"uv": [108, 36], "uv_size": [4, 1]},
								"up": {"uv": [0, 26], "uv_size": [0.5, 4]},
								"down": {"uv": [1, 30], "uv_size": [0.5, -4]}
							}
						},
						{
							"origin": [-0.20711, -0.5, -4.8125],
							"size": [0.41421, 1, 3.9375],
							"uv": {
								"north": {"uv": [109, 51], "uv_size": [0.5, 1]},
								"east": {"uv": [108, 37], "uv_size": [4, 1]},
								"south": {"uv": [109, 52], "uv_size": [0.5, 1]},
								"west": {"uv": [108, 38], "uv_size": [4, 1]},
								"up": {"uv": [0, 30], "uv_size": [0.5, 4]},
								"down": {"uv": [1, 34], "uv_size": [0.5, -4]}
							}
						},
						{
							"origin": [-0.5, -0.20711, -4.8125],
							"size": [1, 0.41421, 3.9375],
							"pivot": [0, 0, -1.375],
							"rotation": [0, 0, 45],
							"uv": {
								"north": {"uv": [109, 53], "uv_size": [1, 0.5]},
								"east": {"uv": [108, 47], "uv_size": [4, 0.5]},
								"south": {"uv": [109, 54], "uv_size": [1, 0.5]},
								"west": {"uv": [108, 48], "uv_size": [4, 0.5]},
								"up": {"uv": [0, 0], "uv_size": [1, 4]},
								"down": {"uv": [1, 4], "uv_size": [1, -4]}
							}
						},
						{
							"origin": [-0.5, -0.20711, -4.8125],
							"size": [1, 0.41421, 3.9375],
							"uv": {
								"north": {"uv": [109, 55], "uv_size": [1, 0.5]},
								"east": {"uv": [108, 49], "uv_size": [4, 0.5]},
								"south": {"uv": [109, 56], "uv_size": [1, 0.5]},
								"west": {"uv": [108, 50], "uv_size": [4, 0.5]},
								"up": {"uv": [0, 4], "uv_size": [1, 4]},
								"down": {"uv": [1, 8], "uv_size": [1, -4]}
							}
						}
					]
				},
				{
					"name": "ughkhuk",
					"parent": "scope_body",
					"pivot": [1.3125, -8.3125, -13.75],
					"cubes": [
						{
							"origin": [-0.29772, -0.71875, -4.875],
							"size": [0.59543, 1.4375, 0.10938],
							"pivot": [0, 0, -5.25],
							"rotation": [0, 0, 45],
							"uv": {
								"north": {"uv": [0, 70], "uv_size": [0.5, 1.5]},
								"east": {"uv": [1, 70], "uv_size": [0.5, 1.5]},
								"south": {"uv": [0, 72], "uv_size": [0.5, 1.5]},
								"west": {"uv": [1, 72], "uv_size": [0.5, 1.5]},
								"up": {"uv": [113, 81], "uv_size": [0.5, 0.5]},
								"down": {"uv": [113, 82.5], "uv_size": [0.5, -0.5]}
							}
						},
						{
							"origin": [-0.29772, -0.71875, -4.875],
							"size": [0.59543, 1.4375, 0.10938],
							"uv": {
								"north": {"uv": [0, 76], "uv_size": [0.5, 1.5]},
								"east": {"uv": [1, 76], "uv_size": [0.5, 1.5]},
								"south": {"uv": [0, 78], "uv_size": [0.5, 1.5]},
								"west": {"uv": [1, 78], "uv_size": [0.5, 1.5]},
								"up": {"uv": [113, 83], "uv_size": [0.5, 0.5]},
								"down": {"uv": [113, 84.5], "uv_size": [0.5, -0.5]}
							}
						},
						{
							"origin": [-0.71875, -0.29772, -4.875],
							"size": [1.4375, 0.59543, 0.10938],
							"pivot": [0, 0, -5.25],
							"rotation": [0, 0, 45],
							"uv": {
								"north": {"uv": [0, 80], "uv_size": [1.5, 0.5]},
								"east": {"uv": [113, 85], "uv_size": [0.5, 0.5]},
								"south": {"uv": [0, 81], "uv_size": [1.5, 0.5]},
								"west": {"uv": [113, 86], "uv_size": [0.5, 0.5]},
								"up": {"uv": [0, 82], "uv_size": [1.5, 0.5]},
								"down": {"uv": [0, 83.5], "uv_size": [1.5, -0.5]}
							}
						},
						{
							"origin": [-0.71875, -0.29772, -4.875],
							"size": [1.4375, 0.59543, 0.10938],
							"uv": {
								"north": {"uv": [0, 84], "uv_size": [1.5, 0.5]},
								"east": {"uv": [113, 87], "uv_size": [0.5, 0.5]},
								"south": {"uv": [0, 85], "uv_size": [1.5, 0.5]},
								"west": {"uv": [0, 114], "uv_size": [0.5, 0.5]},
								"up": {"uv": [0, 86], "uv_size": [1.5, 0.5]},
								"down": {"uv": [0, 87.5], "uv_size": [1.5, -0.5]}
							}
						}
					]
				},
				{
					"name": "ghfjghj",
					"parent": "scope_body",
					"pivot": [1.3125, -8, -12.5625],
					"cubes": [
						{
							"origin": [-0.34949, -0.84375, -5.5],
							"size": [0.69899, 1.6875, 0.25],
							"pivot": [0, 0, -5],
							"rotation": [0, 0, 45],
							"uv": {
								"north": {"uv": [0, 88], "uv_size": [0.5, 1.5]},
								"east": {"uv": [1, 88], "uv_size": [0.5, 1.5]},
								"south": {"uv": [0, 90], "uv_size": [0.5, 1.5]},
								"west": {"uv": [1, 90], "uv_size": [0.5, 1.5]},
								"up": {"uv": [1, 114], "uv_size": [0.5, 0.5]},
								"down": {"uv": [114, 35.5], "uv_size": [0.5, -0.5]}
							}
						},
						{
							"origin": [-0.34949, -0.84375, -5.5],
							"size": [0.69899, 1.6875, 0.25],
							"uv": {
								"north": {"uv": [0, 92], "uv_size": [0.5, 1.5]},
								"east": {"uv": [1, 92], "uv_size": [0.5, 1.5]},
								"south": {"uv": [0, 94], "uv_size": [0.5, 1.5]},
								"west": {"uv": [1, 94], "uv_size": [0.5, 1.5]},
								"up": {"uv": [114, 36], "uv_size": [0.5, 0.5]},
								"down": {"uv": [114, 37.5], "uv_size": [0.5, -0.5]}
							}
						},
						{
							"origin": [-0.84375, -0.34949, -5.5],
							"size": [1.6875, 0.69899, 0.25],
							"pivot": [0, 0, -5],
							"rotation": [0, 0, 45],
							"uv": {
								"north": {"uv": [0, 96], "uv_size": [1.5, 0.5]},
								"east": {"uv": [114, 38], "uv_size": [0.5, 0.5]},
								"south": {"uv": [0, 97], "uv_size": [1.5, 0.5]},
								"west": {"uv": [114, 39], "uv_size": [0.5, 0.5]},
								"up": {"uv": [0, 98], "uv_size": [1.5, 0.5]},
								"down": {"uv": [0, 99.5], "uv_size": [1.5, -0.5]}
							}
						},
						{
							"origin": [-0.84375, -0.34949, -5.5],
							"size": [1.6875, 0.69899, 0.25],
							"uv": {
								"north": {"uv": [0, 100], "uv_size": [1.5, 0.5]},
								"east": {"uv": [114, 40], "uv_size": [0.5, 0.5]},
								"south": {"uv": [0, 101], "uv_size": [1.5, 0.5]},
								"west": {"uv": [114, 41], "uv_size": [0.5, 0.5]},
								"up": {"uv": [0, 102], "uv_size": [1.5, 0.5]},
								"down": {"uv": [0, 103.5], "uv_size": [1.5, -0.5]}
							}
						}
					]
				},
				{
					"name": "bone11",
					"parent": "ghfjghj",
					"pivot": [0, 0.71938, -5.02732],
					"rotation": [-15, 0, 0],
					"cubes": [
						{
							"origin": [-0.29772, 0.65688, -5.2746],
							"size": [0.59543, 0.125, 0.5],
							"inflate": 0.0001,
							"uv": {
								"north": {"uv": [114, 42], "uv_size": [0.5, 0.5]},
								"east": {"uv": [114, 43], "uv_size": [0.5, 0.5]},
								"south": {"uv": [114, 44], "uv_size": [0.5, 0.5]},
								"west": {"uv": [114, 45], "uv_size": [0.5, 0.5]},
								"up": {"uv": [114, 46], "uv_size": [0.5, 0.5]},
								"down": {"uv": [114, 47.5], "uv_size": [0.5, -0.5]}
							}
						},
						{
							"origin": [0.29772, 0.65688, -5.2746],
							"size": [0.05178, 0.125, 0.5],
							"pivot": [0.34949, 0.78188, -5.2746],
							"rotation": [0, -6, 0],
							"uv": {
								"north": {"uv": [114, 48], "uv_size": [0.5, 0.5]},
								"east": {"uv": [114, 49], "uv_size": [0.5, 0.5]},
								"south": {"uv": [114, 50], "uv_size": [0.5, 0.5]},
								"west": {"uv": [114, 51], "uv_size": [0.5, 0.5]},
								"up": {"uv": [114, 52], "uv_size": [0.5, 0.5]},
								"down": {"uv": [114, 53.5], "uv_size": [0.5, -0.5]}
							}
						},
						{
							"origin": [-0.34949, 0.65688, -5.2746],
							"size": [0.05178, 0.125, 0.5],
							"pivot": [-0.34949, 0.78188, -5.2746],
							"rotation": [0, 6, 0],
							"uv": {
								"north": {"uv": [114, 54], "uv_size": [0.5, 0.5]},
								"east": {"uv": [114, 55], "uv_size": [0.5, 0.5]},
								"south": {"uv": [114, 56], "uv_size": [0.5, 0.5]},
								"west": {"uv": [114, 57], "uv_size": [0.5, 0.5]},
								"up": {"uv": [114, 58], "uv_size": [0.5, 0.5]},
								"down": {"uv": [114, 59.5], "uv_size": [0.5, -0.5]}
							}
						}
					]
				},
				{
					"name": "bone15",
					"parent": "ghfjghj",
					"pivot": [0.4375, 0.71938, -5.02732],
					"rotation": [-15, 0, 45],
					"cubes": [
						{
							"origin": [0.3391, 0.56158, -5.24907],
							"size": [0.59543, 0.125, 0.5],
							"inflate": 0.0001,
							"uv": {
								"north": {"uv": [114, 60], "uv_size": [0.5, 0.5]},
								"east": {"uv": [114, 61], "uv_size": [0.5, 0.5]},
								"south": {"uv": [114, 62], "uv_size": [0.5, 0.5]},
								"west": {"uv": [114, 63], "uv_size": [0.5, 0.5]},
								"up": {"uv": [114, 64], "uv_size": [0.5, 0.5]},
								"down": {"uv": [114, 65.5], "uv_size": [0.5, -0.5]}
							}
						},
						{
							"origin": [0.93305, 0.56158, -5.2281],
							"size": [0.05178, 0.125, 0.5],
							"pivot": [1.18563, 0.6498, -5.22447],
							"rotation": [0, -6, 0],
							"uv": {
								"north": {"uv": [114, 66], "uv_size": [0.5, 0.5]},
								"east": {"uv": [114, 67], "uv_size": [0.5, 0.5]},
								"south": {"uv": [114, 68], "uv_size": [0.5, 0.5]},
								"west": {"uv": [114, 69], "uv_size": [0.5, 0.5]},
								"up": {"uv": [114, 70], "uv_size": [0.5, 0.5]},
								"down": {"uv": [114, 71.5], "uv_size": [0.5, -0.5]}
							}
						},
						{
							"origin": [0.29482, 0.56158, -5.34283],
							"size": [0.05178, 0.125, 0.5],
							"pivot": [1.18563, 0.6498, -5.22447],
							"rotation": [0, 6, 0],
							"uv": {
								"north": {"uv": [114, 72], "uv_size": [0.5, 0.5]},
								"east": {"uv": [114, 73], "uv_size": [0.5, 0.5]},
								"south": {"uv": [114, 74], "uv_size": [0.5, 0.5]},
								"west": {"uv": [114, 75], "uv_size": [0.5, 0.5]},
								"up": {"uv": [114, 76], "uv_size": [0.5, 0.5]},
								"down": {"uv": [114, 77.5], "uv_size": [0.5, -0.5]}
							}
						}
					]
				},
				{
					"name": "bone18",
					"parent": "ghfjghj",
					"pivot": [0.4375, -0.71938, -5.02732],
					"rotation": [15, 0, -45],
					"cubes": [
						{
							"origin": [0.3391, -0.68658, -5.24907],
							"size": [0.59543, 0.125, 0.5],
							"inflate": 0.0001,
							"uv": {
								"north": {"uv": [114, 78], "uv_size": [0.5, 0.5]},
								"east": {"uv": [114, 79], "uv_size": [0.5, 0.5]},
								"south": {"uv": [114, 80], "uv_size": [0.5, 0.5]},
								"west": {"uv": [114, 81], "uv_size": [0.5, 0.5]},
								"up": {"uv": [114, 82], "uv_size": [0.5, 0.5]},
								"down": {"uv": [114, 83.5], "uv_size": [0.5, -0.5]}
							}
						},
						{
							"origin": [0.93305, -0.68658, -5.2281],
							"size": [0.05178, 0.125, 0.5],
							"pivot": [1.18563, -0.6498, -5.22447],
							"rotation": [0, -6, 0],
							"uv": {
								"north": {"uv": [114, 84], "uv_size": [0.5, 0.5]},
								"east": {"uv": [114, 85], "uv_size": [0.5, 0.5]},
								"south": {"uv": [114, 86], "uv_size": [0.5, 0.5]},
								"west": {"uv": [114, 87], "uv_size": [0.5, 0.5]},
								"up": {"uv": [0, 115], "uv_size": [0.5, 0.5]},
								"down": {"uv": [1, 115.5], "uv_size": [0.5, -0.5]}
							}
						},
						{
							"origin": [0.29482, -0.68658, -5.34283],
							"size": [0.05178, 0.125, 0.5],
							"pivot": [1.18563, -0.6498, -5.22447],
							"rotation": [0, 6, 0],
							"uv": {
								"north": {"uv": [115, 35], "uv_size": [0.5, 0.5]},
								"east": {"uv": [115, 36], "uv_size": [0.5, 0.5]},
								"south": {"uv": [115, 37], "uv_size": [0.5, 0.5]},
								"west": {"uv": [115, 38], "uv_size": [0.5, 0.5]},
								"up": {"uv": [115, 39], "uv_size": [0.5, 0.5]},
								"down": {"uv": [115, 40.5], "uv_size": [0.5, -0.5]}
							}
						}
					]
				},
				{
					"name": "bone16",
					"parent": "ghfjghj",
					"pivot": [-0.4375, 0.71938, -5.02732],
					"rotation": [-15, 0, -45],
					"cubes": [
						{
							"origin": [-0.93453, 0.56158, -5.24907],
							"size": [0.59543, 0.125, 0.5],
							"inflate": 0.0001,
							"uv": {
								"north": {"uv": [115, 41], "uv_size": [0.5, 0.5]},
								"east": {"uv": [115, 42], "uv_size": [0.5, 0.5]},
								"south": {"uv": [115, 43], "uv_size": [0.5, 0.5]},
								"west": {"uv": [115, 44], "uv_size": [0.5, 0.5]},
								"up": {"uv": [115, 45], "uv_size": [0.5, 0.5]},
								"down": {"uv": [115, 46.5], "uv_size": [0.5, -0.5]}
							}
						},
						{
							"origin": [-0.98483, 0.56158, -5.2281],
							"size": [0.05178, 0.125, 0.5],
							"pivot": [-1.18563, 0.6498, -5.22447],
							"rotation": [0, 6, 0],
							"uv": {
								"north": {"uv": [115, 47], "uv_size": [0.5, 0.5]},
								"east": {"uv": [115, 48], "uv_size": [0.5, 0.5]},
								"south": {"uv": [115, 49], "uv_size": [0.5, 0.5]},
								"west": {"uv": [115, 50], "uv_size": [0.5, 0.5]},
								"up": {"uv": [115, 51], "uv_size": [0.5, 0.5]},
								"down": {"uv": [115, 52.5], "uv_size": [0.5, -0.5]}
							}
						},
						{
							"origin": [-0.34659, 0.56158, -5.34283],
							"size": [0.05178, 0.125, 0.5],
							"pivot": [-1.18563, 0.6498, -5.22447],
							"rotation": [0, -6, 0],
							"uv": {
								"north": {"uv": [115, 53], "uv_size": [0.5, 0.5]},
								"east": {"uv": [115, 54], "uv_size": [0.5, 0.5]},
								"south": {"uv": [115, 55], "uv_size": [0.5, 0.5]},
								"west": {"uv": [115, 56], "uv_size": [0.5, 0.5]},
								"up": {"uv": [115, 57], "uv_size": [0.5, 0.5]},
								"down": {"uv": [115, 58.5], "uv_size": [0.5, -0.5]}
							}
						}
					]
				},
				{
					"name": "bone17",
					"parent": "ghfjghj",
					"pivot": [-0.4375, -0.71938, -5.02732],
					"rotation": [15, 0, 45],
					"cubes": [
						{
							"origin": [-0.93453, -0.68658, -5.24907],
							"size": [0.59543, 0.125, 0.5],
							"uv": {
								"north": {"uv": [115, 59], "uv_size": [0.5, 0.5]},
								"east": {"uv": [115, 60], "uv_size": [0.5, 0.5]},
								"south": {"uv": [115, 61], "uv_size": [0.5, 0.5]},
								"west": {"uv": [115, 62], "uv_size": [0.5, 0.5]},
								"up": {"uv": [115, 63], "uv_size": [0.5, 0.5]},
								"down": {"uv": [115, 64.5], "uv_size": [0.5, -0.5]}
							}
						},
						{
							"origin": [-0.98483, -0.68658, -5.2281],
							"size": [0.05178, 0.125, 0.5],
							"pivot": [-1.18563, -0.6498, -5.22447],
							"rotation": [0, 6, 0],
							"uv": {
								"north": {"uv": [115, 65], "uv_size": [0.5, 0.5]},
								"east": {"uv": [115, 66], "uv_size": [0.5, 0.5]},
								"south": {"uv": [115, 67], "uv_size": [0.5, 0.5]},
								"west": {"uv": [115, 68], "uv_size": [0.5, 0.5]},
								"up": {"uv": [115, 69], "uv_size": [0.5, 0.5]},
								"down": {"uv": [115, 70.5], "uv_size": [0.5, -0.5]}
							}
						},
						{
							"origin": [-0.34659, -0.68658, -5.34283],
							"size": [0.05178, 0.125, 0.5],
							"pivot": [-1.18563, -0.6498, -5.22447],
							"rotation": [0, -6, 0],
							"uv": {
								"north": {"uv": [115, 71], "uv_size": [0.5, 0.5]},
								"east": {"uv": [115, 72], "uv_size": [0.5, 0.5]},
								"south": {"uv": [115, 73], "uv_size": [0.5, 0.5]},
								"west": {"uv": [115, 74], "uv_size": [0.5, 0.5]},
								"up": {"uv": [115, 75], "uv_size": [0.5, 0.5]},
								"down": {"uv": [115, 76.5], "uv_size": [0.5, -0.5]}
							}
						}
					]
				},
				{
					"name": "bone13",
					"parent": "ghfjghj",
					"pivot": [0.78125, 0, -5.00272],
					"rotation": [-15, 0, 90],
					"cubes": [
						{
							"origin": [0.48353, -0.12863, -5.25775],
							"size": [0.59543, 0.125, 0.5],
							"inflate": 0.0001,
							"uv": {
								"north": {"uv": [115, 77], "uv_size": [0.5, 0.5]},
								"east": {"uv": [115, 78], "uv_size": [0.5, 0.5]},
								"south": {"uv": [115, 79], "uv_size": [0.5, 0.5]},
								"west": {"uv": [115, 80], "uv_size": [0.5, 0.5]},
								"up": {"uv": [115, 81], "uv_size": [0.5, 0.5]},
								"down": {"uv": [115, 82.5], "uv_size": [0.5, -0.5]}
							}
						},
						{
							"origin": [1.07134, -0.12863, -5.32734],
							"size": [0.05178, 0.125, 0.5],
							"pivot": [0.46301, -0.01063, -5.2198],
							"rotation": [0, -6, 0],
							"uv": {
								"north": {"uv": [115, 83], "uv_size": [0.5, 0.5]},
								"east": {"uv": [115, 84], "uv_size": [0.5, 0.5]},
								"south": {"uv": [115, 85], "uv_size": [0.5, 0.5]},
								"west": {"uv": [115, 86], "uv_size": [0.5, 0.5]},
								"up": {"uv": [115, 87], "uv_size": [0.5, 0.5]},
								"down": {"uv": [0, 116.5], "uv_size": [0.5, -0.5]}
							}
						},
						{
							"origin": [0.4359, -0.12863, -5.26081],
							"size": [0.05178, 0.125, 0.5],
							"pivot": [0.46301, -0.01063, -5.2198],
							"rotation": [0, 6, 0],
							"uv": {
								"north": {"uv": [1, 116], "uv_size": [0.5, 0.5]},
								"east": {"uv": [116, 35], "uv_size": [0.5, 0.5]},
								"south": {"uv": [116, 36], "uv_size": [0.5, 0.5]},
								"west": {"uv": [116, 37], "uv_size": [0.5, 0.5]},
								"up": {"uv": [116, 38], "uv_size": [0.5, 0.5]},
								"down": {"uv": [116, 39.5], "uv_size": [0.5, -0.5]}
							}
						}
					]
				},
				{
					"name": "bone14",
					"parent": "ghfjghj",
					"pivot": [-0.78125, 0, -5.00272],
					"rotation": [-15, 0, -90],
					"cubes": [
						{
							"origin": [-1.07897, -0.12863, -5.25775],
							"size": [0.59543, 0.125, 0.5],
							"uv": {
								"north": {"uv": [116, 40], "uv_size": [0.5, 0.5]},
								"east": {"uv": [116, 41], "uv_size": [0.5, 0.5]},
								"south": {"uv": [116, 42], "uv_size": [0.5, 0.5]},
								"west": {"uv": [116, 43], "uv_size": [0.5, 0.5]},
								"up": {"uv": [116, 44], "uv_size": [0.5, 0.5]},
								"down": {"uv": [116, 45.5], "uv_size": [0.5, -0.5]}
							}
						},
						{
							"origin": [-1.12312, -0.12863, -5.32734],
							"size": [0.05178, 0.125, 0.5],
							"pivot": [-0.46301, -0.01063, -5.2198],
							"rotation": [0, 6, 0],
							"uv": {
								"north": {"uv": [116, 46], "uv_size": [0.5, 0.5]},
								"east": {"uv": [116, 47], "uv_size": [0.5, 0.5]},
								"south": {"uv": [116, 48], "uv_size": [0.5, 0.5]},
								"west": {"uv": [116, 49], "uv_size": [0.5, 0.5]},
								"up": {"uv": [116, 50], "uv_size": [0.5, 0.5]},
								"down": {"uv": [116, 51.5], "uv_size": [0.5, -0.5]}
							}
						},
						{
							"origin": [-0.48767, -0.12863, -5.26081],
							"size": [0.05178, 0.125, 0.5],
							"pivot": [-0.46301, -0.01063, -5.2198],
							"rotation": [0, -6, 0],
							"uv": {
								"north": {"uv": [116, 52], "uv_size": [0.5, 0.5]},
								"east": {"uv": [116, 53], "uv_size": [0.5, 0.5]},
								"south": {"uv": [116, 54], "uv_size": [0.5, 0.5]},
								"west": {"uv": [116, 55], "uv_size": [0.5, 0.5]},
								"up": {"uv": [116, 56], "uv_size": [0.5, 0.5]},
								"down": {"uv": [116, 57.5], "uv_size": [0.5, -0.5]}
							}
						}
					]
				},
				{
					"name": "bone12",
					"parent": "ghfjghj",
					"pivot": [0, -0.71938, -5.02732],
					"rotation": [15, 0, 0],
					"cubes": [
						{
							"origin": [-0.29772, -0.78188, -5.2746],
							"size": [0.59543, 0.125, 0.5],
							"uv": {
								"north": {"uv": [116, 58], "uv_size": [0.5, 0.5]},
								"east": {"uv": [116, 59], "uv_size": [0.5, 0.5]},
								"south": {"uv": [116, 60], "uv_size": [0.5, 0.5]},
								"west": {"uv": [116, 61], "uv_size": [0.5, 0.5]},
								"up": {"uv": [116, 62], "uv_size": [0.5, 0.5]},
								"down": {"uv": [116, 63.5], "uv_size": [0.5, -0.5]}
							}
						},
						{
							"origin": [0.29772, -0.78188, -5.2746],
							"size": [0.05178, 0.125, 0.5],
							"pivot": [0.34949, -0.78188, -5.2746],
							"rotation": [0, -6, 0],
							"uv": {
								"north": {"uv": [116, 64], "uv_size": [0.5, 0.5]},
								"east": {"uv": [116, 65], "uv_size": [0.5, 0.5]},
								"south": {"uv": [116, 66], "uv_size": [0.5, 0.5]},
								"west": {"uv": [116, 67], "uv_size": [0.5, 0.5]},
								"up": {"uv": [116, 68], "uv_size": [0.5, 0.5]},
								"down": {"uv": [116, 69.5], "uv_size": [0.5, -0.5]}
							}
						},
						{
							"origin": [-0.34949, -0.78188, -5.2746],
							"size": [0.05178, 0.125, 0.5],
							"pivot": [-0.34949, -0.78188, -5.2746],
							"rotation": [0, 6, 0],
							"uv": {
								"north": {"uv": [116, 70], "uv_size": [0.5, 0.5]},
								"east": {"uv": [116, 71], "uv_size": [0.5, 0.5]},
								"south": {"uv": [116, 72], "uv_size": [0.5, 0.5]},
								"west": {"uv": [116, 73], "uv_size": [0.5, 0.5]},
								"up": {"uv": [116, 74], "uv_size": [0.5, 0.5]},
								"down": {"uv": [116, 75.5], "uv_size": [0.5, -0.5]}
							}
						}
					]
				},
				{
					"name": "hkhjk",
					"parent": "scope_body",
					"pivot": [1.3125, -8, -13.8125],
					"cubes": [
						{
							"origin": [-0.38833, -0.9375, -5.5625],
							"size": [0.77665, 1.875, 0.25],
							"pivot": [0, 0, -5.8125],
							"rotation": [0, 0, 45],
							"uv": {
								"north": {"uv": [0, 34], "uv_size": [1, 2]},
								"east": {"uv": [0, 46], "uv_size": [0.5, 2]},
								"south": {"uv": [1, 34], "uv_size": [1, 2]},
								"west": {"uv": [1, 46], "uv_size": [0.5, 2]},
								"up": {"uv": [109, 57], "uv_size": [1, 0.5]},
								"down": {"uv": [109, 58.5], "uv_size": [1, -0.5]}
							}
						},
						{
							"origin": [-0.38833, -0.9375, -5.5625],
							"size": [0.77665, 1.875, 0.25],
							"uv": {
								"north": {"uv": [0, 36], "uv_size": [1, 2]},
								"east": {"uv": [0, 48], "uv_size": [0.5, 2]},
								"south": {"uv": [1, 36], "uv_size": [1, 2]},
								"west": {"uv": [1, 48], "uv_size": [0.5, 2]},
								"up": {"uv": [109, 59], "uv_size": [1, 0.5]},
								"down": {"uv": [109, 60.5], "uv_size": [1, -0.5]}
							}
						},
						{
							"origin": [-0.9375, -0.38833, -5.5625],
							"size": [1.875, 0.77665, 0.25],
							"pivot": [0, 0, -5.8125],
							"rotation": [0, 0, 45],
							"uv": {
								"north": {"uv": [0, 38], "uv_size": [2, 1]},
								"east": {"uv": [109, 61], "uv_size": [0.5, 1]},
								"south": {"uv": [0, 39], "uv_size": [2, 1]},
								"west": {"uv": [109, 62], "uv_size": [0.5, 1]},
								"up": {"uv": [0, 50], "uv_size": [2, 0.5]},
								"down": {"uv": [0, 51.5], "uv_size": [2, -0.5]}
							}
						},
						{
							"origin": [-0.9375, -0.38833, -5.5625],
							"size": [1.875, 0.77665, 0.25],
							"uv": {
								"north": {"uv": [0, 40], "uv_size": [2, 1]},
								"east": {"uv": [109, 63], "uv_size": [0.5, 1]},
								"south": {"uv": [0, 41], "uv_size": [2, 1]},
								"west": {"uv": [109, 64], "uv_size": [0.5, 1]},
								"up": {"uv": [0, 52], "uv_size": [2, 0.5]},
								"down": {"uv": [0, 55.5], "uv_size": [2, -0.5]}
							}
						}
					]
				},
				{
					"name": "fghjghj",
					"parent": "scope_body",
					"pivot": [1.3125, -8, -14.0625],
					"cubes": [
						{
							"origin": [-0.41421, -1, -6.5625],
							"size": [0.82843, 0.2, 1],
							"pivot": [0, 0, -6.0625],
							"rotation": [0, 0, 45],
							"uv": {
								"north": {"uv": [109, 65], "uv_size": [1, 0.5]},
								"east": {"uv": [109, 66], "uv_size": [1, 0.5]},
								"south": {"uv": [109, 67], "uv_size": [1, 0.5]},
								"west": {"uv": [109, 68], "uv_size": [1, 0.5]},
								"up": {"uv": [0, 56], "uv_size": [1, 1]},
								"down": {"uv": [1, 57], "uv_size": [1, -1]}
							}
						},
						{
							"origin": [-0.41421, -1, -6.5625],
							"size": [0.82843, 0.2, 1],
							"uv": {
								"north": {"uv": [109, 69], "uv_size": [1, 0.5]},
								"east": {"uv": [109, 70], "uv_size": [1, 0.5]},
								"south": {"uv": [109, 71], "uv_size": [1, 0.5]},
								"west": {"uv": [109, 72], "uv_size": [1, 0.5]},
								"up": {"uv": [1, 57], "uv_size": [1, 1]},
								"down": {"uv": [0, 59], "uv_size": [1, -1]}
							}
						},
						{
							"origin": [-0.41421, 0.8, -6.5625],
							"size": [0.82843, 0.2, 1],
							"pivot": [0, 0, -6.0625],
							"rotation": [0, 0, 45],
							"uv": {
								"north": {"uv": [109, 73], "uv_size": [1, 0.5]},
								"east": {"uv": [109, 74], "uv_size": [1, 0.5]},
								"south": {"uv": [109, 75], "uv_size": [1, 0.5]},
								"west": {"uv": [109, 76], "uv_size": [1, 0.5]},
								"up": {"uv": [1, 58], "uv_size": [1, 1]},
								"down": {"uv": [0, 60], "uv_size": [1, -1]}
							}
						},
						{
							"origin": [-0.41421, 0.8, -6.5625],
							"size": [0.82843, 0.2, 1],
							"uv": {
								"north": {"uv": [109, 77], "uv_size": [1, 0.5]},
								"east": {"uv": [109, 78], "uv_size": [1, 0.5]},
								"south": {"uv": [109, 79], "uv_size": [1, 0.5]},
								"west": {"uv": [109, 80], "uv_size": [1, 0.5]},
								"up": {"uv": [1, 59], "uv_size": [1, 1]},
								"down": {"uv": [0, 61], "uv_size": [1, -1]}
							}
						},
						{
							"origin": [0.8, -0.41421, -6.5625],
							"size": [0.2, 0.82843, 1],
							"pivot": [0, 0, -6.0625],
							"rotation": [0, 0, 45],
							"uv": {
								"north": {"uv": [109, 81], "uv_size": [0.5, 1]},
								"east": {"uv": [1, 60], "uv_size": [1, 1]},
								"south": {"uv": [109, 82], "uv_size": [0.5, 1]},
								"west": {"uv": [0, 61], "uv_size": [1, 1]},
								"up": {"uv": [109, 83], "uv_size": [0.5, 1]},
								"down": {"uv": [109, 85], "uv_size": [0.5, -1]}
							}
						},
						{
							"origin": [0.8, -0.41421, -6.5625],
							"size": [0.2, 0.82843, 1],
							"uv": {
								"north": {"uv": [109, 85], "uv_size": [0.5, 1]},
								"east": {"uv": [1, 61], "uv_size": [1, 1]},
								"south": {"uv": [109, 86], "uv_size": [0.5, 1]},
								"west": {"uv": [0, 64], "uv_size": [1, 1]},
								"up": {"uv": [109, 87], "uv_size": [0.5, 1]},
								"down": {"uv": [0, 111], "uv_size": [0.5, -1]}
							}
						},
						{
							"origin": [-1, -0.41421, -6.5625],
							"size": [0.2, 0.82843, 1],
							"pivot": [0, 0, -6.0625],
							"rotation": [0, 0, 45],
							"uv": {
								"north": {"uv": [1, 110], "uv_size": [0.5, 1]},
								"east": {"uv": [1, 64], "uv_size": [1, 1]},
								"south": {"uv": [110, 51], "uv_size": [0.5, 1]},
								"west": {"uv": [0, 65], "uv_size": [1, 1]},
								"up": {"uv": [110, 52], "uv_size": [0.5, 1]},
								"down": {"uv": [110, 54], "uv_size": [0.5, -1]}
							}
						},
						{
							"origin": [-1, -0.41421, -6.5625],
							"size": [0.2, 0.82843, 1],
							"uv": {
								"north": {"uv": [110, 54], "uv_size": [0.5, 1]},
								"east": {"uv": [1, 65], "uv_size": [1, 1]},
								"south": {"uv": [110, 55], "uv_size": [0.5, 1]},
								"west": {"uv": [0, 66], "uv_size": [1, 1]},
								"up": {"uv": [110, 56], "uv_size": [0.5, 1]},
								"down": {"uv": [110, 58], "uv_size": [0.5, -1]}
							}
						}
					]
				},
				{
					"name": "division",
					"pivot": [0.03125, -0.3559, -102.76389],
					"cubes": [
						{
							"origin": [-26.1875, -26.21874, -103],
							"size": [52.375, 52.40625, 0.25],
							"uv": {
								"south": {"uv": [144, 98.5], "uv_size": [295.6875, 295.90625]}
							}
						},
						{
							"origin": [54.1875, -76.82812, -103],
							"size": [39.26875, 152.375, 0.25],
							"uv": {
								"south": {"uv": [2.5, 0], "uv_size": [17, 32.5]}
							}
						},
						{
							"origin": [-93.45625, -76.82812, -103],
							"size": [39.26875, 152.375, 0.25],
							"uv": {
								"south": {"uv": [19.5, 0], "uv_size": [-17, 32.5]}
							}
						},
						{
							"origin": [-54.1875, 52.10938, -103],
							"size": [108.375, 23.4375, 0.25],
							"uv": {
								"south": {"uv": [55, 0], "uv_size": [80.5, 35]}
							}
						},
						{
							"origin": [-54.1875, -76.82812, -103],
							"size": [108.375, 22, 0.25],
							"uv": {
								"south": {"uv": [55, 88], "uv_size": [80.5, 34]}
							}
						},
						{
							"origin": [-11, 7, -102.625],
							"size": [2, 0.5, 0],
							"pivot": [0, 7.25, -102.625],
							"rotation": [0, 0, -90],
							"uv": {
								"south": {"uv": [0, 67.5], "uv_size": [2, 0.5]}
							}
						},
						{
							"origin": [-12, 13.5, -102.625],
							"size": [2, 0.5, 0],
							"pivot": [0, 13.75, -102.625],
							"rotation": [0, 0, -90],
							"uv": {
								"south": {"uv": [0, 67.5], "uv_size": [2, 0.5]}
							}
						},
						{
							"origin": [1.75, -0.25, -102.625],
							"size": [2, 0.5, 0],
							"uv": {
								"south": {"uv": [0, 68], "uv_size": [2, 0.5]}
							}
						},
						{
							"origin": [-3.75, -0.25, -102.625],
							"size": [2, 0.5, 0],
							"uv": {
								"south": {"uv": [0, 69], "uv_size": [2, 0.5]}
							}
						}
					]
				},
				{
					"name": "cross_illuminated",
					"parent": "division",
					"pivot": [0, 0, -102.5625],
					"cubes": [
						{
							"origin": [-0.625, -0.61428, -102.5625],
							"size": [1.25, 1.25, 0],
							"pivot": [0, 0.01072, -102.5625],
							"rotation": [0, 0, -45],
							"uv": {
								"south": {"uv": [0, 8], "uv_size": [1.5, 1.5]}
							}
						}
					]
				},
				{
					"name": "scope_view",
					"pivot": [0, 0, 9.5]
				},
				{
					"name": "ocular",
					"pivot": [-0.00038, -0.00082, 6.9375],
					"cubes": [
						{
							"origin": [-0.2544, -0.60876, 6.9375],
							"size": [0.50661, 1.21639, 0.00049],
							"inflate": -0.0002,
							"pivot": [-0.0002, -0.00042, 6.57187],
							"rotation": [0, 0, 45],
							"uv": {
								"south": {"uv": [104.5, 47.5], "uv_size": [1, 2]}
							}
						},
						{
							"origin": [-0.25188, -0.60906, 6.93747],
							"size": [0.5036, 1.21663, 0.00051],
							"inflate": -0.0001,
							"uv": {
								"south": {"uv": [107, 49.5], "uv_size": [1, 2]}
							}
						},
						{
							"origin": [-0.6093, -0.25266, 6.93599],
							"size": [1.21762, 0.50296, 0.002],
							"pivot": [-0.0002, -0.00042, 6.57187],
							"rotation": [0, 0, 45],
							"uv": {
								"south": {"uv": [103, 50.5], "uv_size": [2, 1]}
							}
						},
						{
							"origin": [-0.61011, -0.25083, 6.93799],
							"size": [1.21635, 0.50191, -0.002],
							"inflate": 0.0001,
							"uv": {
								"south": {"uv": [105, 51.5], "uv_size": [2, 1]}
							}
						}
					]
				}
			]
		}
	]
}