{
	"format_version": "1.12.0",
	"minecraft:geometry": [
		{
			"description": {
				"identifier": "geometry.unknown",
				"texture_width": 384,
				"texture_height": 384,
				"visible_bounds_width": 16,
				"visible_bounds_height": 11,
				"visible_bounds_offset": [0, 0.5, 0]
			},
			"bones": [
				{
					"name": "ocular_ring",
					"pivot": [1.3125, -8, 1.5625],
					"cubes": [
						{
							"origin": [-0.29772, -0.71875, 9.3125],
							"size": [0.59543, 0.1375, 0.4375],
							"pivot": [0, 0, 9.5625],
							"rotation": [0, 0, 45],
							"uv": {
								"south": {"uv": [67, 39], "uv_size": [0.5, 0.5]},
								"up": {"uv": [67, 40], "uv_size": [0.5, 0.5]},
								"down": {"uv": [67, 41.5], "uv_size": [0.5, -0.5]}
							}
						},
						{
							"origin": [-0.29772, -0.71875, 9.3125],
							"size": [0.59543, 0.1375, 0.4375],
							"uv": {
								"south": {"uv": [67, 42], "uv_size": [0.5, 0.5]},
								"up": {"uv": [67, 43], "uv_size": [0.5, 0.5]},
								"down": {"uv": [67, 44.5], "uv_size": [0.5, -0.5]}
							}
						},
						{
							"origin": [-0.29772, 0.58125, 9.3125],
							"size": [0.59543, 0.1375, 0.4375],
							"pivot": [0, 0, 9.5625],
							"rotation": [0, 0, 45],
							"uv": {
								"south": {"uv": [67, 45], "uv_size": [0.5, 0.5]},
								"west": {"uv": [67, 46], "uv_size": [0.5, 0.5]},
								"up": {"uv": [67, 47], "uv_size": [0.5, 0.5]},
								"down": {"uv": [67, 48.5], "uv_size": [0.5, -0.5]}
							}
						},
						{
							"origin": [-0.29772, 0.58125, 9.3125],
							"size": [0.59543, 0.1375, 0.4375],
							"uv": {
								"south": {"uv": [67, 49], "uv_size": [0.5, 0.5]},
								"up": {"uv": [67, 50], "uv_size": [0.5, 0.5]},
								"down": {"uv": [67, 51.5], "uv_size": [0.5, -0.5]}
							}
						},
						{
							"origin": [0.58125, -0.29772, 9.3125],
							"size": [0.1375, 0.59543, 0.4375],
							"pivot": [0, 0, 9.5625],
							"rotation": [0, 0, 45],
							"uv": {
								"east": {"uv": [67, 52], "uv_size": [0.5, 0.5]},
								"south": {"uv": [67, 53], "uv_size": [0.5, 0.5]},
								"west": {"uv": [67, 54], "uv_size": [0.5, 0.5]}
							}
						},
						{
							"origin": [0.58125, -0.29772, 9.3125],
							"size": [0.1375, 0.59543, 0.4375],
							"uv": {
								"east": {"uv": [55, 67], "uv_size": [0.5, 0.5]},
								"south": {"uv": [67, 55], "uv_size": [0.5, 0.5]},
								"west": {"uv": [56, 67], "uv_size": [0.5, 0.5]},
								"up": {"uv": [67, 56], "uv_size": [0.5, 0.5]}
							}
						},
						{
							"origin": [-0.71875, -0.29772, 9.3125],
							"size": [0.1375, 0.59543, 0.4375],
							"pivot": [0, 0, 9.5625],
							"rotation": [0, 0, 45],
							"uv": {
								"east": {"uv": [57, 67], "uv_size": [0.5, 0.5]},
								"south": {"uv": [67, 57], "uv_size": [0.5, 0.5]},
								"west": {"uv": [58, 67], "uv_size": [0.5, 0.5]}
							}
						},
						{
							"origin": [-0.71875, -0.29772, 9.3125],
							"size": [0.1375, 0.59543, 0.4375],
							"uv": {
								"east": {"uv": [67, 58], "uv_size": [0.5, 0.5]},
								"south": {"uv": [59, 67], "uv_size": [0.5, 0.5]},
								"west": {"uv": [67, 59], "uv_size": [0.5, 0.5]}
							}
						}
					]
				},
				{
					"name": "scope_body",
					"pivot": [1.3125, -12.3125, 1.1875]
				},
				{
					"name": "bone43",
					"parent": "scope_body",
					"pivot": [1.3125, -12.3125, 4],
					"cubes": [
						{
							"origin": [-0.19416, 0.65625, 4.79688],
							"size": [0.38833, 0.0625, 0.39063],
							"pivot": [0.29771, 0.71875, 5.1875],
							"rotation": [40, 0, 0],
							"uv": {
								"east": {"uv": [59, 59], "uv_size": [0.5, 0.5]},
								"west": {"uv": [0, 60], "uv_size": [0.5, 0.5]},
								"up": {"uv": [1, 60], "uv_size": [0.5, 0.5]}
							}
						},
						{
							"origin": [0.19417, 0.65625, 4.78125],
							"size": [0.10354, 0.0625, 0.40625],
							"pivot": [0.29771, 0.71875, 5.1875],
							"rotation": [40.98084, 11.43563, 9.77243],
							"uv": {
								"north": {"uv": [60, 35], "uv_size": [0.5, 0.5]},
								"east": {"uv": [60, 36], "uv_size": [0.5, 0.5]},
								"west": {"uv": [60, 37], "uv_size": [0.5, 0.5]},
								"up": {"uv": [60, 38], "uv_size": [0.5, 0.5]}
							}
						},
						{
							"origin": [-0.29771, 0.65625, 4.78125],
							"size": [0.10354, 0.0625, 0.40625],
							"pivot": [-0.29771, 0.71875, 5.1875],
							"rotation": [40.98084, -11.43563, -9.77243],
							"uv": {
								"north": {"uv": [60, 39], "uv_size": [0.5, 0.5]},
								"east": {"uv": [60, 40], "uv_size": [0.5, 0.5]},
								"west": {"uv": [60, 41], "uv_size": [0.5, 0.5]},
								"up": {"uv": [60, 42], "uv_size": [0.5, 0.5]}
							}
						}
					]
				},
				{
					"name": "bone47",
					"parent": "scope_body",
					"pivot": [0.3125, 0.57463, 5.06436],
					"rotation": [0, 0, 45],
					"cubes": [
						{
							"origin": [0.30368, 0.59126, 4.83073],
							"size": [0.38833, 0.0625, 0.39063],
							"pivot": [0.9809, 0.61341, 5.1875],
							"rotation": [40, 0, 0],
							"uv": {
								"north": {"uv": [60, 43], "uv_size": [0.5, 0.5]},
								"east": {"uv": [60, 44], "uv_size": [0.5, 0.5]},
								"south": {"uv": [60, 45], "uv_size": [0.5, 0.5]},
								"west": {"uv": [60, 46], "uv_size": [0.5, 0.5]},
								"up": {"uv": [60, 47], "uv_size": [0.5, 0.5]}
							}
						},
						{
							"origin": [0.68957, 0.59126, 4.76598],
							"size": [0.10354, 0.0625, 0.40625],
							"pivot": [0.9809, 0.61341, 5.1875],
							"rotation": [40.98084, 11.43563, 9.77243],
							"uv": {
								"north": {"uv": [60, 48], "uv_size": [0.5, 0.5]},
								"east": {"uv": [60, 49], "uv_size": [0.5, 0.5]},
								"west": {"uv": [60, 50], "uv_size": [0.5, 0.5]},
								"up": {"uv": [60, 51], "uv_size": [0.5, 0.5]}
							}
						},
						{
							"origin": [0.2355, 0.59126, 5.01603],
							"size": [0.10354, 0.0625, 0.40625],
							"pivot": [0.9809, 0.61341, 5.1875],
							"rotation": [40.98084, -11.43563, -9.77243],
							"uv": {
								"north": {"uv": [60, 52], "uv_size": [0.5, 0.5]},
								"east": {"uv": [60, 53], "uv_size": [0.5, 0.5]},
								"west": {"uv": [60, 54], "uv_size": [0.5, 0.5]},
								"up": {"uv": [55, 60], "uv_size": [0.5, 0.5]}
							}
						}
					]
				},
				{
					"name": "bone48",
					"parent": "scope_body",
					"pivot": [0.3125, -0.57463, 5.06436],
					"rotation": [0, 0, -45],
					"cubes": [
						{
							"origin": [0.30368, -0.65376, 4.83073],
							"size": [0.38833, 0.0625, 0.39063],
							"pivot": [0.9809, -0.61341, 5.1875],
							"rotation": [-40, 0, 0],
							"uv": {
								"north": {"uv": [60, 55], "uv_size": [0.5, 0.5]},
								"east": {"uv": [56, 60], "uv_size": [0.5, 0.5]},
								"south": {"uv": [60, 56], "uv_size": [0.5, 0.5]},
								"west": {"uv": [57, 60], "uv_size": [0.5, 0.5]},
								"down": {"uv": [60, 57.5], "uv_size": [0.5, -0.5]}
							}
						},
						{
							"origin": [0.68957, -0.65376, 4.76598],
							"size": [0.10354, 0.0625, 0.40625],
							"pivot": [0.9809, -0.61341, 5.1875],
							"rotation": [-40.98084, 11.43563, -9.77243],
							"uv": {
								"north": {"uv": [58, 60], "uv_size": [0.5, 0.5]},
								"east": {"uv": [60, 58], "uv_size": [0.5, 0.5]},
								"west": {"uv": [59, 60], "uv_size": [0.5, 0.5]},
								"down": {"uv": [60, 59.5], "uv_size": [0.5, -0.5]}
							}
						},
						{
							"origin": [0.2355, -0.65376, 5.01603],
							"size": [0.10354, 0.0625, 0.40625],
							"pivot": [0.9809, -0.61341, 5.1875],
							"rotation": [-40.98084, -11.43563, 9.77243],
							"uv": {
								"north": {"uv": [60, 60], "uv_size": [0.5, 0.5]},
								"east": {"uv": [0, 61], "uv_size": [0.5, 0.5]},
								"west": {"uv": [1, 61], "uv_size": [0.5, 0.5]},
								"down": {"uv": [61, 35.5], "uv_size": [0.5, -0.5]}
							}
						}
					]
				},
				{
					"name": "bone49",
					"parent": "scope_body",
					"pivot": [-0.3125, -0.57463, 5.06436],
					"rotation": [0, 0, 45],
					"cubes": [
						{
							"origin": [-0.69201, -0.65376, 4.83073],
							"size": [0.38833, 0.0625, 0.39063],
							"pivot": [-0.9809, -0.61341, 5.1875],
							"rotation": [-40, 0, 0],
							"uv": {
								"north": {"uv": [61, 36], "uv_size": [0.5, 0.5]},
								"east": {"uv": [61, 37], "uv_size": [0.5, 0.5]},
								"south": {"uv": [61, 38], "uv_size": [0.5, 0.5]},
								"west": {"uv": [61, 39], "uv_size": [0.5, 0.5]},
								"down": {"uv": [61, 40.5], "uv_size": [0.5, -0.5]}
							}
						},
						{
							"origin": [-0.79311, -0.65376, 4.76598],
							"size": [0.10354, 0.0625, 0.40625],
							"pivot": [-0.9809, -0.61341, 5.1875],
							"rotation": [-40.98084, -11.43563, 9.77243],
							"uv": {
								"north": {"uv": [61, 41], "uv_size": [0.5, 0.5]},
								"east": {"uv": [61, 42], "uv_size": [0.5, 0.5]},
								"west": {"uv": [61, 43], "uv_size": [0.5, 0.5]},
								"down": {"uv": [61, 44.5], "uv_size": [0.5, -0.5]}
							}
						},
						{
							"origin": [-0.33904, -0.65376, 5.01603],
							"size": [0.10354, 0.0625, 0.40625],
							"pivot": [-0.9809, -0.61341, 5.1875],
							"rotation": [-40.98084, 11.43563, -9.77243],
							"uv": {
								"north": {"uv": [61, 45], "uv_size": [0.5, 0.5]},
								"east": {"uv": [61, 46], "uv_size": [0.5, 0.5]},
								"west": {"uv": [61, 47], "uv_size": [0.5, 0.5]},
								"down": {"uv": [61, 48.5], "uv_size": [0.5, -0.5]}
							}
						}
					]
				},
				{
					"name": "bone50",
					"parent": "scope_body",
					"pivot": [-0.3125, 0.57463, 5.06436],
					"rotation": [0, 0, -45],
					"cubes": [
						{
							"origin": [-0.69201, 0.59126, 4.83073],
							"size": [0.38833, 0.0625, 0.39063],
							"pivot": [-0.9809, 0.61341, 5.1875],
							"rotation": [40, 0, 0],
							"uv": {
								"north": {"uv": [61, 49], "uv_size": [0.5, 0.5]},
								"east": {"uv": [61, 50], "uv_size": [0.5, 0.5]},
								"south": {"uv": [61, 51], "uv_size": [0.5, 0.5]},
								"west": {"uv": [61, 52], "uv_size": [0.5, 0.5]},
								"up": {"uv": [61, 53], "uv_size": [0.5, 0.5]}
							}
						},
						{
							"origin": [-0.79311, 0.59126, 4.76598],
							"size": [0.10354, 0.0625, 0.40625],
							"pivot": [-0.9809, 0.61341, 5.1875],
							"rotation": [40.98084, -11.43563, -9.77243],
							"uv": {
								"north": {"uv": [61, 54], "uv_size": [0.5, 0.5]},
								"east": {"uv": [55, 61], "uv_size": [0.5, 0.5]},
								"west": {"uv": [61, 55], "uv_size": [0.5, 0.5]},
								"up": {"uv": [56, 61], "uv_size": [0.5, 0.5]}
							}
						},
						{
							"origin": [-0.33904, 0.59126, 5.01603],
							"size": [0.10354, 0.0625, 0.40625],
							"pivot": [-0.9809, 0.61341, 5.1875],
							"rotation": [40.98084, 11.43563, 9.77243],
							"uv": {
								"north": {"uv": [61, 56], "uv_size": [0.5, 0.5]},
								"east": {"uv": [57, 61], "uv_size": [0.5, 0.5]},
								"west": {"uv": [61, 57], "uv_size": [0.5, 0.5]},
								"up": {"uv": [58, 61], "uv_size": [0.5, 0.5]}
							}
						}
					]
				},
				{
					"name": "bone45",
					"parent": "scope_body",
					"pivot": [0.5625, 0.01213, 5.06436],
					"rotation": [0, 0, 90],
					"cubes": [
						{
							"origin": [0.38048, 0.10871, 4.78908],
							"size": [0.38833, 0.0625, 0.39063],
							"pivot": [0.28906, 0.1805, 5.1875],
							"rotation": [40, 0, 0],
							"uv": {
								"north": {"uv": [61, 58], "uv_size": [0.5, 0.5]},
								"east": {"uv": [59, 61], "uv_size": [0.5, 0.5]},
								"south": {"uv": [61, 59], "uv_size": [0.5, 0.5]},
								"west": {"uv": [60, 61], "uv_size": [0.5, 0.5]},
								"up": {"uv": [61, 60], "uv_size": [0.5, 0.5]}
							}
						},
						{
							"origin": [0.75095, 0.10871, 4.92469],
							"size": [0.10354, 0.0625, 0.40625],
							"pivot": [0.28906, 0.1805, 5.1875],
							"rotation": [40.98084, 11.43563, 9.77243],
							"uv": {
								"north": {"uv": [61, 61], "uv_size": [0.5, 0.5]},
								"east": {"uv": [0, 62], "uv_size": [0.5, 0.5]},
								"west": {"uv": [1, 62], "uv_size": [0.5, 0.5]},
								"up": {"uv": [62, 35], "uv_size": [0.5, 0.5]}
							}
						},
						{
							"origin": [0.27532, 0.10871, 4.77686],
							"size": [0.10354, 0.0625, 0.40625],
							"pivot": [0.28906, 0.1805, 5.1875],
							"rotation": [40.98084, -11.43563, -9.77243],
							"uv": {
								"east": {"uv": [62, 36], "uv_size": [0.5, 0.5]},
								"west": {"uv": [62, 37], "uv_size": [0.5, 0.5]},
								"up": {"uv": [62, 38], "uv_size": [0.5, 0.5]}
							}
						}
					]
				},
				{
					"name": "bone46",
					"parent": "scope_body",
					"pivot": [-0.5625, 0.01213, 5.06436],
					"rotation": [0, 0, -90],
					"cubes": [
						{
							"origin": [-0.76881, 0.10871, 4.78908],
							"size": [0.38833, 0.0625, 0.39063],
							"pivot": [-0.28906, 0.1805, 5.1875],
							"rotation": [40, 0, 0],
							"uv": {
								"north": {"uv": [62, 39], "uv_size": [0.5, 0.5]},
								"east": {"uv": [62, 40], "uv_size": [0.5, 0.5]},
								"south": {"uv": [62, 41], "uv_size": [0.5, 0.5]},
								"west": {"uv": [62, 42], "uv_size": [0.5, 0.5]},
								"up": {"uv": [62, 43], "uv_size": [0.5, 0.5]}
							}
						},
						{
							"origin": [-0.85449, 0.10871, 4.92469],
							"size": [0.10354, 0.0625, 0.40625],
							"pivot": [-0.28906, 0.1805, 5.1875],
							"rotation": [40.98084, -11.43563, -9.77243],
							"uv": {
								"north": {"uv": [62, 44], "uv_size": [0.5, 0.5]},
								"east": {"uv": [62, 45], "uv_size": [0.5, 0.5]},
								"west": {"uv": [62, 46], "uv_size": [0.5, 0.5]},
								"up": {"uv": [62, 47], "uv_size": [0.5, 0.5]}
							}
						},
						{
							"origin": [-0.37886, 0.10871, 4.77686],
							"size": [0.10354, 0.0625, 0.40625],
							"pivot": [-0.28906, 0.1805, 5.1875],
							"rotation": [40.98084, 11.43563, 9.77243],
							"uv": {
								"east": {"uv": [62, 48], "uv_size": [0.5, 0.5]},
								"west": {"uv": [62, 49], "uv_size": [0.5, 0.5]},
								"up": {"uv": [62, 50], "uv_size": [0.5, 0.5]}
							}
						}
					]
				},
				{
					"name": "bone44",
					"parent": "scope_body",
					"pivot": [0, -0.57463, 5.06436],
					"cubes": [
						{
							"origin": [-0.19416, -0.71875, 4.79688],
							"size": [0.38833, 0.0625, 0.39063],
							"pivot": [0.29771, -0.71875, 5.1875],
							"rotation": [-40, 0, 0],
							"uv": {
								"east": {"uv": [62, 51], "uv_size": [0.5, 0.5]},
								"west": {"uv": [62, 52], "uv_size": [0.5, 0.5]},
								"down": {"uv": [62, 53.5], "uv_size": [0.5, -0.5]}
							}
						},
						{
							"origin": [0.19417, -0.71875, 4.78125],
							"size": [0.10354, 0.0625, 0.40625],
							"pivot": [0.29771, -0.71875, 5.1875],
							"rotation": [-40.98084, 11.43563, -9.77243],
							"uv": {
								"north": {"uv": [62, 54], "uv_size": [0.5, 0.5]},
								"east": {"uv": [55, 62], "uv_size": [0.5, 0.5]},
								"west": {"uv": [62, 55], "uv_size": [0.5, 0.5]},
								"down": {"uv": [56, 62.5], "uv_size": [0.5, -0.5]}
							}
						},
						{
							"origin": [-0.29771, -0.71875, 4.78125],
							"size": [0.10354, 0.0625, 0.40625],
							"pivot": [-0.29771, -0.71875, 5.1875],
							"rotation": [-40.98084, -11.43563, 9.77243],
							"uv": {
								"north": {"uv": [62, 56], "uv_size": [0.5, 0.5]},
								"east": {"uv": [57, 62], "uv_size": [0.5, 0.5]},
								"west": {"uv": [62, 57], "uv_size": [0.5, 0.5]},
								"down": {"uv": [58, 62.5], "uv_size": [0.5, -0.5]}
							}
						}
					]
				},
				{
					"name": "ghjkghk2",
					"parent": "scope_body",
					"pivot": [1.3125, -8, -6.75],
					"cubes": [
						{
							"origin": [-0.14239, -0.34375, 0.75],
							"size": [0.28477, 0.6875, 0.75],
							"pivot": [0, 0, 1.25],
							"rotation": [0, 0, 45],
							"uv": {
								"north": {"uv": [62, 58], "uv_size": [0.5, 0.5]},
								"west": {"uv": [57, 52], "uv_size": [1, 0.5]},
								"up": {"uv": [57, 53], "uv_size": [0.5, 1]},
								"down": {"uv": [57, 55], "uv_size": [0.5, -1]}
							}
						},
						{
							"origin": [-0.14239, -0.34375, 0.75],
							"size": [0.28477, 0.6875, 0.75],
							"uv": {
								"north": {"uv": [59, 62], "uv_size": [0.5, 0.5]},
								"up": {"uv": [57, 55], "uv_size": [0.5, 1]},
								"down": {"uv": [56, 58], "uv_size": [0.5, -1]}
							}
						},
						{
							"origin": [-0.34375, -0.14239, 0.75],
							"size": [0.6875, 0.28477, 0.75],
							"pivot": [0, 0, 1.25],
							"rotation": [0, 0, 45],
							"uv": {
								"north": {"uv": [62, 59], "uv_size": [0.5, 0.5]},
								"east": {"uv": [57, 57], "uv_size": [1, 0.5]},
								"west": {"uv": [0, 58], "uv_size": [1, 0.5]}
							}
						},
						{
							"origin": [-0.34375, -0.14239, 0.75],
							"size": [0.6875, 0.28477, 0.75],
							"uv": {
								"north": {"uv": [60, 62], "uv_size": [0.5, 0.5]},
								"east": {"uv": [1, 58], "uv_size": [1, 0.5]},
								"west": {"uv": [58, 48], "uv_size": [1, 0.5]},
								"up": {"uv": [58, 49], "uv_size": [0.5, 1]}
							}
						}
					]
				},
				{
					"name": "ghjghj8",
					"parent": "scope_body",
					"pivot": [1.3125, -8, -2.75],
					"cubes": [
						{
							"origin": [-0.19416, -0.46875, 4.75],
							"size": [0.38833, 0.9375, 0.3125],
							"pivot": [0, 0, 5.25],
							"rotation": [0, 0, 45],
							"uv": {
								"north": {"uv": [58, 50], "uv_size": [0.5, 1]},
								"up": {"uv": [62, 60], "uv_size": [0.5, 0.5]},
								"down": {"uv": [61, 62.5], "uv_size": [0.5, -0.5]}
							}
						},
						{
							"origin": [-0.19416, -0.46875, 4.75],
							"size": [0.38833, 0.9375, 0.3125],
							"uv": {
								"north": {"uv": [58, 51], "uv_size": [0.5, 1]},
								"up": {"uv": [62, 61], "uv_size": [0.5, 0.5]},
								"down": {"uv": [62, 62.5], "uv_size": [0.5, -0.5]}
							}
						},
						{
							"origin": [-0.46875, -0.19416, 4.75],
							"size": [0.9375, 0.38833, 0.3125],
							"pivot": [0, 0, 5.25],
							"rotation": [0, 0, 45],
							"uv": {
								"north": {"uv": [58, 52], "uv_size": [1, 0.5]},
								"east": {"uv": [0, 63], "uv_size": [0.5, 0.5]},
								"west": {"uv": [1, 63], "uv_size": [0.5, 0.5]}
							}
						},
						{
							"origin": [-0.46875, -0.19416, 4.75],
							"size": [0.9375, 0.38833, 0.3125],
							"uv": {
								"north": {"uv": [58, 53], "uv_size": [1, 0.5]},
								"east": {"uv": [63, 35], "uv_size": [0.5, 0.5]},
								"west": {"uv": [63, 36], "uv_size": [0.5, 0.5]}
							}
						}
					]
				},
				{
					"name": "ghjghj9",
					"parent": "scope_body",
					"pivot": [1.3125, -8, -6],
					"cubes": [
						{
							"origin": [-0.19416, -0.46875, 1.5],
							"size": [0.38833, 0.9375, 0.4375],
							"pivot": [0, 0, 2],
							"rotation": [0, 0, 45],
							"uv": {
								"north": {"uv": [58, 54], "uv_size": [0.5, 1]},
								"south": {"uv": [55, 58], "uv_size": [0.5, 1]},
								"up": {"uv": [63, 37], "uv_size": [0.5, 0.5]},
								"down": {"uv": [63, 38.5], "uv_size": [0.5, -0.5]}
							}
						},
						{
							"origin": [-0.19416, -0.46875, 1.5],
							"size": [0.38833, 0.9375, 0.4375],
							"uv": {
								"north": {"uv": [58, 55], "uv_size": [0.5, 1]},
								"south": {"uv": [56, 58], "uv_size": [0.5, 1]},
								"up": {"uv": [63, 39], "uv_size": [0.5, 0.5]},
								"down": {"uv": [63, 40.5], "uv_size": [0.5, -0.5]}
							}
						},
						{
							"origin": [-0.46875, -0.19416, 1.5],
							"size": [0.9375, 0.38833, 0.4375],
							"pivot": [0, 0, 2],
							"rotation": [0, 0, 45],
							"uv": {
								"north": {"uv": [58, 56], "uv_size": [1, 0.5]},
								"east": {"uv": [63, 41], "uv_size": [0.5, 0.5]},
								"south": {"uv": [57, 58], "uv_size": [1, 0.5]},
								"west": {"uv": [63, 42], "uv_size": [0.5, 0.5]}
							}
						},
						{
							"origin": [-0.46875, -0.19416, 1.5],
							"size": [0.9375, 0.38833, 0.4375],
							"uv": {
								"north": {"uv": [58, 57], "uv_size": [1, 0.5]},
								"east": {"uv": [63, 43], "uv_size": [0.5, 0.5]},
								"south": {"uv": [58, 58], "uv_size": [1, 0.5]},
								"west": {"uv": [63, 44], "uv_size": [0.5, 0.5]}
							}
						}
					]
				},
				{
					"name": "fdhfghd2",
					"parent": "scope_body",
					"pivot": [1.3125, -8, 1.875],
					"cubes": [
						{
							"origin": [-0.29772, -0.71875, 5.1875],
							"size": [0.59543, 0.2, 4.125],
							"pivot": [0, 0, 9.875],
							"rotation": [0, 0, 45],
							"uv": {
								"north": {"uv": [63, 45], "uv_size": [0.5, 0.5]},
								"south": {"uv": [63, 46], "uv_size": [0.5, 0.5]},
								"up": {"uv": [0, 0], "uv_size": [0.5, 4]},
								"down": {"uv": [1, 4], "uv_size": [0.5, -4]}
							}
						},
						{
							"origin": [-0.29772, -0.71875, 5.1875],
							"size": [0.59543, 0.2, 4.125],
							"uv": {
								"north": {"uv": [63, 47], "uv_size": [0.5, 0.5]},
								"south": {"uv": [63, 48], "uv_size": [0.5, 0.5]},
								"up": {"uv": [0, 4], "uv_size": [0.5, 4]},
								"down": {"uv": [1, 8], "uv_size": [0.5, -4]}
							}
						},
						{
							"origin": [-0.29772, 0.51875, 5.1875],
							"size": [0.59543, 0.2, 4.125],
							"pivot": [0, 0, 9.875],
							"rotation": [0, 0, 45],
							"uv": {
								"north": {"uv": [63, 49], "uv_size": [0.5, 0.5]},
								"south": {"uv": [63, 50], "uv_size": [0.5, 0.5]},
								"west": {"uv": [55, 35], "uv_size": [4, 0.5]},
								"up": {"uv": [0, 10], "uv_size": [0.5, 4]},
								"down": {"uv": [1, 14], "uv_size": [0.5, -4]}
							}
						},
						{
							"origin": [-0.29772, 0.51875, 5.1875],
							"size": [0.59543, 0.2, 4.125],
							"uv": {
								"north": {"uv": [63, 51], "uv_size": [0.5, 0.5]},
								"south": {"uv": [63, 52], "uv_size": [0.5, 0.5]},
								"up": {"uv": [0, 14], "uv_size": [0.5, 4]},
								"down": {"uv": [1, 18], "uv_size": [0.5, -4]}
							}
						},
						{
							"origin": [0.51875, -0.29772, 5.1875],
							"size": [0.2, 0.59543, 4.125],
							"pivot": [0, 0, 9.875],
							"rotation": [0, 0, 45],
							"uv": {
								"north": {"uv": [63, 53], "uv_size": [0.5, 0.5]},
								"east": {"uv": [55, 36], "uv_size": [4, 0.5]},
								"south": {"uv": [63, 54], "uv_size": [0.5, 0.5]},
								"west": {"uv": [55, 37], "uv_size": [4, 0.5]}
							}
						},
						{
							"origin": [0.51875, -0.29772, 5.1875],
							"size": [0.2, 0.59543, 4.125],
							"uv": {
								"north": {"uv": [55, 63], "uv_size": [0.5, 0.5]},
								"east": {"uv": [55, 38], "uv_size": [4, 0.5]},
								"south": {"uv": [63, 55], "uv_size": [0.5, 0.5]},
								"west": {"uv": [55, 39], "uv_size": [4, 0.5]},
								"up": {"uv": [0, 18], "uv_size": [0.5, 4]}
							}
						},
						{
							"origin": [-0.71875, -0.29772, 5.1875],
							"size": [0.2, 0.59543, 4.125],
							"pivot": [0, 0, 9.875],
							"rotation": [0, 0, 45],
							"uv": {
								"north": {"uv": [56, 63], "uv_size": [0.5, 0.5]},
								"east": {"uv": [55, 40], "uv_size": [4, 0.5]},
								"south": {"uv": [63, 56], "uv_size": [0.5, 0.5]},
								"west": {"uv": [55, 41], "uv_size": [4, 0.5]}
							}
						},
						{
							"origin": [-0.71875, -0.29772, 5.1875],
							"size": [0.2, 0.59543, 4.125],
							"uv": {
								"north": {"uv": [57, 63], "uv_size": [0.5, 0.5]},
								"east": {"uv": [55, 42], "uv_size": [4, 0.5]},
								"south": {"uv": [63, 57], "uv_size": [0.5, 0.5]},
								"west": {"uv": [55, 43], "uv_size": [4, 0.5]}
							}
						}
					]
				},
				{
					"name": "ghgfh2",
					"parent": "scope_body",
					"pivot": [8, -8, -3.125],
					"cubes": [
						{
							"origin": [-0.16827, -0.40625, 1.9375],
							"size": [0.33655, 0.8125, 2.8125],
							"pivot": [0, 0, 4.875],
							"rotation": [0, 0, 45],
							"uv": {
								"up": {"uv": [0, 36], "uv_size": [0.5, 3]},
								"down": {"uv": [1, 39], "uv_size": [0.5, -3]}
							}
						},
						{
							"origin": [-0.16827, -0.40625, 1.9375],
							"size": [0.33655, 0.8125, 2.8125],
							"uv": {
								"up": {"uv": [0, 39], "uv_size": [0.5, 3]},
								"down": {"uv": [1, 42], "uv_size": [0.5, -3]}
							}
						},
						{
							"origin": [-0.40625, -0.16827, 1.9375],
							"size": [0.8125, 0.33655, 2.8125],
							"pivot": [0, 0, 4.875],
							"rotation": [0, 0, 45],
							"uv": {
								"east": {"uv": [55, 48], "uv_size": [3, 0.5]},
								"west": {"uv": [55, 49], "uv_size": [3, 0.5]}
							}
						},
						{
							"origin": [-0.40625, -0.16827, 1.9375],
							"size": [0.8125, 0.33655, 2.8125],
							"uv": {
								"east": {"uv": [55, 50], "uv_size": [3, 0.5]},
								"west": {"uv": [55, 51], "uv_size": [3, 0.5]}
							}
						}
					]
				},
				{
					"name": "jkljkl2",
					"parent": "scope_body",
					"pivot": [1.3125, -8, -9.375],
					"cubes": [
						{
							"origin": [-0.20711, -0.5, -1.5625],
							"size": [0.41421, 1, 0.6875],
							"pivot": [0, 0, -1.375],
							"rotation": [0, 0, 45],
							"uv": {
								"south": {"uv": [0, 59], "uv_size": [0.5, 1]},
								"west": {"uv": [1, 59], "uv_size": [0.5, 1]},
								"up": {"uv": [58, 63], "uv_size": [0.5, 0.5]},
								"down": {"uv": [63, 58.5], "uv_size": [0.5, -0.5]}
							}
						},
						{
							"origin": [-0.20711, -0.5, -1.5625],
							"size": [0.41421, 1, 0.6875],
							"uv": {
								"south": {"uv": [59, 35], "uv_size": [0.5, 1]},
								"up": {"uv": [59, 63], "uv_size": [0.5, 0.5]},
								"down": {"uv": [63, 59.5], "uv_size": [0.5, -0.5]}
							}
						},
						{
							"origin": [-0.5, -0.20711, -1.5625],
							"size": [1, 0.41421, 0.6875],
							"pivot": [0, 0, -1.375],
							"rotation": [0, 0, 45],
							"uv": {
								"east": {"uv": [60, 63], "uv_size": [0.5, 0.5]},
								"south": {"uv": [59, 36], "uv_size": [1, 0.5]},
								"west": {"uv": [63, 60], "uv_size": [0.5, 0.5]}
							}
						},
						{
							"origin": [-0.5, -0.20711, -1.5625],
							"size": [1, 0.41421, 0.6875],
							"uv": {
								"east": {"uv": [61, 63], "uv_size": [0.5, 0.5]},
								"south": {"uv": [59, 37], "uv_size": [1, 0.5]},
								"west": {"uv": [63, 61], "uv_size": [0.5, 0.5]},
								"up": {"uv": [59, 38], "uv_size": [1, 0.5]}
							}
						}
					]
				},
				{
					"name": "ughkhuk2",
					"parent": "scope_body",
					"pivot": [1.3125, -8.3125, -13.75],
					"cubes": [
						{
							"origin": [-0.29772, -0.71875, -1.625],
							"size": [0.59543, 1.4375, 0.10938],
							"pivot": [0, 0, -2],
							"rotation": [0, 0, 45],
							"uv": {
								"north": {"uv": [0, 50], "uv_size": [0.5, 1.5]},
								"south": {"uv": [1, 50], "uv_size": [0.5, 1.5]},
								"west": {"uv": [0, 52], "uv_size": [0.5, 1.5]},
								"up": {"uv": [62, 63], "uv_size": [0.5, 0.5]},
								"down": {"uv": [63, 62.5], "uv_size": [0.5, -0.5]}
							}
						},
						{
							"origin": [-0.29772, -0.71875, -1.625],
							"size": [0.59543, 1.4375, 0.10938],
							"uv": {
								"north": {"uv": [1, 52], "uv_size": [0.5, 1.5]},
								"south": {"uv": [0, 54], "uv_size": [0.5, 1.5]},
								"up": {"uv": [63, 63], "uv_size": [0.5, 0.5]},
								"down": {"uv": [0, 64.5], "uv_size": [0.5, -0.5]}
							}
						},
						{
							"origin": [-0.71875, -0.29772, -1.625],
							"size": [1.4375, 0.59543, 0.10938],
							"pivot": [0, 0, -2],
							"rotation": [0, 0, 45],
							"uv": {
								"north": {"uv": [55, 52], "uv_size": [1.5, 0.5]},
								"east": {"uv": [1, 64], "uv_size": [0.5, 0.5]},
								"south": {"uv": [55, 53], "uv_size": [1.5, 0.5]},
								"west": {"uv": [64, 35], "uv_size": [0.5, 0.5]}
							}
						},
						{
							"origin": [-0.71875, -0.29772, -1.625],
							"size": [1.4375, 0.59543, 0.10938],
							"uv": {
								"north": {"uv": [55, 54], "uv_size": [1.5, 0.5]},
								"east": {"uv": [64, 36], "uv_size": [0.5, 0.5]},
								"south": {"uv": [55, 55], "uv_size": [1.5, 0.5]},
								"west": {"uv": [64, 37], "uv_size": [0.5, 0.5]},
								"up": {"uv": [0, 56], "uv_size": [1.5, 0.5]}
							}
						}
					]
				},
				{
					"name": "ghfjghj2",
					"parent": "scope_body",
					"pivot": [1.3125, -8, -12.5625],
					"cubes": [
						{
							"origin": [-0.34949, -0.84375, -5.3125],
							"size": [0.69899, 1.6875, 3.3125],
							"pivot": [0, 0, -1.75],
							"rotation": [0, 0, 45],
							"uv": {
								"south": {"uv": [1, 54], "uv_size": [0.5, 1.5]},
								"up": {"uv": [0, 28], "uv_size": [0.5, 3.5]},
								"down": {"uv": [1, 31.5], "uv_size": [0.5, -3.5]}
							}
						},
						{
							"origin": [-0.34949, -0.84375, -5.3125],
							"size": [0.69899, 1.6875, 3.3125],
							"uv": {
								"south": {"uv": [55, 56], "uv_size": [0.5, 1.5]},
								"up": {"uv": [0, 32], "uv_size": [0.5, 3.5]},
								"down": {"uv": [1, 35.5], "uv_size": [0.5, -3.5]}
							}
						},
						{
							"origin": [-0.84375, -0.34949, -5.3125],
							"size": [1.6875, 0.69899, 3.3125],
							"pivot": [0, 0, -1.75],
							"rotation": [0, 0, 45],
							"uv": {
								"east": {"uv": [55, 44], "uv_size": [3.5, 0.5]},
								"south": {"uv": [56, 56], "uv_size": [1.5, 0.5]},
								"west": {"uv": [55, 45], "uv_size": [3.5, 0.5]}
							}
						},
						{
							"origin": [-0.84375, -0.34949, -5.3125],
							"size": [1.6875, 0.69899, 3.3125],
							"uv": {
								"east": {"uv": [55, 46], "uv_size": [3.5, 0.5]},
								"south": {"uv": [0, 57], "uv_size": [1.5, 0.5]},
								"west": {"uv": [55, 47], "uv_size": [3.5, 0.5]}
							}
						}
					]
				},
				{
					"name": "bone20",
					"parent": "ghfjghj2",
					"pivot": [0, 0.71938, -5.02732],
					"rotation": [-15, 0, 0],
					"cubes": [
						{
							"origin": [-0.29772, 1.49804, -2.13534],
							"size": [0.59543, 0.125, 0.5],
							"inflate": 0.0001,
							"uv": {
								"north": {"uv": [64, 38], "uv_size": [0.5, 0.5]},
								"east": {"uv": [64, 39], "uv_size": [0.5, 0.5]},
								"south": {"uv": [64, 40], "uv_size": [0.5, 0.5]},
								"west": {"uv": [64, 41], "uv_size": [0.5, 0.5]},
								"up": {"uv": [64, 42], "uv_size": [0.5, 0.5]},
								"down": {"uv": [64, 43.5], "uv_size": [0.5, -0.5]}
							}
						},
						{
							"origin": [0.62586, 1.49804, -2.15254],
							"size": [0.05178, 0.125, 0.5],
							"pivot": [0.34949, 0.78188, -5.2746],
							"rotation": [0, -6, 0],
							"uv": {
								"north": {"uv": [64, 44], "uv_size": [0.5, 0.5]},
								"east": {"uv": [64, 45], "uv_size": [0.5, 0.5]},
								"west": {"uv": [64, 46], "uv_size": [0.5, 0.5]},
								"up": {"uv": [64, 47], "uv_size": [0.5, 0.5]},
								"down": {"uv": [64, 48.5], "uv_size": [0.5, -0.5]}
							}
						},
						{
							"origin": [-0.67763, 1.49804, -2.15254],
							"size": [0.05178, 0.125, 0.5],
							"pivot": [-0.34949, 0.78188, -5.2746],
							"rotation": [0, 6, 0],
							"uv": {
								"north": {"uv": [64, 49], "uv_size": [0.5, 0.5]},
								"east": {"uv": [64, 50], "uv_size": [0.5, 0.5]},
								"west": {"uv": [64, 51], "uv_size": [0.5, 0.5]},
								"up": {"uv": [64, 52], "uv_size": [0.5, 0.5]},
								"down": {"uv": [64, 53.5], "uv_size": [0.5, -0.5]}
							}
						}
					]
				},
				{
					"name": "bone22",
					"parent": "ghfjghj2",
					"pivot": [0.4375, 0.71938, -5.02732],
					"rotation": [-15, 0, 45],
					"cubes": [
						{
							"origin": [0.3391, 1.40274, -2.10981],
							"size": [0.59543, 0.125, 0.5],
							"inflate": 0.0001,
							"uv": {
								"north": {"uv": [64, 54], "uv_size": [0.5, 0.5]},
								"east": {"uv": [55, 64], "uv_size": [0.5, 0.5]},
								"south": {"uv": [64, 55], "uv_size": [0.5, 0.5]},
								"west": {"uv": [56, 64], "uv_size": [0.5, 0.5]},
								"up": {"uv": [64, 56], "uv_size": [0.5, 0.5]},
								"down": {"uv": [57, 64.5], "uv_size": [0.5, -0.5]}
							}
						},
						{
							"origin": [1.26119, 1.40274, -2.10604],
							"size": [0.05178, 0.125, 0.5],
							"pivot": [1.18563, 0.6498, -5.22447],
							"rotation": [0, -6, 0],
							"uv": {
								"north": {"uv": [64, 57], "uv_size": [0.5, 0.5]},
								"east": {"uv": [58, 64], "uv_size": [0.5, 0.5]},
								"west": {"uv": [64, 58], "uv_size": [0.5, 0.5]},
								"up": {"uv": [59, 64], "uv_size": [0.5, 0.5]},
								"down": {"uv": [64, 59.5], "uv_size": [0.5, -0.5]}
							}
						},
						{
							"origin": [-0.03332, 1.40274, -2.22077],
							"size": [0.05178, 0.125, 0.5],
							"pivot": [1.18563, 0.6498, -5.22447],
							"rotation": [0, 6, 0],
							"uv": {
								"north": {"uv": [60, 64], "uv_size": [0.5, 0.5]},
								"east": {"uv": [64, 60], "uv_size": [0.5, 0.5]},
								"west": {"uv": [61, 64], "uv_size": [0.5, 0.5]},
								"up": {"uv": [64, 61], "uv_size": [0.5, 0.5]},
								"down": {"uv": [62, 64.5], "uv_size": [0.5, -0.5]}
							}
						}
					]
				},
				{
					"name": "bone37",
					"parent": "ghfjghj2",
					"pivot": [0.4375, -0.71938, -5.02732],
					"rotation": [15, 0, -45],
					"cubes": [
						{
							"origin": [0.3391, -1.52774, -2.10981],
							"size": [0.59543, 0.125, 0.5],
							"inflate": 0.0001,
							"uv": {
								"north": {"uv": [64, 62], "uv_size": [0.5, 0.5]},
								"east": {"uv": [63, 64], "uv_size": [0.5, 0.5]},
								"south": {"uv": [64, 63], "uv_size": [0.5, 0.5]},
								"west": {"uv": [64, 64], "uv_size": [0.5, 0.5]},
								"up": {"uv": [0, 65], "uv_size": [0.5, 0.5]},
								"down": {"uv": [1, 65.5], "uv_size": [0.5, -0.5]}
							}
						},
						{
							"origin": [1.26119, -1.52774, -2.10604],
							"size": [0.05178, 0.125, 0.5],
							"pivot": [1.18563, -0.6498, -5.22447],
							"rotation": [0, -6, 0],
							"uv": {
								"north": {"uv": [65, 35], "uv_size": [0.5, 0.5]},
								"east": {"uv": [65, 36], "uv_size": [0.5, 0.5]},
								"west": {"uv": [65, 37], "uv_size": [0.5, 0.5]},
								"up": {"uv": [65, 38], "uv_size": [0.5, 0.5]},
								"down": {"uv": [65, 39.5], "uv_size": [0.5, -0.5]}
							}
						},
						{
							"origin": [-0.03332, -1.52774, -2.22077],
							"size": [0.05178, 0.125, 0.5],
							"pivot": [1.18563, -0.6498, -5.22447],
							"rotation": [0, 6, 0],
							"uv": {
								"north": {"uv": [65, 40], "uv_size": [0.5, 0.5]},
								"east": {"uv": [65, 41], "uv_size": [0.5, 0.5]},
								"west": {"uv": [65, 42], "uv_size": [0.5, 0.5]},
								"up": {"uv": [65, 43], "uv_size": [0.5, 0.5]},
								"down": {"uv": [65, 44.5], "uv_size": [0.5, -0.5]}
							}
						}
					]
				},
				{
					"name": "bone38",
					"parent": "ghfjghj2",
					"pivot": [-0.4375, 0.71938, -5.02732],
					"rotation": [-15, 0, -45],
					"cubes": [
						{
							"origin": [-0.93453, 1.40274, -2.10981],
							"size": [0.59543, 0.125, 0.5],
							"inflate": 0.0001,
							"uv": {
								"north": {"uv": [65, 45], "uv_size": [0.5, 0.5]},
								"east": {"uv": [65, 46], "uv_size": [0.5, 0.5]},
								"south": {"uv": [65, 47], "uv_size": [0.5, 0.5]},
								"west": {"uv": [65, 48], "uv_size": [0.5, 0.5]},
								"up": {"uv": [65, 49], "uv_size": [0.5, 0.5]},
								"down": {"uv": [65, 50.5], "uv_size": [0.5, -0.5]}
							}
						},
						{
							"origin": [-1.31297, 1.40274, -2.10604],
							"size": [0.05178, 0.125, 0.5],
							"pivot": [-1.18563, 0.6498, -5.22447],
							"rotation": [0, 6, 0],
							"uv": {
								"north": {"uv": [65, 51], "uv_size": [0.5, 0.5]},
								"east": {"uv": [65, 52], "uv_size": [0.5, 0.5]},
								"west": {"uv": [65, 53], "uv_size": [0.5, 0.5]},
								"up": {"uv": [65, 54], "uv_size": [0.5, 0.5]},
								"down": {"uv": [55, 65.5], "uv_size": [0.5, -0.5]}
							}
						},
						{
							"origin": [-0.01845, 1.40274, -2.22077],
							"size": [0.05178, 0.125, 0.5],
							"pivot": [-1.18563, 0.6498, -5.22447],
							"rotation": [0, -6, 0],
							"uv": {
								"north": {"uv": [65, 55], "uv_size": [0.5, 0.5]},
								"east": {"uv": [56, 65], "uv_size": [0.5, 0.5]},
								"west": {"uv": [65, 56], "uv_size": [0.5, 0.5]},
								"up": {"uv": [57, 65], "uv_size": [0.5, 0.5]},
								"down": {"uv": [65, 57.5], "uv_size": [0.5, -0.5]}
							}
						}
					]
				},
				{
					"name": "bone39",
					"parent": "ghfjghj2",
					"pivot": [-0.4375, -0.71938, -5.02732],
					"rotation": [15, 0, 45],
					"cubes": [
						{
							"origin": [-0.93453, -1.52774, -2.10981],
							"size": [0.59543, 0.125, 0.5],
							"uv": {
								"north": {"uv": [58, 65], "uv_size": [0.5, 0.5]},
								"east": {"uv": [65, 58], "uv_size": [0.5, 0.5]},
								"south": {"uv": [59, 65], "uv_size": [0.5, 0.5]},
								"west": {"uv": [65, 59], "uv_size": [0.5, 0.5]},
								"up": {"uv": [60, 65], "uv_size": [0.5, 0.5]},
								"down": {"uv": [65, 60.5], "uv_size": [0.5, -0.5]}
							}
						},
						{
							"origin": [-1.31297, -1.52774, -2.10604],
							"size": [0.05178, 0.125, 0.5],
							"pivot": [-1.18563, -0.6498, -5.22447],
							"rotation": [0, 6, 0],
							"uv": {
								"north": {"uv": [61, 65], "uv_size": [0.5, 0.5]},
								"east": {"uv": [65, 61], "uv_size": [0.5, 0.5]},
								"west": {"uv": [62, 65], "uv_size": [0.5, 0.5]},
								"up": {"uv": [65, 62], "uv_size": [0.5, 0.5]},
								"down": {"uv": [63, 65.5], "uv_size": [0.5, -0.5]}
							}
						},
						{
							"origin": [-0.01845, -1.52774, -2.22077],
							"size": [0.05178, 0.125, 0.5],
							"pivot": [-1.18563, -0.6498, -5.22447],
							"rotation": [0, -6, 0],
							"uv": {
								"north": {"uv": [65, 63], "uv_size": [0.5, 0.5]},
								"east": {"uv": [64, 65], "uv_size": [0.5, 0.5]},
								"west": {"uv": [65, 64], "uv_size": [0.5, 0.5]},
								"up": {"uv": [65, 65], "uv_size": [0.5, 0.5]},
								"down": {"uv": [0, 66.5], "uv_size": [0.5, -0.5]}
							}
						}
					]
				},
				{
					"name": "bone40",
					"parent": "ghfjghj2",
					"pivot": [0.78125, 0, -5.00272],
					"rotation": [-15, 0, 90],
					"cubes": [
						{
							"origin": [0.48353, 0.71253, -2.11849],
							"size": [0.59543, 0.125, 0.5],
							"inflate": 0.0001,
							"uv": {
								"north": {"uv": [1, 66], "uv_size": [0.5, 0.5]},
								"east": {"uv": [66, 35], "uv_size": [0.5, 0.5]},
								"south": {"uv": [66, 36], "uv_size": [0.5, 0.5]},
								"west": {"uv": [66, 37], "uv_size": [0.5, 0.5]},
								"up": {"uv": [66, 38], "uv_size": [0.5, 0.5]},
								"down": {"uv": [66, 39.5], "uv_size": [0.5, -0.5]}
							}
						},
						{
							"origin": [1.39948, 0.71253, -2.20528],
							"size": [0.05178, 0.125, 0.5],
							"pivot": [0.46301, -0.01063, -5.2198],
							"rotation": [0, -6, 0],
							"uv": {
								"north": {"uv": [66, 40], "uv_size": [0.5, 0.5]},
								"east": {"uv": [66, 41], "uv_size": [0.5, 0.5]},
								"west": {"uv": [66, 42], "uv_size": [0.5, 0.5]},
								"up": {"uv": [66, 43], "uv_size": [0.5, 0.5]},
								"down": {"uv": [66, 44.5], "uv_size": [0.5, -0.5]}
							}
						},
						{
							"origin": [0.10776, 0.71253, -2.13875],
							"size": [0.05178, 0.125, 0.5],
							"pivot": [0.46301, -0.01063, -5.2198],
							"rotation": [0, 6, 0],
							"uv": {
								"north": {"uv": [66, 45], "uv_size": [0.5, 0.5]},
								"east": {"uv": [66, 46], "uv_size": [0.5, 0.5]},
								"west": {"uv": [66, 47], "uv_size": [0.5, 0.5]},
								"up": {"uv": [66, 48], "uv_size": [0.5, 0.5]},
								"down": {"uv": [66, 49.5], "uv_size": [0.5, -0.5]}
							}
						}
					]
				},
				{
					"name": "bone41",
					"parent": "ghfjghj2",
					"pivot": [-0.78125, 0, -5.00272],
					"rotation": [-15, 0, -90],
					"cubes": [
						{
							"origin": [-1.07897, 0.71253, -2.11849],
							"size": [0.59543, 0.125, 0.5],
							"uv": {
								"north": {"uv": [66, 50], "uv_size": [0.5, 0.5]},
								"east": {"uv": [66, 51], "uv_size": [0.5, 0.5]},
								"south": {"uv": [66, 52], "uv_size": [0.5, 0.5]},
								"west": {"uv": [66, 53], "uv_size": [0.5, 0.5]},
								"up": {"uv": [66, 54], "uv_size": [0.5, 0.5]},
								"down": {"uv": [55, 66.5], "uv_size": [0.5, -0.5]}
							}
						},
						{
							"origin": [-1.45126, 0.71253, -2.20528],
							"size": [0.05178, 0.125, 0.5],
							"pivot": [-0.46301, -0.01063, -5.2198],
							"rotation": [0, 6, 0],
							"uv": {
								"north": {"uv": [66, 55], "uv_size": [0.5, 0.5]},
								"east": {"uv": [56, 66], "uv_size": [0.5, 0.5]},
								"west": {"uv": [66, 56], "uv_size": [0.5, 0.5]},
								"up": {"uv": [57, 66], "uv_size": [0.5, 0.5]},
								"down": {"uv": [66, 57.5], "uv_size": [0.5, -0.5]}
							}
						},
						{
							"origin": [-0.15953, 0.71253, -2.13875],
							"size": [0.05178, 0.125, 0.5],
							"pivot": [-0.46301, -0.01063, -5.2198],
							"rotation": [0, -6, 0],
							"uv": {
								"north": {"uv": [58, 66], "uv_size": [0.5, 0.5]},
								"east": {"uv": [66, 58], "uv_size": [0.5, 0.5]},
								"west": {"uv": [59, 66], "uv_size": [0.5, 0.5]},
								"up": {"uv": [66, 59], "uv_size": [0.5, 0.5]},
								"down": {"uv": [60, 66.5], "uv_size": [0.5, -0.5]}
							}
						}
					]
				},
				{
					"name": "bone42",
					"parent": "ghfjghj2",
					"pivot": [0, -0.71938, -5.02732],
					"rotation": [15, 0, 0],
					"cubes": [
						{
							"origin": [-0.29772, -1.62304, -2.13534],
							"size": [0.59543, 0.125, 0.5],
							"uv": {
								"north": {"uv": [66, 60], "uv_size": [0.5, 0.5]},
								"east": {"uv": [61, 66], "uv_size": [0.5, 0.5]},
								"south": {"uv": [66, 61], "uv_size": [0.5, 0.5]},
								"west": {"uv": [62, 66], "uv_size": [0.5, 0.5]},
								"up": {"uv": [66, 62], "uv_size": [0.5, 0.5]},
								"down": {"uv": [63, 66.5], "uv_size": [0.5, -0.5]}
							}
						},
						{
							"origin": [0.62586, -1.62304, -2.15254],
							"size": [0.05178, 0.125, 0.5],
							"pivot": [0.34949, -0.78188, -5.2746],
							"rotation": [0, -6, 0],
							"uv": {
								"north": {"uv": [66, 63], "uv_size": [0.5, 0.5]},
								"east": {"uv": [64, 66], "uv_size": [0.5, 0.5]},
								"west": {"uv": [66, 64], "uv_size": [0.5, 0.5]},
								"up": {"uv": [65, 66], "uv_size": [0.5, 0.5]},
								"down": {"uv": [66, 65.5], "uv_size": [0.5, -0.5]}
							}
						},
						{
							"origin": [-0.67763, -1.62304, -2.15254],
							"size": [0.05178, 0.125, 0.5],
							"pivot": [-0.34949, -0.78188, -5.2746],
							"rotation": [0, 6, 0],
							"uv": {
								"north": {"uv": [66, 66], "uv_size": [0.5, 0.5]},
								"east": {"uv": [67, 35], "uv_size": [0.5, 0.5]},
								"west": {"uv": [67, 36], "uv_size": [0.5, 0.5]},
								"up": {"uv": [67, 37], "uv_size": [0.5, 0.5]},
								"down": {"uv": [67, 38.5], "uv_size": [0.5, -0.5]}
							}
						}
					]
				},
				{
					"name": "hkhjk2",
					"parent": "scope_body",
					"pivot": [1.3125, -8, -13.8125],
					"cubes": [
						{
							"origin": [-0.38833, -0.9375, -5.5625],
							"size": [0.77665, 1.875, 0.25],
							"pivot": [0, 0, -5.8125],
							"rotation": [0, 0, 45],
							"uv": {
								"north": {"uv": [1, 18], "uv_size": [1, 2]},
								"south": {"uv": [1, 20], "uv_size": [1, 2]},
								"up": {"uv": [59, 39], "uv_size": [1, 0.5]},
								"down": {"uv": [59, 40.5], "uv_size": [1, -0.5]}
							}
						},
						{
							"origin": [-0.38833, -0.9375, -5.5625],
							"size": [0.77665, 1.875, 0.25],
							"uv": {
								"north": {"uv": [0, 22], "uv_size": [1, 2]},
								"south": {"uv": [1, 22], "uv_size": [1, 2]},
								"up": {"uv": [59, 41], "uv_size": [1, 0.5]},
								"down": {"uv": [59, 42.5], "uv_size": [1, -0.5]}
							}
						},
						{
							"origin": [-0.9375, -0.38833, -5.5625],
							"size": [1.875, 0.77665, 0.25],
							"pivot": [0, 0, -5.8125],
							"rotation": [0, 0, 45],
							"uv": {
								"north": {"uv": [0, 24], "uv_size": [2, 1]},
								"east": {"uv": [59, 43], "uv_size": [0.5, 1]},
								"south": {"uv": [0, 25], "uv_size": [2, 1]},
								"west": {"uv": [59, 44], "uv_size": [0.5, 1]}
							}
						},
						{
							"origin": [-0.9375, -0.38833, -5.5625],
							"size": [1.875, 0.77665, 0.25],
							"uv": {
								"north": {"uv": [0, 26], "uv_size": [2, 1]},
								"east": {"uv": [59, 45], "uv_size": [0.5, 1]},
								"south": {"uv": [0, 27], "uv_size": [2, 1]},
								"west": {"uv": [59, 46], "uv_size": [0.5, 1]}
							}
						}
					]
				},
				{
					"name": "fghjghj2",
					"parent": "scope_body",
					"pivot": [1.3125, -8, -14.0625],
					"cubes": [
						{
							"origin": [-0.41421, -1, -6.5625],
							"size": [0.82843, 0.2, 1],
							"pivot": [0, 0, -6.0625],
							"rotation": [0, 0, 45],
							"uv": {
								"north": {"uv": [59, 47], "uv_size": [1, 0.5]},
								"south": {"uv": [59, 48], "uv_size": [1, 0.5]},
								"up": {"uv": [0, 42], "uv_size": [1, 1]},
								"down": {"uv": [1, 43], "uv_size": [1, -1]}
							}
						},
						{
							"origin": [-0.41421, -1, -6.5625],
							"size": [0.82843, 0.2, 1],
							"uv": {
								"north": {"uv": [59, 49], "uv_size": [1, 0.5]},
								"south": {"uv": [59, 50], "uv_size": [1, 0.5]},
								"up": {"uv": [0, 43], "uv_size": [1, 1]},
								"down": {"uv": [1, 44], "uv_size": [1, -1]}
							}
						},
						{
							"origin": [-0.41421, 0.8, -6.5625],
							"size": [0.82843, 0.2, 1],
							"pivot": [0, 0, -6.0625],
							"rotation": [0, 0, 45],
							"uv": {
								"north": {"uv": [59, 51], "uv_size": [1, 0.5]},
								"south": {"uv": [59, 52], "uv_size": [1, 0.5]},
								"up": {"uv": [0, 44], "uv_size": [1, 1]},
								"down": {"uv": [1, 45], "uv_size": [1, -1]}
							}
						},
						{
							"origin": [-0.41421, 0.8, -6.5625],
							"size": [0.82843, 0.2, 1],
							"uv": {
								"north": {"uv": [59, 53], "uv_size": [1, 0.5]},
								"south": {"uv": [59, 54], "uv_size": [1, 0.5]},
								"up": {"uv": [0, 45], "uv_size": [1, 1]},
								"down": {"uv": [1, 46], "uv_size": [1, -1]}
							}
						},
						{
							"origin": [0.8, -0.41421, -6.5625],
							"size": [0.2, 0.82843, 1],
							"pivot": [0, 0, -6.0625],
							"rotation": [0, 0, 45],
							"uv": {
								"north": {"uv": [55, 59], "uv_size": [0.5, 1]},
								"east": {"uv": [0, 46], "uv_size": [1, 1]},
								"south": {"uv": [59, 55], "uv_size": [0.5, 1]},
								"west": {"uv": [1, 46], "uv_size": [1, 1]}
							}
						},
						{
							"origin": [0.8, -0.41421, -6.5625],
							"size": [0.2, 0.82843, 1],
							"uv": {
								"north": {"uv": [56, 59], "uv_size": [0.5, 1]},
								"east": {"uv": [0, 47], "uv_size": [1, 1]},
								"south": {"uv": [59, 56], "uv_size": [0.5, 1]},
								"west": {"uv": [1, 47], "uv_size": [1, 1]}
							}
						},
						{
							"origin": [-1, -0.41421, -6.5625],
							"size": [0.2, 0.82843, 1],
							"pivot": [0, 0, -6.0625],
							"rotation": [0, 0, 45],
							"uv": {
								"north": {"uv": [57, 59], "uv_size": [0.5, 1]},
								"east": {"uv": [0, 48], "uv_size": [1, 1]},
								"south": {"uv": [59, 57], "uv_size": [0.5, 1]},
								"west": {"uv": [1, 48], "uv_size": [1, 1]}
							}
						},
						{
							"origin": [-1, -0.41421, -6.5625],
							"size": [0.2, 0.82843, 1],
							"uv": {
								"north": {"uv": [58, 59], "uv_size": [0.5, 1]},
								"east": {"uv": [0, 49], "uv_size": [1, 1]},
								"south": {"uv": [59, 58], "uv_size": [0.5, 1]},
								"west": {"uv": [1, 49], "uv_size": [1, 1]}
							}
						}
					]
				},
				{
					"name": "scope_view",
					"pivot": [0, 0, 12.25]
				},
				{
					"name": "division",
					"pivot": [0.03125, -0.3559, -122.01389],
					"cubes": [
						{
							"origin": [54.1875, -77.82812, -122.25],
							"size": [39.26875, 154.375, 0.25],
							"uv": {
								"south": {"uv": [2.5, 0], "uv_size": [17, 32.5]}
							}
						},
						{
							"origin": [-31.1875, -28.21874, -122.25],
							"size": [62.375, 56.40625, 0.25],
							"uv": {
								"south": {"uv": [63, 155.5], "uv_size": [242.6875, 212.90625]}
							}
						},
						{
							"origin": [-93.45625, -77.82812, -122.25],
							"size": [39.26875, 154.375, 0.25],
							"uv": {
								"south": {"uv": [19.5, 0], "uv_size": [-17, 32.5]}
							}
						},
						{
							"origin": [-54.1875, 51.60938, -122.25],
							"size": [108.375, 24.9375, 0.25],
							"uv": {
								"south": {"uv": [55, 0], "uv_size": [80.5, 35]}
							}
						},
						{
							"origin": [-54.1875, -77.82812, -122.25],
							"size": [108.375, 25, 0.25],
							"uv": {
								"south": {"uv": [55, 88], "uv_size": [80.5, 34]}
							}
						},
						{
							"origin": [-11, 7, -108.625],
							"size": [2, 0.5, 0],
							"pivot": [0, 7.25, -108.625],
							"rotation": [0, 0, -90],
							"uv": {
								"south": {"uv": [0, 69.5], "uv_size": [2, 0.5]}
							}
						},
						{
							"origin": [1.75, -0.25, -108.625],
							"size": [2, 0.5, 0],
							"uv": {
								"south": {"uv": [0, 70.5], "uv_size": [2, 0.5]}
							}
						},
						{
							"origin": [-12, 13.5, -108.625],
							"size": [2, 0.5, 0],
							"pivot": [0, 13.75, -108.625],
							"rotation": [0, 0, -90],
							"uv": {
								"south": {"uv": [0, 70], "uv_size": [2, 0.5]}
							}
						},
						{
							"origin": [-3.75, -0.25, -108.625],
							"size": [2, 0.5, 0],
							"uv": {
								"south": {"uv": [0, 71.5], "uv_size": [2, 0.5]}
							}
						}
					]
				},
				{
					"name": "cross_illuminated",
					"parent": "division",
					"pivot": [0, 0, -108.5625],
					"cubes": [
						{
							"origin": [-0.625, -0.61428, -108.5625],
							"size": [1.25, 1.25, 0],
							"pivot": [0, 0.01072, -108.5625],
							"rotation": [0, 0, -45],
							"uv": {
								"south": {"uv": [56, 69], "uv_size": [1.5, 1.5]}
							}
						}
					]
				},
				{
					"name": "ocular",
					"pivot": [-0.00038, -0.00082, 9.5],
					"cubes": [
						{
							"origin": [-0.2544, -0.60876, 9.5],
							"size": [0.50661, 1.21639, 0.00049],
							"inflate": -0.0002,
							"pivot": [-0.0002, -0.00042, 9.13437],
							"rotation": [0, 0, 45],
							"uv": {
								"south": {"uv": [104.5, 47.5], "uv_size": [1, 2]}
							}
						},
						{
							"origin": [-0.25188, -0.60906, 9.49997],
							"size": [0.5036, 1.21663, 0.00051],
							"inflate": -0.0001,
							"uv": {
								"south": {"uv": [107, 49.5], "uv_size": [1, 2]}
							}
						},
						{
							"origin": [-0.6093, -0.25266, 9.49849],
							"size": [1.21762, 0.50296, 0.002],
							"pivot": [-0.0002, -0.00042, 9.13437],
							"rotation": [0, 0, 45],
							"uv": {
								"south": {"uv": [103, 50.5], "uv_size": [2, 1]}
							}
						},
						{
							"origin": [-0.61011, -0.25083, 9.50049],
							"size": [1.21635, 0.50191, -0.002],
							"inflate": 0.0001,
							"uv": {
								"south": {"uv": [105, 51.5], "uv_size": [2, 1]}
							}
						}
					]
				}
			]
		}
	]
}