{
	"format_version": "1.12.0",
	"minecraft:geometry": [
		{
			"description": {
				"identifier": "geometry.unknown",
				"texture_width": 384,
				"texture_height": 384,
				"visible_bounds_width": 8,
				"visible_bounds_height": 3.5,
				"visible_bounds_offset": [0, 1.25, 0]
			},
			"bones": [
				{
					"name": "qk2",
					"pivot": [0, -0.86262, -0.4375],
					"cubes": [
						{
							"origin": [-0.5, -0.71599, -0.8125],
							"size": [1, 1.24448, 0.75],
							"uv": {
								"north": {"uv": [49, 270], "uv_size": [1, 1]},
								"east": {"uv": [51, 270], "uv_size": [1, 1]},
								"west": {"uv": [53, 270], "uv_size": [1, 1]},
								"up": {"uv": [87, 236], "uv_size": [1, 1]},
								"down": {"uv": [87, 247], "uv_size": [1, -1]}
							}
						},
						{
							"origin": [-0.25, 0.48578, -0.54159],
							"size": [0.5, 1.30698, 0.5],
							"pivot": [0, 1.13927, -0.29159],
							"rotation": [5, 0, 0],
							"uv": {
								"north": {"uv": [97, 224], "uv_size": [0.5, 1.5]},
								"east": {"uv": [97, 227], "uv_size": [0.5, 1.5]},
								"south": {"uv": [97, 230], "uv_size": [0.5, 1.5]},
								"west": {"uv": [97, 233], "uv_size": [0.5, 1.5]}
							}
						},
						{
							"origin": [-0.25, 1.7888, -0.45315],
							"size": [0.5, 0.75396, 0.19106],
							"pivot": [0.25, 2.54276, -0.287],
							"rotation": [12.5, 0, 0],
							"uv": {
								"north": {"uv": [95, 290], "uv_size": [0.5, 1]},
								"east": {"uv": [107, 278], "uv_size": [0.5, 1]},
								"south": {"uv": [97, 290], "uv_size": [0.5, 1]},
								"west": {"uv": [107, 280], "uv_size": [0.5, 1]}
							}
						},
						{
							"origin": [-0.25, 1.76848, -0.5976],
							"size": [0.5, 0.77967, 0.33491],
							"uv": {
								"north": {"uv": [99, 290], "uv_size": [0.5, 1]},
								"east": {"uv": [101, 290], "uv_size": [0.5, 1]},
								"south": {"uv": [103, 290], "uv_size": [0.5, 1]},
								"west": {"uv": [107, 287], "uv_size": [0.5, 1]}
							}
						},
						{
							"origin": [-0.25, 2.54815, -1.60821],
							"size": [0.5, 0.40726, 1.34552],
							"uv": {
								"east": {"uv": [97, 236], "uv_size": [1.5, 0.5]},
								"south": {"uv": [105, 325], "uv_size": [0.5, 0.5]},
								"west": {"uv": [56, 280], "uv_size": [1.5, 0.5]},
								"up": {"uv": [97, 241], "uv_size": [0.5, 1.5]},
								"down": {"uv": [97, 245.5], "uv_size": [0.5, -1.5]}
							}
						},
						{
							"origin": [0.125, 2.94203, -1.0976],
							"size": [0.125, 0.4375, 0.70991],
							"inflate": 0.0001,
							"pivot": [0.25, 2.75453, -0.26269],
							"rotation": [0, 0, 30],
							"uv": {
								"east": {"uv": [142, 292], "uv_size": [0.5, 0.5]},
								"south": {"uv": [111, 325], "uv_size": [0.5, 0.5]},
								"west": {"uv": [142, 294], "uv_size": [0.5, 0.5]},
								"up": {"uv": [113, 325], "uv_size": [0.5, 0.5]},
								"down": {"uv": [142, 296.5], "uv_size": [0.5, -0.5]}
							}
						},
						{
							"origin": [0.21875, 2.91691, -1.57509],
							"size": [0.125, 0.64769, 0.32124],
							"pivot": [0.34375, 2.91691, -1.57519],
							"rotation": [-47.5, 0, 30],
							"uv": {
								"north": {"uv": [115, 325], "uv_size": [0.5, 0.5]},
								"east": {"uv": [117, 325], "uv_size": [0.5, 0.5]},
								"south": {"uv": [9, 326], "uv_size": [0.5, 0.5]},
								"west": {"uv": [143, 192], "uv_size": [0.5, 0.5]},
								"up": {"uv": [11, 326], "uv_size": [0.5, 0.5]},
								"down": {"uv": [143, 194.5], "uv_size": [0.5, -0.5]}
							}
						},
						{
							"origin": [0.09375, 2.74728, -1.57519],
							"size": [0.125, 0.20313, 1.3125],
							"inflate": 0.0001,
							"pivot": [0.21875, 2.70041, -0.26269],
							"rotation": [0, 0, 30],
							"uv": {
								"east": {"uv": [97, 247], "uv_size": [1.5, 0.5]},
								"south": {"uv": [15, 326], "uv_size": [0.5, 0.5]},
								"west": {"uv": [97, 249], "uv_size": [1.5, 0.5]},
								"up": {"uv": [76, 280], "uv_size": [0.5, 1.5]},
								"down": {"uv": [97, 270.5], "uv_size": [0.5, -1.5]}
							}
						},
						{
							"origin": [0.21875, 2.91691, -0.38769],
							"size": [0.125, 0.45313, 0.125],
							"pivot": [0.34375, 2.91691, -0.26269],
							"rotation": [16, 0, 30],
							"uv": {
								"east": {"uv": [19, 326], "uv_size": [0.5, 0.5]},
								"south": {"uv": [143, 204], "uv_size": [0.5, 0.5]},
								"west": {"uv": [23, 326], "uv_size": [0.5, 0.5]},
								"up": {"uv": [25, 326], "uv_size": [0.5, 0.5]},
								"down": {"uv": [27, 326.5], "uv_size": [0.5, -0.5]}
							}
						},
						{
							"origin": [-0.21875, 2.74728, -1.57519],
							"size": [0.125, 0.20313, 1.3125],
							"inflate": 0.0001,
							"pivot": [-0.21875, 2.70041, -0.26269],
							"rotation": [0, 0, -30],
							"uv": {
								"east": {"uv": [97, 264], "uv_size": [1.5, 0.5]},
								"south": {"uv": [31, 326], "uv_size": [0.5, 0.5]},
								"west": {"uv": [97, 272], "uv_size": [1.5, 0.5]},
								"up": {"uv": [97, 279], "uv_size": [0.5, 1.5]},
								"down": {"uv": [16, 282.5], "uv_size": [0.5, -1.5]}
							}
						},
						{
							"origin": [-0.25, 2.94203, -1.0976],
							"size": [0.125, 0.4375, 0.70991],
							"inflate": 0.0001,
							"pivot": [-0.25, 2.75453, -0.26269],
							"rotation": [0, 0, -30],
							"uv": {
								"east": {"uv": [143, 214], "uv_size": [0.5, 0.5]},
								"south": {"uv": [143, 216], "uv_size": [0.5, 0.5]},
								"west": {"uv": [143, 218], "uv_size": [0.5, 0.5]},
								"up": {"uv": [143, 220], "uv_size": [0.5, 0.5]},
								"down": {"uv": [143, 222.5], "uv_size": [0.5, -0.5]}
							}
						},
						{
							"origin": [-0.34375, 2.91691, -0.38769],
							"size": [0.125, 0.45313, 0.125],
							"pivot": [-0.34375, 2.91691, -0.26269],
							"rotation": [16, 0, -30],
							"uv": {
								"east": {"uv": [143, 224], "uv_size": [0.5, 0.5]},
								"south": {"uv": [143, 226], "uv_size": [0.5, 0.5]},
								"west": {"uv": [143, 228], "uv_size": [0.5, 0.5]},
								"up": {"uv": [143, 230], "uv_size": [0.5, 0.5]},
								"down": {"uv": [143, 232.5], "uv_size": [0.5, -0.5]}
							}
						},
						{
							"origin": [-0.34375, 2.91691, -1.57509],
							"size": [0.125, 0.64769, 0.32124],
							"pivot": [-0.34375, 2.91691, -1.57519],
							"rotation": [-47.5, 0, -30],
							"uv": {
								"north": {"uv": [51, 326], "uv_size": [0.5, 0.5]},
								"east": {"uv": [53, 326], "uv_size": [0.5, 0.5]},
								"south": {"uv": [143, 236], "uv_size": [0.5, 0.5]},
								"west": {"uv": [55, 326], "uv_size": [0.5, 0.5]},
								"up": {"uv": [143, 238], "uv_size": [0.5, 0.5]},
								"down": {"uv": [57, 326.5], "uv_size": [0.5, -0.5]}
							}
						},
						{
							"origin": [-0.25, -0.60652, -2.48534],
							"size": [0.5, 3.84336, 0.51084],
							"pivot": [0, 2.15562, -2.34855],
							"rotation": [-50, 0, 0],
							"uv": {
								"north": {"uv": [69, 240], "uv_size": [0.5, 4]},
								"east": {"uv": [69, 245], "uv_size": [0.5, 4]},
								"south": {"uv": [69, 250], "uv_size": [0.5, 4]},
								"west": {"uv": [70, 196], "uv_size": [0.5, 4]},
								"up": {"uv": [143, 240], "uv_size": [0.5, 0.5]},
								"down": {"uv": [143, 242.5], "uv_size": [0.5, -0.5]}
							}
						},
						{
							"origin": [-0.5, -1.09099, -0.8125],
							"size": [1, 0.375, 0.125],
							"uv": {
								"north": {"uv": [105, 290], "uv_size": [1, 0.5]},
								"east": {"uv": [143, 248], "uv_size": [0.5, 0.5]},
								"south": {"uv": [107, 289], "uv_size": [1, 0.5]},
								"west": {"uv": [143, 250], "uv_size": [0.5, 0.5]}
							}
						},
						{
							"origin": [-0.5, -1.40349, -0.8125],
							"size": [1, 0.3125, 0.125],
							"pivot": [1.125, -1.09099, -0.8125],
							"rotation": [45, 0, 0],
							"uv": {
								"north": {"uv": [13, 291], "uv_size": [1, 0.5]},
								"east": {"uv": [143, 258], "uv_size": [0.5, 0.5]},
								"south": {"uv": [108, 196], "uv_size": [1, 0.5]},
								"west": {"uv": [81, 326], "uv_size": [0.5, 0.5]}
							}
						},
						{
							"origin": [-0.5, -1.40349, -0.1875],
							"size": [1, 0.3125, 0.125],
							"pivot": [1.125, -1.09099, -0.0625],
							"rotation": [-45, 0, 0],
							"uv": {
								"north": {"uv": [108, 198], "uv_size": [1, 0.5]},
								"east": {"uv": [143, 264], "uv_size": [0.5, 0.5]},
								"south": {"uv": [17, 291], "uv_size": [1, 0.5]},
								"west": {"uv": [143, 266], "uv_size": [0.5, 0.5]}
							}
						},
						{
							"origin": [-0.5, -0.78401, -0.8125],
							"size": [1, 0.3125, 0.125],
							"pivot": [1.125, -0.78401, -0.8125],
							"rotation": [-45, 0, 0],
							"uv": {
								"east": {"uv": [143, 272], "uv_size": [0.5, 0.5]},
								"south": {"uv": [108, 200], "uv_size": [1, 0.5]},
								"west": {"uv": [91, 326], "uv_size": [0.5, 0.5]}
							}
						},
						{
							"origin": [-0.5, -0.78401, -0.1875],
							"size": [1, 0.3125, 0.125],
							"pivot": [1.125, -0.78401, -0.0625],
							"rotation": [45, 0, 0],
							"uv": {
								"north": {"uv": [108, 202], "uv_size": [1, 0.5]},
								"east": {"uv": [143, 274], "uv_size": [0.5, 0.5]},
								"west": {"uv": [93, 326], "uv_size": [0.5, 0.5]}
							}
						},
						{
							"origin": [-0.5, -1.31196, -0.59153],
							"size": [1, 0.12343, 0.30806],
							"uv": {
								"east": {"uv": [143, 276], "uv_size": [0.5, 0.5]},
								"west": {"uv": [95, 326], "uv_size": [0.5, 0.5]},
								"up": {"uv": [21, 291], "uv_size": [1, 0.5]},
								"down": {"uv": [108, 206.5], "uv_size": [1, -0.5]}
							}
						},
						{
							"origin": [-0.5, -1.09099, -0.1875],
							"size": [1, 0.375, 0.125],
							"uv": {
								"north": {"uv": [108, 208], "uv_size": [1, 0.5]},
								"east": {"uv": [143, 278], "uv_size": [0.5, 0.5]},
								"west": {"uv": [97, 326], "uv_size": [0.5, 0.5]}
							}
						}
					]
				},
				{
					"name": "bone25",
					"parent": "qk2",
					"pivot": [0.18008, 0.841, -2.5625],
					"cubes": [
						{
							"origin": [-0.18008, 0.716, -5.10937],
							"size": [0.36016, 0.125, 2.54687],
							"pivot": [0.18008, 0.841, -2.5625],
							"rotation": [9.75, 0, 0],
							"uv": {
								"east": {"uv": [63, 261], "uv_size": [2.5, 0.5]},
								"west": {"uv": [78, 249], "uv_size": [2.5, 0.5]},
								"up": {"uv": [67, 261], "uv_size": [0.5, 2.5]},
								"down": {"uv": [76, 263.5], "uv_size": [0.5, -2.5]}
							}
						},
						{
							"origin": [0.18008, 0.716, -5.10937],
							"size": [0.1875, 0.125, 2.54687],
							"pivot": [0.36758, 0.841, -2.5625],
							"rotation": [9.77335, 4.19213, 0.67847],
							"uv": {
								"north": {"uv": [139, 302], "uv_size": [0.5, 0.5]},
								"east": {"uv": [78, 251], "uv_size": [2.5, 0.5]},
								"south": {"uv": [121, 322], "uv_size": [0.5, 0.5]},
								"west": {"uv": [78, 261], "uv_size": [2.5, 0.5]},
								"up": {"uv": [9, 262], "uv_size": [0.5, 2.5]},
								"down": {"uv": [15, 264.5], "uv_size": [0.5, -2.5]}
							}
						},
						{
							"origin": [-0.36758, 0.716, -5.10937],
							"size": [0.1875, 0.125, 2.54687],
							"pivot": [-0.36758, 0.841, -2.5625],
							"rotation": [9.77335, -4.19213, -0.67847],
							"uv": {
								"north": {"uv": [139, 304], "uv_size": [0.5, 0.5]},
								"east": {"uv": [79, 192], "uv_size": [2.5, 0.5]},
								"south": {"uv": [123, 322], "uv_size": [0.5, 0.5]},
								"west": {"uv": [17, 262], "uv_size": [2.5, 0.5]},
								"up": {"uv": [79, 211], "uv_size": [0.5, 2.5]},
								"down": {"uv": [37, 264.5], "uv_size": [0.5, -2.5]}
							}
						}
					]
				},
				{
					"name": "bone29",
					"parent": "qk2",
					"pivot": [0.18008, 0.841, -2.5625],
					"rotation": [0, 0, 45],
					"cubes": [
						{
							"origin": [0.49572, 0.84414, -5.10937],
							"size": [0.17266, 0.125, 2.54687],
							"pivot": [0.85588, 0.96914, -2.5625],
							"rotation": [9.75, 0, 0],
							"uv": {
								"north": {"uv": [139, 306], "uv_size": [0.5, 0.5]},
								"east": {"uv": [79, 226], "uv_size": [2.5, 0.5]},
								"south": {"uv": [125, 322], "uv_size": [0.5, 0.5]},
								"west": {"uv": [44, 262], "uv_size": [2.5, 0.5]},
								"up": {"uv": [39, 262], "uv_size": [0.5, 2.5]},
								"down": {"uv": [48, 264.5], "uv_size": [0.5, -2.5]}
							}
						},
						{
							"origin": [0.684, 0.41283, -5.07259],
							"size": [0.17188, 0.125, 0.54687],
							"pivot": [0.85588, 0.53783, -5.07259],
							"rotation": [10.36257, -19.69907, -3.52715],
							"uv": {
								"north": {"uv": [139, 308], "uv_size": [0.5, 0.5]},
								"east": {"uv": [127, 322], "uv_size": [0.5, 0.5]},
								"south": {"uv": [139, 310], "uv_size": [0.5, 0.5]},
								"west": {"uv": [129, 322], "uv_size": [0.5, 0.5]},
								"up": {"uv": [139, 312], "uv_size": [0.5, 0.5]},
								"down": {"uv": [131, 322.5], "uv_size": [0.5, -0.5]}
							}
						},
						{
							"origin": [0.66838, 0.84414, -5.10937],
							"size": [0.5625, 0.125, 2.54687],
							"pivot": [0.66838, 0.96914, -2.5625],
							"rotation": [6.92766, -6.87757, 44.58321],
							"uv": {
								"north": {"uv": [139, 314], "uv_size": [0.5, 0.5]},
								"east": {"uv": [79, 228], "uv_size": [2.5, 0.5]},
								"south": {"uv": [133, 322], "uv_size": [0.5, 0.5]},
								"west": {"uv": [79, 235], "uv_size": [2.5, 0.5]},
								"up": {"uv": [53, 262], "uv_size": [0.5, 2.5]},
								"down": {"uv": [69, 264.5], "uv_size": [0.5, -2.5]}
							}
						},
						{
							"origin": [0.30822, 0.84414, -5.10937],
							"size": [0.1875, 0.125, 2.54687],
							"pivot": [0.30822, 0.96914, -2.5625],
							"rotation": [9.77335, -4.19213, -0.67847],
							"uv": {
								"north": {"uv": [139, 316], "uv_size": [0.5, 0.5]},
								"east": {"uv": [80, 194], "uv_size": [2.5, 0.5]},
								"south": {"uv": [135, 322], "uv_size": [0.5, 0.5]},
								"west": {"uv": [80, 196], "uv_size": [2.5, 0.5]},
								"up": {"uv": [21, 263], "uv_size": [0.5, 2.5]},
								"down": {"uv": [23, 265.5], "uv_size": [0.5, -2.5]}
							}
						}
					]
				},
				{
					"name": "bone31",
					"parent": "qk2",
					"pivot": [-0.18008, 0.841, -2.5625],
					"rotation": [0, 0, -45],
					"cubes": [
						{
							"origin": [-0.66838, 0.84414, -5.10937],
							"size": [0.17266, 0.125, 2.54687],
							"pivot": [-0.85588, 0.96914, -2.5625],
							"rotation": [9.75, 0, 0],
							"uv": {
								"north": {"uv": [139, 318], "uv_size": [0.5, 0.5]},
								"east": {"uv": [80, 207], "uv_size": [2.5, 0.5]},
								"south": {"uv": [137, 322], "uv_size": [0.5, 0.5]},
								"west": {"uv": [80, 209], "uv_size": [2.5, 0.5]},
								"up": {"uv": [33, 263], "uv_size": [0.5, 2.5]},
								"down": {"uv": [35, 265.5], "uv_size": [0.5, -2.5]}
							}
						},
						{
							"origin": [-0.85588, 0.41283, -5.07259],
							"size": [0.17188, 0.125, 0.54687],
							"pivot": [-0.85588, 0.53783, -5.07259],
							"rotation": [10.36257, 19.69907, 3.52715],
							"uv": {
								"north": {"uv": [139, 320], "uv_size": [0.5, 0.5]},
								"east": {"uv": [139, 322], "uv_size": [0.5, 0.5]},
								"south": {"uv": [13, 323], "uv_size": [0.5, 0.5]},
								"west": {"uv": [140, 196], "uv_size": [0.5, 0.5]},
								"up": {"uv": [140, 198], "uv_size": [0.5, 0.5]},
								"down": {"uv": [17, 323.5], "uv_size": [0.5, -0.5]}
							}
						},
						{
							"origin": [-1.23088, 0.84414, -5.10937],
							"size": [0.5625, 0.125, 2.54687],
							"pivot": [-0.66838, 0.96914, -2.5625],
							"rotation": [6.92766, 6.87757, -44.58321],
							"uv": {
								"north": {"uv": [140, 200], "uv_size": [0.5, 0.5]},
								"east": {"uv": [80, 220], "uv_size": [2.5, 0.5]},
								"south": {"uv": [140, 202], "uv_size": [0.5, 0.5]},
								"west": {"uv": [80, 222], "uv_size": [2.5, 0.5]},
								"up": {"uv": [41, 263], "uv_size": [0.5, 2.5]},
								"down": {"uv": [80, 232.5], "uv_size": [0.5, -2.5]}
							}
						},
						{
							"origin": [-0.49572, 0.84414, -5.10937],
							"size": [0.1875, 0.125, 2.54687],
							"pivot": [-0.30822, 0.96914, -2.5625],
							"rotation": [9.77335, 4.19213, 0.67847],
							"uv": {
								"north": {"uv": [21, 323], "uv_size": [0.5, 0.5]},
								"east": {"uv": [80, 224], "uv_size": [2.5, 0.5]},
								"south": {"uv": [140, 206], "uv_size": [0.5, 0.5]},
								"west": {"uv": [80, 237], "uv_size": [2.5, 0.5]},
								"up": {"uv": [80, 239], "uv_size": [0.5, 2.5]},
								"down": {"uv": [57, 265.5], "uv_size": [0.5, -2.5]}
							}
						}
					]
				},
				{
					"name": "bone30",
					"parent": "qk2",
					"pivot": [0.18008, -0.9035, -2.5625],
					"rotation": [0, 0, -45],
					"cubes": [
						{
							"origin": [0.49572, -1.03164, -5.10937],
							"size": [0.17266, 0.125, 2.54687],
							"pivot": [0.85588, -1.03164, -2.5625],
							"rotation": [-9.75, 0, 0],
							"uv": {
								"north": {"uv": [140, 208], "uv_size": [0.5, 0.5]},
								"east": {"uv": [80, 243], "uv_size": [2.5, 0.5]},
								"south": {"uv": [140, 210], "uv_size": [0.5, 0.5]},
								"west": {"uv": [80, 245], "uv_size": [2.5, 0.5]},
								"up": {"uv": [59, 263], "uv_size": [0.5, 2.5]},
								"down": {"uv": [63, 265.5], "uv_size": [0.5, -2.5]}
							}
						},
						{
							"origin": [0.684, -0.60033, -5.07259],
							"size": [0.17188, 0.125, 0.54687],
							"pivot": [0.85588, -0.60033, -5.07259],
							"rotation": [-10.36257, -19.69907, 3.52715],
							"uv": {
								"north": {"uv": [29, 323], "uv_size": [0.5, 0.5]},
								"east": {"uv": [140, 212], "uv_size": [0.5, 0.5]},
								"south": {"uv": [33, 323], "uv_size": [0.5, 0.5]},
								"west": {"uv": [35, 323], "uv_size": [0.5, 0.5]},
								"up": {"uv": [37, 323], "uv_size": [0.5, 0.5]},
								"down": {"uv": [39, 323.5], "uv_size": [0.5, -0.5]}
							}
						},
						{
							"origin": [0.66838, -1.03164, -5.10937],
							"size": [0.5625, 0.125, 2.54687],
							"pivot": [0.66838, -1.03164, -2.5625],
							"rotation": [-6.92766, -6.87757, -44.58321],
							"uv": {
								"north": {"uv": [41, 323], "uv_size": [0.5, 0.5]},
								"east": {"uv": [80, 247], "uv_size": [2.5, 0.5]},
								"south": {"uv": [43, 323], "uv_size": [0.5, 0.5]},
								"west": {"uv": [80, 253], "uv_size": [2.5, 0.5]},
								"up": {"uv": [65, 263], "uv_size": [0.5, 2.5]},
								"down": {"uv": [71, 265.5], "uv_size": [0.5, -2.5]}
							}
						},
						{
							"origin": [0.30822, -1.03164, -5.10937],
							"size": [0.1875, 0.125, 2.54687],
							"pivot": [0.30822, -1.03164, -2.5625],
							"rotation": [-9.77335, -4.19213, 0.67847],
							"uv": {
								"north": {"uv": [45, 323], "uv_size": [0.5, 0.5]},
								"east": {"uv": [80, 255], "uv_size": [2.5, 0.5]},
								"south": {"uv": [47, 323], "uv_size": [0.5, 0.5]},
								"west": {"uv": [80, 259], "uv_size": [2.5, 0.5]},
								"up": {"uv": [73, 263], "uv_size": [0.5, 2.5]},
								"down": {"uv": [78, 265.5], "uv_size": [0.5, -2.5]}
							}
						}
					]
				},
				{
					"name": "bone32",
					"parent": "qk2",
					"pivot": [-0.18008, -0.9035, -2.5625],
					"rotation": [0, 0, 45],
					"cubes": [
						{
							"origin": [-0.66838, -1.03164, -5.10937],
							"size": [0.17266, 0.125, 2.54687],
							"pivot": [-0.85588, -1.03164, -2.5625],
							"rotation": [-9.75, 0, 0],
							"uv": {
								"north": {"uv": [49, 323], "uv_size": [0.5, 0.5]},
								"east": {"uv": [80, 263], "uv_size": [2.5, 0.5]},
								"south": {"uv": [140, 234], "uv_size": [0.5, 0.5]},
								"west": {"uv": [11, 264], "uv_size": [2.5, 0.5]},
								"up": {"uv": [17, 264], "uv_size": [0.5, 2.5]},
								"down": {"uv": [19, 266.5], "uv_size": [0.5, -2.5]}
							}
						},
						{
							"origin": [-0.85588, -0.60033, -5.07259],
							"size": [0.17188, 0.125, 0.54687],
							"pivot": [-0.85588, -0.60033, -5.07259],
							"rotation": [-10.36257, 19.69907, -3.52715],
							"uv": {
								"north": {"uv": [59, 323], "uv_size": [0.5, 0.5]},
								"east": {"uv": [61, 323], "uv_size": [0.5, 0.5]},
								"south": {"uv": [140, 244], "uv_size": [0.5, 0.5]},
								"west": {"uv": [63, 323], "uv_size": [0.5, 0.5]},
								"up": {"uv": [140, 246], "uv_size": [0.5, 0.5]},
								"down": {"uv": [65, 323.5], "uv_size": [0.5, -0.5]}
							}
						},
						{
							"origin": [-1.23088, -1.03164, -5.10937],
							"size": [0.5625, 0.125, 2.54687],
							"pivot": [-0.66838, -1.03164, -2.5625],
							"rotation": [-6.92766, 6.87757, 44.58321],
							"uv": {
								"north": {"uv": [67, 323], "uv_size": [0.5, 0.5]},
								"east": {"uv": [81, 204], "uv_size": [2.5, 0.5]},
								"south": {"uv": [69, 323], "uv_size": [0.5, 0.5]},
								"west": {"uv": [81, 211], "uv_size": [2.5, 0.5]},
								"up": {"uv": [29, 264], "uv_size": [0.5, 2.5]},
								"down": {"uv": [31, 266.5], "uv_size": [0.5, -2.5]}
							}
						},
						{
							"origin": [-0.49572, -1.03164, -5.10937],
							"size": [0.1875, 0.125, 2.54687],
							"pivot": [-0.30822, -1.03164, -2.5625],
							"rotation": [-9.77335, 4.19213, -0.67847],
							"uv": {
								"north": {"uv": [140, 252], "uv_size": [0.5, 0.5]},
								"east": {"uv": [81, 213], "uv_size": [2.5, 0.5]},
								"south": {"uv": [71, 323], "uv_size": [0.5, 0.5]},
								"west": {"uv": [43, 264], "uv_size": [2.5, 0.5]},
								"up": {"uv": [50, 264], "uv_size": [0.5, 2.5]},
								"down": {"uv": [55, 266.5], "uv_size": [0.5, -2.5]}
							}
						}
					]
				},
				{
					"name": "bone27",
					"parent": "qk2",
					"pivot": [0.18008, 0.841, -2.5625],
					"rotation": [0, 0, 90],
					"cubes": [
						{
							"origin": [1.00353, 1.22067, -5.10937],
							"size": [0.11016, 0.3125, 2.54687],
							"inflate": 0.0001,
							"pivot": [1.23869, 1.53317, -2.5625],
							"rotation": [9.75, 0, 0],
							"uv": {
								"north": {"uv": [140, 254], "uv_size": [0.5, 0.5]},
								"east": {"uv": [81, 257], "uv_size": [2.5, 0.5]},
								"south": {"uv": [73, 323], "uv_size": [0.5, 0.5]},
								"west": {"uv": [82, 198], "uv_size": [2.5, 0.5]},
								"up": {"uv": [82, 200], "uv_size": [0.5, 2.5]},
								"down": {"uv": [25, 267.5], "uv_size": [0.5, -2.5]}
							}
						},
						{
							"origin": [0.87853, 0.78936, -5.07259],
							"size": [0.125, 0.3125, 0.48437],
							"pivot": [0.87853, 1.10186, -5.07259],
							"rotation": [10.087, 14.77837, 2.59813],
							"uv": {
								"north": {"uv": [140, 256], "uv_size": [0.5, 0.5]},
								"east": {"uv": [75, 323], "uv_size": [0.5, 0.5]},
								"south": {"uv": [77, 323], "uv_size": [0.5, 0.5]},
								"west": {"uv": [140, 260], "uv_size": [0.5, 0.5]},
								"up": {"uv": [79, 323], "uv_size": [0.5, 0.5]},
								"down": {"uv": [140, 262.5], "uv_size": [0.5, -0.5]}
							}
						}
					]
				},
				{
					"name": "bone33",
					"parent": "qk2",
					"pivot": [-0.18008, 0.841, -2.5625],
					"rotation": [0, 0, -90],
					"cubes": [
						{
							"origin": [-1.11369, 1.22067, -5.10937],
							"size": [0.11016, 0.3125, 2.54687],
							"inflate": 0.0001,
							"pivot": [-1.23869, 1.53317, -2.5625],
							"rotation": [9.75, 0, 0],
							"uv": {
								"north": {"uv": [83, 323], "uv_size": [0.5, 0.5]},
								"east": {"uv": [82, 215], "uv_size": [2.5, 0.5]},
								"south": {"uv": [85, 323], "uv_size": [0.5, 0.5]},
								"west": {"uv": [82, 217], "uv_size": [2.5, 0.5]},
								"up": {"uv": [27, 265], "uv_size": [0.5, 2.5]},
								"down": {"uv": [82, 232.5], "uv_size": [0.5, -2.5]}
							}
						},
						{
							"origin": [-1.00353, 0.78936, -5.07259],
							"size": [0.125, 0.3125, 0.48437],
							"pivot": [-0.87853, 1.10186, -5.07259],
							"rotation": [10.087, -14.77837, -2.59813],
							"uv": {
								"north": {"uv": [140, 268], "uv_size": [0.5, 0.5]},
								"east": {"uv": [87, 323], "uv_size": [0.5, 0.5]},
								"south": {"uv": [140, 270], "uv_size": [0.5, 0.5]},
								"west": {"uv": [89, 323], "uv_size": [0.5, 0.5]},
								"up": {"uv": [140, 280], "uv_size": [0.5, 0.5]},
								"down": {"uv": [140, 282.5], "uv_size": [0.5, -0.5]}
							}
						}
					]
				},
				{
					"name": "bone28",
					"parent": "qk2",
					"pivot": [0.18008, -0.91913, -2.5625],
					"rotation": [0, 0, -90],
					"cubes": [
						{
							"origin": [0.87853, -1.17998, -5.07259],
							"size": [0.125, 0.3125, 0.48437],
							"pivot": [0.87853, -1.17998, -5.07259],
							"rotation": [-10.087, 14.77837, -2.59813],
							"uv": {
								"north": {"uv": [105, 323], "uv_size": [0.5, 0.5]},
								"east": {"uv": [140, 292], "uv_size": [0.5, 0.5]},
								"south": {"uv": [111, 323], "uv_size": [0.5, 0.5]},
								"west": {"uv": [140, 294], "uv_size": [0.5, 0.5]},
								"up": {"uv": [113, 323], "uv_size": [0.5, 0.5]},
								"down": {"uv": [140, 296.5], "uv_size": [0.5, -0.5]}
							}
						}
					]
				},
				{
					"name": "bone34",
					"parent": "qk2",
					"pivot": [-0.18008, -0.91913, -2.5625],
					"rotation": [0, 0, 90],
					"cubes": [
						{
							"origin": [-1.00353, -1.17998, -5.07259],
							"size": [0.125, 0.3125, 0.48437],
							"pivot": [-0.87853, -1.17998, -5.07259],
							"rotation": [-10.087, -14.77837, 2.59813],
							"uv": {
								"north": {"uv": [115, 323], "uv_size": [0.5, 0.5]},
								"east": {"uv": [117, 323], "uv_size": [0.5, 0.5]},
								"south": {"uv": [9, 324], "uv_size": [0.5, 0.5]},
								"west": {"uv": [141, 192], "uv_size": [0.5, 0.5]},
								"up": {"uv": [11, 324], "uv_size": [0.5, 0.5]},
								"down": {"uv": [141, 194.5], "uv_size": [0.5, -0.5]}
							}
						}
					]
				},
				{
					"name": "bone26",
					"parent": "qk2",
					"pivot": [0.18008, -0.9035, -2.5625],
					"cubes": [
						{
							"origin": [-0.18008, -0.9035, -5.10937],
							"size": [0.36016, 0.125, 2.54687],
							"pivot": [0.18008, -0.9035, -2.5625],
							"rotation": [-9.75, 0, 0],
							"uv": {
								"east": {"uv": [82, 239], "uv_size": [2.5, 0.5]},
								"west": {"uv": [82, 241], "uv_size": [2.5, 0.5]},
								"up": {"uv": [61, 265], "uv_size": [0.5, 2.5]},
								"down": {"uv": [82, 251.5], "uv_size": [0.5, -2.5]}
							}
						},
						{
							"origin": [0.18008, -0.9035, -5.10937],
							"size": [0.1875, 0.125, 2.54687],
							"pivot": [0.36758, -0.9035, -2.5625],
							"rotation": [-9.77335, 4.19213, -0.67847],
							"uv": {
								"north": {"uv": [15, 324], "uv_size": [0.5, 0.5]},
								"east": {"uv": [82, 261], "uv_size": [2.5, 0.5]},
								"south": {"uv": [19, 324], "uv_size": [0.5, 0.5]},
								"west": {"uv": [80, 265], "uv_size": [2.5, 0.5]},
								"up": {"uv": [67, 265], "uv_size": [0.5, 2.5]},
								"down": {"uv": [75, 267.5], "uv_size": [0.5, -2.5]}
							}
						},
						{
							"origin": [-0.36758, -0.9035, -5.10937],
							"size": [0.1875, 0.125, 2.54687],
							"pivot": [-0.36758, -0.9035, -2.5625],
							"rotation": [-9.77335, -4.19213, 0.67847],
							"uv": {
								"north": {"uv": [141, 204], "uv_size": [0.5, 0.5]},
								"east": {"uv": [9, 266], "uv_size": [2.5, 0.5]},
								"south": {"uv": [23, 324], "uv_size": [0.5, 0.5]},
								"west": {"uv": [83, 192], "uv_size": [2.5, 0.5]},
								"up": {"uv": [13, 266], "uv_size": [0.5, 2.5]},
								"down": {"uv": [15, 268.5], "uv_size": [0.5, -2.5]}
							}
						}
					]
				},
				{
					"name": "bone4",
					"parent": "qk2",
					"pivot": [0.3613, 0.841, -2.25],
					"rotation": [-12.5, 0, 0],
					"cubes": [
						{
							"origin": [-0.07561, 0.716, -2.25],
							"size": [0.15121, 0.125, 1.0625],
							"uv": {
								"east": {"uv": [106, 261], "uv_size": [1, 0.5]},
								"west": {"uv": [80, 289], "uv_size": [1, 0.5]},
								"up": {"uv": [106, 263], "uv_size": [0.5, 1]}
							}
						},
						{
							"origin": [-0.26311, 0.216, -2.25],
							"size": [0.52621, 0.5, 1.0625],
							"uv": {
								"east": {"uv": [85, 289], "uv_size": [1, 0.5]},
								"south": {"uv": [25, 324], "uv_size": [0.5, 0.5]},
								"west": {"uv": [87, 289], "uv_size": [1, 0.5]},
								"up": {"uv": [106, 270], "uv_size": [0.5, 1]},
								"down": {"uv": [89, 290], "uv_size": [0.5, -1]}
							}
						},
						{
							"origin": [-0.23186, 0.716, -1.1875],
							"size": [0.46371, 0.125, 0.375],
							"inflate": 0.0001,
							"uv": {
								"north": {"uv": [27, 324], "uv_size": [0.5, 0.5]},
								"east": {"uv": [31, 324], "uv_size": [0.5, 0.5]},
								"south": {"uv": [141, 214], "uv_size": [0.5, 0.5]},
								"west": {"uv": [141, 216], "uv_size": [0.5, 0.5]},
								"up": {"uv": [141, 218], "uv_size": [0.5, 0.5]},
								"down": {"uv": [141, 220.5], "uv_size": [0.5, -0.5]}
							}
						},
						{
							"origin": [0.20564, 0.716, -2.25],
							"size": [0.05746, 0.125, 1.0625],
							"uv": {
								"east": {"uv": [106, 272], "uv_size": [1, 0.5]},
								"west": {"uv": [91, 289], "uv_size": [1, 0.5]},
								"up": {"uv": [106, 283], "uv_size": [0.5, 1]}
							}
						},
						{
							"origin": [0.16784, 0.716, -1.20207],
							"size": [0.12944, 0.125, 0.35938],
							"pivot": [0, 0.7785, -1.5669],
							"rotation": [0, -5.25, 0],
							"uv": {
								"north": {"uv": [141, 222], "uv_size": [0.5, 0.5]},
								"east": {"uv": [141, 224], "uv_size": [0.5, 0.5]},
								"west": {"uv": [141, 226], "uv_size": [0.5, 0.5]},
								"up": {"uv": [141, 228], "uv_size": [0.5, 0.5]},
								"down": {"uv": [141, 230.5], "uv_size": [0.5, -0.5]}
							}
						},
						{
							"origin": [0.24596, 0.716, -2.28019],
							"size": [0.05132, 0.125, 1.07813],
							"inflate": -0.0001,
							"pivot": [0, 0.7785, -1.5669],
							"rotation": [0, -5.25, 0],
							"uv": {
								"east": {"uv": [106, 285], "uv_size": [1, 0.5]},
								"west": {"uv": [9, 290], "uv_size": [1, 0.5]},
								"up": {"uv": [107, 192], "uv_size": [0.5, 1]},
								"down": {"uv": [11, 291], "uv_size": [0.5, -1]}
							}
						},
						{
							"origin": [0.19909, 0.716, -2.28019],
							"size": [0.04688, 0.125, 0.5],
							"inflate": -0.0001,
							"pivot": [0, 0.7785, -1.5669],
							"rotation": [0, -5.25, 0],
							"uv": {
								"south": {"uv": [141, 232], "uv_size": [0.5, 0.5]},
								"up": {"uv": [51, 324], "uv_size": [0.5, 0.5]},
								"down": {"uv": [53, 324.5], "uv_size": [0.5, -0.5]}
							}
						},
						{
							"origin": [-0.29728, 0.716, -2.28019],
							"size": [0.05132, 0.125, 1.07813],
							"inflate": -0.0001,
							"pivot": [0, 0.7785, -1.5669],
							"rotation": [0, 5.25, 0],
							"uv": {
								"east": {"uv": [107, 194], "uv_size": [1, 0.5]},
								"west": {"uv": [15, 290], "uv_size": [1, 0.5]},
								"up": {"uv": [19, 290], "uv_size": [0.5, 1]},
								"down": {"uv": [107, 205], "uv_size": [0.5, -1]}
							}
						},
						{
							"origin": [-0.26311, 0.716, -2.25],
							"size": [0.05746, 0.125, 1.0625],
							"uv": {
								"east": {"uv": [23, 290], "uv_size": [1, 0.5]},
								"west": {"uv": [25, 290], "uv_size": [1, 0.5]},
								"up": {"uv": [27, 290], "uv_size": [0.5, 1]}
							}
						},
						{
							"origin": [-0.24596, 0.716, -2.28019],
							"size": [0.04688, 0.125, 0.5],
							"inflate": -0.0001,
							"pivot": [0, 0.7785, -1.5669],
							"rotation": [0, 5.25, 0],
							"uv": {
								"south": {"uv": [141, 236], "uv_size": [0.5, 0.5]},
								"up": {"uv": [55, 324], "uv_size": [0.5, 0.5]},
								"down": {"uv": [141, 238.5], "uv_size": [0.5, -0.5]}
							}
						},
						{
							"origin": [-0.29728, 0.716, -1.20207],
							"size": [0.12944, 0.125, 0.35938],
							"pivot": [0, 0.7785, -1.5669],
							"rotation": [0, 5.25, 0],
							"uv": {
								"north": {"uv": [57, 324], "uv_size": [0.5, 0.5]},
								"east": {"uv": [141, 240], "uv_size": [0.5, 0.5]},
								"west": {"uv": [141, 242], "uv_size": [0.5, 0.5]},
								"up": {"uv": [141, 248], "uv_size": [0.5, 0.5]},
								"down": {"uv": [141, 250.5], "uv_size": [0.5, -0.5]}
							}
						}
					]
				},
				{
					"name": "bone19",
					"parent": "qk2",
					"pivot": [0.57258, 0.54133, -1.53721],
					"rotation": [-12.5, 0, 45],
					"cubes": [
						{
							"origin": [0.34072, 0.32307, -2.24663],
							"size": [0.23072, 0.125, 1.0625],
							"uv": {
								"north": {"uv": [141, 258], "uv_size": [0.5, 0.5]},
								"up": {"uv": [31, 290], "uv_size": [0.5, 1]},
								"down": {"uv": [107, 215], "uv_size": [0.5, -1]}
							}
						},
						{
							"origin": [0.57144, 0.32307, -2.24663],
							"size": [0.5625, 0.125, 1.125],
							"pivot": [0.57144, 0.44807, -2.24663],
							"rotation": [0, 0, 45],
							"uv": {
								"north": {"uv": [81, 324], "uv_size": [0.5, 0.5]},
								"south": {"uv": [141, 264], "uv_size": [0.5, 0.5]},
								"west": {"uv": [107, 216], "uv_size": [1, 0.5]},
								"up": {"uv": [107, 218], "uv_size": [0.5, 1]},
								"down": {"uv": [107, 221], "uv_size": [0.5, -1]}
							}
						},
						{
							"origin": [0.34072, 0.32307, -1.18413],
							"size": [0.46371, 0.125, 0.375],
							"uv": {
								"north": {"uv": [141, 266], "uv_size": [0.5, 0.5]},
								"east": {"uv": [141, 272], "uv_size": [0.5, 0.5]},
								"south": {"uv": [91, 324], "uv_size": [0.5, 0.5]},
								"west": {"uv": [141, 274], "uv_size": [0.5, 0.5]},
								"up": {"uv": [93, 324], "uv_size": [0.5, 0.5]},
								"down": {"uv": [141, 276.5], "uv_size": [0.5, -0.5]}
							}
						},
						{
							"origin": [0.80413, 0.32307, -1.17674],
							"size": [0.13352, 0.12336, 0.36762],
							"pivot": [0.93388, 0.29231, -2.24326],
							"rotation": [0, -5.25, 0],
							"uv": {
								"north": {"uv": [95, 324], "uv_size": [0.5, 0.5]},
								"east": {"uv": [141, 278], "uv_size": [0.5, 0.5]},
								"south": {"uv": [97, 324], "uv_size": [0.5, 0.5]},
								"west": {"uv": [99, 324], "uv_size": [0.5, 0.5]},
								"up": {"uv": [101, 324], "uv_size": [0.5, 0.5]},
								"down": {"uv": [141, 284.5], "uv_size": [0.5, -0.5]}
							}
						},
						{
							"origin": [0.21462, 0.32307, -2.31274],
							"size": [0.12944, 0.125, 1.4375],
							"inflate": -0.0001,
							"pivot": [0.93388, 0.29231, -2.24326],
							"rotation": [0, 5.25, 0],
							"uv": {
								"east": {"uv": [96, 252], "uv_size": [1.5, 0.5]},
								"west": {"uv": [70, 279], "uv_size": [1.5, 0.5]},
								"up": {"uv": [54, 279], "uv_size": [0.5, 1.5]},
								"down": {"uv": [60, 280.5], "uv_size": [0.5, -1.5]}
							}
						}
					]
				},
				{
					"name": "bone24",
					"parent": "qk2",
					"pivot": [-0.57258, 0.54133, -1.53721],
					"rotation": [-12.5, 0, -45],
					"cubes": [
						{
							"origin": [-0.57144, 0.32307, -2.24663],
							"size": [0.23072, 0.125, 1.0625],
							"uv": {
								"north": {"uv": [103, 324], "uv_size": [0.5, 0.5]},
								"up": {"uv": [107, 222], "uv_size": [0.5, 1]},
								"down": {"uv": [107, 225], "uv_size": [0.5, -1]}
							}
						},
						{
							"origin": [-1.13394, 0.32307, -2.24663],
							"size": [0.5625, 0.125, 1.125],
							"pivot": [-0.57144, 0.44807, -2.24663],
							"rotation": [0, 0, -45],
							"uv": {
								"north": {"uv": [141, 286], "uv_size": [0.5, 0.5]},
								"east": {"uv": [107, 226], "uv_size": [1, 0.5]},
								"south": {"uv": [141, 288], "uv_size": [0.5, 0.5]},
								"up": {"uv": [107, 228], "uv_size": [0.5, 1]},
								"down": {"uv": [107, 231], "uv_size": [0.5, -1]}
							}
						},
						{
							"origin": [-0.80444, 0.32307, -1.18413],
							"size": [0.46371, 0.125, 0.375],
							"uv": {
								"north": {"uv": [107, 324], "uv_size": [0.5, 0.5]},
								"east": {"uv": [141, 290], "uv_size": [0.5, 0.5]},
								"south": {"uv": [109, 324], "uv_size": [0.5, 0.5]},
								"west": {"uv": [141, 298], "uv_size": [0.5, 0.5]},
								"up": {"uv": [141, 300], "uv_size": [0.5, 0.5]},
								"down": {"uv": [119, 324.5], "uv_size": [0.5, -0.5]}
							}
						},
						{
							"origin": [-0.93765, 0.32307, -1.17674],
							"size": [0.13352, 0.12336, 0.36762],
							"pivot": [-0.93388, 0.29231, -2.24326],
							"rotation": [0, 5.25, 0],
							"uv": {
								"north": {"uv": [141, 302], "uv_size": [0.5, 0.5]},
								"east": {"uv": [121, 324], "uv_size": [0.5, 0.5]},
								"south": {"uv": [141, 304], "uv_size": [0.5, 0.5]},
								"west": {"uv": [123, 324], "uv_size": [0.5, 0.5]},
								"up": {"uv": [141, 306], "uv_size": [0.5, 0.5]},
								"down": {"uv": [125, 324.5], "uv_size": [0.5, -0.5]}
							}
						},
						{
							"origin": [-0.34406, 0.32307, -2.31274],
							"size": [0.12944, 0.125, 1.4375],
							"inflate": -0.0001,
							"pivot": [-0.93388, 0.29231, -2.24326],
							"rotation": [0, -5.25, 0],
							"uv": {
								"east": {"uv": [96, 254], "uv_size": [1.5, 0.5]},
								"west": {"uv": [73, 279], "uv_size": [1.5, 0.5]},
								"up": {"uv": [96, 256], "uv_size": [0.5, 1.5]},
								"down": {"uv": [96, 260.5], "uv_size": [0.5, -1.5]}
							}
						}
					]
				},
				{
					"name": "bone23",
					"parent": "qk2",
					"pivot": [0.57258, -0.60383, -1.53721],
					"rotation": [12.5, 0, -45],
					"cubes": [
						{
							"origin": [0.34072, -0.51057, -2.24663],
							"size": [0.23072, 0.125, 1.0625],
							"uv": {
								"north": {"uv": [141, 308], "uv_size": [0.5, 0.5]},
								"up": {"uv": [107, 232], "uv_size": [0.5, 1]},
								"down": {"uv": [52, 291], "uv_size": [0.5, -1]}
							}
						},
						{
							"origin": [0.57144, -0.51057, -2.24663],
							"size": [0.5625, 0.125, 1.125],
							"pivot": [0.57144, -0.51057, -2.24663],
							"rotation": [0, 0, -45],
							"uv": {
								"north": {"uv": [127, 324], "uv_size": [0.5, 0.5]},
								"south": {"uv": [141, 310], "uv_size": [0.5, 0.5]},
								"west": {"uv": [107, 236], "uv_size": [1, 0.5]},
								"up": {"uv": [54, 290], "uv_size": [0.5, 1]},
								"down": {"uv": [107, 239], "uv_size": [0.5, -1]}
							}
						},
						{
							"origin": [0.34072, -0.51057, -1.18413],
							"size": [0.46371, 0.125, 0.375],
							"uv": {
								"north": {"uv": [129, 324], "uv_size": [0.5, 0.5]},
								"east": {"uv": [141, 312], "uv_size": [0.5, 0.5]},
								"south": {"uv": [131, 324], "uv_size": [0.5, 0.5]},
								"west": {"uv": [141, 314], "uv_size": [0.5, 0.5]},
								"up": {"uv": [133, 324], "uv_size": [0.5, 0.5]},
								"down": {"uv": [141, 316.5], "uv_size": [0.5, -0.5]}
							}
						},
						{
							"origin": [0.80413, -0.50893, -1.17674],
							"size": [0.13352, 0.12336, 0.36762],
							"pivot": [0.93388, -0.35481, -2.24326],
							"rotation": [0, -5.25, 0],
							"uv": {
								"north": {"uv": [135, 324], "uv_size": [0.5, 0.5]},
								"east": {"uv": [141, 318], "uv_size": [0.5, 0.5]},
								"south": {"uv": [137, 324], "uv_size": [0.5, 0.5]},
								"west": {"uv": [141, 320], "uv_size": [0.5, 0.5]},
								"up": {"uv": [139, 324], "uv_size": [0.5, 0.5]},
								"down": {"uv": [141, 322.5], "uv_size": [0.5, -0.5]}
							}
						},
						{
							"origin": [0.21462, -0.51057, -2.31274],
							"size": [0.12944, 0.125, 1.4375],
							"pivot": [0.93388, -0.35481, -2.24326],
							"rotation": [0, 5.25, 0],
							"uv": {
								"north": {"uv": [141, 324], "uv_size": [0.5, 0.5]},
								"east": {"uv": [96, 262], "uv_size": [1.5, 0.5]},
								"west": {"uv": [82, 279], "uv_size": [1.5, 0.5]},
								"up": {"uv": [96, 266], "uv_size": [0.5, 1.5]},
								"down": {"uv": [85, 280.5], "uv_size": [0.5, -1.5]}
							}
						}
					]
				},
				{
					"name": "bone35",
					"parent": "qk2",
					"pivot": [-0.57258, -0.60383, -1.53721],
					"rotation": [12.5, 0, 45],
					"cubes": [
						{
							"origin": [-0.57144, -0.51057, -2.24663],
							"size": [0.23072, 0.125, 1.0625],
							"uv": {
								"north": {"uv": [13, 325], "uv_size": [0.5, 0.5]},
								"up": {"uv": [56, 290], "uv_size": [0.5, 1]},
								"down": {"uv": [107, 241], "uv_size": [0.5, -1]}
							}
						},
						{
							"origin": [-1.13394, -0.51057, -2.24663],
							"size": [0.5625, 0.125, 1.125],
							"pivot": [-0.57144, -0.51057, -2.24663],
							"rotation": [0, 0, 45],
							"uv": {
								"north": {"uv": [142, 196], "uv_size": [0.5, 0.5]},
								"east": {"uv": [58, 290], "uv_size": [1, 0.5]},
								"south": {"uv": [142, 198], "uv_size": [0.5, 0.5]},
								"up": {"uv": [107, 242], "uv_size": [0.5, 1]},
								"down": {"uv": [107, 250], "uv_size": [0.5, -1]}
							}
						},
						{
							"origin": [-0.80444, -0.51057, -1.18413],
							"size": [0.46371, 0.125, 0.375],
							"uv": {
								"north": {"uv": [17, 325], "uv_size": [0.5, 0.5]},
								"east": {"uv": [142, 200], "uv_size": [0.5, 0.5]},
								"south": {"uv": [142, 202], "uv_size": [0.5, 0.5]},
								"west": {"uv": [21, 325], "uv_size": [0.5, 0.5]},
								"up": {"uv": [142, 206], "uv_size": [0.5, 0.5]},
								"down": {"uv": [142, 208.5], "uv_size": [0.5, -0.5]}
							}
						},
						{
							"origin": [-0.93765, -0.50893, -1.17674],
							"size": [0.13352, 0.12336, 0.36762],
							"pivot": [-0.93388, -0.35481, -2.24326],
							"rotation": [0, 5.25, 0],
							"uv": {
								"north": {"uv": [142, 210], "uv_size": [0.5, 0.5]},
								"east": {"uv": [29, 325], "uv_size": [0.5, 0.5]},
								"south": {"uv": [142, 212], "uv_size": [0.5, 0.5]},
								"west": {"uv": [33, 325], "uv_size": [0.5, 0.5]},
								"up": {"uv": [35, 325], "uv_size": [0.5, 0.5]},
								"down": {"uv": [37, 325.5], "uv_size": [0.5, -0.5]}
							}
						},
						{
							"origin": [-0.34406, -0.51057, -2.31274],
							"size": [0.12944, 0.125, 1.4375],
							"pivot": [-0.93388, -0.35481, -2.24326],
							"rotation": [0, -5.25, 0],
							"uv": {
								"north": {"uv": [39, 325], "uv_size": [0.5, 0.5]},
								"east": {"uv": [92, 279], "uv_size": [1.5, 0.5]},
								"west": {"uv": [96, 277], "uv_size": [1.5, 0.5]},
								"up": {"uv": [95, 279], "uv_size": [0.5, 1.5]},
								"down": {"uv": [97, 193.5], "uv_size": [0.5, -1.5]}
							}
						}
					]
				},
				{
					"name": "bone21",
					"parent": "qk2",
					"pivot": [0.80975, -0.03125, -1.53721],
					"rotation": [-12.5, 0, 90],
					"cubes": [
						{
							"origin": [0.74977, -0.49951, -2.24663],
							"size": [0.11996, 0.375, 1.0625],
							"uv": {
								"north": {"uv": [41, 325], "uv_size": [0.5, 0.5]},
								"east": {"uv": [107, 251], "uv_size": [1, 0.5]},
								"south": {"uv": [43, 325], "uv_size": [0.5, 0.5]},
								"west": {"uv": [107, 259], "uv_size": [1, 0.5]},
								"up": {"uv": [82, 290], "uv_size": [0.5, 1]},
								"down": {"uv": [107, 266], "uv_size": [0.5, -1]}
							}
						},
						{
							"origin": [0.57789, -0.31201, -1.18413],
							"size": [0.46371, 0.1875, 0.375],
							"uv": {
								"north": {"uv": [45, 325], "uv_size": [0.5, 0.5]},
								"east": {"uv": [47, 325], "uv_size": [0.5, 0.5]},
								"south": {"uv": [49, 325], "uv_size": [0.5, 0.5]},
								"west": {"uv": [142, 234], "uv_size": [0.5, 0.5]},
								"up": {"uv": [59, 325], "uv_size": [0.5, 0.5]},
								"down": {"uv": [61, 325.5], "uv_size": [0.5, -0.5]}
							}
						},
						{
							"origin": [1.13906, -0.24951, -1.17673],
							"size": [0.03168, 0.125, 0.36761],
							"pivot": [1.17105, -0.28027, -2.24326],
							"rotation": [0, -5.25, 0],
							"uv": {
								"north": {"uv": [142, 244], "uv_size": [0.5, 0.5]},
								"west": {"uv": [63, 325], "uv_size": [0.5, 0.5]},
								"up": {"uv": [142, 246], "uv_size": [0.5, 0.5]},
								"down": {"uv": [65, 325.5], "uv_size": [0.5, -0.5]}
							}
						},
						{
							"origin": [0.45179, -0.24951, -1.24285],
							"size": [0.03168, 0.125, 0.36761],
							"pivot": [1.17105, -0.28027, -2.24326],
							"rotation": [0, 5.25, 0],
							"uv": {
								"north": {"uv": [67, 325], "uv_size": [0.5, 0.5]},
								"east": {"uv": [69, 325], "uv_size": [0.5, 0.5]},
								"up": {"uv": [142, 252], "uv_size": [0.5, 0.5]},
								"down": {"uv": [71, 325.5], "uv_size": [0.5, -0.5]}
							}
						}
					]
				},
				{
					"name": "bone36",
					"parent": "qk2",
					"pivot": [-0.80975, -0.03125, -1.53721],
					"rotation": [-12.5, 0, -90],
					"cubes": [
						{
							"origin": [-0.86973, -0.49951, -2.24663],
							"size": [0.11996, 0.375, 1.0625],
							"uv": {
								"north": {"uv": [142, 254], "uv_size": [0.5, 0.5]},
								"east": {"uv": [107, 267], "uv_size": [1, 0.5]},
								"south": {"uv": [73, 325], "uv_size": [0.5, 0.5]},
								"west": {"uv": [107, 274], "uv_size": [1, 0.5]},
								"up": {"uv": [93, 290], "uv_size": [0.5, 1]},
								"down": {"uv": [107, 277], "uv_size": [0.5, -1]}
							}
						},
						{
							"origin": [-1.04161, -0.31201, -1.18413],
							"size": [0.46371, 0.1875, 0.375],
							"uv": {
								"north": {"uv": [142, 256], "uv_size": [0.5, 0.5]},
								"east": {"uv": [75, 325], "uv_size": [0.5, 0.5]},
								"south": {"uv": [77, 325], "uv_size": [0.5, 0.5]},
								"west": {"uv": [142, 260], "uv_size": [0.5, 0.5]},
								"up": {"uv": [79, 325], "uv_size": [0.5, 0.5]},
								"down": {"uv": [142, 262.5], "uv_size": [0.5, -0.5]}
							}
						},
						{
							"origin": [-1.17074, -0.24951, -1.17673],
							"size": [0.03168, 0.125, 0.36761],
							"pivot": [-1.17105, -0.28027, -2.24326],
							"rotation": [0, 5.25, 0],
							"uv": {
								"north": {"uv": [83, 325], "uv_size": [0.5, 0.5]},
								"east": {"uv": [85, 325], "uv_size": [0.5, 0.5]},
								"up": {"uv": [142, 268], "uv_size": [0.5, 0.5]},
								"down": {"uv": [87, 325.5], "uv_size": [0.5, -0.5]}
							}
						},
						{
							"origin": [-0.48347, -0.24951, -1.24285],
							"size": [0.03168, 0.125, 0.36761],
							"pivot": [-1.17105, -0.28027, -2.24326],
							"rotation": [0, -5.25, 0],
							"uv": {
								"north": {"uv": [142, 270], "uv_size": [0.5, 0.5]},
								"west": {"uv": [89, 325], "uv_size": [0.5, 0.5]},
								"up": {"uv": [142, 280], "uv_size": [0.5, 0.5]},
								"down": {"uv": [142, 282.5], "uv_size": [0.5, -0.5]}
							}
						}
					]
				},
				{
					"name": "bone8",
					"parent": "qk2",
					"pivot": [0.3613, -0.9035, -2.25],
					"rotation": [12.5, 0, 0],
					"cubes": [
						{
							"origin": [-0.23186, -0.9035, -2.25],
							"size": [0.46371, 0.125, 1.4375],
							"uv": {
								"east": {"uv": [11, 280], "uv_size": [1.5, 0.5]},
								"west": {"uv": [97, 197], "uv_size": [1.5, 0.5]},
								"up": {"uv": [14, 280], "uv_size": [0.5, 1.5]},
								"down": {"uv": [18, 281.5], "uv_size": [0.5, -1.5]}
							}
						},
						{
							"origin": [0.16784, -0.9035, -2.28019],
							"size": [0.12944, 0.125, 1.4375],
							"pivot": [0, -0.841, -1.5669],
							"rotation": [0, -5.25, 0],
							"uv": {
								"west": {"uv": [26, 280], "uv_size": [1.5, 0.5]},
								"up": {"uv": [22, 280], "uv_size": [0.5, 1.5]},
								"down": {"uv": [31, 281.5], "uv_size": [0.5, -1.5]}
							}
						},
						{
							"origin": [-0.29728, -0.9035, -2.28019],
							"size": [0.12944, 0.125, 1.4375],
							"pivot": [0, -0.841, -1.5669],
							"rotation": [0, 5.25, 0],
							"uv": {
								"east": {"uv": [97, 213], "uv_size": [1.5, 0.5]},
								"up": {"uv": [97, 219], "uv_size": [0.5, 1.5]},
								"down": {"uv": [40, 281.5], "uv_size": [0.5, -1.5]}
							}
						}
					]
				},
				{
					"name": "hjhgj",
					"parent": "qk2",
					"pivot": [8, -8, -6.75],
					"cubes": [
						{
							"origin": [-0.25888, -0.625, 0.75],
							"size": [0.51777, 1.25, 0.9375],
							"pivot": [0, 0, 1.25],
							"rotation": [0, 0, 45],
							"uv": {
								"south": {"uv": [98, 199], "uv_size": [0.5, 1.5]},
								"up": {"uv": [108, 210], "uv_size": [0.5, 1]},
								"down": {"uv": [29, 292], "uv_size": [0.5, -1]}
							}
						},
						{
							"origin": [-0.25888, -0.625, 0.75],
							"size": [0.51777, 1.25, 0.9375],
							"uv": {
								"south": {"uv": [98, 202], "uv_size": [0.5, 1.5]},
								"up": {"uv": [108, 212], "uv_size": [0.5, 1]},
								"down": {"uv": [33, 292], "uv_size": [0.5, -1]}
							}
						},
						{
							"origin": [-0.625, -0.25888, 0.75],
							"size": [1.25, 0.51777, 0.9375],
							"pivot": [0, 0, 1.25],
							"rotation": [0, 0, 45],
							"uv": {
								"east": {"uv": [35, 291], "uv_size": [1, 0.5]},
								"south": {"uv": [98, 195], "uv_size": [1.5, 0.5]},
								"west": {"uv": [37, 291], "uv_size": [1, 0.5]}
							}
						},
						{
							"origin": [-0.625, -0.25888, 0.75],
							"size": [1.25, 0.51777, 0.9375],
							"uv": {
								"east": {"uv": [39, 291], "uv_size": [1, 0.5]},
								"south": {"uv": [98, 205], "uv_size": [1.5, 0.5]},
								"west": {"uv": [41, 291], "uv_size": [1, 0.5]}
							}
						}
					]
				},
				{
					"name": "hjh2",
					"parent": "qk2",
					"pivot": [8, -8, -7.3125],
					"cubes": [
						{
							"origin": [-0.36244, -0.875, 0.4375],
							"size": [0.72487, 1.75, 0.3125],
							"pivot": [0, 0, 0.6875],
							"rotation": [0, 0, 45],
							"uv": {
								"south": {"uv": [87, 248], "uv_size": [0.5, 2]},
								"up": {"uv": [99, 326], "uv_size": [0.5, 0.5]},
								"down": {"uv": [101, 326.5], "uv_size": [0.5, -0.5]}
							}
						},
						{
							"origin": [-0.36244, -0.875, 0.4375],
							"size": [0.72487, 1.75, 0.3125],
							"uv": {
								"south": {"uv": [70, 270], "uv_size": [0.5, 2]},
								"up": {"uv": [143, 284], "uv_size": [0.5, 0.5]},
								"down": {"uv": [103, 326.5], "uv_size": [0.5, -0.5]}
							}
						},
						{
							"origin": [-0.875, -0.36244, 0.4375],
							"size": [1.75, 0.72487, 0.3125],
							"pivot": [0, 0, 0.6875],
							"rotation": [0, 0, 45],
							"uv": {
								"east": {"uv": [143, 286], "uv_size": [0.5, 0.5]},
								"south": {"uv": [87, 256], "uv_size": [2, 0.5]},
								"west": {"uv": [143, 288], "uv_size": [0.5, 0.5]}
							}
						},
						{
							"origin": [-0.875, -0.36244, 0.4375],
							"size": [1.75, 0.72487, 0.3125],
							"uv": {
								"east": {"uv": [107, 326], "uv_size": [0.5, 0.5]},
								"south": {"uv": [87, 267], "uv_size": [2, 0.5]},
								"west": {"uv": [143, 290], "uv_size": [0.5, 0.5]}
							}
						}
					]
				},
				{
					"name": "hjgkhjk",
					"parent": "qk2",
					"pivot": [8, -8, -8.3125],
					"cubes": [
						{
							"origin": [-0.46599, -1.125, -0.0625],
							"size": [0.93198, 2.25, 0.5625],
							"pivot": [0, 0, 0],
							"rotation": [0, 0, 45],
							"uv": {
								"north": {"uv": [46, 241], "uv_size": [1, 2.5]},
								"south": {"uv": [48, 241], "uv_size": [1, 2.5]},
								"up": {"uv": [43, 291], "uv_size": [1, 0.5]},
								"down": {"uv": [45, 291.5], "uv_size": [1, -0.5]}
							}
						},
						{
							"origin": [-0.46599, -1.125, -0.0625],
							"size": [0.93198, 2.25, 0.5625],
							"uv": {
								"north": {"uv": [58, 232], "uv_size": [1, 2.5]},
								"south": {"uv": [50, 241], "uv_size": [1, 2.5]},
								"up": {"uv": [47, 291], "uv_size": [1, 0.5]},
								"down": {"uv": [49, 291.5], "uv_size": [1, -0.5]}
							}
						},
						{
							"origin": [-1.125, -0.46599, -0.0625],
							"size": [2.25, 0.93198, 0.5625],
							"pivot": [0, 0, 0],
							"rotation": [0, 0, 45],
							"uv": {
								"north": {"uv": [58, 222], "uv_size": [2.5, 1]},
								"east": {"uv": [108, 234], "uv_size": [0.5, 1]},
								"south": {"uv": [58, 236], "uv_size": [2.5, 1]},
								"west": {"uv": [60, 291], "uv_size": [0.5, 1]}
							}
						},
						{
							"origin": [-1.125, -0.46599, -0.0625],
							"size": [2.25, 0.93198, 0.5625],
							"uv": {
								"north": {"uv": [9, 242], "uv_size": [2.5, 1]},
								"east": {"uv": [108, 244], "uv_size": [0.5, 1]},
								"south": {"uv": [34, 242], "uv_size": [2.5, 1]},
								"west": {"uv": [62, 291], "uv_size": [0.5, 1]}
							}
						}
					]
				},
				{
					"name": "ygjghj",
					"parent": "qk2",
					"pivot": [0, -8.03125, -8.5625],
					"cubes": [
						{
							"origin": [-0.23186, -0.591, -0.875],
							"size": [0.46371, 1.1195, 0.3125],
							"pivot": [0, -0.03125, -0.5625],
							"rotation": [0, 0, 45],
							"uv": {
								"north": {"uv": [108, 246], "uv_size": [0.5, 1]},
								"south": {"uv": [64, 291], "uv_size": [0.5, 1]},
								"up": {"uv": [109, 326], "uv_size": [0.5, 0.5]},
								"down": {"uv": [143, 298.5], "uv_size": [0.5, -0.5]}
							}
						},
						{
							"origin": [-0.23186, -0.591, -0.875],
							"size": [0.46371, 1.1195, 0.3125],
							"uv": {
								"north": {"uv": [66, 291], "uv_size": [0.5, 1]},
								"up": {"uv": [143, 300], "uv_size": [0.5, 0.5]},
								"down": {"uv": [119, 326.5], "uv_size": [0.5, -0.5]}
							}
						},
						{
							"origin": [-0.55975, -0.26311, -0.875],
							"size": [1.1195, 0.46371, 0.3125],
							"pivot": [0, -0.03125, -0.5625],
							"rotation": [0, 0, 45],
							"uv": {
								"north": {"uv": [68, 291], "uv_size": [1, 0.5]},
								"east": {"uv": [143, 302], "uv_size": [0.5, 0.5]},
								"south": {"uv": [70, 291], "uv_size": [1, 0.5]},
								"west": {"uv": [121, 326], "uv_size": [0.5, 0.5]}
							}
						},
						{
							"origin": [-0.55975, -0.26311, -0.875],
							"size": [1.1195, 0.46371, 0.3125],
							"uv": {
								"north": {"uv": [108, 253], "uv_size": [1, 0.5]},
								"east": {"uv": [143, 304], "uv_size": [0.5, 0.5]},
								"south": {"uv": [72, 291], "uv_size": [1, 0.5]},
								"west": {"uv": [123, 326], "uv_size": [0.5, 0.5]}
							}
						}
					]
				},
				{
					"name": "hjkhgj",
					"parent": "qk2",
					"pivot": [0, -8.03125, -10],
					"cubes": [
						{
							"origin": [-0.3613, -0.9035, -2.5625],
							"size": [0.7226, 1.7445, 0.3125],
							"pivot": [0, -0.03125, -2],
							"rotation": [0, 0, 45],
							"uv": {
								"north": {"uv": [98, 207], "uv_size": [0.5, 1.5]},
								"south": {"uv": [98, 210], "uv_size": [0.5, 1.5]},
								"up": {"uv": [143, 306], "uv_size": [0.5, 0.5]},
								"down": {"uv": [125, 326.5], "uv_size": [0.5, -0.5]}
							}
						},
						{
							"origin": [-0.3613, -0.9035, -2.5625],
							"size": [0.7226, 1.7445, 0.3125],
							"uv": {
								"north": {"uv": [29, 281], "uv_size": [0.5, 1.5]},
								"south": {"uv": [33, 281], "uv_size": [0.5, 1.5]},
								"up": {"uv": [143, 308], "uv_size": [0.5, 0.5]},
								"down": {"uv": [127, 326.5], "uv_size": [0.5, -0.5]}
							}
						},
						{
							"origin": [-0.87225, -0.39255, -2.5625],
							"size": [1.7445, 0.7226, 0.3125],
							"pivot": [0, -0.03125, -2],
							"rotation": [0, 0, 45],
							"uv": {
								"north": {"uv": [98, 215], "uv_size": [1.5, 0.5]},
								"east": {"uv": [143, 310], "uv_size": [0.5, 0.5]},
								"south": {"uv": [35, 281], "uv_size": [1.5, 0.5]},
								"west": {"uv": [129, 326], "uv_size": [0.5, 0.5]}
							}
						},
						{
							"origin": [-0.87225, -0.39255, -2.5625],
							"size": [1.7445, 0.7226, 0.3125],
							"uv": {
								"north": {"uv": [42, 281], "uv_size": [1.5, 0.5]},
								"east": {"uv": [143, 312], "uv_size": [0.5, 0.5]},
								"south": {"uv": [45, 281], "uv_size": [1.5, 0.5]},
								"west": {"uv": [131, 326], "uv_size": [0.5, 0.5]}
							}
						}
					]
				},
				{
					"name": "hjkhjk2",
					"parent": "qk2",
					"pivot": [8, -8.03125, -13.59375],
					"cubes": [
						{
							"origin": [-0.1864, -0.48125, -5.21875],
							"size": [0.37279, 0.9, 0.1875],
							"pivot": [0, -0.03125, -5.59375],
							"rotation": [0, 0, 45],
							"uv": {
								"north": {"uv": [108, 255], "uv_size": [0.5, 1]},
								"south": {"uv": [74, 291], "uv_size": [0.5, 1]},
								"up": {"uv": [143, 314], "uv_size": [0.5, 0.5]},
								"down": {"uv": [133, 326.5], "uv_size": [0.5, -0.5]}
							}
						},
						{
							"origin": [-0.1864, -0.48125, -5.21875],
							"size": [0.37279, 0.9, 0.1875],
							"uv": {
								"north": {"uv": [108, 257], "uv_size": [0.5, 1]},
								"south": {"uv": [76, 291], "uv_size": [0.5, 1]},
								"up": {"uv": [143, 316], "uv_size": [0.5, 0.5]},
								"down": {"uv": [135, 326.5], "uv_size": [0.5, -0.5]}
							}
						},
						{
							"origin": [-0.45, -0.21765, -5.21875],
							"size": [0.9, 0.37279, 0.1875],
							"pivot": [0, -0.03125, -5.59375],
							"rotation": [0, 0, 45],
							"uv": {
								"north": {"uv": [78, 291], "uv_size": [1, 0.5]},
								"east": {"uv": [143, 318], "uv_size": [0.5, 0.5]},
								"south": {"uv": [108, 261], "uv_size": [1, 0.5]},
								"west": {"uv": [137, 326], "uv_size": [0.5, 0.5]}
							}
						},
						{
							"origin": [-0.45, -0.21765, -5.21875],
							"size": [0.9, 0.37279, 0.1875],
							"uv": {
								"north": {"uv": [80, 291], "uv_size": [1, 0.5]},
								"east": {"uv": [143, 320], "uv_size": [0.5, 0.5]},
								"south": {"uv": [108, 263], "uv_size": [1, 0.5]},
								"west": {"uv": [139, 326], "uv_size": [0.5, 0.5]}
							}
						}
					]
				}
			]
		}
	]
}