{
	"format_version": "1.12.0",
	"minecraft:geometry": [
		{
			"description": {
				"identifier": "geometry.unknown",
				"texture_width": 64,
				"texture_height": 64,
				"visible_bounds_width": 2,
				"visible_bounds_height": 1.5,
				"visible_bounds_offset": [0, 0.25, 0]
			},
			"bones": [
				{
					"name": "qk",
					"pivot": [0, 0, 0]
				},
				{
					"name": "sdsad",
					"parent": "qk",
					"pivot": [8, -8, -8.25],
					"cubes": [
						{
							"origin": [-0.56954, -1.375, -0.25],
							"size": [1.13909, 0.2, 0.5],
							"inflate": -0.0002,
							"pivot": [0, 0, -0.25],
							"rotation": [0, 0, 45],
							"uv": {
								"north": {"uv": [33, 22], "uv_size": [1, 0.5]},
								"east": {"uv": [35, 36], "uv_size": [0.5, 0.5]},
								"south": {"uv": [33, 24], "uv_size": [1, 0.5]},
								"west": {"uv": [37, 0], "uv_size": [0.5, 0.5]},
								"up": {"uv": [31, 33], "uv_size": [1, 0.5]},
								"down": {"uv": [33, 33.5], "uv_size": [1, -0.5]}
							}
						},
						{
							"origin": [-0.56954, -1.375, -0.25],
							"size": [1.13909, 0.2, 0.5],
							"inflate": -0.0002,
							"uv": {
								"north": {"uv": [34, 4], "uv_size": [1, 0.5]},
								"east": {"uv": [37, 2], "uv_size": [0.5, 0.5]},
								"south": {"uv": [8, 34], "uv_size": [1, 0.5]},
								"west": {"uv": [37, 6], "uv_size": [0.5, 0.5]},
								"up": {"uv": [34, 15], "uv_size": [1, 0.5]},
								"down": {"uv": [34, 17.5], "uv_size": [1, -0.5]}
							}
						},
						{
							"origin": [-0.56954, 1.175, -0.25],
							"size": [1.13909, 0.2, 0.5],
							"inflate": -0.0002,
							"pivot": [0, 0, -0.25],
							"rotation": [0, 0, 45],
							"uv": {
								"north": {"uv": [34, 19], "uv_size": [1, 0.5]},
								"east": {"uv": [37, 8], "uv_size": [0.5, 0.5]},
								"south": {"uv": [21, 34], "uv_size": [1, 0.5]},
								"west": {"uv": [10, 37], "uv_size": [0.5, 0.5]},
								"up": {"uv": [23, 34], "uv_size": [1, 0.5]},
								"down": {"uv": [34, 26.5], "uv_size": [1, -0.5]}
							}
						},
						{
							"origin": [-0.56954, 1.175, -0.25],
							"size": [1.13909, 0.2, 0.5],
							"inflate": -0.0002,
							"uv": {
								"north": {"uv": [34, 28], "uv_size": [1, 0.5]},
								"east": {"uv": [37, 10], "uv_size": [0.5, 0.5]},
								"south": {"uv": [34, 30], "uv_size": [1, 0.5]},
								"west": {"uv": [37, 12], "uv_size": [0.5, 0.5]},
								"up": {"uv": [35, 0], "uv_size": [1, 0.5]},
								"down": {"uv": [35, 2.5], "uv_size": [1, -0.5]}
							}
						},
						{
							"origin": [1.175, -0.56954, -0.25],
							"size": [0.2, 1.13909, 0.5],
							"inflate": -0.0002,
							"pivot": [0, 0, -0.25],
							"rotation": [0, 0, 45],
							"uv": {
								"north": {"uv": [35, 6], "uv_size": [0.5, 1]},
								"east": {"uv": [35, 8], "uv_size": [0.5, 1]},
								"south": {"uv": [10, 35], "uv_size": [0.5, 1]},
								"west": {"uv": [35, 10], "uv_size": [0.5, 1]},
								"up": {"uv": [37, 20], "uv_size": [0.5, 0.5]},
								"down": {"uv": [37, 22.5], "uv_size": [0.5, -0.5]}
							}
						},
						{
							"origin": [1.175, -0.56954, -0.25],
							"size": [0.2, 1.13909, 0.5],
							"inflate": -0.0002,
							"uv": {
								"north": {"uv": [35, 12], "uv_size": [0.5, 1]},
								"east": {"uv": [35, 21], "uv_size": [0.5, 1]},
								"south": {"uv": [35, 23], "uv_size": [0.5, 1]},
								"west": {"uv": [25, 35], "uv_size": [0.5, 1]},
								"up": {"uv": [24, 37], "uv_size": [0.5, 0.5]},
								"down": {"uv": [26, 37.5], "uv_size": [0.5, -0.5]}
							}
						},
						{
							"origin": [-1.375, -0.56954, -0.25],
							"size": [0.2, 1.13909, 0.5],
							"inflate": -0.0002,
							"pivot": [0, 0, -0.25],
							"rotation": [0, 0, 45],
							"uv": {
								"north": {"uv": [27, 35], "uv_size": [0.5, 1]},
								"east": {"uv": [29, 35], "uv_size": [0.5, 1]},
								"south": {"uv": [31, 35], "uv_size": [0.5, 1]},
								"west": {"uv": [35, 32], "uv_size": [0.5, 1]},
								"up": {"uv": [28, 37], "uv_size": [0.5, 0.5]},
								"down": {"uv": [30, 37.5], "uv_size": [0.5, -0.5]}
							}
						},
						{
							"origin": [-1.375, -0.56954, -0.25],
							"size": [0.2, 1.13909, 0.5],
							"inflate": -0.0002,
							"uv": {
								"north": {"uv": [33, 35], "uv_size": [0.5, 1]},
								"east": {"uv": [35, 34], "uv_size": [0.5, 1]},
								"south": {"uv": [0, 36], "uv_size": [0.5, 1]},
								"west": {"uv": [2, 36], "uv_size": [0.5, 1]},
								"up": {"uv": [37, 31], "uv_size": [0.5, 0.5]},
								"down": {"uv": [32, 37.5], "uv_size": [0.5, -0.5]}
							}
						}
					]
				},
				{
					"name": "bone",
					"parent": "sdsad",
					"pivot": [-0.52665, 1.875, -3.75],
					"rotation": [-8, 0, 0],
					"cubes": [
						{
							"origin": [0.57054, 1.676, -3.749],
							"size": [0.20511, 0.19488, 3.5605],
							"inflate": 0.001,
							"pivot": [0.77665, 1.87188, -3.75],
							"rotation": [0, -3.25, 0],
							"uv": {
								"north": {"uv": [38, 24], "uv_size": [0.5, 0.5]},
								"east": {"uv": [12, 6], "uv_size": [3.5, 0.5]},
								"south": {"uv": [38, 26], "uv_size": [0.5, 0.5]},
								"west": {"uv": [12, 8], "uv_size": [3.5, 0.5]},
								"up": {"uv": [12, 12], "uv_size": [0.5, 3.5]},
								"down": {"uv": [14, 13.5], "uv_size": [0.5, -3.5]}
							}
						},
						{
							"origin": [-0.56854, 1.67087, -3.75],
							"size": [1.13709, 0.2, 3.5615],
							"uv": {
								"north": {"uv": [4, 36], "uv_size": [1, 0.5]},
								"east": {"uv": [8, 10], "uv_size": [3.5, 0.5]},
								"south": {"uv": [36, 4], "uv_size": [1, 0.5]},
								"west": {"uv": [12, 0], "uv_size": [3.5, 0.5]},
								"up": {"uv": [0, 0], "uv_size": [1, 3.5]},
								"down": {"uv": [2, 3.5], "uv_size": [1, -3.5]}
							}
						},
						{
							"origin": [-0.77565, 1.676, -3.749],
							"size": [0.20511, 0.19488, 3.5605],
							"inflate": 0.001,
							"pivot": [-0.77665, 1.87188, -3.75],
							"rotation": [0, 3.25, 0],
							"uv": {
								"north": {"uv": [20, 38], "uv_size": [0.5, 0.5]},
								"east": {"uv": [12, 2], "uv_size": [3.5, 0.5]},
								"south": {"uv": [22, 38], "uv_size": [0.5, 0.5]},
								"west": {"uv": [12, 4], "uv_size": [3.5, 0.5]},
								"up": {"uv": [8, 12], "uv_size": [0.5, 3.5]},
								"down": {"uv": [10, 15.5], "uv_size": [0.5, -3.5]}
							}
						}
					]
				},
				{
					"name": "bone7",
					"parent": "sdsad",
					"pivot": [-1.88603, -0.53125, -3.75],
					"rotation": [-8, 0, -90],
					"cubes": [
						{
							"origin": [-0.78883, -0.73025, -3.749],
							"size": [0.20511, 0.19488, 3.5605],
							"inflate": 0.001,
							"pivot": [-0.58272, -0.53437, -3.75],
							"rotation": [0, -3.25, 0],
							"uv": {
								"north": {"uv": [39, 36], "uv_size": [0.5, 0.5]},
								"east": {"uv": [26, 19], "uv_size": [3.5, 0.5]},
								"south": {"uv": [38, 39], "uv_size": [0.5, 0.5]},
								"west": {"uv": [26, 21], "uv_size": [3.5, 0.5]},
								"up": {"uv": [26, 23], "uv_size": [0.5, 3.5]},
								"down": {"uv": [11, 30.5], "uv_size": [0.5, -3.5]}
							}
						},
						{
							"origin": [-1.92792, -0.73538, -3.75],
							"size": [1.13709, 0.2, 3.5615],
							"uv": {
								"north": {"uv": [22, 36], "uv_size": [1, 0.5]},
								"east": {"uv": [27, 0], "uv_size": [3.5, 0.5]},
								"south": {"uv": [36, 25], "uv_size": [1, 0.5]},
								"west": {"uv": [27, 2], "uv_size": [3.5, 0.5]},
								"up": {"uv": [2, 10], "uv_size": [1, 3.5]},
								"down": {"uv": [4, 13.5], "uv_size": [1, -3.5]}
							}
						},
						{
							"origin": [-2.13503, -0.73025, -3.749],
							"size": [0.20511, 0.19488, 3.5605],
							"inflate": 0.001,
							"pivot": [-2.13603, -0.53437, -3.75],
							"rotation": [0, 3.25, 0],
							"uv": {
								"north": {"uv": [0, 40], "uv_size": [0.5, 0.5]},
								"east": {"uv": [21, 27], "uv_size": [3.5, 0.5]},
								"south": {"uv": [2, 40], "uv_size": [0.5, 0.5]},
								"west": {"uv": [28, 8], "uv_size": [3.5, 0.5]},
								"up": {"uv": [13, 28], "uv_size": [0.5, 3.5]},
								"down": {"uv": [15, 31.5], "uv_size": [0.5, -3.5]}
							}
						}
					]
				},
				{
					"name": "bone8",
					"parent": "sdsad",
					"pivot": [1.88603, -0.53125, -3.75],
					"rotation": [-8, 0, 90],
					"cubes": [
						{
							"origin": [0.58372, -0.73025, -3.749],
							"size": [0.20511, 0.19488, 3.5605],
							"inflate": 0.001,
							"pivot": [0.58272, -0.53437, -3.75],
							"rotation": [0, 3.25, 0],
							"uv": {
								"north": {"uv": [4, 40], "uv_size": [0.5, 0.5]},
								"east": {"uv": [28, 10], "uv_size": [3.5, 0.5]},
								"south": {"uv": [40, 4], "uv_size": [0.5, 0.5]},
								"west": {"uv": [28, 23], "uv_size": [3.5, 0.5]},
								"up": {"uv": [17, 28], "uv_size": [0.5, 3.5]},
								"down": {"uv": [19, 31.5], "uv_size": [0.5, -3.5]}
							}
						},
						{
							"origin": [0.79083, -0.73538, -3.75],
							"size": [1.13709, 0.2, 3.5615],
							"uv": {
								"north": {"uv": [36, 27], "uv_size": [1, 0.5]},
								"east": {"uv": [28, 25], "uv_size": [3.5, 0.5]},
								"south": {"uv": [36, 29], "uv_size": [1, 0.5]},
								"west": {"uv": [26, 28], "uv_size": [3.5, 0.5]},
								"up": {"uv": [10, 5], "uv_size": [1, 3.5]},
								"down": {"uv": [6, 13.5], "uv_size": [1, -3.5]}
							}
						},
						{
							"origin": [1.92992, -0.73025, -3.749],
							"size": [0.20511, 0.19488, 3.5605],
							"inflate": 0.001,
							"pivot": [2.13603, -0.53437, -3.75],
							"rotation": [0, -3.25, 0],
							"uv": {
								"north": {"uv": [6, 40], "uv_size": [0.5, 0.5]},
								"east": {"uv": [29, 4], "uv_size": [3.5, 0.5]},
								"south": {"uv": [8, 40], "uv_size": [0.5, 0.5]},
								"west": {"uv": [6, 29], "uv_size": [3.5, 0.5]},
								"up": {"uv": [21, 29], "uv_size": [0.5, 3.5]},
								"down": {"uv": [23, 32.5], "uv_size": [0.5, -3.5]}
							}
						}
					]
				},
				{
					"name": "bone3",
					"parent": "sdsad",
					"pivot": [0.77665, 1.87188, -3.75],
					"rotation": [-8, 0, 45],
					"cubes": [
						{
							"origin": [2.12163, 1.67508, -3.749],
							"size": [0.20511, 0.19488, 3.5605],
							"inflate": 0.001,
							"pivot": [2.32774, 1.87096, -3.75],
							"rotation": [0, -3.25, 0],
							"uv": {
								"north": {"uv": [39, 6], "uv_size": [0.5, 0.5]},
								"east": {"uv": [17, 6], "uv_size": [3.5, 0.5]},
								"south": {"uv": [39, 8], "uv_size": [0.5, 0.5]},
								"west": {"uv": [17, 8], "uv_size": [3.5, 0.5]},
								"up": {"uv": [11, 17], "uv_size": [0.5, 3.5]},
								"down": {"uv": [13, 20.5], "uv_size": [0.5, -3.5]}
							}
						},
						{
							"origin": [0.98255, 1.66996, -3.75],
							"size": [1.13709, 0.2, 3.5615],
							"uv": {
								"north": {"uv": [12, 36], "uv_size": [1, 0.5]},
								"east": {"uv": [15, 17], "uv_size": [3.5, 0.5]},
								"south": {"uv": [14, 36], "uv_size": [1, 0.5]},
								"west": {"uv": [18, 10], "uv_size": [3.5, 0.5]},
								"up": {"uv": [2, 5], "uv_size": [1, 3.5]},
								"down": {"uv": [4, 8.5], "uv_size": [1, -3.5]}
							}
						},
						{
							"origin": [0.77544, 1.67508, -3.749],
							"size": [0.20511, 0.19488, 3.5605],
							"inflate": 0.001,
							"pivot": [0.77444, 1.87096, -3.75],
							"rotation": [0, 3.25, 0],
							"uv": {
								"north": {"uv": [10, 39], "uv_size": [0.5, 0.5]},
								"east": {"uv": [18, 12], "uv_size": [3.5, 0.5]},
								"south": {"uv": [39, 10], "uv_size": [0.5, 0.5]},
								"west": {"uv": [0, 19], "uv_size": [3.5, 0.5]},
								"up": {"uv": [15, 19], "uv_size": [0.5, 3.5]},
								"down": {"uv": [17, 22.5], "uv_size": [0.5, -3.5]}
							}
						}
					]
				},
				{
					"name": "bone4",
					"parent": "sdsad",
					"pivot": [0.77665, -1.87188, -3.75],
					"rotation": [8, 0, -45],
					"cubes": [
						{
							"origin": [2.12163, -1.86996, -3.749],
							"size": [0.20511, 0.19488, 3.5605],
							"inflate": 0.001,
							"pivot": [2.32774, -1.87096, -3.75],
							"rotation": [0, -3.25, 0],
							"uv": {
								"north": {"uv": [39, 12], "uv_size": [0.5, 0.5]},
								"east": {"uv": [19, 14], "uv_size": [3.5, 0.5]},
								"south": {"uv": [39, 20], "uv_size": [0.5, 0.5]},
								"west": {"uv": [19, 19], "uv_size": [3.5, 0.5]},
								"up": {"uv": [5, 20], "uv_size": [0.5, 3.5]},
								"down": {"uv": [0, 24.5], "uv_size": [0.5, -3.5]}
							}
						},
						{
							"origin": [0.98255, -1.86996, -3.75],
							"size": [1.13709, 0.2, 3.5615],
							"uv": {
								"north": {"uv": [36, 14], "uv_size": [1, 0.5]},
								"east": {"uv": [20, 16], "uv_size": [3.5, 0.5]},
								"south": {"uv": [16, 36], "uv_size": [1, 0.5]},
								"west": {"uv": [19, 21], "uv_size": [3.5, 0.5]},
								"up": {"uv": [6, 0], "uv_size": [1, 3.5]},
								"down": {"uv": [6, 8.5], "uv_size": [1, -3.5]}
							}
						},
						{
							"origin": [0.77544, -1.86996, -3.749],
							"size": [0.20511, 0.19488, 3.5605],
							"inflate": 0.001,
							"pivot": [0.77444, -1.87096, -3.75],
							"rotation": [0, 3.25, 0],
							"uv": {
								"north": {"uv": [39, 22], "uv_size": [0.5, 0.5]},
								"east": {"uv": [22, 0], "uv_size": [3.5, 0.5]},
								"south": {"uv": [24, 39], "uv_size": [0.5, 0.5]},
								"west": {"uv": [22, 2], "uv_size": [3.5, 0.5]},
								"up": {"uv": [2, 21], "uv_size": [0.5, 3.5]},
								"down": {"uv": [22, 7.5], "uv_size": [0.5, -3.5]}
							}
						}
					]
				},
				{
					"name": "bone6",
					"parent": "sdsad",
					"pivot": [-0.77665, -1.87188, -3.75],
					"rotation": [8, 0, 45],
					"cubes": [
						{
							"origin": [-2.32674, -1.86996, -3.749],
							"size": [0.20511, 0.19488, 3.5605],
							"inflate": 0.001,
							"pivot": [-2.32774, -1.87096, -3.75],
							"rotation": [0, 3.25, 0],
							"uv": {
								"north": {"uv": [32, 39], "uv_size": [0.5, 0.5]},
								"east": {"uv": [24, 13], "uv_size": [3.5, 0.5]},
								"south": {"uv": [39, 32], "uv_size": [0.5, 0.5]},
								"west": {"uv": [14, 24], "uv_size": [3.5, 0.5]},
								"up": {"uv": [24, 18], "uv_size": [0.5, 3.5]},
								"down": {"uv": [4, 28.5], "uv_size": [0.5, -3.5]}
							}
						},
						{
							"origin": [-2.11963, -1.86996, -3.75],
							"size": [1.13709, 0.2, 3.5615],
							"uv": {
								"north": {"uv": [36, 18], "uv_size": [1, 0.5]},
								"east": {"uv": [25, 15], "uv_size": [3.5, 0.5]},
								"south": {"uv": [20, 36], "uv_size": [1, 0.5]},
								"west": {"uv": [21, 25], "uv_size": [3.5, 0.5]},
								"up": {"uv": [0, 10], "uv_size": [1, 3.5]},
								"down": {"uv": [10, 3.5], "uv_size": [1, -3.5]}
							}
						},
						{
							"origin": [-0.98055, -1.86996, -3.749],
							"size": [0.20511, 0.19488, 3.5605],
							"inflate": 0.001,
							"pivot": [-0.77444, -1.87096, -3.75],
							"rotation": [0, -3.25, 0],
							"uv": {
								"north": {"uv": [39, 34], "uv_size": [0.5, 0.5]},
								"east": {"uv": [14, 26], "uv_size": [3.5, 0.5]},
								"south": {"uv": [36, 39], "uv_size": [0.5, 0.5]},
								"west": {"uv": [26, 17], "uv_size": [3.5, 0.5]},
								"up": {"uv": [0, 26], "uv_size": [0.5, 3.5]},
								"down": {"uv": [2, 29.5], "uv_size": [0.5, -3.5]}
							}
						}
					]
				},
				{
					"name": "bone5",
					"parent": "sdsad",
					"pivot": [-0.77665, 1.87188, -3.75],
					"rotation": [-8, 0, -45],
					"cubes": [
						{
							"origin": [-2.32674, 1.67508, -3.749],
							"size": [0.20511, 0.19488, 3.5605],
							"inflate": 0.001,
							"pivot": [-2.32774, 1.87096, -3.75],
							"rotation": [0, 3.25, 0],
							"uv": {
								"north": {"uv": [26, 39], "uv_size": [0.5, 0.5]},
								"east": {"uv": [7, 22], "uv_size": [3.5, 0.5]},
								"south": {"uv": [28, 39], "uv_size": [0.5, 0.5]},
								"west": {"uv": [23, 9], "uv_size": [3.5, 0.5]},
								"up": {"uv": [12, 22], "uv_size": [0.5, 3.5]},
								"down": {"uv": [19, 26.5], "uv_size": [0.5, -3.5]}
							}
						},
						{
							"origin": [-2.11963, 1.66996, -3.75],
							"size": [1.13709, 0.2, 3.5615],
							"uv": {
								"north": {"uv": [36, 16], "uv_size": [1, 0.5]},
								"east": {"uv": [23, 11], "uv_size": [3.5, 0.5]},
								"south": {"uv": [18, 36], "uv_size": [1, 0.5]},
								"west": {"uv": [21, 23], "uv_size": [3.5, 0.5]},
								"up": {"uv": [8, 0], "uv_size": [1, 3.5]},
								"down": {"uv": [8, 8.5], "uv_size": [1, -3.5]}
							}
						},
						{
							"origin": [-0.98055, 1.67508, -3.749],
							"size": [0.20511, 0.19488, 3.5605],
							"inflate": 0.001,
							"pivot": [-0.77444, 1.87096, -3.75],
							"rotation": [0, -3.25, 0],
							"uv": {
								"north": {"uv": [30, 39], "uv_size": [0.5, 0.5]},
								"east": {"uv": [24, 4], "uv_size": [3.5, 0.5]},
								"south": {"uv": [39, 30], "uv_size": [0.5, 0.5]},
								"west": {"uv": [24, 6], "uv_size": [3.5, 0.5]},
								"up": {"uv": [7, 24], "uv_size": [0.5, 3.5]},
								"down": {"uv": [9, 27.5], "uv_size": [0.5, -3.5]}
							}
						}
					]
				},
				{
					"name": "bone2",
					"parent": "sdsad",
					"pivot": [-0.52665, -1.875, -3.75],
					"rotation": [8, 0, 0],
					"cubes": [
						{
							"origin": [0.57054, -1.87087, -3.749],
							"size": [0.20511, 0.19488, 3.5605],
							"inflate": 0.001,
							"pivot": [0.77665, -1.87188, -3.75],
							"rotation": [0, -3.25, 0],
							"uv": {
								"north": {"uv": [38, 28], "uv_size": [0.5, 0.5]},
								"east": {"uv": [0, 15], "uv_size": [3.5, 0.5]},
								"south": {"uv": [34, 38], "uv_size": [0.5, 0.5]},
								"west": {"uv": [14, 15], "uv_size": [3.5, 0.5]},
								"up": {"uv": [5, 15], "uv_size": [0.5, 3.5]},
								"down": {"uv": [16, 13.5], "uv_size": [0.5, -3.5]}
							}
						},
						{
							"origin": [-0.56854, -1.87087, -3.75],
							"size": [1.13709, 0.2, 3.5615],
							"uv": {
								"north": {"uv": [6, 36], "uv_size": [1, 0.5]},
								"east": {"uv": [0, 17], "uv_size": [3.5, 0.5]},
								"south": {"uv": [8, 36], "uv_size": [1, 0.5]},
								"west": {"uv": [17, 0], "uv_size": [3.5, 0.5]},
								"up": {"uv": [4, 0], "uv_size": [1, 3.5]},
								"down": {"uv": [0, 8.5], "uv_size": [1, -3.5]}
							}
						},
						{
							"origin": [-0.77565, -1.87087, -3.749],
							"size": [0.20511, 0.19488, 3.5605],
							"inflate": 0.001,
							"pivot": [-0.77665, -1.87188, -3.75],
							"rotation": [0, 3.25, 0],
							"uv": {
								"north": {"uv": [39, 0], "uv_size": [0.5, 0.5]},
								"east": {"uv": [17, 2], "uv_size": [3.5, 0.5]},
								"south": {"uv": [39, 2], "uv_size": [0.5, 0.5]},
								"west": {"uv": [17, 4], "uv_size": [3.5, 0.5]},
								"up": {"uv": [7, 17], "uv_size": [0.5, 3.5]},
								"down": {"uv": [9, 20.5], "uv_size": [0.5, -3.5]}
							}
						}
					]
				},
				{
					"name": "dvdsga",
					"parent": "qk",
					"pivot": [8, -8, -12.25],
					"cubes": [
						{
							"origin": [-0.77665, -1.875, -4.25],
							"size": [1.5533, 0.2, 0.5],
							"pivot": [0, 0, -4.25],
							"rotation": [0, 0, 45],
							"uv": {
								"north": {"uv": [29, 6], "uv_size": [1.5, 0.5]},
								"east": {"uv": [37, 33], "uv_size": [0.5, 0.5]},
								"south": {"uv": [29, 12], "uv_size": [1.5, 0.5]},
								"west": {"uv": [37, 35], "uv_size": [0.5, 0.5]},
								"up": {"uv": [30, 14], "uv_size": [1.5, 0.5]},
								"down": {"uv": [25, 30.5], "uv_size": [1.5, -0.5]}
							}
						},
						{
							"origin": [-0.77665, -1.875, -4.25],
							"size": [1.5533, 0.2, 0.5],
							"uv": {
								"north": {"uv": [28, 30], "uv_size": [1.5, 0.5]},
								"east": {"uv": [37, 37], "uv_size": [0.5, 0.5]},
								"south": {"uv": [0, 31], "uv_size": [1.5, 0.5]},
								"west": {"uv": [0, 38], "uv_size": [0.5, 0.5]},
								"up": {"uv": [3, 31], "uv_size": [1.5, 0.5]},
								"down": {"uv": [6, 31.5], "uv_size": [1.5, -0.5]}
							}
						},
						{
							"origin": [-0.77665, 1.675, -4.25],
							"size": [1.5533, 0.2, 0.5],
							"pivot": [0, 0, -4.25],
							"rotation": [0, 0, 45],
							"uv": {
								"north": {"uv": [31, 16], "uv_size": [1.5, 0.5]},
								"east": {"uv": [2, 38], "uv_size": [0.5, 0.5]},
								"south": {"uv": [31, 18], "uv_size": [1.5, 0.5]},
								"west": {"uv": [4, 38], "uv_size": [0.5, 0.5]},
								"up": {"uv": [31, 20], "uv_size": [1.5, 0.5]},
								"down": {"uv": [31, 27.5], "uv_size": [1.5, -0.5]}
							}
						},
						{
							"origin": [-0.77665, 1.675, -4.25],
							"size": [1.5533, 0.2, 0.5],
							"uv": {
								"north": {"uv": [31, 29], "uv_size": [1.5, 0.5]},
								"east": {"uv": [38, 4], "uv_size": [0.5, 0.5]},
								"south": {"uv": [31, 31], "uv_size": [1.5, 0.5]},
								"west": {"uv": [6, 38], "uv_size": [0.5, 0.5]},
								"up": {"uv": [32, 0], "uv_size": [1.5, 0.5]},
								"down": {"uv": [32, 2.5], "uv_size": [1.5, -0.5]}
							}
						},
						{
							"origin": [1.675, -0.77665, -4.25],
							"size": [0.2, 1.5533, 0.5],
							"pivot": [0, 0, -4.25],
							"rotation": [0, 0, 45],
							"uv": {
								"north": {"uv": [9, 31], "uv_size": [0.5, 1.5]},
								"east": {"uv": [11, 32], "uv_size": [0.5, 1.5]},
								"south": {"uv": [25, 32], "uv_size": [0.5, 1.5]},
								"west": {"uv": [27, 32], "uv_size": [0.5, 1.5]},
								"up": {"uv": [8, 38], "uv_size": [0.5, 0.5]},
								"down": {"uv": [12, 38.5], "uv_size": [0.5, -0.5]}
							}
						},
						{
							"origin": [1.675, -0.77665, -4.25],
							"size": [0.2, 1.5533, 0.5],
							"uv": {
								"north": {"uv": [29, 32], "uv_size": [0.5, 1.5]},
								"east": {"uv": [0, 33], "uv_size": [0.5, 1.5]},
								"south": {"uv": [2, 33], "uv_size": [0.5, 1.5]},
								"west": {"uv": [4, 33], "uv_size": [0.5, 1.5]},
								"up": {"uv": [14, 38], "uv_size": [0.5, 0.5]},
								"down": {"uv": [38, 14.5], "uv_size": [0.5, -0.5]}
							}
						},
						{
							"origin": [-1.875, -0.77665, -4.25],
							"size": [0.2, 1.5533, 0.5],
							"pivot": [0, 0, -4.25],
							"rotation": [0, 0, 45],
							"uv": {
								"north": {"uv": [6, 33], "uv_size": [0.5, 1.5]},
								"east": {"uv": [33, 6], "uv_size": [0.5, 1.5]},
								"south": {"uv": [33, 9], "uv_size": [0.5, 1.5]},
								"west": {"uv": [33, 12], "uv_size": [0.5, 1.5]},
								"up": {"uv": [16, 38], "uv_size": [0.5, 0.5]},
								"down": {"uv": [38, 16.5], "uv_size": [0.5, -0.5]}
							}
						},
						{
							"origin": [-1.875, -0.77665, -4.25],
							"size": [0.2, 1.5533, 0.5],
							"uv": {
								"north": {"uv": [13, 33], "uv_size": [0.5, 1.5]},
								"east": {"uv": [15, 33], "uv_size": [0.5, 1.5]},
								"south": {"uv": [17, 33], "uv_size": [0.5, 1.5]},
								"west": {"uv": [19, 33], "uv_size": [0.5, 1.5]},
								"up": {"uv": [18, 38], "uv_size": [0.5, 0.5]},
								"down": {"uv": [38, 18.5], "uv_size": [0.5, -0.5]}
							}
						}
					]
				}
			]
		}
	]
}