{
	"format_version": "1.12.0",
	"minecraft:geometry": [
		{
			"description": {
				"identifier": "geometry.unknown",
				"texture_width": 128,
				"texture_height": 128,
				"visible_bounds_width": 3,
				"visible_bounds_height": 1.5,
				"visible_bounds_offset": [0, 0.25, 0]
			},
			"bones": [
				{
					"name": "laser_compact",
					"pivot": [1.125, -8.3125, 1.25]
				},
				{
					"name": "sdasdas",
					"parent": "laser_compact",
					"pivot": [5.625, -5.5625, -2.75],
					"cubes": [
						{
							"origin": [-2.77282, 0.4375, 7.75],
							"size": [0.79565, 4, 0.25],
							"inflate": -0.002,
							"pivot": [-2.375, 2.4375, 5.25],
							"rotation": [0, 0, -45],
							"uv": {
								"north": {"uv": [30, 0], "uv_size": [1, 4]},
								"east": {"uv": [40, 45], "uv_size": [0.5, 4]},
								"south": {"uv": [4, 30], "uv_size": [1, 4]},
								"west": {"uv": [8, 46], "uv_size": [0.5, 4]},
								"up": {"uv": [55, 16], "uv_size": [1, 0.5]},
								"down": {"uv": [17, 55.5], "uv_size": [1, -0.5]}
							}
						},
						{
							"origin": [-2.77282, 0.4375, 7.75],
							"size": [0.79565, 4, 0.25],
							"pivot": [-2.375, 2.4375, 5.25],
							"rotation": [0, 0, -22.5],
							"uv": {
								"north": {"uv": [30, 5], "uv_size": [1, 4]},
								"east": {"uv": [34, 46], "uv_size": [0.5, 4]},
								"south": {"uv": [6, 30], "uv_size": [1, 4]},
								"west": {"uv": [47, 6], "uv_size": [0.5, 4]},
								"up": {"uv": [55, 18], "uv_size": [1, 0.5]},
								"down": {"uv": [55, 20.5], "uv_size": [1, -0.5]}
							}
						},
						{
							"origin": [-2.77282, 0.4375, 7.75],
							"size": [0.79565, 4, 0.25],
							"inflate": 0.002,
							"uv": {
								"north": {"uv": [8, 30], "uv_size": [1, 4]},
								"east": {"uv": [47, 27], "uv_size": [0.5, 4]},
								"south": {"uv": [10, 30], "uv_size": [1, 4]},
								"west": {"uv": [47, 32], "uv_size": [0.5, 4]},
								"up": {"uv": [55, 22], "uv_size": [1, 0.5]},
								"down": {"uv": [28, 55.5], "uv_size": [1, -0.5]}
							}
						},
						{
							"origin": [-2.77282, 0.4375, 7.75],
							"size": [0.79565, 4, 0.25],
							"pivot": [-2.375, 2.4375, 5.25],
							"rotation": [0, 0, 22.5],
							"uv": {
								"north": {"uv": [30, 10], "uv_size": [1, 4]},
								"east": {"uv": [36, 47], "uv_size": [0.5, 4]},
								"south": {"uv": [12, 30], "uv_size": [1, 4]},
								"west": {"uv": [47, 37], "uv_size": [0.5, 4]},
								"up": {"uv": [33, 55], "uv_size": [1, 0.5]},
								"down": {"uv": [35, 55.5], "uv_size": [1, -0.5]}
							}
						},
						{
							"origin": [-2.77282, 0.4375, 7.75],
							"size": [0.79565, 4, 0.25],
							"inflate": -0.001,
							"pivot": [-2.375, 2.4375, 5.25],
							"rotation": [0, 0, 45],
							"uv": {
								"north": {"uv": [14, 30], "uv_size": [1, 4]},
								"east": {"uv": [38, 47], "uv_size": [0.5, 4]},
								"south": {"uv": [30, 15], "uv_size": [1, 4]},
								"west": {"uv": [42, 47], "uv_size": [0.5, 4]},
								"up": {"uv": [55, 37], "uv_size": [1, 0.5]},
								"down": {"uv": [55, 39.5], "uv_size": [1, -0.5]}
							}
						},
						{
							"origin": [-4.375, 2.03968, 7.75],
							"size": [4, 0.79565, 0.25],
							"inflate": 0.001,
							"pivot": [-2.375, 2.4375, 5.25],
							"rotation": [0, 0, -22.5],
							"uv": {
								"north": {"uv": [30, 20], "uv_size": [4, 1]},
								"east": {"uv": [55, 41], "uv_size": [0.5, 1]},
								"south": {"uv": [30, 22], "uv_size": [4, 1]},
								"west": {"uv": [55, 47], "uv_size": [0.5, 1]},
								"up": {"uv": [47, 11], "uv_size": [4, 0.5]},
								"down": {"uv": [47, 13.5], "uv_size": [4, -0.5]}
							}
						},
						{
							"origin": [-4.375, 2.03968, 7.75],
							"size": [4, 0.79565, 0.25],
							"inflate": 0.002,
							"uv": {
								"north": {"uv": [30, 24], "uv_size": [4, 1]},
								"east": {"uv": [52, 55], "uv_size": [0.5, 1]},
								"south": {"uv": [32, 0], "uv_size": [4, 1]},
								"west": {"uv": [55, 53], "uv_size": [0.5, 1]},
								"up": {"uv": [0, 48], "uv_size": [4, 0.5]},
								"down": {"uv": [14, 48.5], "uv_size": [4, -0.5]}
							}
						},
						{
							"origin": [-4.375, 2.03968, 7.75],
							"size": [4, 0.79565, 0.25],
							"inflate": -0.003,
							"pivot": [-2.375, 2.4375, 5.25],
							"rotation": [0, 0, 22.5],
							"uv": {
								"north": {"uv": [32, 2], "uv_size": [4, 1]},
								"east": {"uv": [54, 55], "uv_size": [0.5, 1]},
								"south": {"uv": [32, 4], "uv_size": [4, 1]},
								"west": {"uv": [0, 56], "uv_size": [0.5, 1]},
								"up": {"uv": [48, 15], "uv_size": [4, 0.5]},
								"down": {"uv": [48, 17.5], "uv_size": [4, -0.5]}
							}
						}
					]
				},
				{
					"name": "dvcxvbv",
					"parent": "laser_compact",
					"pivot": [5.625, -5.5625, -2.25],
					"cubes": [
						{
							"origin": [-2.77282, 0.4375, 4.25],
							"size": [0.79565, 4, 3.25],
							"pivot": [-2.375, 2.4375, 5.75],
							"rotation": [0, 0, -45],
							"uv": {
								"north": {"uv": [16, 30], "uv_size": [1, 4]},
								"east": {"uv": [0, 20], "uv_size": [3.5, 4]},
								"south": {"uv": [18, 30], "uv_size": [1, 4]},
								"west": {"uv": [20, 0], "uv_size": [3.5, 4]},
								"up": {"uv": [20, 39], "uv_size": [1, 3.5]},
								"down": {"uv": [22, 42.5], "uv_size": [1, -3.5]}
							}
						},
						{
							"origin": [-2.77282, 0.4375, 4.25],
							"size": [0.79565, 4, 3.25],
							"pivot": [-2.375, 2.4375, 5.75],
							"rotation": [0, 0, -22.5],
							"uv": {
								"north": {"uv": [32, 6], "uv_size": [1, 4]},
								"east": {"uv": [5, 20], "uv_size": [3.5, 4]},
								"south": {"uv": [32, 11], "uv_size": [1, 4]},
								"west": {"uv": [20, 5], "uv_size": [3.5, 4]},
								"up": {"uv": [10, 40], "uv_size": [1, 3.5]},
								"down": {"uv": [12, 43.5], "uv_size": [1, -3.5]}
							}
						},
						{
							"origin": [-2.77282, 0.4375, 4.25],
							"size": [0.79565, 4, 3.25],
							"uv": {
								"north": {"uv": [24, 32], "uv_size": [1, 4]},
								"east": {"uv": [10, 20], "uv_size": [3.5, 4]},
								"south": {"uv": [26, 32], "uv_size": [1, 4]},
								"west": {"uv": [20, 10], "uv_size": [3.5, 4]},
								"up": {"uv": [40, 40], "uv_size": [1, 3.5]},
								"down": {"uv": [41, 3.5], "uv_size": [1, -3.5]}
							}
						},
						{
							"origin": [-2.77282, 0.4375, 4.25],
							"size": [0.79565, 4, 3.25],
							"pivot": [-2.375, 2.4375, 5.75],
							"rotation": [0, 0, 22.5],
							"uv": {
								"north": {"uv": [28, 32], "uv_size": [1, 4]},
								"east": {"uv": [15, 20], "uv_size": [3.5, 4]},
								"south": {"uv": [30, 32], "uv_size": [1, 4]},
								"west": {"uv": [20, 15], "uv_size": [3.5, 4]},
								"up": {"uv": [41, 5], "uv_size": [1, 3.5]},
								"down": {"uv": [41, 13.5], "uv_size": [1, -3.5]}
							}
						},
						{
							"origin": [-2.77282, 0.4375, 4.25],
							"size": [0.79565, 4, 3.25],
							"pivot": [-2.375, 2.4375, 5.75],
							"rotation": [0, 0, 45],
							"uv": {
								"north": {"uv": [32, 32], "uv_size": [1, 4]},
								"east": {"uv": [20, 20], "uv_size": [3.5, 4]},
								"south": {"uv": [33, 26], "uv_size": [1, 4]},
								"west": {"uv": [0, 25], "uv_size": [3.5, 4]},
								"up": {"uv": [41, 15], "uv_size": [1, 3.5]},
								"down": {"uv": [34, 44.5], "uv_size": [1, -3.5]}
							}
						},
						{
							"origin": [-4.375, 2.03968, 4.25],
							"size": [4, 0.79565, 3.25],
							"pivot": [-2.375, 2.4375, 5.75],
							"rotation": [0, 0, -22.5],
							"uv": {
								"north": {"uv": [32, 16], "uv_size": [4, 1]},
								"east": {"uv": [0, 42], "uv_size": [3.5, 1]},
								"south": {"uv": [32, 18], "uv_size": [4, 1]},
								"west": {"uv": [5, 42], "uv_size": [3.5, 1]},
								"up": {"uv": [25, 0], "uv_size": [4, 3.5]},
								"down": {"uv": [5, 28.5], "uv_size": [4, -3.5]}
							}
						},
						{
							"origin": [-4.375, 2.03968, 4.25],
							"size": [4, 0.79565, 3.25],
							"uv": {
								"north": {"uv": [34, 6], "uv_size": [4, 1]},
								"east": {"uv": [14, 42], "uv_size": [3.5, 1]},
								"south": {"uv": [34, 8], "uv_size": [4, 1]},
								"west": {"uv": [24, 42], "uv_size": [3.5, 1]},
								"up": {"uv": [25, 5], "uv_size": [4, 3.5]},
								"down": {"uv": [10, 28.5], "uv_size": [4, -3.5]}
							}
						},
						{
							"origin": [-4.375, 2.03968, 4.25],
							"size": [4, 0.79565, 3.25],
							"pivot": [-2.375, 2.4375, 5.75],
							"rotation": [0, 0, 22.5],
							"uv": {
								"north": {"uv": [34, 10], "uv_size": [4, 1]},
								"east": {"uv": [29, 42], "uv_size": [3.5, 1]},
								"south": {"uv": [34, 12], "uv_size": [4, 1]},
								"west": {"uv": [42, 40], "uv_size": [3.5, 1]},
								"up": {"uv": [25, 10], "uv_size": [4, 3.5]},
								"down": {"uv": [15, 28.5], "uv_size": [4, -3.5]}
							}
						}
					]
				},
				{
					"name": "dfgs",
					"parent": "laser_compact",
					"pivot": [5.625, -5.5625, -2.75],
					"cubes": [
						{
							"origin": [-2.77282, 0.4375, 3.75],
							"size": [0.79565, 4, 0.375],
							"pivot": [-2.375, 2.4375, 5.25],
							"rotation": [0, 0, -45],
							"uv": {
								"north": {"uv": [20, 34], "uv_size": [1, 4]},
								"east": {"uv": [5, 48], "uv_size": [0.5, 4]},
								"south": {"uv": [22, 34], "uv_size": [1, 4]},
								"west": {"uv": [19, 48], "uv_size": [0.5, 4]},
								"up": {"uv": [56, 6], "uv_size": [1, 0.5]},
								"down": {"uv": [56, 8.5], "uv_size": [1, -0.5]}
							}
						},
						{
							"origin": [-2.77282, 0.4375, 3.75],
							"size": [0.79565, 4, 0.375],
							"pivot": [-2.375, 2.4375, 5.25],
							"rotation": [0, 0, -22.5],
							"uv": {
								"north": {"uv": [34, 31], "uv_size": [1, 4]},
								"east": {"uv": [21, 48], "uv_size": [0.5, 4]},
								"south": {"uv": [0, 35], "uv_size": [1, 4]},
								"west": {"uv": [23, 48], "uv_size": [0.5, 4]},
								"up": {"uv": [9, 56], "uv_size": [1, 0.5]},
								"down": {"uv": [56, 10.5], "uv_size": [1, -0.5]}
							}
						},
						{
							"origin": [-2.77282, 0.4375, 3.75],
							"size": [0.79565, 4, 0.375],
							"uv": {
								"north": {"uv": [2, 35], "uv_size": [1, 4]},
								"east": {"uv": [25, 48], "uv_size": [0.5, 4]},
								"south": {"uv": [4, 35], "uv_size": [1, 4]},
								"west": {"uv": [27, 48], "uv_size": [0.5, 4]},
								"up": {"uv": [19, 56], "uv_size": [1, 0.5]},
								"down": {"uv": [21, 56.5], "uv_size": [1, -0.5]}
							}
						},
						{
							"origin": [-2.77282, 0.4375, 3.75],
							"size": [0.79565, 4, 0.375],
							"pivot": [-2.375, 2.4375, 5.25],
							"rotation": [0, 0, 22.5],
							"uv": {
								"north": {"uv": [6, 35], "uv_size": [1, 4]},
								"east": {"uv": [29, 48], "uv_size": [0.5, 4]},
								"south": {"uv": [8, 35], "uv_size": [1, 4]},
								"west": {"uv": [31, 48], "uv_size": [0.5, 4]},
								"up": {"uv": [23, 56], "uv_size": [1, 0.5]},
								"down": {"uv": [56, 24.5], "uv_size": [1, -0.5]}
							}
						},
						{
							"origin": [-2.77282, 0.4375, 3.75],
							"size": [0.79565, 4, 0.375],
							"pivot": [-2.375, 2.4375, 5.25],
							"rotation": [0, 0, 45],
							"uv": {
								"north": {"uv": [10, 35], "uv_size": [1, 4]},
								"east": {"uv": [48, 42], "uv_size": [0.5, 4]},
								"south": {"uv": [12, 35], "uv_size": [1, 4]},
								"west": {"uv": [44, 48], "uv_size": [0.5, 4]},
								"up": {"uv": [25, 56], "uv_size": [1, 0.5]},
								"down": {"uv": [56, 26.5], "uv_size": [1, -0.5]}
							}
						},
						{
							"origin": [-4.375, 2.03968, 3.75],
							"size": [4, 0.79565, 0.375],
							"pivot": [-2.375, 2.4375, 5.25],
							"rotation": [0, 0, -22.5],
							"uv": {
								"north": {"uv": [34, 14], "uv_size": [4, 1]},
								"east": {"uv": [56, 28], "uv_size": [0.5, 1]},
								"south": {"uv": [14, 35], "uv_size": [4, 1]},
								"west": {"uv": [30, 56], "uv_size": [0.5, 1]},
								"up": {"uv": [46, 48], "uv_size": [4, 0.5]},
								"down": {"uv": [49, 0.5], "uv_size": [4, -0.5]}
							}
						},
						{
							"origin": [-4.375, 2.03968, 3.75],
							"size": [4, 0.79565, 0.375],
							"uv": {
								"north": {"uv": [35, 20], "uv_size": [4, 1]},
								"east": {"uv": [56, 30], "uv_size": [0.5, 1]},
								"south": {"uv": [35, 22], "uv_size": [4, 1]},
								"west": {"uv": [56, 32], "uv_size": [0.5, 1]},
								"up": {"uv": [49, 2], "uv_size": [4, 0.5]},
								"down": {"uv": [49, 4.5], "uv_size": [4, -0.5]}
							}
						},
						{
							"origin": [-4.375, 2.03968, 3.75],
							"size": [4, 0.79565, 0.375],
							"pivot": [-2.375, 2.4375, 5.25],
							"rotation": [0, 0, 22.5],
							"uv": {
								"north": {"uv": [35, 24], "uv_size": [4, 1]},
								"east": {"uv": [56, 34], "uv_size": [0.5, 1]},
								"south": {"uv": [35, 26], "uv_size": [4, 1]},
								"west": {"uv": [37, 56], "uv_size": [0.5, 1]},
								"up": {"uv": [49, 6], "uv_size": [4, 0.5]},
								"down": {"uv": [49, 8.5], "uv_size": [4, -0.5]}
							}
						}
					]
				},
				{
					"name": "dsfsad",
					"parent": "laser_compact",
					"pivot": [5.625, -5.5625, -4.75],
					"cubes": [
						{
							"origin": [-2.67337, 0.9375, 3],
							"size": [0.59674, 3, 0.75],
							"pivot": [-2.375, 2.4375, 3.25],
							"rotation": [0, 0, -45],
							"uv": {
								"north": {"uv": [49, 37], "uv_size": [0.5, 3]},
								"east": {"uv": [37, 16], "uv_size": [1, 3]},
								"south": {"uv": [0, 50], "uv_size": [0.5, 3]},
								"west": {"uv": [36, 43], "uv_size": [1, 3]},
								"up": {"uv": [39, 56], "uv_size": [0.5, 1]},
								"down": {"uv": [41, 57], "uv_size": [0.5, -1]}
							}
						},
						{
							"origin": [-2.67337, 0.9375, 3],
							"size": [0.59674, 3, 0.75],
							"pivot": [-2.375, 2.4375, 3.25],
							"rotation": [0, 0, -22.5],
							"uv": {
								"north": {"uv": [2, 50], "uv_size": [0.5, 3]},
								"east": {"uv": [38, 43], "uv_size": [1, 3]},
								"south": {"uv": [14, 50], "uv_size": [0.5, 3]},
								"west": {"uv": [14, 44], "uv_size": [1, 3]},
								"up": {"uv": [43, 56], "uv_size": [0.5, 1]},
								"down": {"uv": [45, 57], "uv_size": [0.5, -1]}
							}
						},
						{
							"origin": [-2.67337, 0.9375, 3],
							"size": [0.59674, 3, 0.75],
							"uv": {
								"north": {"uv": [16, 50], "uv_size": [0.5, 3]},
								"east": {"uv": [16, 44], "uv_size": [1, 3]},
								"south": {"uv": [40, 50], "uv_size": [0.5, 3]},
								"west": {"uv": [18, 44], "uv_size": [1, 3]},
								"up": {"uv": [47, 56], "uv_size": [0.5, 1]},
								"down": {"uv": [49, 57], "uv_size": [0.5, -1]}
							}
						},
						{
							"origin": [-2.67337, 0.9375, 3],
							"size": [0.59674, 3, 0.75],
							"pivot": [-2.375, 2.4375, 3.25],
							"rotation": [0, 0, 22.5],
							"uv": {
								"north": {"uv": [50, 41], "uv_size": [0.5, 3]},
								"east": {"uv": [20, 44], "uv_size": [1, 3]},
								"south": {"uv": [46, 50], "uv_size": [0.5, 3]},
								"west": {"uv": [22, 44], "uv_size": [1, 3]},
								"up": {"uv": [56, 55], "uv_size": [0.5, 1]},
								"down": {"uv": [57, 1], "uv_size": [0.5, -1]}
							}
						},
						{
							"origin": [-2.67337, 0.9375, 3],
							"size": [0.59674, 3, 0.75],
							"pivot": [-2.375, 2.4375, 3.25],
							"rotation": [0, 0, 45],
							"uv": {
								"north": {"uv": [48, 50], "uv_size": [0.5, 3]},
								"east": {"uv": [24, 44], "uv_size": [1, 3]},
								"south": {"uv": [50, 50], "uv_size": [0.5, 3]},
								"west": {"uv": [26, 44], "uv_size": [1, 3]},
								"up": {"uv": [57, 2], "uv_size": [0.5, 1]},
								"down": {"uv": [57, 5], "uv_size": [0.5, -1]}
							}
						},
						{
							"origin": [-3.875, 2.13913, 3],
							"size": [3, 0.59674, 0.75],
							"pivot": [-2.375, 2.4375, 3.25],
							"rotation": [0, 0, -22.5],
							"uv": {
								"north": {"uv": [50, 45], "uv_size": [3, 0.5]},
								"east": {"uv": [57, 12], "uv_size": [1, 0.5]},
								"south": {"uv": [51, 19], "uv_size": [3, 0.5]},
								"west": {"uv": [13, 57], "uv_size": [1, 0.5]},
								"up": {"uv": [28, 44], "uv_size": [3, 1]},
								"down": {"uv": [44, 43], "uv_size": [3, -1]}
							}
						},
						{
							"origin": [-3.875, 2.13913, 3],
							"size": [3, 0.59674, 0.75],
							"uv": {
								"north": {"uv": [51, 21], "uv_size": [3, 0.5]},
								"east": {"uv": [15, 57], "uv_size": [1, 0.5]},
								"south": {"uv": [51, 23], "uv_size": [3, 0.5]},
								"west": {"uv": [57, 16], "uv_size": [1, 0.5]},
								"up": {"uv": [44, 44], "uv_size": [3, 1]},
								"down": {"uv": [45, 1], "uv_size": [3, -1]}
							}
						},
						{
							"origin": [-3.875, 2.13913, 3],
							"size": [3, 0.59674, 0.75],
							"pivot": [-2.375, 2.4375, 3.25],
							"rotation": [0, 0, 22.5],
							"uv": {
								"north": {"uv": [51, 37], "uv_size": [3, 0.5]},
								"east": {"uv": [17, 57], "uv_size": [1, 0.5]},
								"south": {"uv": [51, 39], "uv_size": [3, 0.5]},
								"west": {"uv": [57, 18], "uv_size": [1, 0.5]},
								"up": {"uv": [45, 2], "uv_size": [3, 1]},
								"down": {"uv": [45, 5], "uv_size": [3, -1]}
							}
						}
					]
				},
				{
					"name": "dasfas",
					"parent": "laser_compact",
					"pivot": [5.625, -5.5625, -7.25],
					"cubes": [
						{
							"origin": [-2.9549, 1.0375, 0.25],
							"size": [1.1598, 2.8, 0.25],
							"pivot": [-2.375, 2.4375, 0.75],
							"rotation": [0, 0, 45],
							"uv": {
								"north": {"uv": [32, 44], "uv_size": [1, 3]},
								"east": {"uv": [7, 51], "uv_size": [0.5, 3]},
								"south": {"uv": [45, 6], "uv_size": [1, 3]},
								"west": {"uv": [33, 51], "uv_size": [0.5, 3]},
								"up": {"uv": [57, 20], "uv_size": [1, 0.5]},
								"down": {"uv": [57, 22.5], "uv_size": [1, -0.5]}
							}
						},
						{
							"origin": [-2.9549, 1.0375, 0.25],
							"size": [1.1598, 2.8, 0.25],
							"uv": {
								"north": {"uv": [10, 45], "uv_size": [1, 3]},
								"east": {"uv": [9, 52], "uv_size": [0.5, 3]},
								"south": {"uv": [45, 10], "uv_size": [1, 3]},
								"west": {"uv": [52, 10], "uv_size": [0.5, 3]},
								"up": {"uv": [27, 57], "uv_size": [1, 0.5]},
								"down": {"uv": [32, 57.5], "uv_size": [1, -0.5]}
							}
						},
						{
							"origin": [-3.775, 1.8576, 0.25],
							"size": [2.8, 1.1598, 0.25],
							"pivot": [-2.375, 2.4375, 0.75],
							"rotation": [0, 0, 45],
							"uv": {
								"north": {"uv": [45, 19], "uv_size": [3, 1]},
								"east": {"uv": [34, 57], "uv_size": [0.5, 1]},
								"south": {"uv": [45, 21], "uv_size": [3, 1]},
								"west": {"uv": [57, 36], "uv_size": [0.5, 1]},
								"up": {"uv": [51, 47], "uv_size": [3, 0.5]},
								"down": {"uv": [52, 25.5], "uv_size": [3, -0.5]}
							}
						},
						{
							"origin": [-3.775, 1.8576, 0.25],
							"size": [2.8, 1.1598, 0.25],
							"uv": {
								"north": {"uv": [45, 23], "uv_size": [3, 1]},
								"east": {"uv": [57, 38], "uv_size": [0.5, 1]},
								"south": {"uv": [45, 25], "uv_size": [3, 1]},
								"west": {"uv": [57, 40], "uv_size": [0.5, 1]},
								"up": {"uv": [52, 27], "uv_size": [3, 0.5]},
								"down": {"uv": [52, 29.5], "uv_size": [3, -0.5]}
							}
						}
					]
				},
				{
					"name": "asdfas",
					"parent": "laser_compact",
					"pivot": [5.625, -5.5625, -5.25],
					"cubes": [
						{
							"origin": [-2.89277, 1.1875, 0],
							"size": [1.03553, 2.5, 3.25],
							"inflate": -0.001,
							"pivot": [-2.375, 2.4375, 2.75],
							"rotation": [0, 0, 45],
							"uv": {
								"north": {"uv": [12, 45], "uv_size": [1, 2.5]},
								"east": {"uv": [25, 15], "uv_size": [3.5, 2.5]},
								"south": {"uv": [45, 27], "uv_size": [1, 2.5]},
								"west": {"uv": [25, 19], "uv_size": [3.5, 2.5]},
								"up": {"uv": [42, 42], "uv_size": [1, 3.5]},
								"down": {"uv": [43, 3.5], "uv_size": [1, -3.5]}
							}
						},
						{
							"origin": [-2.89277, 1.1875, 0],
							"size": [1.03553, 2.5, 3.25],
							"uv": {
								"north": {"uv": [45, 31], "uv_size": [1, 2.5]},
								"east": {"uv": [20, 25], "uv_size": [3.5, 2.5]},
								"south": {"uv": [45, 35], "uv_size": [1, 2.5]},
								"west": {"uv": [25, 23], "uv_size": [3.5, 2.5]},
								"up": {"uv": [43, 5], "uv_size": [1, 3.5]},
								"down": {"uv": [43, 13.5], "uv_size": [1, -3.5]}
							}
						},
						{
							"origin": [-3.625, 1.91973, 0],
							"size": [2.5, 1.03553, 3.25],
							"pivot": [-2.375, 2.4375, 2.75],
							"rotation": [0, 0, 45],
							"uv": {
								"north": {"uv": [0, 46], "uv_size": [2.5, 1]},
								"east": {"uv": [43, 15], "uv_size": [3.5, 1]},
								"south": {"uv": [4, 46], "uv_size": [2.5, 1]},
								"west": {"uv": [43, 17], "uv_size": [3.5, 1]},
								"up": {"uv": [25, 27], "uv_size": [2.5, 3.5]},
								"down": {"uv": [20, 32.5], "uv_size": [2.5, -3.5]}
							}
						},
						{
							"origin": [-3.625, 1.91973, 0],
							"size": [2.5, 1.03553, 3.25],
							"inflate": 0.001,
							"uv": {
								"north": {"uv": [28, 46], "uv_size": [2.5, 1]},
								"east": {"uv": [0, 44], "uv_size": [3.5, 1]},
								"south": {"uv": [44, 46], "uv_size": [2.5, 1]},
								"west": {"uv": [5, 44], "uv_size": [3.5, 1]},
								"up": {"uv": [29, 27], "uv_size": [2.5, 3.5]},
								"down": {"uv": [0, 33.5], "uv_size": [2.5, -3.5]}
							}
						}
					]
				},
				{
					"name": "sfdgsd",
					"parent": "laser_compact",
					"pivot": [5.625, -5.5625, 0.75],
					"cubes": [
						{
							"origin": [-2.68566, 1.6875, 8.25],
							"size": [0.62132, 1.5, 0.5],
							"inflate": -0.001,
							"pivot": [-2.375, 2.4375, 8.75],
							"rotation": [0, 0, 45],
							"uv": {
								"north": {"uv": [31, 53], "uv_size": [0.5, 1.5]},
								"east": {"uv": [44, 53], "uv_size": [0.5, 1.5]},
								"south": {"uv": [54, 6], "uv_size": [0.5, 1.5]},
								"west": {"uv": [54, 9], "uv_size": [0.5, 1.5]},
								"up": {"uv": [49, 61], "uv_size": [0.5, 0.5]},
								"down": {"uv": [61, 50.5], "uv_size": [0.5, -0.5]}
							}
						},
						{
							"origin": [-2.68566, 1.6875, 8.25],
							"size": [0.62132, 1.5, 0.5],
							"uv": {
								"north": {"uv": [13, 54], "uv_size": [0.5, 1.5]},
								"east": {"uv": [15, 54], "uv_size": [0.5, 1.5]},
								"south": {"uv": [54, 31], "uv_size": [0.5, 1.5]},
								"west": {"uv": [54, 34], "uv_size": [0.5, 1.5]},
								"up": {"uv": [51, 61], "uv_size": [0.5, 0.5]},
								"down": {"uv": [61, 52.5], "uv_size": [0.5, -0.5]}
							}
						},
						{
							"origin": [-3.125, 2.12684, 8.25],
							"size": [1.5, 0.62132, 0.5],
							"inflate": -0.002,
							"pivot": [-2.375, 2.4375, 8.75],
							"rotation": [0, 0, 45],
							"uv": {
								"north": {"uv": [54, 12], "uv_size": [1.5, 0.5]},
								"east": {"uv": [53, 61], "uv_size": [0.5, 0.5]},
								"south": {"uv": [37, 54], "uv_size": [1.5, 0.5]},
								"west": {"uv": [55, 61], "uv_size": [0.5, 0.5]},
								"up": {"uv": [40, 54], "uv_size": [1.5, 0.5]},
								"down": {"uv": [54, 43.5], "uv_size": [1.5, -0.5]}
							}
						},
						{
							"origin": [-3.125, 2.12684, 8.25],
							"size": [1.5, 0.62132, 0.5],
							"inflate": 0.001,
							"uv": {
								"north": {"uv": [54, 45], "uv_size": [1.5, 0.5]},
								"east": {"uv": [61, 56], "uv_size": [0.5, 0.5]},
								"south": {"uv": [46, 54], "uv_size": [1.5, 0.5]},
								"west": {"uv": [57, 61], "uv_size": [0.5, 0.5]},
								"up": {"uv": [49, 54], "uv_size": [1.5, 0.5]},
								"down": {"uv": [54, 49.5], "uv_size": [1.5, -0.5]}
							}
						}
					]
				},
				{
					"name": "sdfsdf",
					"parent": "laser_compact",
					"pivot": [5.625, -5.5625, -0.75],
					"cubes": [
						{
							"origin": [-2.75293, 0.5375, 4],
							"size": [0.75587, 3.8, 3.75],
							"pivot": [-2.375, 2.4375, 7.25],
							"rotation": [0, 0, -45],
							"uv": {
								"north": {"uv": [36, 28], "uv_size": [1, 4]},
								"east": {"uv": [0, 0], "uv_size": [4, 4]},
								"south": {"uv": [36, 33], "uv_size": [1, 4]},
								"west": {"uv": [0, 5], "uv_size": [4, 4]},
								"up": {"uv": [34, 36], "uv_size": [1, 4]},
								"down": {"uv": [37, 4], "uv_size": [1, -4]}
							}
						},
						{
							"origin": [-2.75293, 0.5375, 4],
							"size": [0.75587, 3.8, 3.75],
							"pivot": [-2.375, 2.4375, 7.25],
							"rotation": [0, 0, -22.5],
							"uv": {
								"north": {"uv": [14, 37], "uv_size": [1, 4]},
								"east": {"uv": [5, 0], "uv_size": [4, 4]},
								"south": {"uv": [16, 37], "uv_size": [1, 4]},
								"west": {"uv": [5, 5], "uv_size": [4, 4]},
								"up": {"uv": [18, 37], "uv_size": [1, 4]},
								"down": {"uv": [24, 41], "uv_size": [1, -4]}
							}
						},
						{
							"origin": [-2.75293, 0.5375, 4],
							"size": [0.75587, 3.8, 3.75],
							"uv": {
								"north": {"uv": [26, 37], "uv_size": [1, 4]},
								"east": {"uv": [0, 10], "uv_size": [4, 4]},
								"south": {"uv": [28, 37], "uv_size": [1, 4]},
								"west": {"uv": [10, 0], "uv_size": [4, 4]},
								"up": {"uv": [30, 37], "uv_size": [1, 4]},
								"down": {"uv": [32, 41], "uv_size": [1, -4]}
							}
						},
						{
							"origin": [-2.75293, 0.5375, 4],
							"size": [0.75587, 3.8, 3.75],
							"pivot": [-2.375, 2.4375, 7.25],
							"rotation": [0, 0, 22.5],
							"uv": {
								"north": {"uv": [38, 28], "uv_size": [1, 4]},
								"east": {"uv": [5, 10], "uv_size": [4, 4]},
								"south": {"uv": [38, 33], "uv_size": [1, 4]},
								"west": {"uv": [10, 5], "uv_size": [4, 4]},
								"up": {"uv": [36, 38], "uv_size": [1, 4]},
								"down": {"uv": [38, 42], "uv_size": [1, -4]}
							}
						},
						{
							"origin": [-2.75293, 0.5375, 4],
							"size": [0.75587, 3.8, 3.75],
							"pivot": [-2.375, 2.4375, 7.25],
							"rotation": [0, 0, 45],
							"uv": {
								"north": {"uv": [39, 0], "uv_size": [1, 4]},
								"east": {"uv": [10, 10], "uv_size": [4, 4]},
								"south": {"uv": [39, 5], "uv_size": [1, 4]},
								"west": {"uv": [0, 15], "uv_size": [4, 4]},
								"up": {"uv": [39, 10], "uv_size": [1, 4]},
								"down": {"uv": [39, 19], "uv_size": [1, -4]}
							}
						},
						{
							"origin": [-4.275, 2.05957, 4],
							"size": [3.8, 0.75587, 3.75],
							"pivot": [-2.375, 2.4375, 7.25],
							"rotation": [0, 0, -22.5],
							"uv": {
								"north": {"uv": [0, 40], "uv_size": [4, 1]},
								"east": {"uv": [5, 40], "uv_size": [4, 1]},
								"south": {"uv": [40, 20], "uv_size": [4, 1]},
								"west": {"uv": [40, 22], "uv_size": [4, 1]},
								"up": {"uv": [15, 0], "uv_size": [4, 4]},
								"down": {"uv": [5, 19], "uv_size": [4, -4]}
							}
						},
						{
							"origin": [-4.275, 2.05957, 4],
							"size": [3.8, 0.75587, 3.75],
							"uv": {
								"north": {"uv": [40, 24], "uv_size": [4, 1]},
								"east": {"uv": [40, 26], "uv_size": [4, 1]},
								"south": {"uv": [40, 28], "uv_size": [4, 1]},
								"west": {"uv": [40, 30], "uv_size": [4, 1]},
								"up": {"uv": [15, 5], "uv_size": [4, 4]},
								"down": {"uv": [10, 19], "uv_size": [4, -4]}
							}
						},
						{
							"origin": [-4.275, 2.05957, 4],
							"size": [3.8, 0.75587, 3.75],
							"pivot": [-2.375, 2.4375, 7.25],
							"rotation": [0, 0, 22.5],
							"uv": {
								"north": {"uv": [40, 32], "uv_size": [4, 1]},
								"east": {"uv": [40, 34], "uv_size": [4, 1]},
								"south": {"uv": [40, 36], "uv_size": [4, 1]},
								"west": {"uv": [40, 38], "uv_size": [4, 1]},
								"up": {"uv": [15, 10], "uv_size": [4, 4]},
								"down": {"uv": [15, 19], "uv_size": [4, -4]}
							}
						}
					]
				},
				{
					"name": "asdfa",
					"parent": "laser_compact",
					"pivot": [-3.625, 1.1875, 4.75],
					"rotation": [0, 0, -45],
					"cubes": [
						{
							"origin": [-4.625, 0.98039, 4.25],
							"size": [1, 0.41421, 1],
							"pivot": [-3.625, 1.1875, 4.75],
							"rotation": [-45, 0, 0],
							"uv": {
								"north": {"uv": [57, 42], "uv_size": [1, 0.5]},
								"east": {"uv": [57, 44], "uv_size": [1, 0.5]},
								"south": {"uv": [57, 46], "uv_size": [1, 0.5]},
								"west": {"uv": [57, 48], "uv_size": [1, 0.5]},
								"up": {"uv": [42, 52], "uv_size": [1, 1]},
								"down": {"uv": [52, 44], "uv_size": [1, -1]}
							}
						},
						{
							"origin": [-4.625, 0.98039, 4.25],
							"size": [1, 0.41421, 1],
							"uv": {
								"north": {"uv": [57, 50], "uv_size": [1, 0.5]},
								"east": {"uv": [51, 57], "uv_size": [1, 0.5]},
								"south": {"uv": [57, 52], "uv_size": [1, 0.5]},
								"west": {"uv": [53, 57], "uv_size": [1, 0.5]},
								"up": {"uv": [52, 49], "uv_size": [1, 1]},
								"down": {"uv": [52, 52], "uv_size": [1, -1]}
							}
						},
						{
							"origin": [-4.5, 0.85539, 5],
							"size": [0.25, 0.66421, 1],
							"uv": {
								"north": {"uv": [0, 62], "uv_size": [0.5, 0.5]},
								"east": {"uv": [55, 57], "uv_size": [1, 0.5]},
								"south": {"uv": [2, 62], "uv_size": [0.5, 0.5]},
								"west": {"uv": [57, 57], "uv_size": [1, 0.5]},
								"up": {"uv": [0, 58], "uv_size": [0.5, 1]},
								"down": {"uv": [2, 59], "uv_size": [0.5, -1]}
							}
						},
						{
							"origin": [-4.07613, 0.85539, 6.23104],
							"size": [0.25, 0.66421, 1],
							"uv": {
								"north": {"uv": [4, 62], "uv_size": [0.5, 0.5]},
								"east": {"uv": [4, 58], "uv_size": [1, 0.5]},
								"south": {"uv": [6, 62], "uv_size": [0.5, 0.5]},
								"west": {"uv": [6, 58], "uv_size": [1, 0.5]},
								"up": {"uv": [58, 6], "uv_size": [0.5, 1]},
								"down": {"uv": [8, 59], "uv_size": [0.5, -1]}
							}
						},
						{
							"origin": [-4.20113, 0.98039, 6.60604],
							"size": [0.125, 0.4, 0.4],
							"pivot": [-4.20113, 1.18039, 6.80604],
							"rotation": [45, 0, 0],
							"uv": {
								"north": {"uv": [62, 6], "uv_size": [0.5, 0.5]},
								"east": {"uv": [8, 62], "uv_size": [0.5, 0.5]},
								"south": {"uv": [62, 8], "uv_size": [0.5, 0.5]},
								"west": {"uv": [10, 62], "uv_size": [0.5, 0.5]},
								"up": {"uv": [62, 10], "uv_size": [0.5, 0.5]},
								"down": {"uv": [62, 14.5], "uv_size": [0.5, -0.5]}
							}
						},
						{
							"origin": [-4.5, 0.85539, 6],
							"size": [0.25, 0.66421, 0.6875],
							"pivot": [-4.5, 1.51961, 6],
							"rotation": [0, 52.5, 0],
							"uv": {
								"north": {"uv": [18, 62], "uv_size": [0.5, 0.5]},
								"east": {"uv": [20, 62], "uv_size": [0.5, 0.5]},
								"south": {"uv": [22, 62], "uv_size": [0.5, 0.5]},
								"west": {"uv": [24, 62], "uv_size": [0.5, 0.5]},
								"up": {"uv": [62, 24], "uv_size": [0.5, 0.5]},
								"down": {"uv": [62, 26.5], "uv_size": [0.5, -0.5]}
							}
						},
						{
							"origin": [-4.625, 0.6875, 4.54289],
							"size": [1, 1, 0.41421],
							"pivot": [-3.625, 1.1875, 4.75],
							"rotation": [-45, 0, 0],
							"uv": {
								"north": {"uv": [4, 53], "uv_size": [1, 1]},
								"east": {"uv": [58, 8], "uv_size": [0.5, 1]},
								"south": {"uv": [53, 14], "uv_size": [1, 1]},
								"west": {"uv": [10, 58], "uv_size": [0.5, 1]},
								"up": {"uv": [58, 10], "uv_size": [1, 0.5]},
								"down": {"uv": [58, 14.5], "uv_size": [1, -0.5]}
							}
						},
						{
							"origin": [-4.625, 0.6875, 4.54289],
							"size": [1, 1, 0.41421],
							"uv": {
								"north": {"uv": [53, 16], "uv_size": [1, 1]},
								"east": {"uv": [19, 58], "uv_size": [0.5, 1]},
								"south": {"uv": [18, 53], "uv_size": [1, 1]},
								"west": {"uv": [21, 58], "uv_size": [0.5, 1]},
								"up": {"uv": [23, 58], "uv_size": [1, 0.5]},
								"down": {"uv": [58, 24.5], "uv_size": [1, -0.5]}
							}
						}
					]
				},
				{
					"name": "dsf",
					"parent": "laser_compact",
					"pivot": [7.375, -8.01562, -8],
					"cubes": [
						{
							"origin": [-1.125, -0.11918, -0.25],
							"size": [0.875, 0.20711, 0.5],
							"pivot": [-0.625, -0.01562, 0],
							"rotation": [-45, 0, 0],
							"uv": {
								"north": {"uv": [25, 58], "uv_size": [1, 0.5]},
								"east": {"uv": [28, 62], "uv_size": [0.5, 0.5]},
								"south": {"uv": [58, 26], "uv_size": [1, 0.5]},
								"west": {"uv": [62, 28], "uv_size": [0.5, 0.5]},
								"up": {"uv": [58, 28], "uv_size": [1, 0.5]},
								"down": {"uv": [29, 58.5], "uv_size": [1, -0.5]}
							}
						},
						{
							"origin": [-1.125, -0.11918, -0.25],
							"size": [0.875, 0.20711, 0.5],
							"uv": {
								"north": {"uv": [58, 30], "uv_size": [1, 0.5]},
								"east": {"uv": [62, 30], "uv_size": [0.5, 0.5]},
								"south": {"uv": [58, 32], "uv_size": [1, 0.5]},
								"west": {"uv": [62, 32], "uv_size": [0.5, 0.5]},
								"up": {"uv": [58, 34], "uv_size": [1, 0.5]},
								"down": {"uv": [36, 58.5], "uv_size": [1, -0.5]}
							}
						},
						{
							"origin": [-2.125, -0.15662, -0.14954],
							"size": [1, 0.3, 0.3],
							"uv": {
								"north": {"uv": [38, 58], "uv_size": [1, 0.5]},
								"east": {"uv": [62, 34], "uv_size": [0.5, 0.5]},
								"south": {"uv": [40, 58], "uv_size": [1, 0.5]},
								"west": {"uv": [35, 62], "uv_size": [0.5, 0.5]},
								"up": {"uv": [42, 58], "uv_size": [1, 0.5]},
								"down": {"uv": [44, 58.5], "uv_size": [1, -0.5]}
							}
						},
						{
							"origin": [-3.25, -0.15662, -0.14954],
							"size": [1.125, 0.3, 0.3],
							"pivot": [-2.125, 0.14338, -0.14954],
							"rotation": [0, 7.5, -17.5],
							"uv": {
								"north": {"uv": [46, 58], "uv_size": [1, 0.5]},
								"east": {"uv": [37, 62], "uv_size": [0.5, 0.5]},
								"south": {"uv": [48, 58], "uv_size": [1, 0.5]},
								"west": {"uv": [39, 62], "uv_size": [0.5, 0.5]},
								"up": {"uv": [58, 54], "uv_size": [1, 0.5]},
								"down": {"uv": [59, 0.5], "uv_size": [1, -0.5]}
							}
						},
						{
							"origin": [-4.19556, -0.45475, -0.01901],
							"size": [1, 0.3, 0.3],
							"pivot": [-3.19556, -0.15475, -0.01901],
							"rotation": [-9.27664, 23.23098, -47.11359],
							"uv": {
								"north": {"uv": [59, 2], "uv_size": [1, 0.5]},
								"east": {"uv": [41, 62], "uv_size": [0.5, 0.5]},
								"south": {"uv": [59, 4], "uv_size": [1, 0.5]},
								"west": {"uv": [43, 62], "uv_size": [0.5, 0.5]},
								"up": {"uv": [12, 59], "uv_size": [1, 0.5]},
								"down": {"uv": [59, 12.5], "uv_size": [1, -0.5]}
							}
						},
						{
							"origin": [-4.82093, -1.12805, 0.37542],
							"size": [1, 0.3, 0.3],
							"pivot": [-3.82093, -0.82805, 0.37542],
							"rotation": [-17.94585, 42.07385, -60.95728],
							"uv": {
								"north": {"uv": [14, 59], "uv_size": [1, 0.5]},
								"east": {"uv": [45, 62], "uv_size": [0.5, 0.5]},
								"south": {"uv": [16, 59], "uv_size": [1, 0.5]},
								"west": {"uv": [47, 62], "uv_size": [0.5, 0.5]},
								"up": {"uv": [59, 16], "uv_size": [1, 0.5]},
								"down": {"uv": [59, 18.5], "uv_size": [1, -0.5]}
							}
						},
						{
							"origin": [-4.96455, -1.66269, 0.98174],
							"size": [1, 0.3, 0.3],
							"pivot": [-3.96455, -1.66269, 0.98174],
							"rotation": [-23.99622, 76.21017, -72.0529],
							"uv": {
								"north": {"uv": [59, 20], "uv_size": [1, 0.5]},
								"east": {"uv": [62, 54], "uv_size": [0.5, 0.5]},
								"south": {"uv": [59, 22], "uv_size": [1, 0.5]},
								"west": {"uv": [62, 58], "uv_size": [0.5, 0.5]},
								"up": {"uv": [27, 59], "uv_size": [1, 0.5]},
								"down": {"uv": [31, 59.5], "uv_size": [1, -0.5]}
							}
						},
						{
							"origin": [-5.038, -1.88946, 1.95292],
							"size": [1, 0.3, 0.3],
							"pivot": [-4.038, -1.88946, 1.95292],
							"rotation": [85.94366, 88.05791, 37.2862],
							"uv": {
								"north": {"uv": [33, 59], "uv_size": [1, 0.5]},
								"east": {"uv": [59, 62], "uv_size": [0.5, 0.5]},
								"south": {"uv": [59, 36], "uv_size": [1, 0.5]},
								"west": {"uv": [62, 60], "uv_size": [0.5, 0.5]},
								"up": {"uv": [59, 38], "uv_size": [1, 0.5]},
								"down": {"uv": [59, 40.5], "uv_size": [1, -0.5]}
							}
						},
						{
							"origin": [-5.06497, -1.86893, 2.95234],
							"size": [1, 0.3, 0.3],
							"pivot": [-4.06497, -1.86893, 2.95234],
							"rotation": [117.9744, 64.97486, 71.77284],
							"uv": {
								"north": {"uv": [59, 42], "uv_size": [1, 0.5]},
								"east": {"uv": [61, 62], "uv_size": [0.5, 0.5]},
								"south": {"uv": [59, 44], "uv_size": [1, 0.5]},
								"west": {"uv": [63, 0], "uv_size": [0.5, 0.5]},
								"up": {"uv": [59, 46], "uv_size": [1, 0.5]},
								"down": {"uv": [59, 48.5], "uv_size": [1, -0.5]}
							}
						},
						{
							"origin": [-5.19728, -1.46714, 3.85847],
							"size": [1, 0.3, 0.3],
							"pivot": [-4.19728, -1.46714, 3.85847],
							"rotation": [110.46217, 42.3956, 63.84551],
							"uv": {
								"north": {"uv": [50, 59], "uv_size": [1, 0.5]},
								"east": {"uv": [63, 2], "uv_size": [0.5, 0.5]},
								"south": {"uv": [59, 50], "uv_size": [1, 0.5]},
								"west": {"uv": [63, 4], "uv_size": [0.5, 0.5]},
								"up": {"uv": [52, 59], "uv_size": [1, 0.5]},
								"down": {"uv": [59, 52.5], "uv_size": [1, -0.5]}
							}
						},
						{
							"origin": [-5.02281, -0.80425, 4.53271],
							"size": [0.5, 0.3, 0.3],
							"pivot": [-4.52281, -0.80425, 4.53271],
							"rotation": [114.38624, 29.31786, 70.49617],
							"uv": {
								"north": {"uv": [12, 63], "uv_size": [0.5, 0.5]},
								"east": {"uv": [63, 12], "uv_size": [0.5, 0.5]},
								"south": {"uv": [14, 63], "uv_size": [0.5, 0.5]},
								"west": {"uv": [16, 63], "uv_size": [0.5, 0.5]},
								"up": {"uv": [63, 16], "uv_size": [0.5, 0.5]},
								"down": {"uv": [63, 18.5], "uv_size": [0.5, -0.5]}
							}
						},
						{
							"origin": [-4.54876, 0.08576, 4.95397],
							"size": [0.5625, 0.3, 0.3],
							"pivot": [-4.54876, 0.08576, 4.95397],
							"rotation": [127.99135, 20.01421, 103.05894],
							"uv": {
								"north": {"uv": [63, 20], "uv_size": [0.5, 0.5]},
								"east": {"uv": [63, 22], "uv_size": [0.5, 0.5]},
								"south": {"uv": [26, 63], "uv_size": [0.5, 0.5]},
								"west": {"uv": [30, 63], "uv_size": [0.5, 0.5]},
								"up": {"uv": [32, 63], "uv_size": [0.5, 0.5]},
								"down": {"uv": [63, 36.5], "uv_size": [0.5, -0.5]}
							}
						},
						{
							"origin": [-5.32086, 0.02758, 4.94824],
							"size": [0.6875, 0.3, 0.3],
							"pivot": [-4.57086, 0.02758, 4.94824],
							"rotation": [127.10938, 5.26016, 110.79276],
							"uv": {
								"north": {"uv": [63, 38], "uv_size": [0.5, 0.5]},
								"east": {"uv": [63, 40], "uv_size": [0.5, 0.5]},
								"south": {"uv": [63, 42], "uv_size": [0.5, 0.5]},
								"west": {"uv": [63, 44], "uv_size": [0.5, 0.5]},
								"up": {"uv": [63, 46], "uv_size": [0.5, 0.5]},
								"down": {"uv": [63, 48.5], "uv_size": [0.5, -0.5]}
							}
						},
						{
							"origin": [-0.25, -0.26599, -0.20668],
							"size": [0.25, 0.4875, 0.4875],
							"pivot": [-0.125, -0.05349, 0.00582],
							"rotation": [45, 0, 0],
							"uv": {
								"north": {"uv": [49, 63], "uv_size": [0.5, 0.5]},
								"east": {"uv": [63, 50], "uv_size": [0.5, 0.5]},
								"south": {"uv": [51, 63], "uv_size": [0.5, 0.5]},
								"west": {"uv": [63, 52], "uv_size": [0.5, 0.5]},
								"up": {"uv": [53, 63], "uv_size": [0.5, 0.5]},
								"down": {"uv": [55, 63.5], "uv_size": [0.5, -0.5]}
							}
						},
						{
							"origin": [-1.125, -0.26562, -0.10355],
							"size": [1, 0.5, 0.20711],
							"pivot": [-0.625, -0.01562, 0],
							"rotation": [-45, 0, 0],
							"uv": {
								"north": {"uv": [54, 59], "uv_size": [1, 0.5]},
								"east": {"uv": [63, 56], "uv_size": [0.5, 0.5]},
								"south": {"uv": [56, 59], "uv_size": [1, 0.5]},
								"west": {"uv": [57, 63], "uv_size": [0.5, 0.5]},
								"up": {"uv": [59, 56], "uv_size": [1, 0.5]},
								"down": {"uv": [58, 59.5], "uv_size": [1, -0.5]}
							}
						},
						{
							"origin": [-1.125, -0.26562, -0.10355],
							"size": [0.875, 0.5, 0.20711],
							"uv": {
								"north": {"uv": [0, 60], "uv_size": [1, 0.5]},
								"east": {"uv": [63, 62], "uv_size": [0.5, 0.5]},
								"south": {"uv": [2, 60], "uv_size": [1, 0.5]},
								"west": {"uv": [0, 64], "uv_size": [0.5, 0.5]},
								"up": {"uv": [4, 60], "uv_size": [1, 0.5]},
								"down": {"uv": [6, 60.5], "uv_size": [1, -0.5]}
							}
						}
					]
				},
				{
					"name": "sadasd",
					"parent": "laser_compact",
					"pivot": [5.625, -5.5625, 0.5],
					"cubes": [
						{
							"origin": [-2.78921, 1.4375, 8],
							"size": [0.82843, 2, 0.25],
							"inflate": 0.002,
							"pivot": [-2.375, 2.4375, 8.5],
							"rotation": [0, 0, 45],
							"uv": {
								"north": {"uv": [10, 49], "uv_size": [1, 2]},
								"east": {"uv": [20, 53], "uv_size": [0.5, 2]},
								"south": {"uv": [12, 49], "uv_size": [1, 2]},
								"west": {"uv": [22, 53], "uv_size": [0.5, 2]},
								"up": {"uv": [60, 6], "uv_size": [1, 0.5]},
								"down": {"uv": [8, 60.5], "uv_size": [1, -0.5]}
							}
						},
						{
							"origin": [-2.78921, 1.4375, 8],
							"size": [0.82843, 2, 0.25],
							"uv": {
								"north": {"uv": [49, 19], "uv_size": [1, 2]},
								"east": {"uv": [24, 53], "uv_size": [0.5, 2]},
								"south": {"uv": [49, 22], "uv_size": [1, 2]},
								"west": {"uv": [26, 53], "uv_size": [0.5, 2]},
								"up": {"uv": [60, 8], "uv_size": [1, 0.5]},
								"down": {"uv": [10, 60.5], "uv_size": [1, -0.5]}
							}
						},
						{
							"origin": [-3.375, 2.02329, 8],
							"size": [2, 0.82843, 0.25],
							"inflate": -0.001,
							"pivot": [-2.375, 2.4375, 8.5],
							"rotation": [0, 0, 45],
							"uv": {
								"north": {"uv": [49, 25], "uv_size": [2, 1]},
								"east": {"uv": [60, 10], "uv_size": [0.5, 1]},
								"south": {"uv": [49, 27], "uv_size": [2, 1]},
								"west": {"uv": [60, 14], "uv_size": [0.5, 1]},
								"up": {"uv": [28, 53], "uv_size": [2, 0.5]},
								"down": {"uv": [52, 53.5], "uv_size": [2, -0.5]}
							}
						},
						{
							"origin": [-3.375, 2.02329, 8],
							"size": [2, 0.82843, 0.25],
							"uv": {
								"north": {"uv": [49, 29], "uv_size": [2, 1]},
								"east": {"uv": [18, 60], "uv_size": [0.5, 1]},
								"south": {"uv": [49, 31], "uv_size": [2, 1]},
								"west": {"uv": [20, 60], "uv_size": [0.5, 1]},
								"up": {"uv": [0, 54], "uv_size": [2, 0.5]},
								"down": {"uv": [54, 0.5], "uv_size": [2, -0.5]}
							}
						}
					]
				},
				{
					"name": "bone11",
					"parent": "laser_compact",
					"pivot": [-3.30319, 2.92494, 9.251],
					"rotation": [22.5, 0, -45],
					"cubes": [
						{
							"origin": [-2.75198, 2.80078, 8.57778],
							"size": [0.12132, 0.12316, 0.6875],
							"pivot": [-2.69132, 2.86236, 8.95278],
							"rotation": [0, 10, 0],
							"uv": {
								"north": {"uv": [54, 67], "uv_size": [0.5, 0.5]},
								"east": {"uv": [56, 67], "uv_size": [0.5, 0.5]},
								"south": {"uv": [67, 56], "uv_size": [0.5, 0.5]},
								"west": {"uv": [67, 62], "uv_size": [0.5, 0.5]},
								"up": {"uv": [67, 64], "uv_size": [0.5, 0.5]},
								"down": {"uv": [0, 68.5], "uv_size": [0.5, -0.5]}
							}
						},
						{
							"origin": [-3.40578, 2.80078, 8.56205],
							"size": [0.12132, 0.12316, 0.6875],
							"pivot": [-3.40835, 2.90877, 9.25],
							"rotation": [0, -10, 0],
							"uv": {
								"north": {"uv": [2, 68], "uv_size": [0.5, 0.5]},
								"east": {"uv": [4, 68], "uv_size": [0.5, 0.5]},
								"south": {"uv": [6, 68], "uv_size": [0.5, 0.5]},
								"west": {"uv": [68, 6], "uv_size": [0.5, 0.5]},
								"up": {"uv": [8, 68], "uv_size": [0.5, 0.5]},
								"down": {"uv": [68, 8.5], "uv_size": [0.5, -0.5]}
							}
						},
						{
							"origin": [-3.30219, 2.80078, 8.5625],
							"size": [0.62132, 0.12316, 0.6875],
							"inflate": 0.001,
							"uv": {
								"north": {"uv": [10, 68], "uv_size": [0.5, 0.5]},
								"east": {"uv": [68, 10], "uv_size": [0.5, 0.5]},
								"south": {"uv": [68, 14], "uv_size": [0.5, 0.5]},
								"west": {"uv": [18, 68], "uv_size": [0.5, 0.5]},
								"up": {"uv": [20, 68], "uv_size": [0.5, 0.5]},
								"down": {"uv": [22, 68.5], "uv_size": [0.5, -0.5]}
							}
						}
					]
				},
				{
					"name": "sadasd3",
					"parent": "laser_compact",
					"pivot": [5.625, -5.5625, 1.8125],
					"cubes": [
						{
							"origin": [-2.78921, 1.625, 9.25],
							"size": [0.82843, 1.6875, 0.0625],
							"inflate": -0.002,
							"pivot": [-2.375, 2.4375, 9.8125],
							"rotation": [0, 0, 45],
							"uv": {
								"north": {"uv": [11, 52], "uv_size": [1, 1.5]},
								"east": {"uv": [3, 55], "uv_size": [0.5, 1.5]},
								"south": {"uv": [52, 31], "uv_size": [1, 1.5]},
								"west": {"uv": [5, 55], "uv_size": [0.5, 1.5]},
								"up": {"uv": [33, 61], "uv_size": [1, 0.5]},
								"down": {"uv": [61, 36.5], "uv_size": [1, -0.5]}
							}
						},
						{
							"origin": [-2.78921, 1.625, 9.25],
							"size": [0.82843, 1.6875, 0.0625],
							"uv": {
								"north": {"uv": [52, 34], "uv_size": [1, 1.5]},
								"east": {"uv": [7, 55], "uv_size": [0.5, 1.5]},
								"south": {"uv": [35, 52], "uv_size": [1, 1.5]},
								"west": {"uv": [11, 55], "uv_size": [0.5, 1.5]},
								"up": {"uv": [61, 38], "uv_size": [1, 0.5]},
								"down": {"uv": [61, 40.5], "uv_size": [1, -0.5]}
							}
						},
						{
							"origin": [-3.25, 2.02329, 9.25],
							"size": [1.75, 0.82843, 0.0625],
							"inflate": 0.002,
							"pivot": [-2.375, 2.4375, 9.8125],
							"rotation": [0, 0, 45],
							"uv": {
								"north": {"uv": [49, 33], "uv_size": [2, 1]},
								"east": {"uv": [61, 42], "uv_size": [0.5, 1]},
								"south": {"uv": [49, 35], "uv_size": [2, 1]},
								"west": {"uv": [61, 44], "uv_size": [0.5, 1]},
								"up": {"uv": [54, 2], "uv_size": [2, 0.5]},
								"down": {"uv": [54, 4.5], "uv_size": [2, -0.5]}
							}
						},
						{
							"origin": [-3.1875, 2.02329, 9.25],
							"size": [1.6875, 0.82843, 0.0625],
							"inflate": 0.003,
							"uv": {
								"north": {"uv": [37, 52], "uv_size": [1.5, 1]},
								"east": {"uv": [61, 46], "uv_size": [0.5, 1]},
								"south": {"uv": [52, 41], "uv_size": [1.5, 1]},
								"west": {"uv": [61, 48], "uv_size": [0.5, 1]},
								"up": {"uv": [54, 51], "uv_size": [1.5, 0.5]},
								"down": {"uv": [55, 14.5], "uv_size": [1.5, -0.5]}
							}
						}
					]
				},
				{
					"name": "bone",
					"parent": "laser_compact",
					"pivot": [-2.06434, 3.4375, 9.25],
					"rotation": [22.5, 0, 0],
					"cubes": [
						{
							"origin": [-2.78921, 3.31434, 8.625],
							"size": [0.12132, 0.12316, 0.625],
							"pivot": [-2.78921, 3.4375, 9.25],
							"rotation": [0, -10, 0],
							"uv": {
								"north": {"uv": [24, 64], "uv_size": [0.5, 0.5]},
								"east": {"uv": [64, 24], "uv_size": [0.5, 0.5]},
								"south": {"uv": [64, 26], "uv_size": [0.5, 0.5]},
								"west": {"uv": [28, 64], "uv_size": [0.5, 0.5]},
								"up": {"uv": [64, 28], "uv_size": [0.5, 0.5]},
								"down": {"uv": [64, 30.5], "uv_size": [0.5, -0.5]}
							}
						},
						{
							"origin": [-2.08211, 3.31434, 8.625],
							"size": [0.12132, 0.12316, 0.625],
							"pivot": [-1.96079, 3.4375, 9.25],
							"rotation": [0, 10, 0],
							"uv": {
								"north": {"uv": [10, 64], "uv_size": [0.5, 0.5]},
								"east": {"uv": [64, 10], "uv_size": [0.5, 0.5]},
								"south": {"uv": [64, 14], "uv_size": [0.5, 0.5]},
								"west": {"uv": [18, 64], "uv_size": [0.5, 0.5]},
								"up": {"uv": [20, 64], "uv_size": [0.5, 0.5]},
								"down": {"uv": [22, 64.5], "uv_size": [0.5, -0.5]}
							}
						},
						{
							"origin": [-2.68566, 3.31434, 8.625],
							"size": [0.62132, 0.12316, 0.625],
							"inflate": 0.001,
							"uv": {
								"north": {"uv": [2, 64], "uv_size": [0.5, 0.5]},
								"east": {"uv": [4, 64], "uv_size": [0.5, 0.5]},
								"south": {"uv": [6, 64], "uv_size": [0.5, 0.5]},
								"west": {"uv": [64, 6], "uv_size": [0.5, 0.5]},
								"up": {"uv": [8, 64], "uv_size": [0.5, 0.5]},
								"down": {"uv": [64, 8.5], "uv_size": [0.5, -0.5]}
							}
						}
					]
				},
				{
					"name": "sadasd2",
					"parent": "laser_compact",
					"pivot": [5.625, -5.5625, 1.75],
					"cubes": [
						{
							"origin": [-2.78921, 3.1875, 9.25],
							"size": [0.82843, 0.25, 0.25],
							"pivot": [-2.375, 2.4375, 9.75],
							"rotation": [0, 0, 45],
							"uv": {
								"north": {"uv": [22, 60], "uv_size": [1, 0.5]},
								"east": {"uv": [24, 68], "uv_size": [0.5, 0.5]},
								"south": {"uv": [24, 60], "uv_size": [1, 0.5]},
								"west": {"uv": [68, 24], "uv_size": [0.5, 0.5]},
								"up": {"uv": [60, 24], "uv_size": [1, 0.5]},
								"down": {"uv": [60, 26.5], "uv_size": [1, -0.5]}
							}
						},
						{
							"origin": [-2.78921, 1.4375, 9.25],
							"size": [0.82843, 0.25, 0.25],
							"pivot": [-2.375, 2.4375, 9.75],
							"rotation": [0, 0, 45],
							"uv": {
								"north": {"uv": [61, 2], "uv_size": [1, 0.5]},
								"east": {"uv": [38, 68], "uv_size": [0.5, 0.5]},
								"south": {"uv": [61, 4], "uv_size": [1, 0.5]},
								"west": {"uv": [40, 68], "uv_size": [0.5, 0.5]},
								"up": {"uv": [12, 61], "uv_size": [1, 0.5]},
								"down": {"uv": [61, 12.5], "uv_size": [1, -0.5]}
							}
						},
						{
							"origin": [-2.78921, 3.1875, 9.25],
							"size": [0.82843, 0.25, 0.25],
							"inflate": 0.001,
							"uv": {
								"north": {"uv": [60, 28], "uv_size": [1, 0.5]},
								"east": {"uv": [68, 26], "uv_size": [0.5, 0.5]},
								"south": {"uv": [29, 60], "uv_size": [1, 0.5]},
								"west": {"uv": [28, 68], "uv_size": [0.5, 0.5]},
								"up": {"uv": [60, 30], "uv_size": [1, 0.5]},
								"down": {"uv": [60, 32.5], "uv_size": [1, -0.5]}
							}
						},
						{
							"origin": [-2.78921, 1.4375, 9.25],
							"size": [0.82843, 0.25, 0.25],
							"inflate": 0.001,
							"uv": {
								"north": {"uv": [61, 20], "uv_size": [1, 0.5]},
								"east": {"uv": [46, 68], "uv_size": [0.5, 0.5]},
								"south": {"uv": [61, 22], "uv_size": [1, 0.5]},
								"west": {"uv": [68, 54], "uv_size": [0.5, 0.5]},
								"up": {"uv": [26, 61], "uv_size": [1, 0.5]},
								"down": {"uv": [31, 61.5], "uv_size": [1, -0.5]}
							}
						},
						{
							"origin": [-3.375, 2.02329, 9.25],
							"size": [0.25, 0.82843, 0.25],
							"pivot": [-2.375, 2.4375, 9.75],
							"rotation": [0, 0, 45],
							"uv": {
								"north": {"uv": [60, 34], "uv_size": [0.5, 1]},
								"east": {"uv": [35, 60], "uv_size": [0.5, 1]},
								"south": {"uv": [37, 60], "uv_size": [0.5, 1]},
								"west": {"uv": [39, 60], "uv_size": [0.5, 1]},
								"up": {"uv": [68, 28], "uv_size": [0.5, 0.5]},
								"down": {"uv": [68, 30.5], "uv_size": [0.5, -0.5]}
							}
						},
						{
							"origin": [-1.625, 2.02329, 9.25],
							"size": [0.25, 0.82843, 0.25],
							"pivot": [-2.375, 2.4375, 9.75],
							"rotation": [0, 0, 45],
							"uv": {
								"north": {"uv": [14, 61], "uv_size": [0.5, 1]},
								"east": {"uv": [16, 61], "uv_size": [0.5, 1]},
								"south": {"uv": [61, 16], "uv_size": [0.5, 1]},
								"west": {"uv": [61, 18], "uv_size": [0.5, 1]},
								"up": {"uv": [42, 68], "uv_size": [0.5, 0.5]},
								"down": {"uv": [44, 68.5], "uv_size": [0.5, -0.5]}
							}
						},
						{
							"origin": [-1.625, 2.02329, 9.25],
							"size": [0.25, 0.82843, 0.25],
							"inflate": 0.002,
							"uv": {
								"north": {"uv": [41, 60], "uv_size": [0.5, 1]},
								"east": {"uv": [43, 60], "uv_size": [0.5, 1]},
								"south": {"uv": [45, 60], "uv_size": [0.5, 1]},
								"west": {"uv": [47, 60], "uv_size": [0.5, 1]},
								"up": {"uv": [68, 32], "uv_size": [0.5, 0.5]},
								"down": {"uv": [34, 68.5], "uv_size": [0.5, -0.5]}
							}
						},
						{
							"origin": [-3.375, 2.02329, 9.25],
							"size": [0.25, 0.82843, 0.25],
							"inflate": 0.002,
							"uv": {
								"north": {"uv": [60, 54], "uv_size": [0.5, 1]},
								"east": {"uv": [60, 58], "uv_size": [0.5, 1]},
								"south": {"uv": [60, 60], "uv_size": [0.5, 1]},
								"west": {"uv": [61, 0], "uv_size": [0.5, 1]},
								"up": {"uv": [68, 34], "uv_size": [0.5, 0.5]},
								"down": {"uv": [36, 68.5], "uv_size": [0.5, -0.5]}
							}
						}
					]
				},
				{
					"name": "bone5",
					"parent": "laser_compact",
					"pivot": [-1.44681, 2.92494, 9.251],
					"rotation": [22.5, 0, 45],
					"cubes": [
						{
							"origin": [-2.11934, 2.80078, 8.64028],
							"size": [0.12132, 0.12316, 0.625],
							"pivot": [-2.05868, 2.86236, 8.95278],
							"rotation": [0, -10, 0],
							"uv": {
								"north": {"uv": [65, 48], "uv_size": [0.5, 0.5]},
								"east": {"uv": [50, 65], "uv_size": [0.5, 0.5]},
								"south": {"uv": [65, 50], "uv_size": [0.5, 0.5]},
								"west": {"uv": [52, 65], "uv_size": [0.5, 0.5]},
								"up": {"uv": [65, 52], "uv_size": [0.5, 0.5]},
								"down": {"uv": [54, 65.5], "uv_size": [0.5, -0.5]}
							}
						},
						{
							"origin": [-1.46554, 2.80078, 8.62455],
							"size": [0.12132, 0.12316, 0.625],
							"pivot": [-1.34165, 2.90877, 9.25],
							"rotation": [0, 10, 0],
							"uv": {
								"north": {"uv": [56, 65], "uv_size": [0.5, 0.5]},
								"east": {"uv": [65, 56], "uv_size": [0.5, 0.5]},
								"south": {"uv": [65, 62], "uv_size": [0.5, 0.5]},
								"west": {"uv": [65, 64], "uv_size": [0.5, 0.5]},
								"up": {"uv": [0, 66], "uv_size": [0.5, 0.5]},
								"down": {"uv": [2, 66.5], "uv_size": [0.5, -0.5]}
							}
						},
						{
							"origin": [-2.06913, 2.80078, 8.625],
							"size": [0.62132, 0.12316, 0.625],
							"inflate": 0.001,
							"uv": {
								"north": {"uv": [4, 66], "uv_size": [0.5, 0.5]},
								"east": {"uv": [6, 66], "uv_size": [0.5, 0.5]},
								"south": {"uv": [66, 6], "uv_size": [0.5, 0.5]},
								"west": {"uv": [8, 66], "uv_size": [0.5, 0.5]},
								"up": {"uv": [66, 8], "uv_size": [0.5, 0.5]},
								"down": {"uv": [10, 66.5], "uv_size": [0.5, -0.5]}
							}
						}
					]
				},
				{
					"name": "bone6",
					"parent": "laser_compact",
					"pivot": [-1.44581, 1.94906, 9.251],
					"rotation": [-22.5, 0, -45],
					"cubes": [
						{
							"origin": [-1.51792, 1.95006, 8.64028],
							"size": [0.12132, 0.12316, 0.625],
							"pivot": [-1.45726, 2.01164, 8.95278],
							"rotation": [0, 10, 0],
							"uv": {
								"north": {"uv": [66, 10], "uv_size": [0.5, 0.5]},
								"east": {"uv": [66, 14], "uv_size": [0.5, 0.5]},
								"south": {"uv": [18, 66], "uv_size": [0.5, 0.5]},
								"west": {"uv": [20, 66], "uv_size": [0.5, 0.5]},
								"up": {"uv": [22, 66], "uv_size": [0.5, 0.5]},
								"down": {"uv": [24, 66.5], "uv_size": [0.5, -0.5]}
							}
						},
						{
							"origin": [-2.17172, 1.95006, 8.62455],
							"size": [0.12132, 0.12316, 0.625],
							"pivot": [-2.17429, 2.05806, 9.25],
							"rotation": [0, -10, 0],
							"uv": {
								"north": {"uv": [66, 24], "uv_size": [0.5, 0.5]},
								"east": {"uv": [66, 26], "uv_size": [0.5, 0.5]},
								"south": {"uv": [28, 66], "uv_size": [0.5, 0.5]},
								"west": {"uv": [66, 28], "uv_size": [0.5, 0.5]},
								"up": {"uv": [66, 30], "uv_size": [0.5, 0.5]},
								"down": {"uv": [66, 32.5], "uv_size": [0.5, -0.5]}
							}
						},
						{
							"origin": [-2.06813, 1.95006, 8.625],
							"size": [0.62132, 0.12316, 0.625],
							"inflate": 0.001,
							"uv": {
								"north": {"uv": [34, 66], "uv_size": [0.5, 0.5]},
								"east": {"uv": [66, 34], "uv_size": [0.5, 0.5]},
								"south": {"uv": [36, 66], "uv_size": [0.5, 0.5]},
								"west": {"uv": [38, 66], "uv_size": [0.5, 0.5]},
								"up": {"uv": [40, 66], "uv_size": [0.5, 0.5]},
								"down": {"uv": [42, 66.5], "uv_size": [0.5, -0.5]}
							}
						}
					]
				},
				{
					"name": "bone7",
					"parent": "laser_compact",
					"pivot": [-3.26394, 2.75, 9.25],
					"rotation": [-22.5, 0, 90],
					"cubes": [
						{
							"origin": [-2.65855, 2.6474, 8.6675],
							"size": [0.12132, 0.12316, 0.625],
							"pivot": [-2.53723, 2.77056, 9.2925],
							"rotation": [0, 10, 0],
							"uv": {
								"north": {"uv": [44, 66], "uv_size": [0.5, 0.5]},
								"east": {"uv": [46, 66], "uv_size": [0.5, 0.5]},
								"south": {"uv": [66, 54], "uv_size": [0.5, 0.5]},
								"west": {"uv": [58, 66], "uv_size": [0.5, 0.5]},
								"up": {"uv": [66, 58], "uv_size": [0.5, 0.5]},
								"down": {"uv": [60, 66.5], "uv_size": [0.5, -0.5]}
							}
						},
						{
							"origin": [-3.36566, 2.6474, 8.6675],
							"size": [0.12132, 0.12316, 0.625],
							"pivot": [-3.36566, 2.77056, 9.2925],
							"rotation": [0, -10, 0],
							"uv": {
								"north": {"uv": [66, 60], "uv_size": [0.5, 0.5]},
								"east": {"uv": [62, 66], "uv_size": [0.5, 0.5]},
								"south": {"uv": [64, 66], "uv_size": [0.5, 0.5]},
								"west": {"uv": [66, 66], "uv_size": [0.5, 0.5]},
								"up": {"uv": [67, 0], "uv_size": [0.5, 0.5]},
								"down": {"uv": [67, 2.5], "uv_size": [0.5, -0.5]}
							}
						},
						{
							"origin": [-3.2621, 2.6474, 8.6675],
							"size": [0.62132, 0.12316, 0.625],
							"inflate": 0.001,
							"uv": {
								"north": {"uv": [67, 4], "uv_size": [0.5, 0.5]},
								"east": {"uv": [12, 67], "uv_size": [0.5, 0.5]},
								"south": {"uv": [67, 12], "uv_size": [0.5, 0.5]},
								"west": {"uv": [14, 67], "uv_size": [0.5, 0.5]},
								"up": {"uv": [16, 67], "uv_size": [0.5, 0.5]},
								"down": {"uv": [67, 16.5], "uv_size": [0.5, -0.5]}
							}
						}
					]
				},
				{
					"name": "bone4",
					"parent": "laser_compact",
					"pivot": [-1.37316, 2.75, 9.25],
					"rotation": [22.5, 0, 90],
					"cubes": [
						{
							"origin": [-0.76961, 2.62684, 8.625],
							"size": [0.12132, 0.12316, 0.625],
							"pivot": [-0.64829, 2.75, 9.25],
							"rotation": [0, 10, 0],
							"uv": {
								"north": {"uv": [12, 65], "uv_size": [0.5, 0.5]},
								"east": {"uv": [65, 12], "uv_size": [0.5, 0.5]},
								"south": {"uv": [14, 65], "uv_size": [0.5, 0.5]},
								"west": {"uv": [16, 65], "uv_size": [0.5, 0.5]},
								"up": {"uv": [65, 16], "uv_size": [0.5, 0.5]},
								"down": {"uv": [65, 18.5], "uv_size": [0.5, -0.5]}
							}
						},
						{
							"origin": [-1.47671, 2.62684, 8.625],
							"size": [0.12132, 0.12316, 0.625],
							"pivot": [-1.47671, 2.75, 9.25],
							"rotation": [0, -10, 0],
							"uv": {
								"north": {"uv": [65, 20], "uv_size": [0.5, 0.5]},
								"east": {"uv": [65, 22], "uv_size": [0.5, 0.5]},
								"south": {"uv": [26, 65], "uv_size": [0.5, 0.5]},
								"west": {"uv": [30, 65], "uv_size": [0.5, 0.5]},
								"up": {"uv": [32, 65], "uv_size": [0.5, 0.5]},
								"down": {"uv": [65, 36.5], "uv_size": [0.5, -0.5]}
							}
						},
						{
							"origin": [-1.37316, 2.62684, 8.625],
							"size": [0.62132, 0.12316, 0.625],
							"inflate": 0.001,
							"uv": {
								"north": {"uv": [65, 38], "uv_size": [0.5, 0.5]},
								"east": {"uv": [65, 40], "uv_size": [0.5, 0.5]},
								"south": {"uv": [65, 42], "uv_size": [0.5, 0.5]},
								"west": {"uv": [65, 44], "uv_size": [0.5, 0.5]},
								"up": {"uv": [65, 46], "uv_size": [0.5, 0.5]},
								"down": {"uv": [48, 65.5], "uv_size": [0.5, -0.5]}
							}
						}
					]
				},
				{
					"name": "bone3",
					"parent": "laser_compact",
					"pivot": [-2.06434, 1.4375, 9.25],
					"rotation": [-22.5, 0, 0],
					"cubes": [
						{
							"origin": [-2.78921, 1.4375, 8.625],
							"size": [0.12132, 0.12316, 0.625],
							"pivot": [-2.78921, 1.4375, 9.25],
							"rotation": [0, -10, 0],
							"uv": {
								"north": {"uv": [64, 32], "uv_size": [0.5, 0.5]},
								"east": {"uv": [34, 64], "uv_size": [0.5, 0.5]},
								"south": {"uv": [64, 34], "uv_size": [0.5, 0.5]},
								"west": {"uv": [36, 64], "uv_size": [0.5, 0.5]},
								"up": {"uv": [38, 64], "uv_size": [0.5, 0.5]},
								"down": {"uv": [40, 64.5], "uv_size": [0.5, -0.5]}
							}
						},
						{
							"origin": [-2.08211, 1.4375, 8.625],
							"size": [0.12132, 0.12316, 0.625],
							"pivot": [-1.96079, 1.4375, 9.25],
							"rotation": [0, 10, 0],
							"uv": {
								"north": {"uv": [42, 64], "uv_size": [0.5, 0.5]},
								"east": {"uv": [44, 64], "uv_size": [0.5, 0.5]},
								"south": {"uv": [46, 64], "uv_size": [0.5, 0.5]},
								"west": {"uv": [64, 54], "uv_size": [0.5, 0.5]},
								"up": {"uv": [64, 58], "uv_size": [0.5, 0.5]},
								"down": {"uv": [59, 64.5], "uv_size": [0.5, -0.5]}
							}
						},
						{
							"origin": [-2.68566, 1.4375, 8.625],
							"size": [0.62132, 0.12316, 0.625],
							"inflate": 0.001,
							"uv": {
								"north": {"uv": [64, 60], "uv_size": [0.5, 0.5]},
								"east": {"uv": [61, 64], "uv_size": [0.5, 0.5]},
								"south": {"uv": [63, 64], "uv_size": [0.5, 0.5]},
								"west": {"uv": [65, 0], "uv_size": [0.5, 0.5]},
								"up": {"uv": [65, 2], "uv_size": [0.5, 0.5]},
								"down": {"uv": [65, 4.5], "uv_size": [0.5, -0.5]}
							}
						}
					]
				},
				{
					"name": "bone9",
					"parent": "laser_compact",
					"pivot": [-3.30419, 1.94906, 9.251],
					"rotation": [-22.5, 0, 45],
					"cubes": [
						{
							"origin": [-3.3534, 1.95006, 8.64028],
							"size": [0.12132, 0.12316, 0.625],
							"pivot": [-3.29274, 2.01164, 8.95278],
							"rotation": [0, -10, 0],
							"uv": {
								"north": {"uv": [67, 18], "uv_size": [0.5, 0.5]},
								"east": {"uv": [67, 20], "uv_size": [0.5, 0.5]},
								"south": {"uv": [67, 22], "uv_size": [0.5, 0.5]},
								"west": {"uv": [26, 67], "uv_size": [0.5, 0.5]},
								"up": {"uv": [30, 67], "uv_size": [0.5, 0.5]},
								"down": {"uv": [32, 67.5], "uv_size": [0.5, -0.5]}
							}
						},
						{
							"origin": [-3.30319, 1.95006, 8.625],
							"size": [0.62132, 0.12316, 0.625],
							"inflate": 0.001,
							"uv": {
								"north": {"uv": [48, 67], "uv_size": [0.5, 0.5]},
								"east": {"uv": [67, 48], "uv_size": [0.5, 0.5]},
								"south": {"uv": [50, 67], "uv_size": [0.5, 0.5]},
								"west": {"uv": [67, 50], "uv_size": [0.5, 0.5]},
								"up": {"uv": [52, 67], "uv_size": [0.5, 0.5]},
								"down": {"uv": [67, 52.5], "uv_size": [0.5, -0.5]}
							}
						},
						{
							"origin": [-2.6996, 1.95006, 8.62455],
							"size": [0.12132, 0.12316, 0.625],
							"pivot": [-2.57571, 2.05806, 9.25],
							"rotation": [0, 10, 0],
							"uv": {
								"north": {"uv": [67, 36], "uv_size": [0.5, 0.5]},
								"east": {"uv": [67, 38], "uv_size": [0.5, 0.5]},
								"south": {"uv": [67, 40], "uv_size": [0.5, 0.5]},
								"west": {"uv": [67, 42], "uv_size": [0.5, 0.5]},
								"up": {"uv": [67, 44], "uv_size": [0.5, 0.5]},
								"down": {"uv": [67, 46.5], "uv_size": [0.5, -0.5]}
							}
						}
					]
				},
				{
					"name": "octagon",
					"parent": "laser_compact",
					"pivot": [-4.375, 0.4375, 4.75],
					"rotation": [0, 0, -45],
					"cubes": [
						{
							"origin": [-4.5, 0.28217, 4.375],
							"size": [0.25, 0.31066, 0.75],
							"pivot": [-4.75, 0.4375, 4.75],
							"rotation": [-45, 0, 0],
							"uv": {
								"north": {"uv": [76, 1], "uv_size": [1, 1]},
								"east": {"uv": [76, 1], "uv_size": [1, 1]},
								"south": {"uv": [76, 1], "uv_size": [1, 1]},
								"west": {"uv": [76, 1], "uv_size": [1, 1]},
								"up": {"uv": [77, 2], "uv_size": [-1, -1]},
								"down": {"uv": [77, 2], "uv_size": [-1, -1]}
							}
						},
						{
							"origin": [-4.5, 0.28217, 4.375],
							"size": [0.25, 0.31066, 0.75],
							"uv": {
								"north": {"uv": [76, 1], "uv_size": [1, 1]},
								"east": {"uv": [76, 1], "uv_size": [1, 1]},
								"south": {"uv": [76, 1], "uv_size": [1, 1]},
								"west": {"uv": [76, 1], "uv_size": [1, 1]},
								"up": {"uv": [77, 2], "uv_size": [-1, -1]},
								"down": {"uv": [77, 2], "uv_size": [-1, -1]}
							}
						},
						{
							"origin": [-4.5, 0.0625, 4.59467],
							"size": [0.25, 0.75, 0.31066],
							"pivot": [-4.75, 0.4375, 4.75],
							"rotation": [-45, 0, 0],
							"uv": {
								"north": {"uv": [76, 1], "uv_size": [1, 1]},
								"east": {"uv": [76, 1], "uv_size": [1, 1]},
								"south": {"uv": [76, 1], "uv_size": [1, 1]},
								"west": {"uv": [76, 1], "uv_size": [1, 1]},
								"up": {"uv": [77, 2], "uv_size": [-1, -1]},
								"down": {"uv": [77, 2], "uv_size": [-1, -1]}
							}
						},
						{
							"origin": [-4.5, 0.0625, 4.59467],
							"size": [0.25, 0.75, 0.31066],
							"uv": {
								"north": {"uv": [76, 1], "uv_size": [1, 1]},
								"east": {"uv": [76, 1], "uv_size": [1, 1]},
								"south": {"uv": [76, 1], "uv_size": [1, 1]},
								"west": {"uv": [76, 1], "uv_size": [1, 1]},
								"up": {"uv": [77, 2], "uv_size": [-1, -1]},
								"down": {"uv": [77, 2], "uv_size": [-1, -1]}
							}
						}
					]
				}
			]
		}
	]
}