{
	"format_version": "1.12.0",
	"minecraft:geometry": [
		{
			"description": {
				"identifier": "geometry.unknown",
				"texture_width": 16,
				"texture_height": 16,
				"visible_bounds_width": 2,
				"visible_bounds_height": 1.5,
				"visible_bounds_offset": [0, 0.25, 0]
			},
			"bones": [
				{
					"name": "division",
					"pivot": [0, 0, 0]
				},
				{
					"name": "division_illuminated",
					"parent": "division",
					"pivot": [0, 2.18875, -55.3],
					"cubes": [
						{
							"origin": [-0.25, 1.87624, -20],
							"size": [0.5, 0.5, 0.3],
							"pivot": [0, 2.12625, -19.85],
							"rotation": [0, 0, -45],
							"uv": {
								"south": {"uv": [12.5, 12.5], "uv_size": [3.5, 3.5]}
							}
						}
					]
				},
				{
					"name": "scope_view",
					"pivot": [0, 2.125, 7]
				},
				{
					"name": "ocular",
					"pivot": [0.00625, 2.11485, -8.21918],
					"cubes": [
						{
							"origin": [-0.54826, 1.57114, -8.2315],
							"size": [1.10901, 1.08741, 0.02463],
							"uv": {
								"south": {"uv": [0, 0], "uv_size": [1, 1]}
							}
						}
					]
				},
				{
					"name": "scope_body",
					"pivot": [0, 18.95, 0],
					"cubes": [
						{
							"origin": [-0.50164, 2.45795, -8.5],
							"size": [1.00164, 0.14058, 0.25],
							"uv": {
								"north": {"uv": [0, 2], "uv_size": [1, 0.5]},
								"east": {"uv": [6, 0], "uv_size": [0.5, 0.5]},
								"south": {"uv": [2, 0], "uv_size": [1, 0.5]},
								"west": {"uv": [2, 6], "uv_size": [0.5, 0.5]},
								"up": {"uv": [2, 2], "uv_size": [1, 0.5]},
								"down": {"uv": [0, 4.5], "uv_size": [1, -0.5]}
							}
						},
						{
							"origin": [0.49836, 1.7696, -8.5],
							"size": [0.14301, 0.6875, 0.25],
							"uv": {
								"north": {"uv": [2, 12], "uv_size": [0.5, 0.5]},
								"east": {"uv": [12, 2], "uv_size": [0.5, 0.5]},
								"south": {"uv": [4, 12], "uv_size": [0.5, 0.5]},
								"west": {"uv": [12, 4], "uv_size": [0.5, 0.5]},
								"up": {"uv": [6, 12], "uv_size": [0.5, 0.5]},
								"down": {"uv": [12, 6.5], "uv_size": [0.5, -0.5]}
							}
						},
						{
							"origin": [-0.64306, 1.7696, -8.5],
							"size": [0.14301, 0.6875, 0.25],
							"uv": {
								"north": {"uv": [8, 12], "uv_size": [0.5, 0.5]},
								"east": {"uv": [12, 8], "uv_size": [0.5, 0.5]},
								"south": {"uv": [10, 12], "uv_size": [0.5, 0.5]},
								"west": {"uv": [12, 10], "uv_size": [0.5, 0.5]},
								"up": {"uv": [12, 12], "uv_size": [0.5, 0.5]},
								"down": {"uv": [0, 14.5], "uv_size": [0.5, -0.5]}
							}
						},
						{
							"origin": [0.39854, 2.35251, -8.5],
							"size": [0.2, 0.2, 0.25],
							"pivot": [0.50479, 2.45311, -8.375],
							"rotation": [0, 0, 45],
							"uv": {
								"north": {"uv": [6, 4], "uv_size": [0.5, 0.5]},
								"east": {"uv": [6, 6], "uv_size": [0.5, 0.5]},
								"south": {"uv": [0, 8], "uv_size": [0.5, 0.5]},
								"west": {"uv": [8, 0], "uv_size": [0.5, 0.5]},
								"up": {"uv": [2, 8], "uv_size": [0.5, 0.5]},
								"down": {"uv": [8, 2.5], "uv_size": [0.5, -0.5]}
							}
						},
						{
							"origin": [0.39854, 1.66501, -8.5],
							"size": [0.2, 0.2, 0.25],
							"pivot": [0.50479, 1.76561, -8.375],
							"rotation": [0, 0, 45],
							"uv": {
								"north": {"uv": [10, 0], "uv_size": [0.5, 0.5]},
								"east": {"uv": [2, 10], "uv_size": [0.5, 0.5]},
								"south": {"uv": [10, 2], "uv_size": [0.5, 0.5]},
								"west": {"uv": [4, 10], "uv_size": [0.5, 0.5]},
								"up": {"uv": [10, 4], "uv_size": [0.5, 0.5]},
								"down": {"uv": [6, 10.5], "uv_size": [0.5, -0.5]}
							}
						},
						{
							"origin": [-0.60305, 2.35251, -8.5],
							"size": [0.2, 0.2, 0.25],
							"pivot": [-0.4968, 2.45311, -8.375],
							"rotation": [0, 0, 45],
							"uv": {
								"north": {"uv": [4, 8], "uv_size": [0.5, 0.5]},
								"east": {"uv": [8, 4], "uv_size": [0.5, 0.5]},
								"south": {"uv": [6, 8], "uv_size": [0.5, 0.5]},
								"west": {"uv": [8, 6], "uv_size": [0.5, 0.5]},
								"up": {"uv": [8, 8], "uv_size": [0.5, 0.5]},
								"down": {"uv": [0, 10.5], "uv_size": [0.5, -0.5]}
							}
						},
						{
							"origin": [-0.60305, 1.66501, -8.5],
							"size": [0.2, 0.2, 0.25],
							"pivot": [-0.4968, 1.76561, -8.375],
							"rotation": [0, 0, 45],
							"uv": {
								"north": {"uv": [10, 6], "uv_size": [0.5, 0.5]},
								"east": {"uv": [8, 10], "uv_size": [0.5, 0.5]},
								"south": {"uv": [10, 8], "uv_size": [0.5, 0.5]},
								"west": {"uv": [10, 10], "uv_size": [0.5, 0.5]},
								"up": {"uv": [0, 12], "uv_size": [0.5, 0.5]},
								"down": {"uv": [12, 0.5], "uv_size": [0.5, -0.5]}
							}
						},
						{
							"origin": [-0.5, 1.62818, -8.5],
							"size": [0.99995, 0.14227, 0.25],
							"uv": {
								"north": {"uv": [4, 0], "uv_size": [1, 0.5]},
								"east": {"uv": [6, 2], "uv_size": [0.5, 0.5]},
								"south": {"uv": [2, 4], "uv_size": [1, 0.5]},
								"west": {"uv": [4, 6], "uv_size": [0.5, 0.5]},
								"up": {"uv": [4, 2], "uv_size": [1, 0.5]},
								"down": {"uv": [4, 4.5], "uv_size": [1, -0.5]}
							}
						}
					]
				}
			]
		}
	]
}