{
	"format_version": "1.12.0",
	"minecraft:geometry": [
		{
			"description": {
				"identifier": "geometry.unknown",
				"texture_width": 512,
				"texture_height": 512,
				"visible_bounds_width": 19,
				"visible_bounds_height": 11,
				"visible_bounds_offset": [0, 0.5, 0]
			},
			"bones": [
				{
					"name": "scope_body",
					"pivot": [0, 0.0625, 0.9375],
					"cubes": [
						{
							"origin": [-0.40525, 4.04997, 5.125],
							"size": [0.125, 0.0625, 0.75],
							"inflate": -0.001,
							"pivot": [-0.3115, 4.08122, 5.53125],
							"rotation": [0, 0, -45],
							"uv": {
								"north": {"uv": [105, 178], "uv_size": [1, 1]},
								"east": {"uv": [107, 178], "uv_size": [1, 1]},
								"south": {"uv": [111, 178], "uv_size": [1, 1]},
								"west": {"uv": [119, 178], "uv_size": [1, 1]},
								"up": {"uv": [123, 178], "uv_size": [1, 1]},
								"down": {"uv": [129, 179], "uv_size": [1, -1]}
							}
						},
						{
							"origin": [-1.6875, 3.3125, 5.1875],
							"size": [0.0625, 0.75, 0.625],
							"uv": {
								"north": {"uv": [131, 178], "uv_size": [1, 1]},
								"east": {"uv": [133, 178], "uv_size": [1, 1]},
								"south": {"uv": [135, 178], "uv_size": [1, 1]},
								"west": {"uv": [137, 178], "uv_size": [1, 1]},
								"up": {"uv": [143, 178], "uv_size": [1, 1]},
								"down": {"uv": [145, 179], "uv_size": [1, -1]}
							}
						},
						{
							"origin": [-1.76294, 3.3125, 5.11964],
							"size": [0.08839, 0.75, 0.0625],
							"pivot": [-1.64331, 3.6875, 5.0625],
							"rotation": [0, 45, 0],
							"uv": {
								"north": {"uv": [147, 178], "uv_size": [1, 1]},
								"east": {"uv": [149, 178], "uv_size": [1, 1]},
								"south": {"uv": [151, 178], "uv_size": [1, 1]},
								"west": {"uv": [153, 178], "uv_size": [1, 1]},
								"up": {"uv": [178, 155], "uv_size": [1, 1]},
								"down": {"uv": [178, 158], "uv_size": [1, -1]}
							}
						},
						{
							"origin": [-1.65625, 0.48706, 6.5],
							"size": [0.09375, 0.08839, 1.125],
							"pivot": [-1.65625, 0.53125, 7.0625],
							"rotation": [0, 0, 45],
							"uv": {
								"north": {"uv": [22, 179], "uv_size": [1, 1]},
								"east": {"uv": [28, 179], "uv_size": [1, 1]},
								"south": {"uv": [30, 179], "uv_size": [1, 1]},
								"west": {"uv": [32, 179], "uv_size": [1, 1]},
								"up": {"uv": [38, 179], "uv_size": [1, 1]},
								"down": {"uv": [42, 180], "uv_size": [1, -1]}
							}
						},
						{
							"origin": [-1.6875, 0.0625, 5.8125],
							"size": [0.0625, 0.4375, 1.8125],
							"uv": {
								"north": {"uv": [50, 179], "uv_size": [1, 1]},
								"east": {"uv": [23, 167], "uv_size": [2, 1]},
								"south": {"uv": [52, 179], "uv_size": [1, 1]},
								"west": {"uv": [33, 167], "uv_size": [2, 1]},
								"up": {"uv": [36, 167], "uv_size": [1, 2]},
								"down": {"uv": [38, 169], "uv_size": [1, -2]}
							}
						},
						{
							"origin": [-1.67497, 0.8399, 5.66405],
							"size": [0.0625, 0.09039, 1.0625],
							"inflate": -0.001,
							"pivot": [-1.64372, 0.87115, 6.16405],
							"rotation": [-35.26439, 30, 35.26439],
							"uv": {
								"north": {"uv": [54, 179], "uv_size": [1, 1]},
								"east": {"uv": [59, 179], "uv_size": [1, 1]},
								"south": {"uv": [61, 179], "uv_size": [1, 1]},
								"west": {"uv": [63, 179], "uv_size": [1, 1]},
								"up": {"uv": [65, 179], "uv_size": [1, 1]},
								"down": {"uv": [73, 180], "uv_size": [1, -1]}
							}
						},
						{
							"origin": [-1.6875, 0.42678, 5.53217],
							"size": [0.0625, 0.5, 1.0625],
							"inflate": -0.001,
							"pivot": [0, 0.73928, 6.03217],
							"rotation": [-45, 0, 0],
							"uv": {
								"north": {"uv": [82, 179], "uv_size": [1, 1]},
								"east": {"uv": [86, 179], "uv_size": [1, 1]},
								"south": {"uv": [88, 179], "uv_size": [1, 1]},
								"west": {"uv": [90, 179], "uv_size": [1, 1]},
								"up": {"uv": [92, 179], "uv_size": [1, 1]},
								"down": {"uv": [94, 180], "uv_size": [1, -1]}
							}
						},
						{
							"origin": [-1.6875, 0.0625, 4.1875],
							"size": [0.0625, 3.25, 1.625],
							"uv": {
								"north": {"uv": [104, 163], "uv_size": [1, 3]},
								"east": {"uv": [4, 157], "uv_size": [2, 3]},
								"south": {"uv": [118, 163], "uv_size": [1, 3]},
								"west": {"uv": [7, 157], "uv_size": [2, 3]},
								"up": {"uv": [42, 167], "uv_size": [1, 2]},
								"down": {"uv": [59, 169], "uv_size": [1, -2]}
							}
						},
						{
							"origin": [-1.67456, 1.1875, 5.78125],
							"size": [0.0625, 2.875, 0.08839],
							"pivot": [-1.64331, 3.6875, 5.8125],
							"rotation": [0, 45, 0],
							"uv": {
								"north": {"uv": [48, 164], "uv_size": [1, 3]},
								"east": {"uv": [57, 164], "uv_size": [1, 3]},
								"south": {"uv": [72, 164], "uv_size": [1, 3]},
								"west": {"uv": [146, 164], "uv_size": [1, 3]},
								"up": {"uv": [96, 179], "uv_size": [1, 1]},
								"down": {"uv": [98, 180], "uv_size": [1, -1]}
							}
						}
					]
				},
				{
					"name": "octagon9",
					"parent": "scope_body",
					"pivot": [8, -5.0625, 3.625],
					"cubes": [
						{
							"origin": [-0.51777, 0.9375, 10.875],
							"size": [1.03553, 0.2, 1.5],
							"pivot": [0, 2.1875, 11.625],
							"rotation": [0, 0, 45],
							"uv": {
								"north": {"uv": [115, 179], "uv_size": [1, 1]},
								"east": {"uv": [61, 167], "uv_size": [2, 1]},
								"south": {"uv": [117, 179], "uv_size": [1, 1]},
								"west": {"uv": [64, 167], "uv_size": [2, 1]},
								"up": {"uv": [77, 167], "uv_size": [1, 2]},
								"down": {"uv": [79, 169], "uv_size": [1, -2]}
							}
						},
						{
							"origin": [-0.51777, 0.9375, 10.875],
							"size": [1.03553, 0.2, 1.5],
							"uv": {
								"north": {"uv": [121, 179], "uv_size": [1, 1]},
								"east": {"uv": [96, 167], "uv_size": [2, 1]},
								"south": {"uv": [125, 179], "uv_size": [1, 1]},
								"west": {"uv": [99, 167], "uv_size": [2, 1]},
								"up": {"uv": [81, 167], "uv_size": [1, 2]},
								"down": {"uv": [85, 169], "uv_size": [1, -2]}
							}
						},
						{
							"origin": [-0.51777, 3.2375, 10.875],
							"size": [1.03553, 0.2, 1.5],
							"pivot": [0, 2.1875, 11.625],
							"rotation": [0, 0, 45],
							"uv": {
								"north": {"uv": [127, 179], "uv_size": [1, 1]},
								"east": {"uv": [114, 167], "uv_size": [2, 1]},
								"south": {"uv": [139, 179], "uv_size": [1, 1]},
								"west": {"uv": [117, 167], "uv_size": [2, 1]},
								"up": {"uv": [104, 167], "uv_size": [2, 2]},
								"down": {"uv": [120, 169], "uv_size": [1, -2]}
							}
						},
						{
							"origin": [-0.51777, 3.2375, 10.875],
							"size": [1.03553, 0.2, 1.5],
							"uv": {
								"north": {"uv": [141, 179], "uv_size": [1, 1]},
								"east": {"uv": [122, 167], "uv_size": [2, 1]},
								"south": {"uv": [155, 179], "uv_size": [1, 1]},
								"west": {"uv": [128, 167], "uv_size": [2, 1]},
								"up": {"uv": [131, 167], "uv_size": [1, 2]},
								"down": {"uv": [154, 169], "uv_size": [1, -2]}
							}
						},
						{
							"origin": [1.05, 1.66973, 10.875],
							"size": [0.2, 1.03553, 1.5],
							"pivot": [0, 2.1875, 11.625],
							"rotation": [0, 0, 45],
							"uv": {
								"north": {"uv": [157, 179], "uv_size": [1, 1]},
								"east": {"uv": [167, 157], "uv_size": [2, 1]},
								"south": {"uv": [179, 161], "uv_size": [1, 1]},
								"west": {"uv": [159, 167], "uv_size": [2, 1]},
								"up": {"uv": [62, 185], "uv_size": [1, 2]},
								"down": {"uv": [61, 192], "uv_size": [1, -2]}
							}
						},
						{
							"origin": [1.05, 1.66973, 10.875],
							"size": [0.2, 1.03553, 1.5],
							"uv": {
								"north": {"uv": [74, 186], "uv_size": [1, 1]},
								"east": {"uv": [0, 168], "uv_size": [2, 1]},
								"south": {"uv": [74, 188], "uv_size": [1, 1]},
								"west": {"uv": [26, 168], "uv_size": [2, 1]},
								"up": {"uv": [40, 168], "uv_size": [1, 2]},
								"down": {"uv": [44, 170], "uv_size": [1, -2]}
							}
						},
						{
							"origin": [-1.25, 1.66973, 10.875],
							"size": [0.2, 1.03553, 1.5],
							"pivot": [0, 2.1875, 11.625],
							"rotation": [0, 0, 45],
							"uv": {
								"north": {"uv": [61, 202], "uv_size": [1, 1]},
								"east": {"uv": [46, 168], "uv_size": [2, 1]},
								"south": {"uv": [63, 202], "uv_size": [1, 1]},
								"west": {"uv": [49, 168], "uv_size": [2, 1]},
								"up": {"uv": [57, 168], "uv_size": [1, 2]},
								"down": {"uv": [67, 170], "uv_size": [1, -2]}
							}
						},
						{
							"origin": [-1.25, 1.66973, 10.875],
							"size": [0.2, 1.03553, 1.5],
							"uv": {
								"north": {"uv": [65, 202], "uv_size": [1, 1]},
								"east": {"uv": [69, 168], "uv_size": [2, 1]},
								"south": {"uv": [67, 202], "uv_size": [1, 1]},
								"west": {"uv": [72, 168], "uv_size": [2, 1]},
								"up": {"uv": [75, 168], "uv_size": [1, 2]},
								"down": {"uv": [83, 170], "uv_size": [1, -2]}
							}
						}
					]
				},
				{
					"name": "octagon2",
					"parent": "scope_body",
					"pivot": [8, -5.0625, 1.375],
					"cubes": [
						{
							"origin": [-0.31801, 1.41975, 7.125],
							"size": [0.63602, 0.2, 2.75],
							"pivot": [0, 2.1875, 9.375],
							"rotation": [0, 0, 45],
							"uv": {
								"north": {"uv": [141, 171], "uv_size": [1, 1]},
								"east": {"uv": [157, 155], "uv_size": [3, 1]},
								"south": {"uv": [143, 171], "uv_size": [1, 1]},
								"west": {"uv": [157, 157], "uv_size": [3, 1]},
								"up": {"uv": [140, 157], "uv_size": [1, 3]},
								"down": {"uv": [145, 161], "uv_size": [1, -3]}
							}
						},
						{
							"origin": [-0.31801, 1.41975, 7.125],
							"size": [0.63602, 0.2, 2.75],
							"uv": {
								"north": {"uv": [157, 171], "uv_size": [1, 1]},
								"east": {"uv": [147, 158], "uv_size": [3, 1]},
								"south": {"uv": [159, 171], "uv_size": [1, 1]},
								"west": {"uv": [151, 158], "uv_size": [3, 1]},
								"up": {"uv": [155, 158], "uv_size": [1, 3]},
								"down": {"uv": [10, 162], "uv_size": [1, -3]}
							}
						},
						{
							"origin": [-0.31801, 2.75525, 7.125],
							"size": [0.63602, 0.2, 2.75],
							"pivot": [0, 2.1875, 9.375],
							"rotation": [0, 0, 45],
							"uv": {
								"north": {"uv": [171, 161], "uv_size": [1, 1]},
								"east": {"uv": [12, 159], "uv_size": [3, 1]},
								"south": {"uv": [66, 186], "uv_size": [1, 1]},
								"west": {"uv": [16, 159], "uv_size": [3, 1]},
								"up": {"uv": [20, 159], "uv_size": [1, 3]},
								"down": {"uv": [22, 162], "uv_size": [1, -3]}
							}
						},
						{
							"origin": [-0.31801, 2.75525, 7.125],
							"size": [0.63602, 0.2, 2.75],
							"uv": {
								"north": {"uv": [66, 188], "uv_size": [1, 1]},
								"east": {"uv": [34, 159], "uv_size": [3, 1]},
								"south": {"uv": [63, 194], "uv_size": [1, 1]},
								"west": {"uv": [38, 159], "uv_size": [3, 1]},
								"up": {"uv": [24, 159], "uv_size": [1, 3]},
								"down": {"uv": [42, 162], "uv_size": [1, -3]}
							}
						},
						{
							"origin": [0.56775, 1.86949, 7.125],
							"size": [0.2, 0.63602, 2.75],
							"pivot": [0, 2.1875, 9.375],
							"rotation": [0, 0, 45],
							"uv": {
								"north": {"uv": [65, 194], "uv_size": [1, 1]},
								"east": {"uv": [61, 159], "uv_size": [3, 1]},
								"south": {"uv": [0, 172], "uv_size": [1, 1]},
								"west": {"uv": [65, 159], "uv_size": [3, 1]},
								"up": {"uv": [69, 159], "uv_size": [1, 3]},
								"down": {"uv": [78, 162], "uv_size": [1, -3]}
							}
						},
						{
							"origin": [0.56775, 1.86949, 7.125],
							"size": [0.2, 0.63602, 2.75],
							"uv": {
								"north": {"uv": [24, 172], "uv_size": [1, 1]},
								"east": {"uv": [80, 159], "uv_size": [3, 1]},
								"south": {"uv": [26, 172], "uv_size": [1, 1]},
								"west": {"uv": [84, 159], "uv_size": [3, 1]},
								"up": {"uv": [96, 159], "uv_size": [1, 3]},
								"down": {"uv": [98, 162], "uv_size": [1, -3]}
							}
						},
						{
							"origin": [-0.76775, 1.86949, 7.125],
							"size": [0.2, 0.63602, 2.75],
							"pivot": [0, 2.1875, 9.375],
							"rotation": [0, 0, 45],
							"uv": {
								"north": {"uv": [35, 172], "uv_size": [1, 1]},
								"east": {"uv": [100, 159], "uv_size": [3, 1]},
								"south": {"uv": [37, 172], "uv_size": [1, 1]},
								"west": {"uv": [114, 159], "uv_size": [3, 1]},
								"up": {"uv": [104, 159], "uv_size": [1, 3]},
								"down": {"uv": [118, 162], "uv_size": [1, -3]}
							}
						},
						{
							"origin": [-0.76775, 1.86949, 7.125],
							"size": [0.2, 0.63602, 2.75],
							"uv": {
								"north": {"uv": [41, 172], "uv_size": [1, 1]},
								"east": {"uv": [120, 159], "uv_size": [3, 1]},
								"south": {"uv": [46, 172], "uv_size": [1, 1]},
								"west": {"uv": [124, 159], "uv_size": [3, 1]},
								"up": {"uv": [128, 159], "uv_size": [1, 3]},
								"down": {"uv": [130, 162], "uv_size": [1, -3]}
							}
						}
					]
				},
				{
					"name": "bone2",
					"parent": "octagon2",
					"pivot": [0.319, 4.1885, 10.876],
					"rotation": [24, 0, 0],
					"cubes": [
						{
							"origin": [0.36835, 3.30134, 9.36912],
							"size": [0.19989, 0.201, 1.20501],
							"pivot": [0.51777, 4.1875, 10.875],
							"rotation": [0, 9.5, 0],
							"uv": {
								"north": {"uv": [141, 169], "uv_size": [1, 1]},
								"east": {"uv": [143, 169], "uv_size": [1, 1]},
								"south": {"uv": [158, 169], "uv_size": [1, 1]},
								"west": {"uv": [160, 169], "uv_size": [1, 1]},
								"up": {"uv": [169, 161], "uv_size": [1, 1]},
								"down": {"uv": [64, 187], "uv_size": [1, -1]}
							}
						},
						{
							"origin": [-0.318, 3.30234, 9.38245],
							"size": [0.636, 0.2, 1.1875],
							"inflate": 0.001,
							"uv": {
								"north": {"uv": [64, 188], "uv_size": [1, 1]},
								"east": {"uv": [63, 192], "uv_size": [1, 1]},
								"south": {"uv": [0, 170], "uv_size": [1, 1]},
								"west": {"uv": [25, 170], "uv_size": [1, 1]},
								"up": {"uv": [27, 170], "uv_size": [1, 1]},
								"down": {"uv": [35, 171], "uv_size": [1, -1]}
							}
						},
						{
							"origin": [-0.56823, 3.30134, 9.36912],
							"size": [0.19989, 0.201, 1.20501],
							"pivot": [-0.51777, 4.1875, 10.875],
							"rotation": [0, -9.5, 0],
							"uv": {
								"north": {"uv": [37, 170], "uv_size": [1, 1]},
								"east": {"uv": [42, 170], "uv_size": [1, 1]},
								"south": {"uv": [46, 170], "uv_size": [1, 1]},
								"west": {"uv": [48, 170], "uv_size": [1, 1]},
								"up": {"uv": [50, 170], "uv_size": [1, 1]},
								"down": {"uv": [59, 171], "uv_size": [1, -1]}
							}
						}
					]
				},
				{
					"name": "bone6",
					"parent": "octagon2",
					"pivot": [1.251, 3.25638, 10.87602],
					"rotation": [24, 0, 90],
					"cubes": [
						{
							"origin": [2.62771, 3.05438, 9.7938],
							"size": [0.19989, 0.201, 1.20501],
							"pivot": [2.08777, 3.25538, 10.87502],
							"rotation": [0, 9.5, 0],
							"uv": {
								"north": {"uv": [69, 170], "uv_size": [1, 1]},
								"east": {"uv": [71, 170], "uv_size": [1, 1]},
								"south": {"uv": [73, 170], "uv_size": [1, 1]},
								"west": {"uv": [77, 170], "uv_size": [1, 1]},
								"up": {"uv": [79, 170], "uv_size": [1, 1]},
								"down": {"uv": [81, 171], "uv_size": [1, -1]}
							}
						},
						{
							"origin": [2.002, 3.05538, 9.68752],
							"size": [0.636, 0.2, 1.1875],
							"inflate": 0.001,
							"uv": {
								"north": {"uv": [85, 170], "uv_size": [1, 1]},
								"east": {"uv": [101, 170], "uv_size": [1, 1]},
								"south": {"uv": [103, 170], "uv_size": [1, 1]},
								"west": {"uv": [105, 170], "uv_size": [1, 1]},
								"up": {"uv": [107, 170], "uv_size": [1, 1]},
								"down": {"uv": [111, 171], "uv_size": [1, -1]}
							}
						},
						{
							"origin": [1.79183, 3.05438, 9.54623],
							"size": [0.19989, 0.201, 1.20501],
							"pivot": [1.05223, 3.25538, 10.87502],
							"rotation": [0, -9.5, 0],
							"uv": {
								"north": {"uv": [120, 170], "uv_size": [1, 1]},
								"east": {"uv": [124, 170], "uv_size": [1, 1]},
								"south": {"uv": [131, 170], "uv_size": [1, 1]},
								"west": {"uv": [133, 170], "uv_size": [1, 1]},
								"up": {"uv": [135, 170], "uv_size": [1, 1]},
								"down": {"uv": [137, 171], "uv_size": [1, -1]}
							}
						}
					]
				},
				{
					"name": "bone5",
					"parent": "octagon2",
					"pivot": [1.11008, 3.59661, 10.87602],
					"rotation": [24, 0, 45],
					"cubes": [
						{
							"origin": [1.6666, 2.91013, 9.55844],
							"size": [0.19989, 0.201, 1.20501],
							"pivot": [1.22621, 3.38289, 10.87502],
							"rotation": [0, 9.5, 0],
							"uv": {
								"north": {"uv": [139, 170], "uv_size": [1, 1]},
								"east": {"uv": [145, 170], "uv_size": [1, 1]},
								"south": {"uv": [147, 170], "uv_size": [1, 1]},
								"west": {"uv": [149, 170], "uv_size": [1, 1]},
								"up": {"uv": [151, 170], "uv_size": [1, 1]},
								"down": {"uv": [153, 171], "uv_size": [1, -1]}
							}
						},
						{
							"origin": [1.00341, 2.91113, 9.47181],
							"size": [0.636, 0.2, 1.1875],
							"inflate": 0.001,
							"uv": {
								"north": {"uv": [155, 170], "uv_size": [1, 1]},
								"east": {"uv": [170, 155], "uv_size": [1, 1]},
								"south": {"uv": [170, 157], "uv_size": [1, 1]},
								"west": {"uv": [170, 159], "uv_size": [1, 1]},
								"up": {"uv": [162, 170], "uv_size": [1, 1]},
								"down": {"uv": [59, 194], "uv_size": [1, -1]}
							}
						},
						{
							"origin": [0.77371, 2.91013, 9.52701],
							"size": [0.19989, 0.201, 1.20501],
							"pivot": [1.22621, 3.38289, 10.87502],
							"rotation": [0, -9.5, 0],
							"uv": {
								"north": {"uv": [61, 193], "uv_size": [1, 1]},
								"east": {"uv": [65, 190], "uv_size": [1, 1]},
								"south": {"uv": [65, 192], "uv_size": [1, 1]},
								"west": {"uv": [2, 171], "uv_size": [1, 1]},
								"up": {"uv": [4, 171], "uv_size": [1, 1]},
								"down": {"uv": [6, 172], "uv_size": [1, -1]}
							}
						}
					]
				},
				{
					"name": "bone13",
					"parent": "octagon2",
					"pivot": [1.11008, 2.27839, 10.87602],
					"rotation": [-24, 0, -45],
					"cubes": [
						{
							"origin": [0.54928, 1.79491, 9.80887],
							"size": [0.19989, 0.201, 1.20501],
							"pivot": [1.22621, 2.49211, 10.87502],
							"rotation": [0, 9.5, 0],
							"uv": {
								"north": {"uv": [8, 171], "uv_size": [1, 1]},
								"east": {"uv": [10, 171], "uv_size": [1, 1]},
								"south": {"uv": [12, 171], "uv_size": [1, 1]},
								"west": {"uv": [14, 171], "uv_size": [1, 1]},
								"up": {"uv": [16, 171], "uv_size": [1, 1]},
								"down": {"uv": [18, 172], "uv_size": [1, -1]}
							}
						},
						{
							"origin": [-0.05725, 1.79491, 9.90322],
							"size": [0.636, 0.2, 1.1875],
							"inflate": 0.001,
							"uv": {
								"north": {"uv": [20, 171], "uv_size": [1, 1]},
								"east": {"uv": [22, 171], "uv_size": [1, 1]},
								"south": {"uv": [29, 171], "uv_size": [1, 1]},
								"west": {"uv": [31, 171], "uv_size": [1, 1]},
								"up": {"uv": [33, 171], "uv_size": [1, 1]},
								"down": {"uv": [39, 172], "uv_size": [1, -1]}
							}
						},
						{
							"origin": [-0.2012, 1.79491, 10.12756],
							"size": [0.19989, 0.201, 1.20501],
							"pivot": [1.22621, 2.49211, 10.87502],
							"rotation": [0, -9.5, 0],
							"uv": {
								"north": {"uv": [44, 171], "uv_size": [1, 1]},
								"east": {"uv": [52, 171], "uv_size": [1, 1]},
								"south": {"uv": [54, 171], "uv_size": [1, 1]},
								"west": {"uv": [56, 171], "uv_size": [1, 1]},
								"up": {"uv": [61, 171], "uv_size": [1, 1]},
								"down": {"uv": [63, 172], "uv_size": [1, -1]}
							}
						}
					]
				},
				{
					"name": "bone4",
					"parent": "octagon2",
					"pivot": [0.319, 1.6865, 10.876],
					"rotation": [-24, 0, 0],
					"cubes": [
						{
							"origin": [0.26765, 1.00234, 9.97086],
							"size": [0.19989, 0.201, 1.20501],
							"pivot": [0.51777, 1.6875, 10.875],
							"rotation": [0, 9.5, 0],
							"uv": {
								"north": {"uv": [65, 171], "uv_size": [1, 1]},
								"east": {"uv": [67, 171], "uv_size": [1, 1]},
								"south": {"uv": [75, 171], "uv_size": [1, 1]},
								"west": {"uv": [83, 171], "uv_size": [1, 1]},
								"up": {"uv": [87, 171], "uv_size": [1, 1]},
								"down": {"uv": [89, 172], "uv_size": [1, -1]}
							}
						},
						{
							"origin": [-0.318, 1.00234, 9.99255],
							"size": [0.636, 0.2, 1.1875],
							"inflate": 0.001,
							"uv": {
								"north": {"uv": [91, 171], "uv_size": [1, 1]},
								"east": {"uv": [93, 171], "uv_size": [1, 1]},
								"south": {"uv": [95, 171], "uv_size": [1, 1]},
								"west": {"uv": [97, 171], "uv_size": [1, 1]},
								"up": {"uv": [99, 171], "uv_size": [1, 1]},
								"down": {"uv": [109, 172], "uv_size": [1, -1]}
							}
						},
						{
							"origin": [-0.46754, 1.00234, 9.97086],
							"size": [0.19989, 0.201, 1.20501],
							"pivot": [-0.51777, 1.6875, 10.875],
							"rotation": [0, -9.5, 0],
							"uv": {
								"north": {"uv": [113, 171], "uv_size": [1, 1]},
								"east": {"uv": [115, 171], "uv_size": [1, 1]},
								"south": {"uv": [117, 171], "uv_size": [1, 1]},
								"west": {"uv": [122, 171], "uv_size": [1, 1]},
								"up": {"uv": [126, 171], "uv_size": [1, 1]},
								"down": {"uv": [128, 172], "uv_size": [1, -1]}
							}
						}
					]
				},
				{
					"name": "octagon3",
					"parent": "scope_body",
					"pivot": [8, -5.8125, 0.125],
					"cubes": [
						{
							"origin": [-0.41421, 1.1875, 7.625],
							"size": [0.51593, 0.2, 1.25],
							"pivot": [0, 2.1875, 8.125],
							"rotation": [0, 0, 45],
							"uv": {
								"north": {"uv": [48, 172], "uv_size": [1, 1]},
								"east": {"uv": [50, 172], "uv_size": [1, 1]},
								"south": {"uv": [58, 172], "uv_size": [1, 1]},
								"west": {"uv": [69, 172], "uv_size": [1, 1]},
								"up": {"uv": [71, 172], "uv_size": [1, 1]},
								"down": {"uv": [73, 173], "uv_size": [1, -1]}
							}
						},
						{
							"origin": [-0.66421, 0.625, 7.625],
							"size": [1.32843, 1.0125, 1.25],
							"uv": {
								"north": {"uv": [77, 172], "uv_size": [1, 1]},
								"east": {"uv": [79, 172], "uv_size": [1, 1]},
								"south": {"uv": [81, 172], "uv_size": [1, 1]},
								"west": {"uv": [85, 172], "uv_size": [1, 1]},
								"up": {"uv": [101, 172], "uv_size": [1, 1]},
								"down": {"uv": [103, 173], "uv_size": [1, -1]}
							}
						},
						{
							"origin": [-0.78921, 0.75, 8],
							"size": [1.57843, 0.5125, 0.5],
							"pivot": [0.5, 1.00625, 8.25],
							"rotation": [-45, 0, 0],
							"uv": {
								"north": {"uv": [148, 166], "uv_size": [2, 1]},
								"east": {"uv": [69, 200], "uv_size": [1, 1]},
								"south": {"uv": [151, 166], "uv_size": [2, 1]},
								"west": {"uv": [72, 198], "uv_size": [1, 1]},
								"up": {"uv": [61, 188], "uv_size": [2, 1]},
								"down": {"uv": [14, 168], "uv_size": [2, -1]}
							}
						},
						{
							"origin": [-0.41421, 2.9875, 7.625],
							"size": [0.82843, 0.2, 1.25],
							"pivot": [0, 2.1875, 8.125],
							"rotation": [0, 0, 45],
							"uv": {
								"north": {"uv": [105, 172], "uv_size": [1, 1]},
								"east": {"uv": [107, 172], "uv_size": [1, 1]},
								"south": {"uv": [111, 172], "uv_size": [1, 1]},
								"west": {"uv": [119, 172], "uv_size": [1, 1]},
								"up": {"uv": [124, 172], "uv_size": [1, 1]},
								"down": {"uv": [130, 173], "uv_size": [1, -1]}
							}
						},
						{
							"origin": [-0.41421, 2.9875, 7.625],
							"size": [0.82843, 0.2, 1.25],
							"uv": {
								"north": {"uv": [132, 172], "uv_size": [1, 1]},
								"east": {"uv": [134, 172], "uv_size": [1, 1]},
								"south": {"uv": [136, 172], "uv_size": [1, 1]},
								"west": {"uv": [138, 172], "uv_size": [1, 1]},
								"up": {"uv": [145, 172], "uv_size": [1, 1]},
								"down": {"uv": [147, 173], "uv_size": [1, -1]}
							}
						},
						{
							"origin": [0.8, 2.08579, 7.625],
							"size": [0.2, 0.51593, 1.25],
							"pivot": [0, 2.1875, 8.125],
							"rotation": [0, 0, 45],
							"uv": {
								"north": {"uv": [149, 172], "uv_size": [1, 1]},
								"east": {"uv": [151, 172], "uv_size": [1, 1]},
								"south": {"uv": [153, 172], "uv_size": [1, 1]},
								"west": {"uv": [155, 172], "uv_size": [1, 1]},
								"up": {"uv": [172, 155], "uv_size": [1, 1]},
								"down": {"uv": [172, 158], "uv_size": [1, -1]}
							}
						},
						{
							"origin": [0.8, 1.77329, 7.625],
							"size": [0.2, 0.82843, 1.25],
							"uv": {
								"north": {"uv": [172, 159], "uv_size": [1, 1]},
								"east": {"uv": [161, 172], "uv_size": [1, 1]},
								"south": {"uv": [58, 195], "uv_size": [1, 1]},
								"west": {"uv": [60, 195], "uv_size": [1, 1]},
								"up": {"uv": [67, 190], "uv_size": [1, 1]},
								"down": {"uv": [67, 193], "uv_size": [1, -1]}
							}
						},
						{
							"origin": [-1.25, 2.02329, 7.625],
							"size": [2.4375, 0.26593, 1.25],
							"inflate": -0.001,
							"uv": {
								"north": {"uv": [14, 165], "uv_size": [2, 1]},
								"east": {"uv": [67, 194], "uv_size": [1, 1]},
								"south": {"uv": [17, 165], "uv_size": [2, 1]},
								"west": {"uv": [2, 173], "uv_size": [1, 1]},
								"up": {"uv": [20, 165], "uv_size": [2, 1]},
								"down": {"uv": [23, 166], "uv_size": [2, -1]}
							}
						},
						{
							"origin": [-1, 1.77329, 7.625],
							"size": [0.2, 0.82843, 1.25],
							"pivot": [0, 2.1875, 8.125],
							"rotation": [0, 0, 45],
							"uv": {
								"north": {"uv": [4, 173], "uv_size": [1, 1]},
								"east": {"uv": [6, 173], "uv_size": [1, 1]},
								"south": {"uv": [8, 173], "uv_size": [1, 1]},
								"west": {"uv": [10, 173], "uv_size": [1, 1]},
								"up": {"uv": [12, 173], "uv_size": [1, 1]},
								"down": {"uv": [14, 174], "uv_size": [1, -1]}
							}
						},
						{
							"origin": [-1, 1.77329, 7.625],
							"size": [0.2, 0.82843, 1.25],
							"uv": {
								"north": {"uv": [16, 173], "uv_size": [1, 1]},
								"east": {"uv": [18, 173], "uv_size": [1, 1]},
								"south": {"uv": [20, 173], "uv_size": [1, 1]},
								"west": {"uv": [22, 173], "uv_size": [1, 1]},
								"up": {"uv": [28, 173], "uv_size": [1, 1]},
								"down": {"uv": [30, 174], "uv_size": [1, -1]}
							}
						}
					]
				},
				{
					"name": "bone11",
					"parent": "scope_body",
					"pivot": [-1.251, 3.25638, 10.87602],
					"rotation": [24, 0, -90],
					"cubes": [
						{
							"origin": [-2.638, 3.05538, 9.68752],
							"size": [0.636, 0.2, 1.1875],
							"inflate": 0.001,
							"uv": {
								"north": {"uv": [32, 173], "uv_size": [1, 1]},
								"east": {"uv": [39, 173], "uv_size": [1, 1]},
								"south": {"uv": [43, 173], "uv_size": [1, 1]},
								"west": {"uv": [52, 173], "uv_size": [1, 1]},
								"up": {"uv": [54, 173], "uv_size": [1, 1]},
								"down": {"uv": [56, 174], "uv_size": [1, -1]}
							}
						},
						{
							"origin": [-2.8276, 3.05438, 9.7938],
							"size": [0.19989, 0.201, 1.20501],
							"pivot": [-2.08777, 3.25538, 10.87502],
							"rotation": [0, -9.5, 0],
							"uv": {
								"north": {"uv": [60, 173], "uv_size": [1, 1]},
								"east": {"uv": [62, 173], "uv_size": [1, 1]},
								"south": {"uv": [64, 173], "uv_size": [1, 1]},
								"west": {"uv": [66, 173], "uv_size": [1, 1]},
								"up": {"uv": [75, 173], "uv_size": [1, 1]},
								"down": {"uv": [83, 174], "uv_size": [1, -1]}
							}
						},
						{
							"origin": [-1.99171, 3.05438, 9.54623],
							"size": [0.19989, 0.201, 1.20501],
							"pivot": [-1.05223, 3.25538, 10.87502],
							"rotation": [0, 9.5, 0],
							"uv": {
								"north": {"uv": [87, 173], "uv_size": [1, 1]},
								"east": {"uv": [89, 173], "uv_size": [1, 1]},
								"south": {"uv": [91, 173], "uv_size": [1, 1]},
								"west": {"uv": [93, 173], "uv_size": [1, 1]},
								"up": {"uv": [95, 173], "uv_size": [1, 1]},
								"down": {"uv": [97, 174], "uv_size": [1, -1]}
							}
						}
					]
				},
				{
					"name": "bone7",
					"parent": "scope_body",
					"pivot": [-1.11008, 3.59661, 10.87602],
					"rotation": [24, 0, -45],
					"cubes": [
						{
							"origin": [-1.63941, 2.91113, 9.47181],
							"size": [0.636, 0.2, 1.1875],
							"inflate": 0.001,
							"uv": {
								"north": {"uv": [99, 173], "uv_size": [1, 1]},
								"east": {"uv": [109, 173], "uv_size": [1, 1]},
								"south": {"uv": [113, 173], "uv_size": [1, 1]},
								"west": {"uv": [115, 173], "uv_size": [1, 1]},
								"up": {"uv": [117, 173], "uv_size": [1, 1]},
								"down": {"uv": [121, 174], "uv_size": [1, -1]}
							}
						},
						{
							"origin": [-1.86649, 2.91013, 9.55844],
							"size": [0.19989, 0.201, 1.20501],
							"pivot": [-1.22621, 3.38289, 10.87502],
							"rotation": [0, -9.5, 0],
							"uv": {
								"north": {"uv": [126, 173], "uv_size": [1, 1]},
								"east": {"uv": [128, 173], "uv_size": [1, 1]},
								"south": {"uv": [140, 173], "uv_size": [1, 1]},
								"west": {"uv": [142, 173], "uv_size": [1, 1]},
								"up": {"uv": [157, 173], "uv_size": [1, 1]},
								"down": {"uv": [159, 174], "uv_size": [1, -1]}
							}
						},
						{
							"origin": [-0.9736, 2.91013, 9.52701],
							"size": [0.19989, 0.201, 1.20501],
							"pivot": [-1.22621, 3.38289, 10.87502],
							"rotation": [0, 9.5, 0],
							"uv": {
								"north": {"uv": [173, 161], "uv_size": [1, 1]},
								"east": {"uv": [68, 186], "uv_size": [1, 1]},
								"south": {"uv": [68, 188], "uv_size": [1, 1]},
								"west": {"uv": [62, 196], "uv_size": [1, 1]},
								"up": {"uv": [64, 196], "uv_size": [1, 1]},
								"down": {"uv": [66, 197], "uv_size": [1, -1]}
							}
						}
					]
				},
				{
					"name": "bone8",
					"parent": "scope_body",
					"pivot": [-1.11008, 2.27839, 10.87602],
					"rotation": [-24, 0, 45],
					"cubes": [
						{
							"origin": [-0.57875, 1.79491, 9.90322],
							"size": [0.636, 0.2, 1.1875],
							"inflate": 0.001,
							"uv": {
								"north": {"uv": [68, 196], "uv_size": [1, 1]},
								"east": {"uv": [0, 174], "uv_size": [1, 1]},
								"south": {"uv": [24, 174], "uv_size": [1, 1]},
								"west": {"uv": [26, 174], "uv_size": [1, 1]},
								"up": {"uv": [34, 174], "uv_size": [1, 1]},
								"down": {"uv": [36, 175], "uv_size": [1, -1]}
							}
						},
						{
							"origin": [-0.74917, 1.79491, 9.80887],
							"size": [0.19989, 0.201, 1.20501],
							"pivot": [-1.22621, 2.49211, 10.87502],
							"rotation": [0, -9.5, 0],
							"uv": {
								"north": {"uv": [41, 174], "uv_size": [1, 1]},
								"east": {"uv": [45, 174], "uv_size": [1, 1]},
								"south": {"uv": [47, 174], "uv_size": [1, 1]},
								"west": {"uv": [49, 174], "uv_size": [1, 1]},
								"up": {"uv": [58, 174], "uv_size": [1, 1]},
								"down": {"uv": [68, 175], "uv_size": [1, -1]}
							}
						},
						{
							"origin": [0.00131, 1.79491, 10.12756],
							"size": [0.19989, 0.201, 1.20501],
							"pivot": [-1.22621, 2.49211, 10.87502],
							"rotation": [0, 9.5, 0],
							"uv": {
								"north": {"uv": [70, 174], "uv_size": [1, 1]},
								"east": {"uv": [72, 174], "uv_size": [1, 1]},
								"south": {"uv": [77, 174], "uv_size": [1, 1]},
								"west": {"uv": [79, 174], "uv_size": [1, 1]},
								"up": {"uv": [81, 174], "uv_size": [1, 1]},
								"down": {"uv": [85, 175], "uv_size": [1, -1]}
							}
						}
					]
				},
				{
					"name": "bone",
					"parent": "scope_body",
					"pivot": [0, 1.59911, 4.03079],
					"cubes": [
						{
							"origin": [-0.6875, 0.1875, 9.3125],
							"size": [1.375, 0.5625, 0.3125],
							"pivot": [0.6875, 0.75, 9.625],
							"rotation": [22.5, 0, 0],
							"uv": {
								"north": {"uv": [101, 174], "uv_size": [1, 1]},
								"east": {"uv": [103, 174], "uv_size": [1, 1]},
								"south": {"uv": [105, 174], "uv_size": [1, 1]},
								"west": {"uv": [107, 174], "uv_size": [1, 1]},
								"up": {"uv": [111, 174], "uv_size": [1, 1]},
								"down": {"uv": [119, 175], "uv_size": [1, -1]}
							}
						},
						{
							"origin": [-0.6875, 0.0625, 5.875],
							"size": [1.375, 0.6875, 3.75],
							"uv": {
								"north": {"uv": [123, 174], "uv_size": [1, 1]},
								"east": {"uv": [10, 157], "uv_size": [4, 1]},
								"south": {"uv": [130, 174], "uv_size": [1, 1]},
								"west": {"uv": [40, 157], "uv_size": [4, 1]},
								"up": {"uv": [45, 157], "uv_size": [1, 4]},
								"down": {"uv": [47, 161], "uv_size": [1, -4]}
							}
						},
						{
							"origin": [-0.6875, -0.25, 2.625],
							"size": [1.375, 0.3125, 7],
							"uv": {
								"north": {"uv": [123, 174], "uv_size": [1, 1]},
								"east": {"uv": [10, 157], "uv_size": [4, 1]},
								"south": {"uv": [130, 174], "uv_size": [1, 1]},
								"west": {"uv": [40, 157], "uv_size": [4, 1]},
								"up": {"uv": [45, 157], "uv_size": [1, 4]},
								"down": {"uv": [47, 161], "uv_size": [1, -4]}
							}
						},
						{
							"origin": [-0.6875, 0.0625, 9.625],
							"size": [1.375, 0.16782, 0.21526],
							"uv": {
								"north": {"uv": [132, 174], "uv_size": [1, 1]},
								"east": {"uv": [134, 174], "uv_size": [1, 1]},
								"south": {"uv": [136, 174], "uv_size": [1, 1]},
								"west": {"uv": [138, 174], "uv_size": [1, 1]},
								"up": {"uv": [144, 174], "uv_size": [1, 1]},
								"down": {"uv": [146, 175], "uv_size": [1, -1]}
							}
						},
						{
							"origin": [-1.1875, 0.0625, 2.375],
							"size": [2.375, 1.14907, 1.78582],
							"uv": {
								"north": {"uv": [34, 165], "uv_size": [2, 1]},
								"east": {"uv": [37, 165], "uv_size": [2, 1]},
								"south": {"uv": [59, 165], "uv_size": [2, 1]},
								"west": {"uv": [62, 165], "uv_size": [2, 1]},
								"up": {"uv": [49, 157], "uv_size": [2, 2]},
								"down": {"uv": [58, 159], "uv_size": [2, -2]}
							}
						},
						{
							"origin": [-1.1875, 1.21157, 1.66082],
							"size": [2.375, 0.1875, 2.5],
							"uv": {
								"north": {"uv": [65, 165], "uv_size": [2, 1]},
								"east": {"uv": [132, 159], "uv_size": [3, 1]},
								"south": {"uv": [77, 165], "uv_size": [2, 1]},
								"west": {"uv": [157, 159], "uv_size": [3, 1]},
								"up": {"uv": [20, 155], "uv_size": [2, 3]},
								"down": {"uv": [23, 158], "uv_size": [2, -3]}
							}
						},
						{
							"origin": [-1.1875, 0.0625, 1],
							"size": [2.375, 0.625, 1.375],
							"inflate": -0.001,
							"pivot": [1.1875, 0.0625, 2.375],
							"rotation": [-58.5, 0, 0],
							"uv": {
								"north": {"uv": [80, 165], "uv_size": [2, 1]},
								"east": {"uv": [148, 174], "uv_size": [1, 1]},
								"south": {"uv": [96, 165], "uv_size": [2, 1]},
								"west": {"uv": [150, 174], "uv_size": [1, 1]},
								"up": {"uv": [99, 165], "uv_size": [2, 1]},
								"down": {"uv": [114, 166], "uv_size": [2, -1]}
							}
						},
						{
							"origin": [-1.625, 0.48928, 5.53217],
							"size": [0.9375, 0.5, 1],
							"pivot": [0, 0.73928, 6.03217],
							"rotation": [-45, 0, 0],
							"uv": {
								"north": {"uv": [152, 174], "uv_size": [1, 1]},
								"east": {"uv": [154, 174], "uv_size": [1, 1]},
								"south": {"uv": [174, 155], "uv_size": [1, 1]},
								"west": {"uv": [174, 157], "uv_size": [1, 1]},
								"up": {"uv": [174, 159], "uv_size": [1, 1]},
								"down": {"uv": [161, 175], "uv_size": [1, -1]}
							}
						},
						{
							"origin": [1.625, 0.42678, 5.53217],
							"size": [0.0625, 0.5, 1.0625],
							"inflate": -0.001,
							"pivot": [0, 0.73928, 6.03217],
							"rotation": [-45, 0, 0],
							"uv": {
								"north": {"uv": [156, 177], "uv_size": [1, 1]},
								"east": {"uv": [158, 177], "uv_size": [1, 1]},
								"south": {"uv": [177, 161], "uv_size": [1, 1]},
								"west": {"uv": [72, 186], "uv_size": [1, 1]},
								"up": {"uv": [72, 188], "uv_size": [1, 1]},
								"down": {"uv": [61, 201], "uv_size": [1, -1]}
							}
						},
						{
							"origin": [1.61247, 0.8399, 5.66405],
							"size": [0.0625, 0.09039, 1.0625],
							"inflate": -0.001,
							"pivot": [1.64372, 0.87115, 6.16405],
							"rotation": [-35.26439, -30, -35.26439],
							"uv": {
								"north": {"uv": [73, 194], "uv_size": [1, 1]},
								"east": {"uv": [73, 200], "uv_size": [1, 1]},
								"south": {"uv": [2, 179], "uv_size": [1, 1]},
								"west": {"uv": [4, 179], "uv_size": [1, 1]},
								"up": {"uv": [6, 179], "uv_size": [1, 1]},
								"down": {"uv": [8, 180], "uv_size": [1, -1]}
							}
						},
						{
							"origin": [0.6875, 0.48928, 5.53217],
							"size": [0.9375, 0.5, 1],
							"inflate": -0.001,
							"pivot": [0, 0.73928, 6.03217],
							"rotation": [-45, 0, 0],
							"uv": {
								"north": {"uv": [178, 159], "uv_size": [1, 1]},
								"east": {"uv": [160, 178], "uv_size": [1, 1]},
								"south": {"uv": [162, 178], "uv_size": [1, 1]},
								"west": {"uv": [59, 201], "uv_size": [1, 1]},
								"up": {"uv": [73, 190], "uv_size": [1, 1]},
								"down": {"uv": [73, 193], "uv_size": [1, -1]}
							}
						},
						{
							"origin": [-1.875, 0.36428, 4.58395],
							"size": [3.8125, 0.75, 0.75],
							"pivot": [0.03125, 0.73928, 4.95895],
							"rotation": [-142.5, 0, 0],
							"uv": {
								"north": {"uv": [114, 157], "uv_size": [4, 1]},
								"east": {"uv": [63, 200], "uv_size": [1, 1]},
								"south": {"uv": [122, 157], "uv_size": [4, 1]},
								"west": {"uv": [140, 186], "uv_size": [1, 1]},
								"up": {"uv": [127, 157], "uv_size": [4, 1]},
								"down": {"uv": [132, 158], "uv_size": [4, -1]}
							}
						},
						{
							"origin": [-1.4375, 0.30178, 2.70895],
							"size": [2.875, 0.75, 0.75],
							"pivot": [0, 0.67678, 3.08395],
							"rotation": [-22.5, 0, 0],
							"uv": {
								"north": {"uv": [60, 163], "uv_size": [3, 1]},
								"east": {"uv": [122, 193], "uv_size": [1, 1]},
								"south": {"uv": [64, 163], "uv_size": [3, 1]},
								"west": {"uv": [119, 186], "uv_size": [1, 1]},
								"up": {"uv": [77, 163], "uv_size": [3, 1]},
								"down": {"uv": [81, 164], "uv_size": [3, -1]}
							}
						},
						{
							"origin": [1.625, 0.0625, 5.8125],
							"size": [0.0625, 0.4375, 1.8125],
							"uv": {
								"north": {"uv": [139, 177], "uv_size": [1, 1]},
								"east": {"uv": [111, 166], "uv_size": [2, 1]},
								"south": {"uv": [141, 177], "uv_size": [1, 1]},
								"west": {"uv": [136, 166], "uv_size": [2, 1]},
								"up": {"uv": [142, 166], "uv_size": [1, 2]},
								"down": {"uv": [144, 168], "uv_size": [1, -2]}
							}
						},
						{
							"origin": [1.5625, 0.48706, 6.5],
							"size": [0.09375, 0.08839, 1.125],
							"pivot": [1.65625, 0.53125, 7.0625],
							"rotation": [0, 0, -45],
							"uv": {
								"north": {"uv": [10, 179], "uv_size": [1, 1]},
								"east": {"uv": [12, 179], "uv_size": [1, 1]},
								"south": {"uv": [14, 179], "uv_size": [1, 1]},
								"west": {"uv": [16, 179], "uv_size": [1, 1]},
								"up": {"uv": [18, 179], "uv_size": [1, 1]},
								"down": {"uv": [20, 180], "uv_size": [1, -1]}
							}
						},
						{
							"origin": [-1.625, 0.0625, 5.8125],
							"size": [3.25, 0.5, 1.8125],
							"uv": {
								"north": {"uv": [142, 164], "uv_size": [3, 1]},
								"east": {"uv": [17, 167], "uv_size": [2, 1]},
								"south": {"uv": [150, 164], "uv_size": [3, 1]},
								"west": {"uv": [20, 167], "uv_size": [2, 1]},
								"up": {"uv": [153, 155], "uv_size": [3, 2]},
								"down": {"uv": [0, 159], "uv_size": [3, -2]}
							}
						},
						{
							"origin": [1.625, 0.0625, 4.1875],
							"size": [0.0625, 3.25, 1.625],
							"uv": {
								"north": {"uv": [142, 159], "uv_size": [1, 3]},
								"east": {"uv": [34, 155], "uv_size": [2, 3]},
								"south": {"uv": [0, 160], "uv_size": [1, 3]},
								"west": {"uv": [37, 155], "uv_size": [2, 3]},
								"up": {"uv": [40, 165], "uv_size": [1, 2]},
								"down": {"uv": [83, 167], "uv_size": [1, -2]}
							}
						},
						{
							"origin": [-1.625, 0.0625, 4.125],
							"size": [3.25, 3.25, 1.75],
							"uv": {
								"north": {"uv": [131, 153], "uv_size": [3, 3]},
								"east": {"uv": [119, 155], "uv_size": [2, 3]},
								"south": {"uv": [16, 155], "uv_size": [3, 3]},
								"west": {"uv": [142, 155], "uv_size": [2, 3]},
								"up": {"uv": [145, 155], "uv_size": [3, 2]},
								"down": {"uv": [149, 157], "uv_size": [3, -2]}
							}
						},
						{
							"origin": [1.625, 3.3125, 5.1875],
							"size": [0.0625, 0.75, 0.625],
							"uv": {
								"north": {"uv": [58, 197], "uv_size": [1, 1]},
								"east": {"uv": [60, 197], "uv_size": [1, 1]},
								"south": {"uv": [69, 190], "uv_size": [1, 1]},
								"west": {"uv": [69, 192], "uv_size": [1, 1]},
								"up": {"uv": [69, 194], "uv_size": [1, 1]},
								"down": {"uv": [2, 176], "uv_size": [1, -1]}
							}
						},
						{
							"origin": [1.61206, 1.1875, 5.78125],
							"size": [0.0625, 2.875, 0.08839],
							"pivot": [1.64331, 3.6875, 5.8125],
							"rotation": [0, -45, 0],
							"uv": {
								"north": {"uv": [112, 162], "uv_size": [1, 3]},
								"east": {"uv": [148, 162], "uv_size": [1, 3]},
								"south": {"uv": [42, 163], "uv_size": [1, 3]},
								"west": {"uv": [85, 163], "uv_size": [1, 3]},
								"up": {"uv": [40, 178], "uv_size": [1, 1]},
								"down": {"uv": [44, 179], "uv_size": [1, -1]}
							}
						},
						{
							"origin": [1.67456, 3.3125, 5.11964],
							"size": [0.08839, 0.75, 0.0625],
							"pivot": [1.64331, 3.6875, 5.0625],
							"rotation": [0, -45, 0],
							"uv": {
								"north": {"uv": [46, 178], "uv_size": [1, 1]},
								"east": {"uv": [48, 178], "uv_size": [1, 1]},
								"south": {"uv": [57, 178], "uv_size": [1, 1]},
								"west": {"uv": [67, 178], "uv_size": [1, 1]},
								"up": {"uv": [69, 178], "uv_size": [1, 1]},
								"down": {"uv": [71, 179], "uv_size": [1, -1]}
							}
						},
						{
							"origin": [1.67456, 0.0625, 4.11964],
							"size": [0.08839, 3.25, 0.0625],
							"pivot": [1.64331, 0.6875, 4.0625],
							"rotation": [0, -45, 0],
							"uv": {
								"north": {"uv": [4, 165], "uv_size": [1, 3]},
								"east": {"uv": [6, 165], "uv_size": [1, 3]},
								"south": {"uv": [8, 165], "uv_size": [1, 3]},
								"west": {"uv": [10, 165], "uv_size": [1, 3]},
								"up": {"uv": [109, 179], "uv_size": [1, 1]},
								"down": {"uv": [113, 180], "uv_size": [1, -1]}
							}
						},
						{
							"origin": [-1.625, 3.3125, 5.125],
							"size": [3.25, 0.75, 0.75],
							"uv": {
								"north": {"uv": [30, 164], "uv_size": [3, 1]},
								"east": {"uv": [34, 178], "uv_size": [1, 1]},
								"south": {"uv": [53, 164], "uv_size": [3, 1]},
								"west": {"uv": [36, 178], "uv_size": [1, 1]},
								"up": {"uv": [68, 164], "uv_size": [3, 1]},
								"down": {"uv": [136, 165], "uv_size": [3, -1]}
							}
						},
						{
							"origin": [-0.3125, 3.375, 2.1875],
							"size": [0.625, 0.75, 3.6875],
							"inflate": -0.001,
							"uv": {
								"north": {"uv": [4, 175], "uv_size": [1, 1]},
								"east": {"uv": [61, 157], "uv_size": [4, 1]},
								"south": {"uv": [6, 175], "uv_size": [1, 1]},
								"west": {"uv": [66, 157], "uv_size": [4, 1]},
								"up": {"uv": [52, 157], "uv_size": [1, 4]},
								"down": {"uv": [76, 161], "uv_size": [1, -4]}
							}
						},
						{
							"origin": [0.28025, 4.04997, 5.125],
							"size": [0.125, 0.0625, 0.75],
							"inflate": -0.001,
							"pivot": [0.3115, 4.08122, 5.53125],
							"rotation": [0, 0, 45],
							"uv": {
								"north": {"uv": [76, 178], "uv_size": [1, 1]},
								"east": {"uv": [78, 178], "uv_size": [1, 1]},
								"south": {"uv": [80, 178], "uv_size": [1, 1]},
								"west": {"uv": [84, 178], "uv_size": [1, 1]},
								"up": {"uv": [101, 178], "uv_size": [1, 1]},
								"down": {"uv": [103, 179], "uv_size": [1, -1]}
							}
						},
						{
							"origin": [-0.3125, 3.625, 1.25],
							"size": [0.625, 0.5, 0.9375],
							"pivot": [0.3125, 4.125, 2.1875],
							"rotation": [35, 0, 0],
							"uv": {
								"north": {"uv": [8, 175], "uv_size": [1, 1]},
								"east": {"uv": [10, 175], "uv_size": [1, 1]},
								"south": {"uv": [12, 175], "uv_size": [1, 1]},
								"west": {"uv": [14, 175], "uv_size": [1, 1]},
								"up": {"uv": [16, 175], "uv_size": [1, 1]},
								"down": {"uv": [18, 176], "uv_size": [1, -1]}
							}
						},
						{
							"origin": [-1.6875, 1.6875, 1.625],
							"size": [3.375, 0.25, 2.5625],
							"uv": {
								"north": {"uv": [26, 160], "uv_size": [3, 1]},
								"east": {"uv": [30, 160], "uv_size": [3, 1]},
								"south": {"uv": [136, 160], "uv_size": [3, 1]},
								"west": {"uv": [147, 160], "uv_size": [3, 1]},
								"up": {"uv": [123, 153], "uv_size": [3, 3]},
								"down": {"uv": [127, 156], "uv_size": [3, -3]}
							}
						},
						{
							"origin": [-1.6875, 1.83839, 3.78079],
							"size": [3.375, 0.3125, 0.625],
							"inflate": -0.001,
							"pivot": [0, 2.02589, 4.03079],
							"rotation": [45, 0, 0],
							"uv": {
								"north": {"uv": [96, 163], "uv_size": [3, 1]},
								"east": {"uv": [71, 200], "uv_size": [1, 1]},
								"south": {"uv": [128, 163], "uv_size": [3, 1]},
								"west": {"uv": [0, 178], "uv_size": [1, 1]},
								"up": {"uv": [132, 163], "uv_size": [3, 1]},
								"down": {"uv": [155, 164], "uv_size": [3, -1]}
							}
						},
						{
							"origin": [-1.6875, 1.47411, 3.78079],
							"size": [3.375, 0.3125, 0.5],
							"inflate": -0.001,
							"pivot": [0, 1.59911, 4.03079],
							"rotation": [-45, 0, 0],
							"uv": {
								"north": {"uv": [159, 163], "uv_size": [3, 1]},
								"east": {"uv": [24, 178], "uv_size": [1, 1]},
								"south": {"uv": [58, 186], "uv_size": [3, 1]},
								"west": {"uv": [26, 178], "uv_size": [1, 1]},
								"up": {"uv": [0, 164], "uv_size": [3, 1]},
								"down": {"uv": [26, 165], "uv_size": [3, -1]}
							}
						}
					]
				},
				{
					"name": "dfasgae",
					"parent": "scope_body",
					"pivot": [8, -5.875, -8.375],
					"cubes": [
						{
							"origin": [-0.2402, 1.5451, -1.375],
							"size": [0.4804, 1.1598, 1.5],
							"pivot": [0, 2.125, -0.375],
							"rotation": [0, 0, 45],
							"uv": {
								"north": {"uv": [20, 175], "uv_size": [1, 1]},
								"east": {"uv": [120, 165], "uv_size": [2, 1]},
								"south": {"uv": [22, 175], "uv_size": [1, 1]},
								"west": {"uv": [123, 165], "uv_size": [2, 1]},
								"up": {"uv": [102, 165], "uv_size": [1, 2]},
								"down": {"uv": [126, 167], "uv_size": [1, -2]}
							}
						},
						{
							"origin": [-0.2402, 1.5451, -1.375],
							"size": [0.4804, 1.1598, 1.5],
							"uv": {
								"north": {"uv": [28, 175], "uv_size": [1, 1]},
								"east": {"uv": [128, 165], "uv_size": [2, 1]},
								"south": {"uv": [30, 175], "uv_size": [1, 1]},
								"west": {"uv": [131, 165], "uv_size": [2, 1]},
								"up": {"uv": [134, 165], "uv_size": [1, 2]},
								"down": {"uv": [140, 167], "uv_size": [1, -2]}
							}
						},
						{
							"origin": [-0.5799, 1.8848, -1.375],
							"size": [1.1598, 0.4804, 1.5],
							"pivot": [0, 2.125, -0.375],
							"rotation": [0, 0, 45],
							"uv": {
								"north": {"uv": [32, 175], "uv_size": [1, 1]},
								"east": {"uv": [154, 165], "uv_size": [2, 1]},
								"south": {"uv": [38, 175], "uv_size": [1, 1]},
								"west": {"uv": [165, 155], "uv_size": [2, 1]},
								"up": {"uv": [157, 165], "uv_size": [1, 2]},
								"down": {"uv": [165, 159], "uv_size": [1, -2]}
							}
						},
						{
							"origin": [-0.5799, 1.8848, -1.375],
							"size": [1.1598, 0.4804, 1.5],
							"uv": {
								"north": {"uv": [43, 175], "uv_size": [1, 1]},
								"east": {"uv": [159, 165], "uv_size": [2, 1]},
								"south": {"uv": [51, 175], "uv_size": [1, 1]},
								"west": {"uv": [165, 160], "uv_size": [2, 1]},
								"up": {"uv": [162, 165], "uv_size": [1, 2]},
								"down": {"uv": [59, 190], "uv_size": [1, -2]}
							}
						},
						{
							"origin": [-0.2326, 1.8848, -1.875],
							"size": [0.5, 0.5, 1],
							"pivot": [0.0174, 2.1348, -1.625],
							"rotation": [0, 0, -45],
							"uv": {
								"north": {"uv": [53, 175], "uv_size": [1, 1]},
								"east": {"uv": [55, 175], "uv_size": [1, 1]},
								"south": {"uv": [60, 175], "uv_size": [1, 1]},
								"west": {"uv": [62, 175], "uv_size": [1, 1]},
								"up": {"uv": [64, 175], "uv_size": [1, 1]},
								"down": {"uv": [66, 176], "uv_size": [1, -1]}
							}
						}
					]
				},
				{
					"name": "sdfbfsdg",
					"parent": "scope_body",
					"pivot": [8, -5.8125, -0.625],
					"cubes": [
						{
							"origin": [-0.51777, 0.9375, 6.875],
							"size": [1.03553, 2.5, 0.25],
							"pivot": [0, 2.1875, 7.375],
							"rotation": [0, 0, 45],
							"uv": {
								"north": {"uv": [2, 160], "uv_size": [1, 3]},
								"east": {"uv": [49, 160], "uv_size": [1, 3]},
								"south": {"uv": [58, 160], "uv_size": [1, 3]},
								"west": {"uv": [151, 160], "uv_size": [1, 3]},
								"up": {"uv": [74, 175], "uv_size": [1, 1]},
								"down": {"uv": [83, 176], "uv_size": [1, -1]}
							}
						},
						{
							"origin": [-0.51777, 0.9375, 6.875],
							"size": [1.03553, 2.5, 0.25],
							"uv": {
								"north": {"uv": [153, 160], "uv_size": [1, 3]},
								"east": {"uv": [4, 161], "uv_size": [1, 3]},
								"south": {"uv": [6, 161], "uv_size": [1, 3]},
								"west": {"uv": [8, 161], "uv_size": [1, 3]},
								"up": {"uv": [87, 175], "uv_size": [1, 1]},
								"down": {"uv": [89, 176], "uv_size": [1, -1]}
							}
						},
						{
							"origin": [-1.25, 1.66973, 6.875],
							"size": [2.5, 1.03553, 0.25],
							"pivot": [0, 2.1875, 7.375],
							"rotation": [0, 0, 45],
							"uv": {
								"north": {"uv": [12, 161], "uv_size": [3, 1]},
								"east": {"uv": [91, 175], "uv_size": [1, 1]},
								"south": {"uv": [16, 161], "uv_size": [3, 1]},
								"west": {"uv": [93, 175], "uv_size": [1, 1]},
								"up": {"uv": [34, 161], "uv_size": [3, 1]},
								"down": {"uv": [38, 162], "uv_size": [3, -1]}
							}
						},
						{
							"origin": [-1.25, 1.66973, 6.875],
							"size": [2.5, 1.03553, 0.25],
							"inflate": -0.001,
							"uv": {
								"north": {"uv": [60, 161], "uv_size": [3, 1]},
								"east": {"uv": [95, 175], "uv_size": [1, 1]},
								"south": {"uv": [64, 161], "uv_size": [3, 1]},
								"west": {"uv": [97, 175], "uv_size": [1, 1]},
								"up": {"uv": [80, 161], "uv_size": [3, 1]},
								"down": {"uv": [84, 162], "uv_size": [3, -1]}
							}
						}
					]
				},
				{
					"name": "asdasd",
					"parent": "scope_body",
					"pivot": [8, -5.8125, -6.375],
					"cubes": [
						{
							"origin": [-0.51777, 0.9375, 0.375],
							"size": [1.03553, 2.5, 1],
							"pivot": [0, 2.1875, 1.625],
							"rotation": [0, 0, 45],
							"uv": {
								"north": {"uv": [100, 161], "uv_size": [1, 3]},
								"east": {"uv": [102, 161], "uv_size": [1, 3]},
								"south": {"uv": [114, 161], "uv_size": [1, 3]},
								"west": {"uv": [116, 161], "uv_size": [1, 3]},
								"up": {"uv": [99, 175], "uv_size": [1, 1]},
								"down": {"uv": [109, 176], "uv_size": [1, -1]}
							}
						},
						{
							"origin": [-0.51777, 0.9375, 0.375],
							"size": [1.03553, 2.5, 1],
							"uv": {
								"north": {"uv": [120, 161], "uv_size": [1, 3]},
								"east": {"uv": [122, 161], "uv_size": [1, 3]},
								"south": {"uv": [124, 161], "uv_size": [1, 3]},
								"west": {"uv": [126, 161], "uv_size": [1, 3]},
								"up": {"uv": [113, 175], "uv_size": [1, 1]},
								"down": {"uv": [115, 176], "uv_size": [1, -1]}
							}
						},
						{
							"origin": [-1.25, 1.66973, 0.375],
							"size": [2.5, 1.03553, 1],
							"pivot": [0, 2.1875, 1.625],
							"rotation": [0, 0, 45],
							"uv": {
								"north": {"uv": [132, 161], "uv_size": [3, 1]},
								"east": {"uv": [117, 175], "uv_size": [1, 1]},
								"south": {"uv": [161, 155], "uv_size": [3, 1]},
								"west": {"uv": [121, 175], "uv_size": [1, 1]},
								"up": {"uv": [157, 161], "uv_size": [3, 1]},
								"down": {"uv": [161, 158], "uv_size": [3, -1]}
							}
						},
						{
							"origin": [-1.25, 1.66973, 0.375],
							"size": [2.5, 1.03553, 1],
							"uv": {
								"north": {"uv": [161, 159], "uv_size": [3, 1]},
								"east": {"uv": [125, 175], "uv_size": [1, 1]},
								"south": {"uv": [161, 161], "uv_size": [3, 1]},
								"west": {"uv": [127, 175], "uv_size": [1, 1]},
								"up": {"uv": [26, 162], "uv_size": [3, 1]},
								"down": {"uv": [30, 163], "uv_size": [3, -1]}
							}
						}
					]
				},
				{
					"name": "dfgdsf",
					"parent": "scope_body",
					"pivot": [8, -5.8125, -1.625],
					"cubes": [
						{
							"origin": [-0.5799, 0.7875, 1.375],
							"size": [1.1598, 0.75, 5.5],
							"pivot": [0, 2.1875, 6.375],
							"rotation": [0, 0, 45],
							"uv": {
								"north": {"uv": [140, 175], "uv_size": [1, 1]},
								"east": {"uv": [40, 155], "uv_size": [6, 1]},
								"south": {"uv": [142, 175], "uv_size": [1, 1]},
								"west": {"uv": [47, 155], "uv_size": [6, 1]},
								"up": {"uv": [54, 155], "uv_size": [1, 6]},
								"down": {"uv": [56, 161], "uv_size": [1, -6]}
							}
						},
						{
							"origin": [-0.5799, 3.3375, 1.375],
							"size": [1.1598, 0.25, 0.25],
							"pivot": [0, 2.1875, 6.375],
							"rotation": [0, 0, 45],
							"uv": {
								"north": {"uv": [156, 175], "uv_size": [1, 1]},
								"east": {"uv": [158, 175], "uv_size": [1, 1]},
								"south": {"uv": [175, 161], "uv_size": [1, 1]},
								"west": {"uv": [70, 186], "uv_size": [1, 1]},
								"up": {"uv": [70, 188], "uv_size": [1, 1]},
								"down": {"uv": [62, 199], "uv_size": [1, -1]}
							}
						},
						{
							"origin": [0.84698, 2.81374, 1.59915],
							"size": [0.7223, 0.25, 0.25],
							"inflate": -0.001,
							"pivot": [1.05188, 2.93874, 1.72415],
							"rotation": [0, -67.5, 45],
							"uv": {
								"north": {"uv": [64, 198], "uv_size": [1, 1]},
								"east": {"uv": [66, 198], "uv_size": [1, 1]},
								"south": {"uv": [68, 198], "uv_size": [1, 1]},
								"west": {"uv": [70, 196], "uv_size": [1, 1]},
								"up": {"uv": [70, 198], "uv_size": [1, 1]},
								"down": {"uv": [0, 177], "uv_size": [1, -1]}
							}
						},
						{
							"origin": [0.73301, 2.77146, 2.99351],
							"size": [0.7223, 0.25, 0.25],
							"inflate": -0.001,
							"pivot": [1.09416, 2.89646, 3.11851],
							"rotation": [-180, -67.5, -135],
							"uv": {
								"north": {"uv": [24, 176], "uv_size": [1, 1]},
								"east": {"uv": [26, 176], "uv_size": [1, 1]},
								"south": {"uv": [34, 176], "uv_size": [1, 1]},
								"west": {"uv": [36, 176], "uv_size": [1, 1]},
								"up": {"uv": [40, 176], "uv_size": [1, 1]},
								"down": {"uv": [45, 177], "uv_size": [1, -1]}
							}
						},
						{
							"origin": [0.34749, 3.15557, 3.00519],
							"size": [0.7223, 0.25, 0.25],
							"inflate": -0.001,
							"pivot": [0.70863, 3.28057, 3.13019],
							"rotation": [0, -67.5, 45],
							"uv": {
								"north": {"uv": [47, 176], "uv_size": [1, 1]},
								"east": {"uv": [49, 176], "uv_size": [1, 1]},
								"south": {"uv": [57, 176], "uv_size": [1, 1]},
								"west": {"uv": [68, 176], "uv_size": [1, 1]},
								"up": {"uv": [70, 176], "uv_size": [1, 1]},
								"down": {"uv": [72, 177], "uv_size": [1, -1]}
							}
						},
						{
							"origin": [0.34749, 3.15557, 1.69269],
							"size": [0.7223, 0.25, 0.25],
							"inflate": -0.001,
							"pivot": [0.70863, 3.28057, 1.81769],
							"rotation": [-180, -67.5, -135],
							"uv": {
								"north": {"uv": [76, 176], "uv_size": [1, 1]},
								"east": {"uv": [78, 176], "uv_size": [1, 1]},
								"south": {"uv": [80, 176], "uv_size": [1, 1]},
								"west": {"uv": [85, 176], "uv_size": [1, 1]},
								"up": {"uv": [101, 176], "uv_size": [1, 1]},
								"down": {"uv": [103, 177], "uv_size": [1, -1]}
							}
						},
						{
							"origin": [0.2951, 3.3375, 1.625],
							"size": [0.2848, 0.25, 1.75],
							"pivot": [0, 2.1875, 6.625],
							"rotation": [0, 0, 45],
							"uv": {
								"north": {"uv": [105, 176], "uv_size": [1, 1]},
								"east": {"uv": [0, 166], "uv_size": [2, 1]},
								"south": {"uv": [107, 176], "uv_size": [1, 1]},
								"west": {"uv": [26, 166], "uv_size": [2, 1]},
								"up": {"uv": [29, 166], "uv_size": [1, 2]},
								"down": {"uv": [31, 168], "uv_size": [1, -2]}
							}
						},
						{
							"origin": [-0.5799, 3.3375, 1.625],
							"size": [0.2848, 0.25, 1.75],
							"pivot": [0, 2.1875, 6.625],
							"rotation": [0, 0, 45],
							"uv": {
								"north": {"uv": [111, 176], "uv_size": [1, 1]},
								"east": {"uv": [44, 166], "uv_size": [2, 1]},
								"south": {"uv": [119, 176], "uv_size": [1, 1]},
								"west": {"uv": [50, 166], "uv_size": [2, 1]},
								"up": {"uv": [53, 166], "uv_size": [1, 2]},
								"down": {"uv": [55, 168], "uv_size": [1, -2]}
							}
						},
						{
							"origin": [0.2951, 3.3375, 1.625],
							"size": [0.2848, 0.25, 1.75],
							"pivot": [0, 2.1875, 6.625],
							"rotation": [0, 0, -45],
							"uv": {
								"north": {"uv": [123, 176], "uv_size": [1, 1]},
								"east": {"uv": [68, 166], "uv_size": [2, 1]},
								"south": {"uv": [129, 176], "uv_size": [1, 1]},
								"west": {"uv": [74, 166], "uv_size": [2, 1]},
								"up": {"uv": [87, 166], "uv_size": [1, 2]},
								"down": {"uv": [89, 168], "uv_size": [1, -2]}
							}
						},
						{
							"origin": [-1.06978, 3.15557, 3.00519],
							"size": [0.7223, 0.25, 0.25],
							"inflate": -0.001,
							"pivot": [-0.70863, 3.28057, 3.13019],
							"rotation": [0, 67.5, -45],
							"uv": {
								"north": {"uv": [131, 176], "uv_size": [1, 1]},
								"east": {"uv": [133, 176], "uv_size": [1, 1]},
								"south": {"uv": [135, 176], "uv_size": [1, 1]},
								"west": {"uv": [137, 176], "uv_size": [1, 1]},
								"up": {"uv": [144, 176], "uv_size": [1, 1]},
								"down": {"uv": [146, 177], "uv_size": [1, -1]}
							}
						},
						{
							"origin": [-1.45531, 2.77146, 2.99351],
							"size": [0.7223, 0.25, 0.25],
							"inflate": -0.001,
							"pivot": [-1.09416, 2.89646, 3.11851],
							"rotation": [-180, 67.5, 135],
							"uv": {
								"north": {"uv": [148, 176], "uv_size": [1, 1]},
								"east": {"uv": [150, 176], "uv_size": [1, 1]},
								"south": {"uv": [152, 176], "uv_size": [1, 1]},
								"west": {"uv": [154, 176], "uv_size": [1, 1]},
								"up": {"uv": [176, 155], "uv_size": [1, 1]},
								"down": {"uv": [176, 158], "uv_size": [1, -1]}
							}
						},
						{
							"origin": [-0.5799, 3.3375, 1.625],
							"size": [0.2848, 0.25, 1.75],
							"pivot": [0, 2.1875, 6.625],
							"rotation": [0, 0, -45],
							"uv": {
								"north": {"uv": [176, 159], "uv_size": [1, 1]},
								"east": {"uv": [91, 166], "uv_size": [2, 1]},
								"south": {"uv": [160, 176], "uv_size": [1, 1]},
								"west": {"uv": [106, 166], "uv_size": [2, 1]},
								"up": {"uv": [94, 166], "uv_size": [1, 2]},
								"down": {"uv": [109, 168], "uv_size": [1, -2]}
							}
						},
						{
							"origin": [-1.56928, 2.81374, 1.59915],
							"size": [0.7223, 0.25, 0.25],
							"inflate": -0.001,
							"pivot": [-1.05188, 2.93874, 1.72415],
							"rotation": [0, 67.5, -45],
							"uv": {
								"north": {"uv": [162, 176], "uv_size": [1, 1]},
								"east": {"uv": [59, 199], "uv_size": [1, 1]},
								"south": {"uv": [71, 190], "uv_size": [1, 1]},
								"west": {"uv": [71, 192], "uv_size": [1, 1]},
								"up": {"uv": [71, 194], "uv_size": [1, 1]},
								"down": {"uv": [2, 178], "uv_size": [1, -1]}
							}
						},
						{
							"origin": [-1.06978, 3.15557, 1.69269],
							"size": [0.7223, 0.25, 0.25],
							"inflate": -0.001,
							"pivot": [-0.70863, 3.28057, 1.81769],
							"rotation": [-180, 67.5, 135],
							"uv": {
								"north": {"uv": [4, 177], "uv_size": [1, 1]},
								"east": {"uv": [6, 177], "uv_size": [1, 1]},
								"south": {"uv": [8, 177], "uv_size": [1, 1]},
								"west": {"uv": [10, 177], "uv_size": [1, 1]},
								"up": {"uv": [12, 177], "uv_size": [1, 1]},
								"down": {"uv": [14, 178], "uv_size": [1, -1]}
							}
						},
						{
							"origin": [-0.5799, 3.3375, 3.375],
							"size": [1.1598, 0.25, 3.5],
							"pivot": [0, 2.1875, 6.375],
							"rotation": [0, 0, 45],
							"uv": {
								"north": {"uv": [16, 177], "uv_size": [1, 1]},
								"east": {"uv": [78, 157], "uv_size": [4, 1]},
								"south": {"uv": [18, 177], "uv_size": [1, 1]},
								"west": {"uv": [83, 157], "uv_size": [4, 1]},
								"up": {"uv": [88, 157], "uv_size": [1, 4]},
								"down": {"uv": [94, 161], "uv_size": [1, -4]}
							}
						},
						{
							"origin": [-0.5799, 3.2875, 1.375],
							"size": [1.1598, 0.3, 5.5],
							"uv": {
								"north": {"uv": [20, 177], "uv_size": [1, 1]},
								"east": {"uv": [58, 155], "uv_size": [6, 1]},
								"south": {"uv": [22, 177], "uv_size": [1, 1]},
								"west": {"uv": [65, 155], "uv_size": [6, 1]},
								"up": {"uv": [72, 155], "uv_size": [1, 6]},
								"down": {"uv": [74, 161], "uv_size": [1, -6]}
							}
						},
						{
							"origin": [-0.5799, 0.7875, 1.375],
							"size": [1.1598, 1.3, 5.5],
							"uv": {
								"north": {"uv": [28, 177], "uv_size": [1, 1]},
								"east": {"uv": [76, 155], "uv_size": [6, 1]},
								"south": {"uv": [30, 177], "uv_size": [1, 1]},
								"west": {"uv": [83, 155], "uv_size": [6, 1]},
								"up": {"uv": [90, 155], "uv_size": [1, 6]},
								"down": {"uv": [92, 161], "uv_size": [1, -6]}
							}
						},
						{
							"origin": [-0.3201, 3.5375, 6.0625],
							"size": [0.65, 0.3625, 0.65],
							"pivot": [0.0049, 3.71875, 6.3875],
							"rotation": [0, -65, 0],
							"uv": {
								"north": {"uv": [32, 177], "uv_size": [1, 1]},
								"east": {"uv": [38, 177], "uv_size": [1, 1]},
								"south": {"uv": [42, 177], "uv_size": [1, 1]},
								"west": {"uv": [51, 177], "uv_size": [1, 1]},
								"up": {"uv": [53, 177], "uv_size": [1, 1]},
								"down": {"uv": [55, 178], "uv_size": [1, -1]}
							}
						},
						{
							"origin": [-0.35135, 0.50625, 6.0625],
							"size": [0.65, 3.4875, 0.65],
							"pivot": [-0.02635, 2.21875, 6.3875],
							"rotation": [0, 45, 90],
							"uv": {
								"north": {"uv": [140, 161], "uv_size": [1, 3]},
								"east": {"uv": [44, 162], "uv_size": [1, 3]},
								"south": {"uv": [46, 162], "uv_size": [1, 3]},
								"west": {"uv": [51, 162], "uv_size": [1, 3]},
								"up": {"uv": [59, 177], "uv_size": [1, 1]},
								"down": {"uv": [61, 178], "uv_size": [1, -1]}
							}
						},
						{
							"origin": [0.6, 1.6076, 1.375],
							"size": [0.8, 1.1598, 5.5],
							"pivot": [0, 2.1875, 6.375],
							"rotation": [0, 0, 45],
							"uv": {
								"north": {"uv": [63, 177], "uv_size": [1, 1]},
								"east": {"uv": [94, 155], "uv_size": [6, 1]},
								"south": {"uv": [65, 177], "uv_size": [1, 1]},
								"west": {"uv": [101, 155], "uv_size": [6, 1]},
								"up": {"uv": [108, 155], "uv_size": [1, 6]},
								"down": {"uv": [110, 161], "uv_size": [1, -6]}
							}
						},
						{
							"origin": [-1.4, 1.6076, 3.375],
							"size": [0.25, 1.1598, 3.5],
							"pivot": [0, 2.1875, 6.375],
							"rotation": [0, 0, 45],
							"uv": {
								"north": {"uv": [74, 177], "uv_size": [1, 1]},
								"east": {"uv": [96, 157], "uv_size": [4, 1]},
								"south": {"uv": [82, 177], "uv_size": [1, 1]},
								"west": {"uv": [101, 157], "uv_size": [4, 1]},
								"up": {"uv": [106, 157], "uv_size": [1, 4]},
								"down": {"uv": [112, 161], "uv_size": [1, -4]}
							}
						},
						{
							"origin": [-1.4, 1.6076, 1.375],
							"size": [0.25, 1.1598, 0.25],
							"pivot": [0, 2.1875, 4.375],
							"rotation": [0, 0, 45],
							"uv": {
								"north": {"uv": [87, 177], "uv_size": [1, 1]},
								"east": {"uv": [89, 177], "uv_size": [1, 1]},
								"south": {"uv": [91, 177], "uv_size": [1, 1]},
								"west": {"uv": [93, 177], "uv_size": [1, 1]},
								"up": {"uv": [95, 177], "uv_size": [1, 1]},
								"down": {"uv": [97, 178], "uv_size": [1, -1]}
							}
						},
						{
							"origin": [-1.4, 1.6076, 1.375],
							"size": [2.8, 1.1598, 5.5],
							"uv": {
								"north": {"uv": [53, 162], "uv_size": [3, 1]},
								"east": {"uv": [112, 155], "uv_size": [6, 1]},
								"south": {"uv": [71, 162], "uv_size": [3, 1]},
								"west": {"uv": [135, 155], "uv_size": [6, 1]},
								"up": {"uv": [26, 153], "uv_size": [3, 6]},
								"down": {"uv": [30, 159], "uv_size": [3, -6]}
							}
						}
					]
				},
				{
					"name": "sdfgdsf",
					"parent": "scope_body",
					"pivot": [8, -5.8125, -3.125],
					"cubes": [
						{
							"origin": [-0.5799, 0.7875, 0.125],
							"size": [1.1598, 2.8, 0.25],
							"pivot": [0, 2.1875, 4.875],
							"rotation": [0, 0, 45],
							"uv": {
								"north": {"uv": [75, 162], "uv_size": [1, 3]},
								"east": {"uv": [88, 162], "uv_size": [1, 3]},
								"south": {"uv": [90, 162], "uv_size": [1, 3]},
								"west": {"uv": [92, 162], "uv_size": [1, 3]},
								"up": {"uv": [99, 177], "uv_size": [1, 1]},
								"down": {"uv": [109, 178], "uv_size": [1, -1]}
							}
						},
						{
							"origin": [-0.5799, 0.7875, 0.125],
							"size": [1.1598, 2.8, 0.25],
							"uv": {
								"north": {"uv": [94, 162], "uv_size": [1, 3]},
								"east": {"uv": [106, 162], "uv_size": [1, 3]},
								"south": {"uv": [108, 162], "uv_size": [1, 3]},
								"west": {"uv": [110, 162], "uv_size": [1, 3]},
								"up": {"uv": [113, 177], "uv_size": [1, 1]},
								"down": {"uv": [115, 178], "uv_size": [1, -1]}
							}
						},
						{
							"origin": [-1.4, 1.6076, 0.125],
							"size": [2.8, 1.1598, 0.25],
							"pivot": [0, 2.1875, 4.875],
							"rotation": [0, 0, 45],
							"uv": {
								"north": {"uv": [136, 162], "uv_size": [3, 1]},
								"east": {"uv": [117, 177], "uv_size": [1, 1]},
								"south": {"uv": [144, 162], "uv_size": [3, 1]},
								"west": {"uv": [121, 177], "uv_size": [1, 1]},
								"up": {"uv": [10, 163], "uv_size": [3, 1]},
								"down": {"uv": [14, 164], "uv_size": [3, -1]}
							}
						},
						{
							"origin": [-1.4, 1.6076, 0.125],
							"size": [2.8, 1.1598, 0.25],
							"uv": {
								"north": {"uv": [18, 163], "uv_size": [3, 1]},
								"east": {"uv": [125, 177], "uv_size": [1, 1]},
								"south": {"uv": [22, 163], "uv_size": [3, 1]},
								"west": {"uv": [127, 177], "uv_size": [1, 1]},
								"up": {"uv": [34, 163], "uv_size": [3, 1]},
								"down": {"uv": [38, 164], "uv_size": [3, -1]}
							}
						}
					]
				},
				{
					"name": "ocular_ring",
					"pivot": [0, 2.1875, 12.5],
					"cubes": [
						{
							"origin": [-0.51777, 0.9375, 12.375],
							"size": [1.03553, 0.2, 0.25],
							"pivot": [0, 2.1875, 11.625],
							"rotation": [0, 0, 45],
							"uv": {
								"north": {"uv": [312, 30], "uv_size": [1, 1]},
								"east": {"uv": [335, 30], "uv_size": [1, 1]},
								"south": {"uv": [343, 30], "uv_size": [1, 1]},
								"west": {"uv": [345, 30], "uv_size": [1, 1]},
								"up": {"uv": [347, 30], "uv_size": [1, 1]},
								"down": {"uv": [349, 31], "uv_size": [1, -1]}
							}
						},
						{
							"origin": [-0.51777, 0.9375, 12.375],
							"size": [1.03553, 0.2, 0.25],
							"uv": {
								"north": {"uv": [356, 30], "uv_size": [1, 1]},
								"east": {"uv": [358, 30], "uv_size": [1, 1]},
								"south": {"uv": [360, 30], "uv_size": [1, 1]},
								"west": {"uv": [362, 30], "uv_size": [1, 1]},
								"up": {"uv": [378, 17], "uv_size": [1, 1]},
								"down": {"uv": [366, 31], "uv_size": [1, -1]}
							}
						},
						{
							"origin": [-0.51777, 3.2375, 12.375],
							"size": [1.03553, 0.2, 0.25],
							"pivot": [0, 2.1875, 11.625],
							"rotation": [0, 0, 45],
							"uv": {
								"north": {"uv": [378, 21], "uv_size": [1, 1]},
								"east": {"uv": [372, 30], "uv_size": [1, 1]},
								"south": {"uv": [374, 30], "uv_size": [1, 1]},
								"west": {"uv": [378, 29], "uv_size": [1, 1]},
								"up": {"uv": [213, 31], "uv_size": [1, 1]},
								"down": {"uv": [215, 32], "uv_size": [1, -1]}
							}
						},
						{
							"origin": [-0.51777, 3.2375, 12.375],
							"size": [1.03553, 0.2, 0.25],
							"uv": {
								"north": {"uv": [217, 31], "uv_size": [1, 1]},
								"east": {"uv": [219, 31], "uv_size": [1, 1]},
								"south": {"uv": [221, 31], "uv_size": [1, 1]},
								"west": {"uv": [223, 31], "uv_size": [1, 1]},
								"up": {"uv": [225, 31], "uv_size": [1, 1]},
								"down": {"uv": [227, 32], "uv_size": [1, -1]}
							}
						},
						{
							"origin": [1.05, 1.66973, 12.375],
							"size": [0.2, 1.03553, 0.25],
							"pivot": [0, 2.1875, 11.625],
							"rotation": [0, 0, 45],
							"uv": {
								"north": {"uv": [229, 31], "uv_size": [1, 1]},
								"east": {"uv": [231, 31], "uv_size": [1, 1]},
								"south": {"uv": [233, 31], "uv_size": [1, 1]},
								"west": {"uv": [239, 31], "uv_size": [1, 1]},
								"up": {"uv": [241, 31], "uv_size": [1, 1]},
								"down": {"uv": [243, 32], "uv_size": [1, -1]}
							}
						},
						{
							"origin": [1.05, 1.66973, 12.375],
							"size": [0.2, 1.03553, 0.25],
							"uv": {
								"north": {"uv": [262, 31], "uv_size": [1, 1]},
								"east": {"uv": [264, 31], "uv_size": [1, 1]},
								"south": {"uv": [271, 31], "uv_size": [1, 1]},
								"west": {"uv": [273, 31], "uv_size": [1, 1]},
								"up": {"uv": [275, 31], "uv_size": [1, 1]},
								"down": {"uv": [297, 32], "uv_size": [1, -1]}
							}
						},
						{
							"origin": [-1.25, 1.66973, 12.375],
							"size": [0.2, 1.03553, 0.25],
							"pivot": [0, 2.1875, 11.625],
							"rotation": [0, 0, 45],
							"uv": {
								"north": {"uv": [299, 31], "uv_size": [1, 1]},
								"east": {"uv": [303, 31], "uv_size": [1, 1]},
								"south": {"uv": [305, 31], "uv_size": [1, 1]},
								"west": {"uv": [307, 31], "uv_size": [1, 1]},
								"up": {"uv": [309, 31], "uv_size": [1, 1]},
								"down": {"uv": [319, 32], "uv_size": [1, -1]}
							}
						},
						{
							"origin": [-1.25, 1.66973, 12.375],
							"size": [0.2, 1.03553, 0.25],
							"uv": {
								"north": {"uv": [324, 31], "uv_size": [1, 1]},
								"east": {"uv": [326, 31], "uv_size": [1, 1]},
								"south": {"uv": [328, 31], "uv_size": [1, 1]},
								"west": {"uv": [332, 31], "uv_size": [1, 1]},
								"up": {"uv": [337, 31], "uv_size": [1, 1]},
								"down": {"uv": [339, 32], "uv_size": [1, -1]}
							}
						}
					]
				},
				{
					"name": "ocular",
					"pivot": [0, 2.45, 14.975]
				},
				{
					"name": "dfadsfdsa2",
					"parent": "ocular",
					"pivot": [8, -5.0625, 3.6875],
					"cubes": [
						{
							"origin": [-0.51777, 0.9375, 12.4375],
							"size": [1.03553, 2.4375, 0],
							"pivot": [0, 2.1875, 11.6875],
							"rotation": [0, 0, 45],
							"uv": {
								"south": {"uv": [212, 57], "uv_size": [2, 4]}
							}
						},
						{
							"origin": [-0.51777, 0.9375, 12.4375],
							"size": [1.03553, 2.4375, 0],
							"inflate": -0.001,
							"uv": {
								"south": {"uv": [291, 60], "uv_size": [2, 4]}
							}
						},
						{
							"origin": [-1.25, 1.66973, 12.4375],
							"size": [2.4375, 1.03553, 0],
							"inflate": -0.002,
							"pivot": [0, 2.1875, 11.6875],
							"rotation": [0, 0, 45],
							"uv": {
								"south": {"uv": [306, 60], "uv_size": [4, 2]}
							}
						},
						{
							"origin": [-1.1875, 1.66973, 12.4375],
							"size": [2.375, 1.03553, 0],
							"inflate": 0.002,
							"uv": {
								"south": {"uv": [311, 60], "uv_size": [4, 2]}
							}
						}
					]
				},
				{
					"name": "scope_view",
					"pivot": [0, 2.1875, 16.75]
				},
				{
					"name": "division",
					"pivot": [0.03125, 1.8316, -87.51389],
					"cubes": [
						{
							"origin": [-26.1875, -24.03124, -87.75],
							"size": [52.375, 52.40625, 0.25],
							"uv": {
								"south": {"uv": [149, 149], "uv_size": [363, 363]}
							}
						},
						{
							"origin": [-92.89375, -74.64062, -87.75],
							"size": [52.70625, 152.375, 0.25],
							"uv": {
								"south": {"uv": [0, 0], "uv_size": [67, 152]}
							}
						},
						{
							"origin": [41.1875, -74.64062, -87.75],
							"size": [52.26875, 152.375, 0.25],
							"uv": {
								"south": {"uv": [68, 0], "uv_size": [67, 152]}
							}
						},
						{
							"origin": [-39.1875, 42.79688, -87.75],
							"size": [80.375, 34.9375, 0.25],
							"uv": {
								"south": {"uv": [136, 53], "uv_size": [52, 50]}
							}
						},
						{
							"origin": [-39.1875, -74.64062, -87.75],
							"size": [80.375, 34, 0.25],
							"uv": {
								"south": {"uv": [136, 104], "uv_size": [52, 50]}
							}
						},
						{
							"origin": [-11, 9.1875, -87.375],
							"size": [2, 0.5, 0],
							"pivot": [0, 9.4375, -87.375],
							"rotation": [0, 0, -90],
							"uv": {
								"south": {"uv": [6, 216], "uv_size": [18, 3]}
							}
						},
						{
							"origin": [-12, 15.6875, -87.375],
							"size": [2, 0.5, 0],
							"pivot": [0, 15.9375, -87.375],
							"rotation": [0, 0, -90],
							"uv": {
								"south": {"uv": [6, 216], "uv_size": [18, 3]}
							}
						},
						{
							"origin": [1.75, 1.9375, -87.375],
							"size": [2, 0.5, 0],
							"uv": {
								"south": {"uv": [25, 216], "uv_size": [18, 3]}
							}
						},
						{
							"origin": [-3.75, 1.9375, -87.375],
							"size": [2, 0.5, 0],
							"uv": {
								"south": {"uv": [44, 216], "uv_size": [18, 3]}
							}
						}
					]
				},
				{
					"name": "cross_illuminated",
					"parent": "division",
					"pivot": [0, 2.1875, -87.3125],
					"cubes": [
						{
							"origin": [-0.625, 1.57322, -87.3125],
							"size": [1.25, 1.25, 0],
							"pivot": [0, 2.19822, -87.3125],
							"rotation": [0, 0, -45],
							"uv": {
								"south": {"uv": [108, 221], "uv_size": [3, 3]}
							}
						}
					]
				}
			]
		}
	]
}