{
	"format_version": "1.12.0",
	"minecraft:geometry": [
		{
			"description": {
				"identifier": "geometry.unknown",
				"texture_width": 256,
				"texture_height": 256,
				"visible_bounds_width": 5,
				"visible_bounds_height": 4,
				"visible_bounds_offset": [0, 1, 0]
			},
			"bones": [
				{
					"name": "ocular_ring",
					"pivot": [0, 0, 0]
				},
				{
					"name": "gdsgfds",
					"parent": "ocular_ring",
					"pivot": [10, -3.3125, 4],
					"cubes": [
						{
							"origin": [0.69452, 1.60625, 5.1875],
							"size": [0.61097, 0.1, 0.125],
							"pivot": [1, 2.34375, 5.4375],
							"rotation": [0, 0, 45],
							"uv": {
								"north": {"uv": [243.5, 95.5], "uv_size": [2.5, 0.5]},
								"east": {"uv": [99.5, 255.5], "uv_size": [0.5, 0.5]},
								"south": {"uv": [0, 253.5], "uv_size": [2.5, 0.5]},
								"west": {"uv": [103.5, 255.5], "uv_size": [0.5, 0.5]},
								"up": {"uv": [243.5, 99.5], "uv_size": [2.5, 0.5]},
								"down": {"uv": [109.5, 244], "uv_size": [2.5, -0.5]}
							}
						},
						{
							"origin": [0.69452, 1.60625, 5.1875],
							"size": [0.61097, 0.1, 0.125],
							"uv": {
								"north": {"uv": [243.5, 109.5], "uv_size": [2.5, 0.5]},
								"east": {"uv": [107.5, 255.5], "uv_size": [0.5, 0.5]},
								"south": {"uv": [16, 253.5], "uv_size": [2.5, 0.5]},
								"west": {"uv": [111.5, 255.5], "uv_size": [0.5, 0.5]},
								"up": {"uv": [121.5, 243.5], "uv_size": [2.5, 0.5]},
								"down": {"uv": [243.5, 122], "uv_size": [2.5, -0.5]}
							}
						},
						{
							"origin": [0.69452, 2.98125, 5.1875],
							"size": [0.61097, 0.1, 0.125],
							"pivot": [1, 2.34375, 5.4375],
							"rotation": [0, 0, 45],
							"uv": {
								"north": {"uv": [127.5, 243.5], "uv_size": [2.5, 0.5]},
								"east": {"uv": [255.5, 111.5], "uv_size": [0.5, 0.5]},
								"south": {"uv": [34, 253.5], "uv_size": [2.5, 0.5]},
								"west": {"uv": [115.5, 255.5], "uv_size": [0.5, 0.5]},
								"up": {"uv": [243.5, 135.5], "uv_size": [2.5, 0.5]},
								"down": {"uv": [139.5, 244], "uv_size": [2.5, -0.5]}
							}
						},
						{
							"origin": [0.69452, 2.98125, 5.1875],
							"size": [0.61097, 0.1, 0.125],
							"uv": {
								"north": {"uv": [145.5, 243.5], "uv_size": [2.5, 0.5]},
								"east": {"uv": [255.5, 115.5], "uv_size": [0.5, 0.5]},
								"south": {"uv": [52, 253.5], "uv_size": [2.5, 0.5]},
								"west": {"uv": [119.5, 255.5], "uv_size": [0.5, 0.5]},
								"up": {"uv": [157.5, 243.5], "uv_size": [2.5, 0.5]},
								"down": {"uv": [163.5, 244], "uv_size": [2.5, -0.5]}
							}
						},
						{
							"origin": [1.6375, 2.03827, 5.1875],
							"size": [0.1, 0.61097, 0.125],
							"pivot": [1, 2.34375, 5.4375],
							"rotation": [0, 0, 45],
							"uv": {
								"north": {"uv": [91.5, 243.5], "uv_size": [0.5, 2.5]},
								"east": {"uv": [169.5, 243.5], "uv_size": [0.5, 2.5]},
								"south": {"uv": [74, 253.5], "uv_size": [0.5, 2.5]},
								"west": {"uv": [177.5, 243.5], "uv_size": [0.5, 2.5]},
								"up": {"uv": [123.5, 255.5], "uv_size": [0.5, 0.5]},
								"down": {"uv": [255.5, 124], "uv_size": [0.5, -0.5]}
							}
						},
						{
							"origin": [1.6375, 2.03827, 5.1875],
							"size": [0.1, 0.61097, 0.125],
							"uv": {
								"north": {"uv": [181.5, 243.5], "uv_size": [0.5, 2.5]},
								"east": {"uv": [185.5, 243.5], "uv_size": [0.5, 2.5]},
								"south": {"uv": [144, 195.5], "uv_size": [0.5, 2.5]},
								"west": {"uv": [189.5, 243.5], "uv_size": [0.5, 2.5]},
								"up": {"uv": [127.5, 255.5], "uv_size": [0.5, 0.5]},
								"down": {"uv": [131.5, 256], "uv_size": [0.5, -0.5]}
							}
						},
						{
							"origin": [0.2625, 2.03827, 5.1875],
							"size": [0.1, 0.61097, 0.125],
							"pivot": [1, 2.34375, 5.4375],
							"rotation": [0, 0, 45],
							"uv": {
								"north": {"uv": [243.5, 191.5], "uv_size": [0.5, 2.5]},
								"east": {"uv": [193.5, 243.5], "uv_size": [0.5, 2.5]},
								"south": {"uv": [98, 253.5], "uv_size": [0.5, 2.5]},
								"west": {"uv": [201.5, 243.5], "uv_size": [0.5, 2.5]},
								"up": {"uv": [135.5, 255.5], "uv_size": [0.5, 0.5]},
								"down": {"uv": [139.5, 256], "uv_size": [0.5, -0.5]}
							}
						},
						{
							"origin": [0.2625, 2.03827, 5.1875],
							"size": [0.1, 0.61097, 0.125],
							"uv": {
								"north": {"uv": [205.5, 243.5], "uv_size": [0.5, 2.5]},
								"east": {"uv": [243.5, 207.5], "uv_size": [0.5, 2.5]},
								"south": {"uv": [110, 253.5], "uv_size": [0.5, 2.5]},
								"west": {"uv": [233.5, 243.5], "uv_size": [0.5, 2.5]},
								"up": {"uv": [143.5, 255.5], "uv_size": [0.5, 0.5]},
								"down": {"uv": [147.5, 256], "uv_size": [0.5, -0.5]}
							}
						}
					]
				},
				{
					"name": "scope_body",
					"pivot": [1, 2.34375, -5.34375],
					"cubes": [
						{
							"origin": [0.5, 2.09375, -5.34375],
							"size": [1, 0.5, 0],
							"pivot": [1, 2.34375, -5.59375],
							"rotation": [0, 0, 45],
							"uv": {
								"north": {"uv": [87.5, 213.5], "uv_size": [4, 2]},
								"east": {"uv": [199.5, 88], "uv_size": [0, 2]},
								"south": {"uv": [213.5, 135.5], "uv_size": [4, 2]},
								"west": {"uv": [199.5, 92], "uv_size": [0, 2]},
								"up": {"uv": [227.5, 30], "uv_size": [4, 0]},
								"down": {"uv": [211.5, 125.5], "uv_size": [4, 0]}
							}
						},
						{
							"origin": [0.5, 2.09375, -5.34375],
							"size": [1, 0.5, 0],
							"uv": {
								"south": {"uv": [81.5, 213.5], "uv_size": [4, 2]}
							}
						},
						{
							"origin": [0.5, 2.09375, -5.34375],
							"size": [1, 0.5, 0],
							"pivot": [1, 2.34375, -5.34375],
							"rotation": [0, 0, 90],
							"uv": {
								"south": {"uv": [223.5, 72], "uv_size": [4, 2]}
							}
						},
						{
							"origin": [0.71875, 1.84375, -5.34375],
							"size": [0.5625, 1, 0],
							"pivot": [1, 2.34375, -5.59375],
							"rotation": [0, 0, 45],
							"uv": {
								"south": {"uv": [157.5, 205.5], "uv_size": [2.5, 4]}
							}
						}
					]
				},
				{
					"name": "miaoju",
					"parent": "scope_body",
					"pivot": [1.8185, 3.52485, 5.47332],
					"cubes": [
						{
							"origin": [0.375, -0.40625, -2.875],
							"size": [0.25, 0.90625, 5.75],
							"uv": {
								"north": {"uv": [199.5, 223.5], "uv_size": [1, 3.5]},
								"east": {"uv": [233, 0], "uv_size": [23, 3.5]},
								"south": {"uv": [203.5, 223.5], "uv_size": [1, 3.5]},
								"west": {"uv": [199.5, 6], "uv_size": [23, 3.5]},
								"up": {"uv": [209.5, 112], "uv_size": [1, 23]},
								"down": {"uv": [213.5, 135], "uv_size": [1, -23]}
							}
						},
						{
							"origin": [0, -0.1875, 1.84375],
							"size": [0.375, 0.59375, 0.6875],
							"pivot": [0.25, 0.14063, 2.09375],
							"rotation": [-45, 0, 0],
							"uv": {
								"north": {"uv": [135.5, 223.5], "uv_size": [1.5, 2.5]},
								"east": {"uv": [99.5, 215.5], "uv_size": [3, 2.5]},
								"south": {"uv": [139.5, 223.5], "uv_size": [1.5, 2.5]},
								"west": {"uv": [105.5, 215.5], "uv_size": [3, 2.5]},
								"up": {"uv": [221.5, 125.5], "uv_size": [1.5, 3]},
								"down": {"uv": [187.5, 224.5], "uv_size": [1.5, -3]}
							}
						},
						{
							"origin": [0, -0.1875, -2.4375],
							"size": [0.375, 0.59375, 0.6875],
							"pivot": [0.25, 0.14063, -2.1875],
							"rotation": [-45, 0, 0],
							"uv": {
								"north": {"uv": [143.5, 223.5], "uv_size": [1.5, 2.5]},
								"east": {"uv": [111.5, 215.5], "uv_size": [3, 2.5]},
								"south": {"uv": [147.5, 223.5], "uv_size": [1.5, 2.5]},
								"west": {"uv": [117.5, 215.5], "uv_size": [3, 2.5]},
								"up": {"uv": [81.5, 223.5], "uv_size": [1.5, 3]},
								"down": {"uv": [223.5, 84.5], "uv_size": [1.5, -3]}
							}
						},
						{
							"origin": [0.625, -0.375, -0.875],
							"size": [0.375, 1, 1.875],
							"uv": {
								"north": {"uv": [81.5, 217.5], "uv_size": [1.5, 4]},
								"east": {"uv": [211.5, 20], "uv_size": [7.5, 4]},
								"south": {"uv": [85.5, 217.5], "uv_size": [1.5, 4]},
								"west": {"uv": [211.5, 26], "uv_size": [7.5, 4]},
								"up": {"uv": [117.5, 205.5], "uv_size": [1.5, 7.5]},
								"down": {"uv": [121.5, 213], "uv_size": [1.5, -7.5]}
							}
						},
						{
							"origin": [0.625, 0.625, -0.875],
							"size": [0.375, 1.03125, 0.25],
							"uv": {
								"north": {"uv": [89.5, 217.5], "uv_size": [1.5, 4]},
								"east": {"uv": [85.5, 223.5], "uv_size": [1, 4]},
								"south": {"uv": [208, 96.5], "uv_size": [1.5, 4]},
								"west": {"uv": [221, 83.5], "uv_size": [1, 4]},
								"up": {"uv": [121.5, 237.5], "uv_size": [1.5, 1]},
								"down": {"uv": [141.5, 238.5], "uv_size": [1.5, -1]}
							}
						},
						{
							"origin": [0.6245, 1.53075, -0.7505],
							"size": [0.376, 0.251, 0.251],
							"inflate": -0.001,
							"pivot": [0.8125, 1.65625, -0.625],
							"rotation": [-45, 0, 0],
							"uv": {
								"north": {"uv": [237.5, 205.5], "uv_size": [1.5, 1]},
								"east": {"uv": [247.5, 77.5], "uv_size": [1, 1]},
								"south": {"uv": [209.5, 237.5], "uv_size": [1.5, 1]},
								"west": {"uv": [81.5, 247.5], "uv_size": [1, 1]},
								"up": {"uv": [237.5, 209.5], "uv_size": [1.5, 1]},
								"down": {"uv": [231.5, 238.5], "uv_size": [1.5, -1]}
							}
						},
						{
							"origin": [0.6245, 1.53075, 0.6245],
							"size": [0.376, 0.251, 0.251],
							"inflate": -0.001,
							"pivot": [0.8125, 1.65625, 0.75],
							"rotation": [-45, 0, 0],
							"uv": {
								"north": {"uv": [235.5, 237.5], "uv_size": [1.5, 1]},
								"east": {"uv": [247.5, 85.5], "uv_size": [1, 1]},
								"south": {"uv": [81.5, 239.5], "uv_size": [1.5, 1]},
								"west": {"uv": [89.5, 247.5], "uv_size": [1, 1]},
								"up": {"uv": [239.5, 81.5], "uv_size": [1.5, 1]},
								"down": {"uv": [85.5, 240.5], "uv_size": [1.5, -1]}
							}
						},
						{
							"origin": [0.6245, 1.53075, 0.8745],
							"size": [0.376, 0.40725, 0.251],
							"inflate": -0.001,
							"pivot": [0.8125, 1.65625, 1],
							"rotation": [-45, 0, 0],
							"uv": {
								"north": {"uv": [93.5, 239.5], "uv_size": [1.5, 1]},
								"east": {"uv": [247.5, 89.5], "uv_size": [1, 1]},
								"south": {"uv": [103.5, 239.5], "uv_size": [1.5, 1]},
								"west": {"uv": [247.5, 93.5], "uv_size": [1, 1]},
								"up": {"uv": [239.5, 103.5], "uv_size": [1.5, 1]},
								"down": {"uv": [239.5, 112.5], "uv_size": [1.5, -1]}
							}
						},
						{
							"origin": [0.6245, 0.4995, -0.7505],
							"size": [0.376, 0.251, 0.251],
							"inflate": -0.001,
							"pivot": [0.8125, 0.625, -0.625],
							"rotation": [-45, 0, 0],
							"uv": {
								"north": {"uv": [239.5, 115.5], "uv_size": [1.5, 1]},
								"east": {"uv": [247.5, 97.5], "uv_size": [1, 1]},
								"south": {"uv": [239.5, 125.5], "uv_size": [1.5, 1]},
								"west": {"uv": [247.5, 101.5], "uv_size": [1, 1]},
								"up": {"uv": [239.5, 129.5], "uv_size": [1.5, 1]},
								"down": {"uv": [239.5, 146.5], "uv_size": [1.5, -1]}
							}
						},
						{
							"origin": [0.6245, 0.4995, 0.6245],
							"size": [0.376, 0.251, 0.251],
							"inflate": -0.001,
							"pivot": [0.8125, 0.625, 0.75],
							"rotation": [-45, 0, 0],
							"uv": {
								"north": {"uv": [239.5, 149.5], "uv_size": [1.5, 1]},
								"east": {"uv": [247.5, 105.5], "uv_size": [1, 1]},
								"south": {"uv": [239.5, 153.5], "uv_size": [1.5, 1]},
								"west": {"uv": [247.5, 119.5], "uv_size": [1, 1]},
								"up": {"uv": [239.5, 175.5], "uv_size": [1.5, 1]},
								"down": {"uv": [239.5, 180.5], "uv_size": [1.5, -1]}
							}
						},
						{
							"origin": [0.6245, 1.53075, -1.0005],
							"size": [0.376, 0.251, 0.251],
							"inflate": -0.001,
							"pivot": [0.8125, 1.65625, -0.875],
							"rotation": [-45, 0, 0],
							"uv": {
								"north": {"uv": [239.5, 197.5], "uv_size": [1.5, 1]},
								"east": {"uv": [247.5, 127.5], "uv_size": [1, 1]},
								"south": {"uv": [213.5, 239.5], "uv_size": [1.5, 1]},
								"west": {"uv": [247.5, 131.5], "uv_size": [1, 1]},
								"up": {"uv": [239.5, 213.5], "uv_size": [1.5, 1]},
								"down": {"uv": [217.5, 240.5], "uv_size": [1.5, -1]}
							}
						},
						{
							"origin": [0.625, 0.625, 0.75],
							"size": [0.375, 1.03125, 0.25],
							"uv": {
								"north": {"uv": [217.5, 125.5], "uv_size": [1.5, 4]},
								"east": {"uv": [89.5, 223.5], "uv_size": [1, 4]},
								"south": {"uv": [133.5, 217.5], "uv_size": [1.5, 4]},
								"west": {"uv": [131.5, 223.5], "uv_size": [1, 4]},
								"up": {"uv": [239.5, 217.5], "uv_size": [1.5, 1]},
								"down": {"uv": [221.5, 240.5], "uv_size": [1.5, -1]}
							}
						},
						{
							"origin": [0.875, -0.57505, -0.875],
							"size": [0.125, 0.20006, 1.875],
							"pivot": [1, -0.375, 1],
							"rotation": [0, 0, 38.5],
							"uv": {
								"north": {"uv": [251.5, 163.5], "uv_size": [0.5, 1]},
								"east": {"uv": [213.5, 139.5], "uv_size": [7.5, 1]},
								"south": {"uv": [165.5, 251.5], "uv_size": [0.5, 1]},
								"west": {"uv": [123.5, 215.5], "uv_size": [7.5, 1]},
								"up": {"uv": [159.5, 223.5], "uv_size": [0.5, 7.5]},
								"down": {"uv": [163.5, 231], "uv_size": [0.5, -7.5]}
							}
						},
						{
							"origin": [0.5625, -0.53125, -0.875],
							"size": [0.3125, 0.15625, 1.875],
							"uv": {
								"north": {"uv": [109.5, 249.5], "uv_size": [1.5, 0.5]},
								"east": {"uv": [223.5, 139.5], "uv_size": [7.5, 0.5]},
								"south": {"uv": [249.5, 109.5], "uv_size": [1.5, 0.5]},
								"west": {"uv": [223.5, 201.5], "uv_size": [7.5, 0.5]},
								"up": {"uv": [125.5, 205.5], "uv_size": [1.5, 7.5]},
								"down": {"uv": [129.5, 213], "uv_size": [1.5, -7.5]}
							}
						},
						{
							"origin": [0.84375, -0.125, -2.28125],
							"size": [0.125, 0.28125, 0.28125],
							"pivot": [0.96875, 0.01563, -2.14062],
							"rotation": [45, 0, 0],
							"uv": {
								"north": {"uv": [251.5, 167.5], "uv_size": [0.5, 1]},
								"east": {"uv": [247.5, 135.5], "uv_size": [1, 1]},
								"south": {"uv": [169.5, 251.5], "uv_size": [0.5, 1]},
								"west": {"uv": [247.5, 139.5], "uv_size": [1, 1]},
								"up": {"uv": [251.5, 171.5], "uv_size": [0.5, 1]},
								"down": {"uv": [173.5, 252.5], "uv_size": [0.5, -1]}
							}
						},
						{
							"origin": [0.84375, -0.125, 1.96875],
							"size": [0.125, 0.28125, 0.28125],
							"pivot": [0.96875, 0.01563, 2.10938],
							"rotation": [45, 0, 0],
							"uv": {
								"north": {"uv": [251.5, 175.5], "uv_size": [0.5, 1]},
								"east": {"uv": [247.5, 143.5], "uv_size": [1, 1]},
								"south": {"uv": [177.5, 251.5], "uv_size": [0.5, 1]},
								"west": {"uv": [247.5, 147.5], "uv_size": [1, 1]},
								"up": {"uv": [251.5, 179.5], "uv_size": [0.5, 1]},
								"down": {"uv": [181.5, 252.5], "uv_size": [0.5, -1]}
							}
						},
						{
							"origin": [0.70285, 2.9482, 4.28125],
							"size": [0.58359, 0.1, 0.90625],
							"pivot": [0.99464, 2.34375, 4.53125],
							"rotation": [0, 0, 45],
							"uv": {
								"north": {"uv": [235.5, 241.5], "uv_size": [2.5, 0.5]},
								"south": {"uv": [241.5, 241.5], "uv_size": [2.5, 0.5]},
								"up": {"uv": [221.5, 24], "uv_size": [2.5, 4.5]},
								"down": {"uv": [223.5, 54], "uv_size": [2.5, -6]}
							}
						},
						{
							"origin": [0.70285, 2.9482, 4.28125],
							"size": [0.58359, 0.1, 0.90625],
							"uv": {
								"north": {"uv": [73.5, 243.5], "uv_size": [2.5, 0.5]},
								"south": {"uv": [79.5, 243.5], "uv_size": [2.5, 0.5]},
								"up": {"uv": [223.5, 57.5], "uv_size": [2.5, 4.5]},
								"down": {"uv": [223.5, 70], "uv_size": [2.5, -6]}
							}
						},
						{
							"origin": [0.29019, 2.05196, 4.28125],
							"size": [0.1, 0.58358, 0.90625],
							"pivot": [0.99464, 2.34375, 4.53125],
							"rotation": [0, 0, 45],
							"uv": {
								"north": {"uv": [85.5, 243.5], "uv_size": [0.5, 2.5]},
								"east": {"uv": [225.5, 0], "uv_size": [4.5, 2.5]},
								"south": {"uv": [93.5, 243.5], "uv_size": [0.5, 2.5]},
								"west": {"uv": [225.5, 6], "uv_size": [6, 2.5]}
							}
						},
						{
							"origin": [0.29019, 2.05196, 4.28125],
							"size": [0.1, 0.58358, 0.90625],
							"uv": {
								"north": {"uv": [243.5, 101.5], "uv_size": [0.5, 2.5]},
								"east": {"uv": [227.5, 24], "uv_size": [6, 2.5]},
								"south": {"uv": [103.5, 243.5], "uv_size": [0.5, 2.5]},
								"west": {"uv": [229.5, 48], "uv_size": [6, 2.5]}
							}
						},
						{
							"origin": [0.70285, 1.6393, 4.28125],
							"size": [0.58359, 0.1, 0.90625],
							"pivot": [0.99464, 2.34375, 4.53125],
							"rotation": [0, 0, 45],
							"uv": {
								"north": {"uv": [243.5, 81.5], "uv_size": [2.5, 0.5]},
								"south": {"uv": [243.5, 111.5], "uv_size": [2.5, 0.5]},
								"up": {"uv": [229.5, 54], "uv_size": [2.5, 6]},
								"down": {"uv": [229.5, 68], "uv_size": [2.5, -6]}
							}
						},
						{
							"origin": [0.70285, 1.6393, 4.28125],
							"size": [0.58359, 0.1, 0.90625],
							"uv": {
								"north": {"uv": [243.5, 115.5], "uv_size": [2.5, 0.5]},
								"south": {"uv": [243.5, 123.5], "uv_size": [2.5, 0.5]},
								"up": {"uv": [81.5, 205.5], "uv_size": [2.5, 6]},
								"down": {"uv": [87.5, 211.5], "uv_size": [2.5, -6]}
							}
						},
						{
							"origin": [1.59909, 2.05196, 4.28125],
							"size": [0.1, 0.58358, 0.90625],
							"pivot": [0.99464, 2.34375, 4.53125],
							"rotation": [0, 0, 45],
							"uv": {
								"north": {"uv": [243.5, 127.5], "uv_size": [0.5, 2.5]},
								"east": {"uv": [229.5, 70], "uv_size": [6, 2.5]},
								"south": {"uv": [243.5, 137.5], "uv_size": [0.5, 2.5]},
								"west": {"uv": [93.5, 205.5], "uv_size": [6, 2.5]}
							}
						},
						{
							"origin": [1.59909, 2.05196, 4.28125],
							"size": [0.1, 0.58358, 0.90625],
							"uv": {
								"north": {"uv": [243.5, 143.5], "uv_size": [0.5, 2.5]},
								"east": {"uv": [101.5, 205.5], "uv_size": [6, 2.5]},
								"south": {"uv": [243.5, 149.5], "uv_size": [0.5, 2.5]},
								"west": {"uv": [109.5, 205.5], "uv_size": [4.5, 2.5]}
							}
						},
						{
							"origin": [1.59909, 2.11446, 3.21875],
							"size": [0.1, 0.45858, 1.0625],
							"pivot": [1.69909, 2.63554, 4.28125],
							"rotation": [0, 8, 0],
							"uv": {
								"north": {"uv": [247.5, 151.5], "uv_size": [0.5, 2]},
								"east": {"uv": [145.5, 209.5], "uv_size": [4.5, 2]},
								"south": {"uv": [247.5, 155.5], "uv_size": [0.5, 2]},
								"west": {"uv": [163.5, 209.5], "uv_size": [4.5, 2]}
							}
						},
						{
							"origin": [1.59909, 2.05196, 3.21875],
							"size": [0.1, 0.0625, 1.0625],
							"inflate": -0.0001,
							"pivot": [1.69909, 2.05196, 4.28125],
							"rotation": [-3.5, 8, 0],
							"uv": {
								"north": {"uv": [149.5, 253.5], "uv_size": [0.5, 0.5]},
								"east": {"uv": [149.5, 229.5], "uv_size": [4.5, 0.5]},
								"south": {"uv": [153.5, 253.5], "uv_size": [0.5, 0.5]},
								"west": {"uv": [229.5, 161.5], "uv_size": [4.5, 0.5]}
							}
						},
						{
							"origin": [1.59909, 2.57304, 3.21875],
							"size": [0.1, 0.0625, 1.0625],
							"inflate": -0.0001,
							"pivot": [1.69909, 2.63554, 4.28125],
							"rotation": [3.5, 8, 0],
							"uv": {
								"north": {"uv": [157.5, 253.5], "uv_size": [0.5, 0.5]},
								"east": {"uv": [229.5, 165.5], "uv_size": [4.5, 0.5]},
								"south": {"uv": [161.5, 253.5], "uv_size": [0.5, 0.5]},
								"west": {"uv": [229.5, 169.5], "uv_size": [4.5, 0.5]},
								"up": {"uv": [183.5, 229.5], "uv_size": [0.5, 4.5]},
								"down": {"uv": [199.5, 234], "uv_size": [0.5, -4.5]}
							}
						},
						{
							"origin": [1.18643, 2.42809, 3.23267],
							"size": [0.1, 0.45859, 1.0625],
							"pivot": [1.28643, 2.94918, 4.29517],
							"rotation": [0, -8, 90],
							"uv": {
								"north": {"uv": [247.5, 159.5], "uv_size": [0.5, 2]},
								"east": {"uv": [207.5, 209.5], "uv_size": [4.5, 2]},
								"south": {"uv": [247.5, 163.5], "uv_size": [0.5, 2]},
								"west": {"uv": [93.5, 211.5], "uv_size": [4.5, 2]}
							}
						},
						{
							"origin": [0.60285, 2.94918, 3.23267],
							"size": [0.1, 0.0625, 1.0625],
							"inflate": -0.0001,
							"pivot": [0.70285, 2.94918, 4.29517],
							"rotation": [-3.5, -8, 90],
							"uv": {
								"north": {"uv": [253.5, 183.5], "uv_size": [0.5, 0.5]},
								"east": {"uv": [229.5, 173.5], "uv_size": [4.5, 0.5]},
								"south": {"uv": [253.5, 187.5], "uv_size": [0.5, 0.5]},
								"west": {"uv": [229.5, 205.5], "uv_size": [4.5, 0.5]}
							}
						},
						{
							"origin": [1.18643, 2.88668, 3.23267],
							"size": [0.1, 0.0625, 1.0625],
							"inflate": -0.0001,
							"pivot": [1.28643, 2.94918, 4.29517],
							"rotation": [3.5, -8, 90],
							"uv": {
								"north": {"uv": [253.5, 191.5], "uv_size": [0.5, 0.5]},
								"east": {"uv": [229.5, 209.5], "uv_size": [4.5, 0.5]},
								"south": {"uv": [253.5, 203.5], "uv_size": [0.5, 0.5]},
								"west": {"uv": [231.5, 83.5], "uv_size": [4.5, 0.5]},
								"up": {"uv": [203.5, 229.5], "uv_size": [0.5, 4.5]},
								"down": {"uv": [231.5, 152], "uv_size": [0.5, -4.5]}
							}
						},
						{
							"origin": [1.18643, 1.80083, 3.23267],
							"size": [0.1, 0.45859, 1.0625],
							"pivot": [1.28643, 1.73833, 4.29517],
							"rotation": [0, -8, -90],
							"uv": {
								"north": {"uv": [167.5, 247.5], "uv_size": [0.5, 2]},
								"east": {"uv": [101.5, 211.5], "uv_size": [4.5, 2]},
								"south": {"uv": [247.5, 167.5], "uv_size": [0.5, 2]},
								"west": {"uv": [109.5, 211.5], "uv_size": [4.5, 2]}
							}
						},
						{
							"origin": [0.60285, 1.67583, 3.23267],
							"size": [0.1, 0.0625, 1.0625],
							"pivot": [0.70285, 1.73833, 4.29517],
							"rotation": [3.5, -8, -90],
							"uv": {
								"north": {"uv": [253.5, 207.5], "uv_size": [0.5, 0.5]},
								"east": {"uv": [231.5, 129.5], "uv_size": [4.5, 0.5]},
								"south": {"uv": [253.5, 219.5], "uv_size": [0.5, 0.5]},
								"west": {"uv": [231.5, 155.5], "uv_size": [4.5, 0.5]}
							}
						},
						{
							"origin": [1.18643, 1.73833, 3.23267],
							"size": [0.1, 0.0625, 1.0625],
							"pivot": [1.28643, 1.73833, 4.29517],
							"rotation": [-3.5, -8, -90],
							"uv": {
								"north": {"uv": [253.5, 223.5], "uv_size": [0.5, 0.5]},
								"east": {"uv": [231.5, 177.5], "uv_size": [4.5, 0.5]},
								"south": {"uv": [253.5, 227.5], "uv_size": [0.5, 0.5]},
								"west": {"uv": [231.5, 181.5], "uv_size": [4.5, 0.5]},
								"up": {"uv": [231.5, 213.5], "uv_size": [0.5, 4.5]},
								"down": {"uv": [215.5, 236], "uv_size": [0.5, -4.5]}
							}
						},
						{
							"origin": [1.18643, 2.52711, 3.21875],
							"size": [0.1, 0.45858, 1.0625],
							"pivot": [1.28643, 3.0482, 4.28125],
							"rotation": [0, 8, -45],
							"uv": {
								"north": {"uv": [171.5, 247.5], "uv_size": [0.5, 2]},
								"east": {"uv": [211.5, 121.5], "uv_size": [4.5, 2]},
								"south": {"uv": [247.5, 171.5], "uv_size": [0.5, 2]},
								"west": {"uv": [211.5, 143.5], "uv_size": [4.5, 2]}
							}
						},
						{
							"origin": [1.59909, 2.63555, 3.21875],
							"size": [0.1, 0.0625, 1.0625],
							"inflate": -0.0001,
							"pivot": [1.69909, 2.63555, 4.28125],
							"rotation": [-3.5, 8, -45],
							"uv": {
								"north": {"uv": [253.5, 231.5], "uv_size": [0.5, 0.5]},
								"east": {"uv": [231.5, 197.5], "uv_size": [4.5, 0.5]},
								"south": {"uv": [233.5, 253.5], "uv_size": [0.5, 0.5]},
								"west": {"uv": [219.5, 231.5], "uv_size": [4.5, 0.5]},
								"up": {"uv": [231.5, 221.5], "uv_size": [0.5, 4.5]},
								"down": {"uv": [227.5, 236], "uv_size": [0.5, -4.5]}
							}
						},
						{
							"origin": [1.18643, 2.9857, 3.21875],
							"size": [0.1, 0.0625, 1.0625],
							"inflate": -0.0001,
							"pivot": [1.28643, 3.0482, 4.28125],
							"rotation": [3.5, 8, -45],
							"uv": {
								"north": {"uv": [253.5, 235.5], "uv_size": [0.5, 0.5]},
								"east": {"uv": [231.5, 229.5], "uv_size": [4.5, 0.5]},
								"south": {"uv": [237.5, 253.5], "uv_size": [0.5, 0.5]},
								"west": {"uv": [233.5, 73.5], "uv_size": [4.5, 0.5]}
							}
						},
						{
							"origin": [0.71357, 2.52711, 3.21875],
							"size": [0.1, 0.45858, 1.0625],
							"pivot": [0.71357, 3.0482, 4.28125],
							"rotation": [0, -8, 45],
							"uv": {
								"north": {"uv": [175.5, 247.5], "uv_size": [0.5, 2]},
								"east": {"uv": [153.5, 211.5], "uv_size": [4.5, 2]},
								"south": {"uv": [247.5, 175.5], "uv_size": [0.5, 2]},
								"west": {"uv": [183.5, 211.5], "uv_size": [4.5, 2]}
							}
						},
						{
							"origin": [0.30091, 2.63555, 3.21875],
							"size": [0.1, 0.0625, 1.0625],
							"pivot": [0.30091, 2.63555, 4.28125],
							"rotation": [-3.5, -8, 45],
							"uv": {
								"north": {"uv": [241.5, 253.5], "uv_size": [0.5, 0.5]},
								"east": {"uv": [233.5, 77.5], "uv_size": [4.5, 0.5]},
								"south": {"uv": [73.5, 255.5], "uv_size": [0.5, 0.5]},
								"west": {"uv": [233.5, 87.5], "uv_size": [4.5, 0.5]},
								"up": {"uv": [89.5, 233.5], "uv_size": [0.5, 4.5]},
								"down": {"uv": [233.5, 96], "uv_size": [0.5, -4.5]}
							}
						},
						{
							"origin": [0.71357, 2.9857, 3.21875],
							"size": [0.1, 0.0625, 1.0625],
							"pivot": [0.71357, 3.0482, 4.28125],
							"rotation": [3.5, -8, 45],
							"uv": {
								"north": {"uv": [255.5, 73.5], "uv_size": [0.5, 0.5]},
								"east": {"uv": [233.5, 99.5], "uv_size": [4.5, 0.5]},
								"south": {"uv": [77.5, 255.5], "uv_size": [0.5, 0.5]},
								"west": {"uv": [233.5, 107.5], "uv_size": [4.5, 0.5]}
							}
						},
						{
							"origin": [1.18643, 1.7018, 3.21875],
							"size": [0.1, 0.45858, 1.0625],
							"pivot": [1.28643, 1.6393, 4.28125],
							"rotation": [0, 8, 45],
							"uv": {
								"north": {"uv": [179.5, 247.5], "uv_size": [0.5, 2]},
								"east": {"uv": [211.5, 185.5], "uv_size": [4.5, 2]},
								"south": {"uv": [247.5, 179.5], "uv_size": [0.5, 2]},
								"west": {"uv": [211.5, 189.5], "uv_size": [4.5, 2]}
							}
						},
						{
							"origin": [1.59909, 1.98946, 3.21875],
							"size": [0.1, 0.0625, 1.0625],
							"pivot": [1.69909, 2.05196, 4.28125],
							"rotation": [3.5, 8, 45],
							"uv": {
								"north": {"uv": [255.5, 77.5], "uv_size": [0.5, 0.5]},
								"east": {"uv": [109.5, 233.5], "uv_size": [4.5, 0.5]},
								"south": {"uv": [81.5, 255.5], "uv_size": [0.5, 0.5]},
								"west": {"uv": [117.5, 233.5], "uv_size": [4.5, 0.5]},
								"up": {"uv": [99.5, 233.5], "uv_size": [0.5, 4.5]},
								"down": {"uv": [125.5, 238], "uv_size": [0.5, -4.5]}
							}
						},
						{
							"origin": [1.18643, 1.6393, 3.21875],
							"size": [0.1, 0.0625, 1.0625],
							"pivot": [1.28643, 1.6393, 4.28125],
							"rotation": [-3.5, 8, 45],
							"uv": {
								"north": {"uv": [255.5, 85.5], "uv_size": [0.5, 0.5]},
								"east": {"uv": [233.5, 121.5], "uv_size": [4.5, 0.5]},
								"south": {"uv": [89.5, 255.5], "uv_size": [0.5, 0.5]},
								"west": {"uv": [129.5, 233.5], "uv_size": [4.5, 0.5]}
							}
						},
						{
							"origin": [0.71357, 1.7018, 3.21875],
							"size": [0.1, 0.45858, 1.0625],
							"pivot": [0.71357, 1.6393, 4.28125],
							"rotation": [0, -8, -45],
							"uv": {
								"north": {"uv": [183.5, 247.5], "uv_size": [0.5, 2]},
								"east": {"uv": [211.5, 193.5], "uv_size": [4.5, 2]},
								"south": {"uv": [187.5, 247.5], "uv_size": [0.5, 2]},
								"west": {"uv": [211.5, 197.5], "uv_size": [4.5, 2]}
							}
						},
						{
							"origin": [0.30091, 1.98946, 3.21875],
							"size": [0.1, 0.0625, 1.0625],
							"pivot": [0.30091, 2.05196, 4.28125],
							"rotation": [3.5, -8, -45],
							"uv": {
								"north": {"uv": [255.5, 89.5], "uv_size": [0.5, 0.5]},
								"east": {"uv": [233.5, 133.5], "uv_size": [4.5, 0.5]},
								"south": {"uv": [255.5, 93.5], "uv_size": [0.5, 0.5]},
								"west": {"uv": [137.5, 233.5], "uv_size": [4.5, 0.5]},
								"up": {"uv": [233.5, 137.5], "uv_size": [0.5, 4.5]},
								"down": {"uv": [145.5, 238], "uv_size": [0.5, -4.5]}
							}
						},
						{
							"origin": [0.71357, 1.6393, 3.21875],
							"size": [0.1, 0.0625, 1.0625],
							"pivot": [0.71357, 1.6393, 4.28125],
							"rotation": [-3.5, -8, -45],
							"uv": {
								"north": {"uv": [255.5, 97.5], "uv_size": [0.5, 0.5]},
								"east": {"uv": [149.5, 233.5], "uv_size": [4.5, 0.5]},
								"south": {"uv": [255.5, 101.5], "uv_size": [0.5, 0.5]},
								"west": {"uv": [157.5, 233.5], "uv_size": [4.5, 0.5]}
							}
						},
						{
							"origin": [0.30091, 2.11446, 3.21875],
							"size": [0.1, 0.45858, 1.0625],
							"pivot": [0.30091, 2.63554, 4.28125],
							"rotation": [0, -7.5, 0],
							"uv": {
								"north": {"uv": [191.5, 247.5], "uv_size": [0.5, 2]},
								"east": {"uv": [211.5, 201.5], "uv_size": [4.5, 2]},
								"south": {"uv": [195.5, 247.5], "uv_size": [0.5, 2]},
								"west": {"uv": [211.5, 205.5], "uv_size": [4.5, 2]}
							}
						},
						{
							"origin": [0.30091, 2.05196, 3.21875],
							"size": [0.1, 0.0625, 1.0625],
							"pivot": [0.30091, 2.05196, 4.28125],
							"rotation": [-3.5, -7.5, 0],
							"uv": {
								"north": {"uv": [255.5, 105.5], "uv_size": [0.5, 0.5]},
								"east": {"uv": [165.5, 233.5], "uv_size": [4.5, 0.5]},
								"south": {"uv": [255.5, 117.5], "uv_size": [0.5, 0.5]},
								"west": {"uv": [233.5, 185.5], "uv_size": [4.5, 0.5]}
							}
						},
						{
							"origin": [0.30091, 2.57304, 3.21875],
							"size": [0.1, 0.0625, 1.0625],
							"pivot": [0.30091, 2.63554, 4.28125],
							"rotation": [3.5, -7.5, 0],
							"uv": {
								"north": {"uv": [255.5, 125.5], "uv_size": [0.5, 0.5]},
								"east": {"uv": [233.5, 189.5], "uv_size": [4.5, 0.5]},
								"south": {"uv": [255.5, 129.5], "uv_size": [0.5, 0.5]},
								"west": {"uv": [233.5, 193.5], "uv_size": [4.5, 0.5]}
							}
						}
					]
				},
				{
					"name": "sfrebf",
					"parent": "miaoju",
					"pivot": [10, -3.3125, -9],
					"cubes": [
						{
							"origin": [0.76701, 1.78125, -5.375],
							"size": [0.46599, 0.1, 8.625],
							"pivot": [1, 2.34375, -0.5],
							"rotation": [0, 0, 45],
							"uv": {
								"north": {"uv": [243.5, 155.5], "uv_size": [2, 0.5]},
								"east": {"uv": [217.5, 32], "uv_size": [34.5, 0.5]},
								"south": {"uv": [243.5, 159.5], "uv_size": [2, 0.5]},
								"west": {"uv": [217.5, 36], "uv_size": [34.5, 0.5]},
								"up": {"uv": [199.5, 12], "uv_size": [2, 34.5]},
								"down": {"uv": [199.5, 84.5], "uv_size": [2, -34.5]}
							}
						},
						{
							"origin": [0.76701, 1.78125, -5.375],
							"size": [0.46599, 0.1, 8.625],
							"uv": {
								"north": {"uv": [243.5, 163.5], "uv_size": [2, 0.5]},
								"east": {"uv": [217.5, 40], "uv_size": [34.5, 0.5]},
								"south": {"uv": [243.5, 167.5], "uv_size": [2, 0.5]},
								"west": {"uv": [217.5, 44], "uv_size": [34.5, 0.5]},
								"up": {"uv": [201.5, 88], "uv_size": [2, 34.5]},
								"down": {"uv": [203.5, 46.5], "uv_size": [2, -34.5]}
							}
						},
						{
							"origin": [0.70451, 1.65625, -1.375],
							"size": [0.59099, 0.13125, 2.875],
							"uv": {
								"north": {"uv": [239.5, 221.5], "uv_size": [2.5, 0.5]},
								"east": {"uv": [215.5, 209.5], "uv_size": [11.5, 0.5]},
								"south": {"uv": [225.5, 239.5], "uv_size": [2.5, 0.5]},
								"west": {"uv": [217.5, 131.5], "uv_size": [11.5, 0.5]},
								"up": {"uv": [211.5, 32], "uv_size": [2.5, 11.5]},
								"down": {"uv": [211.5, 57.5], "uv_size": [2.5, -11.5]}
							}
						},
						{
							"origin": [1.16254, 1.84598, -1.375],
							"size": [0.5285, 0.13125, 2.875],
							"pivot": [1.45805, 1.91161, 0.0625],
							"rotation": [0, 0, -45],
							"uv": {
								"north": {"uv": [243.5, 171.5], "uv_size": [2, 0.5]},
								"east": {"uv": [219.5, 121.5], "uv_size": [11.5, 0.5]},
								"south": {"uv": [243.5, 175.5], "uv_size": [2, 0.5]},
								"west": {"uv": [219.5, 135.5], "uv_size": [11.5, 0.5]},
								"up": {"uv": [211.5, 60], "uv_size": [2, 11.5]},
								"down": {"uv": [211.5, 85.5], "uv_size": [2, -11.5]}
							}
						},
						{
							"origin": [0.30896, 1.84598, -1.375],
							"size": [0.5285, 0.13125, 2.875],
							"pivot": [0.54196, 1.91161, 0.0625],
							"rotation": [0, 0, 45],
							"uv": {
								"north": {"uv": [247.5, 195.5], "uv_size": [2, 0.5]},
								"east": {"uv": [219.5, 189.5], "uv_size": [11.5, 0.5]},
								"south": {"uv": [199.5, 247.5], "uv_size": [2, 0.5]},
								"west": {"uv": [219.5, 193.5], "uv_size": [11.5, 0.5]},
								"up": {"uv": [215.5, 60], "uv_size": [2, 11.5]},
								"down": {"uv": [218.5, 85.5], "uv_size": [2, -11.5]}
							}
						},
						{
							"origin": [1.49557, 2.22858, -1.375],
							"size": [0.341, 0.1, 2.875],
							"pivot": [1.60358, 2.26295, 0.0625],
							"rotation": [0, 0, 90],
							"uv": {
								"north": {"uv": [247.5, 199.5], "uv_size": [1.5, 0.5]},
								"east": {"uv": [137.5, 219.5], "uv_size": [11.5, 0.5]},
								"south": {"uv": [203.5, 247.5], "uv_size": [1.5, 0.5]},
								"west": {"uv": [219.5, 143.5], "uv_size": [11.5, 0.5]},
								"up": {"uv": [217.5, 112], "uv_size": [1.5, 11.5]},
								"down": {"uv": [219.5, 59.5], "uv_size": [1.5, -11.5]}
							}
						},
						{
							"origin": [1.62057, 2.57233, -1.375],
							"size": [0.216, 0.1, 0.6875],
							"pivot": [1.60358, 2.6067, 0.0625],
							"rotation": [0, 0, 90],
							"uv": {
								"north": {"uv": [113.5, 249.5], "uv_size": [1, 0.5]},
								"east": {"uv": [115.5, 237.5], "uv_size": [3, 0.5]},
								"south": {"uv": [249.5, 113.5], "uv_size": [1, 0.5]},
								"west": {"uv": [129.5, 237.5], "uv_size": [3, 0.5]},
								"up": {"uv": [223.5, 213.5], "uv_size": [1, 3]},
								"down": {"uv": [223.5, 222.5], "uv_size": [1, -3]}
							}
						},
						{
							"origin": [1.62057, 2.57233, 0.8125],
							"size": [0.216, 0.1, 0.6875],
							"pivot": [1.60358, 2.6067, 2.25],
							"rotation": [0, 0, 90],
							"uv": {
								"north": {"uv": [117.5, 249.5], "uv_size": [1, 0.5]},
								"east": {"uv": [135.5, 237.5], "uv_size": [3, 0.5]},
								"south": {"uv": [121.5, 249.5], "uv_size": [1, 0.5]},
								"west": {"uv": [237.5, 137.5], "uv_size": [3, 0.5]},
								"up": {"uv": [225.5, 73.5], "uv_size": [1, 3]},
								"down": {"uv": [225.5, 100.5], "uv_size": [1, -3]}
							}
						},
						{
							"origin": [1.07448, 2.58072, 0.8125],
							"size": [0.591, 0.1, 0.6875],
							"pivot": [1.55748, 2.63072, 1.15625],
							"rotation": [0, 0, 45],
							"uv": {
								"north": {"uv": [239.5, 225.5], "uv_size": [2.5, 0.5]},
								"east": {"uv": [237.5, 141.5], "uv_size": [3, 0.5]},
								"south": {"uv": [239.5, 229.5], "uv_size": [2.5, 0.5]},
								"west": {"uv": [149.5, 237.5], "uv_size": [3, 0.5]},
								"up": {"uv": [145.5, 213.5], "uv_size": [2.5, 3]},
								"down": {"uv": [161.5, 216.5], "uv_size": [2.5, -3]}
							}
						},
						{
							"origin": [0.75405, 2.90761, 0.8125],
							"size": [0.49725, 0.1, 0.6875],
							"uv": {
								"north": {"uv": [243.5, 179.5], "uv_size": [2, 0.5]},
								"east": {"uv": [155.5, 237.5], "uv_size": [3, 0.5]},
								"south": {"uv": [243.5, 195.5], "uv_size": [2, 0.5]},
								"west": {"uv": [237.5, 159.5], "uv_size": [3, 0.5]},
								"up": {"uv": [151.5, 215.5], "uv_size": [2, 3]},
								"down": {"uv": [155.5, 218.5], "uv_size": [2, -3]}
							}
						},
						{
							"origin": [0.75405, 2.90761, -1.375],
							"size": [0.49725, 0.1, 0.6875],
							"uv": {
								"north": {"uv": [243.5, 199.5], "uv_size": [2, 0.5]},
								"east": {"uv": [161.5, 237.5], "uv_size": [3, 0.5]},
								"south": {"uv": [211.5, 243.5], "uv_size": [2, 0.5]},
								"west": {"uv": [237.5, 163.5], "uv_size": [3, 0.5]},
								"up": {"uv": [183.5, 215.5], "uv_size": [2, 3]},
								"down": {"uv": [187.5, 218.5], "uv_size": [2, -3]}
							}
						},
						{
							"origin": [0.75405, 2.90761, -2.25],
							"size": [0.49725, 0.1, 0.25],
							"uv": {
								"north": {"uv": [243.5, 211.5], "uv_size": [2, 0.5]},
								"east": {"uv": [249.5, 123.5], "uv_size": [1, 0.5]},
								"south": {"uv": [215.5, 243.5], "uv_size": [2, 0.5]},
								"west": {"uv": [125.5, 249.5], "uv_size": [1, 0.5]},
								"up": {"uv": [187.5, 233.5], "uv_size": [2, 1]},
								"down": {"uv": [233.5, 202.5], "uv_size": [2, -1]}
							}
						},
						{
							"origin": [1.07448, 2.58072, -1.375],
							"size": [0.591, 0.1, 0.6875],
							"pivot": [1.55748, 2.63072, -1.03125],
							"rotation": [0, 0, 45],
							"uv": {
								"north": {"uv": [239.5, 233.5], "uv_size": [2.5, 0.5]},
								"east": {"uv": [167.5, 237.5], "uv_size": [3, 0.5]},
								"south": {"uv": [239.5, 237.5], "uv_size": [2.5, 0.5]},
								"west": {"uv": [237.5, 167.5], "uv_size": [3, 0.5]},
								"up": {"uv": [167.5, 213.5], "uv_size": [2.5, 3]},
								"down": {"uv": [207.5, 216.5], "uv_size": [2.5, -3]}
							}
						},
						{
							"origin": [-0.03512, 2.58072, 0.8125],
							"size": [0.591, 0.1, 0.6875],
							"pivot": [0.44788, 2.63072, 1.15625],
							"rotation": [0, 0, 135],
							"uv": {
								"north": {"uv": [241.5, 73.5], "uv_size": [2.5, 0.5]},
								"east": {"uv": [237.5, 171.5], "uv_size": [3, 0.5]},
								"south": {"uv": [241.5, 77.5], "uv_size": [2.5, 0.5]},
								"west": {"uv": [173.5, 237.5], "uv_size": [3, 0.5]},
								"up": {"uv": [213.5, 213.5], "uv_size": [2.5, 3]},
								"down": {"uv": [215.5, 76.5], "uv_size": [2.5, -3]}
							}
						},
						{
							"origin": [-0.03512, 2.58072, -1.375],
							"size": [0.591, 0.1, 0.6875],
							"pivot": [0.44788, 2.63072, -1.03125],
							"rotation": [0, 0, 135],
							"uv": {
								"north": {"uv": [241.5, 85.5], "uv_size": [2.5, 0.5]},
								"east": {"uv": [179.5, 237.5], "uv_size": [3, 0.5]},
								"south": {"uv": [241.5, 89.5], "uv_size": [2.5, 0.5]},
								"west": {"uv": [185.5, 237.5], "uv_size": [3, 0.5]},
								"up": {"uv": [215.5, 79.5], "uv_size": [2.5, 3]},
								"down": {"uv": [93.5, 218.5], "uv_size": [2.5, -3]}
							}
						},
						{
							"origin": [1.5442, 2.37096, -1.375],
							"size": [0.216, 0.1625, 0.09375],
							"pivot": [1.6692, 2.37096, -1.375],
							"rotation": [-40, 0, 90],
							"uv": {
								"north": {"uv": [129.5, 249.5], "uv_size": [1, 0.5]},
								"east": {"uv": [185.5, 251.5], "uv_size": [0.5, 0.5]},
								"south": {"uv": [133.5, 249.5], "uv_size": [1, 0.5]},
								"west": {"uv": [189.5, 251.5], "uv_size": [0.5, 0.5]},
								"up": {"uv": [137.5, 249.5], "uv_size": [1, 0.5]},
								"down": {"uv": [141.5, 250], "uv_size": [1, -0.5]}
							}
						},
						{
							"origin": [1.54086, 2.24421, -0.83601],
							"size": [0.216, 0.1625, 0.09375],
							"pivot": [1.71136, 2.32545, -0.77351],
							"rotation": [40, 0, 90],
							"uv": {
								"north": {"uv": [145.5, 249.5], "uv_size": [1, 0.5]},
								"east": {"uv": [193.5, 251.5], "uv_size": [0.5, 0.5]},
								"south": {"uv": [149.5, 249.5], "uv_size": [1, 0.5]},
								"west": {"uv": [251.5, 195.5], "uv_size": [0.5, 0.5]},
								"up": {"uv": [153.5, 249.5], "uv_size": [1, 0.5]},
								"down": {"uv": [157.5, 250], "uv_size": [1, -0.5]}
							}
						},
						{
							"origin": [1.58881, 2.44733, -1.08304],
							"size": [0.4035, 0.13125, 0.125],
							"pivot": [1.69681, 2.51295, -1.02054],
							"rotation": [45, 0, 90],
							"uv": {
								"north": {"uv": [207.5, 247.5], "uv_size": [1.5, 0.5]},
								"east": {"uv": [197.5, 251.5], "uv_size": [0.5, 0.5]},
								"south": {"uv": [211.5, 247.5], "uv_size": [1.5, 0.5]},
								"west": {"uv": [251.5, 199.5], "uv_size": [0.5, 0.5]},
								"up": {"uv": [247.5, 211.5], "uv_size": [1.5, 0.5]},
								"down": {"uv": [215.5, 248], "uv_size": [1.5, -0.5]}
							}
						},
						{
							"origin": [1.58881, 2.44733, 1.10446],
							"size": [0.4035, 0.13125, 0.125],
							"pivot": [1.69681, 2.51295, 1.16696],
							"rotation": [45, 0, 90],
							"uv": {
								"north": {"uv": [247.5, 215.5], "uv_size": [1.5, 0.5]},
								"east": {"uv": [201.5, 251.5], "uv_size": [0.5, 0.5]},
								"south": {"uv": [219.5, 247.5], "uv_size": [1.5, 0.5]},
								"west": {"uv": [205.5, 251.5], "uv_size": [0.5, 0.5]},
								"up": {"uv": [223.5, 247.5], "uv_size": [1.5, 0.5]},
								"down": {"uv": [227.5, 248], "uv_size": [1.5, -0.5]}
							}
						},
						{
							"origin": [0.21381, 2.44733, 1.10446],
							"size": [0.4035, 0.13125, 0.125],
							"pivot": [0.32181, 2.51295, 1.16696],
							"rotation": [45, 0, 90],
							"uv": {
								"north": {"uv": [231.5, 247.5], "uv_size": [1.5, 0.5]},
								"east": {"uv": [209.5, 251.5], "uv_size": [0.5, 0.5]},
								"south": {"uv": [247.5, 239.5], "uv_size": [1.5, 0.5]},
								"west": {"uv": [251.5, 211.5], "uv_size": [0.5, 0.5]},
								"up": {"uv": [247.5, 243.5], "uv_size": [1.5, 0.5]},
								"down": {"uv": [247.5, 248], "uv_size": [1.5, -0.5]}
							}
						},
						{
							"origin": [0.21381, 2.44733, -1.08304],
							"size": [0.4035, 0.13125, 0.125],
							"pivot": [0.32181, 2.51295, -1.02054],
							"rotation": [45, 0, 90],
							"uv": {
								"north": {"uv": [249.5, 81.5], "uv_size": [1.5, 0.5]},
								"east": {"uv": [213.5, 251.5], "uv_size": [0.5, 0.5]},
								"south": {"uv": [85.5, 249.5], "uv_size": [1.5, 0.5]},
								"west": {"uv": [251.5, 215.5], "uv_size": [0.5, 0.5]},
								"up": {"uv": [93.5, 249.5], "uv_size": [1.5, 0.5]},
								"down": {"uv": [97.5, 250], "uv_size": [1.5, -0.5]}
							}
						},
						{
							"origin": [1.54194, 2.27546, -1.27054],
							"size": [0.216, 0.13125, 0.46875],
							"pivot": [1.71244, 2.32545, -1.03617],
							"rotation": [0, 0, 90],
							"uv": {
								"north": {"uv": [161.5, 249.5], "uv_size": [1, 0.5]},
								"east": {"uv": [243.5, 215.5], "uv_size": [2, 0.5]},
								"south": {"uv": [249.5, 183.5], "uv_size": [1, 0.5]},
								"west": {"uv": [219.5, 243.5], "uv_size": [2, 0.5]},
								"up": {"uv": [207.5, 233.5], "uv_size": [1, 2]},
								"down": {"uv": [211.5, 235.5], "uv_size": [1, -2]}
							}
						},
						{
							"origin": [1.5442, 2.37096, 0.82032],
							"size": [0.216, 0.1625, 0.09375],
							"pivot": [1.6692, 2.37096, 0.82032],
							"rotation": [-40, 0, 90],
							"uv": {
								"north": {"uv": [249.5, 187.5], "uv_size": [1, 0.5]},
								"east": {"uv": [217.5, 251.5], "uv_size": [0.5, 0.5]},
								"south": {"uv": [249.5, 191.5], "uv_size": [1, 0.5]},
								"west": {"uv": [221.5, 251.5], "uv_size": [0.5, 0.5]},
								"up": {"uv": [249.5, 203.5], "uv_size": [1, 0.5]},
								"down": {"uv": [249.5, 208], "uv_size": [1, -0.5]}
							}
						},
						{
							"origin": [1.54194, 2.27546, 0.92477],
							"size": [0.216, 0.13125, 0.46875],
							"pivot": [1.71244, 2.32545, 1.15914],
							"rotation": [0, 0, 90],
							"uv": {
								"north": {"uv": [249.5, 219.5], "uv_size": [1, 0.5]},
								"east": {"uv": [223.5, 243.5], "uv_size": [2, 0.5]},
								"south": {"uv": [249.5, 223.5], "uv_size": [1, 0.5]},
								"west": {"uv": [227.5, 243.5], "uv_size": [2, 0.5]},
								"up": {"uv": [231.5, 233.5], "uv_size": [1, 2]},
								"down": {"uv": [81.5, 237.5], "uv_size": [1, -2]}
							}
						},
						{
							"origin": [1.54086, 2.24421, 1.35931],
							"size": [0.216, 0.1625, 0.09375],
							"pivot": [1.71136, 2.32545, 1.42181],
							"rotation": [40, 0, 90],
							"uv": {
								"north": {"uv": [249.5, 227.5], "uv_size": [1, 0.5]},
								"east": {"uv": [225.5, 251.5], "uv_size": [0.5, 0.5]},
								"south": {"uv": [249.5, 231.5], "uv_size": [1, 0.5]},
								"west": {"uv": [229.5, 251.5], "uv_size": [0.5, 0.5]},
								"up": {"uv": [235.5, 249.5], "uv_size": [1, 0.5]},
								"down": {"uv": [249.5, 236], "uv_size": [1, -0.5]}
							}
						},
						{
							"origin": [0.38752, 2.57233, -1.375],
							"size": [0.216, 0.1, 0.6875],
							"pivot": [0.37053, 2.6067, 0.0625],
							"rotation": [0, 0, 90],
							"uv": {
								"north": {"uv": [239.5, 249.5], "uv_size": [1, 0.5]},
								"east": {"uv": [191.5, 237.5], "uv_size": [3, 0.5]},
								"south": {"uv": [243.5, 249.5], "uv_size": [1, 0.5]},
								"west": {"uv": [197.5, 237.5], "uv_size": [3, 0.5]},
								"up": {"uv": [225.5, 125.5], "uv_size": [1, 3]},
								"down": {"uv": [225.5, 164.5], "uv_size": [1, -3]}
							}
						},
						{
							"origin": [0.26252, 2.22858, -1.375],
							"size": [0.341, 0.1, 2.875],
							"pivot": [0.37053, 2.26295, 0.0625],
							"rotation": [0, 0, 90],
							"uv": {
								"north": {"uv": [101.5, 249.5], "uv_size": [1.5, 0.5]},
								"east": {"uv": [159.5, 219.5], "uv_size": [11.5, 0.5]},
								"south": {"uv": [105.5, 249.5], "uv_size": [1.5, 0.5]},
								"west": {"uv": [219.5, 185.5], "uv_size": [11.5, 0.5]},
								"up": {"uv": [219.5, 62], "uv_size": [1.5, 11.5]},
								"down": {"uv": [221.5, 123.5], "uv_size": [1.5, -11.5]}
							}
						},
						{
							"origin": [0.38752, 2.57233, 0.8125],
							"size": [0.216, 0.1, 0.6875],
							"pivot": [0.37053, 2.6067, 2.25],
							"rotation": [0, 0, 90],
							"uv": {
								"north": {"uv": [73.5, 251.5], "uv_size": [1, 0.5]},
								"east": {"uv": [237.5, 201.5], "uv_size": [3, 0.5]},
								"south": {"uv": [251.5, 73.5], "uv_size": [1, 0.5]},
								"west": {"uv": [203.5, 237.5], "uv_size": [3, 0.5]},
								"up": {"uv": [225.5, 167.5], "uv_size": [1, 3]},
								"down": {"uv": [225.5, 176.5], "uv_size": [1, -3]}
							}
						},
						{
							"origin": [0.14457, 2.37096, 1.3217],
							"size": [0.216, 0.1625, 0.09375],
							"pivot": [0.26957, 2.37096, 1.3217],
							"rotation": [-40, 0, 90],
							"uv": {
								"north": {"uv": [77.5, 251.5], "uv_size": [1, 0.5]},
								"east": {"uv": [251.5, 239.5], "uv_size": [0.5, 0.5]},
								"south": {"uv": [251.5, 77.5], "uv_size": [1, 0.5]},
								"west": {"uv": [251.5, 243.5], "uv_size": [0.5, 0.5]},
								"up": {"uv": [81.5, 251.5], "uv_size": [1, 0.5]},
								"down": {"uv": [251.5, 86], "uv_size": [1, -0.5]}
							}
						},
						{
							"origin": [0.08881, 2.27546, 0.92477],
							"size": [0.216, 0.13125, 0.46875],
							"pivot": [0.25931, 2.32545, 1.15914],
							"rotation": [0, 0, 90],
							"uv": {
								"north": {"uv": [89.5, 251.5], "uv_size": [1, 0.5]},
								"east": {"uv": [97.5, 245.5], "uv_size": [2, 0.5]},
								"south": {"uv": [251.5, 89.5], "uv_size": [1, 0.5]},
								"west": {"uv": [107.5, 245.5], "uv_size": [2, 0.5]},
								"up": {"uv": [85.5, 235.5], "uv_size": [1, 2]},
								"down": {"uv": [93.5, 237.5], "uv_size": [1, -2]}
							}
						},
						{
							"origin": [0.14123, 2.24421, 0.85792],
							"size": [0.216, 0.1625, 0.09375],
							"pivot": [0.31172, 2.32545, 0.92042],
							"rotation": [40, 0, 90],
							"uv": {
								"north": {"uv": [251.5, 93.5], "uv_size": [1, 0.5]},
								"east": {"uv": [247.5, 251.5], "uv_size": [0.5, 0.5]},
								"south": {"uv": [251.5, 97.5], "uv_size": [1, 0.5]},
								"west": {"uv": [251.5, 247.5], "uv_size": [0.5, 0.5]},
								"up": {"uv": [251.5, 101.5], "uv_size": [1, 0.5]},
								"down": {"uv": [251.5, 106], "uv_size": [1, -0.5]}
							}
						},
						{
							"origin": [0.14457, 2.37096, -0.8658],
							"size": [0.216, 0.1625, 0.09375],
							"pivot": [0.26957, 2.37096, -0.8658],
							"rotation": [-40, 0, 90],
							"uv": {
								"north": {"uv": [251.5, 117.5], "uv_size": [1, 0.5]},
								"east": {"uv": [251.5, 251.5], "uv_size": [0.5, 0.5]},
								"south": {"uv": [251.5, 127.5], "uv_size": [1, 0.5]},
								"west": {"uv": [253.5, 81.5], "uv_size": [0.5, 0.5]},
								"up": {"uv": [251.5, 131.5], "uv_size": [1, 0.5]},
								"down": {"uv": [251.5, 136], "uv_size": [1, -0.5]}
							}
						},
						{
							"origin": [0.08881, 2.27546, -1.26273],
							"size": [0.216, 0.13125, 0.46875],
							"pivot": [0.25931, 2.32545, -1.02836],
							"rotation": [0, 0, 90],
							"uv": {
								"north": {"uv": [251.5, 139.5], "uv_size": [1, 0.5]},
								"east": {"uv": [111.5, 245.5], "uv_size": [2, 0.5]},
								"south": {"uv": [251.5, 143.5], "uv_size": [1, 0.5]},
								"west": {"uv": [115.5, 245.5], "uv_size": [2, 0.5]},
								"up": {"uv": [103.5, 235.5], "uv_size": [1, 2]},
								"down": {"uv": [239, 104], "uv_size": [1, -2]}
							}
						},
						{
							"origin": [0.14123, 2.24421, -1.32958],
							"size": [0.216, 0.1625, 0.09375],
							"pivot": [0.31172, 2.32545, -1.26708],
							"rotation": [40, 0, 90],
							"uv": {
								"north": {"uv": [251.5, 147.5], "uv_size": [1, 0.5]},
								"east": {"uv": [85.5, 253.5], "uv_size": [0.5, 0.5]},
								"south": {"uv": [251.5, 151.5], "uv_size": [1, 0.5]},
								"west": {"uv": [93.5, 253.5], "uv_size": [0.5, 0.5]},
								"up": {"uv": [251.5, 155.5], "uv_size": [1, 0.5]},
								"down": {"uv": [251.5, 160], "uv_size": [1, -0.5]}
							}
						},
						{
							"origin": [0.76701, 2.80625, -5.375],
							"size": [0.46599, 0.1, 8.625],
							"pivot": [1, 2.34375, -0.5],
							"rotation": [0, 0, 45],
							"uv": {
								"north": {"uv": [119.5, 245.5], "uv_size": [2, 0.5]},
								"east": {"uv": [219.5, 76], "uv_size": [34.5, 0.5]},
								"south": {"uv": [123.5, 245.5], "uv_size": [2, 0.5]},
								"west": {"uv": [219.5, 80], "uv_size": [34.5, 0.5]},
								"up": {"uv": [203.5, 50], "uv_size": [2, 34.5]},
								"down": {"uv": [205.5, 122.5], "uv_size": [2, -34.5]}
							}
						},
						{
							"origin": [0.76701, 2.80625, -5.375],
							"size": [0.46599, 0.1, 8.625],
							"uv": {
								"north": {"uv": [127.5, 245.5], "uv_size": [2, 0.5]},
								"east": {"uv": [219.5, 84], "uv_size": [34.5, 0.5]},
								"south": {"uv": [131.5, 245.5], "uv_size": [2, 0.5]},
								"west": {"uv": [221.5, 20], "uv_size": [34.5, 0.5]},
								"up": {"uv": [207.5, 12], "uv_size": [2, 34.5]},
								"down": {"uv": [207.5, 84.5], "uv_size": [2, -34.5]}
							}
						},
						{
							"origin": [1.4625, 2.11076, -5.375],
							"size": [0.1, 0.46599, 8.625],
							"pivot": [1, 2.34375, -0.5],
							"rotation": [0, 0, 45],
							"uv": {
								"north": {"uv": [135.5, 245.5], "uv_size": [0.5, 2]},
								"east": {"uv": [209.5, 88], "uv_size": [34.5, 2]},
								"south": {"uv": [139.5, 245.5], "uv_size": [0.5, 2]},
								"west": {"uv": [209.5, 92], "uv_size": [34.5, 2]},
								"up": {"uv": [175.5, 199.5], "uv_size": [0.5, 34.5]},
								"down": {"uv": [179.5, 234], "uv_size": [0.5, -34.5]}
							}
						},
						{
							"origin": [1.4625, 2.11076, -5.375],
							"size": [0.1, 0.46599, 8.625],
							"uv": {
								"north": {"uv": [143.5, 245.5], "uv_size": [0.5, 2]},
								"east": {"uv": [209.5, 96], "uv_size": [34.5, 2]},
								"south": {"uv": [147.5, 245.5], "uv_size": [0.5, 2]},
								"west": {"uv": [209.5, 100], "uv_size": [34.5, 2]},
								"up": {"uv": [225.5, 112], "uv_size": [0.5, 34.5]},
								"down": {"uv": [191.5, 234], "uv_size": [0.5, -34.5]}
							}
						},
						{
							"origin": [0.4375, 2.11076, -5.375],
							"size": [0.1, 0.46599, 8.625],
							"pivot": [1, 2.34375, -0.5],
							"rotation": [0, 0, 45],
							"uv": {
								"north": {"uv": [151.5, 245.5], "uv_size": [0.5, 2]},
								"east": {"uv": [209.5, 104], "uv_size": [34.5, 2]},
								"south": {"uv": [155.5, 245.5], "uv_size": [0.5, 2]},
								"west": {"uv": [209.5, 108], "uv_size": [34.5, 2]},
								"up": {"uv": [195.5, 199.5], "uv_size": [0.5, 34.5]},
								"down": {"uv": [229.5, 146.5], "uv_size": [0.5, -34.5]}
							}
						},
						{
							"origin": [0.4375, 2.11076, -5.375],
							"size": [0.1, 0.46599, 8.625],
							"uv": {
								"north": {"uv": [159.5, 245.5], "uv_size": [0.5, 2]},
								"east": {"uv": [211.5, 12], "uv_size": [34.5, 2]},
								"south": {"uv": [163.5, 245.5], "uv_size": [0.5, 2]},
								"west": {"uv": [211.5, 16], "uv_size": [34.5, 2]},
								"up": {"uv": [73.5, 205.5], "uv_size": [0.5, 34.5]},
								"down": {"uv": [77.5, 240], "uv_size": [0.5, -34.5]}
							}
						}
					]
				},
				{
					"name": "sds",
					"parent": "miaoju",
					"pivot": [11, -7.8125, -8],
					"cubes": [
						{
							"origin": [0.90625, -0.06158, -0.375],
							"size": [0.25, 0.31066, 0.75],
							"pivot": [0.90625, 0.09375, 0],
							"rotation": [-45, 0, 0],
							"uv": {
								"north": {"uv": [245.5, 183.5], "uv_size": [1, 1]},
								"east": {"uv": [223.5, 205.5], "uv_size": [3, 1]},
								"south": {"uv": [245.5, 187.5], "uv_size": [1, 1]},
								"west": {"uv": [225.5, 179.5], "uv_size": [3, 1]},
								"up": {"uv": [219.5, 225.5], "uv_size": [1, 3]},
								"down": {"uv": [223.5, 228.5], "uv_size": [1, -3]}
							}
						},
						{
							"origin": [0.90625, -0.06158, -0.375],
							"size": [0.25, 0.31066, 0.75],
							"inflate": 0.0001,
							"uv": {
								"north": {"uv": [245.5, 191.5], "uv_size": [1, 1]},
								"east": {"uv": [225.5, 197.5], "uv_size": [3, 1]},
								"south": {"uv": [245.5, 203.5], "uv_size": [1, 1]},
								"west": {"uv": [227.5, 79.5], "uv_size": [3, 1]},
								"up": {"uv": [227.5, 83.5], "uv_size": [1, 3]},
								"down": {"uv": [167.5, 230.5], "uv_size": [1, -3]}
							}
						},
						{
							"origin": [0.90625, -0.28125, -0.15533],
							"size": [0.25, 0.75, 0.31066],
							"pivot": [0.90625, 0.09375, 0],
							"rotation": [-45, 0, 0],
							"uv": {
								"north": {"uv": [171.5, 227.5], "uv_size": [1, 3]},
								"east": {"uv": [187.5, 227.5], "uv_size": [1, 3]},
								"south": {"uv": [227.5, 213.5], "uv_size": [1, 3]},
								"west": {"uv": [227.5, 219.5], "uv_size": [1, 3]},
								"up": {"uv": [245.5, 207.5], "uv_size": [1, 1]},
								"down": {"uv": [245.5, 220.5], "uv_size": [1, -1]}
							}
						},
						{
							"origin": [0.90625, -0.28125, -0.15533],
							"size": [0.25, 0.75, 0.31066],
							"inflate": -0.0001,
							"uv": {
								"north": {"uv": [227.5, 225.5], "uv_size": [1, 3]},
								"east": {"uv": [229.5, 73.5], "uv_size": [1, 3]},
								"south": {"uv": [81.5, 229.5], "uv_size": [1, 3]},
								"west": {"uv": [85.5, 229.5], "uv_size": [1, 3]},
								"up": {"uv": [245.5, 223.5], "uv_size": [1, 1]},
								"down": {"uv": [245.5, 228.5], "uv_size": [1, -1]}
							}
						}
					]
				},
				{
					"name": "terst",
					"parent": "miaoju",
					"pivot": [10, -1.5, -12.25],
					"cubes": [
						{
							"origin": [0.8835, 3, -2.40625],
							"size": [0.233, 0.21875, 0.5625],
							"pivot": [1, 3.25, -2.125],
							"rotation": [0, -45, 0],
							"uv": {
								"north": {"uv": [245.5, 231.5], "uv_size": [1, 1]},
								"east": {"uv": [227.5, 89.5], "uv_size": [2.5, 1]},
								"south": {"uv": [235.5, 245.5], "uv_size": [1, 1]},
								"west": {"uv": [89.5, 229.5], "uv_size": [2.5, 1]},
								"up": {"uv": [95.5, 229.5], "uv_size": [1, 2.5]},
								"down": {"uv": [229.5, 100], "uv_size": [1, -2.5]}
							}
						},
						{
							"origin": [0.8835, 3, -2.40625],
							"size": [0.233, 0.21875, 0.5625],
							"uv": {
								"north": {"uv": [245.5, 235.5], "uv_size": [1, 1]},
								"east": {"uv": [99.5, 229.5], "uv_size": [2.5, 1]},
								"south": {"uv": [239.5, 245.5], "uv_size": [1, 1]},
								"west": {"uv": [229.5, 103.5], "uv_size": [2.5, 1]},
								"up": {"uv": [105.5, 229.5], "uv_size": [1, 2.5]},
								"down": {"uv": [229.5, 110], "uv_size": [1, -2.5]}
							}
						},
						{
							"origin": [0.71875, 3, -2.2415],
							"size": [0.5625, 0.21875, 0.23299],
							"pivot": [1, 3.25, -2.125],
							"rotation": [0, -45, 0],
							"uv": {
								"north": {"uv": [109.5, 229.5], "uv_size": [2.5, 1]},
								"east": {"uv": [243.5, 245.5], "uv_size": [1, 1]},
								"south": {"uv": [229.5, 113.5], "uv_size": [2.5, 1]},
								"west": {"uv": [73.5, 247.5], "uv_size": [1, 1]},
								"up": {"uv": [115.5, 229.5], "uv_size": [2.5, 1]},
								"down": {"uv": [229.5, 118.5], "uv_size": [2.5, -1]}
							}
						},
						{
							"origin": [0.71875, 3, -2.2415],
							"size": [0.5625, 0.21875, 0.23299],
							"uv": {
								"north": {"uv": [229.5, 125.5], "uv_size": [2.5, 1]},
								"east": {"uv": [247.5, 73.5], "uv_size": [1, 1]},
								"south": {"uv": [131.5, 229.5], "uv_size": [2.5, 1]},
								"west": {"uv": [77.5, 247.5], "uv_size": [1, 1]},
								"up": {"uv": [137.5, 229.5], "uv_size": [2.5, 1]},
								"down": {"uv": [143.5, 230.5], "uv_size": [2.5, -1]}
							}
						}
					]
				},
				{
					"name": "yuan",
					"parent": "miaoju",
					"pivot": [1.5, 0.0625, 4.25],
					"rotation": [-22.5, 0, 0],
					"cubes": [
						{
							"origin": [0.625, -0.20821, 1.54688],
							"size": [0.25, 0.47894, 1.15625],
							"pivot": [0.875, 0.03125, 2.125],
							"rotation": [-45, 0, 0],
							"uv": {
								"north": {"uv": [235.5, 111.5], "uv_size": [1, 2]},
								"east": {"uv": [163.5, 205.5], "uv_size": [4.5, 2]},
								"south": {"uv": [235.5, 115.5], "uv_size": [1, 2]},
								"west": {"uv": [210, 70.5], "uv_size": [4.5, 2]},
								"up": {"uv": [219.5, 201.5], "uv_size": [1, 4.5]},
								"down": {"uv": [221.5, 78], "uv_size": [1, -4.5]}
							}
						},
						{
							"origin": [0.625, -0.20821, 1.54688],
							"size": [0.25, 0.47894, 1.15625],
							"inflate": 0.0001,
							"uv": {
								"north": {"uv": [235.5, 125.5], "uv_size": [1, 2]},
								"east": {"uv": [207.5, 77.5], "uv_size": [4.5, 2]},
								"south": {"uv": [235.5, 145.5], "uv_size": [1, 2]},
								"west": {"uv": [211, 65.5], "uv_size": [4.5, 2]},
								"up": {"uv": [93.5, 221.5], "uv_size": [1, 4.5]},
								"down": {"uv": [97.5, 226], "uv_size": [1, -4.5]}
							}
						},
						{
							"origin": [0.625, -0.54687, 1.88554],
							"size": [0.25, 1.15625, 0.47893],
							"pivot": [0.875, 0.03125, 2.125],
							"rotation": [-45, 0, 0],
							"uv": {
								"north": {"uv": [221.5, 97.5], "uv_size": [1, 4.5]},
								"east": {"uv": [171.5, 205.5], "uv_size": [2, 4.5]},
								"south": {"uv": [101.5, 221.5], "uv_size": [1, 4.5]},
								"west": {"uv": [207.5, 185.5], "uv_size": [2, 4.5]},
								"up": {"uv": [235.5, 149.5], "uv_size": [1, 2]},
								"down": {"uv": [235.5, 215.5], "uv_size": [1, -2]}
							}
						},
						{
							"origin": [0.625, -0.54687, 1.88554],
							"size": [0.25, 1.15625, 0.47893],
							"inflate": -0.0001,
							"uv": {
								"north": {"uv": [105.5, 221.5], "uv_size": [1, 4.5]},
								"east": {"uv": [207.5, 193.5], "uv_size": [2, 4.5]},
								"south": {"uv": [109.5, 221.5], "uv_size": [1, 4.5]},
								"west": {"uv": [207.5, 201.5], "uv_size": [2, 4.5]},
								"up": {"uv": [235.5, 217.5], "uv_size": [1, 2]},
								"down": {"uv": [219.5, 237.5], "uv_size": [1, -2]}
							}
						}
					]
				},
				{
					"name": "yuan2",
					"parent": "miaoju",
					"pivot": [1.5, 0.0625, -4.25],
					"rotation": [22.5, 0, 0],
					"cubes": [
						{
							"origin": [0.625, -0.20821, -2.70312],
							"size": [0.25, 0.47894, 1.15625],
							"pivot": [0.875, 0.03125, -2.125],
							"rotation": [-45, 0, 0],
							"uv": {
								"north": {"uv": [235.5, 221.5], "uv_size": [1, 2]},
								"east": {"uv": [209.5, 97.5], "uv_size": [4.5, 2]},
								"south": {"uv": [223.5, 235.5], "uv_size": [1, 2]},
								"west": {"uv": [209.5, 102], "uv_size": [4.5, 2]},
								"up": {"uv": [113.5, 221.5], "uv_size": [1, 4.5]},
								"down": {"uv": [117.5, 226], "uv_size": [1, -4.5]}
							}
						},
						{
							"origin": [0.625, -0.20821, -2.70312],
							"size": [0.25, 0.47894, 1.15625],
							"inflate": 0.0001,
							"uv": {
								"north": {"uv": [235.5, 225.5], "uv_size": [1, 2]},
								"east": {"uv": [209.5, 127.5], "uv_size": [4.5, 2]},
								"south": {"uv": [235.5, 233.5], "uv_size": [1, 2]},
								"west": {"uv": [216.5, 131.5], "uv_size": [4.5, 2]},
								"up": {"uv": [151.5, 221.5], "uv_size": [1, 4.5]},
								"down": {"uv": [155.5, 226], "uv_size": [1, -4.5]}
							}
						},
						{
							"origin": [0.625, -0.54687, -2.36446],
							"size": [0.25, 1.15625, 0.47893],
							"inflate": -0.0001,
							"pivot": [0.875, 0.03125, -2.125],
							"rotation": [-45, 0, 0],
							"uv": {
								"north": {"uv": [221.5, 161.5], "uv_size": [1, 4.5]},
								"east": {"uv": [133.5, 209.5], "uv_size": [2, 4.5]},
								"south": {"uv": [221.5, 169.5], "uv_size": [1, 4.5]},
								"west": {"uv": [209.5, 135.5], "uv_size": [2, 4.5]},
								"up": {"uv": [238, 94], "uv_size": [1, 2]},
								"down": {"uv": [239, 100], "uv_size": [1, -2]}
							}
						},
						{
							"origin": [0.625, -0.54687, -2.36446],
							"size": [0.25, 1.15625, 0.47893],
							"uv": {
								"north": {"uv": [221.5, 177.5], "uv_size": [1, 4.5]},
								"east": {"uv": [137.5, 209.5], "uv_size": [2, 4.5]},
								"south": {"uv": [183.5, 221.5], "uv_size": [1, 4.5]},
								"west": {"uv": [141.5, 209.5], "uv_size": [2, 4.5]},
								"up": {"uv": [107.5, 237.5], "uv_size": [1, 2]},
								"down": {"uv": [111.5, 239.5], "uv_size": [1, -2]}
							}
						}
					]
				},
				{
					"name": "ocular",
					"pivot": [0.99337, 2.33712, 5.28125],
					"cubes": [
						{
							"origin": [0.374, 2.09275, 5.28025],
							"size": [1.252, 0.502, 0.002],
							"inflate": -0.002,
							"pivot": [1, 2.34375, 5.03125],
							"rotation": [0, 0, 45],
							"uv": {
								"south": {"uv": [0, 202.5], "uv_size": [5, 2]}
							}
						},
						{
							"origin": [0.3745, 2.09325, 5.28075],
							"size": [1.251, 0.501, 0.001],
							"inflate": -0.001,
							"uv": {
								"south": {"uv": [8, 202.5], "uv_size": [5, 2]}
							}
						},
						{
							"origin": [0.3755, 2.09425, 5.28175],
							"size": [1.249, 0.499, -0.001],
							"inflate": 0.001,
							"pivot": [1, 2.34375, 5.28125],
							"rotation": [0, 0, 90],
							"uv": {
								"south": {"uv": [16, 202.5], "uv_size": [5, 2]}
							}
						},
						{
							"origin": [0.71775, 2.59275, 5.28025],
							"size": [0.5645, 0.377, 0.002],
							"inflate": -0.002,
							"pivot": [1, 2.34375, 5.03125],
							"rotation": [0, 0, 45],
							"uv": {
								"south": {"uv": [34, 220.5], "uv_size": [2.5, 1.5]}
							}
						},
						{
							"origin": [0.71775, 1.624, 5.28025],
							"size": [0.5645, 0.47075, 0.002],
							"inflate": -0.002,
							"pivot": [1, 2.34375, 5.03125],
							"rotation": [0, 0, 45],
							"uv": {
								"south": {"uv": [86, 194.5], "uv_size": [2.5, 2]}
							}
						}
					]
				},
				{
					"name": "division",
					"pivot": [1, 2.34375, -19.7],
					"cubes": [
						{
							"origin": [-7, -5.65625, -19.7],
							"size": [16, 16, 0],
							"uv": {
								"south": {"uv": [0, 0], "uv_size": [192, 192]}
							}
						},
						{
							"origin": [9, -21.65625, -19.7],
							"size": [24, 48, 0],
							"uv": {
								"south": {"uv": [186, 2], "uv_size": [2, 2]}
							}
						},
						{
							"origin": [-31, -21.65625, -19.7],
							"size": [24, 48, 0],
							"uv": {
								"south": {"uv": [188.5, 4], "uv_size": [2, 2]}
							}
						},
						{
							"origin": [-7, 10.34375, -19.7],
							"size": [16, 16, 0],
							"uv": {
								"south": {"uv": [188.5, 1], "uv_size": [2, 2]}
							}
						},
						{
							"origin": [-7, -21.65625, -19.7],
							"size": [16, 16, 0],
							"uv": {
								"south": {"uv": [188.5, 98.5], "uv_size": [2, 2]}
							}
						},
						{
							"origin": [0.96875, -0.03125, -19.7],
							"size": [0.0625, 4.75, 0],
							"uv": {
								"south": {"uv": [186.5, 143], "uv_size": [0.5, 9.5]}
							}
						},
						{
							"origin": [0.96875, -0.03125, -19.7],
							"size": [0.0625, 4.75, 0],
							"pivot": [1, 2.34375, 2.75],
							"rotation": [0, 0, -90],
							"uv": {
								"south": {"uv": [160, 161.5], "uv_size": [0.5, 9.5]}
							}
						},
						{
							"origin": [0.84375, -5.71875, -19.7],
							"size": [0.3125, 5.625, 0],
							"pivot": [1, 2.34375, 3.75],
							"rotation": [0, 0, -90],
							"uv": {
								"south": {"uv": [33, 167], "uv_size": [0.5, 11.5]}
							}
						},
						{
							"origin": [-0.83406, 0.50969, -19.7],
							"size": [0.22097, 0.22097, 0],
							"pivot": [1, 2.34375, 3.75],
							"rotation": [0, 0, -135],
							"uv": {
								"south": {"uv": [182, 60], "uv_size": [0.5, 0.5]}
							}
						},
						{
							"origin": [0.84375, -5.71875, -19.7],
							"size": [0.3125, 5.625, 0],
							"pivot": [1, 2.34375, 3.75],
							"rotation": [0, 0, 90],
							"uv": {
								"south": {"uv": [160.5, 170], "uv_size": [0.5, 11.5]}
							}
						},
						{
							"origin": [2.61309, 0.50969, -19.7],
							"size": [0.22097, 0.22097, 0],
							"pivot": [1, 2.34375, 3.75],
							"rotation": [0, 0, 135],
							"uv": {
								"south": {"uv": [182, 64], "uv_size": [0.5, 0.5]}
							}
						},
						{
							"origin": [0.84375, -5.71875, -19.7],
							"size": [0.3125, 5.625, 0],
							"uv": {
								"south": {"uv": [165, 168], "uv_size": [0.5, 11.5]}
							}
						},
						{
							"origin": [2.61309, 0.50969, -19.7],
							"size": [0.22097, 0.22097, 0],
							"pivot": [1, 2.34375, 3.75],
							"rotation": [0, 0, 45],
							"uv": {
								"south": {"uv": [182, 68], "uv_size": [0.5, 0.5]}
							}
						},
						{
							"origin": [-0.83406, 0.50969, -19.7],
							"size": [0.22097, 0.22097, 0],
							"pivot": [1, 2.34375, 3.75],
							"rotation": [0, 0, 135],
							"uv": {
								"south": {"uv": [182, 72], "uv_size": [0.5, 0.5]}
							}
						},
						{
							"origin": [0.84375, -5.71875, -19.7],
							"size": [0.3125, 5.625, 0],
							"pivot": [1, 2.34375, 3.75],
							"rotation": [0, 0, -180],
							"uv": {
								"south": {"uv": [166, 165.5], "uv_size": [0.5, 11.5]}
							}
						}
					]
				},
				{
					"name": "scope_view",
					"pivot": [1, 2.34375, 8.15]
				}
			]
		}
	]
}