{
	"format_version": "1.12.0",
	"minecraft:geometry": [
		{
			"description": {
				"identifier": "geometry.unknown",
				"texture_width": 512,
				"texture_height": 512,
				"visible_bounds_width": 24,
				"visible_bounds_height": 11,
				"visible_bounds_offset": [0, 0.5, 0]
			},
			"bones": [
				{
					"name": "scope_body",
					"pivot": [-1.12321, 1.25611, -1.20659],
					"cubes": [
						{
							"origin": [-0.30374, 2.78876, -1.77846],
							"size": [0.09425, 0.04737, 0.563],
							"inflate": -0.001,
							"pivot": [-0.23318, 2.81244, -1.47352],
							"rotation": [0, 0, -45],
							"uv": {
								"north": {"uv": [105, 178], "uv_size": [1, 1]},
								"east": {"uv": [107, 178], "uv_size": [1, 1]},
								"south": {"uv": [111, 178], "uv_size": [1, 1]},
								"west": {"uv": [119, 178], "uv_size": [1, 1]},
								"up": {"uv": [123, 178], "uv_size": [1, 1]},
								"down": {"uv": [129, 179], "uv_size": [1, -1]}
							}
						},
						{
							"origin": [-1.26518, 2.2359, -1.73134],
							"size": [0.04688, 0.5625, 0.46875],
							"uv": {
								"north": {"uv": [131, 178], "uv_size": [1, 1]},
								"east": {"uv": [133, 178], "uv_size": [1, 1]},
								"south": {"uv": [135, 178], "uv_size": [1, 1]},
								"west": {"uv": [137, 178], "uv_size": [1, 1]},
								"up": {"uv": [143, 178], "uv_size": [1, 1]},
								"down": {"uv": [145, 179], "uv_size": [1, -1]}
							}
						},
						{
							"origin": [-1.32176, 2.2359, -1.78223],
							"size": [0.06629, 0.5625, 0.04688],
							"pivot": [-1.23203, 2.51715, -1.82509],
							"rotation": [0, 45, 0],
							"uv": {
								"north": {"uv": [147, 178], "uv_size": [1, 1]},
								"east": {"uv": [149, 178], "uv_size": [1, 1]},
								"south": {"uv": [151, 178], "uv_size": [1, 1]},
								"west": {"uv": [153, 178], "uv_size": [1, 1]},
								"up": {"uv": [178, 155], "uv_size": [1, 1]},
								"down": {"uv": [178, 158], "uv_size": [1, -1]}
							}
						},
						{
							"origin": [-1.24174, 0.11682, -0.74696],
							"size": [0.07031, 0.06629, 0.84375],
							"pivot": [-1.24174, 0.14997, -0.32509],
							"rotation": [0, 0, 45],
							"uv": {
								"north": {"uv": [22, 179], "uv_size": [1, 1]},
								"east": {"uv": [28, 179], "uv_size": [1, 1]},
								"south": {"uv": [30, 179], "uv_size": [1, 1]},
								"west": {"uv": [32, 179], "uv_size": [1, 1]},
								"up": {"uv": [38, 179], "uv_size": [1, 1]},
								"down": {"uv": [42, 180], "uv_size": [1, -1]}
							}
						},
						{
							"origin": [-1.26518, -0.2016, -1.26259],
							"size": [0.04688, 0.32813, 1.35938],
							"uv": {
								"north": {"uv": [50, 179], "uv_size": [1, 1]},
								"east": {"uv": [23, 167], "uv_size": [2, 1]},
								"south": {"uv": [52, 179], "uv_size": [1, 1]},
								"west": {"uv": [33, 167], "uv_size": [2, 1]},
								"up": {"uv": [36, 167], "uv_size": [1, 2]},
								"down": {"uv": [38, 169], "uv_size": [1, -2]}
							}
						},
						{
							"origin": [-1.25603, 0.3812, -1.37417],
							"size": [0.04738, 0.06829, 0.79737],
							"inflate": -0.001,
							"pivot": [-1.23234, 0.40489, -0.99892],
							"rotation": [-35.26439, 30, 35.26439],
							"uv": {
								"north": {"uv": [54, 179], "uv_size": [1, 1]},
								"east": {"uv": [59, 179], "uv_size": [1, 1]},
								"south": {"uv": [61, 179], "uv_size": [1, 1]},
								"west": {"uv": [63, 179], "uv_size": [1, 1]},
								"up": {"uv": [65, 179], "uv_size": [1, 1]},
								"down": {"uv": [73, 180], "uv_size": [1, -1]}
							}
						},
						{
							"origin": [-1.26543, 0.07136, -1.47308],
							"size": [0.04738, 0.3755, 0.79737],
							"inflate": -0.001,
							"pivot": [0.00045, 0.30599, -1.09783],
							"rotation": [-45, 0, 0],
							"uv": {
								"north": {"uv": [82, 179], "uv_size": [1, 1]},
								"east": {"uv": [86, 179], "uv_size": [1, 1]},
								"south": {"uv": [88, 179], "uv_size": [1, 1]},
								"west": {"uv": [90, 179], "uv_size": [1, 1]},
								"up": {"uv": [92, 179], "uv_size": [1, 1]},
								"down": {"uv": [94, 180], "uv_size": [1, -1]}
							}
						},
						{
							"origin": [-1.26518, -0.2016, -2.48134],
							"size": [0.04688, 2.4375, 1.21875],
							"uv": {
								"north": {"uv": [104, 163], "uv_size": [1, 3]},
								"east": {"uv": [4, 157], "uv_size": [2, 3]},
								"south": {"uv": [118, 163], "uv_size": [1, 3]},
								"west": {"uv": [7, 157], "uv_size": [2, 3]},
								"up": {"uv": [42, 167], "uv_size": [1, 2]},
								"down": {"uv": [59, 169], "uv_size": [1, -2]}
							}
						},
						{
							"origin": [-1.25547, 0.64215, -1.28602],
							"size": [0.04688, 2.15625, 0.06629],
							"pivot": [-1.23203, 2.51715, -1.26259],
							"rotation": [0, 45, 0],
							"uv": {
								"north": {"uv": [48, 164], "uv_size": [1, 3]},
								"east": {"uv": [57, 164], "uv_size": [1, 3]},
								"south": {"uv": [72, 164], "uv_size": [1, 3]},
								"west": {"uv": [146, 164], "uv_size": [1, 3]},
								"up": {"uv": [96, 179], "uv_size": [1, 1]},
								"down": {"uv": [98, 180], "uv_size": [1, -1]}
							}
						}
					]
				},
				{
					"name": "octagon9",
					"parent": "scope_body",
					"pivot": [6.00045, -4.04535, -2.90321],
					"cubes": [
						{
							"origin": [-0.38788, 0.45465, 2.53429],
							"size": [0.77665, 0.15, 1.125],
							"pivot": [0.00045, 1.39215, 3.09679],
							"rotation": [0, 0, 45],
							"uv": {
								"north": {"uv": [115, 179], "uv_size": [1, 1]},
								"east": {"uv": [61, 167], "uv_size": [2, 1]},
								"south": {"uv": [117, 179], "uv_size": [1, 1]},
								"west": {"uv": [64, 167], "uv_size": [2, 1]},
								"up": {"uv": [77, 167], "uv_size": [1, 2]},
								"down": {"uv": [79, 169], "uv_size": [1, -2]}
							}
						},
						{
							"origin": [-0.38788, 0.45465, 2.53429],
							"size": [0.77665, 0.15, 1.125],
							"uv": {
								"north": {"uv": [121, 179], "uv_size": [1, 1]},
								"east": {"uv": [96, 167], "uv_size": [2, 1]},
								"south": {"uv": [125, 179], "uv_size": [1, 1]},
								"west": {"uv": [99, 167], "uv_size": [2, 1]},
								"up": {"uv": [81, 167], "uv_size": [1, 2]},
								"down": {"uv": [85, 169], "uv_size": [1, -2]}
							}
						},
						{
							"origin": [-0.38788, 2.17965, 2.53429],
							"size": [0.77665, 0.15, 1.125],
							"pivot": [0.00045, 1.39215, 3.09679],
							"rotation": [0, 0, 45],
							"uv": {
								"north": {"uv": [127, 179], "uv_size": [1, 1]},
								"east": {"uv": [114, 167], "uv_size": [2, 1]},
								"south": {"uv": [139, 179], "uv_size": [1, 1]},
								"west": {"uv": [117, 167], "uv_size": [2, 1]},
								"up": {"uv": [104, 167], "uv_size": [2, 2]},
								"down": {"uv": [120, 169], "uv_size": [1, -2]}
							}
						},
						{
							"origin": [-0.38788, 2.17965, 2.53429],
							"size": [0.77665, 0.15, 1.125],
							"uv": {
								"north": {"uv": [141, 179], "uv_size": [1, 1]},
								"east": {"uv": [122, 167], "uv_size": [2, 1]},
								"south": {"uv": [155, 179], "uv_size": [1, 1]},
								"west": {"uv": [128, 167], "uv_size": [2, 1]},
								"up": {"uv": [131, 167], "uv_size": [1, 2]},
								"down": {"uv": [154, 169], "uv_size": [1, -2]}
							}
						},
						{
							"origin": [0.78795, 1.00383, 2.53429],
							"size": [0.15, 0.77665, 1.125],
							"pivot": [0.00045, 1.39215, 3.09679],
							"rotation": [0, 0, 45],
							"uv": {
								"north": {"uv": [157, 179], "uv_size": [1, 1]},
								"east": {"uv": [167, 157], "uv_size": [2, 1]},
								"south": {"uv": [179, 161], "uv_size": [1, 1]},
								"west": {"uv": [159, 167], "uv_size": [2, 1]},
								"up": {"uv": [62, 185], "uv_size": [1, 2]},
								"down": {"uv": [61, 192], "uv_size": [1, -2]}
							}
						},
						{
							"origin": [0.78795, 1.00383, 2.53429],
							"size": [0.15, 0.77665, 1.125],
							"uv": {
								"north": {"uv": [74, 186], "uv_size": [1, 1]},
								"east": {"uv": [0, 168], "uv_size": [2, 1]},
								"south": {"uv": [74, 188], "uv_size": [1, 1]},
								"west": {"uv": [26, 168], "uv_size": [2, 1]},
								"up": {"uv": [40, 168], "uv_size": [1, 2]},
								"down": {"uv": [44, 170], "uv_size": [1, -2]}
							}
						},
						{
							"origin": [-0.93705, 1.00383, 2.53429],
							"size": [0.15, 0.77665, 1.125],
							"pivot": [0.00045, 1.39215, 3.09679],
							"rotation": [0, 0, 45],
							"uv": {
								"north": {"uv": [61, 202], "uv_size": [1, 1]},
								"east": {"uv": [46, 168], "uv_size": [2, 1]},
								"south": {"uv": [63, 202], "uv_size": [1, 1]},
								"west": {"uv": [49, 168], "uv_size": [2, 1]},
								"up": {"uv": [57, 168], "uv_size": [1, 2]},
								"down": {"uv": [67, 170], "uv_size": [1, -2]}
							}
						},
						{
							"origin": [-0.93705, 1.00383, 2.53429],
							"size": [0.15, 0.77665, 1.125],
							"uv": {
								"north": {"uv": [65, 202], "uv_size": [1, 1]},
								"east": {"uv": [69, 168], "uv_size": [2, 1]},
								"south": {"uv": [67, 202], "uv_size": [1, 1]},
								"west": {"uv": [72, 168], "uv_size": [2, 1]},
								"up": {"uv": [75, 168], "uv_size": [1, 2]},
								"down": {"uv": [83, 170], "uv_size": [1, -2]}
							}
						}
					]
				},
				{
					"name": "octagon2",
					"parent": "scope_body",
					"pivot": [6.00045, -4.04535, -4.59071],
					"cubes": [
						{
							"origin": [-0.23806, 0.81634, -0.27821],
							"size": [0.47702, 0.15, 2.0625],
							"pivot": [0.00045, 1.39215, 1.40929],
							"rotation": [0, 0, 45],
							"uv": {
								"north": {"uv": [141, 171], "uv_size": [1, 1]},
								"east": {"uv": [157, 155], "uv_size": [3, 1]},
								"south": {"uv": [143, 171], "uv_size": [1, 1]},
								"west": {"uv": [157, 157], "uv_size": [3, 1]},
								"up": {"uv": [140, 157], "uv_size": [1, 3]},
								"down": {"uv": [145, 161], "uv_size": [1, -3]}
							}
						},
						{
							"origin": [-0.23806, 0.81634, -0.27821],
							"size": [0.47702, 0.15, 2.0625],
							"uv": {
								"north": {"uv": [157, 171], "uv_size": [1, 1]},
								"east": {"uv": [147, 158], "uv_size": [3, 1]},
								"south": {"uv": [159, 171], "uv_size": [1, 1]},
								"west": {"uv": [151, 158], "uv_size": [3, 1]},
								"up": {"uv": [155, 158], "uv_size": [1, 3]},
								"down": {"uv": [10, 162], "uv_size": [1, -3]}
							}
						},
						{
							"origin": [-0.23806, 1.81797, -0.27821],
							"size": [0.47702, 0.15, 2.0625],
							"pivot": [0.00045, 1.39215, 1.40929],
							"rotation": [0, 0, 45],
							"uv": {
								"north": {"uv": [171, 161], "uv_size": [1, 1]},
								"east": {"uv": [12, 159], "uv_size": [3, 1]},
								"south": {"uv": [66, 186], "uv_size": [1, 1]},
								"west": {"uv": [16, 159], "uv_size": [3, 1]},
								"up": {"uv": [20, 159], "uv_size": [1, 3]},
								"down": {"uv": [22, 162], "uv_size": [1, -3]}
							}
						},
						{
							"origin": [-0.23806, 1.81797, -0.27821],
							"size": [0.47702, 0.15, 2.0625],
							"uv": {
								"north": {"uv": [66, 188], "uv_size": [1, 1]},
								"east": {"uv": [34, 159], "uv_size": [3, 1]},
								"south": {"uv": [63, 194], "uv_size": [1, 1]},
								"west": {"uv": [38, 159], "uv_size": [3, 1]},
								"up": {"uv": [24, 159], "uv_size": [1, 3]},
								"down": {"uv": [42, 162], "uv_size": [1, -3]}
							}
						},
						{
							"origin": [0.42626, 1.15365, -0.27821],
							"size": [0.15, 0.47701, 2.0625],
							"pivot": [0.00045, 1.39215, 1.40929],
							"rotation": [0, 0, 45],
							"uv": {
								"north": {"uv": [65, 194], "uv_size": [1, 1]},
								"east": {"uv": [61, 159], "uv_size": [3, 1]},
								"south": {"uv": [0, 172], "uv_size": [1, 1]},
								"west": {"uv": [65, 159], "uv_size": [3, 1]},
								"up": {"uv": [69, 159], "uv_size": [1, 3]},
								"down": {"uv": [78, 162], "uv_size": [1, -3]}
							}
						},
						{
							"origin": [0.42626, 1.15365, -0.27821],
							"size": [0.15, 0.47701, 2.0625],
							"uv": {
								"north": {"uv": [24, 172], "uv_size": [1, 1]},
								"east": {"uv": [80, 159], "uv_size": [3, 1]},
								"south": {"uv": [26, 172], "uv_size": [1, 1]},
								"west": {"uv": [84, 159], "uv_size": [3, 1]},
								"up": {"uv": [96, 159], "uv_size": [1, 3]},
								"down": {"uv": [98, 162], "uv_size": [1, -3]}
							}
						},
						{
							"origin": [-0.57536, 1.15365, -0.27821],
							"size": [0.15, 0.47701, 2.0625],
							"pivot": [0.00045, 1.39215, 1.40929],
							"rotation": [0, 0, 45],
							"uv": {
								"north": {"uv": [35, 172], "uv_size": [1, 1]},
								"east": {"uv": [100, 159], "uv_size": [3, 1]},
								"south": {"uv": [37, 172], "uv_size": [1, 1]},
								"west": {"uv": [114, 159], "uv_size": [3, 1]},
								"up": {"uv": [104, 159], "uv_size": [1, 3]},
								"down": {"uv": [118, 162], "uv_size": [1, -3]}
							}
						},
						{
							"origin": [-0.57536, 1.15365, -0.27821],
							"size": [0.15, 0.47701, 2.0625],
							"uv": {
								"north": {"uv": [41, 172], "uv_size": [1, 1]},
								"east": {"uv": [120, 159], "uv_size": [3, 1]},
								"south": {"uv": [46, 172], "uv_size": [1, 1]},
								"west": {"uv": [124, 159], "uv_size": [3, 1]},
								"up": {"uv": [128, 159], "uv_size": [1, 3]},
								"down": {"uv": [130, 162], "uv_size": [1, -3]}
							}
						}
					]
				},
				{
					"name": "bone2",
					"parent": "octagon2",
					"pivot": [0.2397, 2.8929, 2.53504],
					"rotation": [24, 0, 0],
					"cubes": [
						{
							"origin": [0.27671, 2.22753, 1.40488],
							"size": [0.14992, 0.15075, 0.90376],
							"pivot": [0.38878, 2.89215, 2.53429],
							"rotation": [0, 9.5, 0],
							"uv": {
								"north": {"uv": [141, 169], "uv_size": [1, 1]},
								"east": {"uv": [143, 169], "uv_size": [1, 1]},
								"south": {"uv": [158, 169], "uv_size": [1, 1]},
								"west": {"uv": [160, 169], "uv_size": [1, 1]},
								"up": {"uv": [169, 161], "uv_size": [1, 1]},
								"down": {"uv": [64, 187], "uv_size": [1, -1]}
							}
						},
						{
							"origin": [-0.2378, 2.22853, 1.41513],
							"size": [0.4765, 0.1495, 0.89012],
							"inflate": 0.001,
							"uv": {
								"north": {"uv": [64, 188], "uv_size": [1, 1]},
								"east": {"uv": [63, 192], "uv_size": [1, 1]},
								"south": {"uv": [0, 170], "uv_size": [1, 1]},
								"west": {"uv": [25, 170], "uv_size": [1, 1]},
								"up": {"uv": [27, 170], "uv_size": [1, 1]},
								"down": {"uv": [35, 171], "uv_size": [1, -1]}
							}
						},
						{
							"origin": [-0.42572, 2.22753, 1.40488],
							"size": [0.14992, 0.15075, 0.90376],
							"pivot": [-0.38788, 2.89215, 2.53429],
							"rotation": [0, -9.5, 0],
							"uv": {
								"north": {"uv": [37, 170], "uv_size": [1, 1]},
								"east": {"uv": [42, 170], "uv_size": [1, 1]},
								"south": {"uv": [46, 170], "uv_size": [1, 1]},
								"west": {"uv": [48, 170], "uv_size": [1, 1]},
								"up": {"uv": [50, 170], "uv_size": [1, 1]},
								"down": {"uv": [59, 171], "uv_size": [1, -1]}
							}
						}
					]
				},
				{
					"name": "bone6",
					"parent": "octagon2",
					"pivot": [0.9387, 2.19381, 2.53505],
					"rotation": [24, 0, 90],
					"cubes": [
						{
							"origin": [1.97123, 2.04231, 1.72339],
							"size": [0.14992, 0.15075, 0.90376],
							"pivot": [1.56628, 2.19306, 2.5343],
							"rotation": [0, 9.5, 0],
							"uv": {
								"north": {"uv": [69, 170], "uv_size": [1, 1]},
								"east": {"uv": [71, 170], "uv_size": [1, 1]},
								"south": {"uv": [73, 170], "uv_size": [1, 1]},
								"west": {"uv": [77, 170], "uv_size": [1, 1]},
								"up": {"uv": [79, 170], "uv_size": [1, 1]},
								"down": {"uv": [81, 171], "uv_size": [1, -1]}
							}
						},
						{
							"origin": [1.5022, 2.04331, 1.64393],
							"size": [0.4765, 0.1495, 0.89013],
							"inflate": 0.001,
							"uv": {
								"north": {"uv": [85, 170], "uv_size": [1, 1]},
								"east": {"uv": [101, 170], "uv_size": [1, 1]},
								"south": {"uv": [103, 170], "uv_size": [1, 1]},
								"west": {"uv": [105, 170], "uv_size": [1, 1]},
								"up": {"uv": [107, 170], "uv_size": [1, 1]},
								"down": {"uv": [111, 171], "uv_size": [1, -1]}
							}
						},
						{
							"origin": [1.34432, 2.04231, 1.53771],
							"size": [0.14992, 0.15075, 0.90376],
							"pivot": [0.78962, 2.19306, 2.5343],
							"rotation": [0, -9.5, 0],
							"uv": {
								"north": {"uv": [120, 170], "uv_size": [1, 1]},
								"east": {"uv": [124, 170], "uv_size": [1, 1]},
								"south": {"uv": [131, 170], "uv_size": [1, 1]},
								"west": {"uv": [133, 170], "uv_size": [1, 1]},
								"up": {"uv": [135, 170], "uv_size": [1, 1]},
								"down": {"uv": [137, 171], "uv_size": [1, -1]}
							}
						}
					]
				},
				{
					"name": "bone5",
					"parent": "octagon2",
					"pivot": [0.83301, 2.44899, 2.53505],
					"rotation": [24, 0, 45],
					"cubes": [
						{
							"origin": [1.2504, 1.93413, 1.54687],
							"size": [0.14992, 0.15075, 0.90376],
							"pivot": [0.92011, 2.2887, 2.5343],
							"rotation": [0, 9.5, 0],
							"uv": {
								"north": {"uv": [139, 170], "uv_size": [1, 1]},
								"east": {"uv": [145, 170], "uv_size": [1, 1]},
								"south": {"uv": [147, 170], "uv_size": [1, 1]},
								"west": {"uv": [149, 170], "uv_size": [1, 1]},
								"up": {"uv": [151, 170], "uv_size": [1, 1]},
								"down": {"uv": [153, 171], "uv_size": [1, -1]}
							}
						},
						{
							"origin": [0.75326, 1.93513, 1.48215],
							"size": [0.4765, 0.1495, 0.89012],
							"inflate": 0.001,
							"uv": {
								"north": {"uv": [155, 170], "uv_size": [1, 1]},
								"east": {"uv": [170, 155], "uv_size": [1, 1]},
								"south": {"uv": [170, 157], "uv_size": [1, 1]},
								"west": {"uv": [170, 159], "uv_size": [1, 1]},
								"up": {"uv": [162, 170], "uv_size": [1, 1]},
								"down": {"uv": [59, 194], "uv_size": [1, -1]}
							}
						},
						{
							"origin": [0.58073, 1.93413, 1.5233],
							"size": [0.14992, 0.15075, 0.90376],
							"pivot": [0.92011, 2.2887, 2.5343],
							"rotation": [0, -9.5, 0],
							"uv": {
								"north": {"uv": [61, 193], "uv_size": [1, 1]},
								"east": {"uv": [65, 190], "uv_size": [1, 1]},
								"south": {"uv": [65, 192], "uv_size": [1, 1]},
								"west": {"uv": [2, 171], "uv_size": [1, 1]},
								"up": {"uv": [4, 171], "uv_size": [1, 1]},
								"down": {"uv": [6, 172], "uv_size": [1, -1]}
							}
						}
					]
				},
				{
					"name": "bone13",
					"parent": "octagon2",
					"pivot": [0.83301, 1.46032, 2.53505],
					"rotation": [-24, 0, -45],
					"cubes": [
						{
							"origin": [0.41241, 1.09771, 1.73469],
							"size": [0.14992, 0.15075, 0.90376],
							"pivot": [0.92011, 1.62061, 2.5343],
							"rotation": [0, 9.5, 0],
							"uv": {
								"north": {"uv": [8, 171], "uv_size": [1, 1]},
								"east": {"uv": [10, 171], "uv_size": [1, 1]},
								"south": {"uv": [12, 171], "uv_size": [1, 1]},
								"west": {"uv": [14, 171], "uv_size": [1, 1]},
								"up": {"uv": [16, 171], "uv_size": [1, 1]},
								"down": {"uv": [18, 172], "uv_size": [1, -1]}
							}
						},
						{
							"origin": [-0.04224, 1.09796, 1.8057],
							"size": [0.4765, 0.1495, 0.89012],
							"inflate": 0.001,
							"uv": {
								"north": {"uv": [20, 171], "uv_size": [1, 1]},
								"east": {"uv": [22, 171], "uv_size": [1, 1]},
								"south": {"uv": [29, 171], "uv_size": [1, 1]},
								"west": {"uv": [31, 171], "uv_size": [1, 1]},
								"up": {"uv": [33, 171], "uv_size": [1, 1]},
								"down": {"uv": [39, 172], "uv_size": [1, -1]}
							}
						},
						{
							"origin": [-0.15045, 1.09771, 1.97371],
							"size": [0.14992, 0.15075, 0.90376],
							"pivot": [0.92011, 1.62061, 2.5343],
							"rotation": [0, -9.5, 0],
							"uv": {
								"north": {"uv": [44, 171], "uv_size": [1, 1]},
								"east": {"uv": [52, 171], "uv_size": [1, 1]},
								"south": {"uv": [54, 171], "uv_size": [1, 1]},
								"west": {"uv": [56, 171], "uv_size": [1, 1]},
								"up": {"uv": [61, 171], "uv_size": [1, 1]},
								"down": {"uv": [63, 172], "uv_size": [1, -1]}
							}
						}
					]
				},
				{
					"name": "bone4",
					"parent": "octagon2",
					"pivot": [0.2397, 1.0164, 2.53504],
					"rotation": [-24, 0, 0],
					"cubes": [
						{
							"origin": [0.20119, 0.50328, 1.85618],
							"size": [0.14992, 0.15075, 0.90376],
							"pivot": [0.38878, 1.01715, 2.53429],
							"rotation": [0, 9.5, 0],
							"uv": {
								"north": {"uv": [65, 171], "uv_size": [1, 1]},
								"east": {"uv": [67, 171], "uv_size": [1, 1]},
								"south": {"uv": [75, 171], "uv_size": [1, 1]},
								"west": {"uv": [83, 171], "uv_size": [1, 1]},
								"up": {"uv": [87, 171], "uv_size": [1, 1]},
								"down": {"uv": [89, 172], "uv_size": [1, -1]}
							}
						},
						{
							"origin": [-0.2378, 0.50353, 1.8727],
							"size": [0.4765, 0.1495, 0.89012],
							"inflate": 0.001,
							"uv": {
								"north": {"uv": [91, 171], "uv_size": [1, 1]},
								"east": {"uv": [93, 171], "uv_size": [1, 1]},
								"south": {"uv": [95, 171], "uv_size": [1, 1]},
								"west": {"uv": [97, 171], "uv_size": [1, 1]},
								"up": {"uv": [99, 171], "uv_size": [1, 1]},
								"down": {"uv": [109, 172], "uv_size": [1, -1]}
							}
						},
						{
							"origin": [-0.35021, 0.50328, 1.85618],
							"size": [0.14992, 0.15075, 0.90376],
							"pivot": [-0.38788, 1.01715, 2.53429],
							"rotation": [0, -9.5, 0],
							"uv": {
								"north": {"uv": [113, 171], "uv_size": [1, 1]},
								"east": {"uv": [115, 171], "uv_size": [1, 1]},
								"south": {"uv": [117, 171], "uv_size": [1, 1]},
								"west": {"uv": [122, 171], "uv_size": [1, 1]},
								"up": {"uv": [126, 171], "uv_size": [1, 1]},
								"down": {"uv": [128, 172], "uv_size": [1, -1]}
							}
						}
					]
				},
				{
					"name": "octagon3",
					"parent": "scope_body",
					"pivot": [6.00045, -4.60785, -5.52821],
					"cubes": [
						{
							"origin": [-0.31021, 0.64215, 0.09679],
							"size": [0.38695, 0.15, 0.9375],
							"pivot": [0.00045, 1.39215, 0.47179],
							"rotation": [0, 0, 45],
							"uv": {
								"north": {"uv": [48, 172], "uv_size": [1, 1]},
								"east": {"uv": [50, 172], "uv_size": [1, 1]},
								"south": {"uv": [58, 172], "uv_size": [1, 1]},
								"west": {"uv": [69, 172], "uv_size": [1, 1]},
								"up": {"uv": [71, 172], "uv_size": [1, 1]},
								"down": {"uv": [73, 173], "uv_size": [1, -1]}
							}
						},
						{
							"origin": [-0.49771, 0.22028, 0.09679],
							"size": [0.99632, 0.75937, 0.9375],
							"uv": {
								"north": {"uv": [77, 172], "uv_size": [1, 1]},
								"east": {"uv": [79, 172], "uv_size": [1, 1]},
								"south": {"uv": [81, 172], "uv_size": [1, 1]},
								"west": {"uv": [85, 172], "uv_size": [1, 1]},
								"up": {"uv": [101, 172], "uv_size": [1, 1]},
								"down": {"uv": [103, 173], "uv_size": [1, -1]}
							}
						},
						{
							"origin": [-0.59146, 0.31403, 0.37804],
							"size": [1.18382, 0.38437, 0.375],
							"pivot": [0.37545, 0.50622, 0.56554],
							"rotation": [-45, 0, 0],
							"uv": {
								"north": {"uv": [148, 166], "uv_size": [2, 1]},
								"east": {"uv": [69, 200], "uv_size": [1, 1]},
								"south": {"uv": [151, 166], "uv_size": [2, 1]},
								"west": {"uv": [72, 198], "uv_size": [1, 1]},
								"up": {"uv": [61, 188], "uv_size": [2, 1]},
								"down": {"uv": [14, 168], "uv_size": [2, -1]}
							}
						},
						{
							"origin": [-0.31021, 1.99215, 0.09679],
							"size": [0.62132, 0.15, 0.9375],
							"pivot": [0.00045, 1.39215, 0.47179],
							"rotation": [0, 0, 45],
							"uv": {
								"north": {"uv": [105, 172], "uv_size": [1, 1]},
								"east": {"uv": [107, 172], "uv_size": [1, 1]},
								"south": {"uv": [111, 172], "uv_size": [1, 1]},
								"west": {"uv": [119, 172], "uv_size": [1, 1]},
								"up": {"uv": [124, 172], "uv_size": [1, 1]},
								"down": {"uv": [130, 173], "uv_size": [1, -1]}
							}
						},
						{
							"origin": [-0.31021, 1.99215, 0.09679],
							"size": [0.62132, 0.15, 0.9375],
							"uv": {
								"north": {"uv": [132, 172], "uv_size": [1, 1]},
								"east": {"uv": [134, 172], "uv_size": [1, 1]},
								"south": {"uv": [136, 172], "uv_size": [1, 1]},
								"west": {"uv": [138, 172], "uv_size": [1, 1]},
								"up": {"uv": [145, 172], "uv_size": [1, 1]},
								"down": {"uv": [147, 173], "uv_size": [1, -1]}
							}
						},
						{
							"origin": [0.60045, 1.31587, 0.09679],
							"size": [0.15, 0.38695, 0.9375],
							"pivot": [0.00045, 1.39215, 0.47179],
							"rotation": [0, 0, 45],
							"uv": {
								"north": {"uv": [149, 172], "uv_size": [1, 1]},
								"east": {"uv": [151, 172], "uv_size": [1, 1]},
								"south": {"uv": [153, 172], "uv_size": [1, 1]},
								"west": {"uv": [155, 172], "uv_size": [1, 1]},
								"up": {"uv": [172, 155], "uv_size": [1, 1]},
								"down": {"uv": [172, 158], "uv_size": [1, -1]}
							}
						},
						{
							"origin": [0.60045, 1.0815, 0.09679],
							"size": [0.15, 0.62132, 0.9375],
							"uv": {
								"north": {"uv": [172, 159], "uv_size": [1, 1]},
								"east": {"uv": [161, 172], "uv_size": [1, 1]},
								"south": {"uv": [58, 195], "uv_size": [1, 1]},
								"west": {"uv": [60, 195], "uv_size": [1, 1]},
								"up": {"uv": [67, 190], "uv_size": [1, 1]},
								"down": {"uv": [67, 193], "uv_size": [1, -1]}
							}
						},
						{
							"origin": [-0.9373, 1.26875, 0.09654],
							"size": [1.82863, 0.19995, 0.938],
							"inflate": -0.001,
							"uv": {
								"north": {"uv": [14, 165], "uv_size": [2, 1]},
								"east": {"uv": [67, 194], "uv_size": [1, 1]},
								"south": {"uv": [17, 165], "uv_size": [2, 1]},
								"west": {"uv": [2, 173], "uv_size": [1, 1]},
								"up": {"uv": [20, 165], "uv_size": [2, 1]},
								"down": {"uv": [23, 166], "uv_size": [2, -1]}
							}
						},
						{
							"origin": [-0.74955, 1.0815, 0.09679],
							"size": [0.15, 0.62132, 0.9375],
							"pivot": [0.00045, 1.39215, 0.47179],
							"rotation": [0, 0, 45],
							"uv": {
								"north": {"uv": [4, 173], "uv_size": [1, 1]},
								"east": {"uv": [6, 173], "uv_size": [1, 1]},
								"south": {"uv": [8, 173], "uv_size": [1, 1]},
								"west": {"uv": [10, 173], "uv_size": [1, 1]},
								"up": {"uv": [12, 173], "uv_size": [1, 1]},
								"down": {"uv": [14, 174], "uv_size": [1, -1]}
							}
						},
						{
							"origin": [-0.74955, 1.0815, 0.09679],
							"size": [0.15, 0.62132, 0.9375],
							"uv": {
								"north": {"uv": [16, 173], "uv_size": [1, 1]},
								"east": {"uv": [18, 173], "uv_size": [1, 1]},
								"south": {"uv": [20, 173], "uv_size": [1, 1]},
								"west": {"uv": [22, 173], "uv_size": [1, 1]},
								"up": {"uv": [28, 173], "uv_size": [1, 1]},
								"down": {"uv": [30, 174], "uv_size": [1, -1]}
							}
						}
					]
				},
				{
					"name": "bone11",
					"parent": "scope_body",
					"pivot": [-0.9378, 2.19381, 2.53505],
					"rotation": [24, 0, -90],
					"cubes": [
						{
							"origin": [-1.9778, 2.04331, 1.64393],
							"size": [0.4765, 0.1495, 0.89013],
							"inflate": 0.001,
							"uv": {
								"north": {"uv": [32, 173], "uv_size": [1, 1]},
								"east": {"uv": [39, 173], "uv_size": [1, 1]},
								"south": {"uv": [43, 173], "uv_size": [1, 1]},
								"west": {"uv": [52, 173], "uv_size": [1, 1]},
								"up": {"uv": [54, 173], "uv_size": [1, 1]},
								"down": {"uv": [56, 174], "uv_size": [1, -1]}
							}
						},
						{
							"origin": [-2.12025, 2.04231, 1.72339],
							"size": [0.14992, 0.15075, 0.90376],
							"pivot": [-1.56538, 2.19306, 2.5343],
							"rotation": [0, -9.5, 0],
							"uv": {
								"north": {"uv": [60, 173], "uv_size": [1, 1]},
								"east": {"uv": [62, 173], "uv_size": [1, 1]},
								"south": {"uv": [64, 173], "uv_size": [1, 1]},
								"west": {"uv": [66, 173], "uv_size": [1, 1]},
								"up": {"uv": [75, 173], "uv_size": [1, 1]},
								"down": {"uv": [83, 174], "uv_size": [1, -1]}
							}
						},
						{
							"origin": [-1.49333, 2.04231, 1.53771],
							"size": [0.14992, 0.15075, 0.90376],
							"pivot": [-0.78872, 2.19306, 2.5343],
							"rotation": [0, 9.5, 0],
							"uv": {
								"north": {"uv": [87, 173], "uv_size": [1, 1]},
								"east": {"uv": [89, 173], "uv_size": [1, 1]},
								"south": {"uv": [91, 173], "uv_size": [1, 1]},
								"west": {"uv": [93, 173], "uv_size": [1, 1]},
								"up": {"uv": [95, 173], "uv_size": [1, 1]},
								"down": {"uv": [97, 174], "uv_size": [1, -1]}
							}
						}
					]
				},
				{
					"name": "bone7",
					"parent": "scope_body",
					"pivot": [-0.83211, 2.44899, 2.53505],
					"rotation": [24, 0, -45],
					"cubes": [
						{
							"origin": [-1.22886, 1.93513, 1.48215],
							"size": [0.4765, 0.1495, 0.89012],
							"inflate": 0.001,
							"uv": {
								"north": {"uv": [99, 173], "uv_size": [1, 1]},
								"east": {"uv": [109, 173], "uv_size": [1, 1]},
								"south": {"uv": [113, 173], "uv_size": [1, 1]},
								"west": {"uv": [115, 173], "uv_size": [1, 1]},
								"up": {"uv": [117, 173], "uv_size": [1, 1]},
								"down": {"uv": [121, 174], "uv_size": [1, -1]}
							}
						},
						{
							"origin": [-1.39942, 1.93413, 1.54687],
							"size": [0.14992, 0.15075, 0.90376],
							"pivot": [-0.91921, 2.2887, 2.5343],
							"rotation": [0, -9.5, 0],
							"uv": {
								"north": {"uv": [126, 173], "uv_size": [1, 1]},
								"east": {"uv": [128, 173], "uv_size": [1, 1]},
								"south": {"uv": [140, 173], "uv_size": [1, 1]},
								"west": {"uv": [142, 173], "uv_size": [1, 1]},
								"up": {"uv": [157, 173], "uv_size": [1, 1]},
								"down": {"uv": [159, 174], "uv_size": [1, -1]}
							}
						},
						{
							"origin": [-0.72975, 1.93413, 1.5233],
							"size": [0.14992, 0.15075, 0.90376],
							"pivot": [-0.91921, 2.2887, 2.5343],
							"rotation": [0, 9.5, 0],
							"uv": {
								"north": {"uv": [173, 161], "uv_size": [1, 1]},
								"east": {"uv": [68, 186], "uv_size": [1, 1]},
								"south": {"uv": [68, 188], "uv_size": [1, 1]},
								"west": {"uv": [62, 196], "uv_size": [1, 1]},
								"up": {"uv": [64, 196], "uv_size": [1, 1]},
								"down": {"uv": [66, 197], "uv_size": [1, -1]}
							}
						}
					]
				},
				{
					"name": "bone8",
					"parent": "scope_body",
					"pivot": [-0.83211, 1.46032, 2.53505],
					"rotation": [-24, 0, 45],
					"cubes": [
						{
							"origin": [-0.43336, 1.09796, 1.8057],
							"size": [0.4765, 0.1495, 0.89012],
							"inflate": 0.001,
							"uv": {
								"north": {"uv": [68, 196], "uv_size": [1, 1]},
								"east": {"uv": [0, 174], "uv_size": [1, 1]},
								"south": {"uv": [24, 174], "uv_size": [1, 1]},
								"west": {"uv": [26, 174], "uv_size": [1, 1]},
								"up": {"uv": [34, 174], "uv_size": [1, 1]},
								"down": {"uv": [36, 175], "uv_size": [1, -1]}
							}
						},
						{
							"origin": [-0.56143, 1.09771, 1.73469],
							"size": [0.14992, 0.15075, 0.90376],
							"pivot": [-0.91921, 1.62061, 2.5343],
							"rotation": [0, -9.5, 0],
							"uv": {
								"north": {"uv": [41, 174], "uv_size": [1, 1]},
								"east": {"uv": [45, 174], "uv_size": [1, 1]},
								"south": {"uv": [47, 174], "uv_size": [1, 1]},
								"west": {"uv": [49, 174], "uv_size": [1, 1]},
								"up": {"uv": [58, 174], "uv_size": [1, 1]},
								"down": {"uv": [68, 175], "uv_size": [1, -1]}
							}
						},
						{
							"origin": [0.00143, 1.09771, 1.97371],
							"size": [0.14992, 0.15075, 0.90376],
							"pivot": [-0.91921, 1.62061, 2.5343],
							"rotation": [0, 9.5, 0],
							"uv": {
								"north": {"uv": [70, 174], "uv_size": [1, 1]},
								"east": {"uv": [72, 174], "uv_size": [1, 1]},
								"south": {"uv": [77, 174], "uv_size": [1, 1]},
								"west": {"uv": [79, 174], "uv_size": [1, 1]},
								"up": {"uv": [81, 174], "uv_size": [1, 1]},
								"down": {"uv": [85, 175], "uv_size": [1, -1]}
							}
						}
					]
				},
				{
					"name": "bone",
					"parent": "scope_body",
					"pivot": [0.00045, 0.95086, -2.59887],
					"cubes": [
						{
							"origin": [-0.51518, -0.10785, 1.36241],
							"size": [1.03125, 0.42188, 0.23438],
							"pivot": [0.51607, 0.31403, 1.59679],
							"rotation": [22.5, 0, 0],
							"uv": {
								"north": {"uv": [101, 174], "uv_size": [1, 1]},
								"east": {"uv": [103, 174], "uv_size": [1, 1]},
								"south": {"uv": [105, 174], "uv_size": [1, 1]},
								"west": {"uv": [107, 174], "uv_size": [1, 1]},
								"up": {"uv": [111, 174], "uv_size": [1, 1]},
								"down": {"uv": [119, 175], "uv_size": [1, -1]}
							}
						},
						{
							"origin": [-0.51518, -0.2016, -1.21571],
							"size": [1.03125, 0.51563, 2.8125],
							"uv": {
								"north": {"uv": [123, 174], "uv_size": [1, 1]},
								"east": {"uv": [10, 157], "uv_size": [4, 1]},
								"south": {"uv": [130, 174], "uv_size": [1, 1]},
								"west": {"uv": [40, 157], "uv_size": [4, 1]},
								"up": {"uv": [45, 157], "uv_size": [1, 4]},
								"down": {"uv": [47, 161], "uv_size": [1, -4]}
							}
						},
						{
							"origin": [-0.51518, -0.43597, -3.65321],
							"size": [1.03125, 0.23438, 5.25],
							"uv": {
								"north": {"uv": [123, 174], "uv_size": [1, 1]},
								"east": {"uv": [10, 157], "uv_size": [4, 1]},
								"south": {"uv": [130, 174], "uv_size": [1, 1]},
								"west": {"uv": [40, 157], "uv_size": [4, 1]},
								"up": {"uv": [45, 157], "uv_size": [1, 4]},
								"down": {"uv": [47, 161], "uv_size": [1, -4]}
							}
						},
						{
							"origin": [-0.51518, -0.2016, 1.59679],
							"size": [1.03125, 0.12587, 0.16145],
							"uv": {
								"north": {"uv": [132, 174], "uv_size": [1, 1]},
								"east": {"uv": [134, 174], "uv_size": [1, 1]},
								"south": {"uv": [136, 174], "uv_size": [1, 1]},
								"west": {"uv": [138, 174], "uv_size": [1, 1]},
								"up": {"uv": [144, 174], "uv_size": [1, 1]},
								"down": {"uv": [146, 175], "uv_size": [1, -1]}
							}
						},
						{
							"origin": [-0.89018, -0.2016, -3.84071],
							"size": [1.78125, 0.8618, 1.33937],
							"uv": {
								"north": {"uv": [34, 165], "uv_size": [2, 1]},
								"east": {"uv": [37, 165], "uv_size": [2, 1]},
								"south": {"uv": [59, 165], "uv_size": [2, 1]},
								"west": {"uv": [62, 165], "uv_size": [2, 1]},
								"up": {"uv": [49, 157], "uv_size": [2, 2]},
								"down": {"uv": [58, 159], "uv_size": [2, -2]}
							}
						},
						{
							"origin": [-0.89018, 0.66021, -4.37635],
							"size": [1.78125, 0.14063, 1.875],
							"uv": {
								"north": {"uv": [65, 165], "uv_size": [2, 1]},
								"east": {"uv": [132, 159], "uv_size": [3, 1]},
								"south": {"uv": [77, 165], "uv_size": [2, 1]},
								"west": {"uv": [157, 159], "uv_size": [3, 1]},
								"up": {"uv": [20, 155], "uv_size": [2, 3]},
								"down": {"uv": [23, 158], "uv_size": [2, -3]}
							}
						},
						{
							"origin": [-0.89043, -0.20185, -4.87221],
							"size": [1.78175, 0.46925, 1.03175],
							"inflate": -0.001,
							"pivot": [0.89107, -0.2016, -3.84071],
							"rotation": [-58.5, 0, 0],
							"uv": {
								"north": {"uv": [80, 165], "uv_size": [2, 1]},
								"east": {"uv": [148, 174], "uv_size": [1, 1]},
								"south": {"uv": [96, 165], "uv_size": [2, 1]},
								"west": {"uv": [150, 174], "uv_size": [1, 1]},
								"up": {"uv": [99, 165], "uv_size": [2, 1]},
								"down": {"uv": [114, 166], "uv_size": [2, -1]}
							}
						},
						{
							"origin": [-1.2183, 0.11849, -1.47283],
							"size": [0.70313, 0.375, 0.75],
							"pivot": [0.00045, 0.30599, -1.09783],
							"rotation": [-45, 0, 0],
							"uv": {
								"north": {"uv": [152, 174], "uv_size": [1, 1]},
								"east": {"uv": [154, 174], "uv_size": [1, 1]},
								"south": {"uv": [174, 155], "uv_size": [1, 1]},
								"west": {"uv": [174, 157], "uv_size": [1, 1]},
								"up": {"uv": [174, 159], "uv_size": [1, 1]},
								"down": {"uv": [161, 175], "uv_size": [1, -1]}
							}
						},
						{
							"origin": [1.21895, 0.07136, -1.47308],
							"size": [0.04737, 0.3755, 0.79737],
							"inflate": -0.001,
							"pivot": [0.00045, 0.30599, -1.09783],
							"rotation": [-45, 0, 0],
							"uv": {
								"north": {"uv": [156, 177], "uv_size": [1, 1]},
								"east": {"uv": [158, 177], "uv_size": [1, 1]},
								"south": {"uv": [177, 161], "uv_size": [1, 1]},
								"west": {"uv": [72, 186], "uv_size": [1, 1]},
								"up": {"uv": [72, 188], "uv_size": [1, 1]},
								"down": {"uv": [61, 201], "uv_size": [1, -1]}
							}
						},
						{
							"origin": [1.20955, 0.3812, -1.37417],
							"size": [0.04737, 0.06829, 0.79737],
							"inflate": -0.001,
							"pivot": [1.23324, 0.40489, -0.99892],
							"rotation": [-35.26439, -30, -35.26439],
							"uv": {
								"north": {"uv": [73, 194], "uv_size": [1, 1]},
								"east": {"uv": [73, 200], "uv_size": [1, 1]},
								"south": {"uv": [2, 179], "uv_size": [1, 1]},
								"west": {"uv": [4, 179], "uv_size": [1, 1]},
								"up": {"uv": [6, 179], "uv_size": [1, 1]},
								"down": {"uv": [8, 180], "uv_size": [1, -1]}
							}
						},
						{
							"origin": [0.51582, 0.11824, -1.47308],
							"size": [0.70362, 0.3755, 0.7505],
							"inflate": -0.001,
							"pivot": [0.00045, 0.30599, -1.09783],
							"rotation": [-45, 0, 0],
							"uv": {
								"north": {"uv": [178, 159], "uv_size": [1, 1]},
								"east": {"uv": [160, 178], "uv_size": [1, 1]},
								"south": {"uv": [162, 178], "uv_size": [1, 1]},
								"west": {"uv": [59, 201], "uv_size": [1, 1]},
								"up": {"uv": [73, 190], "uv_size": [1, 1]},
								"down": {"uv": [73, 193], "uv_size": [1, -1]}
							}
						},
						{
							"origin": [-1.4058, 0.02474, -2.184],
							"size": [2.85938, 0.5625, 0.5625],
							"pivot": [0.02389, 0.30599, -1.90275],
							"rotation": [-142.5, 0, 0],
							"uv": {
								"north": {"uv": [114, 157], "uv_size": [4, 1]},
								"east": {"uv": [63, 200], "uv_size": [1, 1]},
								"south": {"uv": [122, 157], "uv_size": [4, 1]},
								"west": {"uv": [140, 186], "uv_size": [1, 1]},
								"up": {"uv": [127, 157], "uv_size": [4, 1]},
								"down": {"uv": [132, 158], "uv_size": [4, -1]}
							}
						},
						{
							"origin": [-1.07768, -0.02214, -3.59025],
							"size": [2.15625, 0.5625, 0.5625],
							"pivot": [0.00045, 0.25911, -3.309],
							"rotation": [-22.5, 0, 0],
							"uv": {
								"north": {"uv": [60, 163], "uv_size": [3, 1]},
								"east": {"uv": [122, 193], "uv_size": [1, 1]},
								"south": {"uv": [64, 163], "uv_size": [3, 1]},
								"west": {"uv": [119, 186], "uv_size": [1, 1]},
								"up": {"uv": [77, 163], "uv_size": [3, 1]},
								"down": {"uv": [81, 164], "uv_size": [3, -1]}
							}
						},
						{
							"origin": [1.2192, -0.2016, -1.26259],
							"size": [0.04688, 0.32813, 1.35938],
							"uv": {
								"north": {"uv": [139, 177], "uv_size": [1, 1]},
								"east": {"uv": [111, 166], "uv_size": [2, 1]},
								"south": {"uv": [141, 177], "uv_size": [1, 1]},
								"west": {"uv": [136, 166], "uv_size": [2, 1]},
								"up": {"uv": [142, 166], "uv_size": [1, 2]},
								"down": {"uv": [144, 168], "uv_size": [1, -2]}
							}
						},
						{
							"origin": [1.17232, 0.11682, -0.74696],
							"size": [0.07031, 0.06629, 0.84375],
							"pivot": [1.24264, 0.14997, -0.32509],
							"rotation": [0, 0, -45],
							"uv": {
								"north": {"uv": [10, 179], "uv_size": [1, 1]},
								"east": {"uv": [12, 179], "uv_size": [1, 1]},
								"south": {"uv": [14, 179], "uv_size": [1, 1]},
								"west": {"uv": [16, 179], "uv_size": [1, 1]},
								"up": {"uv": [18, 179], "uv_size": [1, 1]},
								"down": {"uv": [20, 180], "uv_size": [1, -1]}
							}
						},
						{
							"origin": [-1.2183, -0.2016, -1.26259],
							"size": [2.4375, 0.375, 1.35938],
							"uv": {
								"north": {"uv": [142, 164], "uv_size": [3, 1]},
								"east": {"uv": [17, 167], "uv_size": [2, 1]},
								"south": {"uv": [150, 164], "uv_size": [3, 1]},
								"west": {"uv": [20, 167], "uv_size": [2, 1]},
								"up": {"uv": [153, 155], "uv_size": [3, 2]},
								"down": {"uv": [0, 159], "uv_size": [3, -2]}
							}
						},
						{
							"origin": [1.2192, -0.2016, -2.48134],
							"size": [0.04688, 2.4375, 1.21875],
							"uv": {
								"north": {"uv": [142, 159], "uv_size": [1, 3]},
								"east": {"uv": [34, 155], "uv_size": [2, 3]},
								"south": {"uv": [0, 160], "uv_size": [1, 3]},
								"west": {"uv": [37, 155], "uv_size": [2, 3]},
								"up": {"uv": [40, 165], "uv_size": [1, 2]},
								"down": {"uv": [83, 167], "uv_size": [1, -2]}
							}
						},
						{
							"origin": [-1.2183, -0.2016, -2.52821],
							"size": [2.4375, 2.4375, 1.3125],
							"uv": {
								"north": {"uv": [131, 153], "uv_size": [3, 3]},
								"east": {"uv": [119, 155], "uv_size": [2, 3]},
								"south": {"uv": [16, 155], "uv_size": [3, 3]},
								"west": {"uv": [142, 155], "uv_size": [2, 3]},
								"up": {"uv": [145, 155], "uv_size": [3, 2]},
								"down": {"uv": [149, 157], "uv_size": [3, -2]}
							}
						},
						{
							"origin": [1.2192, 2.2359, -1.73134],
							"size": [0.04688, 0.5625, 0.46875],
							"uv": {
								"north": {"uv": [58, 197], "uv_size": [1, 1]},
								"east": {"uv": [60, 197], "uv_size": [1, 1]},
								"south": {"uv": [69, 190], "uv_size": [1, 1]},
								"west": {"uv": [69, 192], "uv_size": [1, 1]},
								"up": {"uv": [69, 194], "uv_size": [1, 1]},
								"down": {"uv": [2, 176], "uv_size": [1, -1]}
							}
						},
						{
							"origin": [1.20949, 0.64215, -1.28602],
							"size": [0.04688, 2.15625, 0.06629],
							"pivot": [1.23293, 2.51715, -1.26259],
							"rotation": [0, -45, 0],
							"uv": {
								"north": {"uv": [112, 162], "uv_size": [1, 3]},
								"east": {"uv": [148, 162], "uv_size": [1, 3]},
								"south": {"uv": [42, 163], "uv_size": [1, 3]},
								"west": {"uv": [85, 163], "uv_size": [1, 3]},
								"up": {"uv": [40, 178], "uv_size": [1, 1]},
								"down": {"uv": [44, 179], "uv_size": [1, -1]}
							}
						},
						{
							"origin": [1.25637, 2.2359, -1.78223],
							"size": [0.06629, 0.5625, 0.04688],
							"pivot": [1.23293, 2.51715, -1.82509],
							"rotation": [0, -45, 0],
							"uv": {
								"north": {"uv": [46, 178], "uv_size": [1, 1]},
								"east": {"uv": [48, 178], "uv_size": [1, 1]},
								"south": {"uv": [57, 178], "uv_size": [1, 1]},
								"west": {"uv": [67, 178], "uv_size": [1, 1]},
								"up": {"uv": [69, 178], "uv_size": [1, 1]},
								"down": {"uv": [71, 179], "uv_size": [1, -1]}
							}
						},
						{
							"origin": [1.25637, -0.2016, -2.53223],
							"size": [0.06629, 2.4375, 0.04688],
							"pivot": [1.23293, 0.26715, -2.57509],
							"rotation": [0, -45, 0],
							"uv": {
								"north": {"uv": [4, 165], "uv_size": [1, 3]},
								"east": {"uv": [6, 165], "uv_size": [1, 3]},
								"south": {"uv": [8, 165], "uv_size": [1, 3]},
								"west": {"uv": [10, 165], "uv_size": [1, 3]},
								"up": {"uv": [109, 179], "uv_size": [1, 1]},
								"down": {"uv": [113, 180], "uv_size": [1, -1]}
							}
						},
						{
							"origin": [-1.2183, 2.2359, -1.77821],
							"size": [2.4375, 0.5625, 0.5625],
							"uv": {
								"north": {"uv": [30, 164], "uv_size": [3, 1]},
								"east": {"uv": [34, 178], "uv_size": [1, 1]},
								"south": {"uv": [53, 164], "uv_size": [3, 1]},
								"west": {"uv": [36, 178], "uv_size": [1, 1]},
								"up": {"uv": [68, 164], "uv_size": [3, 1]},
								"down": {"uv": [136, 165], "uv_size": [3, -1]}
							}
						},
						{
							"origin": [-0.23418, 2.28253, -3.98159],
							"size": [0.46925, 0.563, 2.76612],
							"inflate": -0.001,
							"uv": {
								"north": {"uv": [4, 175], "uv_size": [1, 1]},
								"east": {"uv": [61, 157], "uv_size": [4, 1]},
								"south": {"uv": [6, 175], "uv_size": [1, 1]},
								"west": {"uv": [66, 157], "uv_size": [4, 1]},
								"up": {"uv": [52, 157], "uv_size": [1, 4]},
								"down": {"uv": [76, 161], "uv_size": [1, -4]}
							}
						},
						{
							"origin": [0.21039, 2.78876, -1.77846],
							"size": [0.09425, 0.04737, 0.563],
							"inflate": -0.001,
							"pivot": [0.23407, 2.81244, -1.47352],
							"rotation": [0, 0, 45],
							"uv": {
								"north": {"uv": [76, 178], "uv_size": [1, 1]},
								"east": {"uv": [78, 178], "uv_size": [1, 1]},
								"south": {"uv": [80, 178], "uv_size": [1, 1]},
								"west": {"uv": [84, 178], "uv_size": [1, 1]},
								"up": {"uv": [101, 178], "uv_size": [1, 1]},
								"down": {"uv": [103, 179], "uv_size": [1, -1]}
							}
						},
						{
							"origin": [-0.23393, 2.47028, -4.68446],
							"size": [0.46875, 0.375, 0.70313],
							"pivot": [0.23482, 2.84528, -3.98134],
							"rotation": [35, 0, 0],
							"uv": {
								"north": {"uv": [8, 175], "uv_size": [1, 1]},
								"east": {"uv": [10, 175], "uv_size": [1, 1]},
								"south": {"uv": [12, 175], "uv_size": [1, 1]},
								"west": {"uv": [14, 175], "uv_size": [1, 1]},
								"up": {"uv": [16, 175], "uv_size": [1, 1]},
								"down": {"uv": [18, 176], "uv_size": [1, -1]}
							}
						},
						{
							"origin": [-1.26518, 1.01715, -4.40321],
							"size": [2.53125, 0.1875, 1.92188],
							"uv": {
								"north": {"uv": [26, 160], "uv_size": [3, 1]},
								"east": {"uv": [30, 160], "uv_size": [3, 1]},
								"south": {"uv": [136, 160], "uv_size": [3, 1]},
								"west": {"uv": [147, 160], "uv_size": [3, 1]},
								"up": {"uv": [123, 153], "uv_size": [3, 3]},
								"down": {"uv": [127, 156], "uv_size": [3, -3]}
							}
						},
						{
							"origin": [-1.26543, 1.13007, -2.78662],
							"size": [2.53175, 0.23488, 0.46925],
							"inflate": -0.001,
							"pivot": [0.00045, 1.27095, -2.59887],
							"rotation": [45, 0, 0],
							"uv": {
								"north": {"uv": [96, 163], "uv_size": [3, 1]},
								"east": {"uv": [71, 200], "uv_size": [1, 1]},
								"south": {"uv": [128, 163], "uv_size": [3, 1]},
								"west": {"uv": [0, 178], "uv_size": [1, 1]},
								"up": {"uv": [132, 163], "uv_size": [3, 1]},
								"down": {"uv": [155, 164], "uv_size": [3, -1]}
							}
						},
						{
							"origin": [-1.26543, 0.85686, -2.78662],
							"size": [2.53175, 0.23488, 0.3755],
							"inflate": -0.001,
							"pivot": [0.00045, 0.95086, -2.59887],
							"rotation": [-45, 0, 0],
							"uv": {
								"north": {"uv": [159, 163], "uv_size": [3, 1]},
								"east": {"uv": [24, 178], "uv_size": [1, 1]},
								"south": {"uv": [58, 186], "uv_size": [3, 1]},
								"west": {"uv": [26, 178], "uv_size": [1, 1]},
								"up": {"uv": [0, 164], "uv_size": [3, 1]},
								"down": {"uv": [26, 165], "uv_size": [3, -1]}
							}
						}
					]
				},
				{
					"name": "dfasgae",
					"parent": "scope_body",
					"pivot": [6.00045, -4.65472, -11.90321],
					"cubes": [
						{
							"origin": [-0.1797, 0.91035, -6.65321],
							"size": [0.3603, 0.86985, 1.125],
							"pivot": [0.00045, 1.34528, -5.90321],
							"rotation": [0, 0, 45],
							"uv": {
								"north": {"uv": [20, 175], "uv_size": [1, 1]},
								"east": {"uv": [120, 165], "uv_size": [2, 1]},
								"south": {"uv": [22, 175], "uv_size": [1, 1]},
								"west": {"uv": [123, 165], "uv_size": [2, 1]},
								"up": {"uv": [102, 165], "uv_size": [1, 2]},
								"down": {"uv": [126, 167], "uv_size": [1, -2]}
							}
						},
						{
							"origin": [-0.1797, 0.91035, -6.65321],
							"size": [0.3603, 0.86985, 1.125],
							"uv": {
								"north": {"uv": [28, 175], "uv_size": [1, 1]},
								"east": {"uv": [128, 165], "uv_size": [2, 1]},
								"south": {"uv": [30, 175], "uv_size": [1, 1]},
								"west": {"uv": [131, 165], "uv_size": [2, 1]},
								"up": {"uv": [134, 165], "uv_size": [1, 2]},
								"down": {"uv": [140, 167], "uv_size": [1, -2]}
							}
						},
						{
							"origin": [-0.43448, 1.16513, -6.65321],
							"size": [0.86985, 0.3603, 1.125],
							"pivot": [0.00045, 1.34528, -5.90321],
							"rotation": [0, 0, 45],
							"uv": {
								"north": {"uv": [32, 175], "uv_size": [1, 1]},
								"east": {"uv": [154, 165], "uv_size": [2, 1]},
								"south": {"uv": [38, 175], "uv_size": [1, 1]},
								"west": {"uv": [165, 155], "uv_size": [2, 1]},
								"up": {"uv": [157, 165], "uv_size": [1, 2]},
								"down": {"uv": [165, 159], "uv_size": [1, -2]}
							}
						},
						{
							"origin": [-0.43448, 1.16513, -6.65321],
							"size": [0.86985, 0.3603, 1.125],
							"uv": {
								"north": {"uv": [43, 175], "uv_size": [1, 1]},
								"east": {"uv": [159, 165], "uv_size": [2, 1]},
								"south": {"uv": [51, 175], "uv_size": [1, 1]},
								"west": {"uv": [165, 160], "uv_size": [2, 1]},
								"up": {"uv": [162, 165], "uv_size": [1, 2]},
								"down": {"uv": [59, 190], "uv_size": [1, -2]}
							}
						},
						{
							"origin": [-0.174, 1.16513, -7.02821],
							"size": [0.375, 0.375, 0.75],
							"pivot": [0.0135, 1.35263, -6.84071],
							"rotation": [0, 0, -45],
							"uv": {
								"north": {"uv": [53, 175], "uv_size": [1, 1]},
								"east": {"uv": [55, 175], "uv_size": [1, 1]},
								"south": {"uv": [60, 175], "uv_size": [1, 1]},
								"west": {"uv": [62, 175], "uv_size": [1, 1]},
								"up": {"uv": [64, 175], "uv_size": [1, 1]},
								"down": {"uv": [66, 176], "uv_size": [1, -1]}
							}
						}
					]
				},
				{
					"name": "sdfbfsdg",
					"parent": "scope_body",
					"pivot": [6.00045, -4.60785, -6.09071],
					"cubes": [
						{
							"origin": [-0.38788, 0.45465, -0.46571],
							"size": [0.77665, 1.875, 0.1875],
							"pivot": [0.00045, 1.39215, -0.09071],
							"rotation": [0, 0, 45],
							"uv": {
								"north": {"uv": [2, 160], "uv_size": [1, 3]},
								"east": {"uv": [49, 160], "uv_size": [1, 3]},
								"south": {"uv": [58, 160], "uv_size": [1, 3]},
								"west": {"uv": [151, 160], "uv_size": [1, 3]},
								"up": {"uv": [74, 175], "uv_size": [1, 1]},
								"down": {"uv": [83, 176], "uv_size": [1, -1]}
							}
						},
						{
							"origin": [-0.38788, 0.45465, -0.46571],
							"size": [0.77665, 1.875, 0.1875],
							"uv": {
								"north": {"uv": [153, 160], "uv_size": [1, 3]},
								"east": {"uv": [4, 161], "uv_size": [1, 3]},
								"south": {"uv": [6, 161], "uv_size": [1, 3]},
								"west": {"uv": [8, 161], "uv_size": [1, 3]},
								"up": {"uv": [87, 175], "uv_size": [1, 1]},
								"down": {"uv": [89, 176], "uv_size": [1, -1]}
							}
						},
						{
							"origin": [-0.93705, 1.00383, -0.46571],
							"size": [1.875, 0.77665, 0.1875],
							"pivot": [0.00045, 1.39215, -0.09071],
							"rotation": [0, 0, 45],
							"uv": {
								"north": {"uv": [12, 161], "uv_size": [3, 1]},
								"east": {"uv": [91, 175], "uv_size": [1, 1]},
								"south": {"uv": [16, 161], "uv_size": [3, 1]},
								"west": {"uv": [93, 175], "uv_size": [1, 1]},
								"up": {"uv": [34, 161], "uv_size": [3, 1]},
								"down": {"uv": [38, 162], "uv_size": [3, -1]}
							}
						},
						{
							"origin": [-0.9373, 1.00358, -0.46596],
							"size": [1.8755, 0.77715, 0.188],
							"inflate": -0.001,
							"uv": {
								"north": {"uv": [60, 161], "uv_size": [3, 1]},
								"east": {"uv": [95, 175], "uv_size": [1, 1]},
								"south": {"uv": [64, 161], "uv_size": [3, 1]},
								"west": {"uv": [97, 175], "uv_size": [1, 1]},
								"up": {"uv": [80, 161], "uv_size": [3, 1]},
								"down": {"uv": [84, 162], "uv_size": [3, -1]}
							}
						}
					]
				},
				{
					"name": "asdasd",
					"parent": "scope_body",
					"pivot": [6.00045, -4.60785, -10.40321],
					"cubes": [
						{
							"origin": [-0.38788, 0.45465, -5.34071],
							"size": [0.77665, 1.875, 0.75],
							"pivot": [0.00045, 1.39215, -4.40321],
							"rotation": [0, 0, 45],
							"uv": {
								"north": {"uv": [100, 161], "uv_size": [1, 3]},
								"east": {"uv": [102, 161], "uv_size": [1, 3]},
								"south": {"uv": [114, 161], "uv_size": [1, 3]},
								"west": {"uv": [116, 161], "uv_size": [1, 3]},
								"up": {"uv": [99, 175], "uv_size": [1, 1]},
								"down": {"uv": [109, 176], "uv_size": [1, -1]}
							}
						},
						{
							"origin": [-0.38788, 0.45465, -5.34071],
							"size": [0.77665, 1.875, 0.75],
							"uv": {
								"north": {"uv": [120, 161], "uv_size": [1, 3]},
								"east": {"uv": [122, 161], "uv_size": [1, 3]},
								"south": {"uv": [124, 161], "uv_size": [1, 3]},
								"west": {"uv": [126, 161], "uv_size": [1, 3]},
								"up": {"uv": [113, 175], "uv_size": [1, 1]},
								"down": {"uv": [115, 176], "uv_size": [1, -1]}
							}
						},
						{
							"origin": [-0.93705, 1.00383, -5.34071],
							"size": [1.875, 0.77665, 0.75],
							"pivot": [0.00045, 1.39215, -4.40321],
							"rotation": [0, 0, 45],
							"uv": {
								"north": {"uv": [132, 161], "uv_size": [3, 1]},
								"east": {"uv": [117, 175], "uv_size": [1, 1]},
								"south": {"uv": [161, 155], "uv_size": [3, 1]},
								"west": {"uv": [121, 175], "uv_size": [1, 1]},
								"up": {"uv": [157, 161], "uv_size": [3, 1]},
								"down": {"uv": [161, 158], "uv_size": [3, -1]}
							}
						},
						{
							"origin": [-0.93705, 1.00383, -5.34071],
							"size": [1.875, 0.77665, 0.75],
							"uv": {
								"north": {"uv": [161, 159], "uv_size": [3, 1]},
								"east": {"uv": [125, 175], "uv_size": [1, 1]},
								"south": {"uv": [161, 161], "uv_size": [3, 1]},
								"west": {"uv": [127, 175], "uv_size": [1, 1]},
								"up": {"uv": [26, 162], "uv_size": [3, 1]},
								"down": {"uv": [30, 163], "uv_size": [3, -1]}
							}
						}
					]
				},
				{
					"name": "dfgdsf",
					"parent": "scope_body",
					"pivot": [6.00045, -4.60785, -6.84071],
					"cubes": [
						{
							"origin": [-0.43448, 0.34215, -4.59071],
							"size": [0.86985, 0.5625, 4.125],
							"pivot": [0.00045, 1.39215, -0.84071],
							"rotation": [0, 0, 45],
							"uv": {
								"north": {"uv": [140, 175], "uv_size": [1, 1]},
								"east": {"uv": [40, 155], "uv_size": [6, 1]},
								"south": {"uv": [142, 175], "uv_size": [1, 1]},
								"west": {"uv": [47, 155], "uv_size": [6, 1]},
								"up": {"uv": [54, 155], "uv_size": [1, 6]},
								"down": {"uv": [56, 161], "uv_size": [1, -6]}
							}
						},
						{
							"origin": [-0.43448, 2.25465, -4.59071],
							"size": [0.86985, 0.1875, 0.1875],
							"pivot": [0.00045, 1.39215, -0.84071],
							"rotation": [0, 0, 45],
							"uv": {
								"north": {"uv": [156, 175], "uv_size": [1, 1]},
								"east": {"uv": [158, 175], "uv_size": [1, 1]},
								"south": {"uv": [175, 161], "uv_size": [1, 1]},
								"west": {"uv": [70, 186], "uv_size": [1, 1]},
								"up": {"uv": [70, 188], "uv_size": [1, 1]},
								"down": {"uv": [62, 199], "uv_size": [1, -1]}
							}
						},
						{
							"origin": [0.63543, 1.86158, -4.42285],
							"size": [0.54223, 0.188, 0.188],
							"inflate": -0.001,
							"pivot": [0.78936, 1.95558, -4.32885],
							"rotation": [0, -67.5, 45],
							"uv": {
								"north": {"uv": [64, 198], "uv_size": [1, 1]},
								"east": {"uv": [66, 198], "uv_size": [1, 1]},
								"south": {"uv": [68, 198], "uv_size": [1, 1]},
								"west": {"uv": [70, 196], "uv_size": [1, 1]},
								"up": {"uv": [70, 198], "uv_size": [1, 1]},
								"down": {"uv": [0, 177], "uv_size": [1, -1]}
							}
						},
						{
							"origin": [0.54996, 1.82987, -3.37708],
							"size": [0.54223, 0.188, 0.188],
							"inflate": -0.001,
							"pivot": [0.82107, 1.92387, -3.28308],
							"rotation": [-180, -67.5, -135],
							"uv": {
								"north": {"uv": [24, 176], "uv_size": [1, 1]},
								"east": {"uv": [26, 176], "uv_size": [1, 1]},
								"south": {"uv": [34, 176], "uv_size": [1, 1]},
								"west": {"uv": [36, 176], "uv_size": [1, 1]},
								"up": {"uv": [40, 176], "uv_size": [1, 1]},
								"down": {"uv": [45, 177], "uv_size": [1, -1]}
							}
						},
						{
							"origin": [0.26082, 2.11796, -3.36832],
							"size": [0.54222, 0.188, 0.188],
							"inflate": -0.001,
							"pivot": [0.53192, 2.21196, -3.27432],
							"rotation": [0, -67.5, 45],
							"uv": {
								"north": {"uv": [47, 176], "uv_size": [1, 1]},
								"east": {"uv": [49, 176], "uv_size": [1, 1]},
								"south": {"uv": [57, 176], "uv_size": [1, 1]},
								"west": {"uv": [68, 176], "uv_size": [1, 1]},
								"up": {"uv": [70, 176], "uv_size": [1, 1]},
								"down": {"uv": [72, 177], "uv_size": [1, -1]}
							}
						},
						{
							"origin": [0.26082, 2.11796, -4.35269],
							"size": [0.54222, 0.188, 0.188],
							"inflate": -0.001,
							"pivot": [0.53192, 2.21196, -4.25869],
							"rotation": [-180, -67.5, -135],
							"uv": {
								"north": {"uv": [76, 176], "uv_size": [1, 1]},
								"east": {"uv": [78, 176], "uv_size": [1, 1]},
								"south": {"uv": [80, 176], "uv_size": [1, 1]},
								"west": {"uv": [85, 176], "uv_size": [1, 1]},
								"up": {"uv": [101, 176], "uv_size": [1, 1]},
								"down": {"uv": [103, 177], "uv_size": [1, -1]}
							}
						},
						{
							"origin": [0.22177, 2.25465, -4.40321],
							"size": [0.2136, 0.1875, 1.3125],
							"pivot": [0.00045, 1.39215, -0.65321],
							"rotation": [0, 0, 45],
							"uv": {
								"north": {"uv": [105, 176], "uv_size": [1, 1]},
								"east": {"uv": [0, 166], "uv_size": [2, 1]},
								"south": {"uv": [107, 176], "uv_size": [1, 1]},
								"west": {"uv": [26, 166], "uv_size": [2, 1]},
								"up": {"uv": [29, 166], "uv_size": [1, 2]},
								"down": {"uv": [31, 168], "uv_size": [1, -2]}
							}
						},
						{
							"origin": [-0.43448, 2.25465, -4.40321],
							"size": [0.2136, 0.1875, 1.3125],
							"pivot": [0.00045, 1.39215, -0.65321],
							"rotation": [0, 0, 45],
							"uv": {
								"north": {"uv": [111, 176], "uv_size": [1, 1]},
								"east": {"uv": [44, 166], "uv_size": [2, 1]},
								"south": {"uv": [119, 176], "uv_size": [1, 1]},
								"west": {"uv": [50, 166], "uv_size": [2, 1]},
								"up": {"uv": [53, 166], "uv_size": [1, 2]},
								"down": {"uv": [55, 168], "uv_size": [1, -2]}
							}
						},
						{
							"origin": [0.22177, 2.25465, -4.40321],
							"size": [0.2136, 0.1875, 1.3125],
							"pivot": [0.00045, 1.39215, -0.65321],
							"rotation": [0, 0, -45],
							"uv": {
								"north": {"uv": [123, 176], "uv_size": [1, 1]},
								"east": {"uv": [68, 166], "uv_size": [2, 1]},
								"south": {"uv": [129, 176], "uv_size": [1, 1]},
								"west": {"uv": [74, 166], "uv_size": [2, 1]},
								"up": {"uv": [87, 166], "uv_size": [1, 2]},
								"down": {"uv": [89, 168], "uv_size": [1, -2]}
							}
						},
						{
							"origin": [-0.80214, 2.11796, -3.36832],
							"size": [0.54223, 0.188, 0.188],
							"inflate": -0.001,
							"pivot": [-0.53102, 2.21196, -3.27432],
							"rotation": [0, 67.5, -45],
							"uv": {
								"north": {"uv": [131, 176], "uv_size": [1, 1]},
								"east": {"uv": [133, 176], "uv_size": [1, 1]},
								"south": {"uv": [135, 176], "uv_size": [1, 1]},
								"west": {"uv": [137, 176], "uv_size": [1, 1]},
								"up": {"uv": [144, 176], "uv_size": [1, 1]},
								"down": {"uv": [146, 177], "uv_size": [1, -1]}
							}
						},
						{
							"origin": [-1.09128, 1.82987, -3.37708],
							"size": [0.54223, 0.188, 0.188],
							"inflate": -0.001,
							"pivot": [-0.82017, 1.92387, -3.28308],
							"rotation": [-180, 67.5, 135],
							"uv": {
								"north": {"uv": [148, 176], "uv_size": [1, 1]},
								"east": {"uv": [150, 176], "uv_size": [1, 1]},
								"south": {"uv": [152, 176], "uv_size": [1, 1]},
								"west": {"uv": [154, 176], "uv_size": [1, 1]},
								"up": {"uv": [176, 155], "uv_size": [1, 1]},
								"down": {"uv": [176, 158], "uv_size": [1, -1]}
							}
						},
						{
							"origin": [-0.43448, 2.25465, -4.40321],
							"size": [0.2136, 0.1875, 1.3125],
							"pivot": [0.00045, 1.39215, -0.65321],
							"rotation": [0, 0, -45],
							"uv": {
								"north": {"uv": [176, 159], "uv_size": [1, 1]},
								"east": {"uv": [91, 166], "uv_size": [2, 1]},
								"south": {"uv": [160, 176], "uv_size": [1, 1]},
								"west": {"uv": [106, 166], "uv_size": [2, 1]},
								"up": {"uv": [94, 166], "uv_size": [1, 2]},
								"down": {"uv": [109, 168], "uv_size": [1, -2]}
							}
						},
						{
							"origin": [-1.17676, 1.86158, -4.42285],
							"size": [0.54223, 0.188, 0.188],
							"inflate": -0.001,
							"pivot": [-0.78846, 1.95558, -4.32885],
							"rotation": [0, 67.5, -45],
							"uv": {
								"north": {"uv": [162, 176], "uv_size": [1, 1]},
								"east": {"uv": [59, 199], "uv_size": [1, 1]},
								"south": {"uv": [71, 190], "uv_size": [1, 1]},
								"west": {"uv": [71, 192], "uv_size": [1, 1]},
								"up": {"uv": [71, 194], "uv_size": [1, 1]},
								"down": {"uv": [2, 178], "uv_size": [1, -1]}
							}
						},
						{
							"origin": [-0.80214, 2.11796, -4.35269],
							"size": [0.54223, 0.188, 0.188],
							"inflate": -0.001,
							"pivot": [-0.53102, 2.21196, -4.25869],
							"rotation": [-180, 67.5, 135],
							"uv": {
								"north": {"uv": [4, 177], "uv_size": [1, 1]},
								"east": {"uv": [6, 177], "uv_size": [1, 1]},
								"south": {"uv": [8, 177], "uv_size": [1, 1]},
								"west": {"uv": [10, 177], "uv_size": [1, 1]},
								"up": {"uv": [12, 177], "uv_size": [1, 1]},
								"down": {"uv": [14, 178], "uv_size": [1, -1]}
							}
						},
						{
							"origin": [-0.43448, 2.25465, -3.09071],
							"size": [0.86985, 0.1875, 2.625],
							"pivot": [0.00045, 1.39215, -0.84071],
							"rotation": [0, 0, 45],
							"uv": {
								"north": {"uv": [16, 177], "uv_size": [1, 1]},
								"east": {"uv": [78, 157], "uv_size": [4, 1]},
								"south": {"uv": [18, 177], "uv_size": [1, 1]},
								"west": {"uv": [83, 157], "uv_size": [4, 1]},
								"up": {"uv": [88, 157], "uv_size": [1, 4]},
								"down": {"uv": [94, 161], "uv_size": [1, -4]}
							}
						},
						{
							"origin": [-0.43448, 2.21715, -4.59071],
							"size": [0.86985, 0.225, 4.125],
							"uv": {
								"north": {"uv": [20, 177], "uv_size": [1, 1]},
								"east": {"uv": [58, 155], "uv_size": [6, 1]},
								"south": {"uv": [22, 177], "uv_size": [1, 1]},
								"west": {"uv": [65, 155], "uv_size": [6, 1]},
								"up": {"uv": [72, 155], "uv_size": [1, 6]},
								"down": {"uv": [74, 161], "uv_size": [1, -6]}
							}
						},
						{
							"origin": [-0.43448, 0.34215, -4.59071],
							"size": [0.86985, 0.975, 4.125],
							"uv": {
								"north": {"uv": [28, 177], "uv_size": [1, 1]},
								"east": {"uv": [76, 155], "uv_size": [6, 1]},
								"south": {"uv": [30, 177], "uv_size": [1, 1]},
								"west": {"uv": [83, 155], "uv_size": [6, 1]},
								"up": {"uv": [90, 155], "uv_size": [1, 6]},
								"down": {"uv": [92, 161], "uv_size": [1, -6]}
							}
						},
						{
							"origin": [-0.23963, 2.40465, -1.07509],
							"size": [0.4875, 0.27187, 0.4875],
							"pivot": [0.00412, 2.54059, -0.83134],
							"rotation": [0, -65, 0],
							"uv": {
								"north": {"uv": [32, 177], "uv_size": [1, 1]},
								"east": {"uv": [38, 177], "uv_size": [1, 1]},
								"south": {"uv": [42, 177], "uv_size": [1, 1]},
								"west": {"uv": [51, 177], "uv_size": [1, 1]},
								"up": {"uv": [53, 177], "uv_size": [1, 1]},
								"down": {"uv": [55, 178], "uv_size": [1, -1]}
							}
						},
						{
							"origin": [-0.26306, 0.13122, -1.07509],
							"size": [0.4875, 2.61562, 0.4875],
							"pivot": [-0.01931, 1.41559, -0.83134],
							"rotation": [0, 45, 90],
							"uv": {
								"north": {"uv": [140, 161], "uv_size": [1, 3]},
								"east": {"uv": [44, 162], "uv_size": [1, 3]},
								"south": {"uv": [46, 162], "uv_size": [1, 3]},
								"west": {"uv": [51, 162], "uv_size": [1, 3]},
								"up": {"uv": [59, 177], "uv_size": [1, 1]},
								"down": {"uv": [61, 178], "uv_size": [1, -1]}
							}
						},
						{
							"origin": [0.45045, 0.95723, -4.59071],
							"size": [0.6, 0.86985, 4.125],
							"pivot": [0.00045, 1.39215, -0.84071],
							"rotation": [0, 0, 45],
							"uv": {
								"north": {"uv": [63, 177], "uv_size": [1, 1]},
								"east": {"uv": [94, 155], "uv_size": [6, 1]},
								"south": {"uv": [65, 177], "uv_size": [1, 1]},
								"west": {"uv": [101, 155], "uv_size": [6, 1]},
								"up": {"uv": [108, 155], "uv_size": [1, 6]},
								"down": {"uv": [110, 161], "uv_size": [1, -6]}
							}
						},
						{
							"origin": [-1.04955, 0.95723, -3.09071],
							"size": [0.1875, 0.86985, 2.625],
							"pivot": [0.00045, 1.39215, -0.84071],
							"rotation": [0, 0, 45],
							"uv": {
								"north": {"uv": [74, 177], "uv_size": [1, 1]},
								"east": {"uv": [96, 157], "uv_size": [4, 1]},
								"south": {"uv": [82, 177], "uv_size": [1, 1]},
								"west": {"uv": [101, 157], "uv_size": [4, 1]},
								"up": {"uv": [106, 157], "uv_size": [1, 4]},
								"down": {"uv": [112, 161], "uv_size": [1, -4]}
							}
						},
						{
							"origin": [-1.04955, 0.95723, -4.59071],
							"size": [0.1875, 0.86985, 0.1875],
							"pivot": [0.00045, 1.39215, -2.34071],
							"rotation": [0, 0, 45],
							"uv": {
								"north": {"uv": [87, 177], "uv_size": [1, 1]},
								"east": {"uv": [89, 177], "uv_size": [1, 1]},
								"south": {"uv": [91, 177], "uv_size": [1, 1]},
								"west": {"uv": [93, 177], "uv_size": [1, 1]},
								"up": {"uv": [95, 177], "uv_size": [1, 1]},
								"down": {"uv": [97, 178], "uv_size": [1, -1]}
							}
						},
						{
							"origin": [-1.04955, 0.95723, -4.59071],
							"size": [2.1, 0.86985, 4.125],
							"uv": {
								"north": {"uv": [53, 162], "uv_size": [3, 1]},
								"east": {"uv": [112, 155], "uv_size": [6, 1]},
								"south": {"uv": [71, 162], "uv_size": [3, 1]},
								"west": {"uv": [135, 155], "uv_size": [6, 1]},
								"up": {"uv": [26, 153], "uv_size": [3, 6]},
								"down": {"uv": [30, 159], "uv_size": [3, -6]}
							}
						}
					]
				},
				{
					"name": "sdfgdsf",
					"parent": "scope_body",
					"pivot": [6.00045, -4.60785, -7.96571],
					"cubes": [
						{
							"origin": [-0.43448, 0.34215, -5.52821],
							"size": [0.86985, 2.1, 0.1875],
							"pivot": [0.00045, 1.39215, -1.96571],
							"rotation": [0, 0, 45],
							"uv": {
								"north": {"uv": [75, 162], "uv_size": [1, 3]},
								"east": {"uv": [88, 162], "uv_size": [1, 3]},
								"south": {"uv": [90, 162], "uv_size": [1, 3]},
								"west": {"uv": [92, 162], "uv_size": [1, 3]},
								"up": {"uv": [99, 177], "uv_size": [1, 1]},
								"down": {"uv": [109, 178], "uv_size": [1, -1]}
							}
						},
						{
							"origin": [-0.43448, 0.34215, -5.52821],
							"size": [0.86985, 2.1, 0.1875],
							"uv": {
								"north": {"uv": [94, 162], "uv_size": [1, 3]},
								"east": {"uv": [106, 162], "uv_size": [1, 3]},
								"south": {"uv": [108, 162], "uv_size": [1, 3]},
								"west": {"uv": [110, 162], "uv_size": [1, 3]},
								"up": {"uv": [113, 177], "uv_size": [1, 1]},
								"down": {"uv": [115, 178], "uv_size": [1, -1]}
							}
						},
						{
							"origin": [-1.04955, 0.95723, -5.52821],
							"size": [2.1, 0.86985, 0.1875],
							"pivot": [0.00045, 1.39215, -1.96571],
							"rotation": [0, 0, 45],
							"uv": {
								"north": {"uv": [136, 162], "uv_size": [3, 1]},
								"east": {"uv": [117, 177], "uv_size": [1, 1]},
								"south": {"uv": [144, 162], "uv_size": [3, 1]},
								"west": {"uv": [121, 177], "uv_size": [1, 1]},
								"up": {"uv": [10, 163], "uv_size": [3, 1]},
								"down": {"uv": [14, 164], "uv_size": [3, -1]}
							}
						},
						{
							"origin": [-1.04955, 0.95723, -5.52821],
							"size": [2.1, 0.86985, 0.1875],
							"uv": {
								"north": {"uv": [18, 163], "uv_size": [3, 1]},
								"east": {"uv": [125, 177], "uv_size": [1, 1]},
								"south": {"uv": [22, 163], "uv_size": [3, 1]},
								"west": {"uv": [127, 177], "uv_size": [1, 1]},
								"up": {"uv": [34, 163], "uv_size": [3, 1]},
								"down": {"uv": [38, 164], "uv_size": [3, -1]}
							}
						}
					]
				},
				{
					"name": "bone3",
					"parent": "scope_body",
					"pivot": [0, 0.0625, 7.8125],
					"cubes": [
						{
							"origin": [-0.18122, -0.375, 5.375],
							"size": [0.36244, 0.875, 4.5],
							"pivot": [0, 0.0625, 5.875],
							"rotation": [0, 0, 45],
							"uv": {
								"north": {"uv": [0, 0], "uv_size": [1, 1]},
								"east": {"uv": [0, 0], "uv_size": [1, 1]},
								"south": {"uv": [19, 232], "uv_size": [1, 1]},
								"west": {"uv": [12, 241], "uv_size": [1, 1]},
								"up": {"uv": [10, 235], "uv_size": [-1, -1]},
								"down": {"uv": [16, 240], "uv_size": [-1, -1]}
							}
						},
						{
							"origin": [-0.18122, -0.375, 5.375],
							"size": [0.36244, 0.875, 4.5],
							"uv": {
								"north": {"uv": [0, 0], "uv_size": [1, 1]},
								"east": {"uv": [0, 0], "uv_size": [1, 1]},
								"south": {"uv": [19, 232], "uv_size": [1, 1]},
								"west": {"uv": [12, 241], "uv_size": [1, 1]},
								"up": {"uv": [13, 226], "uv_size": [-1, -1]},
								"down": {"uv": [1, 1], "uv_size": [-1, -1]}
							}
						},
						{
							"origin": [-0.4375, -0.11872, 5.375],
							"size": [0.875, 0.36244, 4.5],
							"pivot": [0, 0.0625, 5.875],
							"rotation": [0, 0, 45],
							"uv": {
								"north": {"uv": [0, 0], "uv_size": [1, 1]},
								"east": {"uv": [10, 235], "uv_size": [-1, -1]},
								"south": {"uv": [19, 232], "uv_size": [1, 1]},
								"west": {"uv": [13, 236], "uv_size": [1, 1]},
								"up": {"uv": [1, 1], "uv_size": [-1, -1]},
								"down": {"uv": [1, 1], "uv_size": [-1, -1]}
							}
						},
						{
							"origin": [-0.4375, -0.11872, 5.375],
							"size": [0.875, 0.36244, 4.5],
							"uv": {
								"north": {"uv": [0, 0], "uv_size": [1, 1]},
								"east": {"uv": [15, 228], "uv_size": [1, 1]},
								"south": {"uv": [19, 232], "uv_size": [1, 1]},
								"west": {"uv": [12, 240], "uv_size": [1, 1]},
								"up": {"uv": [1, 1], "uv_size": [-1, -1]},
								"down": {"uv": [1, 1], "uv_size": [-1, -1]}
							}
						},
						{
							"origin": [-0.20711, -0.4375, 5.5625],
							"size": [0.41421, 1, 1],
							"pivot": [0, 0.0625, 6.0625],
							"rotation": [0, 0, 45],
							"uv": {
								"north": {"uv": [0, 0], "uv_size": [1, 1]},
								"east": {"uv": [0, 0], "uv_size": [1, 1]},
								"south": {"uv": [0, 0], "uv_size": [1, 1]},
								"west": {"uv": [12, 241], "uv_size": [1, 1]},
								"up": {"uv": [10, 234], "uv_size": [-1, -2]},
								"down": {"uv": [16, 240], "uv_size": [-1, -1]}
							}
						},
						{
							"origin": [-0.20711, -0.4375, 5.5625],
							"size": [0.41421, 1, 1],
							"uv": {
								"north": {"uv": [0, 0], "uv_size": [1, 1]},
								"east": {"uv": [0, 0], "uv_size": [1, 1]},
								"south": {"uv": [0, 0], "uv_size": [1, 1]},
								"west": {"uv": [12, 241], "uv_size": [1, 1]},
								"up": {"uv": [13, 226], "uv_size": [-1, -1]},
								"down": {"uv": [1, 1], "uv_size": [-1, -1]}
							}
						},
						{
							"origin": [-0.5, -0.14461, 5.5625],
							"size": [1, 0.41421, 1],
							"pivot": [0, 0.0625, 6.0625],
							"rotation": [0, 0, 45],
							"uv": {
								"north": {"uv": [0, 0], "uv_size": [1, 1]},
								"east": {"uv": [11, 234], "uv_size": [-2, -1]},
								"south": {"uv": [0, 0], "uv_size": [1, 1]},
								"west": {"uv": [13, 236], "uv_size": [1, 1]},
								"up": {"uv": [1, 1], "uv_size": [-1, -1]},
								"down": {"uv": [1, 1], "uv_size": [-1, -1]}
							}
						},
						{
							"origin": [-0.5, -0.14461, 5.5625],
							"size": [1, 0.41421, 1],
							"uv": {
								"north": {"uv": [0, 0], "uv_size": [1, 1]},
								"east": {"uv": [15, 228], "uv_size": [1, 1]},
								"south": {"uv": [0, 0], "uv_size": [1, 1]},
								"west": {"uv": [12, 241], "uv_size": [1, 1]},
								"up": {"uv": [1, 1], "uv_size": [-1, -1]},
								"down": {"uv": [1, 1], "uv_size": [-1, -1]}
							}
						},
						{
							"origin": [-0.20711, -0.4375, 7.3125],
							"size": [0.41421, 1, 2.25],
							"pivot": [0, 0.0625, 7.8125],
							"rotation": [0, 0, 45],
							"uv": {
								"north": {"uv": [0, 0], "uv_size": [1, 1]},
								"east": {"uv": [0, 0], "uv_size": [1, 1]},
								"south": {"uv": [0, 0], "uv_size": [1, 1]},
								"west": {"uv": [12, 241], "uv_size": [1, 1]},
								"up": {"uv": [10, 234], "uv_size": [-1, -4]},
								"down": {"uv": [16, 240], "uv_size": [-1, -1]}
							}
						},
						{
							"origin": [-0.20711, -0.4375, 7.3125],
							"size": [0.41421, 1, 2.25],
							"uv": {
								"north": {"uv": [0, 0], "uv_size": [1, 1]},
								"east": {"uv": [0, 0], "uv_size": [1, 1]},
								"south": {"uv": [0, 0], "uv_size": [1, 1]},
								"west": {"uv": [12, 241], "uv_size": [1, 1]},
								"up": {"uv": [13, 226], "uv_size": [-1, -1]},
								"down": {"uv": [1, 1], "uv_size": [-1, -1]}
							}
						},
						{
							"origin": [-0.5, -0.14461, 7.3125],
							"size": [1, 0.41421, 2.25],
							"pivot": [0, 0.0625, 7.8125],
							"rotation": [0, 0, 45],
							"uv": {
								"north": {"uv": [0, 0], "uv_size": [1, 1]},
								"east": {"uv": [13, 234], "uv_size": [-4, -1]},
								"south": {"uv": [0, 0], "uv_size": [1, 1]},
								"west": {"uv": [12, 237], "uv_size": [4, 1]},
								"up": {"uv": [1, 1], "uv_size": [-1, -1]},
								"down": {"uv": [1, 1], "uv_size": [-1, -1]}
							}
						},
						{
							"origin": [-0.5, -0.14461, 7.3125],
							"size": [1, 0.41421, 2.25],
							"uv": {
								"north": {"uv": [0, 0], "uv_size": [1, 1]},
								"east": {"uv": [12, 241], "uv_size": [4, 1]},
								"south": {"uv": [0, 0], "uv_size": [1, 1]},
								"west": {"uv": [12, 241], "uv_size": [4, 1]},
								"up": {"uv": [1, 1], "uv_size": [-1, -1]},
								"down": {"uv": [1, 1], "uv_size": [-1, -1]}
							}
						}
					]
				},
				{
					"name": "ocular_ring",
					"pivot": [0, 2.1875, 12.5],
					"cubes": [
						{
							"origin": [-0.38788, 0.45465, 3.65929],
							"size": [0.77665, 0.15, 0.1875],
							"pivot": [0.00045, 1.39215, 3.09679],
							"rotation": [0, 0, 45],
							"uv": {
								"north": {"uv": [312, 30], "uv_size": [1, 1]},
								"east": {"uv": [335, 30], "uv_size": [1, 1]},
								"south": {"uv": [343, 30], "uv_size": [1, 1]},
								"west": {"uv": [345, 30], "uv_size": [1, 1]},
								"up": {"uv": [347, 30], "uv_size": [1, 1]},
								"down": {"uv": [349, 31], "uv_size": [1, -1]}
							}
						},
						{
							"origin": [-0.38788, 0.45465, 3.65929],
							"size": [0.77665, 0.15, 0.1875],
							"uv": {
								"north": {"uv": [356, 30], "uv_size": [1, 1]},
								"east": {"uv": [358, 30], "uv_size": [1, 1]},
								"south": {"uv": [360, 30], "uv_size": [1, 1]},
								"west": {"uv": [362, 30], "uv_size": [1, 1]},
								"up": {"uv": [378, 17], "uv_size": [1, 1]},
								"down": {"uv": [366, 31], "uv_size": [1, -1]}
							}
						},
						{
							"origin": [-0.38788, 2.17965, 3.65929],
							"size": [0.77665, 0.15, 0.1875],
							"pivot": [0.00045, 1.39215, 3.09679],
							"rotation": [0, 0, 45],
							"uv": {
								"north": {"uv": [378, 21], "uv_size": [1, 1]},
								"east": {"uv": [372, 30], "uv_size": [1, 1]},
								"south": {"uv": [374, 30], "uv_size": [1, 1]},
								"west": {"uv": [378, 29], "uv_size": [1, 1]},
								"up": {"uv": [213, 31], "uv_size": [1, 1]},
								"down": {"uv": [215, 32], "uv_size": [1, -1]}
							}
						},
						{
							"origin": [-0.38788, 2.17965, 3.65929],
							"size": [0.77665, 0.15, 0.1875],
							"uv": {
								"north": {"uv": [217, 31], "uv_size": [1, 1]},
								"east": {"uv": [219, 31], "uv_size": [1, 1]},
								"south": {"uv": [221, 31], "uv_size": [1, 1]},
								"west": {"uv": [223, 31], "uv_size": [1, 1]},
								"up": {"uv": [225, 31], "uv_size": [1, 1]},
								"down": {"uv": [227, 32], "uv_size": [1, -1]}
							}
						},
						{
							"origin": [0.78795, 1.00383, 3.65929],
							"size": [0.15, 0.77665, 0.1875],
							"pivot": [0.00045, 1.39215, 3.09679],
							"rotation": [0, 0, 45],
							"uv": {
								"north": {"uv": [229, 31], "uv_size": [1, 1]},
								"east": {"uv": [231, 31], "uv_size": [1, 1]},
								"south": {"uv": [233, 31], "uv_size": [1, 1]},
								"west": {"uv": [239, 31], "uv_size": [1, 1]},
								"up": {"uv": [241, 31], "uv_size": [1, 1]},
								"down": {"uv": [243, 32], "uv_size": [1, -1]}
							}
						},
						{
							"origin": [0.78795, 1.00383, 3.65929],
							"size": [0.15, 0.77665, 0.1875],
							"uv": {
								"north": {"uv": [262, 31], "uv_size": [1, 1]},
								"east": {"uv": [264, 31], "uv_size": [1, 1]},
								"south": {"uv": [271, 31], "uv_size": [1, 1]},
								"west": {"uv": [273, 31], "uv_size": [1, 1]},
								"up": {"uv": [275, 31], "uv_size": [1, 1]},
								"down": {"uv": [297, 32], "uv_size": [1, -1]}
							}
						},
						{
							"origin": [-0.93705, 1.00383, 3.65929],
							"size": [0.15, 0.77665, 0.1875],
							"pivot": [0.00045, 1.39215, 3.09679],
							"rotation": [0, 0, 45],
							"uv": {
								"north": {"uv": [299, 31], "uv_size": [1, 1]},
								"east": {"uv": [303, 31], "uv_size": [1, 1]},
								"south": {"uv": [305, 31], "uv_size": [1, 1]},
								"west": {"uv": [307, 31], "uv_size": [1, 1]},
								"up": {"uv": [309, 31], "uv_size": [1, 1]},
								"down": {"uv": [319, 32], "uv_size": [1, -1]}
							}
						},
						{
							"origin": [-0.93705, 1.00383, 3.65929],
							"size": [0.15, 0.77665, 0.1875],
							"uv": {
								"north": {"uv": [324, 31], "uv_size": [1, 1]},
								"east": {"uv": [326, 31], "uv_size": [1, 1]},
								"south": {"uv": [328, 31], "uv_size": [1, 1]},
								"west": {"uv": [332, 31], "uv_size": [1, 1]},
								"up": {"uv": [337, 31], "uv_size": [1, 1]},
								"down": {"uv": [339, 32], "uv_size": [1, -1]}
							}
						}
					]
				},
				{
					"name": "ocular",
					"pivot": [-0.00784, 1.38629, 3.70616],
					"cubes": [
						{
							"origin": [-0.38788, 0.45465, 3.70616],
							"size": [0.77665, 1.82813, 0],
							"pivot": [0.00045, 1.39215, 3.14366],
							"rotation": [0, 0, 45],
							"uv": {
								"south": {"uv": [212, 57], "uv_size": [2, 4]}
							}
						},
						{
							"origin": [-0.38813, 0.4544, 3.70591],
							"size": [0.77715, 1.82862, 0.0005],
							"inflate": -0.001,
							"uv": {
								"south": {"uv": [291, 60], "uv_size": [2, 4]}
							}
						},
						{
							"origin": [-0.93755, 1.00333, 3.70566],
							"size": [1.82913, 0.77765, 0.001],
							"inflate": -0.002,
							"pivot": [0.00045, 1.39215, 3.14366],
							"rotation": [0, 0, 45],
							"uv": {
								"south": {"uv": [306, 60], "uv_size": [4, 2]}
							}
						},
						{
							"origin": [-0.88968, 1.00433, 3.70666],
							"size": [1.78025, 0.77565, -0.001],
							"inflate": 0.002,
							"uv": {
								"south": {"uv": [311, 60], "uv_size": [4, 2]}
							}
						}
					]
				},
				{
					"name": "scope_view",
					"pivot": [0, 1.375, 6.5625]
				},
				{
					"name": "division",
					"pivot": [0.30903, 1.03646, -106.51389],
					"cubes": [
						{
							"origin": [-26.1875, -30.78124, -106.75],
							"size": [52.375, 64.40625, 0.25],
							"pivot": [0, 1.42188, -106.625],
							"rotation": [0, 0, -90],
							"uv": {
								"south": {"uv": [190, 127], "uv_size": [318, 383]}
							}
						},
						{
							"origin": [-91.89375, -75.45312, -106.75],
							"size": [52.70625, 152.375, 0.25],
							"uv": {
								"south": {"uv": [0, 0], "uv_size": [67, 152]}
							}
						},
						{
							"origin": [41.1875, -75.45312, -106.75],
							"size": [52.26875, 152.375, 0.25],
							"uv": {
								"south": {"uv": [68, 0], "uv_size": [67, 152]}
							}
						},
						{
							"origin": [-39.1875, 41.98438, -106.75],
							"size": [80.375, 34.9375, 0.25],
							"uv": {
								"south": {"uv": [136, 53], "uv_size": [52, 50]}
							}
						},
						{
							"origin": [-39.1875, -75.45312, -106.75],
							"size": [80.375, 34, 0.25],
							"uv": {
								"south": {"uv": [136, 104], "uv_size": [52, 50]}
							}
						},
						{
							"origin": [-13, 8.375, -106.375],
							"size": [4, 0.5, 0],
							"pivot": [0, 8.625, -106.375],
							"rotation": [0, 0, -90],
							"uv": {
								"south": {"uv": [6, 216], "uv_size": [18, 3]}
							}
						},
						{
							"origin": [1.75, 1.125, -106.375],
							"size": [4, 0.5, 0],
							"uv": {
								"south": {"uv": [25, 216], "uv_size": [18, 3]}
							}
						},
						{
							"origin": [-5.75, 1.125, -106.375],
							"size": [4, 0.5, 0],
							"uv": {
								"south": {"uv": [44, 216], "uv_size": [18, 3]}
							}
						}
					]
				},
				{
					"name": "cross_illuminated",
					"parent": "division",
					"pivot": [0, 1.375, -106.3125],
					"cubes": [
						{
							"origin": [-0.625, 0.76072, -106.3125],
							"size": [1.25, 1.25, 0],
							"pivot": [0, 1.38572, -106.3125],
							"rotation": [0, 0, -45],
							"uv": {
								"south": {"uv": [108, 221], "uv_size": [3, 3]}
							}
						}
					]
				}
			]
		}
	]
}