{
	"format_version": "1.12.0",
	"minecraft:geometry": [
		{
			"description": {
				"identifier": "geometry.unknown",
				"texture_width": 512,
				"texture_height": 512,
				"visible_bounds_width": 14,
				"visible_bounds_height": 11,
				"visible_bounds_offset": [0, 0.5, 0]
			},
			"bones": [
				{
					"name": "ocular_ring",
					"pivot": [0, -8, -0.1875],
					"cubes": [
						{
							"origin": [-0.41421, 0.4375, 4.53125],
							"size": [0.82843, 0.2, 0.25],
							"pivot": [0, 1.4375, 5.03125],
							"rotation": [0, 0, 45],
							"uv": {
								"north": {"uv": [38, 10], "uv_size": [1, 0.5]},
								"east": {"uv": [8, 48], "uv_size": [0.5, 0.5]},
								"south": {"uv": [12, 38], "uv_size": [1, 0.5]},
								"west": {"uv": [48, 8], "uv_size": [0.5, 0.5]},
								"up": {"uv": [38, 12], "uv_size": [1, 0.5]},
								"down": {"uv": [38, 14.5], "uv_size": [1, -0.5]}
							}
						},
						{
							"origin": [-0.41421, 0.4375, 4.53125],
							"size": [0.82843, 0.2, 0.25],
							"inflate": 0.0001,
							"uv": {
								"north": {"uv": [18, 38], "uv_size": [1, 0.5]},
								"east": {"uv": [10, 48], "uv_size": [0.5, 0.5]},
								"south": {"uv": [38, 21], "uv_size": [1, 0.5]},
								"west": {"uv": [48, 10], "uv_size": [0.5, 0.5]},
								"up": {"uv": [38, 23], "uv_size": [1, 0.5]},
								"down": {"uv": [24, 38.5], "uv_size": [1, -0.5]}
							}
						},
						{
							"origin": [-0.41421, 2.2375, 4.53125],
							"size": [0.82843, 0.2, 0.25],
							"pivot": [0, 1.4375, 5.03125],
							"rotation": [0, 0, 45],
							"uv": {
								"north": {"uv": [26, 38], "uv_size": [1, 0.5]},
								"east": {"uv": [12, 48], "uv_size": [0.5, 0.5]},
								"south": {"uv": [28, 38], "uv_size": [1, 0.5]},
								"west": {"uv": [48, 12], "uv_size": [0.5, 0.5]},
								"up": {"uv": [38, 28], "uv_size": [1, 0.5]},
								"down": {"uv": [38, 30.5], "uv_size": [1, -0.5]}
							}
						},
						{
							"origin": [-0.41421, 2.2375, 4.53125],
							"size": [0.82843, 0.2, 0.25],
							"inflate": 0.0001,
							"uv": {
								"north": {"uv": [38, 32], "uv_size": [1, 0.5]},
								"east": {"uv": [48, 14], "uv_size": [0.5, 0.5]},
								"south": {"uv": [38, 34], "uv_size": [1, 0.5]},
								"west": {"uv": [18, 48], "uv_size": [0.5, 0.5]},
								"up": {"uv": [2, 39], "uv_size": [1, 0.5]},
								"down": {"uv": [39, 2.5], "uv_size": [1, -0.5]}
							}
						},
						{
							"origin": [0.8, 1.02329, 4.53125],
							"size": [0.2, 0.82843, 0.25],
							"pivot": [0, 1.4375, 5.03125],
							"rotation": [0, 0, 45],
							"uv": {
								"north": {"uv": [4, 39], "uv_size": [0.5, 1]},
								"east": {"uv": [39, 6], "uv_size": [0.5, 1]},
								"south": {"uv": [14, 39], "uv_size": [0.5, 1]},
								"west": {"uv": [16, 39], "uv_size": [0.5, 1]},
								"up": {"uv": [48, 20], "uv_size": [0.5, 0.5]},
								"down": {"uv": [48, 22.5], "uv_size": [0.5, -0.5]}
							}
						},
						{
							"origin": [0.8, 1.02329, 4.53125],
							"size": [0.2, 0.82843, 0.25],
							"inflate": 0.0001,
							"uv": {
								"north": {"uv": [39, 16], "uv_size": [0.5, 1]},
								"east": {"uv": [39, 18], "uv_size": [0.5, 1]},
								"south": {"uv": [20, 39], "uv_size": [0.5, 1]},
								"west": {"uv": [22, 39], "uv_size": [0.5, 1]},
								"up": {"uv": [24, 48], "uv_size": [0.5, 0.5]},
								"down": {"uv": [26, 48.5], "uv_size": [0.5, -0.5]}
							}
						},
						{
							"origin": [-1, 1.02329, 4.53125],
							"size": [0.2, 0.82843, 0.25],
							"pivot": [0, 1.4375, 5.03125],
							"rotation": [0, 0, 45],
							"uv": {
								"north": {"uv": [39, 25], "uv_size": [0.5, 1]},
								"east": {"uv": [30, 39], "uv_size": [0.5, 1]},
								"south": {"uv": [32, 39], "uv_size": [0.5, 1]},
								"west": {"uv": [34, 39], "uv_size": [0.5, 1]},
								"up": {"uv": [48, 26], "uv_size": [0.5, 0.5]},
								"down": {"uv": [28, 48.5], "uv_size": [0.5, -0.5]}
							}
						},
						{
							"origin": [-1, 1.02329, 4.53125],
							"size": [0.2, 0.82843, 0.25],
							"inflate": 0.0001,
							"uv": {
								"north": {"uv": [36, 39], "uv_size": [0.5, 1]},
								"east": {"uv": [39, 36], "uv_size": [0.5, 1]},
								"south": {"uv": [38, 39], "uv_size": [0.5, 1]},
								"west": {"uv": [0, 40], "uv_size": [0.5, 1]},
								"up": {"uv": [48, 28], "uv_size": [0.5, 0.5]},
								"down": {"uv": [48, 30.5], "uv_size": [0.5, -0.5]}
							}
						}
					]
				},
				{
					"name": "ocular",
					"pivot": [0, 1.5625, 3.5625],
					"cubes": [
						{
							"origin": [-1, 1.02329, 4.59375],
							"size": [2, 0.82843, 0],
							"inflate": 0.0001,
							"uv": {
								"south": {"uv": [0, 21], "uv_size": [2, 1]}
							}
						},
						{
							"origin": [-1, 1.02329, 4.59375],
							"size": [2, 0.82843, 0],
							"inflate": -0.0001,
							"pivot": [0, 1.4375, 4.96875],
							"rotation": [0, 0, 45],
							"uv": {
								"south": {"uv": [20, 20], "uv_size": [2, 1]}
							}
						},
						{
							"origin": [-0.41421, 0.4375, 4.59375],
							"size": [0.82843, 2, 0],
							"inflate": 0.0002,
							"uv": {
								"south": {"uv": [18, 20], "uv_size": [1, 2]}
							}
						},
						{
							"origin": [-0.41421, 0.4375, 4.59375],
							"size": [0.82843, 2, 0],
							"pivot": [0, 1.4375, 4.96875],
							"rotation": [0, 0, 45],
							"uv": {
								"south": {"uv": [16, 20], "uv_size": [1, 2]}
							}
						}
					]
				},
				{
					"name": "scope_body",
					"pivot": [0, -10.1875, -5.21875],
					"cubes": [
						{
							"origin": [-0.23928, 0.625, -2.15625],
							"size": [0.5625, 0.5625, 0.4375],
							"pivot": [0.04197, 0.90625, -1.9375],
							"rotation": [0, 0, 45],
							"uv": {
								"north": {"uv": [40, 38], "uv_size": [0.5, 0.5]},
								"east": {"uv": [40, 40], "uv_size": [0.5, 0.5]},
								"south": {"uv": [2, 41], "uv_size": [0.5, 0.5]},
								"west": {"uv": [41, 2], "uv_size": [0.5, 0.5]},
								"up": {"uv": [4, 41], "uv_size": [0.5, 0.5]},
								"down": {"uv": [41, 6.5], "uv_size": [0.5, -0.5]}
							}
						},
						{
							"origin": [-0.5, 0.1875, 0.59375],
							"size": [0.9375, 0.5625, 0.6875],
							"uv": {
								"north": {"uv": [27, 36], "uv_size": [1, 0.5]},
								"east": {"uv": [14, 41], "uv_size": [0.5, 0.5]},
								"south": {"uv": [29, 36], "uv_size": [1, 0.5]},
								"west": {"uv": [16, 41], "uv_size": [0.5, 0.5]},
								"up": {"uv": [36, 29], "uv_size": [1, 0.5]},
								"down": {"uv": [36, 31.5], "uv_size": [1, -0.5]}
							}
						},
						{
							"origin": [-0.75, -0.125, 0.59375],
							"size": [0.4375, 0.625, 0.8125],
							"uv": {
								"north": {"uv": [41, 16], "uv_size": [0.5, 0.5]},
								"east": {"uv": [36, 33], "uv_size": [1, 0.5]},
								"south": {"uv": [41, 18], "uv_size": [0.5, 0.5]},
								"west": {"uv": [36, 35], "uv_size": [1, 0.5]},
								"up": {"uv": [2, 37], "uv_size": [0.5, 1]},
								"down": {"uv": [37, 3], "uv_size": [0.5, -1]}
							}
						},
						{
							"origin": [0.25, -0.125, 0.59375],
							"size": [0.4375, 0.625, 0.8125],
							"uv": {
								"north": {"uv": [20, 41], "uv_size": [0.5, 0.5]},
								"east": {"uv": [4, 37], "uv_size": [1, 0.5]},
								"south": {"uv": [22, 41], "uv_size": [0.5, 0.5]},
								"west": {"uv": [37, 6], "uv_size": [1, 0.5]},
								"up": {"uv": [14, 37], "uv_size": [0.5, 1]},
								"down": {"uv": [16, 38], "uv_size": [0.5, -1]}
							}
						},
						{
							"origin": [0.6875, 0.0625, 0.84375],
							"size": [0.125, 0.3125, 0.3125],
							"pivot": [0.75, 0.21875, 1],
							"rotation": [45, 0, 0],
							"uv": {
								"north": {"uv": [41, 24], "uv_size": [0.5, 0.5]},
								"east": {"uv": [30, 41], "uv_size": [0.5, 0.5]},
								"south": {"uv": [32, 41], "uv_size": [0.5, 0.5]},
								"west": {"uv": [34, 41], "uv_size": [0.5, 0.5]},
								"up": {"uv": [41, 35], "uv_size": [0.5, 0.5]},
								"down": {"uv": [36, 41.5], "uv_size": [0.5, -0.5]}
							}
						},
						{
							"origin": [-0.875, -0.0625, 0.84375],
							"size": [0.125, 0.4375, 0.4375],
							"pivot": [-0.8125, 0.09375, 1],
							"rotation": [45, 0, 0],
							"uv": {
								"north": {"uv": [38, 41], "uv_size": [0.5, 0.5]},
								"east": {"uv": [0, 42], "uv_size": [0.5, 0.5]},
								"south": {"uv": [42, 0], "uv_size": [0.5, 0.5]},
								"west": {"uv": [42, 4], "uv_size": [0.5, 0.5]},
								"up": {"uv": [6, 42], "uv_size": [0.5, 0.5]},
								"down": {"uv": [8, 42.5], "uv_size": [0.5, -0.5]}
							}
						},
						{
							"origin": [-0.125, 0.75, -2.40625],
							"size": [0.3125, 0.3125, 0.25],
							"pivot": [0.03125, 0.90625, -2.28125],
							"rotation": [0, 0, 45],
							"uv": {
								"north": {"uv": [42, 8], "uv_size": [0.5, 0.5]},
								"east": {"uv": [10, 42], "uv_size": [0.5, 0.5]},
								"south": {"uv": [42, 10], "uv_size": [0.5, 0.5]},
								"west": {"uv": [12, 42], "uv_size": [0.5, 0.5]},
								"up": {"uv": [42, 12], "uv_size": [0.5, 0.5]},
								"down": {"uv": [42, 14.5], "uv_size": [0.5, -0.5]}
							}
						}
					]
				},
				{
					"name": "sight",
					"parent": "scope_body",
					"pivot": [-0.4375, 0.74266, -3.72706],
					"cubes": [
						{
							"origin": [-0.375, 0.1875, -4.84375],
							"size": [0.75, 0.375, 2.375],
							"uv": {
								"north": {"uv": [195.25, 3], "uv_size": [0.75, 0.5]},
								"east": {"uv": [172.5625, 60], "uv_size": [4.4375, 1]},
								"south": {"uv": [107.25, 92], "uv_size": [0.75, 0.5]},
								"west": {"uv": [172.5625, 60], "uv_size": [4.375, 1]},
								"up": {"uv": [150, 69], "uv_size": [-1.5, -3.5]},
								"down": {"uv": [150.25, 65.5], "uv_size": [0.75, -2.5]}
							}
						},
						{
							"origin": [-0.375, 0.11535, -2.57974],
							"size": [0.75, 0.4375, 0.1875],
							"inflate": -0.0001,
							"pivot": [0, 0.36535, -2.45474],
							"rotation": [22.5, 0, 0],
							"uv": {
								"north": {"uv": [195.25, 5], "uv_size": [0.75, 0.5]},
								"east": {"uv": [139.25, 106], "uv_size": [0.25, 0.5]},
								"south": {"uv": [195.0625, 7], "uv_size": [1.9375, 1]},
								"west": {"uv": [209.25, 36], "uv_size": [0.25, 0.5]},
								"up": {"uv": [205.25, 0], "uv_size": [0.75, 0.25]},
								"down": {"uv": [105.25, 102.25], "uv_size": [0.75, -0.25]}
							}
						},
						{
							"origin": [-0.375, 0.11535, -4.92026],
							"size": [0.75, 0.4375, 0.1875],
							"inflate": -0.0001,
							"pivot": [0, 0.36535, -4.85776],
							"rotation": [-22.5, 0, 0],
							"uv": {
								"north": {"uv": [194.96875, 7], "uv_size": [2.03125, 1]},
								"east": {"uv": [141.25, 106], "uv_size": [0.25, 0.5]},
								"south": {"uv": [114.25, 92], "uv_size": [0.75, 0.5]},
								"west": {"uv": [143.25, 106], "uv_size": [0.25, 0.5]},
								"up": {"uv": [205.25, 2], "uv_size": [0.75, 0.25]},
								"down": {"uv": [205.25, 4.25], "uv_size": [0.75, -0.25]}
							}
						},
						{
							"origin": [0.375, 0.125, -4.34375],
							"size": [0.125, 0.5625, 0.9375],
							"uv": {
								"north": {"uv": [145.25, 106], "uv_size": [0.25, 0.5]},
								"east": {"uv": [143.25, 85], "uv_size": [1, 0.5]},
								"south": {"uv": [147.25, 106], "uv_size": [0.25, 0.5]},
								"west": {"uv": [187.5, 40], "uv_size": [1.9375, 1]},
								"up": {"uv": [201.25, 4], "uv_size": [0.25, 1]},
								"down": {"uv": [109.25, 99], "uv_size": [0.25, -1]}
							}
						},
						{
							"origin": [0.375, 0.6875, -4.34375],
							"size": [0.125, 0.4375, 0.125],
							"inflate": -0.0001,
							"pivot": [0.5, 0.6875, -4.34375],
							"rotation": [-55, 0, 0],
							"uv": {
								"north": {"uv": [149.25, 106], "uv_size": [0.25, 1]},
								"east": {"uv": [151.25, 106], "uv_size": [0.25, 0.5]},
								"south": {"uv": [209.25, 50], "uv_size": [0.25, 0.5]},
								"west": {"uv": [155.25, 106], "uv_size": [0.25, 0.5]},
								"up": {"uv": [220.25, 82], "uv_size": [0.25, 0.25]},
								"down": {"uv": [187.25, 117.25], "uv_size": [0.25, -0.25]}
							}
						},
						{
							"origin": [0.375, 0.6875, -3.53125],
							"size": [0.125, 0.4375, 0.125],
							"inflate": -0.0001,
							"pivot": [0.5, 0.6875, -3.40625],
							"rotation": [55, 0, 0],
							"uv": {
								"north": {"uv": [209.25, 52], "uv_size": [0.25, 0.5]},
								"east": {"uv": [157.25, 106], "uv_size": [0.25, 0.5]},
								"south": {"uv": [209.25, 54], "uv_size": [0.25, 1]},
								"west": {"uv": [209.25, 56], "uv_size": [0.25, 0.5]},
								"up": {"uv": [189.25, 117], "uv_size": [0.25, 0.25]},
								"down": {"uv": [193.25, 117.25], "uv_size": [0.25, -0.25]}
							}
						},
						{
							"origin": [0.375, 0.79781, -3.98537],
							"size": [0.125, 0.14063, 0.22074],
							"uv": {
								"north": {"uv": [220.25, 90], "uv_size": [0.25, 0.25]},
								"east": {"uv": [195.25, 117], "uv_size": [0.25, 0.25]},
								"south": {"uv": [197.25, 117], "uv_size": [0.25, 0.25]},
								"west": {"uv": [201.25, 117], "uv_size": [0.25, 0.25]},
								"up": {"uv": [203.25, 117], "uv_size": [0.25, 0.25]},
								"down": {"uv": [220.25, 100.25], "uv_size": [0.25, -0.25]}
							}
						},
						{
							"origin": [-0.5, 0.6875, -3.53125],
							"size": [0.125, 0.4375, 0.125],
							"inflate": -0.0001,
							"pivot": [-0.5, 0.6875, -3.40625],
							"rotation": [55, 0, 0],
							"uv": {
								"north": {"uv": [161.25, 106], "uv_size": [0.25, 0.5]},
								"east": {"uv": [209.25, 58], "uv_size": [0.25, 0.5]},
								"south": {"uv": [209.25, 60], "uv_size": [0.25, 1]},
								"west": {"uv": [209.25, 62], "uv_size": [0.25, 0.5]},
								"up": {"uv": [205.25, 117], "uv_size": [0.25, 0.25]},
								"down": {"uv": [220.25, 102.25], "uv_size": [0.25, -0.25]}
							}
						},
						{
							"origin": [-0.5, 0.79781, -3.98537],
							"size": [0.125, 0.14063, 0.22074],
							"uv": {
								"north": {"uv": [220.25, 104], "uv_size": [0.25, 0.25]},
								"east": {"uv": [220.25, 106], "uv_size": [0.25, 0.25]},
								"south": {"uv": [215.25, 117], "uv_size": [0.25, 0.25]},
								"west": {"uv": [99.25, 110], "uv_size": [0.25, 0.25]},
								"up": {"uv": [101.25, 110], "uv_size": [0.25, 0.25]},
								"down": {"uv": [221.25, 0.25], "uv_size": [0.25, -0.25]}
							}
						},
						{
							"origin": [-0.5, 0.6875, -4.34375],
							"size": [0.125, 0.4375, 0.125],
							"inflate": -0.0001,
							"pivot": [-0.5, 0.6875, -4.34375],
							"rotation": [-55, 0, 0],
							"uv": {
								"north": {"uv": [169.25, 106], "uv_size": [0.25, 1]},
								"east": {"uv": [209.25, 66], "uv_size": [0.25, 0.5]},
								"south": {"uv": [209.25, 68], "uv_size": [0.25, 0.5]},
								"west": {"uv": [209.25, 70], "uv_size": [0.25, 0.5]},
								"up": {"uv": [103.25, 110], "uv_size": [0.25, 0.25]},
								"down": {"uv": [221.25, 2.25], "uv_size": [0.25, -0.25]}
							}
						},
						{
							"origin": [-0.5, 0.125, -4.34375],
							"size": [0.125, 0.5625, 0.9375],
							"uv": {
								"north": {"uv": [209.25, 72], "uv_size": [0.25, 0.5]},
								"east": {"uv": [145.25, 85], "uv_size": [1, 0.5]},
								"south": {"uv": [177.25, 106], "uv_size": [0.25, 0.5]},
								"west": {"uv": [188.25, 42], "uv_size": [1, 0.5]},
								"up": {"uv": [201.25, 6], "uv_size": [0.25, 1]},
								"down": {"uv": [201.25, 9], "uv_size": [0.25, -1]}
							}
						},
						{
							"origin": [0.375, 0.6875, -4.13963],
							"size": [0.125, 0.11031, 0.17088],
							"uv": {
								"north": {"uv": [221.25, 4], "uv_size": [0.25, 0.25]},
								"east": {"uv": [107.25, 110], "uv_size": [0.25, 0.25]},
								"south": {"uv": [221.25, 6], "uv_size": [0.25, 0.25]},
								"west": {"uv": [221.25, 8], "uv_size": [0.25, 0.25]},
								"up": {"uv": [221.25, 10], "uv_size": [0.25, 0.25]},
								"down": {"uv": [221.25, 12.25], "uv_size": [0.25, -0.25]}
							}
						},
						{
							"origin": [0.375, 0.6875, -3.78125],
							"size": [0.125, 0.11031, 0.17088],
							"uv": {
								"north": {"uv": [221.25, 14], "uv_size": [0.25, 0.25]},
								"east": {"uv": [221.25, 16], "uv_size": [0.25, 0.25]},
								"south": {"uv": [221.25, 18], "uv_size": [0.25, 0.25]},
								"west": {"uv": [221.25, 20], "uv_size": [0.25, 0.25]},
								"up": {"uv": [123.25, 110], "uv_size": [0.25, 0.25]},
								"down": {"uv": [221.25, 22.25], "uv_size": [0.25, -0.25]}
							}
						},
						{
							"origin": [-0.5, 0.6875, -4.13963],
							"size": [0.125, 0.11031, 0.17088],
							"uv": {
								"north": {"uv": [125.25, 110], "uv_size": [0.25, 0.25]},
								"east": {"uv": [127.25, 110], "uv_size": [0.25, 0.25]},
								"south": {"uv": [221.25, 26], "uv_size": [0.25, 0.25]},
								"west": {"uv": [133.25, 110], "uv_size": [0.25, 0.25]},
								"up": {"uv": [221.25, 32], "uv_size": [0.25, 0.25]},
								"down": {"uv": [135.25, 110.25], "uv_size": [0.25, -0.25]}
							}
						},
						{
							"origin": [-0.5, 0.6875, -3.78125],
							"size": [0.125, 0.11031, 0.17088],
							"uv": {
								"north": {"uv": [221.25, 34], "uv_size": [0.25, 0.25]},
								"east": {"uv": [137.25, 110], "uv_size": [0.25, 0.25]},
								"south": {"uv": [221.25, 36], "uv_size": [0.25, 0.25]},
								"west": {"uv": [139.25, 110], "uv_size": [0.25, 0.25]},
								"up": {"uv": [141.25, 110], "uv_size": [0.25, 0.25]},
								"down": {"uv": [143.25, 110.25], "uv_size": [0.25, -0.25]}
							}
						}
					]
				},
				{
					"name": "bone24",
					"parent": "scope_body",
					"pivot": [0, 1.4375, 3.65625],
					"cubes": [
						{
							"origin": [-1, 1.02329, 3.03125],
							"size": [2, 0.82843, 1.5],
							"uv": {
								"north": {"uv": [8, 20], "uv_size": [2, 1]},
								"east": {"uv": [3, 23], "uv_size": [1.5, 1]},
								"south": {"uv": [13, 20], "uv_size": [2, 1]},
								"west": {"uv": [23, 3], "uv_size": [1.5, 1]},
								"up": {"uv": [9, 13], "uv_size": [2, 1.5]},
								"down": {"uv": [14, 1.5], "uv_size": [2, -1.5]}
							}
						},
						{
							"origin": [-1, 1.02329, 3.03125],
							"size": [2, 0.82843, 1.5],
							"pivot": [0, 1.4375, 3.65625],
							"rotation": [0, 0, 45],
							"uv": {
								"north": {"uv": [20, 3], "uv_size": [2, 1]},
								"east": {"uv": [20, 22], "uv_size": [1.5, 1]},
								"south": {"uv": [20, 5], "uv_size": [2, 1]},
								"west": {"uv": [0, 23], "uv_size": [1.5, 1]},
								"up": {"uv": [3, 13], "uv_size": [2, 1.5]},
								"down": {"uv": [6, 14.5], "uv_size": [2, -1.5]}
							}
						},
						{
							"origin": [-0.41421, 0.4375, 3.03125],
							"size": [0.82843, 2, 1.5],
							"uv": {
								"north": {"uv": [19, 11], "uv_size": [1, 2]},
								"east": {"uv": [12, 12], "uv_size": [1.5, 2]},
								"south": {"uv": [20, 0], "uv_size": [1, 2]},
								"west": {"uv": [0, 13], "uv_size": [1.5, 2]},
								"up": {"uv": [12, 22], "uv_size": [1, 1.5]},
								"down": {"uv": [14, 23.5], "uv_size": [1, -1.5]}
							}
						},
						{
							"origin": [-0.41421, 0.4375, 3.03125],
							"size": [0.82843, 2, 1.5],
							"pivot": [0, 1.4375, 3.65625],
							"rotation": [0, 0, 45],
							"uv": {
								"north": {"uv": [19, 8], "uv_size": [1, 2]},
								"east": {"uv": [12, 6], "uv_size": [1.5, 2]},
								"south": {"uv": [11, 19], "uv_size": [1, 2]},
								"west": {"uv": [12, 9], "uv_size": [1.5, 2]},
								"up": {"uv": [8, 22], "uv_size": [1, 1.5]},
								"down": {"uv": [10, 23.5], "uv_size": [1, -1.5]}
							}
						}
					]
				},
				{
					"name": "bone",
					"parent": "bone24",
					"pivot": [0.33609, 2.4375, 3.03125],
					"rotation": [7.5, 0, 0],
					"cubes": [
						{
							"origin": [-0.41421, 2.1875, 1.64063],
							"size": [0.07843, 0.25, 1.39063],
							"pivot": [-0.41421, 2.4375, 3.03125],
							"rotation": [0, -3, 0],
							"uv": {
								"north": {"uv": [6, 46], "uv_size": [0.5, 0.5]},
								"east": {"uv": [25, 12], "uv_size": [1.5, 0.5]},
								"south": {"uv": [8, 46], "uv_size": [0.5, 0.5]},
								"west": {"uv": [25, 14], "uv_size": [1.5, 0.5]},
								"up": {"uv": [14, 25], "uv_size": [0.5, 1.5]},
								"down": {"uv": [25, 17.5], "uv_size": [0.5, -1.5]}
							}
						},
						{
							"origin": [-0.33609, 2.1875, 1.64063],
							"size": [0.67218, 0.25, 1.39063],
							"uv": {
								"north": {"uv": [46, 8], "uv_size": [0.5, 0.5]},
								"east": {"uv": [25, 19], "uv_size": [1.5, 0.5]},
								"south": {"uv": [10, 46], "uv_size": [0.5, 0.5]},
								"west": {"uv": [25, 21], "uv_size": [1.5, 0.5]},
								"up": {"uv": [26, 0], "uv_size": [0.5, 1.5]},
								"down": {"uv": [26, 8.5], "uv_size": [0.5, -1.5]}
							}
						},
						{
							"origin": [0.33579, 2.1875, 1.64063],
							"size": [0.07843, 0.25, 1.39063],
							"pivot": [0.41421, 2.4375, 3.03125],
							"rotation": [0, 3, 0],
							"uv": {
								"north": {"uv": [46, 10], "uv_size": [0.5, 0.5]},
								"east": {"uv": [26, 3], "uv_size": [1.5, 0.5]},
								"south": {"uv": [12, 46], "uv_size": [0.5, 0.5]},
								"west": {"uv": [16, 26], "uv_size": [1.5, 0.5]},
								"up": {"uv": [19, 26], "uv_size": [0.5, 1.5]},
								"down": {"uv": [21, 27.5], "uv_size": [0.5, -1.5]}
							}
						}
					]
				},
				{
					"name": "bone7",
					"parent": "bone24",
					"pivot": [1.02359, 1.0625, 3.03125],
					"rotation": [7.5, 0, 90],
					"cubes": [
						{
							"origin": [0.23437, 0.78891, 1.64063],
							"size": [0.07843, 0.25, 1.39063],
							"inflate": -0.0001,
							"pivot": [0.23437, 1.03891, 3.03125],
							"rotation": [0, -3, 0],
							"uv": {
								"north": {"uv": [14, 47], "uv_size": [0.5, 0.5]},
								"east": {"uv": [31, 7], "uv_size": [1.5, 0.5]},
								"south": {"uv": [16, 47], "uv_size": [0.5, 0.5]},
								"west": {"uv": [31, 18], "uv_size": [1.5, 0.5]},
								"up": {"uv": [2, 32], "uv_size": [0.5, 1.5]},
								"down": {"uv": [32, 3.5], "uv_size": [0.5, -1.5]}
							}
						},
						{
							"origin": [0.3125, 0.78891, 1.64063],
							"size": [0.67218, 0.25, 1.39063],
							"uv": {
								"north": {"uv": [47, 16], "uv_size": [0.5, 0.5]},
								"east": {"uv": [31, 25], "uv_size": [1.5, 0.5]},
								"south": {"uv": [47, 18], "uv_size": [0.5, 0.5]},
								"west": {"uv": [9, 32], "uv_size": [1.5, 0.5]},
								"up": {"uv": [32, 11], "uv_size": [0.5, 1.5]},
								"down": {"uv": [16, 33.5], "uv_size": [0.5, -1.5]}
							}
						},
						{
							"origin": [0.98437, 0.78891, 1.64063],
							"size": [0.07843, 0.25, 1.39063],
							"inflate": -0.0001,
							"pivot": [1.0628, 1.03891, 3.03125],
							"rotation": [0, 3, 0],
							"uv": {
								"north": {"uv": [20, 47], "uv_size": [0.5, 0.5]},
								"east": {"uv": [18, 32], "uv_size": [1.5, 0.5]},
								"south": {"uv": [22, 47], "uv_size": [0.5, 0.5]},
								"west": {"uv": [32, 20], "uv_size": [1.5, 0.5]},
								"up": {"uv": [21, 32], "uv_size": [0.5, 1.5]},
								"down": {"uv": [32, 23.5], "uv_size": [0.5, -1.5]}
							}
						}
					]
				},
				{
					"name": "bone8",
					"parent": "bone24",
					"pivot": [-1, 1.10141, 3.03125],
					"rotation": [7.5, 0, -90],
					"cubes": [
						{
							"origin": [-0.32813, 0.85141, 1.64063],
							"size": [0.07843, 0.25, 1.39063],
							"pivot": [-0.2497, 1.10141, 3.03125],
							"rotation": [0, 3, 0],
							"uv": {
								"north": {"uv": [47, 24], "uv_size": [0.5, 0.5]},
								"east": {"uv": [27, 32], "uv_size": [1.5, 0.5]},
								"south": {"uv": [30, 47], "uv_size": [0.5, 0.5]},
								"west": {"uv": [32, 27], "uv_size": [1.5, 0.5]},
								"up": {"uv": [32, 29], "uv_size": [0.5, 1.5]},
								"down": {"uv": [32, 33.5], "uv_size": [0.5, -1.5]}
							}
						},
						{
							"origin": [-1, 0.85141, 1.64063],
							"size": [0.67218, 0.25, 1.39063],
							"uv": {
								"north": {"uv": [32, 47], "uv_size": [0.5, 0.5]},
								"east": {"uv": [33, 0], "uv_size": [1.5, 0.5]},
								"south": {"uv": [34, 47], "uv_size": [0.5, 0.5]},
								"west": {"uv": [4, 33], "uv_size": [1.5, 0.5]},
								"up": {"uv": [0, 33], "uv_size": [0.5, 1.5]},
								"down": {"uv": [7, 34.5], "uv_size": [0.5, -1.5]}
							}
						},
						{
							"origin": [-1.07813, 0.85141, 1.64063],
							"size": [0.07843, 0.25, 1.39063],
							"pivot": [-1.07812, 1.10141, 3.03125],
							"rotation": [0, -3, 0],
							"uv": {
								"north": {"uv": [47, 34], "uv_size": [0.5, 0.5]},
								"east": {"uv": [33, 9], "uv_size": [1.5, 0.5]},
								"south": {"uv": [36, 47], "uv_size": [0.5, 0.5]},
								"west": {"uv": [33, 14], "uv_size": [1.5, 0.5]},
								"up": {"uv": [12, 33], "uv_size": [0.5, 1.5]},
								"down": {"uv": [25, 34.5], "uv_size": [0.5, -1.5]}
							}
						}
					]
				},
				{
					"name": "bone3",
					"parent": "bone24",
					"pivot": [0.94476, 1.90696, 3.03125],
					"rotation": [7.5, 0, 45],
					"cubes": [
						{
							"origin": [0.19446, 1.65696, 1.64063],
							"size": [0.07843, 0.25, 1.39063],
							"inflate": -0.0001,
							"pivot": [0.19446, 1.90696, 3.03125],
							"rotation": [0, -3, 0],
							"uv": {
								"north": {"uv": [26, 46], "uv_size": [0.5, 0.5]},
								"east": {"uv": [28, 5], "uv_size": [1.5, 0.5]},
								"south": {"uv": [46, 26], "uv_size": [0.5, 0.5]},
								"west": {"uv": [28, 7], "uv_size": [1.5, 0.5]},
								"up": {"uv": [28, 12], "uv_size": [0.5, 1.5]},
								"down": {"uv": [14, 29.5], "uv_size": [0.5, -1.5]}
							}
						},
						{
							"origin": [0.27258, 1.65696, 1.64063],
							"size": [0.67218, 0.25, 1.39063],
							"uv": {
								"north": {"uv": [28, 46], "uv_size": [0.5, 0.5]},
								"east": {"uv": [16, 28], "uv_size": [1.5, 0.5]},
								"south": {"uv": [46, 28], "uv_size": [0.5, 0.5]},
								"west": {"uv": [28, 18], "uv_size": [1.5, 0.5]},
								"up": {"uv": [28, 20], "uv_size": [0.5, 1.5]},
								"down": {"uv": [23, 29.5], "uv_size": [0.5, -1.5]}
							}
						},
						{
							"origin": [0.94446, 1.65696, 1.64063],
							"size": [0.07843, 0.25, 1.39063],
							"inflate": -0.0001,
							"pivot": [1.02288, 1.90696, 3.03125],
							"rotation": [0, 3, 0],
							"uv": {
								"north": {"uv": [46, 30], "uv_size": [0.5, 0.5]},
								"east": {"uv": [25, 28], "uv_size": [1.5, 0.5]},
								"south": {"uv": [46, 32], "uv_size": [0.5, 0.5]},
								"west": {"uv": [28, 25], "uv_size": [1.5, 0.5]},
								"up": {"uv": [28, 27], "uv_size": [0.5, 1.5]},
								"down": {"uv": [2, 30.5], "uv_size": [0.5, -1.5]}
							}
						}
					]
				},
				{
					"name": "bone5",
					"parent": "bone24",
					"pivot": [0.46946, 0.49274, 3.03125],
					"rotation": [-7.5, 0, -45],
					"cubes": [
						{
							"origin": [0.39133, 0.49274, 1.64063],
							"size": [0.07843, 0.25, 1.39063],
							"pivot": [0.39133, 0.49274, 3.03125],
							"rotation": [0, -3, 0],
							"uv": {
								"north": {"uv": [46, 44], "uv_size": [0.5, 0.5]},
								"east": {"uv": [30, 14], "uv_size": [1.5, 0.5]},
								"south": {"uv": [46, 46], "uv_size": [0.5, 0.5]},
								"west": {"uv": [16, 30], "uv_size": [1.5, 0.5]},
								"up": {"uv": [30, 20], "uv_size": [0.5, 1.5]},
								"down": {"uv": [25, 31.5], "uv_size": [0.5, -1.5]}
							}
						},
						{
							"origin": [0.46946, 0.49274, 1.64063],
							"size": [0.67218, 0.25, 1.39063],
							"uv": {
								"north": {"uv": [2, 47], "uv_size": [0.5, 0.5]},
								"east": {"uv": [30, 16], "uv_size": [1.5, 0.5]},
								"south": {"uv": [47, 2], "uv_size": [0.5, 0.5]},
								"west": {"uv": [27, 30], "uv_size": [1.5, 0.5]},
								"up": {"uv": [30, 27], "uv_size": [0.5, 1.5]},
								"down": {"uv": [30, 31.5], "uv_size": [0.5, -1.5]}
							}
						},
						{
							"origin": [1.14133, 0.49274, 1.64063],
							"size": [0.07843, 0.25, 1.39063],
							"pivot": [1.21976, 0.49274, 3.03125],
							"rotation": [0, 3, 0],
							"uv": {
								"north": {"uv": [4, 47], "uv_size": [0.5, 0.5]},
								"east": {"uv": [4, 31], "uv_size": [1.5, 0.5]},
								"south": {"uv": [47, 6], "uv_size": [0.5, 0.5]},
								"west": {"uv": [31, 5], "uv_size": [1.5, 0.5]},
								"up": {"uv": [14, 31], "uv_size": [0.5, 1.5]},
								"down": {"uv": [23, 32.5], "uv_size": [0.5, -1.5]}
							}
						}
					]
				},
				{
					"name": "bone6",
					"parent": "bone24",
					"pivot": [-0.46946, 0.49274, 3.03125],
					"rotation": [-7.5, 0, 45],
					"cubes": [
						{
							"origin": [-0.46976, 0.49274, 1.64063],
							"size": [0.07843, 0.25, 1.39063],
							"pivot": [-0.39133, 0.49274, 3.03125],
							"rotation": [0, 3, 0],
							"uv": {
								"north": {"uv": [38, 47], "uv_size": [0.5, 0.5]},
								"east": {"uv": [33, 16], "uv_size": [1.5, 0.5]},
								"south": {"uv": [42, 47], "uv_size": [0.5, 0.5]},
								"west": {"uv": [34, 2], "uv_size": [1.5, 0.5]},
								"up": {"uv": [30, 33], "uv_size": [0.5, 1.5]},
								"down": {"uv": [34, 5.5], "uv_size": [0.5, -1.5]}
							}
						},
						{
							"origin": [-1.14163, 0.49274, 1.64063],
							"size": [0.67218, 0.25, 1.39063],
							"uv": {
								"north": {"uv": [0, 48], "uv_size": [0.5, 0.5]},
								"east": {"uv": [34, 7], "uv_size": [1.5, 0.5]},
								"south": {"uv": [48, 0], "uv_size": [0.5, 0.5]},
								"west": {"uv": [9, 34], "uv_size": [1.5, 0.5]},
								"up": {"uv": [34, 11], "uv_size": [0.5, 1.5]},
								"down": {"uv": [14, 35.5], "uv_size": [0.5, -1.5]}
							}
						},
						{
							"origin": [-1.21976, 0.49274, 1.64063],
							"size": [0.07843, 0.25, 1.39063],
							"pivot": [-1.21976, 0.49274, 3.03125],
							"rotation": [0, -3, 0],
							"uv": {
								"north": {"uv": [48, 4], "uv_size": [0.5, 0.5]},
								"east": {"uv": [18, 34], "uv_size": [1.5, 0.5]},
								"south": {"uv": [6, 48], "uv_size": [0.5, 0.5]},
								"west": {"uv": [34, 18], "uv_size": [1.5, 0.5]},
								"up": {"uv": [34, 22], "uv_size": [0.5, 1.5]},
								"down": {"uv": [23, 35.5], "uv_size": [0.5, -1.5]}
							}
						}
					]
				},
				{
					"name": "bone4",
					"parent": "bone24",
					"pivot": [-0.94476, 1.90696, 3.03125],
					"rotation": [7.5, 0, -45],
					"cubes": [
						{
							"origin": [-0.27288, 1.65696, 1.64063],
							"size": [0.07843, 0.25, 1.39063],
							"pivot": [-0.19446, 1.90696, 3.03125],
							"rotation": [0, 3, 0],
							"uv": {
								"north": {"uv": [46, 36], "uv_size": [0.5, 0.5]},
								"east": {"uv": [29, 3], "uv_size": [1.5, 0.5]},
								"south": {"uv": [46, 38], "uv_size": [0.5, 0.5]},
								"west": {"uv": [4, 29], "uv_size": [1.5, 0.5]},
								"up": {"uv": [19, 29], "uv_size": [0.5, 1.5]},
								"down": {"uv": [21, 30.5], "uv_size": [0.5, -1.5]}
							}
						},
						{
							"origin": [-0.94476, 1.65696, 1.64063],
							"size": [0.67218, 0.25, 1.39063],
							"uv": {
								"north": {"uv": [40, 46], "uv_size": [0.5, 0.5]},
								"east": {"uv": [29, 23], "uv_size": [1.5, 0.5]},
								"south": {"uv": [46, 40], "uv_size": [0.5, 0.5]},
								"west": {"uv": [30, 0], "uv_size": [1.5, 0.5]},
								"up": {"uv": [0, 30], "uv_size": [0.5, 1.5]},
								"down": {"uv": [7, 31.5], "uv_size": [0.5, -1.5]}
							}
						},
						{
							"origin": [-1.02288, 1.65696, 1.64063],
							"size": [0.07843, 0.25, 1.39063],
							"pivot": [-1.02288, 1.90696, 3.03125],
							"rotation": [0, -3, 0],
							"uv": {
								"north": {"uv": [46, 42], "uv_size": [0.5, 0.5]},
								"east": {"uv": [9, 30], "uv_size": [1.5, 0.5]},
								"south": {"uv": [44, 46], "uv_size": [0.5, 0.5]},
								"west": {"uv": [30, 9], "uv_size": [1.5, 0.5]},
								"up": {"uv": [30, 11], "uv_size": [0.5, 1.5]},
								"down": {"uv": [12, 31.5], "uv_size": [0.5, -1.5]}
							}
						}
					]
				},
				{
					"name": "bone2",
					"parent": "bone24",
					"pivot": [0.33609, 0.4375, 3.03125],
					"rotation": [-7.5, 0, 0],
					"cubes": [
						{
							"origin": [-0.41421, 0.4375, 1.64063],
							"size": [0.07843, 0.25, 1.39063],
							"pivot": [-0.41421, 0.4375, 3.03125],
							"rotation": [0, -3, 0],
							"uv": {
								"north": {"uv": [46, 12], "uv_size": [0.5, 0.5]},
								"east": {"uv": [23, 26], "uv_size": [1.5, 0.5]},
								"south": {"uv": [46, 14], "uv_size": [0.5, 0.5]},
								"west": {"uv": [26, 23], "uv_size": [1.5, 0.5]},
								"up": {"uv": [26, 25], "uv_size": [0.5, 1.5]},
								"down": {"uv": [0, 28.5], "uv_size": [0.5, -1.5]}
							}
						},
						{
							"origin": [-0.33609, 0.4375, 1.64063],
							"size": [0.67218, 0.25, 1.39063],
							"uv": {
								"north": {"uv": [18, 46], "uv_size": [0.5, 0.5]},
								"east": {"uv": [2, 27], "uv_size": [1.5, 0.5]},
								"south": {"uv": [46, 20], "uv_size": [0.5, 0.5]},
								"west": {"uv": [5, 27], "uv_size": [1.5, 0.5]},
								"up": {"uv": [8, 27], "uv_size": [0.5, 1.5]},
								"down": {"uv": [10, 28.5], "uv_size": [0.5, -1.5]}
							}
						},
						{
							"origin": [0.33579, 0.4375, 1.64063],
							"size": [0.07843, 0.25, 1.39063],
							"pivot": [0.41421, 0.4375, 3.03125],
							"rotation": [0, 3, 0],
							"uv": {
								"north": {"uv": [46, 22], "uv_size": [0.5, 0.5]},
								"east": {"uv": [27, 10], "uv_size": [1.5, 0.5]},
								"south": {"uv": [24, 46], "uv_size": [0.5, 0.5]},
								"west": {"uv": [27, 16], "uv_size": [1.5, 0.5]},
								"up": {"uv": [12, 27], "uv_size": [0.5, 1.5]},
								"down": {"uv": [28, 1.5], "uv_size": [0.5, -1.5]}
							}
						}
					]
				},
				{
					"name": "sdasd",
					"parent": "scope_body",
					"pivot": [8, -6.5625, -6.09375],
					"cubes": [
						{
							"origin": [-0.33655, 0.625, 1.40625],
							"size": [0.6731, 1.625, 0.25],
							"pivot": [0, 1.4375, 1.90625],
							"rotation": [0, 0, 45],
							"uv": {
								"north": {"uv": [23, 15], "uv_size": [0.5, 1.5]},
								"east": {"uv": [16, 23], "uv_size": [0.5, 1.5]},
								"south": {"uv": [18, 23], "uv_size": [0.5, 1.5]},
								"west": {"uv": [23, 18], "uv_size": [0.5, 1.5]},
								"up": {"uv": [40, 0], "uv_size": [0.5, 0.5]},
								"down": {"uv": [40, 4.5], "uv_size": [0.5, -0.5]}
							}
						},
						{
							"origin": [-0.33655, 0.625, 1.40625],
							"size": [0.6731, 1.625, 0.25],
							"uv": {
								"north": {"uv": [23, 21], "uv_size": [0.5, 1.5]},
								"east": {"uv": [24, 0], "uv_size": [0.5, 1.5]},
								"south": {"uv": [6, 24], "uv_size": [0.5, 1.5]},
								"west": {"uv": [24, 7], "uv_size": [0.5, 1.5]},
								"up": {"uv": [6, 40], "uv_size": [0.5, 0.5]},
								"down": {"uv": [8, 40.5], "uv_size": [0.5, -0.5]}
							}
						},
						{
							"origin": [-0.8125, 1.10095, 1.40625],
							"size": [1.625, 0.6731, 0.25],
							"pivot": [0, 1.4375, 1.90625],
							"rotation": [0, 0, 45],
							"uv": {
								"north": {"uv": [24, 10], "uv_size": [1.5, 0.5]},
								"east": {"uv": [40, 8], "uv_size": [0.5, 0.5]},
								"south": {"uv": [20, 24], "uv_size": [1.5, 0.5]},
								"west": {"uv": [10, 40], "uv_size": [0.5, 0.5]},
								"up": {"uv": [23, 24], "uv_size": [1.5, 0.5]},
								"down": {"uv": [0, 25.5], "uv_size": [1.5, -0.5]}
							}
						},
						{
							"origin": [-0.8125, 1.10095, 1.40625],
							"size": [1.625, 0.6731, 0.25],
							"uv": {
								"north": {"uv": [3, 25], "uv_size": [1.5, 0.5]},
								"east": {"uv": [40, 10], "uv_size": [0.5, 0.5]},
								"south": {"uv": [25, 5], "uv_size": [1.5, 0.5]},
								"west": {"uv": [12, 40], "uv_size": [0.5, 0.5]},
								"up": {"uv": [8, 25], "uv_size": [1.5, 0.5]},
								"down": {"uv": [11, 25.5], "uv_size": [1.5, -0.5]}
							}
						}
					]
				},
				{
					"name": "fsdfa",
					"parent": "scope_body",
					"pivot": [8, -6.625, -8.46875],
					"cubes": [
						{
							"origin": [-0.41421, 0.375, -1.71875],
							"size": [0.82843, 2, 2.3125],
							"pivot": [0, 1.375, -0.46875],
							"rotation": [0, 0, 45],
							"uv": {
								"north": {"uv": [0, 18], "uv_size": [1, 2]},
								"east": {"uv": [0, 0], "uv_size": [2.5, 2]},
								"south": {"uv": [2, 18], "uv_size": [1, 2]},
								"west": {"uv": [0, 3], "uv_size": [2.5, 2]},
								"up": {"uv": [15, 3], "uv_size": [1, 2.5]},
								"down": {"uv": [15, 9.5], "uv_size": [1, -2.5]}
							}
						},
						{
							"origin": [-0.41421, 2.0625, 0.59375],
							"size": [0.70343, 0.25, 0.8125],
							"inflate": 0.0001,
							"pivot": [0, 1.3125, 1.65625],
							"rotation": [0, 0, 45],
							"uv": {
								"north": {"uv": [40, 12], "uv_size": [0.5, 0.5]},
								"east": {"uv": [34, 25], "uv_size": [1, 0.5]},
								"south": {"uv": [40, 14], "uv_size": [0.5, 0.5]},
								"west": {"uv": [27, 34], "uv_size": [1, 0.5]},
								"up": {"uv": [34, 29], "uv_size": [0.5, 1]},
								"down": {"uv": [34, 32], "uv_size": [0.5, -1]}
							}
						},
						{
							"origin": [-0.28921, 2.0625, 0.59375],
							"size": [0.70343, 0.25, 0.8125],
							"inflate": -0.0001,
							"pivot": [0, 1.3125, 1.65625],
							"rotation": [0, 0, -45],
							"uv": {
								"north": {"uv": [18, 40], "uv_size": [0.5, 0.5]},
								"east": {"uv": [34, 33], "uv_size": [1, 0.5]},
								"south": {"uv": [40, 20], "uv_size": [0.5, 0.5]},
								"west": {"uv": [2, 35], "uv_size": [1, 0.5]},
								"up": {"uv": [4, 35], "uv_size": [0.5, 1]},
								"down": {"uv": [16, 36], "uv_size": [0.5, -1]}
							}
						},
						{
							"origin": [-0.41421, 0.375, -1.71875],
							"size": [0.82843, 2, 2.3125],
							"uv": {
								"north": {"uv": [4, 18], "uv_size": [1, 2]},
								"east": {"uv": [4, 0], "uv_size": [2.5, 2]},
								"south": {"uv": [6, 18], "uv_size": [1, 2]},
								"west": {"uv": [4, 3], "uv_size": [2.5, 2]},
								"up": {"uv": [15, 11], "uv_size": [1, 2.5]},
								"down": {"uv": [12, 17.5], "uv_size": [1, -2.5]}
							}
						},
						{
							"origin": [-0.41421, 1.75, 0.59375],
							"size": [0.82843, 0.5625, 0.8125],
							"uv": {
								"north": {"uv": [35, 20], "uv_size": [1, 0.5]},
								"east": {"uv": [21, 35], "uv_size": [1, 0.5]},
								"south": {"uv": [35, 27], "uv_size": [1, 0.5]},
								"west": {"uv": [32, 35], "uv_size": [1, 0.5]},
								"up": {"uv": [23, 5], "uv_size": [1, 1]},
								"down": {"uv": [23, 14], "uv_size": [1, -1]}
							}
						},
						{
							"origin": [-1, 0.96079, -1.71875],
							"size": [2, 0.82843, 2.3125],
							"pivot": [0, 1.375, -0.46875],
							"rotation": [0, 0, 45],
							"uv": {
								"north": {"uv": [8, 18], "uv_size": [2, 1]},
								"east": {"uv": [14, 15], "uv_size": [2.5, 1]},
								"south": {"uv": [18, 14], "uv_size": [2, 1]},
								"west": {"uv": [0, 16], "uv_size": [2.5, 1]},
								"up": {"uv": [0, 6], "uv_size": [2, 2.5]},
								"down": {"uv": [3, 8.5], "uv_size": [2, -2.5]}
							}
						},
						{
							"origin": [0.66161, 1.36167, 0.59375],
							"size": [0.25, 0.64093, 0.8125],
							"pivot": [-0.08839, 1.58839, 0.40625],
							"rotation": [0, 0, 45],
							"uv": {
								"north": {"uv": [40, 22], "uv_size": [0.5, 0.5]},
								"east": {"uv": [34, 35], "uv_size": [1, 0.5]},
								"south": {"uv": [24, 40], "uv_size": [0.5, 0.5]},
								"west": {"uv": [0, 36], "uv_size": [1, 0.5]},
								"up": {"uv": [36, 0], "uv_size": [0.5, 1]},
								"down": {"uv": [36, 5], "uv_size": [0.5, -1]}
							}
						},
						{
							"origin": [-0.91161, 1.36167, 0.59375],
							"size": [0.25, 0.64093, 0.8125],
							"pivot": [0.08839, 1.58839, 0.40625],
							"rotation": [0, 0, -45],
							"uv": {
								"north": {"uv": [26, 40], "uv_size": [0.5, 0.5]},
								"east": {"uv": [6, 36], "uv_size": [1, 0.5]},
								"south": {"uv": [40, 27], "uv_size": [0.5, 0.5]},
								"west": {"uv": [8, 36], "uv_size": [1, 0.5]},
								"up": {"uv": [36, 9], "uv_size": [0.5, 1]},
								"down": {"uv": [10, 37], "uv_size": [0.5, -1]}
							}
						},
						{
							"origin": [-1, 0.96079, -1.71875],
							"size": [2, 0.82843, 2.3125],
							"inflate": 0.0001,
							"uv": {
								"north": {"uv": [18, 16], "uv_size": [2, 1]},
								"east": {"uv": [4, 16], "uv_size": [2.5, 1]},
								"south": {"uv": [18, 18], "uv_size": [2, 1]},
								"west": {"uv": [8, 16], "uv_size": [2.5, 1]},
								"up": {"uv": [6, 6], "uv_size": [2, 2.5]},
								"down": {"uv": [8, 2.5], "uv_size": [2, -2.5]}
							}
						},
						{
							"origin": [0.66161, 1.17417, 0.59375],
							"size": [0.25, 0.64093, 0.8125],
							"uv": {
								"north": {"uv": [28, 40], "uv_size": [0.5, 0.5]},
								"east": {"uv": [36, 11], "uv_size": [1, 0.5]},
								"south": {"uv": [40, 29], "uv_size": [0.5, 0.5]},
								"west": {"uv": [12, 36], "uv_size": [1, 0.5]},
								"up": {"uv": [36, 13], "uv_size": [0.5, 1]},
								"down": {"uv": [36, 16], "uv_size": [0.5, -1]}
							}
						},
						{
							"origin": [0.91161, 1.48667, 0.59375],
							"size": [0.1875, 0.14093, 0.8125],
							"uv": {
								"north": {"uv": [18, 42], "uv_size": [0.5, 0.5]},
								"east": {"uv": [37, 17], "uv_size": [1, 0.5]},
								"south": {"uv": [42, 20], "uv_size": [0.5, 0.5]},
								"west": {"uv": [37, 19], "uv_size": [1, 0.5]},
								"up": {"uv": [20, 37], "uv_size": [0.5, 1]},
								"down": {"uv": [22, 38], "uv_size": [0.5, -1]}
							}
						},
						{
							"origin": [0.91161, 1.48667, 0.59375],
							"size": [0.1875, 0.14093, 0.3125],
							"inflate": -0.0001,
							"pivot": [1.09911, 1.6276, 0.59375],
							"rotation": [0, 37.5, 0],
							"uv": {
								"north": {"uv": [26, 42], "uv_size": [0.5, 0.5]},
								"east": {"uv": [42, 26], "uv_size": [0.5, 0.5]},
								"south": {"uv": [28, 42], "uv_size": [0.5, 0.5]},
								"west": {"uv": [42, 28], "uv_size": [0.5, 0.5]},
								"up": {"uv": [42, 30], "uv_size": [0.5, 0.5]},
								"down": {"uv": [42, 32.5], "uv_size": [0.5, -0.5]}
							}
						},
						{
							"origin": [0.91161, 1.48667, 1.09375],
							"size": [0.1875, 0.14093, 0.3125],
							"inflate": -0.0001,
							"pivot": [1.09911, 1.6276, 1.40625],
							"rotation": [0, -37.5, 0],
							"uv": {
								"north": {"uv": [4, 43], "uv_size": [0.5, 0.5]},
								"east": {"uv": [43, 6], "uv_size": [0.5, 0.5]},
								"south": {"uv": [14, 43], "uv_size": [0.5, 0.5]},
								"west": {"uv": [16, 43], "uv_size": [0.5, 0.5]},
								"up": {"uv": [43, 16], "uv_size": [0.5, 0.5]},
								"down": {"uv": [43, 18.5], "uv_size": [0.5, -0.5]}
							}
						},
						{
							"origin": [1.09911, 1.48667, 0.84167],
							"size": [0.19024, 0.14093, 0.31665],
							"uv": {
								"north": {"uv": [42, 37], "uv_size": [0.5, 0.5]},
								"east": {"uv": [42, 39], "uv_size": [0.5, 0.5]},
								"south": {"uv": [40, 42], "uv_size": [0.5, 0.5]},
								"west": {"uv": [42, 41], "uv_size": [0.5, 0.5]},
								"up": {"uv": [2, 43], "uv_size": [0.5, 0.5]},
								"down": {"uv": [43, 2.5], "uv_size": [0.5, -0.5]}
							}
						},
						{
							"origin": [0.91161, 1.34575, 1.09375],
							"size": [0.1875, 0.14093, 0.3125],
							"pivot": [1.09911, 1.48667, 1.40625],
							"rotation": [0, -37.5, 0],
							"uv": {
								"north": {"uv": [44, 4], "uv_size": [0.5, 0.5]},
								"east": {"uv": [6, 44], "uv_size": [0.5, 0.5]},
								"south": {"uv": [8, 44], "uv_size": [0.5, 0.5]},
								"west": {"uv": [44, 8], "uv_size": [0.5, 0.5]},
								"up": {"uv": [10, 44], "uv_size": [0.5, 0.5]},
								"down": {"uv": [44, 10.5], "uv_size": [0.5, -0.5]}
							}
						},
						{
							"origin": [0.91161, 1.34575, 0.59375],
							"size": [0.1875, 0.14093, 0.3125],
							"pivot": [1.09911, 1.48667, 0.59375],
							"rotation": [0, 37.5, 0],
							"uv": {
								"north": {"uv": [43, 34], "uv_size": [0.5, 0.5]},
								"east": {"uv": [36, 43], "uv_size": [0.5, 0.5]},
								"south": {"uv": [38, 43], "uv_size": [0.5, 0.5]},
								"west": {"uv": [42, 43], "uv_size": [0.5, 0.5]},
								"up": {"uv": [0, 44], "uv_size": [0.5, 0.5]},
								"down": {"uv": [44, 0.5], "uv_size": [0.5, -0.5]}
							}
						},
						{
							"origin": [1.09911, 1.34575, 0.84167],
							"size": [0.19024, 0.14093, 0.31665],
							"uv": {
								"north": {"uv": [20, 43], "uv_size": [0.5, 0.5]},
								"east": {"uv": [22, 43], "uv_size": [0.5, 0.5]},
								"south": {"uv": [43, 24], "uv_size": [0.5, 0.5]},
								"west": {"uv": [30, 43], "uv_size": [0.5, 0.5]},
								"up": {"uv": [32, 43], "uv_size": [0.5, 0.5]},
								"down": {"uv": [34, 43.5], "uv_size": [0.5, -0.5]}
							}
						},
						{
							"origin": [0.91161, 1.34575, 0.59375],
							"size": [0.1875, 0.14093, 0.8125],
							"uv": {
								"north": {"uv": [42, 22], "uv_size": [0.5, 0.5]},
								"east": {"uv": [37, 26], "uv_size": [1, 0.5]},
								"south": {"uv": [24, 42], "uv_size": [0.5, 0.5]},
								"west": {"uv": [31, 37], "uv_size": [1, 0.5]},
								"up": {"uv": [33, 37], "uv_size": [0.5, 1]},
								"down": {"uv": [35, 38], "uv_size": [0.5, -1]}
							}
						},
						{
							"origin": [-1.09911, 1.48667, 1.09375],
							"size": [0.1875, 0.14093, 0.3125],
							"pivot": [-1.09911, 1.6276, 1.40625],
							"rotation": [0, 37.5, 0],
							"uv": {
								"north": {"uv": [36, 45], "uv_size": [0.5, 0.5]},
								"east": {"uv": [38, 45], "uv_size": [0.5, 0.5]},
								"south": {"uv": [42, 45], "uv_size": [0.5, 0.5]},
								"west": {"uv": [0, 46], "uv_size": [0.5, 0.5]},
								"up": {"uv": [46, 0], "uv_size": [0.5, 0.5]},
								"down": {"uv": [46, 4.5], "uv_size": [0.5, -0.5]}
							}
						},
						{
							"origin": [-1.09911, 1.48667, 0.59375],
							"size": [0.1875, 0.14093, 0.8125],
							"uv": {
								"north": {"uv": [34, 45], "uv_size": [0.5, 0.5]},
								"east": {"uv": [6, 38], "uv_size": [1, 0.5]},
								"south": {"uv": [45, 34], "uv_size": [0.5, 0.5]},
								"west": {"uv": [8, 38], "uv_size": [1, 0.5]},
								"up": {"uv": [38, 8], "uv_size": [0.5, 1]},
								"down": {"uv": [10, 39], "uv_size": [0.5, -1]}
							}
						},
						{
							"origin": [-1.09911, 1.48667, 0.59375],
							"size": [0.1875, 0.14093, 0.3125],
							"pivot": [-1.09911, 1.6276, 0.59375],
							"rotation": [0, -37.5, 0],
							"uv": {
								"north": {"uv": [45, 18], "uv_size": [0.5, 0.5]},
								"east": {"uv": [20, 45], "uv_size": [0.5, 0.5]},
								"south": {"uv": [22, 45], "uv_size": [0.5, 0.5]},
								"west": {"uv": [45, 24], "uv_size": [0.5, 0.5]},
								"up": {"uv": [30, 45], "uv_size": [0.5, 0.5]},
								"down": {"uv": [32, 45.5], "uv_size": [0.5, -0.5]}
							}
						},
						{
							"origin": [-1.28935, 1.48667, 0.84167],
							"size": [0.19024, 0.14093, 0.31665],
							"uv": {
								"north": {"uv": [45, 2], "uv_size": [0.5, 0.5]},
								"east": {"uv": [4, 45], "uv_size": [0.5, 0.5]},
								"south": {"uv": [45, 6], "uv_size": [0.5, 0.5]},
								"west": {"uv": [14, 45], "uv_size": [0.5, 0.5]},
								"up": {"uv": [16, 45], "uv_size": [0.5, 0.5]},
								"down": {"uv": [45, 16.5], "uv_size": [0.5, -0.5]}
							}
						},
						{
							"origin": [-1.09911, 1.34575, 1.09375],
							"size": [0.1875, 0.14093, 0.3125],
							"pivot": [-1.09911, 1.48667, 1.40625],
							"rotation": [0, 37.5, 0],
							"uv": {
								"north": {"uv": [44, 38], "uv_size": [0.5, 0.5]},
								"east": {"uv": [40, 44], "uv_size": [0.5, 0.5]},
								"south": {"uv": [44, 40], "uv_size": [0.5, 0.5]},
								"west": {"uv": [44, 42], "uv_size": [0.5, 0.5]},
								"up": {"uv": [44, 44], "uv_size": [0.5, 0.5]},
								"down": {"uv": [2, 45.5], "uv_size": [0.5, -0.5]}
							}
						},
						{
							"origin": [-1.28935, 1.34575, 0.84167],
							"size": [0.19024, 0.14093, 0.31665],
							"uv": {
								"north": {"uv": [44, 26], "uv_size": [0.5, 0.5]},
								"east": {"uv": [28, 44], "uv_size": [0.5, 0.5]},
								"south": {"uv": [44, 28], "uv_size": [0.5, 0.5]},
								"west": {"uv": [44, 30], "uv_size": [0.5, 0.5]},
								"up": {"uv": [44, 32], "uv_size": [0.5, 0.5]},
								"down": {"uv": [44, 36.5], "uv_size": [0.5, -0.5]}
							}
						},
						{
							"origin": [-1.09911, 1.34575, 0.59375],
							"size": [0.1875, 0.14093, 0.3125],
							"pivot": [-1.09911, 1.48667, 0.59375],
							"rotation": [0, -37.5, 0],
							"uv": {
								"north": {"uv": [44, 14], "uv_size": [0.5, 0.5]},
								"east": {"uv": [18, 44], "uv_size": [0.5, 0.5]},
								"south": {"uv": [44, 20], "uv_size": [0.5, 0.5]},
								"west": {"uv": [44, 22], "uv_size": [0.5, 0.5]},
								"up": {"uv": [24, 44], "uv_size": [0.5, 0.5]},
								"down": {"uv": [26, 44.5], "uv_size": [0.5, -0.5]}
							}
						},
						{
							"origin": [-1.09911, 1.34575, 0.59375],
							"size": [0.1875, 0.14093, 0.8125],
							"uv": {
								"north": {"uv": [12, 44], "uv_size": [0.5, 0.5]},
								"east": {"uv": [37, 37], "uv_size": [1, 0.5]},
								"south": {"uv": [44, 12], "uv_size": [0.5, 0.5]},
								"west": {"uv": [0, 38], "uv_size": [1, 0.5]},
								"up": {"uv": [38, 0], "uv_size": [0.5, 1]},
								"down": {"uv": [38, 5], "uv_size": [0.5, -1]}
							}
						},
						{
							"origin": [-0.91161, 1.17417, 0.59375],
							"size": [0.25, 0.64093, 0.8125],
							"uv": {
								"north": {"uv": [40, 31], "uv_size": [0.5, 0.5]},
								"east": {"uv": [18, 36], "uv_size": [1, 0.5]},
								"south": {"uv": [40, 33], "uv_size": [0.5, 0.5]},
								"west": {"uv": [36, 22], "uv_size": [1, 0.5]},
								"up": {"uv": [36, 24], "uv_size": [0.5, 1]},
								"down": {"uv": [25, 37], "uv_size": [0.5, -1]}
							}
						}
					]
				},
				{
					"name": "division",
					"pivot": [0.30903, 1.03646, -113.01389],
					"cubes": [
						{
							"origin": [-28.1875, -24.84374, -113.25],
							"size": [56.375, 52.40625, 0.25],
							"uv": {
								"south": {"uv": [84.5, 114], "uv_size": [322.5, 284]}
							}
						},
						{
							"origin": [-92.89375, -75.45312, -113.25],
							"size": [52.70625, 152.375, 0.25],
							"uv": {
								"south": {"uv": [3, 61.5], "uv_size": [10, 2.5]}
							}
						},
						{
							"origin": [41.1875, -75.45312, -113.25],
							"size": [52.26875, 152.375, 0.25],
							"uv": {
								"south": {"uv": [0, 61.5], "uv_size": [15, 3.5]}
							}
						},
						{
							"origin": [-40.1875, 41.98438, -113.25],
							"size": [81.375, 34.9375, 0.25],
							"uv": {
								"south": {"uv": [0, 59], "uv_size": [17, 9]}
							}
						},
						{
							"origin": [-40.1875, -75.45312, -113.25],
							"size": [81.375, 34, 0.25],
							"uv": {
								"south": {"uv": [0, 59], "uv_size": [14, 9]}
							}
						},
						{
							"origin": [-11, 8.375, -112.875],
							"size": [2, 0.5, 0],
							"pivot": [0, 8.625, -112.875],
							"rotation": [0, 0, -90],
							"uv": {
								"south": {"uv": [6, 216], "uv_size": [18, 3]}
							}
						},
						{
							"origin": [-12, 14.875, -112.875],
							"size": [2, 0.5, 0],
							"pivot": [0, 15.125, -112.875],
							"rotation": [0, 0, -90],
							"uv": {
								"south": {"uv": [6, 216], "uv_size": [18, 3]}
							}
						},
						{
							"origin": [1.75, 1.125, -112.875],
							"size": [2, 0.5, 0],
							"uv": {
								"south": {"uv": [25, 216], "uv_size": [18, 3]}
							}
						},
						{
							"origin": [-3.75, 1.125, -112.875],
							"size": [2, 0.5, 0],
							"uv": {
								"south": {"uv": [44, 216], "uv_size": [18, 3]}
							}
						}
					]
				},
				{
					"name": "cross_illuminated",
					"parent": "division",
					"pivot": [0, 1.375, -112.8125],
					"cubes": [
						{
							"origin": [-0.625, 0.76072, -112.8125],
							"size": [1.25, 1.25, 0],
							"pivot": [0, 1.38572, -112.8125],
							"rotation": [0, 0, -45],
							"uv": {
								"south": {"uv": [1.5, 51.5], "uv_size": [1.5, 1.5]}
							}
						}
					]
				},
				{
					"name": "scope_view",
					"pivot": [0, 1.4375, 8]
				}
			]
		}
	]
}