{
	"format_version": "1.12.0",
	"minecraft:geometry": [
		{
			"description": {
				"identifier": "geometry.unknown",
				"texture_width": 512,
				"texture_height": 512,
				"visible_bounds_width": 20,
				"visible_bounds_height": 11,
				"visible_bounds_offset": [0, 0.5, 0]
			},
			"bones": [
				{
					"name": "scope_body",
					"pivot": [0, 0, 0]
				},
				{
					"name": "mj_illuminated",
					"parent": "scope_body",
					"pivot": [0, 0.875, -5.875],
					"cubes": [
						{
							"origin": [-0.20071, 0.39928, 4.14211],
							"size": [0.40143, 0.96906, 0.00006],
							"inflate": -0.0001,
							"pivot": [0, 0.88381, 4.32383],
							"rotation": [0, 0, 45],
							"uv": {
								"south": {"uv": [34, 37], "uv_size": [0.5, 1]}
							}
						},
						{
							"origin": [-0.20064, 0.39936, 4.14218],
							"size": [0.40129, 0.96891, -0.00009],
							"uv": {
								"south": {"uv": [32, 37], "uv_size": [0.5, 1]}
							}
						},
						{
							"origin": [-0.48455, 0.68308, 4.14209],
							"size": [0.9691, 0.40147, 0.0001],
							"inflate": -0.0001,
							"pivot": [0, 0.88381, 4.32383],
							"rotation": [0, 0, 45],
							"uv": {
								"south": {"uv": [37, 30], "uv_size": [1, 0.5]}
							}
						},
						{
							"origin": [-0.48442, 0.68321, 4.14222],
							"size": [0.96884, 0.40121, -0.00016],
							"inflate": 0.0002,
							"uv": {
								"south": {"uv": [30, 37], "uv_size": [1, 0.5]}
							}
						},
						{
							"origin": [-0.125, 0.75, -6.3125],
							"size": [0.25, 0.25, 0.0625],
							"pivot": [0, 0.875, -5.875],
							"rotation": [0, 0, 45],
							"uv": {
								"north": {"uv": [32, 45], "uv_size": [0.5, 0.5]},
								"east": {"uv": [34, 45], "uv_size": [0.5, 0.5]},
								"south": {"uv": [2, 46], "uv_size": [0.5, 0.5]},
								"west": {"uv": [4, 46], "uv_size": [0.5, 0.5]},
								"up": {"uv": [46, 6], "uv_size": [0.5, 0.5]},
								"down": {"uv": [10, 46.5], "uv_size": [0.5, -0.5]}
							}
						}
					]
				},
				{
					"name": "bone13",
					"parent": "scope_body",
					"pivot": [-0.625, 0.6875, 1.3125],
					"cubes": [
						{
							"origin": [0.125, 0.84467, -6.25],
							"size": [0.1875, 0.35355, 0.25],
							"inflate": -0.0001,
							"pivot": [0.1875, 1.07322, -6.125],
							"rotation": [0, 0, -45],
							"uv": {
								"north": {"uv": [2, 38], "uv_size": [0.5, 0.5]},
								"east": {"uv": [4, 38], "uv_size": [0.5, 0.5]},
								"south": {"uv": [38, 6], "uv_size": [0.5, 0.5]},
								"west": {"uv": [10, 38], "uv_size": [0.5, 0.5]},
								"up": {"uv": [38, 10], "uv_size": [0.5, 0.5]},
								"down": {"uv": [12, 38.5], "uv_size": [0.5, -0.5]}
							}
						},
						{
							"origin": [-0.125, 0.75, -6],
							"size": [0.25, 0.25, 1.875],
							"pivot": [0, 0.875, -5.875],
							"rotation": [0, 0, 45],
							"uv": {
								"north": {"uv": [38, 12], "uv_size": [0.5, 0.5]},
								"east": {"uv": [19, 16], "uv_size": [2, 0.5]},
								"south": {"uv": [14, 38], "uv_size": [0.5, 0.5]},
								"west": {"uv": [0, 20], "uv_size": [2, 0.5]},
								"up": {"uv": [20, 2], "uv_size": [0.5, 2]},
								"down": {"uv": [20, 7], "uv_size": [0.5, -2]}
							}
						},
						{
							"origin": [-0.1875, 0.6875, -5.75],
							"size": [0.375, 0.375, 1.1875],
							"pivot": [0, 0.875, -5.875],
							"rotation": [0, 0, 45],
							"uv": {
								"north": {"uv": [38, 14], "uv_size": [0.5, 0.5]},
								"east": {"uv": [26, 11], "uv_size": [1, 0.5]},
								"south": {"uv": [38, 16], "uv_size": [0.5, 0.5]},
								"west": {"uv": [26, 13], "uv_size": [1, 0.5]},
								"up": {"uv": [26, 15], "uv_size": [0.5, 1]},
								"down": {"uv": [26, 18], "uv_size": [0.5, -1]}
							}
						},
						{
							"origin": [-0.4375, 0, -6.25],
							"size": [0.875, 1, 0.25],
							"uv": {
								"north": {"uv": [20, 8], "uv_size": [1, 1]},
								"east": {"uv": [21, 26], "uv_size": [0.5, 1]},
								"south": {"uv": [20, 10], "uv_size": [1, 1]},
								"west": {"uv": [26, 22], "uv_size": [0.5, 1]},
								"up": {"uv": [23, 26], "uv_size": [1, 0.5]},
								"down": {"uv": [26, 24.5], "uv_size": [1, -0.5]}
							}
						},
						{
							"origin": [-0.1875, 1, -6.25],
							"size": [0.375, 0.25, 0.25],
							"uv": {
								"north": {"uv": [18, 38], "uv_size": [0.5, 0.5]},
								"east": {"uv": [20, 38], "uv_size": [0.5, 0.5]},
								"south": {"uv": [38, 20], "uv_size": [0.5, 0.5]},
								"west": {"uv": [22, 38], "uv_size": [0.5, 0.5]},
								"up": {"uv": [38, 22], "uv_size": [0.5, 0.5]},
								"down": {"uv": [24, 38.5], "uv_size": [0.5, -0.5]}
							}
						},
						{
							"origin": [-0.3125, 0.84467, -6.25],
							"size": [0.1875, 0.35355, 0.25],
							"inflate": -0.0001,
							"pivot": [-0.1875, 1.07322, -6.125],
							"rotation": [0, 0, 45],
							"uv": {
								"north": {"uv": [26, 38], "uv_size": [0.5, 0.5]},
								"east": {"uv": [38, 26], "uv_size": [0.5, 0.5]},
								"south": {"uv": [28, 38], "uv_size": [0.5, 0.5]},
								"west": {"uv": [38, 32], "uv_size": [0.5, 0.5]},
								"up": {"uv": [38, 34], "uv_size": [0.5, 0.5]},
								"down": {"uv": [36, 38.5], "uv_size": [0.5, -0.5]}
							}
						},
						{
							"origin": [-0.12944, 0.5625, -4.125],
							"size": [0.25888, 0.625, 5.5625],
							"pivot": [0, 0.875, -3.625],
							"rotation": [0, 0, 45],
							"uv": {
								"north": {"uv": [38, 36], "uv_size": [0.5, 0.5]},
								"east": {"uv": [0, 0], "uv_size": [5.5, 0.5]},
								"south": {"uv": [38, 38], "uv_size": [0.5, 0.5]},
								"west": {"uv": [0, 2], "uv_size": [5.5, 0.5]},
								"up": {"uv": [0, 4], "uv_size": [0.5, 5.5]},
								"down": {"uv": [2, 9.5], "uv_size": [0.5, -5.5]}
							}
						},
						{
							"origin": [-0.12944, 0.5625, -4.125],
							"size": [0.25888, 0.625, 5.5625],
							"uv": {
								"north": {"uv": [0, 39], "uv_size": [0.5, 0.5]},
								"east": {"uv": [4, 4], "uv_size": [5.5, 0.5]},
								"south": {"uv": [39, 0], "uv_size": [0.5, 0.5]},
								"west": {"uv": [4, 6], "uv_size": [5.5, 0.5]},
								"up": {"uv": [4, 8], "uv_size": [0.5, 5.5]},
								"down": {"uv": [6, 13.5], "uv_size": [0.5, -5.5]}
							}
						},
						{
							"origin": [-0.3125, 0.74556, -4.125],
							"size": [0.625, 0.25888, 5.5625],
							"pivot": [0, 0.875, -3.625],
							"rotation": [0, 0, 45],
							"uv": {
								"north": {"uv": [39, 2], "uv_size": [0.5, 0.5]},
								"east": {"uv": [7, 0], "uv_size": [5.5, 0.5]},
								"south": {"uv": [39, 4], "uv_size": [0.5, 0.5]},
								"west": {"uv": [7, 2], "uv_size": [5.5, 0.5]},
								"up": {"uv": [8, 8], "uv_size": [0.5, 5.5]},
								"down": {"uv": [10, 13.5], "uv_size": [0.5, -5.5]}
							}
						},
						{
							"origin": [-0.3125, 0.74556, -4.125],
							"size": [0.625, 0.25888, 5.5625],
							"uv": {
								"north": {"uv": [6, 39], "uv_size": [0.5, 0.5]},
								"east": {"uv": [11, 4], "uv_size": [5.5, 0.5]},
								"south": {"uv": [8, 39], "uv_size": [0.5, 0.5]},
								"west": {"uv": [11, 6], "uv_size": [5.5, 0.5]},
								"up": {"uv": [0, 11], "uv_size": [0.5, 5.5]},
								"down": {"uv": [2, 16.5], "uv_size": [0.5, -5.5]}
							}
						},
						{
							"origin": [0.12944, 1.1875, -2.57813],
							"size": [0.05178, 0.12505, 0.82812],
							"pivot": [0.18122, 1.31255, -1.75001],
							"rotation": [8.7661, 3.45922, 0.53308],
							"uv": {
								"north": {"uv": [39, 8], "uv_size": [0.5, 0.5]},
								"east": {"uv": [25, 26], "uv_size": [1, 0.5]},
								"south": {"uv": [16, 39], "uv_size": [0.5, 0.5]},
								"west": {"uv": [0, 27], "uv_size": [1, 0.5]},
								"up": {"uv": [27, 2], "uv_size": [0.5, 1]},
								"down": {"uv": [27, 5], "uv_size": [0.5, -1]}
							}
						},
						{
							"origin": [-0.18122, 0.4375, -1.75],
							"size": [0.36244, 0.875, 2.625],
							"pivot": [0, 0.875, -1.25],
							"rotation": [0, 0, 45],
							"uv": {
								"north": {"uv": [9, 27], "uv_size": [0.5, 1]},
								"east": {"uv": [12, 8], "uv_size": [2.5, 1]},
								"south": {"uv": [27, 9], "uv_size": [0.5, 1]},
								"west": {"uv": [12, 10], "uv_size": [2.5, 1]},
								"up": {"uv": [8, 18], "uv_size": [0.5, 2.5]},
								"down": {"uv": [10, 20.5], "uv_size": [0.5, -2.5]}
							}
						},
						{
							"origin": [-0.18122, 0.4375, -1.75],
							"size": [0.36244, 0.875, 2.625],
							"uv": {
								"north": {"uv": [18, 27], "uv_size": [0.5, 1]},
								"east": {"uv": [12, 12], "uv_size": [2.5, 1]},
								"south": {"uv": [27, 19], "uv_size": [0.5, 1]},
								"west": {"uv": [14, 0], "uv_size": [2.5, 1]},
								"up": {"uv": [18, 10], "uv_size": [0.5, 2.5]},
								"down": {"uv": [12, 20.5], "uv_size": [0.5, -2.5]}
							}
						},
						{
							"origin": [-0.4375, 0.69378, -1.75],
							"size": [0.875, 0.36244, 2.625],
							"pivot": [0, 0.875, -1.25],
							"rotation": [0, 0, 45],
							"uv": {
								"north": {"uv": [27, 26], "uv_size": [1, 0.5]},
								"east": {"uv": [14, 18], "uv_size": [2.5, 0.5]},
								"south": {"uv": [2, 28], "uv_size": [1, 0.5]},
								"west": {"uv": [18, 18], "uv_size": [2.5, 0.5]},
								"up": {"uv": [12, 14], "uv_size": [1, 2.5]},
								"down": {"uv": [14, 16.5], "uv_size": [1, -2.5]}
							}
						},
						{
							"origin": [-0.4375, 0.69378, -1.75],
							"size": [0.875, 0.36244, 2.625],
							"uv": {
								"north": {"uv": [4, 28], "uv_size": [1, 0.5]},
								"east": {"uv": [3, 19], "uv_size": [2.5, 0.5]},
								"south": {"uv": [28, 6], "uv_size": [1, 0.5]},
								"west": {"uv": [19, 14], "uv_size": [2.5, 0.5]},
								"up": {"uv": [4, 15], "uv_size": [1, 2.5]},
								"down": {"uv": [6, 17.5], "uv_size": [1, -2.5]}
							}
						},
						{
							"origin": [-0.12944, 1.1875, -2.57206],
							"size": [0.25888, 0.12506, 0.82206],
							"inflate": 0.0001,
							"pivot": [0.18122, 1.3125, -1.75],
							"rotation": [8.75, 0, 0],
							"uv": {
								"north": {"uv": [39, 18], "uv_size": [0.5, 0.5]},
								"east": {"uv": [11, 28], "uv_size": [1, 0.5]},
								"south": {"uv": [39, 24], "uv_size": [0.5, 0.5]},
								"west": {"uv": [28, 11], "uv_size": [1, 0.5]},
								"up": {"uv": [13, 28], "uv_size": [0.5, 1]},
								"down": {"uv": [28, 14], "uv_size": [0.5, -1]}
							}
						},
						{
							"origin": [-0.18122, 1.1875, -2.57813],
							"size": [0.05178, 0.12505, 0.82812],
							"pivot": [-0.18122, 1.31255, -1.75001],
							"rotation": [8.7661, -3.45922, -0.53308],
							"uv": {
								"north": {"uv": [39, 28], "uv_size": [0.5, 0.5]},
								"east": {"uv": [15, 28], "uv_size": [1, 0.5]},
								"south": {"uv": [30, 39], "uv_size": [0.5, 0.5]},
								"west": {"uv": [28, 15], "uv_size": [1, 0.5]},
								"up": {"uv": [28, 17], "uv_size": [0.5, 1]},
								"down": {"uv": [20, 29], "uv_size": [0.5, -1]}
							}
						},
						{
							"origin": [0.15735, 0.81247, -2.55353],
							"size": [0.05178, 0.12506, 0.82813],
							"pivot": [0.31312, 0.875, -2.14707],
							"rotation": [8.7661, -3.45922, 89.46692],
							"uv": {
								"north": {"uv": [39, 30], "uv_size": [0.5, 0.5]},
								"east": {"uv": [28, 21], "uv_size": [1, 0.5]},
								"south": {"uv": [32, 39], "uv_size": [0.5, 0.5]},
								"west": {"uv": [22, 28], "uv_size": [1, 0.5]},
								"up": {"uv": [28, 23], "uv_size": [0.5, 1]},
								"down": {"uv": [24, 29], "uv_size": [0.5, -1]}
							}
						},
						{
							"origin": [0.18368, 0.81247, -2.55776],
							"size": [0.25888, 0.12506, 0.82206],
							"inflate": 0.0001,
							"pivot": [0.31312, 0.875, -2.14707],
							"rotation": [8.75, 0, 90],
							"uv": {
								"north": {"uv": [34, 39], "uv_size": [0.5, 0.5]},
								"east": {"uv": [26, 28], "uv_size": [1, 0.5]},
								"south": {"uv": [2, 40], "uv_size": [0.5, 0.5]},
								"west": {"uv": [28, 28], "uv_size": [1, 0.5]},
								"up": {"uv": [0, 29], "uv_size": [0.5, 1]},
								"down": {"uv": [29, 1], "uv_size": [0.5, -1]}
							}
						},
						{
							"origin": [0.41711, 0.81247, -2.55353],
							"size": [0.05178, 0.12506, 0.82813],
							"pivot": [0.31312, 0.875, -2.14707],
							"rotation": [8.7661, 3.45922, 90.53308],
							"uv": {
								"north": {"uv": [4, 40], "uv_size": [0.5, 0.5]},
								"east": {"uv": [29, 2], "uv_size": [1, 0.5]},
								"south": {"uv": [40, 6], "uv_size": [0.5, 0.5]},
								"west": {"uv": [29, 4], "uv_size": [1, 0.5]},
								"up": {"uv": [6, 29], "uv_size": [0.5, 1]},
								"down": {"uv": [8, 30], "uv_size": [0.5, -1]}
							}
						},
						{
							"origin": [-0.44256, 0.81247, -2.55776],
							"size": [0.25888, 0.12506, 0.82206],
							"inflate": 0.0001,
							"pivot": [-0.31312, 0.875, -2.14707],
							"rotation": [8.75, 0, -90],
							"uv": {
								"north": {"uv": [10, 40], "uv_size": [0.5, 0.5]},
								"east": {"uv": [29, 8], "uv_size": [1, 0.5]},
								"south": {"uv": [40, 10], "uv_size": [0.5, 0.5]},
								"west": {"uv": [17, 29], "uv_size": [1, 0.5]},
								"up": {"uv": [29, 19], "uv_size": [0.5, 1]},
								"down": {"uv": [29, 26], "uv_size": [0.5, -1]}
							}
						},
						{
							"origin": [-0.46889, 0.81247, -2.55353],
							"size": [0.05178, 0.12506, 0.82813],
							"pivot": [-0.31312, 0.875, -2.14707],
							"rotation": [8.7661, -3.45922, -90.53308],
							"uv": {
								"north": {"uv": [12, 40], "uv_size": [0.5, 0.5]},
								"east": {"uv": [2, 30], "uv_size": [1, 0.5]},
								"south": {"uv": [40, 12], "uv_size": [0.5, 0.5]},
								"west": {"uv": [4, 30], "uv_size": [1, 0.5]},
								"up": {"uv": [30, 6], "uv_size": [0.5, 1]},
								"down": {"uv": [10, 31], "uv_size": [0.5, -1]}
							}
						},
						{
							"origin": [-0.20913, 0.81247, -2.55353],
							"size": [0.05178, 0.12506, 0.82813],
							"pivot": [-0.31312, 0.875, -2.14707],
							"rotation": [8.7661, 3.45922, -89.46692],
							"uv": {
								"north": {"uv": [14, 40], "uv_size": [0.5, 0.5]},
								"east": {"uv": [30, 10], "uv_size": [1, 0.5]},
								"south": {"uv": [40, 14], "uv_size": [0.5, 0.5]},
								"west": {"uv": [12, 30], "uv_size": [1, 0.5]},
								"up": {"uv": [30, 12], "uv_size": [0.5, 1]},
								"down": {"uv": [14, 31], "uv_size": [0.5, -1]}
							}
						},
						{
							"origin": [0.3254, 1.03388, -2.55353],
							"size": [0.05178, 0.12506, 0.82813],
							"pivot": [0.22141, 1.09641, -2.14707],
							"rotation": [8.7661, 3.45922, 45.53308],
							"uv": {
								"north": {"uv": [40, 16], "uv_size": [0.5, 0.5]},
								"east": {"uv": [30, 14], "uv_size": [1, 0.5]},
								"south": {"uv": [18, 40], "uv_size": [0.5, 0.5]},
								"west": {"uv": [30, 16], "uv_size": [1, 0.5]},
								"up": {"uv": [19, 30], "uv_size": [0.5, 1]},
								"down": {"uv": [21, 31], "uv_size": [0.5, -1]}
							}
						},
						{
							"origin": [0.09197, 1.03388, -2.55776],
							"size": [0.25888, 0.12506, 0.82206],
							"inflate": 0.0001,
							"pivot": [0.22141, 1.09641, -2.14707],
							"rotation": [8.75, 0, 45],
							"uv": {
								"north": {"uv": [20, 40], "uv_size": [0.5, 0.5]},
								"east": {"uv": [30, 21], "uv_size": [1, 0.5]},
								"south": {"uv": [40, 20], "uv_size": [0.5, 0.5]},
								"west": {"uv": [23, 30], "uv_size": [1, 0.5]},
								"up": {"uv": [30, 23], "uv_size": [0.5, 1]},
								"down": {"uv": [25, 31], "uv_size": [0.5, -1]}
							}
						},
						{
							"origin": [0.06564, 1.03388, -2.55353],
							"size": [0.05178, 0.12506, 0.82813],
							"pivot": [0.22141, 1.09641, -2.14707],
							"rotation": [8.7661, -3.45922, 44.46692],
							"uv": {
								"north": {"uv": [22, 40], "uv_size": [0.5, 0.5]},
								"east": {"uv": [27, 30], "uv_size": [1, 0.5]},
								"south": {"uv": [40, 22], "uv_size": [0.5, 0.5]},
								"west": {"uv": [30, 27], "uv_size": [1, 0.5]},
								"up": {"uv": [29, 30], "uv_size": [0.5, 1]},
								"down": {"uv": [0, 32], "uv_size": [0.5, -1]}
							}
						},
						{
							"origin": [0.3254, 0.59106, -2.55353],
							"size": [0.05178, 0.12506, 0.82813],
							"pivot": [0.22141, 0.65359, -2.14707],
							"rotation": [-8.7661, 3.45922, -45.53308],
							"uv": {
								"north": {"uv": [24, 40], "uv_size": [0.5, 0.5]},
								"east": {"uv": [31, 0], "uv_size": [1, 0.5]},
								"south": {"uv": [26, 40], "uv_size": [0.5, 0.5]},
								"west": {"uv": [31, 2], "uv_size": [1, 0.5]},
								"up": {"uv": [31, 4], "uv_size": [0.5, 1]},
								"down": {"uv": [6, 32], "uv_size": [0.5, -1]}
							}
						},
						{
							"origin": [0.06564, 0.59106, -2.55353],
							"size": [0.05178, 0.12506, 0.82813],
							"pivot": [0.22141, 0.65359, -2.14707],
							"rotation": [-8.7661, -3.45922, -44.46692],
							"uv": {
								"north": {"uv": [40, 26], "uv_size": [0.5, 0.5]},
								"east": {"uv": [8, 31], "uv_size": [1, 0.5]},
								"south": {"uv": [28, 40], "uv_size": [0.5, 0.5]},
								"west": {"uv": [31, 8], "uv_size": [1, 0.5]},
								"up": {"uv": [16, 31], "uv_size": [0.5, 1]},
								"down": {"uv": [31, 19], "uv_size": [0.5, -1]}
							}
						},
						{
							"origin": [0.09197, 0.59106, -2.55776],
							"size": [0.25888, 0.12506, 0.82206],
							"inflate": 0.0001,
							"pivot": [0.22141, 0.65359, -2.14707],
							"rotation": [-8.75, 0, -45],
							"uv": {
								"north": {"uv": [40, 32], "uv_size": [0.5, 0.5]},
								"east": {"uv": [31, 25], "uv_size": [1, 0.5]},
								"south": {"uv": [40, 34], "uv_size": [0.5, 0.5]},
								"west": {"uv": [31, 29], "uv_size": [1, 0.5]},
								"up": {"uv": [31, 31], "uv_size": [0.5, 1]},
								"down": {"uv": [2, 33], "uv_size": [0.5, -1]}
							}
						},
						{
							"origin": [-0.37718, 0.59106, -2.55353],
							"size": [0.05178, 0.12506, 0.82813],
							"pivot": [-0.22141, 0.65359, -2.14707],
							"rotation": [-8.7661, -3.45922, 45.53308],
							"uv": {
								"north": {"uv": [36, 40], "uv_size": [0.5, 0.5]},
								"east": {"uv": [4, 32], "uv_size": [1, 0.5]},
								"south": {"uv": [40, 36], "uv_size": [0.5, 0.5]},
								"west": {"uv": [32, 6], "uv_size": [1, 0.5]},
								"up": {"uv": [10, 32], "uv_size": [0.5, 1]},
								"down": {"uv": [32, 11], "uv_size": [0.5, -1]}
							}
						},
						{
							"origin": [-0.11742, 0.59106, -2.55353],
							"size": [0.05178, 0.12506, 0.82813],
							"pivot": [-0.22141, 0.65359, -2.14707],
							"rotation": [-8.7661, 3.45922, 44.46692],
							"uv": {
								"north": {"uv": [38, 40], "uv_size": [0.5, 0.5]},
								"east": {"uv": [12, 32], "uv_size": [1, 0.5]},
								"south": {"uv": [40, 38], "uv_size": [0.5, 0.5]},
								"west": {"uv": [32, 12], "uv_size": [1, 0.5]},
								"up": {"uv": [14, 32], "uv_size": [0.5, 1]},
								"down": {"uv": [32, 15], "uv_size": [0.5, -1]}
							}
						},
						{
							"origin": [-0.35085, 0.59106, -2.55776],
							"size": [0.25888, 0.12506, 0.82206],
							"inflate": 0.0001,
							"pivot": [-0.22141, 0.65359, -2.14707],
							"rotation": [-8.75, 0, 45],
							"uv": {
								"north": {"uv": [40, 40], "uv_size": [0.5, 0.5]},
								"east": {"uv": [32, 16], "uv_size": [1, 0.5]},
								"south": {"uv": [0, 41], "uv_size": [0.5, 0.5]},
								"west": {"uv": [18, 32], "uv_size": [1, 0.5]},
								"up": {"uv": [20, 32], "uv_size": [0.5, 1]},
								"down": {"uv": [32, 21], "uv_size": [0.5, -1]}
							}
						},
						{
							"origin": [-0.11742, 1.03388, -2.55353],
							"size": [0.05178, 0.12506, 0.82813],
							"pivot": [-0.22141, 1.09641, -2.14707],
							"rotation": [8.7661, 3.45922, -44.46692],
							"uv": {
								"north": {"uv": [41, 0], "uv_size": [0.5, 0.5]},
								"east": {"uv": [22, 32], "uv_size": [1, 0.5]},
								"south": {"uv": [41, 2], "uv_size": [0.5, 0.5]},
								"west": {"uv": [32, 22], "uv_size": [1, 0.5]},
								"up": {"uv": [24, 32], "uv_size": [0.5, 1]},
								"down": {"uv": [26, 33], "uv_size": [0.5, -1]}
							}
						},
						{
							"origin": [-0.37718, 1.03388, -2.55353],
							"size": [0.05178, 0.12506, 0.82813],
							"pivot": [-0.22141, 1.09641, -2.14707],
							"rotation": [8.7661, -3.45922, -45.53308],
							"uv": {
								"north": {"uv": [41, 4], "uv_size": [0.5, 0.5]},
								"east": {"uv": [32, 27], "uv_size": [1, 0.5]},
								"south": {"uv": [6, 41], "uv_size": [0.5, 0.5]},
								"west": {"uv": [28, 32], "uv_size": [1, 0.5]},
								"up": {"uv": [0, 33], "uv_size": [0.5, 1]},
								"down": {"uv": [33, 1], "uv_size": [0.5, -1]}
							}
						},
						{
							"origin": [-0.35085, 1.03388, -2.55776],
							"size": [0.25888, 0.12506, 0.82206],
							"inflate": 0.0001,
							"pivot": [-0.22141, 1.09641, -2.14707],
							"rotation": [8.75, 0, -45],
							"uv": {
								"north": {"uv": [8, 41], "uv_size": [0.5, 0.5]},
								"east": {"uv": [33, 2], "uv_size": [1, 0.5]},
								"south": {"uv": [41, 8], "uv_size": [0.5, 0.5]},
								"west": {"uv": [33, 4], "uv_size": [1, 0.5]},
								"up": {"uv": [6, 33], "uv_size": [0.5, 1]},
								"down": {"uv": [8, 34], "uv_size": [0.5, -1]}
							}
						},
						{
							"origin": [-0.09018, 0.96764, -2.57821],
							"size": [0.05178, 0.12505, 0.82813],
							"pivot": [-0.0384, 1.09269, -1.75008],
							"rotation": [8.7661, 3.45922, -44.46692],
							"uv": {
								"north": {"uv": [16, 41], "uv_size": [0.5, 0.5]},
								"east": {"uv": [33, 8], "uv_size": [1, 0.5]},
								"south": {"uv": [41, 18], "uv_size": [0.5, 0.5]},
								"west": {"uv": [16, 33], "uv_size": [1, 0.5]},
								"up": {"uv": [33, 18], "uv_size": [0.5, 1]},
								"down": {"uv": [33, 25], "uv_size": [0.5, -1]}
							}
						},
						{
							"origin": [0.12944, 0.43745, -2.57813],
							"size": [0.05178, 0.12505, 0.82812],
							"pivot": [0.18122, 0.43745, -1.75001],
							"rotation": [-8.7661, 3.45922, -0.53308],
							"uv": {
								"north": {"uv": [41, 24], "uv_size": [0.5, 0.5]},
								"east": {"uv": [33, 29], "uv_size": [1, 0.5]},
								"south": {"uv": [41, 28], "uv_size": [0.5, 0.5]},
								"west": {"uv": [30, 33], "uv_size": [1, 0.5]},
								"up": {"uv": [33, 31], "uv_size": [0.5, 1]},
								"down": {"uv": [32, 34], "uv_size": [0.5, -1]}
							}
						},
						{
							"origin": [-0.12944, 0.43744, -2.57206],
							"size": [0.25888, 0.12506, 0.82206],
							"inflate": 0.0001,
							"pivot": [0.18122, 0.4375, -1.75],
							"rotation": [-8.75, 0, 0],
							"uv": {
								"north": {"uv": [30, 41], "uv_size": [0.5, 0.5]},
								"east": {"uv": [2, 34], "uv_size": [1, 0.5]},
								"south": {"uv": [41, 30], "uv_size": [0.5, 0.5]},
								"west": {"uv": [4, 34], "uv_size": [1, 0.5]},
								"up": {"uv": [34, 6], "uv_size": [0.5, 1]},
								"down": {"uv": [10, 35], "uv_size": [0.5, -1]}
							}
						},
						{
							"origin": [-0.18122, 0.43745, -2.57813],
							"size": [0.05178, 0.12505, 0.82812],
							"pivot": [-0.18122, 0.43745, -1.75001],
							"rotation": [-8.7661, -3.45922, 0.53308],
							"uv": {
								"north": {"uv": [32, 41], "uv_size": [0.5, 0.5]},
								"east": {"uv": [34, 10], "uv_size": [1, 0.5]},
								"south": {"uv": [34, 41], "uv_size": [0.5, 0.5]},
								"west": {"uv": [12, 34], "uv_size": [1, 0.5]},
								"up": {"uv": [34, 12], "uv_size": [0.5, 1]},
								"down": {"uv": [14, 35], "uv_size": [0.5, -1]}
							}
						},
						{
							"origin": [-0.18122, 0.4375, 1.4375],
							"size": [0.36244, 0.875, 0.75],
							"pivot": [0, 0.875, 1.9375],
							"rotation": [0, 0, 45],
							"uv": {
								"north": {"uv": [34, 14], "uv_size": [0.5, 1]},
								"east": {"uv": [20, 12], "uv_size": [1, 1]},
								"south": {"uv": [34, 16], "uv_size": [0.5, 1]},
								"west": {"uv": [14, 20], "uv_size": [1, 1]},
								"up": {"uv": [18, 34], "uv_size": [0.5, 1]},
								"down": {"uv": [20, 35], "uv_size": [0.5, -1]}
							}
						},
						{
							"origin": [-0.18122, 0.4375, 1.4375],
							"size": [0.36244, 0.875, 0.75],
							"uv": {
								"north": {"uv": [34, 20], "uv_size": [0.5, 1]},
								"east": {"uv": [16, 20], "uv_size": [1, 1]},
								"south": {"uv": [22, 34], "uv_size": [0.5, 1]},
								"west": {"uv": [18, 20], "uv_size": [1, 1]},
								"up": {"uv": [34, 22], "uv_size": [0.5, 1]},
								"down": {"uv": [24, 35], "uv_size": [0.5, -1]}
							}
						},
						{
							"origin": [-0.4375, 0.69378, 1.4375],
							"size": [0.875, 0.36244, 0.75],
							"pivot": [0, 0.875, 1.9375],
							"rotation": [0, 0, 45],
							"uv": {
								"north": {"uv": [26, 34], "uv_size": [1, 0.5]},
								"east": {"uv": [34, 26], "uv_size": [1, 0.5]},
								"south": {"uv": [28, 34], "uv_size": [1, 0.5]},
								"west": {"uv": [34, 33], "uv_size": [1, 0.5]},
								"up": {"uv": [20, 20], "uv_size": [1, 1]},
								"down": {"uv": [21, 1], "uv_size": [1, -1]}
							}
						},
						{
							"origin": [-0.4375, 0.69378, 1.4375],
							"size": [0.875, 0.36244, 0.75],
							"uv": {
								"north": {"uv": [0, 35], "uv_size": [1, 0.5]},
								"east": {"uv": [35, 0], "uv_size": [1, 0.5]},
								"south": {"uv": [35, 2], "uv_size": [1, 0.5]},
								"west": {"uv": [35, 4], "uv_size": [1, 0.5]},
								"up": {"uv": [3, 21], "uv_size": [1, 1]},
								"down": {"uv": [5, 22], "uv_size": [1, -1]}
							}
						},
						{
							"origin": [-0.25888, 0.25, 2.1875],
							"size": [0.51776, 1.25, 1],
							"pivot": [0, 0.875, 2.6875],
							"rotation": [0, 0, 45],
							"uv": {
								"north": {"uv": [13, 22], "uv_size": [0.5, 1.5]},
								"east": {"uv": [8, 15], "uv_size": [1, 1.5]},
								"south": {"uv": [15, 22], "uv_size": [0.5, 1.5]},
								"west": {"uv": [10, 15], "uv_size": [1, 1.5]},
								"up": {"uv": [6, 35], "uv_size": [0.5, 1]},
								"down": {"uv": [8, 36], "uv_size": [0.5, -1]}
							}
						},
						{
							"origin": [-0.25888, 0.25, 2.1875],
							"size": [0.51776, 1.25, 1],
							"uv": {
								"north": {"uv": [22, 16], "uv_size": [0.5, 1.5]},
								"east": {"uv": [16, 8], "uv_size": [1, 1.5]},
								"south": {"uv": [17, 22], "uv_size": [0.5, 1.5]},
								"west": {"uv": [16, 11], "uv_size": [1, 1.5]},
								"up": {"uv": [35, 8], "uv_size": [0.5, 1]},
								"down": {"uv": [16, 36], "uv_size": [0.5, -1]}
							}
						},
						{
							"origin": [-0.625, 0.61612, 2.1875],
							"size": [1.25, 0.51776, 1],
							"pivot": [0, 0.875, 2.6875],
							"rotation": [0, 0, 45],
							"uv": {
								"north": {"uv": [19, 22], "uv_size": [1.5, 0.5]},
								"east": {"uv": [35, 18], "uv_size": [1, 0.5]},
								"south": {"uv": [22, 19], "uv_size": [1.5, 0.5]},
								"west": {"uv": [35, 24], "uv_size": [1, 0.5]},
								"up": {"uv": [14, 2], "uv_size": [1.5, 1]},
								"down": {"uv": [16, 15], "uv_size": [1.5, -1]}
							}
						},
						{
							"origin": [-0.625, 0.61612, 2.1875],
							"size": [1.25, 0.51776, 1],
							"uv": {
								"north": {"uv": [22, 21], "uv_size": [1.5, 0.5]},
								"east": {"uv": [35, 28], "uv_size": [1, 0.5]},
								"south": {"uv": [23, 0], "uv_size": [1.5, 0.5]},
								"west": {"uv": [30, 35], "uv_size": [1, 0.5]},
								"up": {"uv": [16, 16], "uv_size": [1.5, 1]},
								"down": {"uv": [17, 3], "uv_size": [1.5, -1]}
							}
						},
						{
							"origin": [0.19378, 1.1875, -1.4375],
							"size": [0.35355, 0.12056, 1.4375],
							"pivot": [0.375, 1.3125, -0.71875],
							"rotation": [0, 0, 45],
							"uv": {
								"north": {"uv": [42, 38], "uv_size": [0.5, 0.5]},
								"east": {"uv": [2, 23], "uv_size": [1.5, 0.5]},
								"south": {"uv": [40, 42], "uv_size": [0.5, 0.5]},
								"west": {"uv": [23, 14], "uv_size": [1.5, 0.5]},
								"up": {"uv": [5, 23], "uv_size": [0.5, 1.5]},
								"down": {"uv": [22, 24.5], "uv_size": [0.5, -1.5]}
							}
						},
						{
							"origin": [-0.49372, 0, -1.4375],
							"size": [0.98744, 1.1875, 1.4375],
							"uv": {
								"north": {"uv": [0, 22], "uv_size": [1, 1]},
								"east": {"uv": [0, 18], "uv_size": [1.5, 1]},
								"south": {"uv": [22, 2], "uv_size": [1, 1]},
								"west": {"uv": [18, 0], "uv_size": [1.5, 1]},
								"up": {"uv": [18, 4], "uv_size": [1, 1.5]},
								"down": {"uv": [18, 8.5], "uv_size": [1, -1.5]}
							}
						},
						{
							"origin": [-0.24372, 1.1875, -1.4375],
							"size": [0.48744, 0.25, 1.4375],
							"uv": {
								"north": {"uv": [42, 40], "uv_size": [0.5, 0.5]},
								"east": {"uv": [24, 2], "uv_size": [1.5, 0.5]},
								"south": {"uv": [42, 42], "uv_size": [0.5, 0.5]},
								"west": {"uv": [24, 4], "uv_size": [1.5, 0.5]},
								"up": {"uv": [0, 24], "uv_size": [0.5, 1.5]},
								"down": {"uv": [24, 7.5], "uv_size": [0.5, -1.5]}
							}
						},
						{
							"origin": [-0.54733, 1.1875, -1.4375],
							"size": [0.35355, 0.12056, 1.4375],
							"pivot": [-0.375, 1.3125, -0.71875],
							"rotation": [0, 0, -45],
							"uv": {
								"north": {"uv": [0, 43], "uv_size": [0.5, 0.5]},
								"east": {"uv": [7, 24], "uv_size": [1.5, 0.5]},
								"south": {"uv": [43, 0], "uv_size": [0.5, 0.5]},
								"west": {"uv": [24, 9], "uv_size": [1.5, 0.5]},
								"up": {"uv": [10, 24], "uv_size": [0.5, 1.5]},
								"down": {"uv": [24, 12.5], "uv_size": [0.5, -1.5]}
							}
						},
						{
							"origin": [-0.20711, 0.375, 3.1875],
							"size": [0.41422, 1, 0.8125],
							"pivot": [0, 0.875, 3.6875],
							"rotation": [0, 0, 45],
							"uv": {
								"north": {"uv": [35, 30], "uv_size": [0.5, 1]},
								"east": {"uv": [22, 4], "uv_size": [1, 1]},
								"south": {"uv": [32, 35], "uv_size": [0.5, 1]},
								"west": {"uv": [22, 6], "uv_size": [1, 1]},
								"up": {"uv": [34, 35], "uv_size": [0.5, 1]},
								"down": {"uv": [2, 37], "uv_size": [0.5, -1]}
							}
						},
						{
							"origin": [-0.20711, 0.375, 3.1875],
							"size": [0.41422, 1, 0.8125],
							"uv": {
								"north": {"uv": [4, 36], "uv_size": [0.5, 1]},
								"east": {"uv": [7, 22], "uv_size": [1, 1]},
								"south": {"uv": [36, 6], "uv_size": [0.5, 1]},
								"west": {"uv": [22, 8], "uv_size": [1, 1]},
								"up": {"uv": [10, 36], "uv_size": [0.5, 1]},
								"down": {"uv": [36, 11], "uv_size": [0.5, -1]}
							}
						},
						{
							"origin": [-0.5, 0.66789, 3.1875],
							"size": [1, 0.41422, 0.8125],
							"pivot": [0, 0.875, 3.6875],
							"rotation": [0, 0, 45],
							"uv": {
								"north": {"uv": [12, 36], "uv_size": [1, 0.5]},
								"east": {"uv": [36, 12], "uv_size": [1, 0.5]},
								"south": {"uv": [14, 36], "uv_size": [1, 0.5]},
								"west": {"uv": [36, 14], "uv_size": [1, 0.5]},
								"up": {"uv": [9, 22], "uv_size": [1, 1]},
								"down": {"uv": [22, 11], "uv_size": [1, -1]}
							}
						},
						{
							"origin": [-0.5, 0.66789, 3.1875],
							"size": [1, 0.41422, 0.8125],
							"uv": {
								"north": {"uv": [36, 16], "uv_size": [1, 0.5]},
								"east": {"uv": [18, 36], "uv_size": [1, 0.5]},
								"south": {"uv": [20, 36], "uv_size": [1, 0.5]},
								"west": {"uv": [36, 20], "uv_size": [1, 0.5]},
								"up": {"uv": [11, 22], "uv_size": [1, 1]},
								"down": {"uv": [22, 13], "uv_size": [1, -1]}
							}
						},
						{
							"origin": [-0.875, 0.54289, 2.3125],
							"size": [0.0625, 0.53922, 0.8125],
							"uv": {
								"north": {"uv": [20, 44], "uv_size": [0.5, 0.5]},
								"east": {"uv": [22, 36], "uv_size": [1, 0.5]},
								"south": {"uv": [44, 20], "uv_size": [0.5, 0.5]},
								"west": {"uv": [36, 22], "uv_size": [1, 0.5]},
								"up": {"uv": [24, 36], "uv_size": [0.5, 1]},
								"down": {"uv": [26, 37], "uv_size": [0.5, -1]}
							}
						},
						{
							"origin": [-1, -0.45711, 2.3125],
							"size": [0.125, 1.25, 0.25],
							"uv": {
								"north": {"uv": [24, 16], "uv_size": [0.5, 1.5]},
								"east": {"uv": [19, 24], "uv_size": [0.5, 1.5]},
								"south": {"uv": [24, 23], "uv_size": [0.5, 1.5]},
								"west": {"uv": [2, 25], "uv_size": [0.5, 1.5]},
								"up": {"uv": [22, 44], "uv_size": [0.5, 0.5]},
								"down": {"uv": [44, 22.5], "uv_size": [0.5, -0.5]}
							}
						},
						{
							"origin": [-1, -0.45711, 2.875],
							"size": [0.125, 1.25, 0.25],
							"uv": {
								"north": {"uv": [12, 25], "uv_size": [0.5, 1.5]},
								"east": {"uv": [14, 25], "uv_size": [0.5, 1.5]},
								"south": {"uv": [16, 25], "uv_size": [0.5, 1.5]},
								"west": {"uv": [25, 19], "uv_size": [0.5, 1.5]},
								"up": {"uv": [24, 44], "uv_size": [0.5, 0.5]},
								"down": {"uv": [26, 44.5], "uv_size": [0.5, -0.5]}
							}
						},
						{
							"origin": [-1, 0.41789, 2.5625],
							"size": [0.125, 0.375, 0.3125],
							"uv": {
								"north": {"uv": [44, 26], "uv_size": [0.5, 0.5]},
								"east": {"uv": [28, 44], "uv_size": [0.5, 0.5]},
								"south": {"uv": [44, 32], "uv_size": [0.5, 0.5]},
								"west": {"uv": [44, 34], "uv_size": [0.5, 0.5]},
								"up": {"uv": [36, 44], "uv_size": [0.5, 0.5]},
								"down": {"uv": [44, 36.5], "uv_size": [0.5, -0.5]}
							}
						},
						{
							"origin": [-0.8125, 0.54289, 2.3125],
							"size": [0.4375, 0.60172, 0.8125],
							"uv": {
								"north": {"uv": [38, 44], "uv_size": [0.5, 0.5]},
								"east": {"uv": [36, 26], "uv_size": [1, 0.5]},
								"south": {"uv": [44, 38], "uv_size": [0.5, 0.5]},
								"west": {"uv": [28, 36], "uv_size": [1, 0.5]},
								"up": {"uv": [36, 32], "uv_size": [0.5, 1]},
								"down": {"uv": [36, 35], "uv_size": [0.5, -1]}
							}
						},
						{
							"origin": [-0.87787, 1.08904, 2.3125],
							"size": [0.08839, 0.03921, 0.8125],
							"pivot": [-0.82073, 1.10865, 2.71875],
							"rotation": [0, 0, -45],
							"uv": {
								"north": {"uv": [40, 44], "uv_size": [0.5, 0.5]},
								"east": {"uv": [36, 36], "uv_size": [1, 0.5]},
								"south": {"uv": [44, 40], "uv_size": [0.5, 0.5]},
								"west": {"uv": [0, 37], "uv_size": [1, 0.5]},
								"up": {"uv": [37, 0], "uv_size": [0.5, 1]},
								"down": {"uv": [37, 3], "uv_size": [0.5, -1]}
							}
						},
						{
							"origin": [-1, 0.3988, 2.7568],
							"size": [0.125, 0.1875, 0.125],
							"inflate": -0.0001,
							"pivot": [-0.9375, 0.39312, 2.71986],
							"rotation": [135, 0, 0],
							"uv": {
								"north": {"uv": [42, 44], "uv_size": [0.5, 0.5]},
								"east": {"uv": [44, 42], "uv_size": [0.5, 0.5]},
								"south": {"uv": [44, 44], "uv_size": [0.5, 0.5]},
								"west": {"uv": [0, 45], "uv_size": [0.5, 0.5]},
								"up": {"uv": [45, 0], "uv_size": [0.5, 0.5]},
								"down": {"uv": [45, 2.5], "uv_size": [0.5, -0.5]}
							}
						},
						{
							"origin": [-1, 0.3988, 2.55792],
							"size": [0.125, 0.1875, 0.125],
							"inflate": -0.0001,
							"pivot": [-0.9375, 0.39312, 2.71986],
							"rotation": [-135, 0, 0],
							"uv": {
								"north": {"uv": [45, 4], "uv_size": [0.5, 0.5]},
								"east": {"uv": [6, 45], "uv_size": [0.5, 0.5]},
								"south": {"uv": [8, 45], "uv_size": [0.5, 0.5]},
								"west": {"uv": [45, 8], "uv_size": [0.5, 0.5]},
								"up": {"uv": [16, 45], "uv_size": [0.5, 0.5]},
								"down": {"uv": [45, 18.5], "uv_size": [0.5, -0.5]}
							}
						},
						{
							"origin": [-0.55622, 0.25, -1.25],
							"size": [1.11244, 0.25, 0.25],
							"pivot": [0.3125, 0.375, -1.125],
							"rotation": [45, 0, 0],
							"uv": {
								"north": {"uv": [37, 4], "uv_size": [1, 0.5]},
								"east": {"uv": [45, 24], "uv_size": [0.5, 0.5]},
								"south": {"uv": [6, 37], "uv_size": [1, 0.5]},
								"west": {"uv": [45, 28], "uv_size": [0.5, 0.5]},
								"up": {"uv": [8, 37], "uv_size": [1, 0.5]},
								"down": {"uv": [37, 8.5], "uv_size": [1, -0.5]}
							}
						},
						{
							"origin": [-0.55622, 0.4375, -0.5],
							"size": [1.11244, 0.3125, 0.3125],
							"pivot": [0.3125, 0.5625, -0.3125],
							"rotation": [45, 0, 0],
							"uv": {
								"north": {"uv": [16, 37], "uv_size": [1, 0.5]},
								"east": {"uv": [30, 45], "uv_size": [0.5, 0.5]},
								"south": {"uv": [37, 18], "uv_size": [1, 0.5]},
								"west": {"uv": [45, 30], "uv_size": [0.5, 0.5]},
								"up": {"uv": [37, 24], "uv_size": [1, 0.5]},
								"down": {"uv": [37, 28.5], "uv_size": [1, -0.5]}
							}
						},
						{
							"origin": [-1, -0.45711, 2.5625],
							"size": [0.125, 0.375, 0.3125],
							"uv": {
								"north": {"uv": [46, 10], "uv_size": [0.5, 0.5]},
								"east": {"uv": [12, 46], "uv_size": [0.5, 0.5]},
								"south": {"uv": [46, 12], "uv_size": [0.5, 0.5]},
								"west": {"uv": [14, 46], "uv_size": [0.5, 0.5]},
								"up": {"uv": [46, 14], "uv_size": [0.5, 0.5]},
								"down": {"uv": [46, 16.5], "uv_size": [0.5, -0.5]}
							}
						},
						{
							"origin": [-1, -0.64461, 1.75],
							"size": [0.125, 0.1875, 1.5],
							"uv": {
								"north": {"uv": [18, 46], "uv_size": [0.5, 0.5]},
								"east": {"uv": [26, 0], "uv_size": [1.5, 0.5]},
								"south": {"uv": [20, 46], "uv_size": [0.5, 0.5]},
								"west": {"uv": [4, 26], "uv_size": [1.5, 0.5]},
								"up": {"uv": [26, 6], "uv_size": [0.5, 1.5]},
								"down": {"uv": [7, 27.5], "uv_size": [0.5, -1.5]}
							}
						},
						{
							"origin": [-1, -0.15376, 2.51674],
							"size": [0.125, 0.1875, 0.125],
							"inflate": -0.0001,
							"pivot": [-0.9375, -0.06001, 2.57924],
							"rotation": [45, 0, 0],
							"uv": {
								"north": {"uv": [46, 20], "uv_size": [0.5, 0.5]},
								"east": {"uv": [22, 46], "uv_size": [0.5, 0.5]},
								"south": {"uv": [46, 22], "uv_size": [0.5, 0.5]},
								"west": {"uv": [24, 46], "uv_size": [0.5, 0.5]},
								"up": {"uv": [26, 46], "uv_size": [0.5, 0.5]},
								"down": {"uv": [46, 26.5], "uv_size": [0.5, -0.5]}
							}
						},
						{
							"origin": [-1, -0.24751, 2.83682],
							"size": [0.125, 0.1875, 0.125],
							"inflate": -0.0001,
							"pivot": [-0.9375, -0.06001, 2.99307],
							"rotation": [-45, 0, 0],
							"uv": {
								"north": {"uv": [28, 46], "uv_size": [0.5, 0.5]},
								"east": {"uv": [46, 32], "uv_size": [0.5, 0.5]},
								"south": {"uv": [46, 34], "uv_size": [0.5, 0.5]},
								"west": {"uv": [36, 46], "uv_size": [0.5, 0.5]},
								"up": {"uv": [46, 36], "uv_size": [0.5, 0.5]},
								"down": {"uv": [38, 46.5], "uv_size": [0.5, -0.5]}
							}
						},
						{
							"origin": [-1.09565, -0.67239, 3.25],
							"size": [0.15468, 0.15468, 0.1875],
							"pivot": [-1.0625, -0.55086, 3.34375],
							"rotation": [0, 0, -45],
							"uv": {
								"north": {"uv": [46, 38], "uv_size": [0.5, 0.5]},
								"east": {"uv": [40, 46], "uv_size": [0.5, 0.5]},
								"south": {"uv": [46, 40], "uv_size": [0.5, 0.5]},
								"west": {"uv": [42, 46], "uv_size": [0.5, 0.5]},
								"up": {"uv": [46, 42], "uv_size": [0.5, 0.5]},
								"down": {"uv": [44, 46.5], "uv_size": [0.5, -0.5]}
							}
						},
						{
							"origin": [-1, -0.66023, 3.25],
							"size": [0.125, 0.21875, 0.1875],
							"uv": {
								"north": {"uv": [46, 44], "uv_size": [0.5, 0.5]},
								"east": {"uv": [46, 46], "uv_size": [0.5, 0.5]},
								"south": {"uv": [0, 47], "uv_size": [0.5, 0.5]},
								"west": {"uv": [47, 0], "uv_size": [0.5, 0.5]},
								"up": {"uv": [47, 2], "uv_size": [0.5, 0.5]},
								"down": {"uv": [47, 4.5], "uv_size": [0.5, -0.5]}
							}
						},
						{
							"origin": [-1.09565, -0.67239, 1.5625],
							"size": [0.15468, 0.15468, 0.1875],
							"pivot": [-1.0625, -0.55086, 1.65625],
							"rotation": [0, 0, -45],
							"uv": {
								"north": {"uv": [6, 47], "uv_size": [0.5, 0.5]},
								"east": {"uv": [8, 47], "uv_size": [0.5, 0.5]},
								"south": {"uv": [47, 8], "uv_size": [0.5, 0.5]},
								"west": {"uv": [16, 47], "uv_size": [0.5, 0.5]},
								"up": {"uv": [47, 18], "uv_size": [0.5, 0.5]},
								"down": {"uv": [47, 24.5], "uv_size": [0.5, -0.5]}
							}
						},
						{
							"origin": [-1, -0.66023, 1.5625],
							"size": [0.125, 0.21875, 0.1875],
							"uv": {
								"north": {"uv": [47, 28], "uv_size": [0.5, 0.5]},
								"east": {"uv": [30, 47], "uv_size": [0.5, 0.5]},
								"south": {"uv": [47, 30], "uv_size": [0.5, 0.5]},
								"west": {"uv": [32, 47], "uv_size": [0.5, 0.5]},
								"up": {"uv": [34, 47], "uv_size": [0.5, 0.5]},
								"down": {"uv": [2, 48.5], "uv_size": [0.5, -0.5]}
							}
						}
					]
				},
				{
					"name": "division",
					"pivot": [0.30903, 0.53646, -167.01389],
					"cubes": [
						{
							"origin": [-32.1875, -24.15624, -167.25],
							"size": [64.375, 52.40625, 0.25],
							"uv": {
								"south": {"uv": [53, 87], "uv_size": [406, 338]}
							}
						},
						{
							"origin": [-92.89375, -75.95312, -167.25],
							"size": [52.70625, 152.375, 0.25],
							"uv": {
								"south": {"uv": [3, 61.5], "uv_size": [10, 2.5]}
							}
						},
						{
							"origin": [41.1875, -75.95312, -167.25],
							"size": [52.26875, 152.375, 0.25],
							"uv": {
								"south": {"uv": [0, 61.5], "uv_size": [12.5, 2.5]}
							}
						},
						{
							"origin": [-40.1875, 41.48438, -167.25],
							"size": [81.375, 34.9375, 0.25],
							"uv": {
								"south": {"uv": [4, 62], "uv_size": [9, 2]}
							}
						},
						{
							"origin": [-40.1875, -75.95312, -167.25],
							"size": [81.375, 34, 0.25],
							"uv": {
								"south": {"uv": [3.5, 61.5], "uv_size": [9, 2]}
							}
						},
						{
							"origin": [-11, 7.875, -166.875],
							"size": [2, 0.5, 0],
							"pivot": [0, 8.125, -166.875],
							"rotation": [0, 0, -90],
							"uv": {
								"south": {"uv": [0, 55], "uv_size": [18, 3]}
							}
						},
						{
							"origin": [1.75, 0.625, -166.875],
							"size": [2, 0.5, 0],
							"uv": {
								"south": {"uv": [19, 55], "uv_size": [18, 3]}
							}
						},
						{
							"origin": [-3.75, 0.625, -166.875],
							"size": [2, 0.5, 0],
							"uv": {
								"south": {"uv": [38, 55], "uv_size": [18, 3]}
							}
						}
					]
				},
				{
					"name": "cross_illuminated",
					"parent": "division",
					"pivot": [0, 0.875, -166.8125],
					"cubes": [
						{
							"origin": [-0.625, 0.26072, -166.8125],
							"size": [1.25, 1.25, 0],
							"pivot": [0, 0.88572, -166.8125],
							"rotation": [0, 0, -45],
							"uv": {
								"south": {"uv": [0, 51.5], "uv_size": [1.5, 1.5]}
							}
						}
					]
				},
				{
					"name": "ocular_ring",
					"pivot": [0, 0.875, 3.6875],
					"cubes": [
						{
							"origin": [-0.5, 0.66789, 4],
							"size": [0.0625, 0.41422, 0.1875],
							"pivot": [0, 0.875, 3.6875],
							"rotation": [0, 0, 45],
							"uv": {
								"north": {"uv": [42, 20], "uv_size": [0.5, 0.5]},
								"east": {"uv": [22, 42], "uv_size": [0.5, 0.5]},
								"south": {"uv": [42, 22], "uv_size": [0.5, 0.5]},
								"west": {"uv": [24, 42], "uv_size": [0.5, 0.5]},
								"up": {"uv": [26, 42], "uv_size": [0.5, 0.5]},
								"down": {"uv": [42, 26.5], "uv_size": [0.5, -0.5]}
							}
						},
						{
							"origin": [-0.20711, 1.3125, 4],
							"size": [0.41422, 0.0625, 0.1875],
							"uv": {
								"north": {"uv": [42, 12], "uv_size": [0.5, 0.5]},
								"east": {"uv": [14, 42], "uv_size": [0.5, 0.5]},
								"south": {"uv": [42, 14], "uv_size": [0.5, 0.5]},
								"west": {"uv": [42, 16], "uv_size": [0.5, 0.5]},
								"up": {"uv": [18, 42], "uv_size": [0.5, 0.5]},
								"down": {"uv": [20, 42.5], "uv_size": [0.5, -0.5]}
							}
						},
						{
							"origin": [-0.20711, 1.3125, 4],
							"size": [0.41422, 0.0625, 0.1875],
							"pivot": [0, 0.875, 3.6875],
							"rotation": [0, 0, 45],
							"uv": {
								"north": {"uv": [43, 18], "uv_size": [0.5, 0.5]},
								"east": {"uv": [43, 24], "uv_size": [0.5, 0.5]},
								"south": {"uv": [43, 28], "uv_size": [0.5, 0.5]},
								"west": {"uv": [30, 43], "uv_size": [0.5, 0.5]},
								"up": {"uv": [43, 30], "uv_size": [0.5, 0.5]},
								"down": {"uv": [32, 43.5], "uv_size": [0.5, -0.5]}
							}
						},
						{
							"origin": [0.4375, 0.66789, 4],
							"size": [0.0625, 0.41422, 0.1875],
							"uv": {
								"north": {"uv": [43, 2], "uv_size": [0.5, 0.5]},
								"east": {"uv": [43, 4], "uv_size": [0.5, 0.5]},
								"south": {"uv": [6, 43], "uv_size": [0.5, 0.5]},
								"west": {"uv": [8, 43], "uv_size": [0.5, 0.5]},
								"up": {"uv": [43, 8], "uv_size": [0.5, 0.5]},
								"down": {"uv": [16, 43.5], "uv_size": [0.5, -0.5]}
							}
						},
						{
							"origin": [0.4375, 0.66789, 4],
							"size": [0.0625, 0.41422, 0.1875],
							"pivot": [0, 0.875, 3.6875],
							"rotation": [0, 0, 45],
							"uv": {
								"north": {"uv": [12, 44], "uv_size": [0.5, 0.5]},
								"east": {"uv": [44, 12], "uv_size": [0.5, 0.5]},
								"south": {"uv": [14, 44], "uv_size": [0.5, 0.5]},
								"west": {"uv": [44, 14], "uv_size": [0.5, 0.5]},
								"up": {"uv": [44, 16], "uv_size": [0.5, 0.5]},
								"down": {"uv": [18, 44.5], "uv_size": [0.5, -0.5]}
							}
						},
						{
							"origin": [-0.20711, 0.375, 4],
							"size": [0.41422, 0.0625, 0.1875],
							"uv": {
								"north": {"uv": [34, 43], "uv_size": [0.5, 0.5]},
								"east": {"uv": [2, 44], "uv_size": [0.5, 0.5]},
								"south": {"uv": [4, 44], "uv_size": [0.5, 0.5]},
								"west": {"uv": [44, 6], "uv_size": [0.5, 0.5]},
								"up": {"uv": [10, 44], "uv_size": [0.5, 0.5]},
								"down": {"uv": [44, 10.5], "uv_size": [0.5, -0.5]}
							}
						},
						{
							"origin": [-0.20711, 0.375, 4],
							"size": [0.41422, 0.0625, 0.1875],
							"pivot": [0, 0.875, 3.6875],
							"rotation": [0, 0, 45],
							"uv": {
								"north": {"uv": [2, 42], "uv_size": [0.5, 0.5]},
								"east": {"uv": [4, 42], "uv_size": [0.5, 0.5]},
								"south": {"uv": [42, 6], "uv_size": [0.5, 0.5]},
								"west": {"uv": [10, 42], "uv_size": [0.5, 0.5]},
								"up": {"uv": [42, 10], "uv_size": [0.5, 0.5]},
								"down": {"uv": [12, 42.5], "uv_size": [0.5, -0.5]}
							}
						},
						{
							"origin": [-0.5, 0.66789, 4],
							"size": [0.0625, 0.41422, 0.1875],
							"uv": {
								"north": {"uv": [28, 42], "uv_size": [0.5, 0.5]},
								"east": {"uv": [42, 32], "uv_size": [0.5, 0.5]},
								"south": {"uv": [42, 34], "uv_size": [0.5, 0.5]},
								"west": {"uv": [36, 42], "uv_size": [0.5, 0.5]},
								"up": {"uv": [42, 36], "uv_size": [0.5, 0.5]},
								"down": {"uv": [38, 42.5], "uv_size": [0.5, -0.5]}
							}
						}
					]
				},
				{
					"name": "ocular",
					"pivot": [0, 0.94438, 3.65813],
					"cubes": [
						{
							"origin": [-0.48442, 0.68321, 4.15784],
							"size": [0.96884, 0.40121, -0.00016],
							"inflate": 0.0002,
							"uv": {
								"south": {"uv": [30, 37], "uv_size": [1, 0.5]}
							}
						},
						{
							"origin": [-0.48455, 0.68308, 4.15772],
							"size": [0.9691, 0.40147, 0.0001],
							"pivot": [0, 0.88381, 4.33945],
							"rotation": [0, 0, 45],
							"uv": {
								"south": {"uv": [37, 30], "uv_size": [1, 0.5]}
							}
						},
						{
							"origin": [-0.20064, 0.39936, 4.15781],
							"size": [0.40129, 0.96891, -0.00009],
							"uv": {
								"south": {"uv": [32, 37], "uv_size": [0.5, 1]}
							}
						},
						{
							"origin": [-0.20071, 0.39928, 4.15774],
							"size": [0.40143, 0.96906, 0.00006],
							"inflate": -0.0001,
							"pivot": [0, 0.88381, 4.33945],
							"rotation": [0, 0, 45],
							"uv": {
								"south": {"uv": [34, 37], "uv_size": [0.5, 1]}
							}
						}
					]
				},
				{
					"name": "scope_view",
					"pivot": [0, 0.875, 6.5]
				}
			]
		}
	]
}