{
	"format_version": "1.12.0",
	"minecraft:geometry": [
		{
			"description": {
				"identifier": "geometry.unknown",
				"texture_width": 256,
				"texture_height": 256,
				"visible_bounds_width": 16,
				"visible_bounds_height": 11,
				"visible_bounds_offset": [0, 0.5, 0]
			},
			"bones": [
				{
					"name": "scope_body",
					"pivot": [0, 0.93201, -5.10719],
					"cubes": [
						{
							"origin": [-0.5625, 0.125, -4.3125],
							"size": [1.125, 0.4375, 0.5],
							"inflate": 0.0001,
							"uv": {
								"north": {"uv": [24, 7], "uv_size": [1, 0.5]},
								"east": {"uv": [18, 28], "uv_size": [0.5, 0.5]},
								"south": {"uv": [8, 24], "uv_size": [1, 0.5]},
								"west": {"uv": [28, 18], "uv_size": [0.5, 0.5]},
								"up": {"uv": [24, 8], "uv_size": [1, 0.5]},
								"down": {"uv": [10, 24.5], "uv_size": [1, -0.5]}
							}
						},
						{
							"origin": [-0.8125, 0.5625, -7.0625],
							"size": [1.625, 0.6875, 3.25],
							"uv": {
								"north": {"uv": [7, 22], "uv_size": [1.5, 0.5]},
								"east": {"uv": [11, 7], "uv_size": [3.5, 0.5]},
								"south": {"uv": [22, 7], "uv_size": [1.5, 0.5]},
								"west": {"uv": [11, 8], "uv_size": [3.5, 0.5]},
								"up": {"uv": [0, 0], "uv_size": [1.5, 3.5]},
								"down": {"uv": [2, 3.5], "uv_size": [1.5, -3.5]}
							}
						},
						{
							"origin": [-0.8125, 1.25, -4.5625],
							"size": [1.625, 0.75, 0.75],
							"uv": {
								"north": {"uv": [4, 15], "uv_size": [1.5, 1]},
								"east": {"uv": [8, 3], "uv_size": [1, 1]},
								"south": {"uv": [15, 6], "uv_size": [1.5, 1]},
								"west": {"uv": [18, 14], "uv_size": [1, 1]},
								"up": {"uv": [15, 7], "uv_size": [1.5, 1]},
								"down": {"uv": [15, 9], "uv_size": [1.5, -1]}
							}
						},
						{
							"origin": [-0.8125, 1.25, -7.0625],
							"size": [1.625, 0.75, 1.1875],
							"uv": {
								"north": {"uv": [15, 9], "uv_size": [1.5, 1]},
								"east": {"uv": [16, 18], "uv_size": [1, 1]},
								"south": {"uv": [15, 10], "uv_size": [1.5, 1]},
								"west": {"uv": [17, 18], "uv_size": [1, 1]},
								"up": {"uv": [15, 11], "uv_size": [1.5, 1]},
								"down": {"uv": [14, 16], "uv_size": [1.5, -1]}
							}
						},
						{
							"origin": [-0.8125, 2, -7.0625],
							"size": [0.46764, 0.4069, 3.25],
							"inflate": -0.0001,
							"pivot": [-0.8125, 2, -3.8125],
							"rotation": [0, 0, 20],
							"uv": {
								"north": {"uv": [19, 28], "uv_size": [0.5, 0.5]},
								"east": {"uv": [11, 9], "uv_size": [3.5, 0.5]},
								"south": {"uv": [28, 19], "uv_size": [0.5, 0.5]},
								"west": {"uv": [11, 10], "uv_size": [3.5, 0.5]},
								"up": {"uv": [6, 9], "uv_size": [0.5, 3.5]},
								"down": {"uv": [4, 14.5], "uv_size": [0.5, -3.5]}
							}
						},
						{
							"origin": [-0.67333, 2.38236, -7.0625],
							"size": [0.32701, 0.4694, 3.25],
							"pivot": [-0.67333, 2.38236, -3.8125],
							"rotation": [0, 0, 49.5],
							"uv": {
								"north": {"uv": [20, 28], "uv_size": [0.5, 0.5]},
								"east": {"uv": [11, 11], "uv_size": [3.5, 0.5]},
								"south": {"uv": [28, 20], "uv_size": [0.5, 0.5]},
								"west": {"uv": [12, 0], "uv_size": [3.5, 0.5]},
								"up": {"uv": [5, 11], "uv_size": [0.5, 3.5]},
								"down": {"uv": [0, 15.5], "uv_size": [0.5, -3.5]}
							}
						},
						{
							"origin": [0.34632, 2.38236, -7.0625],
							"size": [0.32701, 0.4694, 3.25],
							"pivot": [0.67333, 2.38236, -3.8125],
							"rotation": [0, 0, -49.5],
							"uv": {
								"north": {"uv": [21, 28], "uv_size": [0.5, 0.5]},
								"east": {"uv": [12, 1], "uv_size": [3.5, 0.5]},
								"south": {"uv": [28, 21], "uv_size": [0.5, 0.5]},
								"west": {"uv": [12, 2], "uv_size": [3.5, 0.5]},
								"up": {"uv": [7, 12], "uv_size": [0.5, 3.5]},
								"down": {"uv": [8, 15.5], "uv_size": [0.5, -3.5]}
							}
						},
						{
							"origin": [0.34486, 2, -7.0625],
							"size": [0.46764, 0.4069, 3.25],
							"inflate": -0.0001,
							"pivot": [0.8125, 2, -3.8125],
							"rotation": [0, 0, -20],
							"uv": {
								"north": {"uv": [22, 28], "uv_size": [0.5, 0.5]},
								"east": {"uv": [9, 12], "uv_size": [3.5, 0.5]},
								"south": {"uv": [28, 22], "uv_size": [0.5, 0.5]},
								"west": {"uv": [13, 3], "uv_size": [3.5, 0.5]},
								"up": {"uv": [1, 13], "uv_size": [0.5, 3.5]},
								"down": {"uv": [2, 16.5], "uv_size": [0.5, -3.5]}
							}
						},
						{
							"origin": [-0.3164, 2, -7.0625],
							"size": [0.6328, 0.68721, 3.25],
							"inflate": 0.0001,
							"uv": {
								"north": {"uv": [23, 28], "uv_size": [0.5, 0.5]},
								"east": {"uv": [13, 4], "uv_size": [3.5, 0.5]},
								"south": {"uv": [28, 23], "uv_size": [0.5, 0.5]},
								"west": {"uv": [9, 13], "uv_size": [3.5, 0.5]},
								"up": {"uv": [3, 13], "uv_size": [0.5, 3.5]},
								"down": {"uv": [6, 16.5], "uv_size": [0.5, -3.5]}
							}
						},
						{
							"origin": [-0.75286, -0.05917, -7.0625],
							"size": [0.25, 0.51182, 0.23437],
							"inflate": -0.0001,
							"pivot": [-0.75286, 0.45265, -7.0625],
							"rotation": [31, 0, -28.5],
							"uv": {
								"north": {"uv": [24, 28], "uv_size": [0.5, 0.5]},
								"east": {"uv": [28, 24], "uv_size": [0.5, 0.5]},
								"south": {"uv": [25, 28], "uv_size": [0.5, 0.5]},
								"west": {"uv": [28, 25], "uv_size": [0.5, 0.5]},
								"up": {"uv": [26, 28], "uv_size": [0.5, 0.5]},
								"down": {"uv": [28, 26.5], "uv_size": [0.5, -0.5]}
							}
						},
						{
							"origin": [-0.8125, 0.4375, -7.0625],
							"size": [0.25, 0.125, 0.26563],
							"pivot": [-0.8125, 0.5625, -3.8125],
							"rotation": [0, 0, -28.5],
							"uv": {
								"north": {"uv": [27, 28], "uv_size": [0.5, 0.5]},
								"east": {"uv": [28, 27], "uv_size": [0.5, 0.5]},
								"south": {"uv": [28, 28], "uv_size": [0.5, 0.5]},
								"west": {"uv": [0, 29], "uv_size": [0.5, 0.5]},
								"up": {"uv": [29, 0], "uv_size": [0.5, 0.5]},
								"down": {"uv": [1, 29.5], "uv_size": [0.5, -0.5]}
							}
						},
						{
							"origin": [-0.8125, 0, -6.79687],
							"size": [0.25, 0.5625, 2.98437],
							"pivot": [-0.8125, 0.5625, -3.8125],
							"rotation": [0, 0, -28.5],
							"uv": {
								"north": {"uv": [29, 1], "uv_size": [0.5, 0.5]},
								"east": {"uv": [16, 0], "uv_size": [3, 0.5]},
								"south": {"uv": [2, 29], "uv_size": [0.5, 0.5]},
								"west": {"uv": [16, 1], "uv_size": [3, 0.5]},
								"up": {"uv": [12, 14], "uv_size": [0.5, 3]},
								"down": {"uv": [0, 19], "uv_size": [0.5, -3]}
							}
						},
						{
							"origin": [0.5625, 0.4375, -7.0625],
							"size": [0.25, 0.125, 0.26563],
							"pivot": [0.8125, 0.5625, -3.8125],
							"rotation": [0, 0, 28.5],
							"uv": {
								"north": {"uv": [29, 2], "uv_size": [0.5, 0.5]},
								"east": {"uv": [3, 29], "uv_size": [0.5, 0.5]},
								"south": {"uv": [29, 3], "uv_size": [0.5, 0.5]},
								"west": {"uv": [4, 29], "uv_size": [0.5, 0.5]},
								"up": {"uv": [29, 4], "uv_size": [0.5, 0.5]},
								"down": {"uv": [5, 29.5], "uv_size": [0.5, -0.5]}
							}
						},
						{
							"origin": [0.5625, 0, -6.79687],
							"size": [0.25, 0.5625, 2.98437],
							"pivot": [0.8125, 0.5625, -3.8125],
							"rotation": [0, 0, 28.5],
							"uv": {
								"north": {"uv": [29, 5], "uv_size": [0.5, 0.5]},
								"east": {"uv": [16, 2], "uv_size": [3, 0.5]},
								"south": {"uv": [6, 29], "uv_size": [0.5, 0.5]},
								"west": {"uv": [13, 16], "uv_size": [3, 0.5]},
								"up": {"uv": [4, 16], "uv_size": [0.5, 3]},
								"down": {"uv": [5, 19], "uv_size": [0.5, -3]}
							}
						},
						{
							"origin": [0.50286, -0.05917, -7.0625],
							"size": [0.25, 0.51182, 0.23437],
							"inflate": -0.0001,
							"pivot": [0.75286, 0.45265, -7.0625],
							"rotation": [31, 0, 28.5],
							"uv": {
								"north": {"uv": [29, 6], "uv_size": [0.5, 0.5]},
								"east": {"uv": [7, 29], "uv_size": [0.5, 0.5]},
								"south": {"uv": [29, 7], "uv_size": [0.5, 0.5]},
								"west": {"uv": [8, 29], "uv_size": [0.5, 0.5]},
								"up": {"uv": [29, 8], "uv_size": [0.5, 0.5]},
								"down": {"uv": [9, 29.5], "uv_size": [0.5, -0.5]}
							}
						},
						{
							"origin": [-0.5625, -0.375, -6.625],
							"size": [1.125, 0.5625, 3.8125],
							"uv": {
								"north": {"uv": [11, 24], "uv_size": [1, 0.5]},
								"east": {"uv": [11, 5], "uv_size": [4, 0.5]},
								"south": {"uv": [24, 11], "uv_size": [1, 0.5]},
								"west": {"uv": [11, 6], "uv_size": [4, 0.5]},
								"up": {"uv": [0, 4], "uv_size": [1, 4]},
								"down": {"uv": [4, 4], "uv_size": [1, -4]}
							}
						},
						{
							"origin": [-0.5625, -0.375, -2.8125],
							"size": [1.125, 0.26072, 0.30178],
							"uv": {
								"north": {"uv": [24, 12], "uv_size": [1, 0.5]},
								"east": {"uv": [29, 9], "uv_size": [0.5, 0.5]},
								"south": {"uv": [13, 24], "uv_size": [1, 0.5]},
								"west": {"uv": [10, 29], "uv_size": [0.5, 0.5]},
								"up": {"uv": [24, 13], "uv_size": [1, 0.5]},
								"down": {"uv": [14, 24.5], "uv_size": [1, -0.5]}
							}
						},
						{
							"origin": [-0.5625, -0.3125, -2.875],
							"size": [1.125, 0.42678, 0.23928],
							"pivot": [0, -0.0625, -2.8125],
							"rotation": [45, 0, 0],
							"uv": {
								"north": {"uv": [24, 14], "uv_size": [1, 0.5]},
								"east": {"uv": [29, 10], "uv_size": [0.5, 0.5]},
								"south": {"uv": [15, 24], "uv_size": [1, 0.5]},
								"west": {"uv": [11, 29], "uv_size": [0.5, 0.5]},
								"up": {"uv": [16, 24], "uv_size": [1, 0.5]},
								"down": {"uv": [18, 24.5], "uv_size": [1, -0.5]}
							}
						},
						{
							"origin": [-0.5625, -0.375, -6.625],
							"size": [1.125, 1, 0.25],
							"pivot": [-1, -0.375, -6.625],
							"rotation": [20, 0, 0],
							"uv": {
								"north": {"uv": [18, 18], "uv_size": [1, 1]},
								"east": {"uv": [24, 19], "uv_size": [0.5, 1]},
								"south": {"uv": [0, 19], "uv_size": [1, 1]},
								"west": {"uv": [24, 20], "uv_size": [0.5, 1]},
								"up": {"uv": [21, 24], "uv_size": [1, 0.5]},
								"down": {"uv": [24, 21.5], "uv_size": [1, -0.5]}
							}
						}
					]
				},
				{
					"name": "ghjghj",
					"parent": "scope_body",
					"pivot": [8, -6.875, -8.125],
					"cubes": [
						{
							"origin": [-0.233, 0.5625, -3.875],
							"size": [0.466, 1.125, 3.5],
							"pivot": [0, 1.125, -0.125],
							"rotation": [0, 0, 45],
							"uv": {
								"north": {"uv": [22, 24], "uv_size": [0.5, 1]},
								"east": {"uv": [7, 7], "uv_size": [3.5, 1]},
								"south": {"uv": [23, 24], "uv_size": [0.5, 1]},
								"west": {"uv": [8, 0], "uv_size": [3.5, 1]},
								"up": {"uv": [13, 12], "uv_size": [0.5, 3.5]},
								"down": {"uv": [9, 17.5], "uv_size": [0.5, -3.5]}
							}
						},
						{
							"origin": [-0.233, 0.5625, -3.875],
							"size": [0.466, 1.125, 3.5],
							"uv": {
								"north": {"uv": [24, 24], "uv_size": [0.5, 1]},
								"east": {"uv": [8, 1], "uv_size": [3.5, 1]},
								"south": {"uv": [0, 25], "uv_size": [0.5, 1]},
								"west": {"uv": [8, 2], "uv_size": [3.5, 1]},
								"up": {"uv": [10, 14], "uv_size": [0.5, 3.5]},
								"down": {"uv": [11, 17.5], "uv_size": [0.5, -3.5]}
							}
						},
						{
							"origin": [-0.5625, 0.892, -3.875],
							"size": [1.125, 0.466, 3.5],
							"pivot": [0, 1.125, -0.125],
							"rotation": [0, 0, 45],
							"uv": {
								"north": {"uv": [25, 0], "uv_size": [1, 0.5]},
								"east": {"uv": [14, 12], "uv_size": [3.5, 0.5]},
								"south": {"uv": [1, 25], "uv_size": [1, 0.5]},
								"west": {"uv": [14, 13], "uv_size": [3.5, 0.5]},
								"up": {"uv": [0, 8], "uv_size": [1, 3.5]},
								"down": {"uv": [7, 11.5], "uv_size": [1, -3.5]}
							}
						},
						{
							"origin": [-0.5625, 0.892, -3.875],
							"size": [1.125, 0.466, 3.5],
							"uv": {
								"north": {"uv": [25, 1], "uv_size": [1, 0.5]},
								"east": {"uv": [14, 14], "uv_size": [3.5, 0.5]},
								"south": {"uv": [2, 25], "uv_size": [1, 0.5]},
								"west": {"uv": [15, 5], "uv_size": [3.5, 0.5]},
								"up": {"uv": [8, 8], "uv_size": [1, 3.5]},
								"down": {"uv": [1, 12.5], "uv_size": [1, -3.5]}
							}
						}
					]
				},
				{
					"name": "hjghj2",
					"parent": "scope_body",
					"pivot": [0, 1.125, 2.15625],
					"cubes": [
						{
							"origin": [-0.28477, 0.4375, 1.375],
							"size": [0.56954, 1.375, 1.5625],
							"pivot": [0, 1.125, 2.4375],
							"rotation": [0, 0, 45],
							"uv": {
								"north": {"uv": [10, 22], "uv_size": [0.5, 1.5]},
								"east": {"uv": [2, 9], "uv_size": [1.5, 1.5]},
								"south": {"uv": [22, 10], "uv_size": [0.5, 1.5]},
								"west": {"uv": [9, 3], "uv_size": [1.5, 1.5]},
								"up": {"uv": [11, 22], "uv_size": [0.5, 1.5]},
								"down": {"uv": [13, 23.5], "uv_size": [0.5, -1.5]}
							}
						},
						{
							"origin": [-0.28477, 0.4375, 1.375],
							"size": [0.56954, 1.375, 1.5625],
							"uv": {
								"north": {"uv": [22, 13], "uv_size": [0.5, 1.5]},
								"east": {"uv": [4, 9], "uv_size": [1.5, 1.5]},
								"south": {"uv": [14, 22], "uv_size": [0.5, 1.5]},
								"west": {"uv": [9, 5], "uv_size": [1.5, 1.5]},
								"up": {"uv": [15, 22], "uv_size": [0.5, 1.5]},
								"down": {"uv": [22, 16.5], "uv_size": [0.5, -1.5]}
							}
						},
						{
							"origin": [-0.6875, 0.84023, 1.375],
							"size": [1.375, 0.56954, 1.5625],
							"pivot": [0, 1.125, 2.4375],
							"rotation": [0, 0, 45],
							"uv": {
								"north": {"uv": [22, 8], "uv_size": [1.5, 0.5]},
								"east": {"uv": [22, 19], "uv_size": [1.5, 0.5]},
								"south": {"uv": [21, 22], "uv_size": [1.5, 0.5]},
								"west": {"uv": [23, 0], "uv_size": [1.5, 0.5]},
								"up": {"uv": [9, 8], "uv_size": [1.5, 1.5]},
								"down": {"uv": [9, 11.5], "uv_size": [1.5, -1.5]}
							}
						},
						{
							"origin": [-0.6875, 0.84023, 1.375],
							"size": [1.375, 0.56954, 1.5625],
							"uv": {
								"north": {"uv": [1, 23], "uv_size": [1.5, 0.5]},
								"east": {"uv": [23, 1], "uv_size": [1.5, 0.5]},
								"south": {"uv": [23, 2], "uv_size": [1.5, 0.5]},
								"west": {"uv": [23, 3], "uv_size": [1.5, 0.5]},
								"up": {"uv": [2, 11], "uv_size": [1.5, 1.5]},
								"down": {"uv": [11, 4.5], "uv_size": [1.5, -1.5]}
							}
						}
					]
				},
				{
					"name": "bone7",
					"parent": "scope_body",
					"pivot": [0, -8.875, -6.0625]
				},
				{
					"name": "bone6",
					"parent": "bone7",
					"pivot": [0, 1.8125, 1.375],
					"rotation": [7, 0, 0],
					"cubes": [
						{
							"origin": [-0.233, 1.6875, 0.32813],
							"size": [0.466, 0.125, 1.04687],
							"uv": {
								"north": {"uv": [6, 30], "uv_size": [0.5, 0.5]},
								"east": {"uv": [25, 2], "uv_size": [1, 0.5]},
								"south": {"uv": [30, 6], "uv_size": [0.5, 0.5]},
								"west": {"uv": [3, 25], "uv_size": [1, 0.5]},
								"up": {"uv": [25, 3], "uv_size": [0.5, 1]},
								"down": {"uv": [4, 26], "uv_size": [0.5, -1]}
							}
						},
						{
							"origin": [-0.28477, 1.6875, 0.32813],
							"size": [0.05177, 0.125, 1.04687],
							"pivot": [-0.28477, 1.8125, 1.375],
							"rotation": [0, -2.75, 0],
							"uv": {
								"north": {"uv": [7, 30], "uv_size": [0.5, 0.5]},
								"east": {"uv": [5, 25], "uv_size": [1, 0.5]},
								"south": {"uv": [30, 7], "uv_size": [0.5, 0.5]},
								"west": {"uv": [6, 25], "uv_size": [1, 0.5]},
								"up": {"uv": [25, 6], "uv_size": [0.5, 1]},
								"down": {"uv": [7, 26], "uv_size": [0.5, -1]}
							}
						},
						{
							"origin": [0.233, 1.6875, 0.32813],
							"size": [0.05177, 0.125, 1.04687],
							"pivot": [0.28477, 1.8125, 1.375],
							"rotation": [0, 2.75, 0],
							"uv": {
								"north": {"uv": [8, 30], "uv_size": [0.5, 0.5]},
								"east": {"uv": [25, 7], "uv_size": [1, 0.5]},
								"south": {"uv": [30, 8], "uv_size": [0.5, 0.5]},
								"west": {"uv": [8, 25], "uv_size": [1, 0.5]},
								"up": {"uv": [25, 8], "uv_size": [0.5, 1]},
								"down": {"uv": [9, 26], "uv_size": [0.5, -1]}
							}
						}
					]
				},
				{
					"name": "bone13",
					"parent": "bone7",
					"pivot": [-0.625, 1.125, 0.85279],
					"rotation": [7, 0, -90],
					"cubes": [
						{
							"origin": [-0.858, 0.99839, 0.33185],
							"size": [0.466, 0.125, 1.04687],
							"uv": {
								"north": {"uv": [9, 30], "uv_size": [0.5, 0.5]},
								"east": {"uv": [25, 9], "uv_size": [1, 0.5]},
								"south": {"uv": [30, 9], "uv_size": [0.5, 0.5]},
								"west": {"uv": [10, 25], "uv_size": [1, 0.5]},
								"up": {"uv": [25, 10], "uv_size": [0.5, 1]},
								"down": {"uv": [11, 26], "uv_size": [0.5, -1]}
							}
						},
						{
							"origin": [-0.90977, 0.99839, 0.33185],
							"size": [0.05177, 0.125, 1.04687],
							"pivot": [-0.90977, 1.12339, 1.37872],
							"rotation": [0, -2.75, 0],
							"uv": {
								"north": {"uv": [10, 30], "uv_size": [0.5, 0.5]},
								"east": {"uv": [25, 11], "uv_size": [1, 0.5]},
								"south": {"uv": [30, 10], "uv_size": [0.5, 0.5]},
								"west": {"uv": [12, 25], "uv_size": [1, 0.5]},
								"up": {"uv": [25, 12], "uv_size": [0.5, 1]},
								"down": {"uv": [13, 26], "uv_size": [0.5, -1]}
							}
						},
						{
							"origin": [-0.392, 0.99839, 0.33185],
							"size": [0.05177, 0.125, 1.04687],
							"pivot": [-0.34023, 1.12339, 1.37872],
							"rotation": [0, 2.75, 0],
							"uv": {
								"north": {"uv": [11, 30], "uv_size": [0.5, 0.5]},
								"east": {"uv": [25, 13], "uv_size": [1, 0.5]},
								"south": {"uv": [30, 11], "uv_size": [0.5, 0.5]},
								"west": {"uv": [14, 25], "uv_size": [1, 0.5]},
								"up": {"uv": [25, 14], "uv_size": [0.5, 1]},
								"down": {"uv": [15, 26], "uv_size": [0.5, -1]}
							}
						}
					]
				},
				{
					"name": "bone14",
					"parent": "bone7",
					"pivot": [0.625, 1.125, 0.85279],
					"rotation": [7, 0, 90],
					"cubes": [
						{
							"origin": [0.392, 0.99839, 0.33185],
							"size": [0.466, 0.125, 1.04687],
							"uv": {
								"north": {"uv": [12, 30], "uv_size": [0.5, 0.5]},
								"east": {"uv": [25, 15], "uv_size": [1, 0.5]},
								"south": {"uv": [30, 12], "uv_size": [0.5, 0.5]},
								"west": {"uv": [16, 25], "uv_size": [1, 0.5]},
								"up": {"uv": [25, 16], "uv_size": [0.5, 1]},
								"down": {"uv": [17, 26], "uv_size": [0.5, -1]}
							}
						},
						{
							"origin": [0.858, 0.99839, 0.33185],
							"size": [0.05177, 0.125, 1.04687],
							"pivot": [0.90977, 1.12339, 1.37872],
							"rotation": [0, 2.75, 0],
							"uv": {
								"north": {"uv": [13, 30], "uv_size": [0.5, 0.5]},
								"east": {"uv": [25, 17], "uv_size": [1, 0.5]},
								"south": {"uv": [30, 13], "uv_size": [0.5, 0.5]},
								"west": {"uv": [18, 25], "uv_size": [1, 0.5]},
								"up": {"uv": [25, 18], "uv_size": [0.5, 1]},
								"down": {"uv": [19, 26], "uv_size": [0.5, -1]}
							}
						},
						{
							"origin": [0.34023, 0.99839, 0.33185],
							"size": [0.05177, 0.125, 1.04687],
							"pivot": [0.34023, 1.12339, 1.37872],
							"rotation": [0, -2.75, 0],
							"uv": {
								"north": {"uv": [14, 30], "uv_size": [0.5, 0.5]},
								"east": {"uv": [25, 19], "uv_size": [1, 0.5]},
								"south": {"uv": [30, 14], "uv_size": [0.5, 0.5]},
								"west": {"uv": [20, 25], "uv_size": [1, 0.5]},
								"up": {"uv": [25, 20], "uv_size": [0.5, 1]},
								"down": {"uv": [21, 26], "uv_size": [0.5, -1]}
							}
						}
					]
				},
				{
					"name": "bone9",
					"parent": "bone7",
					"pivot": [-0.39761, 1.52261, 0.80958],
					"rotation": [7, 0, -45],
					"cubes": [
						{
							"origin": [-0.6306, 1.45297, 0.33917],
							"size": [0.46599, 0.125, 1.04687],
							"uv": {
								"north": {"uv": [15, 30], "uv_size": [0.5, 0.5]},
								"east": {"uv": [25, 21], "uv_size": [1, 0.5]},
								"south": {"uv": [30, 15], "uv_size": [0.5, 0.5]},
								"west": {"uv": [22, 25], "uv_size": [1, 0.5]},
								"up": {"uv": [25, 22], "uv_size": [0.5, 1]},
								"down": {"uv": [23, 26], "uv_size": [0.5, -1]}
							}
						},
						{
							"origin": [-0.682, 1.45297, 0.33916],
							"size": [0.05177, 0.125, 1.04687],
							"pivot": [-0.68238, 1.57844, 1.37827],
							"rotation": [0, -2.75, 0],
							"uv": {
								"north": {"uv": [16, 30], "uv_size": [0.5, 0.5]},
								"east": {"uv": [25, 23], "uv_size": [1, 0.5]},
								"south": {"uv": [30, 16], "uv_size": [0.5, 0.5]},
								"west": {"uv": [24, 25], "uv_size": [1, 0.5]},
								"up": {"uv": [25, 24], "uv_size": [0.5, 1]},
								"down": {"uv": [25, 26], "uv_size": [0.5, -1]}
							}
						},
						{
							"origin": [-0.16564, 1.45297, 0.36648],
							"size": [0.05177, 0.125, 1.04688],
							"pivot": [-0.68238, 1.57844, 1.37827],
							"rotation": [0, 2.75, 0],
							"uv": {
								"north": {"uv": [17, 30], "uv_size": [0.5, 0.5]},
								"east": {"uv": [0, 26], "uv_size": [1, 0.5]},
								"south": {"uv": [30, 17], "uv_size": [0.5, 0.5]},
								"west": {"uv": [26, 0], "uv_size": [1, 0.5]},
								"up": {"uv": [1, 26], "uv_size": [0.5, 1]},
								"down": {"uv": [26, 2], "uv_size": [0.5, -1]}
							}
						}
					]
				},
				{
					"name": "bone10",
					"parent": "bone7",
					"pivot": [0.39761, 1.52261, 0.80958],
					"rotation": [7, 0, 45],
					"cubes": [
						{
							"origin": [0.16461, 1.45297, 0.33917],
							"size": [0.46599, 0.125, 1.04687],
							"uv": {
								"north": {"uv": [18, 30], "uv_size": [0.5, 0.5]},
								"east": {"uv": [2, 26], "uv_size": [1, 0.5]},
								"south": {"uv": [30, 18], "uv_size": [0.5, 0.5]},
								"west": {"uv": [26, 2], "uv_size": [1, 0.5]},
								"up": {"uv": [3, 26], "uv_size": [0.5, 1]},
								"down": {"uv": [26, 4], "uv_size": [0.5, -1]}
							}
						},
						{
							"origin": [0.63023, 1.45297, 0.33916],
							"size": [0.05177, 0.125, 1.04687],
							"pivot": [0.68238, 1.57844, 1.37827],
							"rotation": [0, 2.75, 0],
							"uv": {
								"north": {"uv": [19, 30], "uv_size": [0.5, 0.5]},
								"east": {"uv": [4, 26], "uv_size": [1, 0.5]},
								"south": {"uv": [30, 19], "uv_size": [0.5, 0.5]},
								"west": {"uv": [26, 4], "uv_size": [1, 0.5]},
								"up": {"uv": [5, 26], "uv_size": [0.5, 1]},
								"down": {"uv": [26, 6], "uv_size": [0.5, -1]}
							}
						},
						{
							"origin": [0.11387, 1.45297, 0.36648],
							"size": [0.05177, 0.125, 1.04688],
							"pivot": [0.68238, 1.57844, 1.37827],
							"rotation": [0, -2.75, 0],
							"uv": {
								"north": {"uv": [20, 30], "uv_size": [0.5, 0.5]},
								"east": {"uv": [6, 26], "uv_size": [1, 0.5]},
								"south": {"uv": [30, 20], "uv_size": [0.5, 0.5]},
								"west": {"uv": [26, 6], "uv_size": [1, 0.5]},
								"up": {"uv": [7, 26], "uv_size": [0.5, 1]},
								"down": {"uv": [26, 8], "uv_size": [0.5, -1]}
							}
						}
					]
				},
				{
					"name": "bone11",
					"parent": "bone7",
					"pivot": [0.39761, 0.72739, 0.80958],
					"rotation": [-7, 0, -45],
					"cubes": [
						{
							"origin": [0.16461, 0.67203, 0.33917],
							"size": [0.46599, 0.125, 1.04687],
							"uv": {
								"north": {"uv": [21, 30], "uv_size": [0.5, 0.5]},
								"east": {"uv": [8, 26], "uv_size": [1, 0.5]},
								"south": {"uv": [30, 21], "uv_size": [0.5, 0.5]},
								"west": {"uv": [26, 8], "uv_size": [1, 0.5]},
								"up": {"uv": [9, 26], "uv_size": [0.5, 1]},
								"down": {"uv": [26, 10], "uv_size": [0.5, -1]}
							}
						},
						{
							"origin": [0.63023, 0.67203, 0.33916],
							"size": [0.05177, 0.125, 1.04687],
							"pivot": [0.68238, 0.67156, 1.37827],
							"rotation": [0, 2.75, 0],
							"uv": {
								"north": {"uv": [22, 30], "uv_size": [0.5, 0.5]},
								"east": {"uv": [10, 26], "uv_size": [1, 0.5]},
								"south": {"uv": [30, 22], "uv_size": [0.5, 0.5]},
								"west": {"uv": [26, 10], "uv_size": [1, 0.5]},
								"up": {"uv": [11, 26], "uv_size": [0.5, 1]},
								"down": {"uv": [26, 12], "uv_size": [0.5, -1]}
							}
						},
						{
							"origin": [0.11387, 0.67203, 0.36648],
							"size": [0.05177, 0.125, 1.04688],
							"pivot": [0.68238, 0.67156, 1.37827],
							"rotation": [0, -2.75, 0],
							"uv": {
								"north": {"uv": [23, 30], "uv_size": [0.5, 0.5]},
								"east": {"uv": [12, 26], "uv_size": [1, 0.5]},
								"south": {"uv": [30, 23], "uv_size": [0.5, 0.5]},
								"west": {"uv": [26, 12], "uv_size": [1, 0.5]},
								"up": {"uv": [13, 26], "uv_size": [0.5, 1]},
								"down": {"uv": [26, 14], "uv_size": [0.5, -1]}
							}
						}
					]
				},
				{
					"name": "bone12",
					"parent": "bone7",
					"pivot": [-0.39761, 0.72739, 0.80958],
					"rotation": [-7, 0, 45],
					"cubes": [
						{
							"origin": [-0.6306, 0.67203, 0.33917],
							"size": [0.46599, 0.125, 1.04687],
							"uv": {
								"north": {"uv": [24, 30], "uv_size": [0.5, 0.5]},
								"east": {"uv": [14, 26], "uv_size": [1, 0.5]},
								"south": {"uv": [30, 24], "uv_size": [0.5, 0.5]},
								"west": {"uv": [26, 14], "uv_size": [1, 0.5]},
								"up": {"uv": [15, 26], "uv_size": [0.5, 1]},
								"down": {"uv": [26, 16], "uv_size": [0.5, -1]}
							}
						},
						{
							"origin": [-0.682, 0.67203, 0.33916],
							"size": [0.05177, 0.125, 1.04687],
							"pivot": [-0.68238, 0.67156, 1.37827],
							"rotation": [0, -2.75, 0],
							"uv": {
								"north": {"uv": [25, 30], "uv_size": [0.5, 0.5]},
								"east": {"uv": [16, 26], "uv_size": [1, 0.5]},
								"south": {"uv": [30, 25], "uv_size": [0.5, 0.5]},
								"west": {"uv": [26, 16], "uv_size": [1, 0.5]},
								"up": {"uv": [17, 26], "uv_size": [0.5, 1]},
								"down": {"uv": [26, 18], "uv_size": [0.5, -1]}
							}
						},
						{
							"origin": [-0.16564, 0.67203, 0.36648],
							"size": [0.05177, 0.125, 1.04688],
							"pivot": [-0.68238, 0.67156, 1.37827],
							"rotation": [0, 2.75, 0],
							"uv": {
								"north": {"uv": [26, 30], "uv_size": [0.5, 0.5]},
								"east": {"uv": [18, 26], "uv_size": [1, 0.5]},
								"south": {"uv": [30, 26], "uv_size": [0.5, 0.5]},
								"west": {"uv": [26, 18], "uv_size": [1, 0.5]},
								"up": {"uv": [19, 26], "uv_size": [0.5, 1]},
								"down": {"uv": [26, 20], "uv_size": [0.5, -1]}
							}
						}
					]
				},
				{
					"name": "bone8",
					"parent": "bone7",
					"pivot": [0, 0.4375, 1.375],
					"rotation": [-7, 0, 0],
					"cubes": [
						{
							"origin": [-0.233, 0.4375, 0.32813],
							"size": [0.466, 0.125, 1.04687],
							"uv": {
								"north": {"uv": [27, 30], "uv_size": [0.5, 0.5]},
								"east": {"uv": [20, 26], "uv_size": [1, 0.5]},
								"south": {"uv": [30, 27], "uv_size": [0.5, 0.5]},
								"west": {"uv": [26, 20], "uv_size": [1, 0.5]},
								"up": {"uv": [21, 26], "uv_size": [0.5, 1]},
								"down": {"uv": [26, 22], "uv_size": [0.5, -1]}
							}
						},
						{
							"origin": [-0.28477, 0.4375, 0.32813],
							"size": [0.05177, 0.125, 1.04687],
							"pivot": [-0.28477, 0.4375, 1.375],
							"rotation": [0, -2.75, 0],
							"uv": {
								"north": {"uv": [28, 30], "uv_size": [0.5, 0.5]},
								"east": {"uv": [22, 26], "uv_size": [1, 0.5]},
								"south": {"uv": [30, 28], "uv_size": [0.5, 0.5]},
								"west": {"uv": [26, 22], "uv_size": [1, 0.5]},
								"up": {"uv": [23, 26], "uv_size": [0.5, 1]},
								"down": {"uv": [26, 24], "uv_size": [0.5, -1]}
							}
						},
						{
							"origin": [0.233, 0.4375, 0.32813],
							"size": [0.05177, 0.125, 1.04687],
							"pivot": [0.28477, 0.4375, 1.375],
							"rotation": [0, 2.75, 0],
							"uv": {
								"north": {"uv": [29, 30], "uv_size": [0.5, 0.5]},
								"east": {"uv": [24, 26], "uv_size": [1, 0.5]},
								"south": {"uv": [30, 29], "uv_size": [0.5, 0.5]},
								"west": {"uv": [26, 24], "uv_size": [1, 0.5]},
								"up": {"uv": [25, 26], "uv_size": [0.5, 1]},
								"down": {"uv": [26, 26], "uv_size": [0.5, -1]}
							}
						}
					]
				},
				{
					"name": "ghjhj2",
					"parent": "scope_body",
					"pivot": [8, -6.875, -9.875],
					"cubes": [
						{
							"origin": [-0.25888, 0.5, -3.25],
							"size": [0.51776, 1.25, 2.375],
							"pivot": [0, 1.125, -1.375],
							"rotation": [0, 0, 45],
							"uv": {
								"north": {"uv": [16, 22], "uv_size": [0.5, 1.5]},
								"east": {"uv": [1, 4], "uv_size": [2.5, 1.5]},
								"south": {"uv": [18, 22], "uv_size": [0.5, 1.5]},
								"west": {"uv": [4, 4], "uv_size": [2.5, 1.5]},
								"up": {"uv": [18, 7], "uv_size": [0.5, 2.5]},
								"down": {"uv": [9, 20.5], "uv_size": [0.5, -2.5]}
							}
						},
						{
							"origin": [-0.25888, 0.5, -3.25],
							"size": [0.51776, 1.25, 2.375],
							"uv": {
								"north": {"uv": [4, 23], "uv_size": [0.5, 1.5]},
								"east": {"uv": [5, 0], "uv_size": [2.5, 1.5]},
								"south": {"uv": [5, 23], "uv_size": [0.5, 1.5]},
								"west": {"uv": [5, 2], "uv_size": [2.5, 1.5]},
								"up": {"uv": [10, 18], "uv_size": [0.5, 2.5]},
								"down": {"uv": [11, 20.5], "uv_size": [0.5, -2.5]}
							}
						},
						{
							"origin": [-0.625, 0.86612, -3.25],
							"size": [1.25, 0.51776, 2.375],
							"pivot": [0, 1.125, -1.375],
							"rotation": [0, 0, 45],
							"uv": {
								"north": {"uv": [23, 6], "uv_size": [1.5, 0.5]},
								"east": {"uv": [18, 10], "uv_size": [2.5, 0.5]},
								"south": {"uv": [7, 23], "uv_size": [1.5, 0.5]},
								"west": {"uv": [18, 12], "uv_size": [2.5, 0.5]},
								"up": {"uv": [1, 6], "uv_size": [1.5, 2.5]},
								"down": {"uv": [3, 8.5], "uv_size": [1.5, -2.5]}
							}
						},
						{
							"origin": [-0.66161, 1.46155, -3.125],
							"size": [0.3125, 0.375, 0.375],
							"pivot": [-0.53661, 1.64905, -2.9375],
							"rotation": [45, 0, 45],
							"uv": {
								"north": {"uv": [30, 30], "uv_size": [0.5, 0.5]},
								"east": {"uv": [0, 31], "uv_size": [0.5, 0.5]},
								"south": {"uv": [31, 0], "uv_size": [0.5, 0.5]},
								"west": {"uv": [1, 31], "uv_size": [0.5, 0.5]},
								"up": {"uv": [31, 1], "uv_size": [0.5, 0.5]},
								"down": {"uv": [2, 31.5], "uv_size": [0.5, -0.5]}
							}
						},
						{
							"origin": [-0.72411, 1.39905, -3.1875],
							"size": [0.0625, 0.5, 0.5],
							"pivot": [-0.53661, 1.64905, -2.9375],
							"rotation": [45, 0, 45],
							"uv": {
								"north": {"uv": [31, 2], "uv_size": [0.5, 0.5]},
								"east": {"uv": [3, 31], "uv_size": [0.5, 0.5]},
								"south": {"uv": [31, 3], "uv_size": [0.5, 0.5]},
								"west": {"uv": [4, 31], "uv_size": [0.5, 0.5]},
								"up": {"uv": [31, 4], "uv_size": [0.5, 0.5]},
								"down": {"uv": [5, 31.5], "uv_size": [0.5, -0.5]}
							}
						},
						{
							"origin": [-0.625, 0.86612, -3.25],
							"size": [1.25, 0.51776, 2.375],
							"uv": {
								"north": {"uv": [23, 9], "uv_size": [1.5, 0.5]},
								"east": {"uv": [13, 18], "uv_size": [2.5, 0.5]},
								"south": {"uv": [23, 10], "uv_size": [1.5, 0.5]},
								"west": {"uv": [18, 13], "uv_size": [2.5, 0.5]},
								"up": {"uv": [5, 6], "uv_size": [1.5, 2.5]},
								"down": {"uv": [7, 6.5], "uv_size": [1.5, -2.5]}
							}
						}
					]
				},
				{
					"name": "uiyiyui",
					"parent": "scope_body",
					"pivot": [8, -6.875, -9.8125],
					"cubes": [
						{
							"origin": [-0.28477, 0.4375, -2.125],
							"size": [0.56954, 1.375, 0.75],
							"pivot": [0, 1.125, -1.8125],
							"rotation": [0, 0, 45],
							"uv": {
								"north": {"uv": [9, 23], "uv_size": [0.5, 1.5]},
								"east": {"uv": [7, 16], "uv_size": [1, 1.5]},
								"south": {"uv": [23, 11], "uv_size": [0.5, 1.5]},
								"west": {"uv": [8, 16], "uv_size": [1, 1.5]},
								"up": {"uv": [26, 26], "uv_size": [0.5, 1]},
								"down": {"uv": [0, 28], "uv_size": [0.5, -1]}
							}
						},
						{
							"origin": [-0.28477, 0.4375, -2.125],
							"size": [0.56954, 1.375, 0.75],
							"uv": {
								"north": {"uv": [12, 23], "uv_size": [0.5, 1.5]},
								"east": {"uv": [16, 15], "uv_size": [1, 1.5]},
								"south": {"uv": [23, 13], "uv_size": [0.5, 1.5]},
								"west": {"uv": [1, 17], "uv_size": [1, 1.5]},
								"up": {"uv": [27, 0], "uv_size": [0.5, 1]},
								"down": {"uv": [1, 28], "uv_size": [0.5, -1]}
							}
						},
						{
							"origin": [-0.6875, 0.84023, -2.125],
							"size": [1.375, 0.56954, 0.75],
							"pivot": [0, 1.125, -1.8125],
							"rotation": [0, 0, 45],
							"uv": {
								"north": {"uv": [23, 15], "uv_size": [1.5, 0.5]},
								"east": {"uv": [27, 1], "uv_size": [1, 0.5]},
								"south": {"uv": [23, 16], "uv_size": [1.5, 0.5]},
								"west": {"uv": [2, 27], "uv_size": [1, 0.5]},
								"up": {"uv": [2, 17], "uv_size": [1.5, 1]},
								"down": {"uv": [17, 4], "uv_size": [1.5, -1]}
							}
						},
						{
							"origin": [-0.6875, 0.84023, -2.125],
							"size": [1.375, 0.56954, 0.75],
							"uv": {
								"north": {"uv": [23, 17], "uv_size": [1.5, 0.5]},
								"east": {"uv": [27, 2], "uv_size": [1, 0.5]},
								"south": {"uv": [23, 18], "uv_size": [1.5, 0.5]},
								"west": {"uv": [3, 27], "uv_size": [1, 0.5]},
								"up": {"uv": [17, 4], "uv_size": [1.5, 1]},
								"down": {"uv": [17, 7], "uv_size": [1.5, -1]}
							}
						}
					]
				},
				{
					"name": "ohtyu",
					"parent": "scope_body",
					"pivot": [8, -6.90625, -15.5625],
					"cubes": [
						{
							"origin": [-0.19416, 0.625, -7.5625],
							"size": [0.38832, 0.9375, 0.5],
							"pivot": [0, 1.09375, -7.5625],
							"rotation": [0, 0, 45],
							"uv": {
								"north": {"uv": [27, 3], "uv_size": [0.5, 1]},
								"east": {"uv": [4, 27], "uv_size": [0.5, 1]},
								"south": {"uv": [27, 4], "uv_size": [0.5, 1]},
								"west": {"uv": [5, 27], "uv_size": [0.5, 1]},
								"up": {"uv": [31, 5], "uv_size": [0.5, 0.5]},
								"down": {"uv": [6, 31.5], "uv_size": [0.5, -0.5]}
							}
						},
						{
							"origin": [-0.19416, 0.625, -7.5625],
							"size": [0.38832, 0.9375, 0.5],
							"uv": {
								"north": {"uv": [27, 5], "uv_size": [0.5, 1]},
								"east": {"uv": [6, 27], "uv_size": [0.5, 1]},
								"south": {"uv": [27, 6], "uv_size": [0.5, 1]},
								"west": {"uv": [7, 27], "uv_size": [0.5, 1]},
								"up": {"uv": [31, 6], "uv_size": [0.5, 0.5]},
								"down": {"uv": [7, 31.5], "uv_size": [0.5, -0.5]}
							}
						},
						{
							"origin": [-0.46875, 0.89959, -7.5625],
							"size": [0.9375, 0.38832, 0.5],
							"pivot": [0, 1.09375, -7.5625],
							"rotation": [0, 0, 45],
							"uv": {
								"north": {"uv": [27, 7], "uv_size": [1, 0.5]},
								"east": {"uv": [31, 7], "uv_size": [0.5, 0.5]},
								"south": {"uv": [8, 27], "uv_size": [1, 0.5]},
								"west": {"uv": [8, 31], "uv_size": [0.5, 0.5]},
								"up": {"uv": [27, 8], "uv_size": [1, 0.5]},
								"down": {"uv": [9, 27.5], "uv_size": [1, -0.5]}
							}
						},
						{
							"origin": [-0.46875, 0.89959, -7.5625],
							"size": [0.9375, 0.38832, 0.5],
							"uv": {
								"north": {"uv": [27, 9], "uv_size": [1, 0.5]},
								"east": {"uv": [31, 8], "uv_size": [0.5, 0.5]},
								"south": {"uv": [10, 27], "uv_size": [1, 0.5]},
								"west": {"uv": [9, 31], "uv_size": [0.5, 0.5]},
								"up": {"uv": [27, 10], "uv_size": [1, 0.5]},
								"down": {"uv": [11, 27.5], "uv_size": [1, -0.5]}
							}
						}
					]
				},
				{
					"name": "jkljl",
					"parent": "scope_body",
					"pivot": [8, -6.875, -8.0625],
					"cubes": [
						{
							"origin": [-0.28477, 0.4375, -0.375],
							"size": [0.56954, 1.375, 0.75],
							"pivot": [0, 1.125, -0.0625],
							"rotation": [0, 0, 45],
							"uv": {
								"north": {"uv": [17, 23], "uv_size": [0.5, 1.5]},
								"east": {"uv": [6, 17], "uv_size": [1, 1.5]},
								"south": {"uv": [19, 23], "uv_size": [0.5, 1.5]},
								"west": {"uv": [17, 7], "uv_size": [1, 1.5]},
								"up": {"uv": [27, 11], "uv_size": [0.5, 1]},
								"down": {"uv": [12, 28], "uv_size": [0.5, -1]}
							}
						},
						{
							"origin": [-0.28477, 0.4375, -0.375],
							"size": [0.56954, 1.375, 0.75],
							"uv": {
								"north": {"uv": [20, 23], "uv_size": [0.5, 1.5]},
								"east": {"uv": [17, 9], "uv_size": [1, 1.5]},
								"south": {"uv": [23, 20], "uv_size": [0.5, 1.5]},
								"west": {"uv": [12, 17], "uv_size": [1, 1.5]},
								"up": {"uv": [27, 12], "uv_size": [0.5, 1]},
								"down": {"uv": [13, 28], "uv_size": [0.5, -1]}
							}
						},
						{
							"origin": [0.30741, 0.1875, -0.375],
							"size": [0.26516, 0.15874, 0.75],
							"pivot": [0.4375, 0.34375, 0],
							"rotation": [0, 0, 45],
							"uv": {
								"north": {"uv": [31, 9], "uv_size": [0.5, 0.5]},
								"east": {"uv": [27, 13], "uv_size": [1, 0.5]},
								"south": {"uv": [10, 31], "uv_size": [0.5, 0.5]},
								"west": {"uv": [14, 27], "uv_size": [1, 0.5]},
								"up": {"uv": [27, 14], "uv_size": [0.5, 1]},
								"down": {"uv": [15, 28], "uv_size": [0.5, -1]}
							}
						},
						{
							"origin": [-0.57257, 0.1875, -0.375],
							"size": [0.26516, 0.15874, 0.75],
							"pivot": [-0.4375, 0.34375, 0],
							"rotation": [0, 0, -45],
							"uv": {
								"north": {"uv": [31, 10], "uv_size": [0.5, 0.5]},
								"east": {"uv": [27, 15], "uv_size": [1, 0.5]},
								"south": {"uv": [11, 31], "uv_size": [0.5, 0.5]},
								"west": {"uv": [16, 27], "uv_size": [1, 0.5]},
								"up": {"uv": [27, 16], "uv_size": [0.5, 1]},
								"down": {"uv": [17, 28], "uv_size": [0.5, -1]}
							}
						},
						{
							"origin": [-0.34727, 0.25, -0.375],
							"size": [0.69454, 0.1875, 0.75],
							"uv": {
								"north": {"uv": [31, 11], "uv_size": [0.5, 0.5]},
								"east": {"uv": [27, 17], "uv_size": [1, 0.5]},
								"south": {"uv": [12, 31], "uv_size": [0.5, 0.5]},
								"west": {"uv": [18, 27], "uv_size": [1, 0.5]},
								"up": {"uv": [27, 18], "uv_size": [0.5, 1]},
								"down": {"uv": [19, 28], "uv_size": [0.5, -1]}
							}
						},
						{
							"origin": [-0.53477, -0.17187, -0.375],
							"size": [1.06954, 0.42187, 0.75],
							"uv": {
								"north": {"uv": [27, 19], "uv_size": [1, 0.5]},
								"east": {"uv": [20, 27], "uv_size": [1, 0.5]},
								"south": {"uv": [27, 20], "uv_size": [1, 0.5]},
								"west": {"uv": [21, 27], "uv_size": [1, 0.5]},
								"up": {"uv": [19, 0], "uv_size": [1, 1]},
								"down": {"uv": [1, 20], "uv_size": [1, -1]}
							}
						},
						{
							"origin": [-0.59023, -0.09643, -0.125],
							"size": [1.1875, 0.2625, 0.2625],
							"pivot": [0.65977, 0.03482, 0.00625],
							"rotation": [-45, 0, 0],
							"uv": {
								"north": {"uv": [27, 21], "uv_size": [1, 0.5]},
								"east": {"uv": [31, 12], "uv_size": [0.5, 0.5]},
								"south": {"uv": [22, 27], "uv_size": [1, 0.5]},
								"west": {"uv": [13, 31], "uv_size": [0.5, 0.5]},
								"up": {"uv": [27, 22], "uv_size": [1, 0.5]},
								"down": {"uv": [23, 27.5], "uv_size": [1, -0.5]}
							}
						},
						{
							"origin": [-0.57257, 0.1875, -2.125],
							"size": [0.26516, 0.15874, 0.75],
							"pivot": [-0.4375, 0.34375, -1.75],
							"rotation": [0, 0, -45],
							"uv": {
								"north": {"uv": [31, 13], "uv_size": [0.5, 0.5]},
								"east": {"uv": [27, 23], "uv_size": [1, 0.5]},
								"south": {"uv": [14, 31], "uv_size": [0.5, 0.5]},
								"west": {"uv": [24, 27], "uv_size": [1, 0.5]},
								"up": {"uv": [27, 24], "uv_size": [0.5, 1]},
								"down": {"uv": [25, 28], "uv_size": [0.5, -1]}
							}
						},
						{
							"origin": [-0.59023, -0.09643, -1.875],
							"size": [1.1875, 0.2625, 0.2625],
							"pivot": [0.65977, 0.03482, -1.74375],
							"rotation": [-45, 0, 0],
							"uv": {
								"north": {"uv": [27, 25], "uv_size": [1, 0.5]},
								"east": {"uv": [31, 14], "uv_size": [0.5, 0.5]},
								"south": {"uv": [26, 27], "uv_size": [1, 0.5]},
								"west": {"uv": [15, 31], "uv_size": [0.5, 0.5]},
								"up": {"uv": [27, 26], "uv_size": [1, 0.5]},
								"down": {"uv": [27, 27.5], "uv_size": [1, -0.5]}
							}
						},
						{
							"origin": [-0.53477, -0.17187, -2.125],
							"size": [1.06954, 0.42187, 0.75],
							"uv": {
								"north": {"uv": [0, 28], "uv_size": [1, 0.5]},
								"east": {"uv": [28, 0], "uv_size": [1, 0.5]},
								"south": {"uv": [1, 28], "uv_size": [1, 0.5]},
								"west": {"uv": [28, 1], "uv_size": [1, 0.5]},
								"up": {"uv": [19, 1], "uv_size": [1, 1]},
								"down": {"uv": [2, 20], "uv_size": [1, -1]}
							}
						},
						{
							"origin": [-0.34727, 0.25, -2.125],
							"size": [0.69454, 0.1875, 0.75],
							"uv": {
								"north": {"uv": [31, 15], "uv_size": [0.5, 0.5]},
								"east": {"uv": [2, 28], "uv_size": [1, 0.5]},
								"south": {"uv": [16, 31], "uv_size": [0.5, 0.5]},
								"west": {"uv": [28, 2], "uv_size": [1, 0.5]},
								"up": {"uv": [3, 28], "uv_size": [0.5, 1]},
								"down": {"uv": [28, 4], "uv_size": [0.5, -1]}
							}
						},
						{
							"origin": [0.30741, 0.1875, -2.125],
							"size": [0.26516, 0.15874, 0.75],
							"pivot": [0.4375, 0.34375, -1.75],
							"rotation": [0, 0, 45],
							"uv": {
								"north": {"uv": [31, 16], "uv_size": [0.5, 0.5]},
								"east": {"uv": [4, 28], "uv_size": [1, 0.5]},
								"south": {"uv": [17, 31], "uv_size": [0.5, 0.5]},
								"west": {"uv": [28, 4], "uv_size": [1, 0.5]},
								"up": {"uv": [5, 28], "uv_size": [0.5, 1]},
								"down": {"uv": [28, 6], "uv_size": [0.5, -1]}
							}
						},
						{
							"origin": [-0.6875, 0.84023, -0.375],
							"size": [1.375, 0.56954, 0.75],
							"pivot": [0, 1.125, -0.0625],
							"rotation": [0, 0, 45],
							"uv": {
								"north": {"uv": [21, 23], "uv_size": [1.5, 0.5]},
								"east": {"uv": [6, 28], "uv_size": [1, 0.5]},
								"south": {"uv": [23, 22], "uv_size": [1.5, 0.5]},
								"west": {"uv": [28, 6], "uv_size": [1, 0.5]},
								"up": {"uv": [17, 11], "uv_size": [1.5, 1]},
								"down": {"uv": [13, 18], "uv_size": [1.5, -1]}
							}
						},
						{
							"origin": [-0.6875, 0.84023, -0.375],
							"size": [1.375, 0.56954, 0.75],
							"uv": {
								"north": {"uv": [23, 23], "uv_size": [1.5, 0.5]},
								"east": {"uv": [7, 28], "uv_size": [1, 0.5]},
								"south": {"uv": [0, 24], "uv_size": [1.5, 0.5]},
								"west": {"uv": [28, 7], "uv_size": [1, 0.5]},
								"up": {"uv": [15, 17], "uv_size": [1.5, 1]},
								"down": {"uv": [17, 16], "uv_size": [1.5, -1]}
							}
						},
						{
							"origin": [0.78661, 0.96523, 0.21875],
							"size": [0.17678, 0.31954, 0.09375],
							"pivot": [0.875, 1.125, 0.3125],
							"rotation": [0, 45, 0],
							"uv": {
								"north": {"uv": [31, 17], "uv_size": [0.5, 0.5]},
								"east": {"uv": [18, 31], "uv_size": [0.5, 0.5]},
								"south": {"uv": [31, 18], "uv_size": [0.5, 0.5]},
								"west": {"uv": [19, 31], "uv_size": [0.5, 0.5]},
								"up": {"uv": [31, 19], "uv_size": [0.5, 0.5]},
								"down": {"uv": [20, 31.5], "uv_size": [0.5, -0.5]}
							}
						},
						{
							"origin": [0.78661, 0.96523, -0.3125],
							"size": [0.17678, 0.31954, 0.09375],
							"pivot": [0.875, 1.125, -0.3125],
							"rotation": [0, -45, 0],
							"uv": {
								"north": {"uv": [31, 20], "uv_size": [0.5, 0.5]},
								"east": {"uv": [21, 31], "uv_size": [0.5, 0.5]},
								"south": {"uv": [31, 21], "uv_size": [0.5, 0.5]},
								"west": {"uv": [22, 31], "uv_size": [0.5, 0.5]},
								"up": {"uv": [31, 22], "uv_size": [0.5, 0.5]},
								"down": {"uv": [23, 31.5], "uv_size": [0.5, -0.5]}
							}
						},
						{
							"origin": [0.8125, 0.96523, -0.25],
							"size": [0.125, 0.31954, 0.5],
							"uv": {
								"north": {"uv": [31, 23], "uv_size": [0.5, 0.5]},
								"east": {"uv": [24, 31], "uv_size": [0.5, 0.5]},
								"south": {"uv": [31, 24], "uv_size": [0.5, 0.5]},
								"west": {"uv": [25, 31], "uv_size": [0.5, 0.5]},
								"up": {"uv": [31, 25], "uv_size": [0.5, 0.5]},
								"down": {"uv": [26, 31.5], "uv_size": [0.5, -0.5]}
							}
						},
						{
							"origin": [0.75, 0.90273, -0.0625],
							"size": [0.125, 0.44454, 0.125],
							"pivot": [0.8125, 1.3125, 0],
							"rotation": [0, -45, 0],
							"uv": {
								"north": {"uv": [31, 26], "uv_size": [0.5, 0.5]},
								"east": {"uv": [27, 31], "uv_size": [0.5, 0.5]},
								"south": {"uv": [31, 27], "uv_size": [0.5, 0.5]},
								"west": {"uv": [28, 31], "uv_size": [0.5, 0.5]},
								"up": {"uv": [31, 28], "uv_size": [0.5, 0.5]},
								"down": {"uv": [29, 31.5], "uv_size": [0.5, -0.5]}
							}
						},
						{
							"origin": [-0.875, 0.90273, -0.0625],
							"size": [0.125, 0.44454, 0.125],
							"pivot": [-0.8125, 1.3125, 0],
							"rotation": [0, 45, 0],
							"uv": {
								"north": {"uv": [31, 29], "uv_size": [0.5, 0.5]},
								"east": {"uv": [30, 31], "uv_size": [0.5, 0.5]},
								"south": {"uv": [31, 30], "uv_size": [0.5, 0.5]},
								"west": {"uv": [31, 31], "uv_size": [0.5, 0.5]},
								"up": {"uv": [0, 32], "uv_size": [0.5, 0.5]},
								"down": {"uv": [32, 0.5], "uv_size": [0.5, -0.5]}
							}
						},
						{
							"origin": [-0.875, 0.90273, -1.8125],
							"size": [0.125, 0.44454, 0.125],
							"pivot": [-0.8125, 1.3125, -1.75],
							"rotation": [0, 45, 0],
							"uv": {
								"north": {"uv": [1, 32], "uv_size": [0.5, 0.5]},
								"east": {"uv": [32, 1], "uv_size": [0.5, 0.5]},
								"south": {"uv": [2, 32], "uv_size": [0.5, 0.5]},
								"west": {"uv": [32, 2], "uv_size": [0.5, 0.5]},
								"up": {"uv": [3, 32], "uv_size": [0.5, 0.5]},
								"down": {"uv": [32, 3.5], "uv_size": [0.5, -0.5]}
							}
						},
						{
							"origin": [0.75, 0.90273, -1.8125],
							"size": [0.125, 0.44454, 0.125],
							"pivot": [0.8125, 1.3125, -1.75],
							"rotation": [0, -45, 0],
							"uv": {
								"north": {"uv": [4, 32], "uv_size": [0.5, 0.5]},
								"east": {"uv": [32, 4], "uv_size": [0.5, 0.5]},
								"south": {"uv": [5, 32], "uv_size": [0.5, 0.5]},
								"west": {"uv": [32, 5], "uv_size": [0.5, 0.5]},
								"up": {"uv": [6, 32], "uv_size": [0.5, 0.5]},
								"down": {"uv": [32, 6.5], "uv_size": [0.5, -0.5]}
							}
						},
						{
							"origin": [-0.96339, 0.96523, 0.21875],
							"size": [0.17678, 0.31954, 0.09375],
							"pivot": [-0.875, 1.125, 0.3125],
							"rotation": [0, -45, 0],
							"uv": {
								"north": {"uv": [7, 32], "uv_size": [0.5, 0.5]},
								"east": {"uv": [32, 7], "uv_size": [0.5, 0.5]},
								"south": {"uv": [8, 32], "uv_size": [0.5, 0.5]},
								"west": {"uv": [32, 8], "uv_size": [0.5, 0.5]},
								"up": {"uv": [9, 32], "uv_size": [0.5, 0.5]},
								"down": {"uv": [32, 9.5], "uv_size": [0.5, -0.5]}
							}
						},
						{
							"origin": [-0.9375, 0.96523, -0.25],
							"size": [0.125, 0.31954, 0.5],
							"uv": {
								"north": {"uv": [10, 32], "uv_size": [0.5, 0.5]},
								"east": {"uv": [32, 10], "uv_size": [0.5, 0.5]},
								"south": {"uv": [11, 32], "uv_size": [0.5, 0.5]},
								"west": {"uv": [32, 11], "uv_size": [0.5, 0.5]},
								"up": {"uv": [12, 32], "uv_size": [0.5, 0.5]},
								"down": {"uv": [32, 12.5], "uv_size": [0.5, -0.5]}
							}
						},
						{
							"origin": [-0.96339, 0.96523, -0.3125],
							"size": [0.17678, 0.31954, 0.09375],
							"pivot": [-0.875, 1.125, -0.3125],
							"rotation": [0, 45, 0],
							"uv": {
								"north": {"uv": [13, 32], "uv_size": [0.5, 0.5]},
								"east": {"uv": [32, 13], "uv_size": [0.5, 0.5]},
								"south": {"uv": [14, 32], "uv_size": [0.5, 0.5]},
								"west": {"uv": [32, 14], "uv_size": [0.5, 0.5]},
								"up": {"uv": [15, 32], "uv_size": [0.5, 0.5]},
								"down": {"uv": [32, 15.5], "uv_size": [0.5, -0.5]}
							}
						},
						{
							"origin": [-0.8125, 0.96523, -0.375],
							"size": [1.625, 0.31954, 0.75],
							"inflate": -0.0001,
							"uv": {
								"north": {"uv": [2, 24], "uv_size": [1.5, 0.5]},
								"east": {"uv": [8, 28], "uv_size": [1, 0.5]},
								"south": {"uv": [24, 4], "uv_size": [1.5, 0.5]},
								"west": {"uv": [28, 8], "uv_size": [1, 0.5]},
								"up": {"uv": [17, 16], "uv_size": [1.5, 1]},
								"down": {"uv": [17, 18], "uv_size": [1.5, -1]}
							}
						},
						{
							"origin": [-0.96339, 0.96523, -2.0625],
							"size": [0.17678, 0.31954, 0.09375],
							"pivot": [-0.875, 1.125, -2.0625],
							"rotation": [0, 45, 0],
							"uv": {
								"north": {"uv": [16, 32], "uv_size": [0.5, 0.5]},
								"east": {"uv": [32, 16], "uv_size": [0.5, 0.5]},
								"south": {"uv": [17, 32], "uv_size": [0.5, 0.5]},
								"west": {"uv": [32, 17], "uv_size": [0.5, 0.5]},
								"up": {"uv": [18, 32], "uv_size": [0.5, 0.5]},
								"down": {"uv": [32, 18.5], "uv_size": [0.5, -0.5]}
							}
						},
						{
							"origin": [-0.8125, 0.96523, -2.125],
							"size": [1.625, 0.31954, 0.75],
							"inflate": -0.0001,
							"uv": {
								"north": {"uv": [24, 5], "uv_size": [1.5, 0.5]},
								"east": {"uv": [9, 28], "uv_size": [1, 0.5]},
								"south": {"uv": [6, 24], "uv_size": [1.5, 0.5]},
								"west": {"uv": [28, 9], "uv_size": [1, 0.5]},
								"up": {"uv": [2, 18], "uv_size": [1.5, 1]},
								"down": {"uv": [7, 19], "uv_size": [1.5, -1]}
							}
						},
						{
							"origin": [-0.9375, 0.96523, -2],
							"size": [0.125, 0.31954, 0.5],
							"uv": {
								"north": {"uv": [19, 32], "uv_size": [0.5, 0.5]},
								"east": {"uv": [32, 19], "uv_size": [0.5, 0.5]},
								"south": {"uv": [20, 32], "uv_size": [0.5, 0.5]},
								"west": {"uv": [32, 20], "uv_size": [0.5, 0.5]},
								"up": {"uv": [21, 32], "uv_size": [0.5, 0.5]},
								"down": {"uv": [32, 21.5], "uv_size": [0.5, -0.5]}
							}
						},
						{
							"origin": [-0.96339, 0.96523, -1.53125],
							"size": [0.17678, 0.31954, 0.09375],
							"pivot": [-0.875, 1.125, -1.4375],
							"rotation": [0, -45, 0],
							"uv": {
								"north": {"uv": [22, 32], "uv_size": [0.5, 0.5]},
								"east": {"uv": [32, 22], "uv_size": [0.5, 0.5]},
								"south": {"uv": [23, 32], "uv_size": [0.5, 0.5]},
								"west": {"uv": [32, 23], "uv_size": [0.5, 0.5]},
								"up": {"uv": [24, 32], "uv_size": [0.5, 0.5]},
								"down": {"uv": [32, 24.5], "uv_size": [0.5, -0.5]}
							}
						},
						{
							"origin": [0.8125, 0.96523, -2],
							"size": [0.125, 0.31954, 0.5],
							"uv": {
								"north": {"uv": [25, 32], "uv_size": [0.5, 0.5]},
								"east": {"uv": [32, 25], "uv_size": [0.5, 0.5]},
								"south": {"uv": [26, 32], "uv_size": [0.5, 0.5]},
								"west": {"uv": [32, 26], "uv_size": [0.5, 0.5]},
								"up": {"uv": [27, 32], "uv_size": [0.5, 0.5]},
								"down": {"uv": [32, 27.5], "uv_size": [0.5, -0.5]}
							}
						},
						{
							"origin": [0.78661, 0.96523, -2.0625],
							"size": [0.17678, 0.31954, 0.09375],
							"pivot": [0.875, 1.125, -2.0625],
							"rotation": [0, -45, 0],
							"uv": {
								"north": {"uv": [28, 32], "uv_size": [0.5, 0.5]},
								"east": {"uv": [32, 28], "uv_size": [0.5, 0.5]},
								"south": {"uv": [29, 32], "uv_size": [0.5, 0.5]},
								"west": {"uv": [32, 29], "uv_size": [0.5, 0.5]},
								"up": {"uv": [30, 32], "uv_size": [0.5, 0.5]},
								"down": {"uv": [32, 30.5], "uv_size": [0.5, -0.5]}
							}
						},
						{
							"origin": [0.78661, 0.96523, -1.53125],
							"size": [0.17678, 0.31954, 0.09375],
							"pivot": [0.875, 1.125, -1.4375],
							"rotation": [0, 45, 0],
							"uv": {
								"north": {"uv": [31, 32], "uv_size": [0.5, 0.5]},
								"east": {"uv": [32, 31], "uv_size": [0.5, 0.5]},
								"south": {"uv": [32, 32], "uv_size": [0.5, 0.5]},
								"west": {"uv": [0, 33], "uv_size": [0.5, 0.5]},
								"up": {"uv": [33, 0], "uv_size": [0.5, 0.5]},
								"down": {"uv": [1, 33.5], "uv_size": [0.5, -0.5]}
							}
						}
					]
				},
				{
					"name": "hjhj2",
					"parent": "scope_body",
					"pivot": [8, -6.90625, -17.8125],
					"cubes": [
						{
							"origin": [-0.16827, 0.6875, -10.3125],
							"size": [0.33654, 0.8125, 1],
							"pivot": [0, 1.09375, -9.8125],
							"rotation": [0, 0, 45],
							"uv": {
								"north": {"uv": [10, 28], "uv_size": [0.5, 1]},
								"east": {"uv": [19, 2], "uv_size": [1, 1]},
								"south": {"uv": [28, 10], "uv_size": [0.5, 1]},
								"west": {"uv": [3, 19], "uv_size": [1, 1]},
								"up": {"uv": [11, 28], "uv_size": [0.5, 1]},
								"down": {"uv": [28, 12], "uv_size": [0.5, -1]}
							}
						},
						{
							"origin": [-0.16827, 0.6875, -10.3125],
							"size": [0.33654, 0.8125, 1],
							"uv": {
								"north": {"uv": [12, 28], "uv_size": [0.5, 1]},
								"east": {"uv": [19, 3], "uv_size": [1, 1]},
								"south": {"uv": [28, 12], "uv_size": [0.5, 1]},
								"west": {"uv": [4, 19], "uv_size": [1, 1]},
								"up": {"uv": [13, 28], "uv_size": [0.5, 1]},
								"down": {"uv": [28, 14], "uv_size": [0.5, -1]}
							}
						},
						{
							"origin": [-0.26923, 0.8125, -10.4375],
							"size": [0.5, 0.5, 0.125],
							"pivot": [-0.0625, 1.09375, -10.4375],
							"rotation": [0, 0, -45],
							"uv": {
								"north": {"uv": [33, 1], "uv_size": [0.5, 0.5]},
								"east": {"uv": [2, 33], "uv_size": [0.5, 0.5]},
								"south": {"uv": [33, 2], "uv_size": [0.5, 0.5]},
								"west": {"uv": [3, 33], "uv_size": [0.5, 0.5]},
								"up": {"uv": [33, 3], "uv_size": [0.5, 0.5]},
								"down": {"uv": [4, 33.5], "uv_size": [0.5, -0.5]}
							}
						},
						{
							"origin": [-0.20673, 0.875, -10.6875],
							"size": [0.375, 0.375, 0.25],
							"pivot": [-0.0625, 1.09375, -10.5625],
							"rotation": [0, 0, -45],
							"uv": {
								"north": {"uv": [33, 4], "uv_size": [0.5, 0.5]},
								"east": {"uv": [5, 33], "uv_size": [0.5, 0.5]},
								"south": {"uv": [33, 5], "uv_size": [0.5, 0.5]},
								"west": {"uv": [6, 33], "uv_size": [0.5, 0.5]},
								"up": {"uv": [33, 6], "uv_size": [0.5, 0.5]},
								"down": {"uv": [7, 33.5], "uv_size": [0.5, -0.5]}
							}
						},
						{
							"origin": [-0.40625, 0.92548, -10.3125],
							"size": [0.8125, 0.33654, 1],
							"pivot": [0, 1.09375, -9.8125],
							"rotation": [0, 0, 45],
							"uv": {
								"north": {"uv": [14, 28], "uv_size": [1, 0.5]},
								"east": {"uv": [28, 14], "uv_size": [1, 0.5]},
								"south": {"uv": [15, 28], "uv_size": [1, 0.5]},
								"west": {"uv": [28, 15], "uv_size": [1, 0.5]},
								"up": {"uv": [19, 4], "uv_size": [1, 1]},
								"down": {"uv": [5, 20], "uv_size": [1, -1]}
							}
						},
						{
							"origin": [-0.40625, 0.92548, -10.3125],
							"size": [0.8125, 0.33654, 1],
							"uv": {
								"north": {"uv": [16, 28], "uv_size": [1, 0.5]},
								"east": {"uv": [28, 16], "uv_size": [1, 0.5]},
								"south": {"uv": [17, 28], "uv_size": [1, 0.5]},
								"west": {"uv": [28, 17], "uv_size": [1, 0.5]},
								"up": {"uv": [19, 5], "uv_size": [1, 1]},
								"down": {"uv": [6, 20], "uv_size": [1, -1]}
							}
						}
					]
				},
				{
					"name": "bone16",
					"parent": "scope_body",
					"pivot": [0, 1.09375, -8.0625]
				},
				{
					"name": "bone15",
					"parent": "bone16",
					"pivot": [0, 1.5625, -7.56103],
					"rotation": [2, 0, 0],
					"cubes": [
						{
							"origin": [-0.19416, 1.5, -9.32812],
							"size": [0.21339, 0.0625, 1.76562],
							"pivot": [-0.19416, 1.5625, -7.5625],
							"rotation": [0, -0.75, 0],
							"uv": {
								"north": {"uv": [33, 7], "uv_size": [0.5, 0.5]},
								"east": {"uv": [19, 6], "uv_size": [2, 0.5]},
								"south": {"uv": [8, 33], "uv_size": [0.5, 0.5]},
								"west": {"uv": [7, 19], "uv_size": [2, 0.5]},
								"up": {"uv": [19, 7], "uv_size": [0.5, 2]},
								"down": {"uv": [12, 21], "uv_size": [0.5, -2]}
							}
						},
						{
							"origin": [-0.01923, 1.5, -9.32812],
							"size": [0.21339, 0.0625, 1.76562],
							"pivot": [0.19416, 1.5625, -7.5625],
							"rotation": [0, 0.75, 0],
							"uv": {
								"north": {"uv": [33, 8], "uv_size": [0.5, 0.5]},
								"east": {"uv": [19, 9], "uv_size": [2, 0.5]},
								"south": {"uv": [9, 33], "uv_size": [0.5, 0.5]},
								"west": {"uv": [19, 11], "uv_size": [2, 0.5]},
								"up": {"uv": [13, 19], "uv_size": [0.5, 2]},
								"down": {"uv": [14, 21], "uv_size": [0.5, -2]}
							}
						}
					]
				},
				{
					"name": "bone20",
					"parent": "bone16",
					"pivot": [-0.375, 1.5625, -7.56103],
					"rotation": [2, 0, -45],
					"cubes": [
						{
							"origin": [-0.63545, 1.37226, -9.33259],
							"size": [0.21338, 0.0625, 1.76563],
							"pivot": [-0.63545, 1.43476, -7.56696],
							"rotation": [0, -0.75, 0],
							"uv": {
								"north": {"uv": [33, 9], "uv_size": [0.5, 0.5]},
								"east": {"uv": [19, 14], "uv_size": [2, 0.5]},
								"south": {"uv": [10, 33], "uv_size": [0.5, 0.5]},
								"west": {"uv": [15, 19], "uv_size": [2, 0.5]},
								"up": {"uv": [19, 15], "uv_size": [0.5, 2]},
								"down": {"uv": [17, 21], "uv_size": [0.5, -2]}
							}
						},
						{
							"origin": [-0.46052, 1.37226, -9.33259],
							"size": [0.21339, 0.0625, 1.76563],
							"pivot": [-0.24713, 1.43476, -7.56696],
							"rotation": [0, 0.75, 0],
							"uv": {
								"north": {"uv": [33, 10], "uv_size": [0.5, 0.5]},
								"east": {"uv": [19, 17], "uv_size": [2, 0.5]},
								"south": {"uv": [11, 33], "uv_size": [0.5, 0.5]},
								"west": {"uv": [18, 19], "uv_size": [2, 0.5]},
								"up": {"uv": [0, 20], "uv_size": [0.5, 2]},
								"down": {"uv": [20, 2], "uv_size": [0.5, -2]}
							}
						}
					]
				},
				{
					"name": "bone21",
					"parent": "bone16",
					"pivot": [0.375, 1.5625, -7.56103],
					"rotation": [2, 0, 45],
					"cubes": [
						{
							"origin": [0.42207, 1.37226, -9.33259],
							"size": [0.21338, 0.0625, 1.76563],
							"pivot": [0.63545, 1.43476, -7.56696],
							"rotation": [0, 0.75, 0],
							"uv": {
								"north": {"uv": [33, 11], "uv_size": [0.5, 0.5]},
								"east": {"uv": [19, 18], "uv_size": [2, 0.5]},
								"south": {"uv": [12, 33], "uv_size": [0.5, 0.5]},
								"west": {"uv": [1, 20], "uv_size": [2, 0.5]},
								"up": {"uv": [20, 2], "uv_size": [0.5, 2]},
								"down": {"uv": [3, 22], "uv_size": [0.5, -2]}
							}
						},
						{
							"origin": [0.24713, 1.37226, -9.33259],
							"size": [0.21339, 0.0625, 1.76563],
							"pivot": [0.24713, 1.43476, -7.56696],
							"rotation": [0, -0.75, 0],
							"uv": {
								"north": {"uv": [33, 12], "uv_size": [0.5, 0.5]},
								"east": {"uv": [4, 20], "uv_size": [2, 0.5]},
								"south": {"uv": [13, 33], "uv_size": [0.5, 0.5]},
								"west": {"uv": [20, 4], "uv_size": [2, 0.5]},
								"up": {"uv": [6, 20], "uv_size": [0.5, 2]},
								"down": {"uv": [7, 22], "uv_size": [0.5, -2]}
							}
						}
					]
				},
				{
					"name": "bone22",
					"parent": "bone16",
					"pivot": [0.375, 0.625, -7.56103],
					"rotation": [-2, 0, -45],
					"cubes": [
						{
							"origin": [0.42207, 0.75274, -9.33259],
							"size": [0.21338, 0.0625, 1.76563],
							"pivot": [0.63545, 0.75274, -7.56696],
							"rotation": [0, 0.75, 0],
							"uv": {
								"north": {"uv": [33, 13], "uv_size": [0.5, 0.5]},
								"east": {"uv": [20, 5], "uv_size": [2, 0.5]},
								"south": {"uv": [14, 33], "uv_size": [0.5, 0.5]},
								"west": {"uv": [20, 7], "uv_size": [2, 0.5]},
								"up": {"uv": [8, 20], "uv_size": [0.5, 2]},
								"down": {"uv": [15, 22], "uv_size": [0.5, -2]}
							}
						},
						{
							"origin": [0.24713, 0.75274, -9.33259],
							"size": [0.21339, 0.0625, 1.76563],
							"pivot": [0.24713, 0.75274, -7.56696],
							"rotation": [0, -0.75, 0],
							"uv": {
								"north": {"uv": [33, 14], "uv_size": [0.5, 0.5]},
								"east": {"uv": [20, 8], "uv_size": [2, 0.5]},
								"south": {"uv": [15, 33], "uv_size": [0.5, 0.5]},
								"west": {"uv": [20, 15], "uv_size": [2, 0.5]},
								"up": {"uv": [16, 20], "uv_size": [0.5, 2]},
								"down": {"uv": [18, 22], "uv_size": [0.5, -2]}
							}
						}
					]
				},
				{
					"name": "bone23",
					"parent": "bone16",
					"pivot": [-0.375, 0.625, -7.56103],
					"rotation": [-2, 0, 45],
					"cubes": [
						{
							"origin": [-0.63545, 0.75274, -9.33259],
							"size": [0.21338, 0.0625, 1.76563],
							"pivot": [-0.63545, 0.75274, -7.56696],
							"rotation": [0, -0.75, 0],
							"uv": {
								"north": {"uv": [33, 15], "uv_size": [0.5, 0.5]},
								"east": {"uv": [20, 16], "uv_size": [2, 0.5]},
								"south": {"uv": [16, 33], "uv_size": [0.5, 0.5]},
								"west": {"uv": [19, 20], "uv_size": [2, 0.5]},
								"up": {"uv": [21, 0], "uv_size": [0.5, 2]},
								"down": {"uv": [1, 23], "uv_size": [0.5, -2]}
							}
						},
						{
							"origin": [-0.46052, 0.75274, -9.33259],
							"size": [0.21339, 0.0625, 1.76563],
							"pivot": [-0.24713, 0.75274, -7.56696],
							"rotation": [0, 0.75, 0],
							"uv": {
								"north": {"uv": [33, 16], "uv_size": [0.5, 0.5]},
								"east": {"uv": [20, 19], "uv_size": [2, 0.5]},
								"south": {"uv": [17, 33], "uv_size": [0.5, 0.5]},
								"west": {"uv": [21, 2], "uv_size": [2, 0.5]},
								"up": {"uv": [2, 21], "uv_size": [0.5, 2]},
								"down": {"uv": [4, 23], "uv_size": [0.5, -2]}
							}
						}
					]
				},
				{
					"name": "bone18",
					"parent": "bone16",
					"pivot": [-0.46875, 1.09375, -7.56103],
					"rotation": [2, 0, -90],
					"cubes": [
						{
							"origin": [-0.66291, 1.03125, -9.32812],
							"size": [0.21339, 0.0625, 1.76562],
							"pivot": [-0.66291, 1.09375, -7.5625],
							"rotation": [0, -0.75, 0],
							"uv": {
								"north": {"uv": [33, 17], "uv_size": [0.5, 0.5]},
								"east": {"uv": [21, 3], "uv_size": [2, 0.5]},
								"south": {"uv": [18, 33], "uv_size": [0.5, 0.5]},
								"west": {"uv": [21, 6], "uv_size": [2, 0.5]},
								"up": {"uv": [5, 21], "uv_size": [0.5, 2]},
								"down": {"uv": [9, 23], "uv_size": [0.5, -2]}
							}
						},
						{
							"origin": [-0.48798, 1.03125, -9.32812],
							"size": [0.21339, 0.0625, 1.76562],
							"pivot": [-0.27459, 1.09375, -7.5625],
							"rotation": [0, 0.75, 0],
							"uv": {
								"north": {"uv": [33, 18], "uv_size": [0.5, 0.5]},
								"east": {"uv": [21, 9], "uv_size": [2, 0.5]},
								"south": {"uv": [19, 33], "uv_size": [0.5, 0.5]},
								"west": {"uv": [10, 21], "uv_size": [2, 0.5]},
								"up": {"uv": [21, 10], "uv_size": [0.5, 2]},
								"down": {"uv": [12, 23], "uv_size": [0.5, -2]}
							}
						}
					]
				},
				{
					"name": "bone19",
					"parent": "bone16",
					"pivot": [0.46875, 1.09375, -7.56103],
					"rotation": [2, 0, 90],
					"cubes": [
						{
							"origin": [0.44952, 1.03125, -9.32812],
							"size": [0.21339, 0.0625, 1.76562],
							"pivot": [0.66291, 1.09375, -7.5625],
							"rotation": [0, 0.75, 0],
							"uv": {
								"north": {"uv": [33, 19], "uv_size": [0.5, 0.5]},
								"east": {"uv": [21, 12], "uv_size": [2, 0.5]},
								"south": {"uv": [20, 33], "uv_size": [0.5, 0.5]},
								"west": {"uv": [13, 21], "uv_size": [2, 0.5]},
								"up": {"uv": [21, 13], "uv_size": [0.5, 2]},
								"down": {"uv": [17, 23], "uv_size": [0.5, -2]}
							}
						},
						{
							"origin": [0.27459, 1.03125, -9.32812],
							"size": [0.21339, 0.0625, 1.76562],
							"pivot": [0.27459, 1.09375, -7.5625],
							"rotation": [0, -0.75, 0],
							"uv": {
								"north": {"uv": [33, 20], "uv_size": [0.5, 0.5]},
								"east": {"uv": [21, 17], "uv_size": [2, 0.5]},
								"south": {"uv": [21, 33], "uv_size": [0.5, 0.5]},
								"west": {"uv": [21, 18], "uv_size": [2, 0.5]},
								"up": {"uv": [19, 21], "uv_size": [0.5, 2]},
								"down": {"uv": [20, 23], "uv_size": [0.5, -2]}
							}
						}
					]
				},
				{
					"name": "bone17",
					"parent": "bone16",
					"pivot": [0, 0.625, -7.56103],
					"rotation": [-2, 0, 0],
					"cubes": [
						{
							"origin": [-0.19416, 0.625, -9.32812],
							"size": [0.21339, 0.0625, 1.76562],
							"pivot": [-0.19416, 0.625, -7.5625],
							"rotation": [0, -0.75, 0],
							"uv": {
								"north": {"uv": [33, 21], "uv_size": [0.5, 0.5]},
								"east": {"uv": [21, 20], "uv_size": [2, 0.5]},
								"south": {"uv": [22, 33], "uv_size": [0.5, 0.5]},
								"west": {"uv": [21, 21], "uv_size": [2, 0.5]},
								"up": {"uv": [0, 22], "uv_size": [0.5, 2]},
								"down": {"uv": [22, 2], "uv_size": [0.5, -2]}
							}
						},
						{
							"origin": [-0.01923, 0.625, -9.32812],
							"size": [0.21339, 0.0625, 1.76562],
							"pivot": [0.19416, 0.625, -7.5625],
							"rotation": [0, 0.75, 0],
							"uv": {
								"north": {"uv": [33, 22], "uv_size": [0.5, 0.5]},
								"east": {"uv": [22, 4], "uv_size": [2, 0.5]},
								"south": {"uv": [23, 33], "uv_size": [0.5, 0.5]},
								"west": {"uv": [22, 5], "uv_size": [2, 0.5]},
								"up": {"uv": [3, 22], "uv_size": [0.5, 2]},
								"down": {"uv": [6, 24], "uv_size": [0.5, -2]}
							}
						}
					]
				},
				{
					"name": "scope_view",
					"pivot": [0, 1.125, 6.25]
				},
				{
					"name": "division",
					"pivot": [0.35625, 0.51563, -124.875],
					"cubes": [
						{
							"origin": [-28.1875, -25.09374, -125],
							"size": [56.375, 52.40625, 0.25],
							"uv": {
								"south": {"uv": [37.5, 37.5], "uv_size": [181.5, 181.5]}
							}
						},
						{
							"origin": [-92.89375, -75.70312, -125],
							"size": [52.70625, 152.375, 0.25],
							"uv": {
								"south": {"uv": [3, 55], "uv_size": [10, 2.5]}
							}
						},
						{
							"origin": [41.1875, -75.70312, -125],
							"size": [52.26875, 152.375, 0.25],
							"uv": {
								"south": {"uv": [0, 55], "uv_size": [15, 3.5]}
							}
						},
						{
							"origin": [-40.1875, 41.73438, -125],
							"size": [81.375, 34.9375, 0.25],
							"uv": {
								"south": {"uv": [0, 66], "uv_size": [17, 9]}
							}
						},
						{
							"origin": [-40.1875, -75.70312, -125],
							"size": [81.375, 34, 0.25],
							"uv": {
								"south": {"uv": [0, 52.5], "uv_size": [14, 9]}
							}
						}
					]
				},
				{
					"name": "cross_illuminated",
					"parent": "division",
					"pivot": [0, 1.125, -124.5625],
					"cubes": [
						{
							"origin": [-11, 8.125, -124.625],
							"size": [2, 0.5, 0],
							"pivot": [0, 8.375, -124.625],
							"rotation": [0, 0, -90],
							"uv": {
								"south": {"uv": [16.5, 44.5], "uv_size": [2, 0.5]}
							}
						},
						{
							"origin": [-12, 14.625, -124.625],
							"size": [2, 0.5, 0],
							"pivot": [0, 14.875, -124.625],
							"rotation": [0, 0, -90],
							"uv": {
								"south": {"uv": [16.5, 44.5], "uv_size": [2, 0.5]}
							}
						},
						{
							"origin": [1.75, 0.875, -124.625],
							"size": [2, 0.5, 0],
							"uv": {
								"south": {"uv": [47.5, 14.5], "uv_size": [2, 0.5]}
							}
						},
						{
							"origin": [-3.75, 0.875, -124.625],
							"size": [2, 0.5, 0],
							"uv": {
								"south": {"uv": [18.5, 44.5], "uv_size": [2, 0.5]}
							}
						},
						{
							"origin": [-0.625, 0.51072, -124.5625],
							"size": [1.25, 1.25, 0],
							"pivot": [0, 1.13572, -124.5625],
							"rotation": [0, 0, -45],
							"uv": {
								"south": {"uv": [47.5, 12], "uv_size": [2, 2]}
							}
						}
					]
				},
				{
					"name": "ocular",
					"pivot": [0, 1.19687, 2.62188],
					"cubes": [
						{
							"origin": [-0.69616, 0.82151, 3.33985],
							"size": [1.39232, 0.57669, -0.00006],
							"inflate": 0.0001,
							"uv": {
								"south": {"uv": [0.5, 49.5], "uv_size": [2, 1]}
							}
						},
						{
							"origin": [-0.69623, 0.82144, 3.33979],
							"size": [1.39244, 0.5768, 0.00006],
							"inflate": -0.0001,
							"pivot": [0, 1.10985, 3.60089],
							"rotation": [0, 0, 45],
							"uv": {
								"south": {"uv": [20.5, 48.5], "uv_size": [2, 1]}
							}
						},
						{
							"origin": [-0.28831, 0.41372, 3.33989],
							"size": [0.57663, 1.39227, -0.00012],
							"inflate": 0.0002,
							"uv": {
								"south": {"uv": [18.5, 48.5], "uv_size": [1, 2]}
							}
						},
						{
							"origin": [-0.28837, 0.41366, 3.33982],
							"size": [0.57675, 1.39238, 0],
							"pivot": [0, 1.10985, 3.60089],
							"rotation": [0, 0, 45],
							"uv": {
								"south": {"uv": [16.5, 48.5], "uv_size": [1, 2]}
							}
						}
					]
				},
				{
					"name": "ocular_ring",
					"pivot": [0, 1.125, 3.25],
					"cubes": [
						{
							"origin": [-0.33655, 0.3125, 2.9375],
							"size": [0.6731, 0.1375, 0.625],
							"pivot": [0, 1.125, 3.0625],
							"rotation": [0, 0, 45],
							"uv": {
								"north": {"uv": [29, 11], "uv_size": [0.5, 0.5]},
								"east": {"uv": [12, 29], "uv_size": [0.5, 0.5]},
								"south": {"uv": [29, 12], "uv_size": [0.5, 0.5]},
								"west": {"uv": [13, 29], "uv_size": [0.5, 0.5]},
								"up": {"uv": [29, 13], "uv_size": [0.5, 0.5]},
								"down": {"uv": [14, 29.5], "uv_size": [0.5, -0.5]}
							}
						},
						{
							"origin": [-0.33655, 0.3125, 2.9375],
							"size": [0.6731, 0.1375, 0.625],
							"inflate": 0.0001,
							"uv": {
								"north": {"uv": [29, 14], "uv_size": [0.5, 0.5]},
								"east": {"uv": [15, 29], "uv_size": [0.5, 0.5]},
								"south": {"uv": [29, 15], "uv_size": [0.5, 0.5]},
								"west": {"uv": [16, 29], "uv_size": [0.5, 0.5]},
								"up": {"uv": [29, 16], "uv_size": [0.5, 0.5]},
								"down": {"uv": [17, 29.5], "uv_size": [0.5, -0.5]}
							}
						},
						{
							"origin": [-0.33655, 1.8, 2.9375],
							"size": [0.6731, 0.1375, 0.625],
							"pivot": [0, 1.125, 3.0625],
							"rotation": [0, 0, 45],
							"uv": {
								"north": {"uv": [29, 17], "uv_size": [0.5, 0.5]},
								"east": {"uv": [18, 29], "uv_size": [0.5, 0.5]},
								"south": {"uv": [29, 18], "uv_size": [0.5, 0.5]},
								"west": {"uv": [19, 29], "uv_size": [0.5, 0.5]},
								"up": {"uv": [29, 19], "uv_size": [0.5, 0.5]},
								"down": {"uv": [20, 29.5], "uv_size": [0.5, -0.5]}
							}
						},
						{
							"origin": [-0.33655, 1.8, 2.9375],
							"size": [0.6731, 0.1375, 0.625],
							"inflate": 0.0001,
							"uv": {
								"north": {"uv": [29, 20], "uv_size": [0.5, 0.5]},
								"east": {"uv": [21, 29], "uv_size": [0.5, 0.5]},
								"south": {"uv": [29, 21], "uv_size": [0.5, 0.5]},
								"west": {"uv": [22, 29], "uv_size": [0.5, 0.5]},
								"up": {"uv": [29, 22], "uv_size": [0.5, 0.5]},
								"down": {"uv": [23, 29.5], "uv_size": [0.5, -0.5]}
							}
						},
						{
							"origin": [0.675, 0.78845, 2.9375],
							"size": [0.1375, 0.6731, 0.625],
							"pivot": [0, 1.125, 3.0625],
							"rotation": [0, 0, 45],
							"uv": {
								"north": {"uv": [29, 23], "uv_size": [0.5, 0.5]},
								"east": {"uv": [24, 29], "uv_size": [0.5, 0.5]},
								"south": {"uv": [29, 24], "uv_size": [0.5, 0.5]},
								"west": {"uv": [25, 29], "uv_size": [0.5, 0.5]},
								"up": {"uv": [29, 25], "uv_size": [0.5, 0.5]},
								"down": {"uv": [26, 29.5], "uv_size": [0.5, -0.5]}
							}
						},
						{
							"origin": [0.675, 0.78845, 2.9375],
							"size": [0.1375, 0.6731, 0.625],
							"inflate": 0.0001,
							"uv": {
								"north": {"uv": [29, 26], "uv_size": [0.5, 0.5]},
								"east": {"uv": [27, 29], "uv_size": [0.5, 0.5]},
								"south": {"uv": [29, 27], "uv_size": [0.5, 0.5]},
								"west": {"uv": [28, 29], "uv_size": [0.5, 0.5]},
								"up": {"uv": [29, 28], "uv_size": [0.5, 0.5]},
								"down": {"uv": [29, 29.5], "uv_size": [0.5, -0.5]}
							}
						},
						{
							"origin": [-0.8125, 0.78845, 2.9375],
							"size": [0.1375, 0.6731, 0.625],
							"pivot": [0, 1.125, 3.0625],
							"rotation": [0, 0, 45],
							"uv": {
								"north": {"uv": [0, 30], "uv_size": [0.5, 0.5]},
								"east": {"uv": [30, 0], "uv_size": [0.5, 0.5]},
								"south": {"uv": [1, 30], "uv_size": [0.5, 0.5]},
								"west": {"uv": [30, 1], "uv_size": [0.5, 0.5]},
								"up": {"uv": [2, 30], "uv_size": [0.5, 0.5]},
								"down": {"uv": [30, 2.5], "uv_size": [0.5, -0.5]}
							}
						},
						{
							"origin": [-0.8125, 0.78845, 2.9375],
							"size": [0.1375, 0.6731, 0.625],
							"inflate": 0.0001,
							"uv": {
								"north": {"uv": [3, 30], "uv_size": [0.5, 0.5]},
								"east": {"uv": [30, 3], "uv_size": [0.5, 0.5]},
								"south": {"uv": [4, 30], "uv_size": [0.5, 0.5]},
								"west": {"uv": [30, 4], "uv_size": [0.5, 0.5]},
								"up": {"uv": [5, 30], "uv_size": [0.5, 0.5]},
								"down": {"uv": [30, 5.5], "uv_size": [0.5, -0.5]}
							}
						}
					]
				}
			]
		}
	]
}