{
	"format_version": "1.12.0",
	"minecraft:geometry": [
		{
			"description": {
				"identifier": "geometry.unknown",
				"texture_width": 256,
				"texture_height": 256,
				"visible_bounds_width": 5,
				"visible_bounds_height": 4,
				"visible_bounds_offset": [0, 1, 0]
			},
			"bones": [
				{
					"name": "ocular_ring",
					"pivot": [1.8185, 3.52485, 5.47332]
				},
				{
					"name": "gdsgfds",
					"parent": "ocular_ring",
					"pivot": [10, -3.3125, 4],
					"cubes": [
						{
							"origin": [1.38903, 3.2125, 10.375],
							"size": [1.22193, 0.2, 0.25],
							"pivot": [2, 4.6875, 10.875],
							"rotation": [0, 0, 45],
							"uv": {
								"north": {"uv": [243.5, 95.5], "uv_size": [2.5, 0.5]},
								"east": {"uv": [99.5, 255.5], "uv_size": [0.5, 0.5]},
								"south": {"uv": [0, 253.5], "uv_size": [2.5, 0.5]},
								"west": {"uv": [103.5, 255.5], "uv_size": [0.5, 0.5]},
								"up": {"uv": [243.5, 99.5], "uv_size": [2.5, 0.5]},
								"down": {"uv": [109.5, 244], "uv_size": [2.5, -0.5]}
							}
						},
						{
							"origin": [1.38903, 3.2125, 10.375],
							"size": [1.22193, 0.2, 0.25],
							"uv": {
								"north": {"uv": [243.5, 109.5], "uv_size": [2.5, 0.5]},
								"east": {"uv": [107.5, 255.5], "uv_size": [0.5, 0.5]},
								"south": {"uv": [16, 253.5], "uv_size": [2.5, 0.5]},
								"west": {"uv": [111.5, 255.5], "uv_size": [0.5, 0.5]},
								"up": {"uv": [121.5, 243.5], "uv_size": [2.5, 0.5]},
								"down": {"uv": [243.5, 122], "uv_size": [2.5, -0.5]}
							}
						},
						{
							"origin": [1.38903, 5.9625, 10.375],
							"size": [1.22193, 0.2, 0.25],
							"pivot": [2, 4.6875, 10.875],
							"rotation": [0, 0, 45],
							"uv": {
								"north": {"uv": [127.5, 243.5], "uv_size": [2.5, 0.5]},
								"east": {"uv": [255.5, 111.5], "uv_size": [0.5, 0.5]},
								"south": {"uv": [34, 253.5], "uv_size": [2.5, 0.5]},
								"west": {"uv": [115.5, 255.5], "uv_size": [0.5, 0.5]},
								"up": {"uv": [243.5, 135.5], "uv_size": [2.5, 0.5]},
								"down": {"uv": [139.5, 244], "uv_size": [2.5, -0.5]}
							}
						},
						{
							"origin": [1.38903, 5.9625, 10.375],
							"size": [1.22193, 0.2, 0.25],
							"uv": {
								"north": {"uv": [145.5, 243.5], "uv_size": [2.5, 0.5]},
								"east": {"uv": [255.5, 115.5], "uv_size": [0.5, 0.5]},
								"south": {"uv": [52, 253.5], "uv_size": [2.5, 0.5]},
								"west": {"uv": [119.5, 255.5], "uv_size": [0.5, 0.5]},
								"up": {"uv": [157.5, 243.5], "uv_size": [2.5, 0.5]},
								"down": {"uv": [163.5, 244], "uv_size": [2.5, -0.5]}
							}
						},
						{
							"origin": [3.275, 4.07653, 10.375],
							"size": [0.2, 1.22193, 0.25],
							"pivot": [2, 4.6875, 10.875],
							"rotation": [0, 0, 45],
							"uv": {
								"north": {"uv": [91.5, 243.5], "uv_size": [0.5, 2.5]},
								"east": {"uv": [169.5, 243.5], "uv_size": [0.5, 2.5]},
								"south": {"uv": [74, 253.5], "uv_size": [0.5, 2.5]},
								"west": {"uv": [177.5, 243.5], "uv_size": [0.5, 2.5]},
								"up": {"uv": [123.5, 255.5], "uv_size": [0.5, 0.5]},
								"down": {"uv": [255.5, 124], "uv_size": [0.5, -0.5]}
							}
						},
						{
							"origin": [3.275, 4.07653, 10.375],
							"size": [0.2, 1.22193, 0.25],
							"uv": {
								"north": {"uv": [181.5, 243.5], "uv_size": [0.5, 2.5]},
								"east": {"uv": [185.5, 243.5], "uv_size": [0.5, 2.5]},
								"south": {"uv": [144, 195.5], "uv_size": [0.5, 2.5]},
								"west": {"uv": [189.5, 243.5], "uv_size": [0.5, 2.5]},
								"up": {"uv": [127.5, 255.5], "uv_size": [0.5, 0.5]},
								"down": {"uv": [131.5, 256], "uv_size": [0.5, -0.5]}
							}
						},
						{
							"origin": [0.525, 4.07653, 10.375],
							"size": [0.2, 1.22193, 0.25],
							"pivot": [2, 4.6875, 10.875],
							"rotation": [0, 0, 45],
							"uv": {
								"north": {"uv": [243.5, 191.5], "uv_size": [0.5, 2.5]},
								"east": {"uv": [193.5, 243.5], "uv_size": [0.5, 2.5]},
								"south": {"uv": [98, 253.5], "uv_size": [0.5, 2.5]},
								"west": {"uv": [201.5, 243.5], "uv_size": [0.5, 2.5]},
								"up": {"uv": [135.5, 255.5], "uv_size": [0.5, 0.5]},
								"down": {"uv": [139.5, 256], "uv_size": [0.5, -0.5]}
							}
						},
						{
							"origin": [0.525, 4.07653, 10.375],
							"size": [0.2, 1.22193, 0.25],
							"uv": {
								"north": {"uv": [205.5, 243.5], "uv_size": [0.5, 2.5]},
								"east": {"uv": [243.5, 207.5], "uv_size": [0.5, 2.5]},
								"south": {"uv": [110, 253.5], "uv_size": [0.5, 2.5]},
								"west": {"uv": [233.5, 243.5], "uv_size": [0.5, 2.5]},
								"up": {"uv": [143.5, 255.5], "uv_size": [0.5, 0.5]},
								"down": {"uv": [147.5, 256], "uv_size": [0.5, -0.5]}
							}
						}
					]
				},
				{
					"name": "scope_body",
					"pivot": [1.8185, 3.52485, 5.47332],
					"cubes": [
						{
							"origin": [1, 4.1875, -10.3125],
							"size": [2, 1, 0],
							"pivot": [2, 4.6875, -10.8125],
							"rotation": [0, 0, 45],
							"uv": {
								"north": {"uv": [87.5, 213.5], "uv_size": [4, 2]},
								"east": {"uv": [199.5, 88], "uv_size": [0, 2]},
								"south": {"uv": [213.5, 135.5], "uv_size": [4, 2]},
								"west": {"uv": [199.5, 92], "uv_size": [0, 2]},
								"up": {"uv": [227.5, 30], "uv_size": [4, 0]},
								"down": {"uv": [211.5, 125.5], "uv_size": [4, 0]}
							}
						},
						{
							"origin": [1, 4.1875, -10.3125],
							"size": [2, 1, 0],
							"uv": {
								"south": {"uv": [81.5, 213.5], "uv_size": [4, 2]}
							}
						},
						{
							"origin": [1, 4.1875, -10.3125],
							"size": [2, 1, 0],
							"pivot": [2, 4.6875, -10.3125],
							"rotation": [0, 0, 90],
							"uv": {
								"south": {"uv": [223.5, 72], "uv_size": [4, 2]}
							}
						},
						{
							"origin": [1.4375, 3.6875, -10.3125],
							"size": [1.125, 2, 0],
							"pivot": [2, 4.6875, -10.8125],
							"rotation": [0, 0, 45],
							"uv": {
								"south": {"uv": [157.5, 205.5], "uv_size": [2.5, 4]}
							}
						}
					]
				},
				{
					"name": "miaoju",
					"parent": "scope_body",
					"pivot": [1.8185, 3.52485, 5.47332],
					"cubes": [
						{
							"origin": [0.75, -0.8125, -5.75],
							"size": [0.5, 1.8125, 11.5],
							"uv": {
								"north": {"uv": [199.5, 223.5], "uv_size": [1, 3.5]},
								"east": {"uv": [233, 0], "uv_size": [23, 3.5]},
								"south": {"uv": [203.5, 223.5], "uv_size": [1, 3.5]},
								"west": {"uv": [199.5, 6], "uv_size": [23, 3.5]},
								"up": {"uv": [209.5, 112], "uv_size": [1, 23]},
								"down": {"uv": [213.5, 135], "uv_size": [1, -23]}
							}
						},
						{
							"origin": [0, -0.375, 3.6875],
							"size": [0.75, 1.1875, 1.375],
							"pivot": [0.5, 0.28125, 4.1875],
							"rotation": [-45, 0, 0],
							"uv": {
								"north": {"uv": [135.5, 223.5], "uv_size": [1.5, 2.5]},
								"east": {"uv": [99.5, 215.5], "uv_size": [3, 2.5]},
								"south": {"uv": [139.5, 223.5], "uv_size": [1.5, 2.5]},
								"west": {"uv": [105.5, 215.5], "uv_size": [3, 2.5]},
								"up": {"uv": [221.5, 125.5], "uv_size": [1.5, 3]},
								"down": {"uv": [187.5, 224.5], "uv_size": [1.5, -3]}
							}
						},
						{
							"origin": [0, -0.375, -4.875],
							"size": [0.75, 1.1875, 1.375],
							"pivot": [0.5, 0.28125, -4.375],
							"rotation": [-45, 0, 0],
							"uv": {
								"north": {"uv": [143.5, 223.5], "uv_size": [1.5, 2.5]},
								"east": {"uv": [111.5, 215.5], "uv_size": [3, 2.5]},
								"south": {"uv": [147.5, 223.5], "uv_size": [1.5, 2.5]},
								"west": {"uv": [117.5, 215.5], "uv_size": [3, 2.5]},
								"up": {"uv": [81.5, 223.5], "uv_size": [1.5, 3]},
								"down": {"uv": [223.5, 84.5], "uv_size": [1.5, -3]}
							}
						},
						{
							"origin": [1.25, -0.75, -1.75],
							"size": [0.75, 2, 3.75],
							"uv": {
								"north": {"uv": [81.5, 217.5], "uv_size": [1.5, 4]},
								"east": {"uv": [211.5, 20], "uv_size": [7.5, 4]},
								"south": {"uv": [85.5, 217.5], "uv_size": [1.5, 4]},
								"west": {"uv": [211.5, 26], "uv_size": [7.5, 4]},
								"up": {"uv": [117.5, 205.5], "uv_size": [1.5, 7.5]},
								"down": {"uv": [121.5, 213], "uv_size": [1.5, -7.5]}
							}
						},
						{
							"origin": [1.25, 1.25, -1.75],
							"size": [0.75, 2.0625, 0.5],
							"uv": {
								"north": {"uv": [89.5, 217.5], "uv_size": [1.5, 4]},
								"east": {"uv": [85.5, 223.5], "uv_size": [1, 4]},
								"south": {"uv": [208, 96.5], "uv_size": [1.5, 4]},
								"west": {"uv": [221, 83.5], "uv_size": [1, 4]},
								"up": {"uv": [121.5, 237.5], "uv_size": [1.5, 1]},
								"down": {"uv": [141.5, 238.5], "uv_size": [1.5, -1]}
							}
						},
						{
							"origin": [1.25, 3.0625, -1.5],
							"size": [0.75, 0.5, 0.5],
							"inflate": -0.001,
							"pivot": [1.625, 3.3125, -1.25],
							"rotation": [-45, 0, 0],
							"uv": {
								"north": {"uv": [237.5, 205.5], "uv_size": [1.5, 1]},
								"east": {"uv": [247.5, 77.5], "uv_size": [1, 1]},
								"south": {"uv": [209.5, 237.5], "uv_size": [1.5, 1]},
								"west": {"uv": [81.5, 247.5], "uv_size": [1, 1]},
								"up": {"uv": [237.5, 209.5], "uv_size": [1.5, 1]},
								"down": {"uv": [231.5, 238.5], "uv_size": [1.5, -1]}
							}
						},
						{
							"origin": [1.25, 3.0625, 1.25],
							"size": [0.75, 0.5, 0.5],
							"inflate": -0.001,
							"pivot": [1.625, 3.3125, 1.5],
							"rotation": [-45, 0, 0],
							"uv": {
								"north": {"uv": [235.5, 237.5], "uv_size": [1.5, 1]},
								"east": {"uv": [247.5, 85.5], "uv_size": [1, 1]},
								"south": {"uv": [81.5, 239.5], "uv_size": [1.5, 1]},
								"west": {"uv": [89.5, 247.5], "uv_size": [1, 1]},
								"up": {"uv": [239.5, 81.5], "uv_size": [1.5, 1]},
								"down": {"uv": [85.5, 240.5], "uv_size": [1.5, -1]}
							}
						},
						{
							"origin": [1.25, 3.0625, 1.75],
							"size": [0.75, 0.8125, 0.5],
							"inflate": -0.001,
							"pivot": [1.625, 3.3125, 2],
							"rotation": [-45, 0, 0],
							"uv": {
								"north": {"uv": [93.5, 239.5], "uv_size": [1.5, 1]},
								"east": {"uv": [247.5, 89.5], "uv_size": [1, 1]},
								"south": {"uv": [103.5, 239.5], "uv_size": [1.5, 1]},
								"west": {"uv": [247.5, 93.5], "uv_size": [1, 1]},
								"up": {"uv": [239.5, 103.5], "uv_size": [1.5, 1]},
								"down": {"uv": [239.5, 112.5], "uv_size": [1.5, -1]}
							}
						},
						{
							"origin": [1.25, 1, -1.5],
							"size": [0.75, 0.5, 0.5],
							"inflate": -0.001,
							"pivot": [1.625, 1.25, -1.25],
							"rotation": [-45, 0, 0],
							"uv": {
								"north": {"uv": [239.5, 115.5], "uv_size": [1.5, 1]},
								"east": {"uv": [247.5, 97.5], "uv_size": [1, 1]},
								"south": {"uv": [239.5, 125.5], "uv_size": [1.5, 1]},
								"west": {"uv": [247.5, 101.5], "uv_size": [1, 1]},
								"up": {"uv": [239.5, 129.5], "uv_size": [1.5, 1]},
								"down": {"uv": [239.5, 146.5], "uv_size": [1.5, -1]}
							}
						},
						{
							"origin": [1.25, 1, 1.25],
							"size": [0.75, 0.5, 0.5],
							"inflate": -0.001,
							"pivot": [1.625, 1.25, 1.5],
							"rotation": [-45, 0, 0],
							"uv": {
								"north": {"uv": [239.5, 149.5], "uv_size": [1.5, 1]},
								"east": {"uv": [247.5, 105.5], "uv_size": [1, 1]},
								"south": {"uv": [239.5, 153.5], "uv_size": [1.5, 1]},
								"west": {"uv": [247.5, 119.5], "uv_size": [1, 1]},
								"up": {"uv": [239.5, 175.5], "uv_size": [1.5, 1]},
								"down": {"uv": [239.5, 180.5], "uv_size": [1.5, -1]}
							}
						},
						{
							"origin": [1.25, 3.0625, -2],
							"size": [0.75, 0.5, 0.5],
							"inflate": -0.001,
							"pivot": [1.625, 3.3125, -1.75],
							"rotation": [-45, 0, 0],
							"uv": {
								"north": {"uv": [239.5, 197.5], "uv_size": [1.5, 1]},
								"east": {"uv": [247.5, 127.5], "uv_size": [1, 1]},
								"south": {"uv": [213.5, 239.5], "uv_size": [1.5, 1]},
								"west": {"uv": [247.5, 131.5], "uv_size": [1, 1]},
								"up": {"uv": [239.5, 213.5], "uv_size": [1.5, 1]},
								"down": {"uv": [217.5, 240.5], "uv_size": [1.5, -1]}
							}
						},
						{
							"origin": [1.25, 1.25, 1.5],
							"size": [0.75, 2.0625, 0.5],
							"uv": {
								"north": {"uv": [217.5, 125.5], "uv_size": [1.5, 4]},
								"east": {"uv": [89.5, 223.5], "uv_size": [1, 4]},
								"south": {"uv": [133.5, 217.5], "uv_size": [1.5, 4]},
								"west": {"uv": [131.5, 223.5], "uv_size": [1, 4]},
								"up": {"uv": [239.5, 217.5], "uv_size": [1.5, 1]},
								"down": {"uv": [221.5, 240.5], "uv_size": [1.5, -1]}
							}
						},
						{
							"origin": [1.75, -1.15011, -1.75],
							"size": [0.25, 0.40011, 3.75],
							"pivot": [2, -0.75, 2],
							"rotation": [0, 0, 38.5],
							"uv": {
								"north": {"uv": [251.5, 163.5], "uv_size": [0.5, 1]},
								"east": {"uv": [213.5, 139.5], "uv_size": [7.5, 1]},
								"south": {"uv": [165.5, 251.5], "uv_size": [0.5, 1]},
								"west": {"uv": [123.5, 215.5], "uv_size": [7.5, 1]},
								"up": {"uv": [159.5, 223.5], "uv_size": [0.5, 7.5]},
								"down": {"uv": [163.5, 231], "uv_size": [0.5, -7.5]}
							}
						},
						{
							"origin": [1.125, -1.0625, -1.75],
							"size": [0.625, 0.3125, 3.75],
							"uv": {
								"north": {"uv": [109.5, 249.5], "uv_size": [1.5, 0.5]},
								"east": {"uv": [223.5, 139.5], "uv_size": [7.5, 0.5]},
								"south": {"uv": [249.5, 109.5], "uv_size": [1.5, 0.5]},
								"west": {"uv": [223.5, 201.5], "uv_size": [7.5, 0.5]},
								"up": {"uv": [125.5, 205.5], "uv_size": [1.5, 7.5]},
								"down": {"uv": [129.5, 213], "uv_size": [1.5, -7.5]}
							}
						},
						{
							"origin": [1.6875, -0.25, -4.5625],
							"size": [0.25, 0.5625, 0.5625],
							"pivot": [1.9375, 0.03125, -4.28125],
							"rotation": [45, 0, 0],
							"uv": {
								"north": {"uv": [251.5, 167.5], "uv_size": [0.5, 1]},
								"east": {"uv": [247.5, 135.5], "uv_size": [1, 1]},
								"south": {"uv": [169.5, 251.5], "uv_size": [0.5, 1]},
								"west": {"uv": [247.5, 139.5], "uv_size": [1, 1]},
								"up": {"uv": [251.5, 171.5], "uv_size": [0.5, 1]},
								"down": {"uv": [173.5, 252.5], "uv_size": [0.5, -1]}
							}
						},
						{
							"origin": [1.6875, -0.25, 3.9375],
							"size": [0.25, 0.5625, 0.5625],
							"pivot": [1.9375, 0.03125, 4.21875],
							"rotation": [45, 0, 0],
							"uv": {
								"north": {"uv": [251.5, 175.5], "uv_size": [0.5, 1]},
								"east": {"uv": [247.5, 143.5], "uv_size": [1, 1]},
								"south": {"uv": [177.5, 251.5], "uv_size": [0.5, 1]},
								"west": {"uv": [247.5, 147.5], "uv_size": [1, 1]},
								"up": {"uv": [251.5, 179.5], "uv_size": [0.5, 1]},
								"down": {"uv": [181.5, 252.5], "uv_size": [0.5, -1]}
							}
						},
						{
							"origin": [1.40569, 5.8964, 8.5625],
							"size": [1.16717, 0.2, 1.8125],
							"pivot": [1.98928, 4.6875, 9.0625],
							"rotation": [0, 0, 45],
							"uv": {
								"north": {"uv": [235.5, 241.5], "uv_size": [2.5, 0.5]},
								"south": {"uv": [241.5, 241.5], "uv_size": [2.5, 0.5]},
								"up": {"uv": [221.5, 24], "uv_size": [2.5, 6]},
								"down": {"uv": [223.5, 54], "uv_size": [2.5, -6]}
							}
						},
						{
							"origin": [1.40569, 5.8964, 8.5625],
							"size": [1.16717, 0.2, 1.8125],
							"uv": {
								"north": {"uv": [73.5, 243.5], "uv_size": [2.5, 0.5]},
								"south": {"uv": [79.5, 243.5], "uv_size": [2.5, 0.5]},
								"up": {"uv": [223.5, 56], "uv_size": [2.5, 6]},
								"down": {"uv": [223.5, 70], "uv_size": [2.5, -6]}
							}
						},
						{
							"origin": [0.58038, 4.10391, 8.5625],
							"size": [0.2, 1.16717, 1.8125],
							"pivot": [1.98928, 4.6875, 9.0625],
							"rotation": [0, 0, 45],
							"uv": {
								"north": {"uv": [85.5, 243.5], "uv_size": [0.5, 2.5]},
								"east": {"uv": [225.5, 0], "uv_size": [6, 2.5]},
								"south": {"uv": [93.5, 243.5], "uv_size": [0.5, 2.5]},
								"west": {"uv": [225.5, 6], "uv_size": [6, 2.5]}
							}
						},
						{
							"origin": [0.58038, 4.10391, 8.5625],
							"size": [0.2, 1.16717, 1.8125],
							"uv": {
								"north": {"uv": [243.5, 101.5], "uv_size": [0.5, 2.5]},
								"east": {"uv": [227.5, 24], "uv_size": [6, 2.5]},
								"south": {"uv": [103.5, 243.5], "uv_size": [0.5, 2.5]},
								"west": {"uv": [229.5, 48], "uv_size": [6, 2.5]}
							}
						},
						{
							"origin": [1.40569, 3.2786, 8.5625],
							"size": [1.16717, 0.2, 1.8125],
							"pivot": [1.98928, 4.6875, 9.0625],
							"rotation": [0, 0, 45],
							"uv": {
								"north": {"uv": [243.5, 81.5], "uv_size": [2.5, 0.5]},
								"south": {"uv": [243.5, 111.5], "uv_size": [2.5, 0.5]},
								"up": {"uv": [229.5, 54], "uv_size": [2.5, 6]},
								"down": {"uv": [229.5, 68], "uv_size": [2.5, -6]}
							}
						},
						{
							"origin": [1.40569, 3.2786, 8.5625],
							"size": [1.16717, 0.2, 1.8125],
							"uv": {
								"north": {"uv": [243.5, 115.5], "uv_size": [2.5, 0.5]},
								"south": {"uv": [243.5, 123.5], "uv_size": [2.5, 0.5]},
								"up": {"uv": [81.5, 205.5], "uv_size": [2.5, 6]},
								"down": {"uv": [87.5, 211.5], "uv_size": [2.5, -6]}
							}
						},
						{
							"origin": [3.19818, 4.10391, 8.5625],
							"size": [0.2, 1.16717, 1.8125],
							"pivot": [1.98928, 4.6875, 9.0625],
							"rotation": [0, 0, 45],
							"uv": {
								"north": {"uv": [243.5, 127.5], "uv_size": [0.5, 2.5]},
								"east": {"uv": [229.5, 70], "uv_size": [6, 2.5]},
								"south": {"uv": [243.5, 137.5], "uv_size": [0.5, 2.5]},
								"west": {"uv": [93.5, 205.5], "uv_size": [6, 2.5]}
							}
						},
						{
							"origin": [3.19818, 4.10391, 8.5625],
							"size": [0.2, 1.16717, 1.8125],
							"uv": {
								"north": {"uv": [243.5, 143.5], "uv_size": [0.5, 2.5]},
								"east": {"uv": [101.5, 205.5], "uv_size": [6, 2.5]},
								"south": {"uv": [243.5, 149.5], "uv_size": [0.5, 2.5]},
								"west": {"uv": [109.5, 205.5], "uv_size": [6, 2.5]}
							}
						},
						{
							"origin": [3.19818, 4.22891, 6.4375],
							"size": [0.2, 0.91717, 2.125],
							"pivot": [3.39818, 5.27108, 8.5625],
							"rotation": [0, 8, 0],
							"uv": {
								"north": {"uv": [247.5, 151.5], "uv_size": [0.5, 2]},
								"east": {"uv": [145.5, 209.5], "uv_size": [4.5, 2]},
								"south": {"uv": [247.5, 155.5], "uv_size": [0.5, 2]},
								"west": {"uv": [163.5, 209.5], "uv_size": [4.5, 2]}
							}
						},
						{
							"origin": [3.19818, 4.10391, 6.4375],
							"size": [0.2, 0.125, 2.125],
							"pivot": [3.39818, 4.10391, 8.5625],
							"rotation": [-3.5, 8, 0],
							"uv": {
								"north": {"uv": [149.5, 253.5], "uv_size": [0.5, 0.5]},
								"east": {"uv": [149.5, 229.5], "uv_size": [4.5, 0.5]},
								"south": {"uv": [153.5, 253.5], "uv_size": [0.5, 0.5]},
								"west": {"uv": [229.5, 161.5], "uv_size": [4.5, 0.5]}
							}
						},
						{
							"origin": [3.19818, 5.14608, 6.4375],
							"size": [0.2, 0.125, 2.125],
							"pivot": [3.39818, 5.27108, 8.5625],
							"rotation": [3.5, 8, 0],
							"uv": {
								"north": {"uv": [157.5, 253.5], "uv_size": [0.5, 0.5]},
								"east": {"uv": [229.5, 165.5], "uv_size": [4.5, 0.5]},
								"south": {"uv": [161.5, 253.5], "uv_size": [0.5, 0.5]},
								"west": {"uv": [229.5, 169.5], "uv_size": [4.5, 0.5]},
								"up": {"uv": [183.5, 229.5], "uv_size": [0.5, 4.5]},
								"down": {"uv": [199.5, 234], "uv_size": [0.5, -4.5]}
							}
						},
						{
							"origin": [2.37286, 4.85618, 6.46533],
							"size": [0.2, 0.91717, 2.125],
							"pivot": [2.57286, 5.89835, 8.59033],
							"rotation": [0, -8, 90],
							"uv": {
								"north": {"uv": [247.5, 159.5], "uv_size": [0.5, 2]},
								"east": {"uv": [207.5, 209.5], "uv_size": [4.5, 2]},
								"south": {"uv": [247.5, 163.5], "uv_size": [0.5, 2]},
								"west": {"uv": [93.5, 211.5], "uv_size": [4.5, 2]}
							}
						},
						{
							"origin": [1.20569, 5.89835, 6.46533],
							"size": [0.2, 0.125, 2.125],
							"pivot": [1.40569, 5.89835, 8.59033],
							"rotation": [-3.5, -8, 90],
							"uv": {
								"north": {"uv": [253.5, 183.5], "uv_size": [0.5, 0.5]},
								"east": {"uv": [229.5, 173.5], "uv_size": [4.5, 0.5]},
								"south": {"uv": [253.5, 187.5], "uv_size": [0.5, 0.5]},
								"west": {"uv": [229.5, 205.5], "uv_size": [4.5, 0.5]}
							}
						},
						{
							"origin": [2.37286, 5.77335, 6.46533],
							"size": [0.2, 0.125, 2.125],
							"pivot": [2.57286, 5.89835, 8.59033],
							"rotation": [3.5, -8, 90],
							"uv": {
								"north": {"uv": [253.5, 191.5], "uv_size": [0.5, 0.5]},
								"east": {"uv": [229.5, 209.5], "uv_size": [4.5, 0.5]},
								"south": {"uv": [253.5, 203.5], "uv_size": [0.5, 0.5]},
								"west": {"uv": [231.5, 83.5], "uv_size": [4.5, 0.5]},
								"up": {"uv": [203.5, 229.5], "uv_size": [0.5, 4.5]},
								"down": {"uv": [231.5, 152], "uv_size": [0.5, -4.5]}
							}
						},
						{
							"origin": [2.37286, 3.60165, 6.46533],
							"size": [0.2, 0.91717, 2.125],
							"pivot": [2.57286, 3.47665, 8.59033],
							"rotation": [0, -8, -90],
							"uv": {
								"north": {"uv": [167.5, 247.5], "uv_size": [0.5, 2]},
								"east": {"uv": [101.5, 211.5], "uv_size": [4.5, 2]},
								"south": {"uv": [247.5, 167.5], "uv_size": [0.5, 2]},
								"west": {"uv": [109.5, 211.5], "uv_size": [4.5, 2]}
							}
						},
						{
							"origin": [1.20569, 3.35165, 6.46533],
							"size": [0.2, 0.125, 2.125],
							"pivot": [1.40569, 3.47665, 8.59033],
							"rotation": [3.5, -8, -90],
							"uv": {
								"north": {"uv": [253.5, 207.5], "uv_size": [0.5, 0.5]},
								"east": {"uv": [231.5, 129.5], "uv_size": [4.5, 0.5]},
								"south": {"uv": [253.5, 219.5], "uv_size": [0.5, 0.5]},
								"west": {"uv": [231.5, 155.5], "uv_size": [4.5, 0.5]}
							}
						},
						{
							"origin": [2.37286, 3.47665, 6.46533],
							"size": [0.2, 0.125, 2.125],
							"pivot": [2.57286, 3.47665, 8.59033],
							"rotation": [-3.5, -8, -90],
							"uv": {
								"north": {"uv": [253.5, 223.5], "uv_size": [0.5, 0.5]},
								"east": {"uv": [231.5, 177.5], "uv_size": [4.5, 0.5]},
								"south": {"uv": [253.5, 227.5], "uv_size": [0.5, 0.5]},
								"west": {"uv": [231.5, 181.5], "uv_size": [4.5, 0.5]},
								"up": {"uv": [231.5, 213.5], "uv_size": [0.5, 4.5]},
								"down": {"uv": [215.5, 236], "uv_size": [0.5, -4.5]}
							}
						},
						{
							"origin": [2.37286, 5.05423, 6.4375],
							"size": [0.2, 0.91717, 2.125],
							"pivot": [2.57286, 6.0964, 8.5625],
							"rotation": [0, 8, -45],
							"uv": {
								"north": {"uv": [171.5, 247.5], "uv_size": [0.5, 2]},
								"east": {"uv": [211.5, 121.5], "uv_size": [4.5, 2]},
								"south": {"uv": [247.5, 171.5], "uv_size": [0.5, 2]},
								"west": {"uv": [211.5, 143.5], "uv_size": [4.5, 2]}
							}
						},
						{
							"origin": [3.19818, 5.27109, 6.4375],
							"size": [0.2, 0.125, 2.125],
							"pivot": [3.39818, 5.27109, 8.5625],
							"rotation": [-3.5, 8, -45],
							"uv": {
								"north": {"uv": [253.5, 231.5], "uv_size": [0.5, 0.5]},
								"east": {"uv": [231.5, 197.5], "uv_size": [4.5, 0.5]},
								"south": {"uv": [233.5, 253.5], "uv_size": [0.5, 0.5]},
								"west": {"uv": [219.5, 231.5], "uv_size": [4.5, 0.5]},
								"up": {"uv": [231.5, 221.5], "uv_size": [0.5, 4.5]},
								"down": {"uv": [227.5, 236], "uv_size": [0.5, -4.5]}
							}
						},
						{
							"origin": [2.37286, 5.9714, 6.4375],
							"size": [0.2, 0.125, 2.125],
							"pivot": [2.57286, 6.0964, 8.5625],
							"rotation": [3.5, 8, -45],
							"uv": {
								"north": {"uv": [253.5, 235.5], "uv_size": [0.5, 0.5]},
								"east": {"uv": [231.5, 229.5], "uv_size": [4.5, 0.5]},
								"south": {"uv": [237.5, 253.5], "uv_size": [0.5, 0.5]},
								"west": {"uv": [233.5, 73.5], "uv_size": [4.5, 0.5]}
							}
						},
						{
							"origin": [1.42714, 5.05423, 6.4375],
							"size": [0.2, 0.91717, 2.125],
							"pivot": [1.42714, 6.0964, 8.5625],
							"rotation": [0, -8, 45],
							"uv": {
								"north": {"uv": [175.5, 247.5], "uv_size": [0.5, 2]},
								"east": {"uv": [153.5, 211.5], "uv_size": [4.5, 2]},
								"south": {"uv": [247.5, 175.5], "uv_size": [0.5, 2]},
								"west": {"uv": [183.5, 211.5], "uv_size": [4.5, 2]}
							}
						},
						{
							"origin": [0.60182, 5.27109, 6.4375],
							"size": [0.2, 0.125, 2.125],
							"pivot": [0.60182, 5.27109, 8.5625],
							"rotation": [-3.5, -8, 45],
							"uv": {
								"north": {"uv": [241.5, 253.5], "uv_size": [0.5, 0.5]},
								"east": {"uv": [233.5, 77.5], "uv_size": [4.5, 0.5]},
								"south": {"uv": [73.5, 255.5], "uv_size": [0.5, 0.5]},
								"west": {"uv": [233.5, 87.5], "uv_size": [4.5, 0.5]},
								"up": {"uv": [89.5, 233.5], "uv_size": [0.5, 4.5]},
								"down": {"uv": [233.5, 96], "uv_size": [0.5, -4.5]}
							}
						},
						{
							"origin": [1.42714, 5.9714, 6.4375],
							"size": [0.2, 0.125, 2.125],
							"pivot": [1.42714, 6.0964, 8.5625],
							"rotation": [3.5, -8, 45],
							"uv": {
								"north": {"uv": [255.5, 73.5], "uv_size": [0.5, 0.5]},
								"east": {"uv": [233.5, 99.5], "uv_size": [4.5, 0.5]},
								"south": {"uv": [77.5, 255.5], "uv_size": [0.5, 0.5]},
								"west": {"uv": [233.5, 107.5], "uv_size": [4.5, 0.5]}
							}
						},
						{
							"origin": [2.37286, 3.4036, 6.4375],
							"size": [0.2, 0.91717, 2.125],
							"pivot": [2.57286, 3.2786, 8.5625],
							"rotation": [0, 8, 45],
							"uv": {
								"north": {"uv": [179.5, 247.5], "uv_size": [0.5, 2]},
								"east": {"uv": [211.5, 185.5], "uv_size": [4.5, 2]},
								"south": {"uv": [247.5, 179.5], "uv_size": [0.5, 2]},
								"west": {"uv": [211.5, 189.5], "uv_size": [4.5, 2]}
							}
						},
						{
							"origin": [3.19818, 3.97891, 6.4375],
							"size": [0.2, 0.125, 2.125],
							"pivot": [3.39818, 4.10391, 8.5625],
							"rotation": [3.5, 8, 45],
							"uv": {
								"north": {"uv": [255.5, 77.5], "uv_size": [0.5, 0.5]},
								"east": {"uv": [109.5, 233.5], "uv_size": [4.5, 0.5]},
								"south": {"uv": [81.5, 255.5], "uv_size": [0.5, 0.5]},
								"west": {"uv": [117.5, 233.5], "uv_size": [4.5, 0.5]},
								"up": {"uv": [99.5, 233.5], "uv_size": [0.5, 4.5]},
								"down": {"uv": [125.5, 238], "uv_size": [0.5, -4.5]}
							}
						},
						{
							"origin": [2.37286, 3.2786, 6.4375],
							"size": [0.2, 0.125, 2.125],
							"pivot": [2.57286, 3.2786, 8.5625],
							"rotation": [-3.5, 8, 45],
							"uv": {
								"north": {"uv": [255.5, 85.5], "uv_size": [0.5, 0.5]},
								"east": {"uv": [233.5, 121.5], "uv_size": [4.5, 0.5]},
								"south": {"uv": [89.5, 255.5], "uv_size": [0.5, 0.5]},
								"west": {"uv": [129.5, 233.5], "uv_size": [4.5, 0.5]}
							}
						},
						{
							"origin": [1.42714, 3.4036, 6.4375],
							"size": [0.2, 0.91717, 2.125],
							"pivot": [1.42714, 3.2786, 8.5625],
							"rotation": [0, -8, -45],
							"uv": {
								"north": {"uv": [183.5, 247.5], "uv_size": [0.5, 2]},
								"east": {"uv": [211.5, 193.5], "uv_size": [4.5, 2]},
								"south": {"uv": [187.5, 247.5], "uv_size": [0.5, 2]},
								"west": {"uv": [211.5, 197.5], "uv_size": [4.5, 2]}
							}
						},
						{
							"origin": [0.60182, 3.97891, 6.4375],
							"size": [0.2, 0.125, 2.125],
							"pivot": [0.60182, 4.10391, 8.5625],
							"rotation": [3.5, -8, -45],
							"uv": {
								"north": {"uv": [255.5, 89.5], "uv_size": [0.5, 0.5]},
								"east": {"uv": [233.5, 133.5], "uv_size": [4.5, 0.5]},
								"south": {"uv": [255.5, 93.5], "uv_size": [0.5, 0.5]},
								"west": {"uv": [137.5, 233.5], "uv_size": [4.5, 0.5]},
								"up": {"uv": [233.5, 137.5], "uv_size": [0.5, 4.5]},
								"down": {"uv": [145.5, 238], "uv_size": [0.5, -4.5]}
							}
						},
						{
							"origin": [1.42714, 3.2786, 6.4375],
							"size": [0.2, 0.125, 2.125],
							"pivot": [1.42714, 3.2786, 8.5625],
							"rotation": [-3.5, -8, -45],
							"uv": {
								"north": {"uv": [255.5, 97.5], "uv_size": [0.5, 0.5]},
								"east": {"uv": [149.5, 233.5], "uv_size": [4.5, 0.5]},
								"south": {"uv": [255.5, 101.5], "uv_size": [0.5, 0.5]},
								"west": {"uv": [157.5, 233.5], "uv_size": [4.5, 0.5]}
							}
						},
						{
							"origin": [0.60182, 4.22891, 6.4375],
							"size": [0.2, 0.91717, 2.125],
							"pivot": [0.60182, 5.27108, 8.5625],
							"rotation": [0, -7.5, 0],
							"uv": {
								"north": {"uv": [191.5, 247.5], "uv_size": [0.5, 2]},
								"east": {"uv": [211.5, 201.5], "uv_size": [4.5, 2]},
								"south": {"uv": [195.5, 247.5], "uv_size": [0.5, 2]},
								"west": {"uv": [211.5, 205.5], "uv_size": [4.5, 2]}
							}
						},
						{
							"origin": [0.60182, 4.10391, 6.4375],
							"size": [0.2, 0.125, 2.125],
							"pivot": [0.60182, 4.10391, 8.5625],
							"rotation": [-3.5, -7.5, 0],
							"uv": {
								"north": {"uv": [255.5, 105.5], "uv_size": [0.5, 0.5]},
								"east": {"uv": [165.5, 233.5], "uv_size": [4.5, 0.5]},
								"south": {"uv": [255.5, 117.5], "uv_size": [0.5, 0.5]},
								"west": {"uv": [233.5, 185.5], "uv_size": [4.5, 0.5]}
							}
						},
						{
							"origin": [0.60182, 5.14608, 6.4375],
							"size": [0.2, 0.125, 2.125],
							"pivot": [0.60182, 5.27108, 8.5625],
							"rotation": [3.5, -7.5, 0],
							"uv": {
								"north": {"uv": [255.5, 125.5], "uv_size": [0.5, 0.5]},
								"east": {"uv": [233.5, 189.5], "uv_size": [4.5, 0.5]},
								"south": {"uv": [255.5, 129.5], "uv_size": [0.5, 0.5]},
								"west": {"uv": [233.5, 193.5], "uv_size": [4.5, 0.5]}
							}
						}
					]
				},
				{
					"name": "sfrebf",
					"parent": "miaoju",
					"pivot": [10, -3.3125, -9],
					"cubes": [
						{
							"origin": [1.53401, 3.5625, -10.75],
							"size": [0.93198, 0.2, 17.25],
							"pivot": [2, 4.6875, -1],
							"rotation": [0, 0, 45],
							"uv": {
								"north": {"uv": [243.5, 155.5], "uv_size": [2, 0.5]},
								"east": {"uv": [217.5, 32], "uv_size": [34.5, 0.5]},
								"south": {"uv": [243.5, 159.5], "uv_size": [2, 0.5]},
								"west": {"uv": [217.5, 36], "uv_size": [34.5, 0.5]},
								"up": {"uv": [199.5, 12], "uv_size": [2, 34.5]},
								"down": {"uv": [199.5, 84.5], "uv_size": [2, -34.5]}
							}
						},
						{
							"origin": [1.53401, 3.5625, -10.75],
							"size": [0.93198, 0.2, 17.25],
							"uv": {
								"north": {"uv": [243.5, 163.5], "uv_size": [2, 0.5]},
								"east": {"uv": [217.5, 40], "uv_size": [34.5, 0.5]},
								"south": {"uv": [243.5, 167.5], "uv_size": [2, 0.5]},
								"west": {"uv": [217.5, 44], "uv_size": [34.5, 0.5]},
								"up": {"uv": [201.5, 88], "uv_size": [2, 34.5]},
								"down": {"uv": [203.5, 46.5], "uv_size": [2, -34.5]}
							}
						},
						{
							"origin": [1.40901, 3.3125, -2.75],
							"size": [1.18198, 0.2625, 5.75],
							"uv": {
								"north": {"uv": [239.5, 221.5], "uv_size": [2.5, 0.5]},
								"east": {"uv": [215.5, 209.5], "uv_size": [11.5, 0.5]},
								"south": {"uv": [225.5, 239.5], "uv_size": [2.5, 0.5]},
								"west": {"uv": [217.5, 131.5], "uv_size": [11.5, 0.5]},
								"up": {"uv": [211.5, 32], "uv_size": [2.5, 11.5]},
								"down": {"uv": [211.5, 57.5], "uv_size": [2.5, -11.5]}
							}
						},
						{
							"origin": [2.32508, 3.69196, -2.75],
							"size": [1.057, 0.2625, 5.75],
							"pivot": [2.91609, 3.82321, 0.125],
							"rotation": [0, 0, -45],
							"uv": {
								"north": {"uv": [243.5, 171.5], "uv_size": [2, 0.5]},
								"east": {"uv": [219.5, 121.5], "uv_size": [11.5, 0.5]},
								"south": {"uv": [243.5, 175.5], "uv_size": [2, 0.5]},
								"west": {"uv": [219.5, 135.5], "uv_size": [11.5, 0.5]},
								"up": {"uv": [211.5, 60], "uv_size": [2, 11.5]},
								"down": {"uv": [211.5, 85.5], "uv_size": [2, -11.5]}
							}
						},
						{
							"origin": [0.61792, 3.69196, -2.75],
							"size": [1.057, 0.2625, 5.75],
							"pivot": [1.08391, 3.82321, 0.125],
							"rotation": [0, 0, 45],
							"uv": {
								"north": {"uv": [247.5, 195.5], "uv_size": [2, 0.5]},
								"east": {"uv": [219.5, 189.5], "uv_size": [11.5, 0.5]},
								"south": {"uv": [199.5, 247.5], "uv_size": [2, 0.5]},
								"west": {"uv": [219.5, 193.5], "uv_size": [11.5, 0.5]},
								"up": {"uv": [215.5, 60], "uv_size": [2, 11.5]},
								"down": {"uv": [218.5, 85.5], "uv_size": [2, -11.5]}
							}
						},
						{
							"origin": [2.99114, 4.45715, -2.75],
							"size": [0.682, 0.2, 5.75],
							"pivot": [3.20715, 4.5259, 0.125],
							"rotation": [0, 0, 90],
							"uv": {
								"north": {"uv": [247.5, 199.5], "uv_size": [1.5, 0.5]},
								"east": {"uv": [137.5, 219.5], "uv_size": [11.5, 0.5]},
								"south": {"uv": [203.5, 247.5], "uv_size": [1.5, 0.5]},
								"west": {"uv": [219.5, 143.5], "uv_size": [11.5, 0.5]},
								"up": {"uv": [217.5, 112], "uv_size": [1.5, 11.5]},
								"down": {"uv": [219.5, 59.5], "uv_size": [1.5, -11.5]}
							}
						},
						{
							"origin": [3.24114, 5.14465, -2.75],
							"size": [0.432, 0.2, 1.375],
							"pivot": [3.20715, 5.2134, 0.125],
							"rotation": [0, 0, 90],
							"uv": {
								"north": {"uv": [113.5, 249.5], "uv_size": [1, 0.5]},
								"east": {"uv": [115.5, 237.5], "uv_size": [3, 0.5]},
								"south": {"uv": [249.5, 113.5], "uv_size": [1, 0.5]},
								"west": {"uv": [129.5, 237.5], "uv_size": [3, 0.5]},
								"up": {"uv": [223.5, 213.5], "uv_size": [1, 3]},
								"down": {"uv": [223.5, 222.5], "uv_size": [1, -3]}
							}
						},
						{
							"origin": [3.24114, 5.14465, 1.625],
							"size": [0.432, 0.2, 1.375],
							"pivot": [3.20715, 5.2134, 4.5],
							"rotation": [0, 0, 90],
							"uv": {
								"north": {"uv": [117.5, 249.5], "uv_size": [1, 0.5]},
								"east": {"uv": [135.5, 237.5], "uv_size": [3, 0.5]},
								"south": {"uv": [121.5, 249.5], "uv_size": [1, 0.5]},
								"west": {"uv": [237.5, 137.5], "uv_size": [3, 0.5]},
								"up": {"uv": [225.5, 73.5], "uv_size": [1, 3]},
								"down": {"uv": [225.5, 100.5], "uv_size": [1, -3]}
							}
						},
						{
							"origin": [2.14896, 5.16144, 1.625],
							"size": [1.182, 0.2, 1.375],
							"pivot": [3.11496, 5.26144, 2.3125],
							"rotation": [0, 0, 45],
							"uv": {
								"north": {"uv": [239.5, 225.5], "uv_size": [2.5, 0.5]},
								"east": {"uv": [237.5, 141.5], "uv_size": [3, 0.5]},
								"south": {"uv": [239.5, 229.5], "uv_size": [2.5, 0.5]},
								"west": {"uv": [149.5, 237.5], "uv_size": [3, 0.5]},
								"up": {"uv": [145.5, 213.5], "uv_size": [2.5, 3]},
								"down": {"uv": [161.5, 216.5], "uv_size": [2.5, -3]}
							}
						},
						{
							"origin": [1.5081, 5.81521, 1.625],
							"size": [0.9945, 0.2, 1.375],
							"uv": {
								"north": {"uv": [243.5, 179.5], "uv_size": [2, 0.5]},
								"east": {"uv": [155.5, 237.5], "uv_size": [3, 0.5]},
								"south": {"uv": [243.5, 195.5], "uv_size": [2, 0.5]},
								"west": {"uv": [237.5, 159.5], "uv_size": [3, 0.5]},
								"up": {"uv": [151.5, 215.5], "uv_size": [2, 3]},
								"down": {"uv": [155.5, 218.5], "uv_size": [2, -3]}
							}
						},
						{
							"origin": [1.5081, 5.81521, -2.75],
							"size": [0.9945, 0.2, 1.375],
							"uv": {
								"north": {"uv": [243.5, 199.5], "uv_size": [2, 0.5]},
								"east": {"uv": [161.5, 237.5], "uv_size": [3, 0.5]},
								"south": {"uv": [211.5, 243.5], "uv_size": [2, 0.5]},
								"west": {"uv": [237.5, 163.5], "uv_size": [3, 0.5]},
								"up": {"uv": [183.5, 215.5], "uv_size": [2, 3]},
								"down": {"uv": [187.5, 218.5], "uv_size": [2, -3]}
							}
						},
						{
							"origin": [1.5081, 5.81521, -4.5],
							"size": [0.9945, 0.2, 0.5],
							"uv": {
								"north": {"uv": [243.5, 211.5], "uv_size": [2, 0.5]},
								"east": {"uv": [249.5, 123.5], "uv_size": [1, 0.5]},
								"south": {"uv": [215.5, 243.5], "uv_size": [2, 0.5]},
								"west": {"uv": [125.5, 249.5], "uv_size": [1, 0.5]},
								"up": {"uv": [187.5, 233.5], "uv_size": [2, 1]},
								"down": {"uv": [233.5, 202.5], "uv_size": [2, -1]}
							}
						},
						{
							"origin": [2.14896, 5.16144, -2.75],
							"size": [1.182, 0.2, 1.375],
							"pivot": [3.11496, 5.26144, -2.0625],
							"rotation": [0, 0, 45],
							"uv": {
								"north": {"uv": [239.5, 233.5], "uv_size": [2.5, 0.5]},
								"east": {"uv": [167.5, 237.5], "uv_size": [3, 0.5]},
								"south": {"uv": [239.5, 237.5], "uv_size": [2.5, 0.5]},
								"west": {"uv": [237.5, 167.5], "uv_size": [3, 0.5]},
								"up": {"uv": [167.5, 213.5], "uv_size": [2.5, 3]},
								"down": {"uv": [207.5, 216.5], "uv_size": [2.5, -3]}
							}
						},
						{
							"origin": [-0.07025, 5.16144, 1.625],
							"size": [1.182, 0.2, 1.375],
							"pivot": [0.89575, 5.26144, 2.3125],
							"rotation": [0, 0, 135],
							"uv": {
								"north": {"uv": [241.5, 73.5], "uv_size": [2.5, 0.5]},
								"east": {"uv": [237.5, 171.5], "uv_size": [3, 0.5]},
								"south": {"uv": [241.5, 77.5], "uv_size": [2.5, 0.5]},
								"west": {"uv": [173.5, 237.5], "uv_size": [3, 0.5]},
								"up": {"uv": [213.5, 213.5], "uv_size": [2.5, 3]},
								"down": {"uv": [215.5, 76.5], "uv_size": [2.5, -3]}
							}
						},
						{
							"origin": [-0.07025, 5.16144, -2.75],
							"size": [1.182, 0.2, 1.375],
							"pivot": [0.89575, 5.26144, -2.0625],
							"rotation": [0, 0, 135],
							"uv": {
								"north": {"uv": [241.5, 85.5], "uv_size": [2.5, 0.5]},
								"east": {"uv": [179.5, 237.5], "uv_size": [3, 0.5]},
								"south": {"uv": [241.5, 89.5], "uv_size": [2.5, 0.5]},
								"west": {"uv": [185.5, 237.5], "uv_size": [3, 0.5]},
								"up": {"uv": [215.5, 79.5], "uv_size": [2.5, 3]},
								"down": {"uv": [93.5, 218.5], "uv_size": [2.5, -3]}
							}
						},
						{
							"origin": [3.0884, 4.74191, -2.75],
							"size": [0.432, 0.325, 0.1875],
							"pivot": [3.3384, 4.74191, -2.75],
							"rotation": [-40, 0, 90],
							"uv": {
								"north": {"uv": [129.5, 249.5], "uv_size": [1, 0.5]},
								"east": {"uv": [185.5, 251.5], "uv_size": [0.5, 0.5]},
								"south": {"uv": [133.5, 249.5], "uv_size": [1, 0.5]},
								"west": {"uv": [189.5, 251.5], "uv_size": [0.5, 0.5]},
								"up": {"uv": [137.5, 249.5], "uv_size": [1, 0.5]},
								"down": {"uv": [141.5, 250], "uv_size": [1, -0.5]}
							}
						},
						{
							"origin": [3.08171, 4.48841, -1.67202],
							"size": [0.432, 0.325, 0.1875],
							"pivot": [3.42271, 4.65091, -1.54702],
							"rotation": [40, 0, 90],
							"uv": {
								"north": {"uv": [145.5, 249.5], "uv_size": [1, 0.5]},
								"east": {"uv": [193.5, 251.5], "uv_size": [0.5, 0.5]},
								"south": {"uv": [149.5, 249.5], "uv_size": [1, 0.5]},
								"west": {"uv": [251.5, 195.5], "uv_size": [0.5, 0.5]},
								"up": {"uv": [153.5, 249.5], "uv_size": [1, 0.5]},
								"down": {"uv": [157.5, 250], "uv_size": [1, -0.5]}
							}
						},
						{
							"origin": [3.17762, 4.89466, -2.16609],
							"size": [0.807, 0.2625, 0.25],
							"pivot": [3.39362, 5.02591, -2.04109],
							"rotation": [45, 0, 90],
							"uv": {
								"north": {"uv": [207.5, 247.5], "uv_size": [1.5, 0.5]},
								"east": {"uv": [197.5, 251.5], "uv_size": [0.5, 0.5]},
								"south": {"uv": [211.5, 247.5], "uv_size": [1.5, 0.5]},
								"west": {"uv": [251.5, 199.5], "uv_size": [0.5, 0.5]},
								"up": {"uv": [247.5, 211.5], "uv_size": [1.5, 0.5]},
								"down": {"uv": [215.5, 248], "uv_size": [1.5, -0.5]}
							}
						},
						{
							"origin": [3.17762, 4.89466, 2.20891],
							"size": [0.807, 0.2625, 0.25],
							"pivot": [3.39362, 5.02591, 2.33391],
							"rotation": [45, 0, 90],
							"uv": {
								"north": {"uv": [247.5, 215.5], "uv_size": [1.5, 0.5]},
								"east": {"uv": [201.5, 251.5], "uv_size": [0.5, 0.5]},
								"south": {"uv": [219.5, 247.5], "uv_size": [1.5, 0.5]},
								"west": {"uv": [205.5, 251.5], "uv_size": [0.5, 0.5]},
								"up": {"uv": [223.5, 247.5], "uv_size": [1.5, 0.5]},
								"down": {"uv": [227.5, 248], "uv_size": [1.5, -0.5]}
							}
						},
						{
							"origin": [0.42762, 4.89466, 2.20891],
							"size": [0.807, 0.2625, 0.25],
							"pivot": [0.64362, 5.02591, 2.33391],
							"rotation": [45, 0, 90],
							"uv": {
								"north": {"uv": [231.5, 247.5], "uv_size": [1.5, 0.5]},
								"east": {"uv": [209.5, 251.5], "uv_size": [0.5, 0.5]},
								"south": {"uv": [247.5, 239.5], "uv_size": [1.5, 0.5]},
								"west": {"uv": [251.5, 211.5], "uv_size": [0.5, 0.5]},
								"up": {"uv": [247.5, 243.5], "uv_size": [1.5, 0.5]},
								"down": {"uv": [247.5, 248], "uv_size": [1.5, -0.5]}
							}
						},
						{
							"origin": [0.42762, 4.89466, -2.16609],
							"size": [0.807, 0.2625, 0.25],
							"pivot": [0.64362, 5.02591, -2.04109],
							"rotation": [45, 0, 90],
							"uv": {
								"north": {"uv": [249.5, 81.5], "uv_size": [1.5, 0.5]},
								"east": {"uv": [213.5, 251.5], "uv_size": [0.5, 0.5]},
								"south": {"uv": [85.5, 249.5], "uv_size": [1.5, 0.5]},
								"west": {"uv": [251.5, 215.5], "uv_size": [0.5, 0.5]},
								"up": {"uv": [93.5, 249.5], "uv_size": [1.5, 0.5]},
								"down": {"uv": [97.5, 250], "uv_size": [1.5, -0.5]}
							}
						},
						{
							"origin": [3.08387, 4.55091, -2.54109],
							"size": [0.432, 0.2625, 0.9375],
							"pivot": [3.42487, 4.65091, -2.07234],
							"rotation": [0, 0, 90],
							"uv": {
								"north": {"uv": [161.5, 249.5], "uv_size": [1, 0.5]},
								"east": {"uv": [243.5, 215.5], "uv_size": [2, 0.5]},
								"south": {"uv": [249.5, 183.5], "uv_size": [1, 0.5]},
								"west": {"uv": [219.5, 243.5], "uv_size": [2, 0.5]},
								"up": {"uv": [207.5, 233.5], "uv_size": [1, 2]},
								"down": {"uv": [211.5, 235.5], "uv_size": [1, -2]}
							}
						},
						{
							"origin": [3.0884, 4.74191, 1.64063],
							"size": [0.432, 0.325, 0.1875],
							"pivot": [3.3384, 4.74191, 1.64063],
							"rotation": [-40, 0, 90],
							"uv": {
								"north": {"uv": [249.5, 187.5], "uv_size": [1, 0.5]},
								"east": {"uv": [217.5, 251.5], "uv_size": [0.5, 0.5]},
								"south": {"uv": [249.5, 191.5], "uv_size": [1, 0.5]},
								"west": {"uv": [221.5, 251.5], "uv_size": [0.5, 0.5]},
								"up": {"uv": [249.5, 203.5], "uv_size": [1, 0.5]},
								"down": {"uv": [249.5, 208], "uv_size": [1, -0.5]}
							}
						},
						{
							"origin": [3.08387, 4.55091, 1.84953],
							"size": [0.432, 0.2625, 0.9375],
							"pivot": [3.42487, 4.65091, 2.31828],
							"rotation": [0, 0, 90],
							"uv": {
								"north": {"uv": [249.5, 219.5], "uv_size": [1, 0.5]},
								"east": {"uv": [223.5, 243.5], "uv_size": [2, 0.5]},
								"south": {"uv": [249.5, 223.5], "uv_size": [1, 0.5]},
								"west": {"uv": [227.5, 243.5], "uv_size": [2, 0.5]},
								"up": {"uv": [231.5, 233.5], "uv_size": [1, 2]},
								"down": {"uv": [81.5, 237.5], "uv_size": [1, -2]}
							}
						},
						{
							"origin": [3.08171, 4.48841, 2.71861],
							"size": [0.432, 0.325, 0.1875],
							"pivot": [3.42271, 4.65091, 2.84361],
							"rotation": [40, 0, 90],
							"uv": {
								"north": {"uv": [249.5, 227.5], "uv_size": [1, 0.5]},
								"east": {"uv": [225.5, 251.5], "uv_size": [0.5, 0.5]},
								"south": {"uv": [249.5, 231.5], "uv_size": [1, 0.5]},
								"west": {"uv": [229.5, 251.5], "uv_size": [0.5, 0.5]},
								"up": {"uv": [235.5, 249.5], "uv_size": [1, 0.5]},
								"down": {"uv": [249.5, 236], "uv_size": [1, -0.5]}
							}
						},
						{
							"origin": [0.77504, 5.14465, -2.75],
							"size": [0.432, 0.2, 1.375],
							"pivot": [0.74105, 5.2134, 0.125],
							"rotation": [0, 0, 90],
							"uv": {
								"north": {"uv": [239.5, 249.5], "uv_size": [1, 0.5]},
								"east": {"uv": [191.5, 237.5], "uv_size": [3, 0.5]},
								"south": {"uv": [243.5, 249.5], "uv_size": [1, 0.5]},
								"west": {"uv": [197.5, 237.5], "uv_size": [3, 0.5]},
								"up": {"uv": [225.5, 125.5], "uv_size": [1, 3]},
								"down": {"uv": [225.5, 164.5], "uv_size": [1, -3]}
							}
						},
						{
							"origin": [0.52504, 4.45715, -2.75],
							"size": [0.682, 0.2, 5.75],
							"pivot": [0.74105, 4.5259, 0.125],
							"rotation": [0, 0, 90],
							"uv": {
								"north": {"uv": [101.5, 249.5], "uv_size": [1.5, 0.5]},
								"east": {"uv": [159.5, 219.5], "uv_size": [11.5, 0.5]},
								"south": {"uv": [105.5, 249.5], "uv_size": [1.5, 0.5]},
								"west": {"uv": [219.5, 185.5], "uv_size": [11.5, 0.5]},
								"up": {"uv": [219.5, 62], "uv_size": [1.5, 11.5]},
								"down": {"uv": [221.5, 123.5], "uv_size": [1.5, -11.5]}
							}
						},
						{
							"origin": [0.77504, 5.14465, 1.625],
							"size": [0.432, 0.2, 1.375],
							"pivot": [0.74105, 5.2134, 4.5],
							"rotation": [0, 0, 90],
							"uv": {
								"north": {"uv": [73.5, 251.5], "uv_size": [1, 0.5]},
								"east": {"uv": [237.5, 201.5], "uv_size": [3, 0.5]},
								"south": {"uv": [251.5, 73.5], "uv_size": [1, 0.5]},
								"west": {"uv": [203.5, 237.5], "uv_size": [3, 0.5]},
								"up": {"uv": [225.5, 167.5], "uv_size": [1, 3]},
								"down": {"uv": [225.5, 176.5], "uv_size": [1, -3]}
							}
						},
						{
							"origin": [0.28914, 4.74191, 2.6434],
							"size": [0.432, 0.325, 0.1875],
							"pivot": [0.53914, 4.74191, 2.6434],
							"rotation": [-40, 0, 90],
							"uv": {
								"north": {"uv": [77.5, 251.5], "uv_size": [1, 0.5]},
								"east": {"uv": [251.5, 239.5], "uv_size": [0.5, 0.5]},
								"south": {"uv": [251.5, 77.5], "uv_size": [1, 0.5]},
								"west": {"uv": [251.5, 243.5], "uv_size": [0.5, 0.5]},
								"up": {"uv": [81.5, 251.5], "uv_size": [1, 0.5]},
								"down": {"uv": [251.5, 86], "uv_size": [1, -0.5]}
							}
						},
						{
							"origin": [0.17762, 4.55091, 1.84953],
							"size": [0.432, 0.2625, 0.9375],
							"pivot": [0.51862, 4.65091, 2.31828],
							"rotation": [0, 0, 90],
							"uv": {
								"north": {"uv": [89.5, 251.5], "uv_size": [1, 0.5]},
								"east": {"uv": [97.5, 245.5], "uv_size": [2, 0.5]},
								"south": {"uv": [251.5, 89.5], "uv_size": [1, 0.5]},
								"west": {"uv": [107.5, 245.5], "uv_size": [2, 0.5]},
								"up": {"uv": [85.5, 235.5], "uv_size": [1, 2]},
								"down": {"uv": [93.5, 237.5], "uv_size": [1, -2]}
							}
						},
						{
							"origin": [0.28245, 4.48841, 1.71583],
							"size": [0.432, 0.325, 0.1875],
							"pivot": [0.62345, 4.65091, 1.84083],
							"rotation": [40, 0, 90],
							"uv": {
								"north": {"uv": [251.5, 93.5], "uv_size": [1, 0.5]},
								"east": {"uv": [247.5, 251.5], "uv_size": [0.5, 0.5]},
								"south": {"uv": [251.5, 97.5], "uv_size": [1, 0.5]},
								"west": {"uv": [251.5, 247.5], "uv_size": [0.5, 0.5]},
								"up": {"uv": [251.5, 101.5], "uv_size": [1, 0.5]},
								"down": {"uv": [251.5, 106], "uv_size": [1, -0.5]}
							}
						},
						{
							"origin": [0.28914, 4.74191, -1.7316],
							"size": [0.432, 0.325, 0.1875],
							"pivot": [0.53914, 4.74191, -1.7316],
							"rotation": [-40, 0, 90],
							"uv": {
								"north": {"uv": [251.5, 117.5], "uv_size": [1, 0.5]},
								"east": {"uv": [251.5, 251.5], "uv_size": [0.5, 0.5]},
								"south": {"uv": [251.5, 127.5], "uv_size": [1, 0.5]},
								"west": {"uv": [253.5, 81.5], "uv_size": [0.5, 0.5]},
								"up": {"uv": [251.5, 131.5], "uv_size": [1, 0.5]},
								"down": {"uv": [251.5, 136], "uv_size": [1, -0.5]}
							}
						},
						{
							"origin": [0.17762, 4.55091, -2.52547],
							"size": [0.432, 0.2625, 0.9375],
							"pivot": [0.51862, 4.65091, -2.05672],
							"rotation": [0, 0, 90],
							"uv": {
								"north": {"uv": [251.5, 139.5], "uv_size": [1, 0.5]},
								"east": {"uv": [111.5, 245.5], "uv_size": [2, 0.5]},
								"south": {"uv": [251.5, 143.5], "uv_size": [1, 0.5]},
								"west": {"uv": [115.5, 245.5], "uv_size": [2, 0.5]},
								"up": {"uv": [103.5, 235.5], "uv_size": [1, 2]},
								"down": {"uv": [239, 104], "uv_size": [1, -2]}
							}
						},
						{
							"origin": [0.28245, 4.48841, -2.65917],
							"size": [0.432, 0.325, 0.1875],
							"pivot": [0.62345, 4.65091, -2.53417],
							"rotation": [40, 0, 90],
							"uv": {
								"north": {"uv": [251.5, 147.5], "uv_size": [1, 0.5]},
								"east": {"uv": [85.5, 253.5], "uv_size": [0.5, 0.5]},
								"south": {"uv": [251.5, 151.5], "uv_size": [1, 0.5]},
								"west": {"uv": [93.5, 253.5], "uv_size": [0.5, 0.5]},
								"up": {"uv": [251.5, 155.5], "uv_size": [1, 0.5]},
								"down": {"uv": [251.5, 160], "uv_size": [1, -0.5]}
							}
						},
						{
							"origin": [1.53401, 5.6125, -10.75],
							"size": [0.93198, 0.2, 17.25],
							"pivot": [2, 4.6875, -1],
							"rotation": [0, 0, 45],
							"uv": {
								"north": {"uv": [119.5, 245.5], "uv_size": [2, 0.5]},
								"east": {"uv": [219.5, 76], "uv_size": [34.5, 0.5]},
								"south": {"uv": [123.5, 245.5], "uv_size": [2, 0.5]},
								"west": {"uv": [219.5, 80], "uv_size": [34.5, 0.5]},
								"up": {"uv": [203.5, 50], "uv_size": [2, 34.5]},
								"down": {"uv": [205.5, 122.5], "uv_size": [2, -34.5]}
							}
						},
						{
							"origin": [1.53401, 5.6125, -10.75],
							"size": [0.93198, 0.2, 17.25],
							"uv": {
								"north": {"uv": [127.5, 245.5], "uv_size": [2, 0.5]},
								"east": {"uv": [219.5, 84], "uv_size": [34.5, 0.5]},
								"south": {"uv": [131.5, 245.5], "uv_size": [2, 0.5]},
								"west": {"uv": [221.5, 20], "uv_size": [34.5, 0.5]},
								"up": {"uv": [207.5, 12], "uv_size": [2, 34.5]},
								"down": {"uv": [207.5, 84.5], "uv_size": [2, -34.5]}
							}
						},
						{
							"origin": [2.925, 4.22151, -10.75],
							"size": [0.2, 0.93198, 17.25],
							"pivot": [2, 4.6875, -1],
							"rotation": [0, 0, 45],
							"uv": {
								"north": {"uv": [135.5, 245.5], "uv_size": [0.5, 2]},
								"east": {"uv": [209.5, 88], "uv_size": [34.5, 2]},
								"south": {"uv": [139.5, 245.5], "uv_size": [0.5, 2]},
								"west": {"uv": [209.5, 92], "uv_size": [34.5, 2]},
								"up": {"uv": [175.5, 199.5], "uv_size": [0.5, 34.5]},
								"down": {"uv": [179.5, 234], "uv_size": [0.5, -34.5]}
							}
						},
						{
							"origin": [2.925, 4.22151, -10.75],
							"size": [0.2, 0.93198, 17.25],
							"uv": {
								"north": {"uv": [143.5, 245.5], "uv_size": [0.5, 2]},
								"east": {"uv": [209.5, 96], "uv_size": [34.5, 2]},
								"south": {"uv": [147.5, 245.5], "uv_size": [0.5, 2]},
								"west": {"uv": [209.5, 100], "uv_size": [34.5, 2]},
								"up": {"uv": [225.5, 112], "uv_size": [0.5, 34.5]},
								"down": {"uv": [191.5, 234], "uv_size": [0.5, -34.5]}
							}
						},
						{
							"origin": [0.875, 4.22151, -10.75],
							"size": [0.2, 0.93198, 17.25],
							"pivot": [2, 4.6875, -1],
							"rotation": [0, 0, 45],
							"uv": {
								"north": {"uv": [151.5, 245.5], "uv_size": [0.5, 2]},
								"east": {"uv": [209.5, 104], "uv_size": [34.5, 2]},
								"south": {"uv": [155.5, 245.5], "uv_size": [0.5, 2]},
								"west": {"uv": [209.5, 108], "uv_size": [34.5, 2]},
								"up": {"uv": [195.5, 199.5], "uv_size": [0.5, 34.5]},
								"down": {"uv": [229.5, 146.5], "uv_size": [0.5, -34.5]}
							}
						},
						{
							"origin": [0.875, 4.22151, -10.75],
							"size": [0.2, 0.93198, 17.25],
							"uv": {
								"north": {"uv": [159.5, 245.5], "uv_size": [0.5, 2]},
								"east": {"uv": [211.5, 12], "uv_size": [34.5, 2]},
								"south": {"uv": [163.5, 245.5], "uv_size": [0.5, 2]},
								"west": {"uv": [211.5, 16], "uv_size": [34.5, 2]},
								"up": {"uv": [73.5, 205.5], "uv_size": [0.5, 34.5]},
								"down": {"uv": [77.5, 240], "uv_size": [0.5, -34.5]}
							}
						}
					]
				},
				{
					"name": "sds",
					"parent": "miaoju",
					"pivot": [11, -7.8125, -8],
					"cubes": [
						{
							"origin": [1.8125, -0.12316, -0.75],
							"size": [0.5, 0.62132, 1.5],
							"pivot": [1.8125, 0.1875, 0],
							"rotation": [-45, 0, 0],
							"uv": {
								"north": {"uv": [245.5, 183.5], "uv_size": [1, 1]},
								"east": {"uv": [223.5, 205.5], "uv_size": [3, 1]},
								"south": {"uv": [245.5, 187.5], "uv_size": [1, 1]},
								"west": {"uv": [225.5, 179.5], "uv_size": [3, 1]},
								"up": {"uv": [219.5, 225.5], "uv_size": [1, 3]},
								"down": {"uv": [223.5, 228.5], "uv_size": [1, -3]}
							}
						},
						{
							"origin": [1.8125, -0.12316, -0.75],
							"size": [0.5, 0.62132, 1.5],
							"uv": {
								"north": {"uv": [245.5, 191.5], "uv_size": [1, 1]},
								"east": {"uv": [225.5, 197.5], "uv_size": [3, 1]},
								"south": {"uv": [245.5, 203.5], "uv_size": [1, 1]},
								"west": {"uv": [227.5, 79.5], "uv_size": [3, 1]},
								"up": {"uv": [227.5, 83.5], "uv_size": [1, 3]},
								"down": {"uv": [167.5, 230.5], "uv_size": [1, -3]}
							}
						},
						{
							"origin": [1.8125, -0.5625, -0.31066],
							"size": [0.5, 1.5, 0.62132],
							"pivot": [1.8125, 0.1875, 0],
							"rotation": [-45, 0, 0],
							"uv": {
								"north": {"uv": [171.5, 227.5], "uv_size": [1, 3]},
								"east": {"uv": [187.5, 227.5], "uv_size": [1, 3]},
								"south": {"uv": [227.5, 213.5], "uv_size": [1, 3]},
								"west": {"uv": [227.5, 219.5], "uv_size": [1, 3]},
								"up": {"uv": [245.5, 207.5], "uv_size": [1, 1]},
								"down": {"uv": [245.5, 220.5], "uv_size": [1, -1]}
							}
						},
						{
							"origin": [1.8125, -0.5625, -0.31066],
							"size": [0.5, 1.5, 0.62132],
							"uv": {
								"north": {"uv": [227.5, 225.5], "uv_size": [1, 3]},
								"east": {"uv": [229.5, 73.5], "uv_size": [1, 3]},
								"south": {"uv": [81.5, 229.5], "uv_size": [1, 3]},
								"west": {"uv": [85.5, 229.5], "uv_size": [1, 3]},
								"up": {"uv": [245.5, 223.5], "uv_size": [1, 1]},
								"down": {"uv": [245.5, 228.5], "uv_size": [1, -1]}
							}
						}
					]
				},
				{
					"name": "terst",
					"parent": "miaoju",
					"pivot": [10, -1.5, -12.25],
					"cubes": [
						{
							"origin": [1.767, 6, -4.8125],
							"size": [0.46599, 0.4375, 1.125],
							"pivot": [2, 6.5, -4.25],
							"rotation": [0, -45, 0],
							"uv": {
								"north": {"uv": [245.5, 231.5], "uv_size": [1, 1]},
								"east": {"uv": [227.5, 89.5], "uv_size": [2.5, 1]},
								"south": {"uv": [235.5, 245.5], "uv_size": [1, 1]},
								"west": {"uv": [89.5, 229.5], "uv_size": [2.5, 1]},
								"up": {"uv": [95.5, 229.5], "uv_size": [1, 2.5]},
								"down": {"uv": [229.5, 100], "uv_size": [1, -2.5]}
							}
						},
						{
							"origin": [1.767, 6, -4.8125],
							"size": [0.46599, 0.4375, 1.125],
							"uv": {
								"north": {"uv": [245.5, 235.5], "uv_size": [1, 1]},
								"east": {"uv": [99.5, 229.5], "uv_size": [2.5, 1]},
								"south": {"uv": [239.5, 245.5], "uv_size": [1, 1]},
								"west": {"uv": [229.5, 103.5], "uv_size": [2.5, 1]},
								"up": {"uv": [105.5, 229.5], "uv_size": [1, 2.5]},
								"down": {"uv": [229.5, 110], "uv_size": [1, -2.5]}
							}
						},
						{
							"origin": [1.4375, 6, -4.483],
							"size": [1.125, 0.4375, 0.46599],
							"pivot": [2, 6.5, -4.25],
							"rotation": [0, -45, 0],
							"uv": {
								"north": {"uv": [109.5, 229.5], "uv_size": [2.5, 1]},
								"east": {"uv": [243.5, 245.5], "uv_size": [1, 1]},
								"south": {"uv": [229.5, 113.5], "uv_size": [2.5, 1]},
								"west": {"uv": [73.5, 247.5], "uv_size": [1, 1]},
								"up": {"uv": [115.5, 229.5], "uv_size": [2.5, 1]},
								"down": {"uv": [229.5, 118.5], "uv_size": [2.5, -1]}
							}
						},
						{
							"origin": [1.4375, 6, -4.483],
							"size": [1.125, 0.4375, 0.46599],
							"uv": {
								"north": {"uv": [229.5, 125.5], "uv_size": [2.5, 1]},
								"east": {"uv": [247.5, 73.5], "uv_size": [1, 1]},
								"south": {"uv": [131.5, 229.5], "uv_size": [2.5, 1]},
								"west": {"uv": [77.5, 247.5], "uv_size": [1, 1]},
								"up": {"uv": [137.5, 229.5], "uv_size": [2.5, 1]},
								"down": {"uv": [143.5, 230.5], "uv_size": [2.5, -1]}
							}
						}
					]
				},
				{
					"name": "yuan",
					"parent": "miaoju",
					"pivot": [1.5, 0.0625, 4.25],
					"rotation": [-22.5, 0, 0],
					"cubes": [
						{
							"origin": [1.25, -0.41643, 3.09375],
							"size": [0.5, 0.95787, 2.3125],
							"pivot": [1.75, 0.0625, 4.25],
							"rotation": [-45, 0, 0],
							"uv": {
								"north": {"uv": [235.5, 111.5], "uv_size": [1, 2]},
								"east": {"uv": [163.5, 205.5], "uv_size": [4.5, 2]},
								"south": {"uv": [235.5, 115.5], "uv_size": [1, 2]},
								"west": {"uv": [210, 70.5], "uv_size": [4.5, 2]},
								"up": {"uv": [219.5, 201.5], "uv_size": [1, 4.5]},
								"down": {"uv": [221.5, 78], "uv_size": [1, -4.5]}
							}
						},
						{
							"origin": [1.25, -0.41643, 3.09375],
							"size": [0.5, 0.95787, 2.3125],
							"uv": {
								"north": {"uv": [235.5, 125.5], "uv_size": [1, 2]},
								"east": {"uv": [207.5, 77.5], "uv_size": [4.5, 2]},
								"south": {"uv": [235.5, 145.5], "uv_size": [1, 2]},
								"west": {"uv": [211, 65.5], "uv_size": [4.5, 2]},
								"up": {"uv": [93.5, 221.5], "uv_size": [1, 4.5]},
								"down": {"uv": [97.5, 226], "uv_size": [1, -4.5]}
							}
						},
						{
							"origin": [1.25, -1.09375, 3.77107],
							"size": [0.5, 2.3125, 0.95787],
							"pivot": [1.75, 0.0625, 4.25],
							"rotation": [-45, 0, 0],
							"uv": {
								"north": {"uv": [221.5, 97.5], "uv_size": [1, 4.5]},
								"east": {"uv": [171.5, 205.5], "uv_size": [2, 4.5]},
								"south": {"uv": [101.5, 221.5], "uv_size": [1, 4.5]},
								"west": {"uv": [207.5, 185.5], "uv_size": [2, 4.5]},
								"up": {"uv": [235.5, 149.5], "uv_size": [1, 2]},
								"down": {"uv": [235.5, 215.5], "uv_size": [1, -2]}
							}
						},
						{
							"origin": [1.25, -1.09375, 3.77107],
							"size": [0.5, 2.3125, 0.95787],
							"uv": {
								"north": {"uv": [105.5, 221.5], "uv_size": [1, 4.5]},
								"east": {"uv": [207.5, 193.5], "uv_size": [2, 4.5]},
								"south": {"uv": [109.5, 221.5], "uv_size": [1, 4.5]},
								"west": {"uv": [207.5, 201.5], "uv_size": [2, 4.5]},
								"up": {"uv": [235.5, 217.5], "uv_size": [1, 2]},
								"down": {"uv": [219.5, 237.5], "uv_size": [1, -2]}
							}
						}
					]
				},
				{
					"name": "yuan2",
					"parent": "miaoju",
					"pivot": [1.5, 0.0625, -4.25],
					"rotation": [22.5, 0, 0],
					"cubes": [
						{
							"origin": [1.25, -0.41643, -5.40625],
							"size": [0.5, 0.95787, 2.3125],
							"pivot": [1.75, 0.0625, -4.25],
							"rotation": [-45, 0, 0],
							"uv": {
								"north": {"uv": [235.5, 221.5], "uv_size": [1, 2]},
								"east": {"uv": [209.5, 97.5], "uv_size": [4.5, 2]},
								"south": {"uv": [223.5, 235.5], "uv_size": [1, 2]},
								"west": {"uv": [209.5, 102], "uv_size": [4.5, 2]},
								"up": {"uv": [113.5, 221.5], "uv_size": [1, 4.5]},
								"down": {"uv": [117.5, 226], "uv_size": [1, -4.5]}
							}
						},
						{
							"origin": [1.25, -0.41643, -5.40625],
							"size": [0.5, 0.95787, 2.3125],
							"uv": {
								"north": {"uv": [235.5, 225.5], "uv_size": [1, 2]},
								"east": {"uv": [209.5, 127.5], "uv_size": [4.5, 2]},
								"south": {"uv": [235.5, 233.5], "uv_size": [1, 2]},
								"west": {"uv": [216.5, 131.5], "uv_size": [4.5, 2]},
								"up": {"uv": [151.5, 221.5], "uv_size": [1, 4.5]},
								"down": {"uv": [155.5, 226], "uv_size": [1, -4.5]}
							}
						},
						{
							"origin": [1.25, -1.09375, -4.72893],
							"size": [0.5, 2.3125, 0.95787],
							"pivot": [1.75, 0.0625, -4.25],
							"rotation": [-45, 0, 0],
							"uv": {
								"north": {"uv": [221.5, 161.5], "uv_size": [1, 4.5]},
								"east": {"uv": [133.5, 209.5], "uv_size": [2, 4.5]},
								"south": {"uv": [221.5, 169.5], "uv_size": [1, 4.5]},
								"west": {"uv": [209.5, 135.5], "uv_size": [2, 4.5]},
								"up": {"uv": [238, 94], "uv_size": [1, 2]},
								"down": {"uv": [239, 100], "uv_size": [1, -2]}
							}
						},
						{
							"origin": [1.25, -1.09375, -4.72893],
							"size": [0.5, 2.3125, 0.95787],
							"uv": {
								"north": {"uv": [221.5, 177.5], "uv_size": [1, 4.5]},
								"east": {"uv": [137.5, 209.5], "uv_size": [2, 4.5]},
								"south": {"uv": [183.5, 221.5], "uv_size": [1, 4.5]},
								"west": {"uv": [141.5, 209.5], "uv_size": [2, 4.5]},
								"up": {"uv": [107.5, 237.5], "uv_size": [1, 2]},
								"down": {"uv": [111.5, 239.5], "uv_size": [1, -2]}
							}
						}
					]
				},
				{
					"name": "ocular",
					"pivot": [2, 4.6875, -11.5],
					"cubes": [
						{
							"origin": [0.75, 4.1875, 10.5625],
							"size": [2.5, 1, 0],
							"inflate": -0.002,
							"pivot": [2, 4.6875, 10.0625],
							"rotation": [0, 0, 45],
							"uv": {
								"south": {"uv": [0, 202.5], "uv_size": [5, 2]}
							}
						},
						{
							"origin": [0.75, 4.1875, 10.5625],
							"size": [2.5, 1, 0],
							"inflate": -0.001,
							"uv": {
								"south": {"uv": [8, 202.5], "uv_size": [5, 2]}
							}
						},
						{
							"origin": [0.75, 4.1875, 10.5625],
							"size": [2.5, 1, 0],
							"inflate": 0.001,
							"pivot": [2, 4.6875, 10.5625],
							"rotation": [0, 0, 90],
							"uv": {
								"south": {"uv": [16, 202.5], "uv_size": [5, 2]}
							}
						},
						{
							"origin": [1.4375, 5.1875, 10.5625],
							"size": [1.125, 0.75, 0],
							"inflate": -0.002,
							"pivot": [2, 4.6875, 10.0625],
							"rotation": [0, 0, 45],
							"uv": {
								"south": {"uv": [34, 220.5], "uv_size": [2.5, 1.5]}
							}
						},
						{
							"origin": [1.4375, 3.25, 10.5625],
							"size": [1.125, 0.9375, 0],
							"inflate": -0.002,
							"pivot": [2, 4.6875, 10.0625],
							"rotation": [0, 0, 45],
							"uv": {
								"south": {"uv": [86, 194.5], "uv_size": [2.5, 2]}
							}
						}
					]
				},
				{
					"name": "division",
					"pivot": [2, -21.125, -4],
					"cubes": [
						{
							"origin": [-6, -3.375, -12.45],
							"size": [16, 16, 0],
							"uv": {
								"south": {"uv": [0, 0], "uv_size": [192, 192]}
							}
						},
						{
							"origin": [10, -19.375, -12.45],
							"size": [24, 48, 0],
							"uv": {
								"south": {"uv": [199.5, 0], "uv_size": [2, 2]}
							}
						},
						{
							"origin": [-30, -19.375, -12.45],
							"size": [24, 48, 0],
							"uv": {
								"south": {"uv": [212.5, 4], "uv_size": [2, 2]}
							}
						},
						{
							"origin": [-6, 12.625, -12.45],
							"size": [16, 16, 0],
							"uv": {
								"south": {"uv": [199.5, 0], "uv_size": [2, 2]}
							}
						},
						{
							"origin": [-6, -19.375, -12.45],
							"size": [16, 16, 0],
							"uv": {
								"south": {"uv": [230.5, 102], "uv_size": [2, 2]}
							}
						},
						{
							"origin": [1.96875, 2.25, -12.45],
							"size": [0.0625, 4.75, 0],
							"uv": {
								"south": {"uv": [186.5, 143], "uv_size": [0.5, 9.5]}
							}
						},
						{
							"origin": [1.96875, 2.25, -12.45],
							"size": [0.0625, 4.75, 0],
							"pivot": [2, 4.625, 10],
							"rotation": [0, 0, -90],
							"uv": {
								"south": {"uv": [160, 161.5], "uv_size": [0.5, 9.5]}
							}
						},
						{
							"origin": [1.84375, -3.4375, -12.45],
							"size": [0.3125, 5.625, 0],
							"pivot": [2, 4.625, 11],
							"rotation": [0, 0, -90],
							"uv": {
								"south": {"uv": [33, 167], "uv_size": [0.5, 11.5]}
							}
						},
						{
							"origin": [0.16594, 2.79094, -12.45],
							"size": [0.22097, 0.22097, 0],
							"pivot": [2, 4.625, 11],
							"rotation": [0, 0, -135],
							"uv": {
								"south": {"uv": [182, 60], "uv_size": [0.5, 0.5]}
							}
						},
						{
							"origin": [1.84375, -3.4375, -12.45],
							"size": [0.3125, 5.625, 0],
							"pivot": [2, 4.625, 11],
							"rotation": [0, 0, 90],
							"uv": {
								"south": {"uv": [160.5, 170], "uv_size": [0.5, 11.5]}
							}
						},
						{
							"origin": [3.61309, 2.79094, -12.45],
							"size": [0.22097, 0.22097, 0],
							"pivot": [2, 4.625, 11],
							"rotation": [0, 0, 135],
							"uv": {
								"south": {"uv": [182, 64], "uv_size": [0.5, 0.5]}
							}
						},
						{
							"origin": [1.84375, -3.4375, -12.45],
							"size": [0.3125, 5.625, 0],
							"uv": {
								"south": {"uv": [165, 168], "uv_size": [0.5, 11.5]}
							}
						},
						{
							"origin": [3.61309, 2.79094, -12.45],
							"size": [0.22097, 0.22097, 0],
							"pivot": [2, 4.625, 11],
							"rotation": [0, 0, 45],
							"uv": {
								"south": {"uv": [182, 68], "uv_size": [0.5, 0.5]}
							}
						},
						{
							"origin": [0.16594, 2.79094, -12.45],
							"size": [0.22097, 0.22097, 0],
							"pivot": [2, 4.625, 11],
							"rotation": [0, 0, 135],
							"uv": {
								"south": {"uv": [182, 72], "uv_size": [0.5, 0.5]}
							}
						},
						{
							"origin": [1.84375, -3.4375, -12.45],
							"size": [0.3125, 5.625, 0],
							"pivot": [2, 4.625, 11],
							"rotation": [0, 0, -180],
							"uv": {
								"south": {"uv": [166, 165.5], "uv_size": [0.5, 11.5]}
							}
						}
					]
				},
				{
					"name": "scope_view",
					"pivot": [2, 4.65625, 15.65]
				}
			]
		}
	]
}