{
	"format_version": "1.12.0",
	"minecraft:geometry": [
		{
			"description": {
				"identifier": "geometry.unknown",
				"texture_width": 64,
				"texture_height": 64,
				"visible_bounds_width": 8,
				"visible_bounds_height": 2,
				"visible_bounds_offset": [0, 0, 0]
			},
			"bones": [
				{
					"name": "qianghe",
					"pivot": [0.21336, -1.21484, 8.97541],
					"cubes": [
						{
							"origin": [-0.64332, -0.41992, 1.58146],
							"size": [1.5, 0.5, 5],
							"pivot": [0.10668, -0.41992, 1.08146],
							"rotation": [-5, 0, 0],
							"uv": {
								"north": {"uv": [45, 45], "uv_size": [1.5, 0.5]},
								"east": {"uv": [36, 30], "uv_size": [5, 0.5]},
								"south": {"uv": [46, 0], "uv_size": [1.5, 0.5]},
								"west": {"uv": [37, 0], "uv_size": [5, 0.5]},
								"up": {"uv": [6, 19], "uv_size": [1.5, 5]}
							}
						},
						{
							"origin": [0.60668, -0.96368, 1.60411],
							"size": [0.25, 0.5625, 5],
							"pivot": [0.85668, -0.40118, 6.60411],
							"rotation": [-4.45736, -2.26766, -26.91174],
							"uv": {
								"north": {"uv": [52, 43], "uv_size": [0.5, 0.5]},
								"east": {"uv": [37, 2], "uv_size": [5, 0.5]},
								"west": {"uv": [37, 13], "uv_size": [5, 0.5]},
								"up": {"uv": [2, 37], "uv_size": [0.5, 5]},
								"down": {"uv": [35, 42], "uv_size": [0.5, -5]}
							}
						},
						{
							"origin": [-0.89332, -0.91992, 1.58146],
							"size": [2, 0.5, 5],
							"pivot": [0.10668, -0.41992, 1.08146],
							"rotation": [-5, 0, 0],
							"uv": {
								"north": {"uv": [43, 25], "uv_size": [2, 0.5]},
								"east": {"uv": [37, 15], "uv_size": [5, 0.5]},
								"south": {"uv": [43, 37], "uv_size": [2, 0.5]},
								"west": {"uv": [37, 37], "uv_size": [5, 0.5]},
								"up": {"uv": [15, 7], "uv_size": [2, 5]},
								"down": {"uv": [15, 18], "uv_size": [2, -5]}
							}
						},
						{
							"origin": [-0.89332, -1.23242, 3.48771],
							"size": [2, 0.375, 3.25],
							"inflate": -0.0001,
							"pivot": [0.10668, -0.41992, 1.08146],
							"rotation": [-5, 0, 0],
							"uv": {
								"north": {"uv": [41, 43], "uv_size": [2, 0.5]},
								"east": {"uv": [42, 31], "uv_size": [3.5, 0.5]},
								"south": {"uv": [44, 4], "uv_size": [2, 0.5]},
								"west": {"uv": [42, 33], "uv_size": [3.5, 0.5]},
								"up": {"uv": [9, 19], "uv_size": [2, 3.5]},
								"down": {"uv": [15, 22.5], "uv_size": [2, -3.5]}
							}
						},
						{
							"origin": [-0.64332, -2.41992, 2.20646],
							"size": [1.5, 0.5, 5.5],
							"pivot": [0.10668, -1.91992, 2.20646],
							"rotation": [-10, 0, 0],
							"uv": {
								"north": {"uv": [46, 2], "uv_size": [1.5, 0.5]},
								"east": {"uv": [35, 23], "uv_size": [5.5, 0.5]},
								"south": {"uv": [46, 12], "uv_size": [1.5, 0.5]},
								"west": {"uv": [35, 28], "uv_size": [5.5, 0.5]},
								"down": {"uv": [18, 23.5], "uv_size": [1.5, -5.5]}
							}
						},
						{
							"origin": [0.60668, -3.36739, 2.03608],
							"size": [0.25, 0.5625, 5.5],
							"pivot": [0.85668, -3.36739, 7.53608],
							"rotation": [-8.96739, 4.44381, 26.15136],
							"uv": {
								"north": {"uv": [52, 51], "uv_size": [0.5, 0.5]},
								"east": {"uv": [35, 33], "uv_size": [5.5, 0.5]},
								"west": {"uv": [35, 35], "uv_size": [5.5, 0.5]},
								"up": {"uv": [4, 31], "uv_size": [0.5, 5.5]},
								"down": {"uv": [6, 41.5], "uv_size": [0.5, -5.5]}
							}
						},
						{
							"origin": [-0.89332, -1.91992, 2.20646],
							"size": [2, 1, 5.5],
							"inflate": 0.0001,
							"pivot": [0.10668, -1.91992, 2.20646],
							"rotation": [-10, 0, 0],
							"uv": {
								"north": {"uv": [38, 11], "uv_size": [2, 1]},
								"east": {"uv": [24, 14], "uv_size": [5.5, 1]},
								"south": {"uv": [41, 8], "uv_size": [2, 1]},
								"west": {"uv": [24, 16], "uv_size": [5.5, 1]},
								"up": {"uv": [12, 11], "uv_size": [2, 5.5]},
								"down": {"uv": [14, 5.5], "uv_size": [2, -5.5]}
							}
						},
						{
							"origin": [-0.89332, -2.86824, 7.6229],
							"size": [2, 0.99325, 9.75546],
							"pivot": [0.10668, -2.87498, 7.6229],
							"rotation": [-10, 0, 0],
							"uv": {
								"north": {"uv": [41, 10], "uv_size": [2, 1]},
								"east": {"uv": [17, 0], "uv_size": [10, 1]},
								"south": {"uv": [22, 41], "uv_size": [2, 1]},
								"west": {"uv": [17, 2], "uv_size": [10, 1]},
								"up": {"uv": [8, 0], "uv_size": [2, 10]},
								"down": {"uv": [0, 20], "uv_size": [2, -10]}
							}
						},
						{
							"origin": [-0.89382, -2.21343, 8.30685],
							"size": [2.001, 0.99425, 2.75646],
							"inflate": -0.001,
							"pivot": [0.10668, -1.27881, 9.74758],
							"rotation": [35, 0, 0],
							"uv": {
								"north": {"uv": [25, 41], "uv_size": [2, 1]},
								"east": {"uv": [30, 10], "uv_size": [3, 1]},
								"west": {"uv": [23, 30], "uv_size": [3, 1]},
								"up": {"uv": [24, 10], "uv_size": [2, 3]},
								"down": {"uv": [12, 27], "uv_size": [2, -3]}
							}
						},
						{
							"origin": [-0.89382, -2.71343, 9.30685],
							"size": [2.001, 0.5255, 1.00646],
							"inflate": -0.001,
							"pivot": [0.10668, -1.27881, 9.74758],
							"rotation": [35, 0, 0],
							"uv": {
								"east": {"uv": [17, 33], "uv_size": [1, 0.5]},
								"west": {"uv": [32, 51], "uv_size": [1, 0.5]}
							}
						},
						{
							"origin": [-0.64332, -3.36824, 7.6229],
							"size": [1.5, 0.49325, 9.75546],
							"pivot": [0.10668, -2.87498, 7.6229],
							"rotation": [-10, 0, 0],
							"uv": {
								"north": {"uv": [46, 14], "uv_size": [1.5, 0.5]},
								"east": {"uv": [24, 18], "uv_size": [10, 0.5]},
								"south": {"uv": [46, 16], "uv_size": [1.5, 0.5]},
								"west": {"uv": [24, 20], "uv_size": [10, 0.5]},
								"up": {"uv": [3, 10], "uv_size": [1.5, 10]},
								"down": {"uv": [11, 10], "uv_size": [1.5, -10]}
							}
						},
						{
							"origin": [0.60668, -5.05476, 7.38904],
							"size": [0.25, 0.55575, 9.75546],
							"pivot": [0.85668, -5.05476, 17.1445],
							"rotation": [-8.96739, 4.44381, 26.15136],
							"uv": {
								"north": {"uv": [53, 2], "uv_size": [0.5, 0.5]},
								"east": {"uv": [24, 22], "uv_size": [10, 0.5]},
								"south": {"uv": [14, 53], "uv_size": [0.5, 0.5]},
								"west": {"uv": [24, 24], "uv_size": [10, 0.5]},
								"up": {"uv": [15, 24], "uv_size": [0.5, 10]},
								"down": {"uv": [6, 35], "uv_size": [0.5, -10]}
							}
						},
						{
							"origin": [0.70043, -2.28223, 1.30389],
							"size": [0.15625, 0.46864, 0.36911],
							"pivot": [0.85668, -2.28223, 1.673],
							"rotation": [-27.587, 15.84315, 27.587],
							"uv": {
								"north": {"uv": [16, 53], "uv_size": [0.5, 0.5]},
								"east": {"uv": [21, 53], "uv_size": [0.5, 0.5]},
								"south": {"uv": [53, 25], "uv_size": [0.5, 0.5]},
								"west": {"uv": [53, 30], "uv_size": [0.5, 0.5]},
								"up": {"uv": [32, 53], "uv_size": [0.5, 0.5]}
							}
						},
						{
							"origin": [0.94535, -1.94146, 1.51272],
							"size": [0.15625, 0.21865, 0.36912],
							"pivot": [1.1016, -1.94146, 1.88183],
							"rotation": [-31.45237, 1.82792, 2.98525],
							"uv": {
								"east": {"uv": [53, 32], "uv_size": [0.5, 0.5]},
								"west": {"uv": [34, 53], "uv_size": [0.5, 0.5]}
							}
						},
						{
							"origin": [-0.64332, -2.08938, 1.35828],
							"size": [1.5, 0.49208, 0.36912],
							"pivot": [-0.39332, -2.08938, 1.35828],
							"rotation": [-31.5, 0, 0],
							"uv": {
								"east": {"uv": [53, 34], "uv_size": [0.5, 0.5]},
								"west": {"uv": [36, 53], "uv_size": [0.5, 0.5]},
								"down": {"uv": [46, 18.5], "uv_size": [1.5, -0.5]}
							}
						},
						{
							"origin": [-0.89332, -1.78223, 1.673],
							"size": [2, 0.11708, 0.43161],
							"pivot": [-0.39332, -2.28223, 1.673],
							"rotation": [-16.5, 0, 0],
							"uv": {
								"north": {"uv": [44, 6], "uv_size": [2, 0.5]},
								"east": {"uv": [42, 53], "uv_size": [0.5, 0.5]},
								"south": {"uv": [44, 8], "uv_size": [2, 0.5]},
								"west": {"uv": [44, 53], "uv_size": [0.5, 0.5]},
								"up": {"uv": [44, 10], "uv_size": [2, 0.5]},
								"down": {"uv": [30, 44.5], "uv_size": [2, -0.5]}
							}
						},
						{
							"origin": [-0.89569, -1.75706, 1.39981],
							"size": [2, 0.92958, 0.58786],
							"pivot": [0.10431, -1.32351, 1.58437],
							"rotation": [22.5, 0, 0],
							"uv": {
								"north": {"uv": [28, 41], "uv_size": [2, 1]},
								"east": {"uv": [34, 51], "uv_size": [0.5, 1]},
								"south": {"uv": [41, 39], "uv_size": [2, 1]},
								"west": {"uv": [36, 51], "uv_size": [0.5, 1]},
								"up": {"uv": [44, 39], "uv_size": [2, 0.5]},
								"down": {"uv": [44, 41.5], "uv_size": [2, -0.5]}
							}
						},
						{
							"origin": [-0.89332, -1.80403, 1.854],
							"size": [2, 0.86708, 0.52537],
							"inflate": -0.0001,
							"uv": {
								"north": {"uv": [41, 41], "uv_size": [2, 1]},
								"east": {"uv": [42, 51], "uv_size": [0.5, 1]},
								"south": {"uv": [42, 23], "uv_size": [2, 1]},
								"west": {"uv": [44, 51], "uv_size": [0.5, 1]},
								"up": {"uv": [44, 43], "uv_size": [2, 0.5]},
								"down": {"uv": [45, 22.5], "uv_size": [2, -0.5]}
							}
						},
						{
							"origin": [-0.64332, -2.28223, 1.673],
							"size": [1.5, 0.49208, 0.46286],
							"pivot": [-0.39332, -2.28223, 1.673],
							"rotation": [-16.5, 0, 0],
							"uv": {
								"north": {"uv": [46, 20], "uv_size": [1.5, 0.5]},
								"east": {"uv": [53, 45], "uv_size": [0.5, 0.5]},
								"south": {"uv": [46, 24], "uv_size": [1.5, 0.5]},
								"west": {"uv": [46, 53], "uv_size": [0.5, 0.5]},
								"up": {"uv": [30, 46], "uv_size": [1.5, 0.5]},
								"down": {"uv": [46, 37.5], "uv_size": [1.5, -0.5]}
							}
						},
						{
							"origin": [0.60668, -2.4137, 1.74769],
							"size": [0.25, 0.55458, 0.36911],
							"pivot": [0.85668, -2.4137, 2.1168],
							"rotation": [-14.84713, 7.2805, 25.55013],
							"uv": {
								"north": {"uv": [53, 47], "uv_size": [0.5, 0.5]},
								"east": {"uv": [48, 53], "uv_size": [0.5, 0.5]},
								"south": {"uv": [53, 49], "uv_size": [0.5, 0.5]},
								"west": {"uv": [50, 53], "uv_size": [0.5, 0.5]},
								"up": {"uv": [52, 53], "uv_size": [0.5, 0.5]},
								"down": {"uv": [0, 54.5], "uv_size": [0.5, -0.5]}
							}
						},
						{
							"origin": [-0.64332, -0.9654, 1.18563],
							"size": [1.5, 1, 0.4375],
							"pivot": [-0.39332, 0.0346, 1.62313],
							"rotation": [-2.5, 0, 0],
							"uv": {
								"north": {"uv": [42, 35], "uv_size": [1.5, 1]},
								"east": {"uv": [51, 45], "uv_size": [0.5, 1]},
								"south": {"uv": [43, 0], "uv_size": [1.5, 1]},
								"west": {"uv": [46, 51], "uv_size": [0.5, 1]},
								"up": {"uv": [0, 47], "uv_size": [1.5, 0.5]},
								"down": {"uv": [3, 47.5], "uv_size": [1.5, -0.5]}
							}
						},
						{
							"origin": [0.60668, -0.5279, 1.27938],
							"size": [0.25, 0.5625, 0.34375],
							"pivot": [0.85668, 0.0346, 1.62313],
							"rotation": [-2.22284, -1.1444, -27.2278],
							"uv": {
								"east": {"uv": [54, 0], "uv_size": [0.5, 0.5]},
								"west": {"uv": [2, 54], "uv_size": [0.5, 0.5]}
							}
						},
						{
							"origin": [-0.89332, -0.9654, 1.18563],
							"size": [2, 0.5, 0.4375],
							"pivot": [-0.39332, 0.0346, 1.62313],
							"rotation": [-2.5, 0, 0],
							"uv": {
								"east": {"uv": [4, 54], "uv_size": [0.5, 0.5]},
								"west": {"uv": [54, 4], "uv_size": [0.5, 0.5]}
							}
						},
						{
							"origin": [-0.89332, -0.94632, 0.8423],
							"size": [2, 0.5, 0.34375],
							"pivot": [-0.39332, 0.05368, 1.18605],
							"rotation": [8.5, 0, 0],
							"uv": {
								"east": {"uv": [6, 54], "uv_size": [0.5, 0.5]},
								"west": {"uv": [54, 6], "uv_size": [0.5, 0.5]}
							}
						},
						{
							"origin": [-0.64332, -0.94632, 0.8423],
							"size": [1.5, 1, 0.34375],
							"pivot": [-0.39332, 0.05368, 1.18605],
							"rotation": [8.5, 0, 0],
							"uv": {
								"north": {"uv": [43, 2], "uv_size": [1.5, 1]},
								"east": {"uv": [51, 47], "uv_size": [0.5, 1]},
								"south": {"uv": [43, 12], "uv_size": [1.5, 1]},
								"west": {"uv": [48, 51], "uv_size": [0.5, 1]},
								"up": {"uv": [47, 4], "uv_size": [1.5, 0.5]}
							}
						},
						{
							"origin": [0.60668, -0.50881, 0.8423],
							"size": [0.25, 0.5625, 0.34375],
							"pivot": [0.85668, 0.05368, 1.18605],
							"rotation": [7.58499, 3.84767, -26.74485],
							"uv": {
								"north": {"uv": [8, 54], "uv_size": [0.5, 0.5]},
								"east": {"uv": [54, 8], "uv_size": [0.5, 0.5]},
								"west": {"uv": [10, 54], "uv_size": [0.5, 0.5]},
								"up": {"uv": [54, 10], "uv_size": [0.5, 0.5]},
								"down": {"uv": [12, 54.5], "uv_size": [0.5, -0.5]}
							}
						},
						{
							"origin": [0.60668, -1.90187, 1.35828],
							"size": [0.25, 1.4375, 0.26563],
							"pivot": [0.85668, -2.08938, 1.35828],
							"rotation": [50.45318, 60.24584, 46.43569],
							"uv": {
								"east": {"uv": [6, 46], "uv_size": [0.5, 1.5]},
								"south": {"uv": [47, 6], "uv_size": [0.5, 1.5]},
								"west": {"uv": [8, 47], "uv_size": [0.5, 1.5]},
								"up": {"uv": [54, 12], "uv_size": [0.5, 0.5]},
								"down": {"uv": [54, 14.5], "uv_size": [0.5, -0.5]}
							}
						},
						{
							"origin": [0.98129, -1.90041, 1.27479],
							"size": [0.125, 1.4375, 0.22657],
							"pivot": [1.10629, -1.65041, 1.27479],
							"rotation": [22.50077, -0.46194, -0.19135],
							"uv": {
								"north": {"uv": [47, 9], "uv_size": [0.5, 1.5]},
								"east": {"uv": [10, 47], "uv_size": [0.5, 1.5]},
								"south": {"uv": [12, 47], "uv_size": [0.5, 1.5]},
								"west": {"uv": [14, 47], "uv_size": [0.5, 1.5]},
								"up": {"uv": [54, 16], "uv_size": [0.5, 0.5]}
							}
						},
						{
							"origin": [-0.64332, -2.04096, 0.78921],
							"size": [1.5, 2.125, 0.34375],
							"pivot": [0.10668, -0.63471, 1.19545],
							"rotation": [22.5, 0, 0],
							"uv": {
								"north": {"uv": [27, 30], "uv_size": [1.5, 2]},
								"east": {"uv": [0, 44], "uv_size": [0.5, 2]},
								"south": {"uv": [30, 30], "uv_size": [1.5, 2]},
								"west": {"uv": [4, 44], "uv_size": [0.5, 2]},
								"up": {"uv": [16, 47], "uv_size": [1.5, 0.5]}
							}
						},
						{
							"origin": [-0.20582, -2.17182, 0.37504],
							"size": [0.625, 2.15625, 0.59375],
							"pivot": [0.10668, -1.14058, 0.76566],
							"rotation": [22.5, 0, 0],
							"uv": {
								"north": {"uv": [8, 44], "uv_size": [0.5, 2]},
								"east": {"uv": [45, 27], "uv_size": [0.5, 2]},
								"west": {"uv": [37, 45], "uv_size": [0.5, 2]},
								"down": {"uv": [18, 54.5], "uv_size": [0.5, -0.5]}
							}
						},
						{
							"origin": [-0.20582, -0.14639, 0.21994],
							"size": [0.625, 0.21875, 0.59375],
							"uv": {
								"north": {"uv": [54, 18], "uv_size": [0.5, 0.5]},
								"east": {"uv": [54, 20], "uv_size": [0.5, 0.5]},
								"south": {"uv": [54, 22], "uv_size": [0.5, 0.5]},
								"west": {"uv": [23, 54], "uv_size": [0.5, 0.5]},
								"up": {"uv": [25, 54], "uv_size": [0.5, 0.5]}
							}
						},
						{
							"origin": [-0.20582, -2.17764, 0.96994],
							"size": [0.625, 0.15625, 0.8125],
							"pivot": [0.10668, -2.13077, 1.26682],
							"rotation": [-15, 0, 0],
							"uv": {
								"east": {"uv": [51, 49], "uv_size": [1, 0.5]},
								"south": {"uv": [27, 54], "uv_size": [0.5, 0.5]},
								"west": {"uv": [50, 51], "uv_size": [1, 0.5]},
								"up": {"uv": [0, 52], "uv_size": [0.5, 1]},
								"down": {"uv": [52, 6], "uv_size": [0.5, -1]}
							}
						},
						{
							"origin": [-0.20582, -2.36327, 1.06806],
							"size": [0.625, 0.15625, 0.5625],
							"pivot": [0.10668, -2.28514, 1.22431],
							"rotation": [-82.5, 0, 0],
							"uv": {
								"east": {"uv": [54, 27], "uv_size": [0.5, 0.5]},
								"south": {"uv": [29, 54], "uv_size": [0.5, 0.5]},
								"west": {"uv": [54, 36], "uv_size": [0.5, 0.5]},
								"down": {"uv": [38, 54.5], "uv_size": [0.5, -0.5]}
							}
						},
						{
							"origin": [-0.20582, -2.54263, 1.13124],
							"size": [0.625, 0.15625, 0.5625],
							"pivot": [0.10668, -2.402, 1.41249],
							"rotation": [-105, 0, 0],
							"uv": {
								"north": {"uv": [54, 38], "uv_size": [0.5, 0.5]},
								"east": {"uv": [40, 54], "uv_size": [0.5, 0.5]},
								"west": {"uv": [54, 40], "uv_size": [0.5, 0.5]},
								"up": {"uv": [54, 42], "uv_size": [0.5, 0.5]}
							}
						},
						{
							"origin": [-0.89332, -2.14738, 6.51695],
							"size": [2, 1.25, 1.5],
							"pivot": [-0.39332, -1.39738, 6.51695],
							"rotation": [7.5, 0, 0],
							"uv": {
								"north": {"uv": [31, 0], "uv_size": [2, 1.5]},
								"east": {"uv": [38, 8], "uv_size": [1.5, 1.5]},
								"south": {"uv": [31, 14], "uv_size": [2, 1.5]},
								"west": {"uv": [10, 38], "uv_size": [1.5, 1.5]},
								"up": {"uv": [12, 32], "uv_size": [2, 1.5]},
								"down": {"uv": [23, 33.5], "uv_size": [2, -1.5]}
							}
						},
						{
							"origin": [-0.64332, -0.89738, 6.51695],
							"size": [1.5, 0.5, 1.5],
							"pivot": [-0.39332, -1.39738, 6.51695],
							"rotation": [7.5, 0, 0],
							"uv": {
								"north": {"uv": [19, 47], "uv_size": [1.5, 0.5]},
								"east": {"uv": [22, 47], "uv_size": [1.5, 0.5]},
								"west": {"uv": [25, 47], "uv_size": [1.5, 0.5]},
								"up": {"uv": [13, 38], "uv_size": [1.5, 1.5]}
							}
						},
						{
							"origin": [0.60668, -0.77264, 6.37359],
							"size": [0.25, 0.5625, 1.5],
							"pivot": [0.85668, -0.21014, 7.87359],
							"rotation": [6.73405, 3.30954, -26.05523],
							"uv": {
								"east": {"uv": [47, 26], "uv_size": [1.5, 0.5]},
								"south": {"uv": [54, 51], "uv_size": [0.5, 0.5]},
								"west": {"uv": [47, 28], "uv_size": [1.5, 0.5]}
							}
						},
						{
							"origin": [-0.64332, -0.70159, 8.00411],
							"size": [1.5, 0.5, 1.5],
							"pivot": [-0.39332, -1.20159, 8.00411],
							"rotation": [30, 0, 0],
							"uv": {
								"east": {"uv": [47, 30], "uv_size": [1.5, 0.5]},
								"south": {"uv": [47, 32], "uv_size": [1.5, 0.5]},
								"west": {"uv": [33, 47], "uv_size": [1.5, 0.5]},
								"up": {"uv": [16, 38], "uv_size": [1.5, 1.5]}
							}
						},
						{
							"origin": [0.60668, -0.14806, 7.30316],
							"size": [0.25, 0.5625, 1.5],
							"pivot": [0.85668, 0.41444, 8.80316],
							"rotation": [27.32497, 12.89111, -23.35393],
							"uv": {
								"east": {"uv": [39, 47], "uv_size": [1.5, 0.5]},
								"west": {"uv": [47, 39], "uv_size": [1.5, 0.5]}
							}
						},
						{
							"origin": [-0.89332, -2.20158, 7.50411],
							"size": [2, 1.5, 2],
							"inflate": 0.0001,
							"pivot": [-0.39332, -1.20159, 8.00411],
							"rotation": [30, 0, 0],
							"uv": {
								"north": {"uv": [26, 33], "uv_size": [2, 1.5]},
								"east": {"uv": [29, 33], "uv_size": [2, 1.5]},
								"south": {"uv": [33, 30], "uv_size": [2, 1.5]},
								"west": {"uv": [32, 33], "uv_size": [2, 1.5]},
								"up": {"uv": [27, 6], "uv_size": [2, 2]},
								"down": {"uv": [27, 11], "uv_size": [2, -2]}
							}
						},
						{
							"origin": [-0.64332, 0.04841, 9.30316],
							"size": [1.5, 0.5, 1.4375],
							"pivot": [-0.39332, -0.45159, 9.30316],
							"rotation": [40, 0, 0],
							"uv": {
								"east": {"uv": [47, 41], "uv_size": [1.5, 0.5]},
								"west": {"uv": [42, 47], "uv_size": [1.5, 0.5]},
								"up": {"uv": [38, 17], "uv_size": [1.5, 1.5]}
							}
						},
						{
							"origin": [0.60668, 0.67596, 8.32406],
							"size": [0.25, 0.5625, 1.4375],
							"pivot": [0.85668, 1.23847, 9.76156],
							"rotation": [36.90432, 16.6671, -20.90364],
							"uv": {
								"north": {"uv": [54, 53], "uv_size": [0.5, 0.5]},
								"east": {"uv": [47, 43], "uv_size": [1.5, 0.5]},
								"south": {"uv": [55, 2], "uv_size": [0.5, 0.5]},
								"west": {"uv": [45, 47], "uv_size": [1.5, 0.5]},
								"up": {"uv": [28, 47], "uv_size": [0.5, 1.5]},
								"down": {"uv": [30, 49.5], "uv_size": [0.5, -1.5]}
							}
						},
						{
							"origin": [-0.89332, -1.45158, 9.05316],
							"size": [2, 1.5, 1.6875],
							"pivot": [-0.39332, -0.45159, 9.30316],
							"rotation": [40, 0, 0],
							"uv": {
								"north": {"uv": [34, 0], "uv_size": [2, 1.5]},
								"east": {"uv": [19, 38], "uv_size": [1.5, 1.5]},
								"south": {"uv": [34, 14], "uv_size": [2, 1.5]},
								"west": {"uv": [38, 20], "uv_size": [1.5, 1.5]},
								"up": {"uv": [35, 10], "uv_size": [2, 1.5]},
								"down": {"uv": [12, 36.5], "uv_size": [2, -1.5]}
							}
						},
						{
							"origin": [0.60668, 1.00953, 10.38805],
							"size": [0.25, 0.5625, 0.53125],
							"pivot": [0.85668, 1.57203, 11.0443],
							"rotation": [6.71963, 3.33882, -26.30393],
							"uv": {
								"north": {"uv": [14, 55], "uv_size": [0.5, 0.5]},
								"east": {"uv": [16, 55], "uv_size": [0.5, 0.5]},
								"south": {"uv": [20, 55], "uv_size": [0.5, 0.5]},
								"west": {"uv": [55, 24], "uv_size": [0.5, 0.5]},
								"up": {"uv": [55, 29], "uv_size": [0.5, 0.5]},
								"down": {"uv": [31, 55.5], "uv_size": [0.5, -0.5]}
							}
						},
						{
							"origin": [-0.89332, -0.52139, 10.49401],
							"size": [2, 1.5, 0.6875],
							"inflate": 0.0001,
							"pivot": [-0.39332, 0.47861, 10.40026],
							"rotation": [7.5, 0, 0],
							"uv": {
								"north": {"uv": [15, 35], "uv_size": [2, 1.5]},
								"east": {"uv": [48, 34], "uv_size": [0.5, 1.5]},
								"south": {"uv": [35, 17], "uv_size": [2, 1.5]},
								"west": {"uv": [36, 48], "uv_size": [0.5, 1.5]},
								"up": {"uv": [45, 35], "uv_size": [2, 0.5]}
							}
						},
						{
							"origin": [-0.64332, -0.02139, 10.40026],
							"size": [1.5, 1.5, 0.78125],
							"pivot": [-0.39332, 0.47861, 10.40026],
							"rotation": [7.5, 0, 0],
							"uv": {
								"north": {"uv": [22, 38], "uv_size": [1.5, 1.5]},
								"east": {"uv": [2, 43], "uv_size": [1, 1.5]},
								"west": {"uv": [6, 43], "uv_size": [1, 1.5]},
								"up": {"uv": [43, 14], "uv_size": [1.5, 1]}
							}
						},
						{
							"origin": [-0.64332, 1.07203, 11.0443],
							"size": [1.5, 0.5, 0.78125],
							"pivot": [-0.39332, 1.57203, 11.0443],
							"rotation": [-6.5, 0, 0],
							"uv": {
								"east": {"uv": [52, 7], "uv_size": [1, 0.5]},
								"south": {"uv": [48, 22], "uv_size": [1.5, 0.5]},
								"west": {"uv": [8, 52], "uv_size": [1, 0.5]},
								"up": {"uv": [43, 16], "uv_size": [1.5, 1]}
							}
						},
						{
							"origin": [0.60668, 0.92109, 11.03928],
							"size": [0.25, 0.5625, 0.78125],
							"pivot": [0.85668, 1.48359, 11.82053],
							"rotation": [-5.8094, -2.92063, -26.60177],
							"uv": {
								"east": {"uv": [52, 9], "uv_size": [1, 0.5]},
								"south": {"uv": [55, 31], "uv_size": [0.5, 0.5]},
								"west": {"uv": [10, 52], "uv_size": [1, 0.5]},
								"up": {"uv": [52, 11], "uv_size": [0.5, 1]},
								"down": {"uv": [12, 53], "uv_size": [0.5, -1]}
							}
						},
						{
							"origin": [-0.89332, -2.55297, 11.0443],
							"size": [2, 3.625, 0.78125],
							"pivot": [-0.39332, 1.57203, 11.0443],
							"rotation": [-6.5, 0, 0],
							"uv": {
								"north": {"uv": [0, 21], "uv_size": [2, 3.5]},
								"east": {"uv": [4, 26], "uv_size": [1, 3.5]},
								"south": {"uv": [3, 21], "uv_size": [2, 3.5]},
								"west": {"uv": [17, 28], "uv_size": [1, 3.5]},
								"up": {"uv": [42, 27], "uv_size": [2, 1]},
								"down": {"uv": [42, 30], "uv_size": [2, -1]}
							}
						},
						{
							"origin": [-0.64332, 0.97005, 9.71127],
							"size": [1.5, 0.5, 0.55846],
							"pivot": [-0.39332, 1.47006, 10.26973],
							"rotation": [24.5, 0, 0],
							"uv": {
								"east": {"uv": [33, 55], "uv_size": [0.5, 0.5]},
								"west": {"uv": [55, 33], "uv_size": [0.5, 0.5]},
								"up": {"uv": [48, 45], "uv_size": [1.5, 0.5]}
							}
						},
						{
							"origin": [0.60668, 0.90755, 9.83627],
							"size": [0.25, 0.5625, 0.43346],
							"pivot": [0.85668, 1.47006, 10.26973],
							"rotation": [22.18785, 10.66319, -24.40332],
							"uv": {
								"north": {"uv": [35, 55], "uv_size": [0.5, 0.5]},
								"east": {"uv": [42, 55], "uv_size": [0.5, 0.5]},
								"south": {"uv": [44, 55], "uv_size": [0.5, 0.5]},
								"west": {"uv": [55, 44], "uv_size": [0.5, 0.5]},
								"up": {"uv": [46, 55], "uv_size": [0.5, 0.5]},
								"down": {"uv": [55, 46.5], "uv_size": [0.5, -0.5]}
							}
						},
						{
							"origin": [-0.89332, 0.34505, 9.83627],
							"size": [2, 0.625, 0.43346],
							"inflate": -0.0002,
							"pivot": [-0.39332, 1.47006, 10.26973],
							"rotation": [24.5, 0, 0],
							"uv": {
								"east": {"uv": [48, 55], "uv_size": [0.5, 0.5]},
								"south": {"uv": [39, 45], "uv_size": [2, 0.5]},
								"west": {"uv": [55, 48], "uv_size": [0.5, 0.5]},
								"up": {"uv": [42, 45], "uv_size": [2, 0.5]}
							}
						},
						{
							"origin": [-0.64332, 0.98359, 11.82053],
							"size": [1.5, 0.5, 6.28125],
							"pivot": [-0.39332, 1.48359, 11.82053],
							"rotation": [-9, 0, 0],
							"uv": {
								"north": {"uv": [48, 47], "uv_size": [1.5, 0.5]},
								"east": {"uv": [27, 12], "uv_size": [6.5, 0.5]},
								"west": {"uv": [19, 28], "uv_size": [6.5, 0.5]},
								"up": {"uv": [18, 4], "uv_size": [1.5, 6.5]}
							}
						},
						{
							"origin": [0.60668, -0.06151, 11.74319],
							"size": [0.25, 0.5625, 6.28125],
							"pivot": [0.85668, 0.50099, 18.02444],
							"rotation": [-8.06757, -4.00254, -26.21763],
							"uv": {
								"north": {"uv": [50, 55], "uv_size": [0.5, 0.5]},
								"east": {"uv": [28, 26], "uv_size": [6.5, 0.5]},
								"west": {"uv": [27, 28], "uv_size": [6.5, 0.5]},
								"up": {"uv": [8, 30], "uv_size": [0.5, 6.5]},
								"down": {"uv": [10, 36.5], "uv_size": [0.5, -6.5]}
							}
						},
						{
							"origin": [-0.89332, -2.64141, 11.82053],
							"size": [2, 3.625, 6.28125],
							"pivot": [-0.39332, 1.48359, 11.82053],
							"rotation": [-9, 0, 0],
							"uv": {
								"north": {"uv": [21, 4], "uv_size": [2, 3.5]},
								"east": {"uv": [0, 0], "uv_size": [6.5, 3.5]},
								"south": {"uv": [21, 9], "uv_size": [2, 3.5]},
								"west": {"uv": [0, 5], "uv_size": [6.5, 3.5]},
								"up": {"uv": [6, 11], "uv_size": [2, 6.5]},
								"down": {"uv": [9, 17.5], "uv_size": [2, -6.5]}
							}
						},
						{
							"origin": [0.60668, -2.64141, 17.07053],
							"size": [0.625, 2.625, 1.53125],
							"pivot": [-0.39332, 1.48359, 11.82053],
							"rotation": [-9, 0, 0],
							"uv": {
								"north": {"uv": [22, 43], "uv_size": [0.5, 2.5]},
								"east": {"uv": [28, 0], "uv_size": [1.5, 2.5]},
								"south": {"uv": [24, 43], "uv_size": [0.5, 2.5]},
								"west": {"uv": [12, 28], "uv_size": [1.5, 2.5]},
								"up": {"uv": [0, 49], "uv_size": [0.5, 1.5]},
								"down": {"uv": [49, 1.5], "uv_size": [0.5, -1.5]}
							}
						},
						{
							"origin": [1.48168, -1.89141, 17.19553],
							"size": [0.125, 1.125, 0.15625],
							"pivot": [-0.14332, 1.48359, 11.82053],
							"rotation": [-9, 0, 0],
							"uv": {
								"north": {"uv": [52, 13], "uv_size": [0.5, 1]},
								"east": {"uv": [52, 18], "uv_size": [0.5, 1]},
								"south": {"uv": [19, 52], "uv_size": [0.5, 1]},
								"west": {"uv": [52, 23], "uv_size": [0.5, 1]},
								"up": {"uv": [52, 55], "uv_size": [0.5, 0.5]},
								"down": {"uv": [54, 55.5], "uv_size": [0.5, -0.5]}
							}
						},
						{
							"origin": [1.10668, -0.89141, 17.19553],
							"size": [0.375, 0.125, 0.15625],
							"pivot": [-0.14332, 1.48359, 11.82053],
							"rotation": [-9, 0, 0],
							"uv": {
								"north": {"uv": [0, 56], "uv_size": [0.5, 0.5]},
								"south": {"uv": [56, 0], "uv_size": [0.5, 0.5]},
								"up": {"uv": [2, 56], "uv_size": [0.5, 0.5]},
								"down": {"uv": [4, 56.5], "uv_size": [0.5, -0.5]}
							}
						},
						{
							"origin": [1.10668, -1.8791, 17.03909],
							"size": [0.375, 0.125, 0.15625],
							"pivot": [-0.14332, 0.4959, 11.66409],
							"rotation": [-9, 0, 0],
							"uv": {
								"north": {"uv": [56, 4], "uv_size": [0.5, 0.5]},
								"south": {"uv": [6, 56], "uv_size": [0.5, 0.5]},
								"west": {"uv": [56, 6], "uv_size": [0.5, 0.5]},
								"up": {"uv": [8, 56], "uv_size": [0.5, 0.5]},
								"down": {"uv": [56, 8.5], "uv_size": [0.5, -0.5]}
							}
						},
						{
							"origin": [1.04418, -1.10948, 16.85444],
							"size": [0.25, 0.15625, 0.15625],
							"pivot": [0.60668, -1.01573, 16.94819],
							"rotation": [36, 0, 0],
							"uv": {
								"north": {"uv": [10, 56], "uv_size": [0.5, 0.5]},
								"east": {"uv": [56, 10], "uv_size": [0.5, 0.5]},
								"south": {"uv": [12, 56], "uv_size": [0.5, 0.5]},
								"west": {"uv": [56, 12], "uv_size": [0.5, 0.5]},
								"up": {"uv": [56, 14], "uv_size": [0.5, 0.5]},
								"down": {"uv": [56, 16.5], "uv_size": [0.5, -0.5]}
							}
						},
						{
							"origin": [1.04418, -1.26573, 18.01069],
							"size": [0.25, 0.15625, 0.15625],
							"pivot": [0.60668, -1.17198, 18.10444],
							"rotation": [36, 0, 0],
							"uv": {
								"north": {"uv": [18, 56], "uv_size": [0.5, 0.5]},
								"east": {"uv": [56, 18], "uv_size": [0.5, 0.5]},
								"south": {"uv": [56, 20], "uv_size": [0.5, 0.5]},
								"west": {"uv": [22, 56], "uv_size": [0.5, 0.5]},
								"up": {"uv": [56, 22], "uv_size": [0.5, 0.5]},
								"down": {"uv": [24, 56.5], "uv_size": [0.5, -0.5]}
							}
						},
						{
							"origin": [1.04418, -3.51573, 17.63569],
							"size": [0.25, 0.15625, 0.15625],
							"pivot": [0.60668, -3.42198, 17.72944],
							"rotation": [36, 0, 0],
							"uv": {
								"north": {"uv": [26, 56], "uv_size": [0.5, 0.5]},
								"east": {"uv": [56, 26], "uv_size": [0.5, 0.5]},
								"south": {"uv": [28, 56], "uv_size": [0.5, 0.5]},
								"west": {"uv": [56, 35], "uv_size": [0.5, 0.5]},
								"up": {"uv": [37, 56], "uv_size": [0.5, 0.5]},
								"down": {"uv": [56, 37.5], "uv_size": [0.5, -0.5]}
							}
						},
						{
							"origin": [1.04418, -2.17198, 16.97944],
							"size": [0.25, 0.15625, 0.15625],
							"pivot": [0.60668, -2.07823, 17.07319],
							"rotation": [36, 0, 0],
							"uv": {
								"north": {"uv": [39, 56], "uv_size": [0.5, 0.5]},
								"east": {"uv": [56, 39], "uv_size": [0.5, 0.5]},
								"south": {"uv": [56, 41], "uv_size": [0.5, 0.5]},
								"west": {"uv": [56, 50], "uv_size": [0.5, 0.5]},
								"up": {"uv": [56, 52], "uv_size": [0.5, 0.5]},
								"down": {"uv": [56, 54.5], "uv_size": [0.5, -0.5]}
							}
						},
						{
							"origin": [-0.95582, -2.17725, 16.74446],
							"size": [0.25, 0.53125, 0.53125],
							"pivot": [-0.83082, -1.91163, 17.01009],
							"rotation": [36, 0, 0],
							"uv": {
								"north": {"uv": [56, 56], "uv_size": [0.5, 0.5]},
								"east": {"uv": [57, 2], "uv_size": [0.5, 0.5]},
								"south": {"uv": [14, 57], "uv_size": [0.5, 0.5]},
								"west": {"uv": [16, 57], "uv_size": [0.5, 0.5]},
								"up": {"uv": [20, 57], "uv_size": [0.5, 0.5]},
								"down": {"uv": [57, 24.5], "uv_size": [0.5, -0.5]}
							}
						},
						{
							"origin": [1.04418, -3.36568, 16.49161],
							"size": [0.25, 0.15625, 0.15625],
							"pivot": [1.16918, -3.28755, 16.56974],
							"rotation": [22, 0, 0],
							"uv": {
								"north": {"uv": [57, 28], "uv_size": [0.5, 0.5]},
								"east": {"uv": [30, 57], "uv_size": [0.5, 0.5]},
								"south": {"uv": [57, 30], "uv_size": [0.5, 0.5]},
								"west": {"uv": [32, 57], "uv_size": [0.5, 0.5]},
								"up": {"uv": [57, 32], "uv_size": [0.5, 0.5]},
								"down": {"uv": [34, 57.5], "uv_size": [0.5, -0.5]}
							}
						},
						{
							"origin": [1.16918, -3.59427, 17.55284],
							"size": [0.125, 2.625, 0.125],
							"pivot": [1.23168, -2.28177, 17.61534],
							"rotation": [-12.62526, 44.29887, -8.89098],
							"uv": {
								"north": {"uv": [26, 43], "uv_size": [0.5, 2.5]},
								"east": {"uv": [28, 43], "uv_size": [0.5, 2.5]},
								"south": {"uv": [33, 43], "uv_size": [0.5, 2.5]},
								"west": {"uv": [35, 43], "uv_size": [0.5, 2.5]},
								"up": {"uv": [41, 57], "uv_size": [0.5, 0.5]},
								"down": {"uv": [43, 57.5], "uv_size": [0.5, -0.5]}
							}
						},
						{
							"origin": [-0.64332, 0.00099, 18.02444],
							"size": [1.5, 0.5, 1.28125],
							"pivot": [-0.39332, 0.50099, 18.02444],
							"rotation": [-9, 0, 0],
							"uv": {
								"north": {"uv": [2, 49], "uv_size": [1.5, 0.5]},
								"east": {"uv": [5, 49], "uv_size": [1.5, 0.5]},
								"south": {"uv": [49, 6], "uv_size": [1.5, 0.5]},
								"west": {"uv": [49, 8], "uv_size": [1.5, 0.5]},
								"up": {"uv": [25, 38], "uv_size": [1.5, 1.5]}
							}
						},
						{
							"origin": [-0.64332, -0.07445, 19.28992],
							"size": [1.5, 0.375, 0.75],
							"pivot": [0.85668, 0.30055, 19.28992],
							"rotation": [-52, 0, 0],
							"uv": {
								"north": {"uv": [49, 10], "uv_size": [1.5, 0.5]},
								"east": {"uv": [26, 52], "uv_size": [1, 0.5]},
								"south": {"uv": [49, 12], "uv_size": [1.5, 0.5]},
								"west": {"uv": [28, 52], "uv_size": [1, 0.5]},
								"up": {"uv": [43, 18], "uv_size": [1.5, 1]},
								"down": {"uv": [43, 21], "uv_size": [1.5, -1]}
							}
						},
						{
							"origin": [0.85668, 0.0818, 18.00867],
							"size": [0.5625, 0.21875, 1.28125],
							"pivot": [0.85668, 0.30055, 19.28992],
							"rotation": [-4.04242, 8.04776, 63.21552],
							"uv": {
								"north": {"uv": [57, 43], "uv_size": [0.5, 0.5]},
								"east": {"uv": [49, 14], "uv_size": [1.5, 0.5]},
								"south": {"uv": [45, 57], "uv_size": [0.5, 0.5]},
								"west": {"uv": [16, 49], "uv_size": [1.5, 0.5]},
								"up": {"uv": [49, 16], "uv_size": [0.5, 1.5]},
								"down": {"uv": [19, 50.5], "uv_size": [0.5, -1.5]}
							}
						},
						{
							"origin": [-0.89332, -4.62401, 18.02444],
							"size": [2, 4.625, 1.28125],
							"pivot": [-0.39332, 0.50099, 18.02444],
							"rotation": [-9, 0, 0],
							"uv": {
								"north": {"uv": [12, 18], "uv_size": [2, 4.5]},
								"east": {"uv": [21, 14], "uv_size": [1.5, 4.5]},
								"south": {"uv": [18, 12], "uv_size": [2, 4.5]},
								"west": {"uv": [21, 20], "uv_size": [1.5, 4.5]},
								"up": {"uv": [35, 20], "uv_size": [2, 1.5]},
								"down": {"uv": [23, 36.5], "uv_size": [2, -1.5]}
							}
						},
						{
							"origin": [-0.64332, -5.12401, 18.02444],
							"size": [1.5, 0.5, 1.28125],
							"pivot": [0.60668, 0.50099, 18.02444],
							"rotation": [-9, 0, 0],
							"uv": {
								"north": {"uv": [49, 19], "uv_size": [1.5, 0.5]},
								"east": {"uv": [21, 49], "uv_size": [1.5, 0.5]},
								"south": {"uv": [24, 49], "uv_size": [1.5, 0.5]},
								"west": {"uv": [49, 24], "uv_size": [1.5, 0.5]},
								"down": {"uv": [28, 39.5], "uv_size": [1.5, -1.5]}
							}
						},
						{
							"origin": [0.85668, -5.25519, 17.12873],
							"size": [0.5625, 0.25, 1.28125],
							"pivot": [0.85668, -5.25519, 18.40998],
							"rotation": [-4.04242, -8.04776, -63.21552],
							"uv": {
								"north": {"uv": [57, 45], "uv_size": [0.5, 0.5]},
								"east": {"uv": [32, 49], "uv_size": [1.5, 0.5]},
								"south": {"uv": [47, 57], "uv_size": [0.5, 0.5]},
								"west": {"uv": [49, 37], "uv_size": [1.5, 0.5]},
								"up": {"uv": [38, 49], "uv_size": [0.5, 1.5]},
								"down": {"uv": [40, 50.5], "uv_size": [0.5, -1.5]}
							}
						},
						{
							"origin": [-0.64332, -4.84212, 19.16369],
							"size": [1.5, 4.625, 0.59375],
							"pivot": [-0.39332, -0.21712, 19.28869],
							"rotation": [-9, 0, 0],
							"uv": {
								"north": {"uv": [24, 4], "uv_size": [1.5, 4.5]},
								"east": {"uv": [31, 38], "uv_size": [0.5, 4.5]},
								"south": {"uv": [9, 24], "uv_size": [1.5, 4.5]},
								"west": {"uv": [37, 39], "uv_size": [0.5, 4.5]},
								"up": {"uv": [42, 49], "uv_size": [1.5, 0.5]},
								"down": {"uv": [45, 49.5], "uv_size": [1.5, -0.5]}
							}
						},
						{
							"origin": [0.60668, -4.85851, 18.4344],
							"size": [0.25, 4.625, 0.59375],
							"pivot": [0.85668, -4.85851, 19.02815],
							"rotation": [-9.87377, -24.17894, 4.07779],
							"uv": {
								"north": {"uv": [39, 39], "uv_size": [0.5, 4.5]},
								"east": {"uv": [10, 41], "uv_size": [0.5, 4.5]},
								"south": {"uv": [12, 41], "uv_size": [0.5, 4.5]},
								"west": {"uv": [14, 41], "uv_size": [0.5, 4.5]},
								"up": {"uv": [57, 47], "uv_size": [0.5, 0.5]},
								"down": {"uv": [49, 57.5], "uv_size": [0.5, -0.5]}
							}
						},
						{
							"origin": [-0.64332, -5.59288, 18.6844],
							"size": [1.5, 0.73438, 0.34375],
							"pivot": [0.85668, -4.85851, 19.02815],
							"rotation": [-57.5, 0, 0],
							"uv": {
								"north": {"uv": [48, 49], "uv_size": [1.5, 0.5]},
								"east": {"uv": [51, 57], "uv_size": [0.5, 0.5]},
								"south": {"uv": [50, 3], "uv_size": [1.5, 0.5]},
								"west": {"uv": [53, 57], "uv_size": [0.5, 0.5]},
								"up": {"uv": [8, 50], "uv_size": [1.5, 0.5]},
								"down": {"uv": [11, 50.5], "uv_size": [1.5, -0.5]}
							}
						},
						{
							"origin": [-1.20582, -5.25519, 17.12873],
							"size": [0.5625, 0.25, 1.28125],
							"pivot": [-0.64332, -5.25519, 18.40998],
							"rotation": [-4.04242, 8.04776, 63.21552],
							"uv": {
								"north": {"uv": [0, 58], "uv_size": [0.5, 0.5]},
								"east": {"uv": [50, 26], "uv_size": [1.5, 0.5]},
								"south": {"uv": [58, 0], "uv_size": [0.5, 0.5]},
								"west": {"uv": [27, 50], "uv_size": [1.5, 0.5]},
								"up": {"uv": [14, 50], "uv_size": [0.5, 1.5]},
								"down": {"uv": [50, 29.5], "uv_size": [0.5, -1.5]}
							}
						},
						{
							"origin": [-0.64332, -5.05476, 7.38904],
							"size": [0.25, 0.55575, 9.75546],
							"pivot": [-0.64332, -5.05476, 17.1445],
							"rotation": [-8.96739, -4.44381, -26.15136],
							"uv": {
								"north": {"uv": [2, 58], "uv_size": [0.5, 0.5]},
								"east": {"uv": [17, 26], "uv_size": [10, 0.5]},
								"south": {"uv": [4, 58], "uv_size": [0.5, 0.5]},
								"west": {"uv": [27, 4], "uv_size": [10, 0.5]},
								"up": {"uv": [0, 26], "uv_size": [0.5, 10]},
								"down": {"uv": [2, 36], "uv_size": [0.5, -10]}
							}
						},
						{
							"origin": [-0.64332, -3.36739, 2.03608],
							"size": [0.25, 0.5625, 5.5],
							"pivot": [-0.64332, -3.36739, 7.53608],
							"rotation": [-8.96739, -4.44381, -26.15136],
							"uv": {
								"north": {"uv": [58, 4], "uv_size": [0.5, 0.5]},
								"east": {"uv": [36, 25], "uv_size": [5.5, 0.5]},
								"west": {"uv": [26, 36], "uv_size": [5.5, 0.5]},
								"up": {"uv": [33, 36], "uv_size": [0.5, 5.5]},
								"down": {"uv": [0, 42.5], "uv_size": [0.5, -5.5]}
							}
						},
						{
							"origin": [-0.64332, -2.4137, 1.65394],
							"size": [0.25, 0.55458, 0.46286],
							"pivot": [-0.64332, -2.4137, 2.1168],
							"rotation": [-14.90832, -7.15212, -25.06303],
							"uv": {
								"north": {"uv": [6, 58], "uv_size": [0.5, 0.5]},
								"east": {"uv": [58, 6], "uv_size": [0.5, 0.5]},
								"south": {"uv": [8, 58], "uv_size": [0.5, 0.5]},
								"west": {"uv": [58, 8], "uv_size": [0.5, 0.5]},
								"up": {"uv": [10, 58], "uv_size": [0.5, 0.5]},
								"down": {"uv": [58, 10.5], "uv_size": [0.5, -0.5]}
							}
						},
						{
							"origin": [-0.64332, -2.28223, 1.30389],
							"size": [0.15625, 0.46864, 0.36911],
							"pivot": [-0.64332, -2.28223, 1.673],
							"rotation": [-27.587, -15.84315, -27.587],
							"uv": {
								"north": {"uv": [12, 58], "uv_size": [0.5, 0.5]},
								"east": {"uv": [58, 12], "uv_size": [0.5, 0.5]},
								"south": {"uv": [58, 14], "uv_size": [0.5, 0.5]},
								"west": {"uv": [58, 16], "uv_size": [0.5, 0.5]},
								"up": {"uv": [18, 58], "uv_size": [0.5, 0.5]}
							}
						},
						{
							"origin": [-1.20582, 0.05055, 18.00867],
							"size": [0.5625, 0.25, 1.28125],
							"pivot": [-0.64332, 0.30055, 19.28992],
							"rotation": [-4.04242, -8.04776, -63.21552],
							"uv": {
								"north": {"uv": [58, 18], "uv_size": [0.5, 0.5]},
								"east": {"uv": [50, 31], "uv_size": [1.5, 0.5]},
								"south": {"uv": [58, 20], "uv_size": [0.5, 0.5]},
								"west": {"uv": [50, 33], "uv_size": [1.5, 0.5]},
								"up": {"uv": [50, 39], "uv_size": [0.5, 1.5]},
								"down": {"uv": [50, 43.5], "uv_size": [0.5, -1.5]}
							}
						},
						{
							"origin": [-0.64332, -0.06151, 11.74319],
							"size": [0.25, 0.5625, 6.28125],
							"pivot": [-0.64332, 0.50099, 18.02444],
							"rotation": [-8.06757, 4.00254, 26.21763],
							"uv": {
								"north": {"uv": [22, 58], "uv_size": [0.5, 0.5]},
								"east": {"uv": [30, 6], "uv_size": [6.5, 0.5]},
								"west": {"uv": [30, 8], "uv_size": [6.5, 0.5]},
								"up": {"uv": [19, 30], "uv_size": [0.5, 6.5]},
								"down": {"uv": [21, 36.5], "uv_size": [0.5, -6.5]}
							}
						},
						{
							"origin": [-0.64332, 0.92109, 11.03928],
							"size": [0.25, 0.5625, 0.78125],
							"pivot": [-0.64332, 1.48359, 11.82053],
							"rotation": [-5.8094, 2.92063, 26.60177],
							"uv": {
								"north": {"uv": [58, 22], "uv_size": [0.5, 0.5]},
								"east": {"uv": [52, 28], "uv_size": [1, 0.5]},
								"south": {"uv": [24, 58], "uv_size": [0.5, 0.5]},
								"west": {"uv": [52, 37], "uv_size": [1, 0.5]},
								"up": {"uv": [38, 52], "uv_size": [0.5, 1]},
								"down": {"uv": [52, 40], "uv_size": [0.5, -1]}
							}
						},
						{
							"origin": [-0.64332, 1.00953, 10.38805],
							"size": [0.25, 0.5625, 0.53125],
							"pivot": [-0.64332, 1.57203, 11.0443],
							"rotation": [6.71963, -3.33882, 26.30393],
							"uv": {
								"north": {"uv": [26, 58], "uv_size": [0.5, 0.5]},
								"east": {"uv": [58, 26], "uv_size": [0.5, 0.5]},
								"south": {"uv": [28, 58], "uv_size": [0.5, 0.5]},
								"west": {"uv": [58, 34], "uv_size": [0.5, 0.5]},
								"up": {"uv": [36, 58], "uv_size": [0.5, 0.5]},
								"down": {"uv": [58, 36.5], "uv_size": [0.5, -0.5]}
							}
						},
						{
							"origin": [-0.64332, 0.90755, 9.83627],
							"size": [0.25, 0.5625, 0.43346],
							"pivot": [-0.64332, 1.47006, 10.26973],
							"rotation": [22.18785, -10.66319, 24.40332],
							"uv": {
								"north": {"uv": [38, 58], "uv_size": [0.5, 0.5]},
								"east": {"uv": [58, 38], "uv_size": [0.5, 0.5]},
								"south": {"uv": [58, 40], "uv_size": [0.5, 0.5]},
								"west": {"uv": [58, 49], "uv_size": [0.5, 0.5]},
								"up": {"uv": [58, 51], "uv_size": [0.5, 0.5]},
								"down": {"uv": [58, 53.5], "uv_size": [0.5, -0.5]}
							}
						},
						{
							"origin": [-0.64332, 0.67596, 8.32406],
							"size": [0.25, 0.5625, 1.4375],
							"pivot": [-0.64332, 1.23847, 9.76156],
							"rotation": [36.90432, -16.6671, 20.90364],
							"uv": {
								"north": {"uv": [55, 58], "uv_size": [0.5, 0.5]},
								"east": {"uv": [50, 35], "uv_size": [1.5, 0.5]},
								"south": {"uv": [58, 55], "uv_size": [0.5, 0.5]},
								"west": {"uv": [51, 0], "uv_size": [1.5, 0.5]},
								"up": {"uv": [2, 51], "uv_size": [0.5, 1.5]},
								"down": {"uv": [4, 52.5], "uv_size": [0.5, -1.5]}
							}
						},
						{
							"origin": [-0.64332, -0.14806, 7.30316],
							"size": [0.25, 0.5625, 1.5],
							"pivot": [-0.64332, 0.41444, 8.80316],
							"rotation": [27.32497, -12.89111, 23.35393],
							"uv": {
								"east": {"uv": [16, 51], "uv_size": [1.5, 0.5]},
								"west": {"uv": [51, 16], "uv_size": [1.5, 0.5]}
							}
						},
						{
							"origin": [-0.64332, -0.77264, 6.37359],
							"size": [0.25, 0.5625, 1.5],
							"pivot": [-0.64332, -0.21014, 7.87359],
							"rotation": [6.73405, -3.30954, 26.05523],
							"uv": {
								"east": {"uv": [21, 51], "uv_size": [1.5, 0.5]},
								"south": {"uv": [57, 58], "uv_size": [0.5, 0.5]},
								"west": {"uv": [51, 21], "uv_size": [1.5, 0.5]}
							}
						},
						{
							"origin": [-0.64332, -0.96368, 1.60411],
							"size": [0.25, 0.5625, 5],
							"pivot": [-0.64332, -0.40118, 6.60411],
							"rotation": [-4.45736, 2.26766, 26.91174],
							"uv": {
								"north": {"uv": [59, 2], "uv_size": [0.5, 0.5]},
								"east": {"uv": [38, 4], "uv_size": [5, 0.5]},
								"west": {"uv": [38, 6], "uv_size": [5, 0.5]},
								"up": {"uv": [4, 38], "uv_size": [0.5, 5]},
								"down": {"uv": [8, 43], "uv_size": [0.5, -5]}
							}
						},
						{
							"origin": [-0.64332, -0.5279, 1.18563],
							"size": [0.25, 0.5625, 0.4375],
							"pivot": [-0.64332, 0.0346, 1.62313],
							"rotation": [-2.22284, 1.1444, 27.2278],
							"uv": {
								"east": {"uv": [14, 59], "uv_size": [0.5, 0.5]},
								"west": {"uv": [16, 59], "uv_size": [0.5, 0.5]}
							}
						},
						{
							"origin": [-0.64332, -0.50881, 0.8423],
							"size": [0.25, 0.5625, 0.34375],
							"pivot": [-0.64332, 0.05368, 1.18605],
							"rotation": [7.58499, -3.84767, 26.74485],
							"uv": {
								"north": {"uv": [20, 59], "uv_size": [0.5, 0.5]},
								"east": {"uv": [59, 24], "uv_size": [0.5, 0.5]},
								"west": {"uv": [59, 28], "uv_size": [0.5, 0.5]},
								"up": {"uv": [30, 59], "uv_size": [0.5, 0.5]},
								"down": {"uv": [59, 30.5], "uv_size": [0.5, -0.5]}
							}
						},
						{
							"origin": [-0.64332, -1.87062, 1.35828],
							"size": [0.25, 1.40625, 0.25],
							"pivot": [-0.64332, -2.08938, 1.35828],
							"rotation": [50.45318, -60.24584, -46.43569],
							"uv": {
								"east": {"uv": [6, 51], "uv_size": [0.5, 1.5]},
								"south": {"uv": [24, 51], "uv_size": [0.5, 1.5]},
								"west": {"uv": [30, 51], "uv_size": [0.5, 1.5]},
								"up": {"uv": [32, 59], "uv_size": [0.5, 0.5]}
							}
						},
						{
							"origin": [-0.89292, -1.86916, 1.27479],
							"size": [0.125, 0.9375, 0.25],
							"pivot": [-0.89292, -1.65041, 1.27479],
							"rotation": [22.50077, 0.46194, 0.19135],
							"uv": {
								"east": {"uv": [40, 52], "uv_size": [0.5, 1]},
								"west": {"uv": [52, 41], "uv_size": [0.5, 1]}
							}
						},
						{
							"origin": [-0.88824, -1.94146, 1.51272],
							"size": [0.15625, 0.2499, 0.36912],
							"pivot": [-0.88824, -1.94146, 1.88183],
							"rotation": [-31.45237, -1.82792, -2.98525],
							"uv": {
								"east": {"uv": [59, 32], "uv_size": [0.5, 0.5]},
								"west": {"uv": [34, 59], "uv_size": [0.5, 0.5]},
								"up": {"uv": [40, 59], "uv_size": [0.5, 0.5]}
							}
						},
						{
							"origin": [-0.64332, -4.85851, 18.4344],
							"size": [0.25, 4.625, 0.59375],
							"pivot": [-0.64332, -4.85851, 19.02815],
							"rotation": [-10.03622, 26.14883, -4.45978],
							"uv": {
								"north": {"uv": [16, 41], "uv_size": [0.5, 4.5]},
								"east": {"uv": [41, 17], "uv_size": [0.5, 4.5]},
								"south": {"uv": [18, 41], "uv_size": [0.5, 4.5]},
								"west": {"uv": [20, 41], "uv_size": [0.5, 4.5]},
								"up": {"uv": [42, 59], "uv_size": [0.5, 0.5]},
								"down": {"uv": [59, 42.5], "uv_size": [0.5, -0.5]}
							}
						}
					]
				}
			]
		}
	]
}