{
	"format_version": "1.12.0",
	"minecraft:geometry": [
		{
			"description": {
				"identifier": "geometry.unknown",
				"texture_width": 512,
				"texture_height": 512,
				"visible_bounds_width": 18,
				"visible_bounds_height": 11,
				"visible_bounds_offset": [0, 0.5, 0]
			},
			"bones": [
				{
					"name": "division",
					"pivot": [0.30903, 1.09896, -146.01389],
					"cubes": [
						{
							"origin": [-32.1875, -23.59374, -146.25],
							"size": [64.375, 52.40625, 0.25],
							"uv": {
								"south": {"uv": [53, 87], "uv_size": [406, 338]}
							}
						},
						{
							"origin": [-92.89375, -75.39062, -146.25],
							"size": [52.70625, 152.375, 0.25],
							"uv": {
								"south": {"uv": [3, 61.5], "uv_size": [10, 2.5]}
							}
						},
						{
							"origin": [41.1875, -75.39062, -146.25],
							"size": [52.26875, 152.375, 0.25],
							"uv": {
								"south": {"uv": [0, 61.5], "uv_size": [12.5, 2.5]}
							}
						},
						{
							"origin": [-40.1875, 42.04688, -146.25],
							"size": [81.375, 34.9375, 0.25],
							"uv": {
								"south": {"uv": [4, 62], "uv_size": [9, 2]}
							}
						},
						{
							"origin": [-40.1875, -75.39062, -146.25],
							"size": [81.375, 34, 0.25],
							"uv": {
								"south": {"uv": [3.5, 61.5], "uv_size": [9, 2]}
							}
						},
						{
							"origin": [-11, 8.4375, -145.875],
							"size": [2, 0.5, 0],
							"pivot": [0, 8.6875, -145.875],
							"rotation": [0, 0, -90],
							"uv": {
								"south": {"uv": [0, 55], "uv_size": [18, 3]}
							}
						},
						{
							"origin": [-12, 14.9375, -145.875],
							"size": [2, 0.5, 0],
							"pivot": [0, 15.1875, -145.875],
							"rotation": [0, 0, -90],
							"uv": {
								"south": {"uv": [0, 55], "uv_size": [18, 3]}
							}
						},
						{
							"origin": [1.75, 1.1875, -145.875],
							"size": [2, 0.5, 0],
							"uv": {
								"south": {"uv": [19, 55], "uv_size": [18, 3]}
							}
						},
						{
							"origin": [-3.75, 1.1875, -145.875],
							"size": [2, 0.5, 0],
							"uv": {
								"south": {"uv": [38, 55], "uv_size": [18, 3]}
							}
						}
					]
				},
				{
					"name": "cross_illuminated",
					"parent": "division",
					"pivot": [0, 1.4375, -145.8125],
					"cubes": [
						{
							"origin": [-0.625, 0.82322, -145.8125],
							"size": [1.25, 1.25, 0],
							"pivot": [0, 1.44822, -145.8125],
							"rotation": [0, 0, -45],
							"uv": {
								"south": {"uv": [0, 51.5], "uv_size": [1.5, 1.5]}
							}
						}
					]
				},
				{
					"name": "ocular_ring",
					"pivot": [6, -8.21875, -2.9375],
					"cubes": [
						{
							"origin": [-0.31066, 0.71875, 3.0625],
							"size": [0.62132, 0.1375, 0.1875],
							"pivot": [0, 1.46875, 3.5625],
							"rotation": [0, 0, 45],
							"uv": {
								"north": {"uv": [32, 49], "uv_size": [0.5, 0.5]},
								"east": {"uv": [0, 50], "uv_size": [0.5, 0.5]},
								"south": {"uv": [50, 0], "uv_size": [0.5, 0.5]},
								"west": {"uv": [8, 50], "uv_size": [0.5, 0.5]},
								"up": {"uv": [50, 16], "uv_size": [0.5, 0.5]},
								"down": {"uv": [18, 50.5], "uv_size": [0.5, -0.5]}
							}
						},
						{
							"origin": [-0.31066, 0.71875, 3.0625],
							"size": [0.62132, 0.1375, 0.1875],
							"uv": {
								"north": {"uv": [20, 50], "uv_size": [0.5, 0.5]},
								"east": {"uv": [22, 50], "uv_size": [0.5, 0.5]},
								"south": {"uv": [24, 50], "uv_size": [0.5, 0.5]},
								"west": {"uv": [26, 50], "uv_size": [0.5, 0.5]},
								"up": {"uv": [28, 50], "uv_size": [0.5, 0.5]},
								"down": {"uv": [50, 32.5], "uv_size": [0.5, -0.5]}
							}
						},
						{
							"origin": [-0.31066, 2.08125, 3.0625],
							"size": [0.62132, 0.1375, 0.1875],
							"pivot": [0, 1.46875, 3.5625],
							"rotation": [0, 0, 45],
							"uv": {
								"north": {"uv": [34, 50], "uv_size": [0.5, 0.5]},
								"east": {"uv": [50, 34], "uv_size": [0.5, 0.5]},
								"south": {"uv": [36, 50], "uv_size": [0.5, 0.5]},
								"west": {"uv": [50, 36], "uv_size": [0.5, 0.5]},
								"up": {"uv": [38, 50], "uv_size": [0.5, 0.5]},
								"down": {"uv": [50, 38.5], "uv_size": [0.5, -0.5]}
							}
						},
						{
							"origin": [-0.31066, 2.08125, 3.0625],
							"size": [0.62132, 0.1375, 0.1875],
							"uv": {
								"north": {"uv": [40, 50], "uv_size": [0.5, 0.5]},
								"east": {"uv": [50, 40], "uv_size": [0.5, 0.5]},
								"south": {"uv": [42, 50], "uv_size": [0.5, 0.5]},
								"west": {"uv": [50, 42], "uv_size": [0.5, 0.5]},
								"up": {"uv": [44, 50], "uv_size": [0.5, 0.5]},
								"down": {"uv": [50, 44.5], "uv_size": [0.5, -0.5]}
							}
						},
						{
							"origin": [0.6125, 1.15809, 3.0625],
							"size": [0.1375, 0.62132, 0.1875],
							"pivot": [0, 1.46875, 3.5625],
							"rotation": [0, 0, 45],
							"uv": {
								"north": {"uv": [46, 50], "uv_size": [0.5, 0.5]},
								"east": {"uv": [50, 46], "uv_size": [0.5, 0.5]},
								"south": {"uv": [48, 50], "uv_size": [0.5, 0.5]},
								"west": {"uv": [50, 48], "uv_size": [0.5, 0.5]},
								"up": {"uv": [50, 50], "uv_size": [0.5, 0.5]},
								"down": {"uv": [2, 51.5], "uv_size": [0.5, -0.5]}
							}
						},
						{
							"origin": [0.6125, 1.15809, 3.0625],
							"size": [0.1375, 0.62132, 0.1875],
							"uv": {
								"north": {"uv": [51, 2], "uv_size": [0.5, 0.5]},
								"east": {"uv": [4, 51], "uv_size": [0.5, 0.5]},
								"south": {"uv": [51, 4], "uv_size": [0.5, 0.5]},
								"west": {"uv": [6, 51], "uv_size": [0.5, 0.5]},
								"up": {"uv": [51, 6], "uv_size": [0.5, 0.5]},
								"down": {"uv": [51, 8.5], "uv_size": [0.5, -0.5]}
							}
						},
						{
							"origin": [-0.75, 1.15809, 3.0625],
							"size": [0.1375, 0.62132, 0.1875],
							"pivot": [0, 1.46875, 3.5625],
							"rotation": [0, 0, 45],
							"uv": {
								"north": {"uv": [10, 51], "uv_size": [0.5, 0.5]},
								"east": {"uv": [51, 10], "uv_size": [0.5, 0.5]},
								"south": {"uv": [12, 51], "uv_size": [0.5, 0.5]},
								"west": {"uv": [51, 12], "uv_size": [0.5, 0.5]},
								"up": {"uv": [14, 51], "uv_size": [0.5, 0.5]},
								"down": {"uv": [51, 14.5], "uv_size": [0.5, -0.5]}
							}
						},
						{
							"origin": [-0.75, 1.15809, 3.0625],
							"size": [0.1375, 0.62132, 0.1875],
							"uv": {
								"north": {"uv": [16, 51], "uv_size": [0.5, 0.5]},
								"east": {"uv": [51, 18], "uv_size": [0.5, 0.5]},
								"south": {"uv": [51, 20], "uv_size": [0.5, 0.5]},
								"west": {"uv": [51, 22], "uv_size": [0.5, 0.5]},
								"up": {"uv": [51, 24], "uv_size": [0.5, 0.5]},
								"down": {"uv": [51, 26.5], "uv_size": [0.5, -0.5]}
							}
						}
					]
				},
				{
					"name": "scope_body",
					"pivot": [0, -13.21875, -2.75],
					"cubes": [
						{
							"origin": [-0.1875, 0.10625, -2.1875],
							"size": [0.375, 0.8875, 0.1375],
							"uv": {
								"north": {"uv": [10, 35], "uv_size": [0.5, 1]},
								"east": {"uv": [35, 10], "uv_size": [0.5, 1]},
								"south": {"uv": [12, 35], "uv_size": [0.5, 1]},
								"west": {"uv": [35, 12], "uv_size": [0.5, 1]},
								"up": {"uv": [43, 28], "uv_size": [0.5, 0.5]},
								"down": {"uv": [30, 43.5], "uv_size": [0.5, -0.5]}
							}
						},
						{
							"origin": [-0.1875, 0.04375, -2.1875],
							"size": [0.375, 0.3125, 0.1375],
							"pivot": [0.3125, 0.35625, -2.1875],
							"rotation": [-35, 0, 0],
							"uv": {
								"north": {"uv": [43, 30], "uv_size": [0.5, 0.5]},
								"east": {"uv": [32, 43], "uv_size": [0.5, 0.5]},
								"south": {"uv": [0, 44], "uv_size": [0.5, 0.5]},
								"west": {"uv": [44, 0], "uv_size": [0.5, 0.5]},
								"up": {"uv": [8, 44], "uv_size": [0.5, 0.5]},
								"down": {"uv": [44, 16.5], "uv_size": [0.5, -0.5]}
							}
						},
						{
							"origin": [-0.1875, 0.04375, -2.18437],
							"size": [0.375, 0.3125, 0.13749],
							"pivot": [0.3125, 0.35625, -2.04688],
							"rotation": [35, 0, 0],
							"uv": {
								"north": {"uv": [18, 44], "uv_size": [0.5, 0.5]},
								"east": {"uv": [20, 44], "uv_size": [0.5, 0.5]},
								"south": {"uv": [22, 44], "uv_size": [0.5, 0.5]},
								"west": {"uv": [24, 44], "uv_size": [0.5, 0.5]},
								"up": {"uv": [26, 44], "uv_size": [0.5, 0.5]},
								"down": {"uv": [28, 44.5], "uv_size": [0.5, -0.5]}
							}
						},
						{
							"origin": [0.12705, 0.06298, -2.1875],
							"size": [0.125, 0.28125, 0.1375],
							"pivot": [0.18955, 0.18798, -2.11875],
							"rotation": [0, 0, -22.5],
							"uv": {
								"north": {"uv": [44, 32], "uv_size": [0.5, 0.5]},
								"east": {"uv": [34, 44], "uv_size": [0.5, 0.5]},
								"south": {"uv": [44, 34], "uv_size": [0.5, 0.5]},
								"west": {"uv": [36, 44], "uv_size": [0.5, 0.5]},
								"up": {"uv": [44, 36], "uv_size": [0.5, 0.5]},
								"down": {"uv": [38, 44.5], "uv_size": [0.5, -0.5]}
							}
						},
						{
							"origin": [-0.25205, 0.06298, -2.1875],
							"size": [0.125, 0.28125, 0.1375],
							"pivot": [-0.18955, 0.18798, -2.11875],
							"rotation": [0, 0, 22.5],
							"uv": {
								"north": {"uv": [44, 38], "uv_size": [0.5, 0.5]},
								"east": {"uv": [40, 44], "uv_size": [0.5, 0.5]},
								"south": {"uv": [44, 40], "uv_size": [0.5, 0.5]},
								"west": {"uv": [42, 44], "uv_size": [0.5, 0.5]},
								"up": {"uv": [44, 42], "uv_size": [0.5, 0.5]},
								"down": {"uv": [44, 44.5], "uv_size": [0.5, -0.5]}
							}
						},
						{
							"origin": [-0.25205, 0.06298, 1.75],
							"size": [0.125, 0.28125, 0.1375],
							"pivot": [-0.18955, 0.18798, 1.81875],
							"rotation": [0, 0, 22.5],
							"uv": {
								"north": {"uv": [2, 45], "uv_size": [0.5, 0.5]},
								"east": {"uv": [45, 2], "uv_size": [0.5, 0.5]},
								"south": {"uv": [4, 45], "uv_size": [0.5, 0.5]},
								"west": {"uv": [45, 4], "uv_size": [0.5, 0.5]},
								"up": {"uv": [6, 45], "uv_size": [0.5, 0.5]},
								"down": {"uv": [45, 6.5], "uv_size": [0.5, -0.5]}
							}
						},
						{
							"origin": [0.12705, 0.06298, 1.75],
							"size": [0.125, 0.28125, 0.1375],
							"pivot": [0.18955, 0.18798, 1.81875],
							"rotation": [0, 0, -22.5],
							"uv": {
								"north": {"uv": [45, 8], "uv_size": [0.5, 0.5]},
								"east": {"uv": [10, 45], "uv_size": [0.5, 0.5]},
								"south": {"uv": [45, 10], "uv_size": [0.5, 0.5]},
								"west": {"uv": [12, 45], "uv_size": [0.5, 0.5]},
								"up": {"uv": [45, 12], "uv_size": [0.5, 0.5]},
								"down": {"uv": [14, 45.5], "uv_size": [0.5, -0.5]}
							}
						},
						{
							"origin": [-0.1875, 0.10625, 1.75],
							"size": [0.375, 0.5125, 0.1375],
							"uv": {
								"north": {"uv": [45, 14], "uv_size": [0.5, 0.5]},
								"east": {"uv": [16, 45], "uv_size": [0.5, 0.5]},
								"south": {"uv": [45, 18], "uv_size": [0.5, 0.5]},
								"west": {"uv": [45, 20], "uv_size": [0.5, 0.5]},
								"up": {"uv": [45, 22], "uv_size": [0.5, 0.5]},
								"down": {"uv": [45, 24.5], "uv_size": [0.5, -0.5]}
							}
						},
						{
							"origin": [-0.1875, 0.04375, 1.75],
							"size": [0.375, 0.3125, 0.1375],
							"pivot": [0.3125, 0.35625, 1.75],
							"rotation": [-35, 0, 0],
							"uv": {
								"north": {"uv": [45, 26], "uv_size": [0.5, 0.5]},
								"east": {"uv": [45, 28], "uv_size": [0.5, 0.5]},
								"south": {"uv": [30, 45], "uv_size": [0.5, 0.5]},
								"west": {"uv": [45, 30], "uv_size": [0.5, 0.5]},
								"up": {"uv": [32, 45], "uv_size": [0.5, 0.5]},
								"down": {"uv": [0, 46.5], "uv_size": [0.5, -0.5]}
							}
						},
						{
							"origin": [-0.1875, 0.04375, 1.75313],
							"size": [0.375, 0.3125, 0.13749],
							"pivot": [0.3125, 0.35625, 1.89062],
							"rotation": [35, 0, 0],
							"uv": {
								"north": {"uv": [46, 0], "uv_size": [0.5, 0.5]},
								"east": {"uv": [8, 46], "uv_size": [0.5, 0.5]},
								"south": {"uv": [46, 16], "uv_size": [0.5, 0.5]},
								"west": {"uv": [18, 46], "uv_size": [0.5, 0.5]},
								"up": {"uv": [20, 46], "uv_size": [0.5, 0.5]},
								"down": {"uv": [22, 46.5], "uv_size": [0.5, -0.5]}
							}
						}
					]
				},
				{
					"name": "fgdfg2",
					"parent": "scope_body",
					"pivot": [0, -6.53125, -9.6875],
					"cubes": [
						{
							"origin": [-0.14497, 1.11875, -2.28125],
							"size": [0.28994, 0.7, 1.3125],
							"pivot": [0, 1.46875, -1.71875],
							"rotation": [0, 0, 45],
							"uv": {
								"north": {"uv": [14, 35], "uv_size": [0.5, 0.5]},
								"east": {"uv": [11, 6], "uv_size": [1.5, 0.5]},
								"south": {"uv": [35, 14], "uv_size": [0.5, 0.5]},
								"west": {"uv": [11, 8], "uv_size": [1.5, 0.5]},
								"up": {"uv": [11, 10], "uv_size": [0.5, 1.5]},
								"down": {"uv": [4, 13.5], "uv_size": [0.5, -1.5]}
							}
						},
						{
							"origin": [-0.14497, 1.11875, -2.28125],
							"size": [0.28994, 0.7, 1.3125],
							"uv": {
								"north": {"uv": [16, 35], "uv_size": [0.5, 0.5]},
								"east": {"uv": [6, 12], "uv_size": [1.5, 0.5]},
								"south": {"uv": [35, 18], "uv_size": [0.5, 0.5]},
								"west": {"uv": [9, 13], "uv_size": [1.5, 0.5]},
								"up": {"uv": [13, 10], "uv_size": [0.5, 1.5]},
								"down": {"uv": [12, 14.5], "uv_size": [0.5, -1.5]}
							}
						},
						{
							"origin": [-0.35, 1.32378, -2.28125],
							"size": [0.7, 0.28994, 1.3125],
							"pivot": [0, 1.46875, -1.71875],
							"rotation": [0, 0, 45],
							"uv": {
								"north": {"uv": [35, 20], "uv_size": [0.5, 0.5]},
								"east": {"uv": [0, 14], "uv_size": [1.5, 0.5]},
								"south": {"uv": [35, 22], "uv_size": [0.5, 0.5]},
								"west": {"uv": [6, 14], "uv_size": [1.5, 0.5]},
								"up": {"uv": [14, 6], "uv_size": [0.5, 1.5]},
								"down": {"uv": [14, 14.5], "uv_size": [0.5, -1.5]}
							}
						},
						{
							"origin": [-0.35, 1.32378, -2.28125],
							"size": [0.7, 0.28994, 1.3125],
							"uv": {
								"north": {"uv": [35, 24], "uv_size": [0.5, 0.5]},
								"east": {"uv": [15, 0], "uv_size": [1.5, 0.5]},
								"south": {"uv": [35, 26], "uv_size": [0.5, 0.5]},
								"west": {"uv": [15, 2], "uv_size": [1.5, 0.5]},
								"up": {"uv": [3, 15], "uv_size": [0.5, 1.5]},
								"down": {"uv": [9, 16.5], "uv_size": [0.5, -1.5]}
							}
						}
					]
				},
				{
					"name": "bone12",
					"parent": "fgdfg2",
					"pivot": [0.35, 1.32378, -2.25],
					"rotation": [0, 26.5, 0],
					"cubes": [
						{
							"origin": [0.28579, 1.38203, -2.59047],
							"size": [0.07815, 0.17344, 0.3125],
							"inflate": 0.0001,
							"uv": {
								"north": {"uv": [35, 28], "uv_size": [0.5, 0.5]},
								"east": {"uv": [30, 35], "uv_size": [0.5, 0.5]},
								"south": {"uv": [35, 30], "uv_size": [0.5, 0.5]},
								"west": {"uv": [32, 35], "uv_size": [0.5, 0.5]},
								"up": {"uv": [0, 36], "uv_size": [0.5, 0.5]},
								"down": {"uv": [36, 0.5], "uv_size": [0.5, -0.5]}
							}
						},
						{
							"origin": [0.28579, 1.56032, -2.60567],
							"size": [0.07815, 0.05826, 0.32813],
							"pivot": [0.35, 1.61372, -2.25],
							"rotation": [10, 0, 0],
							"uv": {
								"north": {"uv": [8, 36], "uv_size": [0.5, 0.5]},
								"east": {"uv": [36, 16], "uv_size": [0.5, 0.5]},
								"south": {"uv": [18, 36], "uv_size": [0.5, 0.5]},
								"west": {"uv": [20, 36], "uv_size": [0.5, 0.5]},
								"up": {"uv": [22, 36], "uv_size": [0.5, 0.5]},
								"down": {"uv": [24, 36.5], "uv_size": [0.5, -0.5]}
							}
						},
						{
							"origin": [0.28579, 1.31892, -2.60567],
							"size": [0.07815, 0.05826, 0.32813],
							"pivot": [0.35, 1.32378, -2.25],
							"rotation": [-10, 0, 0],
							"uv": {
								"north": {"uv": [26, 36], "uv_size": [0.5, 0.5]},
								"east": {"uv": [28, 36], "uv_size": [0.5, 0.5]},
								"south": {"uv": [36, 32], "uv_size": [0.5, 0.5]},
								"west": {"uv": [34, 36], "uv_size": [0.5, 0.5]},
								"up": {"uv": [36, 34], "uv_size": [0.5, 0.5]},
								"down": {"uv": [36, 36.5], "uv_size": [0.5, -0.5]}
							}
						}
					]
				},
				{
					"name": "bone16",
					"parent": "fgdfg2",
					"pivot": [0.21986, 1.68861, -2.40642],
					"rotation": [0, 26.5, -45],
					"cubes": [
						{
							"origin": [0.12082, 1.60189, -2.58947],
							"size": [0.07815, 0.17343, 0.3125],
							"inflate": 0.0001,
							"uv": {
								"north": {"uv": [2, 37], "uv_size": [0.5, 0.5]},
								"east": {"uv": [37, 2], "uv_size": [0.5, 0.5]},
								"south": {"uv": [4, 37], "uv_size": [0.5, 0.5]},
								"west": {"uv": [37, 4], "uv_size": [0.5, 0.5]},
								"up": {"uv": [6, 37], "uv_size": [0.5, 0.5]},
								"down": {"uv": [37, 6.5], "uv_size": [0.5, -0.5]}
							}
						},
						{
							"origin": [0.12082, 1.77929, -2.59455],
							"size": [0.07815, 0.05826, 0.32813],
							"pivot": [0.18503, 1.77532, -2.249],
							"rotation": [10, 0, 0],
							"uv": {
								"north": {"uv": [37, 8], "uv_size": [0.5, 0.5]},
								"east": {"uv": [10, 37], "uv_size": [0.5, 0.5]},
								"south": {"uv": [37, 10], "uv_size": [0.5, 0.5]},
								"west": {"uv": [12, 37], "uv_size": [0.5, 0.5]},
								"up": {"uv": [37, 12], "uv_size": [0.5, 0.5]},
								"down": {"uv": [14, 37.5], "uv_size": [0.5, -0.5]}
							}
						},
						{
							"origin": [0.12082, 1.5423, -2.56443],
							"size": [0.07815, 0.05826, 0.32812],
							"pivot": [0.18503, 1.77532, -2.249],
							"rotation": [-10, 0, 0],
							"uv": {
								"north": {"uv": [37, 14], "uv_size": [0.5, 0.5]},
								"east": {"uv": [16, 37], "uv_size": [0.5, 0.5]},
								"south": {"uv": [37, 18], "uv_size": [0.5, 0.5]},
								"west": {"uv": [37, 20], "uv_size": [0.5, 0.5]},
								"up": {"uv": [37, 22], "uv_size": [0.5, 0.5]},
								"down": {"uv": [37, 24.5], "uv_size": [0.5, -0.5]}
							}
						}
					]
				},
				{
					"name": "bone17",
					"parent": "fgdfg2",
					"pivot": [-0.21986, 1.68861, -2.40642],
					"rotation": [0, -26.5, 45],
					"cubes": [
						{
							"origin": [-0.19897, 1.60189, -2.58947],
							"size": [0.07815, 0.17343, 0.3125],
							"inflate": 0.0001,
							"uv": {
								"north": {"uv": [37, 26], "uv_size": [0.5, 0.5]},
								"east": {"uv": [37, 28], "uv_size": [0.5, 0.5]},
								"south": {"uv": [30, 37], "uv_size": [0.5, 0.5]},
								"west": {"uv": [37, 30], "uv_size": [0.5, 0.5]},
								"up": {"uv": [32, 37], "uv_size": [0.5, 0.5]},
								"down": {"uv": [0, 38.5], "uv_size": [0.5, -0.5]}
							}
						},
						{
							"origin": [-0.19897, 1.77929, -2.59455],
							"size": [0.07815, 0.05826, 0.32813],
							"pivot": [-0.18503, 1.77532, -2.249],
							"rotation": [10, 0, 0],
							"uv": {
								"north": {"uv": [38, 0], "uv_size": [0.5, 0.5]},
								"east": {"uv": [8, 38], "uv_size": [0.5, 0.5]},
								"south": {"uv": [38, 16], "uv_size": [0.5, 0.5]},
								"west": {"uv": [18, 38], "uv_size": [0.5, 0.5]},
								"up": {"uv": [20, 38], "uv_size": [0.5, 0.5]},
								"down": {"uv": [22, 38.5], "uv_size": [0.5, -0.5]}
							}
						},
						{
							"origin": [-0.19897, 1.5423, -2.56443],
							"size": [0.07815, 0.05826, 0.32812],
							"pivot": [-0.18503, 1.77532, -2.249],
							"rotation": [-10, 0, 0],
							"uv": {
								"north": {"uv": [24, 38], "uv_size": [0.5, 0.5]},
								"east": {"uv": [26, 38], "uv_size": [0.5, 0.5]},
								"south": {"uv": [28, 38], "uv_size": [0.5, 0.5]},
								"west": {"uv": [38, 32], "uv_size": [0.5, 0.5]},
								"up": {"uv": [34, 38], "uv_size": [0.5, 0.5]},
								"down": {"uv": [38, 34.5], "uv_size": [0.5, -0.5]}
							}
						}
					]
				},
				{
					"name": "bone18",
					"parent": "fgdfg2",
					"pivot": [-0.21986, 1.24889, -2.40642],
					"rotation": [0, -26.5, -45],
					"cubes": [
						{
							"origin": [-0.19897, 1.16218, -2.58947],
							"size": [0.07815, 0.17343, 0.3125],
							"inflate": 0.0001,
							"uv": {
								"north": {"uv": [36, 38], "uv_size": [0.5, 0.5]},
								"east": {"uv": [38, 36], "uv_size": [0.5, 0.5]},
								"south": {"uv": [38, 38], "uv_size": [0.5, 0.5]},
								"west": {"uv": [2, 39], "uv_size": [0.5, 0.5]},
								"up": {"uv": [39, 2], "uv_size": [0.5, 0.5]},
								"down": {"uv": [4, 39.5], "uv_size": [0.5, -0.5]}
							}
						},
						{
							"origin": [-0.19897, 1.09995, -2.59455],
							"size": [0.07815, 0.05826, 0.32813],
							"pivot": [-0.18503, 1.16218, -2.249],
							"rotation": [-10, 0, 0],
							"uv": {
								"north": {"uv": [39, 4], "uv_size": [0.5, 0.5]},
								"east": {"uv": [6, 39], "uv_size": [0.5, 0.5]},
								"south": {"uv": [39, 6], "uv_size": [0.5, 0.5]},
								"west": {"uv": [39, 8], "uv_size": [0.5, 0.5]},
								"up": {"uv": [10, 39], "uv_size": [0.5, 0.5]},
								"down": {"uv": [39, 10.5], "uv_size": [0.5, -0.5]}
							}
						},
						{
							"origin": [-0.19897, 1.33694, -2.56443],
							"size": [0.07815, 0.05826, 0.32812],
							"pivot": [-0.18503, 1.16218, -2.249],
							"rotation": [10, 0, 0],
							"uv": {
								"north": {"uv": [12, 39], "uv_size": [0.5, 0.5]},
								"east": {"uv": [39, 12], "uv_size": [0.5, 0.5]},
								"south": {"uv": [14, 39], "uv_size": [0.5, 0.5]},
								"west": {"uv": [39, 14], "uv_size": [0.5, 0.5]},
								"up": {"uv": [16, 39], "uv_size": [0.5, 0.5]},
								"down": {"uv": [39, 18.5], "uv_size": [0.5, -0.5]}
							}
						}
					]
				},
				{
					"name": "bone19",
					"parent": "fgdfg2",
					"pivot": [0.21986, 1.24889, -2.40642],
					"rotation": [0, 26.5, 45],
					"cubes": [
						{
							"origin": [0.12082, 1.16218, -2.58947],
							"size": [0.07815, 0.17343, 0.3125],
							"inflate": 0.0001,
							"uv": {
								"north": {"uv": [39, 20], "uv_size": [0.5, 0.5]},
								"east": {"uv": [39, 22], "uv_size": [0.5, 0.5]},
								"south": {"uv": [39, 24], "uv_size": [0.5, 0.5]},
								"west": {"uv": [39, 26], "uv_size": [0.5, 0.5]},
								"up": {"uv": [39, 28], "uv_size": [0.5, 0.5]},
								"down": {"uv": [30, 39.5], "uv_size": [0.5, -0.5]}
							}
						},
						{
							"origin": [0.12082, 1.09995, -2.59455],
							"size": [0.07815, 0.05826, 0.32813],
							"pivot": [0.18503, 1.16218, -2.249],
							"rotation": [-10, 0, 0],
							"uv": {
								"north": {"uv": [39, 30], "uv_size": [0.5, 0.5]},
								"east": {"uv": [32, 39], "uv_size": [0.5, 0.5]},
								"south": {"uv": [0, 40], "uv_size": [0.5, 0.5]},
								"west": {"uv": [40, 0], "uv_size": [0.5, 0.5]},
								"up": {"uv": [8, 40], "uv_size": [0.5, 0.5]},
								"down": {"uv": [40, 16.5], "uv_size": [0.5, -0.5]}
							}
						},
						{
							"origin": [0.12082, 1.33694, -2.56443],
							"size": [0.07815, 0.05826, 0.32812],
							"pivot": [0.18503, 1.16218, -2.249],
							"rotation": [10, 0, 0],
							"uv": {
								"north": {"uv": [18, 40], "uv_size": [0.5, 0.5]},
								"east": {"uv": [20, 40], "uv_size": [0.5, 0.5]},
								"south": {"uv": [22, 40], "uv_size": [0.5, 0.5]},
								"west": {"uv": [24, 40], "uv_size": [0.5, 0.5]},
								"up": {"uv": [26, 40], "uv_size": [0.5, 0.5]},
								"down": {"uv": [28, 40.5], "uv_size": [0.5, -0.5]}
							}
						}
					]
				},
				{
					"name": "bone14",
					"parent": "fgdfg2",
					"pivot": [0.14688, 1.82378, -2.25],
					"rotation": [0, 26.5, -90],
					"cubes": [
						{
							"origin": [0.07817, 1.88393, -2.59271],
							"size": [0.07815, 0.17344, 0.3125],
							"inflate": 0.0001,
							"uv": {
								"north": {"uv": [40, 32], "uv_size": [0.5, 0.5]},
								"east": {"uv": [34, 40], "uv_size": [0.5, 0.5]},
								"south": {"uv": [40, 34], "uv_size": [0.5, 0.5]},
								"west": {"uv": [36, 40], "uv_size": [0.5, 0.5]},
								"up": {"uv": [40, 36], "uv_size": [0.5, 0.5]},
								"down": {"uv": [38, 40.5], "uv_size": [0.5, -0.5]}
							}
						},
						{
							"origin": [0.07817, 2.06186, -2.60827],
							"size": [0.07815, 0.05826, 0.32812],
							"pivot": [0.13788, 2.11753, -2.25448],
							"rotation": [10, 0, 0],
							"uv": {
								"north": {"uv": [40, 38], "uv_size": [0.5, 0.5]},
								"east": {"uv": [40, 40], "uv_size": [0.5, 0.5]},
								"south": {"uv": [2, 41], "uv_size": [0.5, 0.5]},
								"west": {"uv": [41, 2], "uv_size": [0.5, 0.5]},
								"up": {"uv": [4, 41], "uv_size": [0.5, 0.5]},
								"down": {"uv": [41, 4.5], "uv_size": [0.5, -0.5]}
							}
						},
						{
							"origin": [0.07817, 1.82564, -2.55726],
							"size": [0.07815, 0.05826, 0.32812],
							"pivot": [0.13788, 2.11753, -2.25448],
							"rotation": [-10, 0, 0],
							"uv": {
								"north": {"uv": [6, 41], "uv_size": [0.5, 0.5]},
								"east": {"uv": [41, 6], "uv_size": [0.5, 0.5]},
								"south": {"uv": [41, 8], "uv_size": [0.5, 0.5]},
								"west": {"uv": [10, 41], "uv_size": [0.5, 0.5]},
								"up": {"uv": [41, 10], "uv_size": [0.5, 0.5]},
								"down": {"uv": [12, 41.5], "uv_size": [0.5, -0.5]}
							}
						}
					]
				},
				{
					"name": "bone15",
					"parent": "fgdfg2",
					"pivot": [0.14688, 1.11372, -2.25],
					"rotation": [0, 26.5, 90],
					"cubes": [
						{
							"origin": [0.07817, 0.88013, -2.59271],
							"size": [0.07815, 0.17344, 0.3125],
							"uv": {
								"north": {"uv": [41, 12], "uv_size": [0.5, 0.5]},
								"east": {"uv": [14, 41], "uv_size": [0.5, 0.5]},
								"south": {"uv": [41, 14], "uv_size": [0.5, 0.5]},
								"west": {"uv": [16, 41], "uv_size": [0.5, 0.5]},
								"up": {"uv": [41, 18], "uv_size": [0.5, 0.5]},
								"down": {"uv": [41, 20.5], "uv_size": [0.5, -0.5]}
							}
						},
						{
							"origin": [0.07817, 0.81738, -2.60827],
							"size": [0.07815, 0.05826, 0.32812],
							"pivot": [0.13788, 0.81997, -2.25448],
							"rotation": [-10, 0, 0],
							"uv": {
								"north": {"uv": [41, 22], "uv_size": [0.5, 0.5]},
								"east": {"uv": [41, 24], "uv_size": [0.5, 0.5]},
								"south": {"uv": [41, 26], "uv_size": [0.5, 0.5]},
								"west": {"uv": [41, 28], "uv_size": [0.5, 0.5]},
								"up": {"uv": [30, 41], "uv_size": [0.5, 0.5]},
								"down": {"uv": [41, 30.5], "uv_size": [0.5, -0.5]}
							}
						},
						{
							"origin": [0.07817, 1.0536, -2.55726],
							"size": [0.07815, 0.05826, 0.32812],
							"pivot": [0.13788, 0.81997, -2.25448],
							"rotation": [10, 0, 0],
							"uv": {
								"north": {"uv": [32, 41], "uv_size": [0.5, 0.5]},
								"east": {"uv": [0, 42], "uv_size": [0.5, 0.5]},
								"south": {"uv": [42, 0], "uv_size": [0.5, 0.5]},
								"west": {"uv": [8, 42], "uv_size": [0.5, 0.5]},
								"up": {"uv": [42, 16], "uv_size": [0.5, 0.5]},
								"down": {"uv": [18, 42.5], "uv_size": [0.5, -0.5]}
							}
						}
					]
				},
				{
					"name": "bone13",
					"parent": "fgdfg2",
					"pivot": [-0.35, 1.32378, -2.25],
					"rotation": [0, -26.5, 0],
					"cubes": [
						{
							"origin": [-0.36394, 1.38203, -2.59047],
							"size": [0.07815, 0.17344, 0.3125],
							"inflate": 0.0001,
							"uv": {
								"north": {"uv": [20, 42], "uv_size": [0.5, 0.5]},
								"east": {"uv": [22, 42], "uv_size": [0.5, 0.5]},
								"south": {"uv": [24, 42], "uv_size": [0.5, 0.5]},
								"west": {"uv": [26, 42], "uv_size": [0.5, 0.5]},
								"up": {"uv": [28, 42], "uv_size": [0.5, 0.5]},
								"down": {"uv": [42, 32.5], "uv_size": [0.5, -0.5]}
							}
						},
						{
							"origin": [-0.36394, 1.56032, -2.59004],
							"size": [0.07815, 0.05826, 0.3125],
							"pivot": [-0.35, 1.61372, -2.25],
							"rotation": [10, 0, 0],
							"uv": {
								"north": {"uv": [34, 42], "uv_size": [0.5, 0.5]},
								"east": {"uv": [42, 34], "uv_size": [0.5, 0.5]},
								"south": {"uv": [36, 42], "uv_size": [0.5, 0.5]},
								"west": {"uv": [42, 36], "uv_size": [0.5, 0.5]},
								"up": {"uv": [38, 42], "uv_size": [0.5, 0.5]},
								"down": {"uv": [42, 38.5], "uv_size": [0.5, -0.5]}
							}
						},
						{
							"origin": [-0.36394, 1.31892, -2.59004],
							"size": [0.07815, 0.05826, 0.3125],
							"pivot": [-0.35, 1.32378, -2.25],
							"rotation": [-10, 0, 0],
							"uv": {
								"north": {"uv": [40, 42], "uv_size": [0.5, 0.5]},
								"east": {"uv": [42, 40], "uv_size": [0.5, 0.5]},
								"south": {"uv": [42, 42], "uv_size": [0.5, 0.5]},
								"west": {"uv": [2, 43], "uv_size": [0.5, 0.5]},
								"up": {"uv": [43, 2], "uv_size": [0.5, 0.5]},
								"down": {"uv": [4, 43.5], "uv_size": [0.5, -0.5]}
							}
						}
					]
				},
				{
					"name": "fghfgb",
					"parent": "scope_body",
					"pivot": [0, -6.53125, -9.5],
					"cubes": [
						{
							"origin": [-0.19675, 0.99375, -1.21875],
							"size": [0.3935, 0.95, 0.1875],
							"pivot": [0, 1.46875, -1.53125],
							"rotation": [0, 0, 45],
							"uv": {
								"north": {"uv": [12, 33], "uv_size": [0.5, 1]},
								"east": {"uv": [33, 12], "uv_size": [0.5, 1]},
								"south": {"uv": [14, 33], "uv_size": [0.5, 1]},
								"west": {"uv": [33, 14], "uv_size": [0.5, 1]},
								"up": {"uv": [43, 4], "uv_size": [0.5, 0.5]},
								"down": {"uv": [6, 43.5], "uv_size": [0.5, -0.5]}
							}
						},
						{
							"origin": [-0.19675, 0.99375, -1.21875],
							"size": [0.3935, 0.95, 0.1875],
							"uv": {
								"north": {"uv": [16, 33], "uv_size": [0.5, 1]},
								"east": {"uv": [33, 18], "uv_size": [0.5, 1]},
								"south": {"uv": [33, 20], "uv_size": [0.5, 1]},
								"west": {"uv": [33, 22], "uv_size": [0.5, 1]},
								"up": {"uv": [43, 6], "uv_size": [0.5, 0.5]},
								"down": {"uv": [43, 8.5], "uv_size": [0.5, -0.5]}
							}
						},
						{
							"origin": [-0.475, 1.272, -1.21875],
							"size": [0.95, 0.3935, 0.1875],
							"pivot": [0, 1.46875, -1.53125],
							"rotation": [0, 0, 45],
							"uv": {
								"north": {"uv": [33, 24], "uv_size": [1, 0.5]},
								"east": {"uv": [10, 43], "uv_size": [0.5, 0.5]},
								"south": {"uv": [33, 26], "uv_size": [1, 0.5]},
								"west": {"uv": [43, 10], "uv_size": [0.5, 0.5]},
								"up": {"uv": [33, 28], "uv_size": [1, 0.5]},
								"down": {"uv": [30, 33.5], "uv_size": [1, -0.5]}
							}
						},
						{
							"origin": [-0.475, 1.272, -1.21875],
							"size": [0.95, 0.3935, 0.1875],
							"uv": {
								"north": {"uv": [33, 30], "uv_size": [1, 0.5]},
								"east": {"uv": [12, 43], "uv_size": [0.5, 0.5]},
								"south": {"uv": [32, 33], "uv_size": [1, 0.5]},
								"west": {"uv": [43, 12], "uv_size": [0.5, 0.5]},
								"up": {"uv": [0, 34], "uv_size": [1, 0.5]},
								"down": {"uv": [8, 34.5], "uv_size": [1, -0.5]}
							}
						},
						{
							"origin": [-0.19675, 0.99375, -2.21875],
							"size": [0.3935, 0.95, 0.1875],
							"pivot": [0, 1.46875, -2.53125],
							"rotation": [0, 0, 45],
							"uv": {
								"north": {"uv": [34, 16], "uv_size": [0.5, 1]},
								"east": {"uv": [18, 34], "uv_size": [0.5, 1]},
								"south": {"uv": [20, 34], "uv_size": [0.5, 1]},
								"west": {"uv": [22, 34], "uv_size": [0.5, 1]},
								"up": {"uv": [14, 43], "uv_size": [0.5, 0.5]},
								"down": {"uv": [43, 14.5], "uv_size": [0.5, -0.5]}
							}
						},
						{
							"origin": [-0.19675, 0.99375, -2.21875],
							"size": [0.3935, 0.95, 0.1875],
							"uv": {
								"north": {"uv": [24, 34], "uv_size": [0.5, 1]},
								"east": {"uv": [26, 34], "uv_size": [0.5, 1]},
								"south": {"uv": [28, 34], "uv_size": [0.5, 1]},
								"west": {"uv": [34, 32], "uv_size": [0.5, 1]},
								"up": {"uv": [16, 43], "uv_size": [0.5, 0.5]},
								"down": {"uv": [43, 18.5], "uv_size": [0.5, -0.5]}
							}
						},
						{
							"origin": [-0.475, 1.272, -2.21875],
							"size": [0.95, 0.3935, 0.1875],
							"pivot": [0, 1.46875, -2.53125],
							"rotation": [0, 0, 45],
							"uv": {
								"north": {"uv": [34, 34], "uv_size": [1, 0.5]},
								"east": {"uv": [43, 20], "uv_size": [0.5, 0.5]},
								"south": {"uv": [2, 35], "uv_size": [1, 0.5]},
								"west": {"uv": [43, 22], "uv_size": [0.5, 0.5]},
								"up": {"uv": [35, 2], "uv_size": [1, 0.5]},
								"down": {"uv": [4, 35.5], "uv_size": [1, -0.5]}
							}
						},
						{
							"origin": [-0.475, 1.272, -2.21875],
							"size": [0.95, 0.3935, 0.1875],
							"uv": {
								"north": {"uv": [35, 4], "uv_size": [1, 0.5]},
								"east": {"uv": [43, 24], "uv_size": [0.5, 0.5]},
								"south": {"uv": [6, 35], "uv_size": [1, 0.5]},
								"west": {"uv": [43, 26], "uv_size": [0.5, 0.5]},
								"up": {"uv": [35, 6], "uv_size": [1, 0.5]},
								"down": {"uv": [35, 8.5], "uv_size": [1, -0.5]}
							}
						}
					]
				},
				{
					"name": "fgdgdf",
					"parent": "scope_body",
					"pivot": [8, -6.53125, -6.875],
					"cubes": [
						{
							"origin": [-0.31066, 0.71875, 0.625],
							"size": [0.62132, 1.5, 2.4375],
							"pivot": [0, 1.46875, 1.125],
							"rotation": [0, 0, 45],
							"uv": {
								"north": {"uv": [15, 9], "uv_size": [0.5, 1.5]},
								"east": {"uv": [0, 0], "uv_size": [2.5, 1.5]},
								"south": {"uv": [0, 16], "uv_size": [0.5, 1.5]},
								"west": {"uv": [0, 3], "uv_size": [2.5, 1.5]},
								"up": {"uv": [9, 4], "uv_size": [0.5, 2.5]},
								"down": {"uv": [9, 10.5], "uv_size": [0.5, -2.5]}
							}
						},
						{
							"origin": [-0.31066, 0.71875, 0.625],
							"size": [0.62132, 1.5, 2.4375],
							"uv": {
								"north": {"uv": [16, 4], "uv_size": [0.5, 1.5]},
								"east": {"uv": [4, 0], "uv_size": [2.5, 1.5]},
								"south": {"uv": [5, 16], "uv_size": [0.5, 1.5]},
								"west": {"uv": [4, 3], "uv_size": [2.5, 1.5]},
								"up": {"uv": [0, 10], "uv_size": [0.5, 2.5]},
								"down": {"uv": [2, 12.5], "uv_size": [0.5, -2.5]}
							}
						},
						{
							"origin": [-0.75, 1.15809, 0.625],
							"size": [1.5, 0.62132, 2.4375],
							"pivot": [0, 1.46875, 1.125],
							"rotation": [0, 0, 45],
							"uv": {
								"north": {"uv": [16, 7], "uv_size": [1.5, 0.5]},
								"east": {"uv": [4, 10], "uv_size": [2.5, 0.5]},
								"south": {"uv": [11, 16], "uv_size": [1.5, 0.5]},
								"west": {"uv": [11, 0], "uv_size": [2.5, 0.5]},
								"up": {"uv": [0, 6], "uv_size": [1.5, 2.5]},
								"down": {"uv": [3, 8.5], "uv_size": [1.5, -2.5]}
							}
						},
						{
							"origin": [-0.75, 1.15809, 0.625],
							"size": [1.5, 0.62132, 2.4375],
							"uv": {
								"north": {"uv": [16, 12], "uv_size": [1.5, 0.5]},
								"east": {"uv": [11, 2], "uv_size": [2.5, 0.5]},
								"south": {"uv": [14, 16], "uv_size": [1.5, 0.5]},
								"west": {"uv": [11, 4], "uv_size": [2.5, 0.5]},
								"up": {"uv": [6, 6], "uv_size": [1.5, 2.5]},
								"down": {"uv": [8, 2.5], "uv_size": [1.5, -2.5]}
							}
						}
					]
				},
				{
					"name": "bone20",
					"parent": "fgdgdf",
					"pivot": [0.75, 1.15809, 0.625],
					"rotation": [0, 14, 0],
					"cubes": [
						{
							"origin": [0.6625, 1.32378, -1.03125],
							"size": [0.0875, 0.28994, 1.65625],
							"inflate": 0.0001,
							"uv": {
								"north": {"uv": [24, 46], "uv_size": [0.5, 0.5]},
								"east": {"uv": [16, 14], "uv_size": [1.5, 0.5]},
								"south": {"uv": [26, 46], "uv_size": [0.5, 0.5]},
								"west": {"uv": [17, 9], "uv_size": [1.5, 0.5]},
								"up": {"uv": [7, 16], "uv_size": [0.5, 1.5]},
								"down": {"uv": [17, 17.5], "uv_size": [0.5, -1.5]}
							}
						},
						{
							"origin": [0.6625, 1.61372, -1.03125],
							"size": [0.0875, 0.16569, 1.65625],
							"pivot": [0.75, 1.77941, 0.625],
							"rotation": [5.75, 0, 0],
							"uv": {
								"north": {"uv": [28, 46], "uv_size": [0.5, 0.5]},
								"east": {"uv": [18, 0], "uv_size": [1.5, 0.5]},
								"south": {"uv": [46, 32], "uv_size": [0.5, 0.5]},
								"west": {"uv": [2, 18], "uv_size": [1.5, 0.5]},
								"up": {"uv": [18, 2], "uv_size": [0.5, 1.5]},
								"down": {"uv": [9, 19.5], "uv_size": [0.5, -1.5]}
							}
						},
						{
							"origin": [0.6625, 1.15809, -1.03125],
							"size": [0.0875, 0.16569, 1.65625],
							"pivot": [0.75, 1.15809, 0.625],
							"rotation": [-5.75, 0, 0],
							"uv": {
								"north": {"uv": [34, 46], "uv_size": [0.5, 0.5]},
								"east": {"uv": [18, 5], "uv_size": [1.5, 0.5]},
								"south": {"uv": [46, 34], "uv_size": [0.5, 0.5]},
								"west": {"uv": [11, 18], "uv_size": [1.5, 0.5]},
								"up": {"uv": [14, 18], "uv_size": [0.5, 1.5]},
								"down": {"uv": [0, 20.5], "uv_size": [0.5, -1.5]}
							}
						}
					]
				},
				{
					"name": "bone24",
					"parent": "fgdgdf",
					"pivot": [0.25, 2.15809, 0.625],
					"rotation": [0, 14, -90],
					"cubes": [
						{
							"origin": [0.22136, 2.26312, -1.01657],
							"size": [0.0875, 0.28994, 1.65625],
							"inflate": 0.0001,
							"uv": {
								"north": {"uv": [36, 46], "uv_size": [0.5, 0.5]},
								"east": {"uv": [5, 19], "uv_size": [1.5, 0.5]},
								"south": {"uv": [46, 36], "uv_size": [0.5, 0.5]},
								"west": {"uv": [19, 7], "uv_size": [1.5, 0.5]},
								"up": {"uv": [19, 11], "uv_size": [0.5, 1.5]},
								"down": {"uv": [19, 15.5], "uv_size": [0.5, -1.5]}
							}
						},
						{
							"origin": [0.22136, 2.55306, -1.01657],
							"size": [0.0875, 0.16569, 1.65625],
							"pivot": [0.30886, 2.71875, 0.63968],
							"rotation": [5.75, 0, 0],
							"uv": {
								"north": {"uv": [38, 46], "uv_size": [0.5, 0.5]},
								"east": {"uv": [16, 19], "uv_size": [1.5, 0.5]},
								"south": {"uv": [46, 38], "uv_size": [0.5, 0.5]},
								"west": {"uv": [19, 17], "uv_size": [1.5, 0.5]},
								"up": {"uv": [19, 19], "uv_size": [0.5, 1.5]},
								"down": {"uv": [2, 21.5], "uv_size": [0.5, -1.5]}
							}
						},
						{
							"origin": [0.22136, 2.09743, -1.01657],
							"size": [0.0875, 0.16569, 1.65625],
							"pivot": [0.30886, 2.09743, 0.63968],
							"rotation": [-5.75, 0, 0],
							"uv": {
								"north": {"uv": [40, 46], "uv_size": [0.5, 0.5]},
								"east": {"uv": [20, 2], "uv_size": [1.5, 0.5]},
								"south": {"uv": [46, 40], "uv_size": [0.5, 0.5]},
								"west": {"uv": [20, 9], "uv_size": [1.5, 0.5]},
								"up": {"uv": [11, 20], "uv_size": [0.5, 1.5]},
								"down": {"uv": [4, 22.5], "uv_size": [0.5, -1.5]}
							}
						}
					]
				},
				{
					"name": "bone27",
					"parent": "fgdgdf",
					"pivot": [0.25, 0.77941, 0.625],
					"rotation": [0, 14, 90],
					"cubes": [
						{
							"origin": [0.22136, 0.38444, -1.01657],
							"size": [0.0875, 0.28994, 1.65625],
							"inflate": 0.0001,
							"uv": {
								"north": {"uv": [42, 46], "uv_size": [0.5, 0.5]},
								"east": {"uv": [21, 0], "uv_size": [1.5, 0.5]},
								"south": {"uv": [46, 42], "uv_size": [0.5, 0.5]},
								"west": {"uv": [21, 4], "uv_size": [1.5, 0.5]},
								"up": {"uv": [6, 21], "uv_size": [0.5, 1.5]},
								"down": {"uv": [8, 22.5], "uv_size": [0.5, -1.5]}
							}
						},
						{
							"origin": [0.22136, 0.21875, -1.01657],
							"size": [0.0875, 0.16569, 1.65625],
							"pivot": [0.30886, 0.21875, 0.63968],
							"rotation": [-5.75, 0, 0],
							"uv": {
								"north": {"uv": [44, 46], "uv_size": [0.5, 0.5]},
								"east": {"uv": [21, 11], "uv_size": [1.5, 0.5]},
								"south": {"uv": [46, 44], "uv_size": [0.5, 0.5]},
								"west": {"uv": [13, 21], "uv_size": [1.5, 0.5]},
								"up": {"uv": [21, 13], "uv_size": [0.5, 1.5]},
								"down": {"uv": [16, 22.5], "uv_size": [0.5, -1.5]}
							}
						},
						{
							"origin": [0.22136, 0.67438, -1.01657],
							"size": [0.0875, 0.16569, 1.65625],
							"pivot": [0.30886, 0.84007, 0.63968],
							"rotation": [5.75, 0, 0],
							"uv": {
								"north": {"uv": [46, 46], "uv_size": [0.5, 0.5]},
								"east": {"uv": [21, 19], "uv_size": [1.5, 0.5]},
								"south": {"uv": [2, 47], "uv_size": [0.5, 0.5]},
								"west": {"uv": [21, 21], "uv_size": [1.5, 0.5]},
								"up": {"uv": [0, 22], "uv_size": [0.5, 1.5]},
								"down": {"uv": [22, 7.5], "uv_size": [0.5, -1.5]}
							}
						}
					]
				},
				{
					"name": "bone22",
					"parent": "fgdgdf",
					"pivot": [0.75, 1.78309, 0.625],
					"rotation": [0, 14, -45],
					"cubes": [
						{
							"origin": [0.6625, 1.94878, -1.03125],
							"size": [0.0875, 0.28994, 1.65625],
							"inflate": 0.0001,
							"uv": {
								"north": {"uv": [47, 2], "uv_size": [0.5, 0.5]},
								"east": {"uv": [22, 16], "uv_size": [1.5, 0.5]},
								"south": {"uv": [4, 47], "uv_size": [0.5, 0.5]},
								"west": {"uv": [18, 22], "uv_size": [1.5, 0.5]},
								"up": {"uv": [2, 23], "uv_size": [0.5, 1.5]},
								"down": {"uv": [10, 24.5], "uv_size": [0.5, -1.5]}
							}
						},
						{
							"origin": [0.6625, 2.23872, -1.03125],
							"size": [0.0875, 0.16569, 1.65625],
							"pivot": [0.75, 2.40441, 0.625],
							"rotation": [5.75, 0, 0],
							"uv": {
								"north": {"uv": [47, 4], "uv_size": [0.5, 0.5]},
								"east": {"uv": [23, 2], "uv_size": [1.5, 0.5]},
								"south": {"uv": [6, 47], "uv_size": [0.5, 0.5]},
								"west": {"uv": [23, 9], "uv_size": [1.5, 0.5]},
								"up": {"uv": [12, 23], "uv_size": [0.5, 1.5]},
								"down": {"uv": [23, 14.5], "uv_size": [0.5, -1.5]}
							}
						},
						{
							"origin": [0.6625, 1.78309, -1.03125],
							"size": [0.0875, 0.16569, 1.65625],
							"pivot": [0.75, 1.78309, 0.625],
							"rotation": [-5.75, 0, 0],
							"uv": {
								"north": {"uv": [47, 6], "uv_size": [0.5, 0.5]},
								"east": {"uv": [21, 23], "uv_size": [1.5, 0.5]},
								"south": {"uv": [47, 8], "uv_size": [0.5, 0.5]},
								"west": {"uv": [24, 0], "uv_size": [1.5, 0.5]},
								"up": {"uv": [14, 23], "uv_size": [0.5, 1.5]},
								"down": {"uv": [4, 25.5], "uv_size": [0.5, -1.5]}
							}
						}
					]
				},
				{
					"name": "bone25",
					"parent": "fgdgdf",
					"pivot": [0.75, 1.15441, 0.625],
					"rotation": [0, 14, 45],
					"cubes": [
						{
							"origin": [0.6625, 0.69878, -1.03125],
							"size": [0.0875, 0.28994, 1.65625],
							"inflate": 0.0001,
							"uv": {
								"north": {"uv": [10, 47], "uv_size": [0.5, 0.5]},
								"east": {"uv": [24, 4], "uv_size": [1.5, 0.5]},
								"south": {"uv": [47, 10], "uv_size": [0.5, 0.5]},
								"west": {"uv": [6, 24], "uv_size": [1.5, 0.5]},
								"up": {"uv": [24, 6], "uv_size": [0.5, 1.5]},
								"down": {"uv": [16, 25.5], "uv_size": [0.5, -1.5]}
							}
						},
						{
							"origin": [0.6625, 0.53309, -1.03125],
							"size": [0.0875, 0.16569, 1.65625],
							"pivot": [0.75, 0.53309, 0.625],
							"rotation": [-5.75, 0, 0],
							"uv": {
								"north": {"uv": [12, 47], "uv_size": [0.5, 0.5]},
								"east": {"uv": [24, 11], "uv_size": [1.5, 0.5]},
								"south": {"uv": [47, 12], "uv_size": [0.5, 0.5]},
								"west": {"uv": [18, 24], "uv_size": [1.5, 0.5]},
								"up": {"uv": [24, 18], "uv_size": [0.5, 1.5]},
								"down": {"uv": [24, 22.5], "uv_size": [0.5, -1.5]}
							}
						},
						{
							"origin": [0.6625, 0.98872, -1.03125],
							"size": [0.0875, 0.16569, 1.65625],
							"pivot": [0.75, 1.15441, 0.625],
							"rotation": [5.75, 0, 0],
							"uv": {
								"north": {"uv": [14, 47], "uv_size": [0.5, 0.5]},
								"east": {"uv": [24, 24], "uv_size": [1.5, 0.5]},
								"south": {"uv": [47, 14], "uv_size": [0.5, 0.5]},
								"west": {"uv": [25, 13], "uv_size": [1.5, 0.5]},
								"up": {"uv": [0, 25], "uv_size": [0.5, 1.5]},
								"down": {"uv": [25, 16.5], "uv_size": [0.5, -1.5]}
							}
						}
					]
				},
				{
					"name": "bone26",
					"parent": "fgdgdf",
					"pivot": [-0.75, 1.15441, 0.625],
					"rotation": [0, -14, -45],
					"cubes": [
						{
							"origin": [-0.75, 0.69878, -1.03125],
							"size": [0.0875, 0.28994, 1.65625],
							"inflate": 0.0001,
							"uv": {
								"north": {"uv": [16, 47], "uv_size": [0.5, 0.5]},
								"east": {"uv": [21, 25], "uv_size": [1.5, 0.5]},
								"south": {"uv": [47, 18], "uv_size": [0.5, 0.5]},
								"west": {"uv": [26, 2], "uv_size": [1.5, 0.5]},
								"up": {"uv": [2, 26], "uv_size": [0.5, 1.5]},
								"down": {"uv": [6, 27.5], "uv_size": [0.5, -1.5]}
							}
						},
						{
							"origin": [-0.75, 0.53309, -1.03125],
							"size": [0.0875, 0.16569, 1.65625],
							"pivot": [-0.75, 0.53309, 0.625],
							"rotation": [-5.75, 0, 0],
							"uv": {
								"north": {"uv": [47, 20], "uv_size": [0.5, 0.5]},
								"east": {"uv": [26, 6], "uv_size": [1.5, 0.5]},
								"south": {"uv": [47, 22], "uv_size": [0.5, 0.5]},
								"west": {"uv": [8, 26], "uv_size": [1.5, 0.5]},
								"up": {"uv": [26, 8], "uv_size": [0.5, 1.5]},
								"down": {"uv": [11, 27.5], "uv_size": [0.5, -1.5]}
							}
						},
						{
							"origin": [-0.75, 0.98872, -1.03125],
							"size": [0.0875, 0.16569, 1.65625],
							"pivot": [-0.75, 1.15441, 0.625],
							"rotation": [5.75, 0, 0],
							"uv": {
								"north": {"uv": [47, 24], "uv_size": [0.5, 0.5]},
								"east": {"uv": [13, 26], "uv_size": [1.5, 0.5]},
								"south": {"uv": [47, 26], "uv_size": [0.5, 0.5]},
								"west": {"uv": [18, 26], "uv_size": [1.5, 0.5]},
								"up": {"uv": [26, 18], "uv_size": [0.5, 1.5]},
								"down": {"uv": [26, 22.5], "uv_size": [0.5, -1.5]}
							}
						}
					]
				},
				{
					"name": "bone23",
					"parent": "fgdgdf",
					"pivot": [-0.75, 1.78309, 0.625],
					"rotation": [0, -14, 45],
					"cubes": [
						{
							"origin": [-0.75, 1.94878, -1.03125],
							"size": [0.0875, 0.28994, 1.65625],
							"inflate": 0.0001,
							"uv": {
								"north": {"uv": [47, 28], "uv_size": [0.5, 0.5]},
								"east": {"uv": [24, 26], "uv_size": [1.5, 0.5]},
								"south": {"uv": [30, 47], "uv_size": [0.5, 0.5]},
								"west": {"uv": [27, 0], "uv_size": [1.5, 0.5]},
								"up": {"uv": [4, 27], "uv_size": [0.5, 1.5]},
								"down": {"uv": [27, 16.5], "uv_size": [0.5, -1.5]}
							}
						},
						{
							"origin": [-0.75, 2.23872, -1.03125],
							"size": [0.0875, 0.16569, 1.65625],
							"pivot": [-0.75, 2.40441, 0.625],
							"rotation": [5.75, 0, 0],
							"uv": {
								"north": {"uv": [47, 30], "uv_size": [0.5, 0.5]},
								"east": {"uv": [27, 4], "uv_size": [1.5, 0.5]},
								"south": {"uv": [32, 47], "uv_size": [0.5, 0.5]},
								"west": {"uv": [27, 11], "uv_size": [1.5, 0.5]},
								"up": {"uv": [16, 27], "uv_size": [0.5, 1.5]},
								"down": {"uv": [21, 28.5], "uv_size": [0.5, -1.5]}
							}
						},
						{
							"origin": [-0.75, 1.78309, -1.03125],
							"size": [0.0875, 0.16569, 1.65625],
							"pivot": [-0.75, 1.78309, 0.625],
							"rotation": [-5.75, 0, 0],
							"uv": {
								"north": {"uv": [0, 48], "uv_size": [0.5, 0.5]},
								"east": {"uv": [27, 24], "uv_size": [1.5, 0.5]},
								"south": {"uv": [48, 0], "uv_size": [0.5, 0.5]},
								"west": {"uv": [27, 26], "uv_size": [1.5, 0.5]},
								"up": {"uv": [0, 28], "uv_size": [0.5, 1.5]},
								"down": {"uv": [8, 29.5], "uv_size": [0.5, -1.5]}
							}
						}
					]
				},
				{
					"name": "bone21",
					"parent": "fgdgdf",
					"pivot": [-0.75, 1.15809, 0.625],
					"rotation": [0, -14, 0],
					"cubes": [
						{
							"origin": [-0.75, 1.32378, -1.03125],
							"size": [0.0875, 0.28994, 1.65625],
							"inflate": 0.0001,
							"uv": {
								"north": {"uv": [8, 48], "uv_size": [0.5, 0.5]},
								"east": {"uv": [28, 8], "uv_size": [1.5, 0.5]},
								"south": {"uv": [48, 16], "uv_size": [0.5, 0.5]},
								"west": {"uv": [13, 28], "uv_size": [1.5, 0.5]},
								"up": {"uv": [18, 28], "uv_size": [0.5, 1.5]},
								"down": {"uv": [28, 19.5], "uv_size": [0.5, -1.5]}
							}
						},
						{
							"origin": [-0.75, 1.61372, -1.03125],
							"size": [0.0875, 0.16569, 1.65625],
							"pivot": [-0.75, 1.77941, 0.625],
							"rotation": [5.75, 0, 0],
							"uv": {
								"north": {"uv": [18, 48], "uv_size": [0.5, 0.5]},
								"east": {"uv": [28, 13], "uv_size": [1.5, 0.5]},
								"south": {"uv": [20, 48], "uv_size": [0.5, 0.5]},
								"west": {"uv": [28, 21], "uv_size": [1.5, 0.5]},
								"up": {"uv": [23, 28], "uv_size": [0.5, 1.5]},
								"down": {"uv": [25, 29.5], "uv_size": [0.5, -1.5]}
							}
						},
						{
							"origin": [-0.75, 1.15809, -1.03125],
							"size": [0.0875, 0.16569, 1.65625],
							"pivot": [-0.75, 1.15809, 0.625],
							"rotation": [-5.75, 0, 0],
							"uv": {
								"north": {"uv": [22, 48], "uv_size": [0.5, 0.5]},
								"east": {"uv": [27, 28], "uv_size": [1.5, 0.5]},
								"south": {"uv": [24, 48], "uv_size": [0.5, 0.5]},
								"west": {"uv": [29, 2], "uv_size": [1.5, 0.5]},
								"up": {"uv": [2, 29], "uv_size": [0.5, 1.5]},
								"down": {"uv": [6, 30.5], "uv_size": [0.5, -1.5]}
							}
						}
					]
				},
				{
					"name": "nfgngfhn",
					"parent": "scope_body",
					"pivot": [8, -6.53125, -10.0625],
					"cubes": [
						{
							"origin": [-0.08672, 1.2594, -2.59375],
							"size": [0.17344, 0.4187, 0.0625],
							"pivot": [0, 1.46875, -2.09375],
							"rotation": [0, 0, 45],
							"uv": {
								"north": {"uv": [26, 48], "uv_size": [0.5, 0.5]},
								"east": {"uv": [28, 48], "uv_size": [0.5, 0.5]},
								"south": {"uv": [48, 32], "uv_size": [0.5, 0.5]},
								"west": {"uv": [34, 48], "uv_size": [0.5, 0.5]},
								"up": {"uv": [48, 34], "uv_size": [0.5, 0.5]},
								"down": {"uv": [36, 48.5], "uv_size": [0.5, -0.5]}
							}
						},
						{
							"origin": [-0.08672, 1.2594, -2.59375],
							"size": [0.17344, 0.4187, 0.0625],
							"inflate": -0.0001,
							"uv": {
								"north": {"uv": [48, 36], "uv_size": [0.5, 0.5]},
								"east": {"uv": [38, 48], "uv_size": [0.5, 0.5]},
								"south": {"uv": [48, 38], "uv_size": [0.5, 0.5]},
								"west": {"uv": [40, 48], "uv_size": [0.5, 0.5]},
								"up": {"uv": [48, 40], "uv_size": [0.5, 0.5]},
								"down": {"uv": [42, 48.5], "uv_size": [0.5, -0.5]}
							}
						},
						{
							"origin": [-0.20935, 1.38203, -2.59375],
							"size": [0.4187, 0.17344, 0.0625],
							"pivot": [0, 1.46875, -2.09375],
							"rotation": [0, 0, 45],
							"uv": {
								"north": {"uv": [48, 42], "uv_size": [0.5, 0.5]},
								"east": {"uv": [44, 48], "uv_size": [0.5, 0.5]},
								"south": {"uv": [48, 44], "uv_size": [0.5, 0.5]},
								"west": {"uv": [46, 48], "uv_size": [0.5, 0.5]},
								"up": {"uv": [48, 46], "uv_size": [0.5, 0.5]},
								"down": {"uv": [48, 48.5], "uv_size": [0.5, -0.5]}
							}
						},
						{
							"origin": [-0.20935, 1.38203, -2.59375],
							"size": [0.4187, 0.17344, 0.0625],
							"inflate": 0.0001,
							"uv": {
								"north": {"uv": [2, 49], "uv_size": [0.5, 0.5]},
								"east": {"uv": [49, 2], "uv_size": [0.5, 0.5]},
								"south": {"uv": [4, 49], "uv_size": [0.5, 0.5]},
								"west": {"uv": [49, 4], "uv_size": [0.5, 0.5]},
								"up": {"uv": [6, 49], "uv_size": [0.5, 0.5]},
								"down": {"uv": [49, 6.5], "uv_size": [0.5, -0.5]}
							}
						}
					]
				},
				{
					"name": "fgdfgdg2",
					"parent": "scope_body",
					"pivot": [8, -6.53125, -5.59375],
					"cubes": [
						{
							"origin": [-0.34173, 0.64375, 1.90625],
							"size": [0.68346, 1.65, 0.3125],
							"pivot": [0, 1.46875, 2.40625],
							"rotation": [0, 0, 45],
							"uv": {
								"north": {"uv": [10, 29], "uv_size": [0.5, 1.5]},
								"east": {"uv": [29, 15], "uv_size": [0.5, 1.5]},
								"south": {"uv": [4, 30], "uv_size": [0.5, 1.5]},
								"west": {"uv": [30, 4], "uv_size": [0.5, 1.5]},
								"up": {"uv": [49, 8], "uv_size": [0.5, 0.5]},
								"down": {"uv": [10, 49.5], "uv_size": [0.5, -0.5]}
							}
						},
						{
							"origin": [-0.34173, 0.64375, 1.90625],
							"size": [0.68346, 1.65, 0.3125],
							"uv": {
								"north": {"uv": [30, 10], "uv_size": [0.5, 1.5]},
								"east": {"uv": [12, 30], "uv_size": [0.5, 1.5]},
								"south": {"uv": [14, 30], "uv_size": [0.5, 1.5]},
								"west": {"uv": [16, 30], "uv_size": [0.5, 1.5]},
								"up": {"uv": [49, 10], "uv_size": [0.5, 0.5]},
								"down": {"uv": [12, 49.5], "uv_size": [0.5, -0.5]}
							}
						},
						{
							"origin": [-0.825, 1.12702, 1.90625],
							"size": [1.65, 0.68346, 0.3125],
							"pivot": [0, 1.46875, 2.40625],
							"rotation": [0, 0, 45],
							"uv": {
								"north": {"uv": [30, 0], "uv_size": [1.5, 0.5]},
								"east": {"uv": [49, 12], "uv_size": [0.5, 0.5]},
								"south": {"uv": [30, 18], "uv_size": [1.5, 0.5]},
								"west": {"uv": [14, 49], "uv_size": [0.5, 0.5]},
								"up": {"uv": [20, 30], "uv_size": [1.5, 0.5]},
								"down": {"uv": [30, 23.5], "uv_size": [1.5, -0.5]}
							}
						},
						{
							"origin": [-0.825, 1.12702, 1.90625],
							"size": [1.65, 0.68346, 0.3125],
							"uv": {
								"north": {"uv": [30, 25], "uv_size": [1.5, 0.5]},
								"east": {"uv": [49, 14], "uv_size": [0.5, 0.5]},
								"south": {"uv": [27, 30], "uv_size": [1.5, 0.5]},
								"west": {"uv": [16, 49], "uv_size": [0.5, 0.5]},
								"up": {"uv": [30, 27], "uv_size": [1.5, 0.5]},
								"down": {"uv": [30, 29.5], "uv_size": [1.5, -0.5]}
							}
						}
					]
				},
				{
					"name": "hjhmhg",
					"parent": "scope_body",
					"pivot": [8, -6.53125, -5.75],
					"cubes": [
						{
							"origin": [-0.35208, 0.61875, 1.6875],
							"size": [0.70416, 1.7, 0.25],
							"pivot": [0, 1.46875, 2.1875],
							"rotation": [0, 0, 45],
							"uv": {
								"north": {"uv": [0, 31], "uv_size": [0.5, 1.5]},
								"east": {"uv": [31, 7], "uv_size": [0.5, 1.5]},
								"south": {"uv": [8, 31], "uv_size": [0.5, 1.5]},
								"west": {"uv": [31, 13], "uv_size": [0.5, 1.5]},
								"up": {"uv": [49, 18], "uv_size": [0.5, 0.5]},
								"down": {"uv": [49, 20.5], "uv_size": [0.5, -0.5]}
							}
						},
						{
							"origin": [-0.35208, 0.61875, 1.6875],
							"size": [0.70416, 1.7, 0.25],
							"uv": {
								"north": {"uv": [18, 31], "uv_size": [0.5, 1.5]},
								"east": {"uv": [31, 20], "uv_size": [0.5, 1.5]},
								"south": {"uv": [23, 31], "uv_size": [0.5, 1.5]},
								"west": {"uv": [25, 31], "uv_size": [0.5, 1.5]},
								"up": {"uv": [49, 22], "uv_size": [0.5, 0.5]},
								"down": {"uv": [49, 24.5], "uv_size": [0.5, -0.5]}
							}
						},
						{
							"origin": [-0.85, 1.11667, 1.6875],
							"size": [1.7, 0.70416, 0.25],
							"pivot": [0, 1.46875, 2.1875],
							"rotation": [0, 0, 45],
							"uv": {
								"north": {"uv": [31, 16], "uv_size": [1.5, 0.5]},
								"east": {"uv": [49, 26], "uv_size": [0.5, 0.5]},
								"south": {"uv": [30, 31], "uv_size": [1.5, 0.5]},
								"west": {"uv": [49, 28], "uv_size": [0.5, 0.5]},
								"up": {"uv": [32, 2], "uv_size": [1.5, 0.5]},
								"down": {"uv": [32, 4.5], "uv_size": [1.5, -0.5]}
							}
						},
						{
							"origin": [-0.85, 1.11667, 1.6875],
							"size": [1.7, 0.70416, 0.25],
							"uv": {
								"north": {"uv": [32, 10], "uv_size": [1.5, 0.5]},
								"east": {"uv": [30, 49], "uv_size": [0.5, 0.5]},
								"south": {"uv": [20, 32], "uv_size": [1.5, 0.5]},
								"west": {"uv": [49, 30], "uv_size": [0.5, 0.5]},
								"up": {"uv": [27, 32], "uv_size": [1.5, 0.5]},
								"down": {"uv": [33, 0.5], "uv_size": [1.5, -0.5]}
							}
						}
					]
				},
				{
					"name": "ocular",
					"pivot": [0, 1.5225, 2.455],
					"cubes": [
						{
							"origin": [-0.67997, 1.15587, 3.15628],
							"size": [1.35994, 0.56327, -0.00006],
							"inflate": 0.0002,
							"uv": {
								"south": {"uv": [2, 33], "uv_size": [1.5, 0.5]}
							}
						},
						{
							"origin": [-0.68003, 1.15581, 3.15622],
							"size": [1.36006, 0.56339, 0.00006],
							"inflate": -0.0002,
							"pivot": [0, 1.4375, 3.41125],
							"rotation": [0, 0, 45],
							"uv": {
								"south": {"uv": [5, 33], "uv_size": [1.5, 0.5]}
							}
						},
						{
							"origin": [-0.2816, 0.75756, 3.15631],
							"size": [0.56321, 1.35988, -0.00012],
							"uv": {
								"south": {"uv": [10, 32], "uv_size": [0.5, 1.5]}
							}
						},
						{
							"origin": [-0.28166, 0.7575, 3.15625],
							"size": [0.56333, 1.36, 0],
							"inflate": -0.0001,
							"pivot": [0, 1.4375, 3.41125],
							"rotation": [0, 0, 45],
							"uv": {
								"south": {"uv": [33, 6], "uv_size": [0.5, 1.5]}
							}
						}
					]
				},
				{
					"name": "scope_view",
					"pivot": [0, 1.4375, 6.25]
				}
			]
		}
	]
}