{
	"format_version": "1.12.0",
	"minecraft:geometry": [
		{
			"description": {
				"identifier": "geometry.unknown",
				"texture_width": 256,
				"texture_height": 256,
				"visible_bounds_width": 15,
				"visible_bounds_height": 11,
				"visible_bounds_offset": [0, 0.5, 0]
			},
			"bones": [
				{
					"name": "ocular_ring",
					"pivot": [0, 0, 0],
					"cubes": [
						{
							"origin": [-0.41421, 1.875, 5.5625],
							"size": [0.82842, 0.2, 0.75],
							"pivot": [0, 2.875, 5.8125],
							"rotation": [0, 0, 45],
							"uv": {
								"north": {"uv": [158, 0], "uv_size": [0.5, 0.5]},
								"east": {"uv": [44, 71], "uv_size": [2, 0.5]},
								"south": {"uv": [158, 2], "uv_size": [0.5, 0.5]},
								"west": {"uv": [44, 78], "uv_size": [2, 0.5]},
								"up": {"uv": [26, 108], "uv_size": [0.5, 2.5]},
								"down": {"uv": [107, 28], "uv_size": [1, -1]}
							}
						},
						{
							"origin": [-0.41421, 1.875, 5.5625],
							"size": [0.82842, 0.2, 0.75],
							"uv": {
								"north": {"uv": [158, 4], "uv_size": [0.5, 0.5]},
								"east": {"uv": [44, 80], "uv_size": [2, 0.5]},
								"south": {"uv": [158, 6], "uv_size": [0.5, 0.5]},
								"west": {"uv": [44, 82], "uv_size": [2, 0.5]},
								"up": {"uv": [31, 108], "uv_size": [0.5, 2.5]},
								"down": {"uv": [33, 110.5], "uv_size": [0.5, -2.5]}
							}
						},
						{
							"origin": [-0.41421, 3.675, 5.5625],
							"size": [0.82842, 0.2, 0.75],
							"pivot": [0, 2.875, 5.8125],
							"rotation": [0, 0, 45],
							"uv": {
								"north": {"uv": [158, 8], "uv_size": [0.5, 0.5]},
								"east": {"uv": [44, 84], "uv_size": [2, 0.5]},
								"south": {"uv": [158, 10], "uv_size": [0.5, 0.5]},
								"west": {"uv": [44, 91], "uv_size": [2, 0.5]},
								"up": {"uv": [34, 108], "uv_size": [1, 1]},
								"down": {"uv": [108, 41.5], "uv_size": [0.5, -2.5]}
							}
						},
						{
							"origin": [-0.41421, 3.675, 5.5625],
							"size": [0.82842, 0.2, 0.75],
							"uv": {
								"north": {"uv": [12, 158], "uv_size": [0.5, 0.5]},
								"east": {"uv": [44, 93], "uv_size": [2, 0.5]},
								"south": {"uv": [14, 158], "uv_size": [0.5, 0.5]},
								"west": {"uv": [44, 95], "uv_size": [2, 0.5]},
								"up": {"uv": [39, 108], "uv_size": [1, 1]},
								"down": {"uv": [0, 48.5], "uv_size": [0.5, -2.5]}
							}
						},
						{
							"origin": [0.8, 2.46079, 5.5625],
							"size": [0.2, 0.82842, 0.75],
							"pivot": [0, 2.875, 5.8125],
							"rotation": [0, 0, 45],
							"uv": {
								"north": {"uv": [16, 158], "uv_size": [0, 1]},
								"east": {"uv": [108, 18], "uv_size": [2, 1]},
								"south": {"uv": [30.4761, 5.84375], "uv_size": [0.53676, 0.6634]},
								"west": {"uv": [108, 32], "uv_size": [1, 1]},
								"up": {"uv": [0, 122], "uv_size": [0, 2.5]},
								"down": {"uv": [44, 99.5], "uv_size": [0, -2.5]}
							}
						},
						{
							"origin": [0.8, 2.46079, 5.5625],
							"size": [0.2, 0.82842, 0.75],
							"uv": {
								"north": {"uv": [158, 20], "uv_size": [0, 1]},
								"east": {"uv": [2, 46], "uv_size": [2, 1]},
								"south": {"uv": [21.5, 29.8366], "uv_size": [0.5, 0.1634]},
								"west": {"uv": [108, 59], "uv_size": [1, 1]},
								"up": {"uv": [44, 101], "uv_size": [0, 2.5]},
								"down": {"uv": [32, 124.5], "uv_size": [0, -2.5]}
							}
						},
						{
							"origin": [-1, 2.46079, 5.5625],
							"size": [0.2, 0.82842, 0.75],
							"pivot": [0, 2.875, 5.8125],
							"rotation": [0, 0, 45],
							"uv": {
								"north": {"uv": [158, 22], "uv_size": [0, 1]},
								"east": {"uv": [108, 61], "uv_size": [1, 1]},
								"south": {"uv": [21.64706, 29.8366], "uv_size": [0.5, 0.1634]},
								"west": {"uv": [66, 0], "uv_size": [2, 1]},
								"up": {"uv": [44, 121], "uv_size": [0, 2.5]},
								"down": {"uv": [0, 138.5], "uv_size": [0, -2.5]}
							}
						},
						{
							"origin": [-1, 2.46079, 5.5625],
							"size": [0.2, 0.82842, 0.75],
							"uv": {
								"north": {"uv": [26, 158], "uv_size": [0, 1]},
								"east": {"uv": [108, 65], "uv_size": [1, 1]},
								"south": {"uv": [29.5, 9.76797], "uv_size": [0.5, 0.1634]},
								"west": {"uv": [23, 46], "uv_size": [2, 1]},
								"up": {"uv": [2, 136], "uv_size": [0, 2.5]},
								"down": {"uv": [4, 138.5], "uv_size": [0, -2.5]}
							}
						}
					]
				},
				{
					"name": "scope_body",
					"pivot": [-0.00045, 0.36559, 0.00045],
					"cubes": [
						{
							"origin": [-0.5, 0, -0.45201],
							"size": [1, 0.56851, 0.90402],
							"uv": {
								"north": {"uv": [19, 25], "uv_size": [1, 0.5]},
								"east": {"uv": [0, 26], "uv_size": [1, 0.5]},
								"south": {"uv": [2, 26], "uv_size": [1, 0.5]},
								"west": {"uv": [26, 2], "uv_size": [1, 0.5]},
								"up": {"uv": [9, 14], "uv_size": [1, 1]},
								"down": {"uv": [20, 8], "uv_size": [1, -1]}
							}
						},
						{
							"origin": [-0.25268, 0.5625, -0.24732],
							"size": [0.5, 0.81851, 0.5],
							"pivot": [-0.00268, 1.06551, 0.00268],
							"rotation": [0, -45, 0],
							"uv": {
								"north": {"uv": [3, 26], "uv_size": [0.5, 1]},
								"east": {"uv": [26, 3], "uv_size": [0.5, 1]},
								"south": {"uv": [26, 4], "uv_size": [0.5, 1]},
								"west": {"uv": [5, 26], "uv_size": [0.5, 1]},
								"up": {"uv": [28, 9], "uv_size": [0.5, 0.5]},
								"down": {"uv": [10, 28.5], "uv_size": [0.5, -0.5]}
							}
						},
						{
							"origin": [0.5, 0, -0.45201],
							"size": [0.25, 0.61539, 0.90402],
							"pivot": [0.75, 0, -0.45201],
							"rotation": [0, 0, -23.5],
							"uv": {
								"north": {"uv": [11, 28], "uv_size": [0.5, 0.5]},
								"east": {"uv": [26, 5], "uv_size": [1, 0.5]},
								"south": {"uv": [28, 11], "uv_size": [0.5, 0.5]},
								"west": {"uv": [8, 26], "uv_size": [1, 0.5]},
								"up": {"uv": [26, 8], "uv_size": [0.5, 1]},
								"down": {"uv": [9, 27], "uv_size": [0.5, -1]}
							}
						},
						{
							"origin": [-0.75, 0, -0.45201],
							"size": [0.25, 0.61539, 0.90402],
							"pivot": [-0.75, 0, -0.45201],
							"rotation": [0, 0, 23.5],
							"uv": {
								"north": {"uv": [12, 28], "uv_size": [0.5, 0.5]},
								"east": {"uv": [10, 26], "uv_size": [1, 0.5]},
								"south": {"uv": [28, 12], "uv_size": [0.5, 0.5]},
								"west": {"uv": [11, 26], "uv_size": [1, 0.5]},
								"up": {"uv": [12, 26], "uv_size": [0.5, 1]},
								"down": {"uv": [13, 27], "uv_size": [0.5, -1]}
							}
						},
						{
							"origin": [-0.5, 0, -0.6875],
							"size": [1, 0.61535, 0.25],
							"pivot": [0.75, 0, -0.6875],
							"rotation": [-22.5, 0, 0],
							"uv": {
								"north": {"uv": [14, 26], "uv_size": [1, 0.5]},
								"east": {"uv": [13, 28], "uv_size": [0.5, 0.5]},
								"south": {"uv": [26, 14], "uv_size": [1, 0.5]},
								"west": {"uv": [28, 13], "uv_size": [0.5, 0.5]},
								"up": {"uv": [15, 26], "uv_size": [1, 0.5]},
								"down": {"uv": [17, 26.5], "uv_size": [1, -0.5]}
							}
						},
						{
							"origin": [-0.5, 0, 0.4375],
							"size": [1, 0.61535, 0.25],
							"pivot": [0.75, 0, 0.6875],
							"rotation": [22.5, 0, 0],
							"uv": {
								"north": {"uv": [18, 26], "uv_size": [1, 0.5]},
								"east": {"uv": [14, 28], "uv_size": [0.5, 0.5]},
								"south": {"uv": [19, 26], "uv_size": [1, 0.5]},
								"west": {"uv": [28, 14], "uv_size": [0.5, 0.5]},
								"up": {"uv": [20, 26], "uv_size": [1, 0.5]},
								"down": {"uv": [21, 26.5], "uv_size": [1, -0.5]}
							}
						}
					]
				},
				{
					"name": "jghj",
					"parent": "scope_body",
					"pivot": [8, -5.125, -14.6875],
					"cubes": [
						{
							"origin": [-0.233, 2.3125, -7.1875],
							"size": [0.466, 1.125, 9.5],
							"pivot": [0, 2.875, -6.6875],
							"rotation": [0, 0, 45],
							"uv": {
								"north": {"uv": [26, 21], "uv_size": [0.5, 1]},
								"east": {"uv": [0, 0], "uv_size": [9.5, 1]},
								"south": {"uv": [22, 26], "uv_size": [0.5, 1]},
								"west": {"uv": [0, 1], "uv_size": [9.5, 1]},
								"up": {"uv": [10, 10], "uv_size": [0.5, 9.5]},
								"down": {"uv": [11, 19.5], "uv_size": [0.5, -9.5]}
							}
						},
						{
							"origin": [-0.233, 2.3125, -7.1875],
							"size": [0.466, 1.125, 9.5],
							"uv": {
								"north": {"uv": [26, 22], "uv_size": [0.5, 1]},
								"east": {"uv": [0, 2], "uv_size": [9.5, 1]},
								"south": {"uv": [23, 26], "uv_size": [0.5, 1]},
								"west": {"uv": [0, 3], "uv_size": [9.5, 1]},
								"up": {"uv": [12, 0], "uv_size": [0.5, 9.5]},
								"down": {"uv": [12, 19.5], "uv_size": [0.5, -9.5]}
							}
						},
						{
							"origin": [-0.5625, 2.642, -7.1875],
							"size": [1.125, 0.466, 9.5],
							"pivot": [0, 2.875, -6.6875],
							"rotation": [0, 0, 45],
							"uv": {
								"north": {"uv": [26, 23], "uv_size": [1, 0.5]},
								"east": {"uv": [13, 0], "uv_size": [9.5, 0.5]},
								"south": {"uv": [24, 26], "uv_size": [1, 0.5]},
								"west": {"uv": [13, 1], "uv_size": [9.5, 0.5]},
								"up": {"uv": [0, 4], "uv_size": [1, 9.5]},
								"down": {"uv": [1, 13.5], "uv_size": [1, -9.5]}
							}
						},
						{
							"origin": [-0.5625, 2.642, -7.1875],
							"size": [1.125, 0.466, 9.5],
							"uv": {
								"north": {"uv": [25, 26], "uv_size": [1, 0.5]},
								"east": {"uv": [13, 2], "uv_size": [9.5, 0.5]},
								"south": {"uv": [26, 25], "uv_size": [1, 0.5]},
								"west": {"uv": [13, 3], "uv_size": [9.5, 0.5]},
								"up": {"uv": [2, 4], "uv_size": [1, 9.5]},
								"down": {"uv": [3, 13.5], "uv_size": [1, -9.5]}
							}
						}
					]
				},
				{
					"name": "jghj3",
					"parent": "scope_body",
					"pivot": [0, 2.875, -8.8125],
					"cubes": [
						{
							"origin": [-0.31687, 2.11, -10.5225],
							"size": [0.63374, 1.53, 3.3575],
							"pivot": [0, 2.875, -5.9225],
							"rotation": [0, 0, 45],
							"uv": {
								"north": {"uv": [24, 17], "uv_size": [0.5, 1.5]},
								"east": {"uv": [4, 6], "uv_size": [3.5, 1.5]},
								"south": {"uv": [18, 24], "uv_size": [0.5, 1.5]},
								"west": {"uv": [4, 8], "uv_size": [3.5, 1.5]},
								"up": {"uv": [18, 15], "uv_size": [0.5, 3.5]},
								"down": {"uv": [19, 7.5], "uv_size": [0.5, -3.5]}
							}
						},
						{
							"origin": [-0.31687, 2.11, -10.5225],
							"size": [0.63374, 1.53, 3.3575],
							"uv": {
								"north": {"uv": [20, 24], "uv_size": [0.5, 1.5]},
								"east": {"uv": [8, 6], "uv_size": [3.5, 1.5]},
								"south": {"uv": [21, 24], "uv_size": [0.5, 1.5]},
								"west": {"uv": [8, 8], "uv_size": [3.5, 1.5]},
								"up": {"uv": [6, 19], "uv_size": [0.5, 3.5]},
								"down": {"uv": [7, 22.5], "uv_size": [0.5, -3.5]}
							}
						},
						{
							"origin": [-0.765, 2.55813, -10.5225],
							"size": [1.53, 0.63374, 3.3575],
							"pivot": [0, 2.875, -5.9225],
							"rotation": [0, 0, 45],
							"uv": {
								"north": {"uv": [24, 21], "uv_size": [1.5, 0.5]},
								"east": {"uv": [19, 8], "uv_size": [3.5, 0.5]},
								"south": {"uv": [24, 22], "uv_size": [1.5, 0.5]},
								"west": {"uv": [13, 19], "uv_size": [3.5, 0.5]},
								"up": {"uv": [10, 0], "uv_size": [1.5, 3.5]},
								"down": {"uv": [4, 13.5], "uv_size": [1.5, -3.5]}
							}
						},
						{
							"origin": [-0.765, 2.55813, -10.5225],
							"size": [1.53, 0.63374, 3.3575],
							"uv": {
								"north": {"uv": [23, 24], "uv_size": [1.5, 0.5]},
								"east": {"uv": [19, 13], "uv_size": [3.5, 0.5]},
								"south": {"uv": [24, 23], "uv_size": [1.5, 0.5]},
								"west": {"uv": [19, 15], "uv_size": [3.5, 0.5]},
								"up": {"uv": [6, 10], "uv_size": [1.5, 3.5]},
								"down": {"uv": [8, 13.5], "uv_size": [1.5, -3.5]}
							}
						}
					]
				},
				{
					"name": "jghj2",
					"parent": "scope_body",
					"pivot": [0, 2.875, -1.9375],
					"cubes": [
						{
							"origin": [-0.28891, 2.1775, -2.62],
							"size": [0.57782, 1.395, 0.8025],
							"pivot": [0, 2.875, -7.8275],
							"rotation": [0, 0, 45],
							"uv": {
								"north": {"uv": [1, 25], "uv_size": [0.5, 1.5]},
								"east": {"uv": [8, 19], "uv_size": [1, 1.5]},
								"south": {"uv": [25, 2], "uv_size": [0.5, 1.5]},
								"west": {"uv": [9, 19], "uv_size": [1, 1.5]},
								"up": {"uv": [26, 26], "uv_size": [0.5, 1]},
								"down": {"uv": [0, 28], "uv_size": [0.5, -1]}
							}
						},
						{
							"origin": [-0.28891, 2.1775, -2.62],
							"size": [0.57782, 1.395, 0.8025],
							"uv": {
								"north": {"uv": [4, 25], "uv_size": [0.5, 1.5]},
								"east": {"uv": [19, 16], "uv_size": [1, 1.5]},
								"south": {"uv": [6, 25], "uv_size": [0.5, 1.5]},
								"west": {"uv": [17, 19], "uv_size": [1, 1.5]},
								"up": {"uv": [1, 27], "uv_size": [0.5, 1]},
								"down": {"uv": [2, 28], "uv_size": [0.5, -1]}
							}
						},
						{
							"origin": [-0.6975, 2.58609, -2.62],
							"size": [1.395, 0.57782, 0.8025],
							"pivot": [0, 2.875, -7.8275],
							"rotation": [0, 0, 45],
							"uv": {
								"north": {"uv": [25, 6], "uv_size": [1.5, 0.5]},
								"east": {"uv": [27, 2], "uv_size": [1, 0.5]},
								"south": {"uv": [25, 7], "uv_size": [1.5, 0.5]},
								"west": {"uv": [3, 27], "uv_size": [1, 0.5]},
								"up": {"uv": [18, 19], "uv_size": [1.5, 1]},
								"down": {"uv": [19, 19], "uv_size": [1.5, -1]}
							}
						},
						{
							"origin": [-0.6975, 2.58609, -2.62],
							"size": [1.395, 0.57782, 0.8025],
							"uv": {
								"north": {"uv": [9, 25], "uv_size": [1.5, 0.5]},
								"east": {"uv": [27, 3], "uv_size": [1, 0.5]},
								"south": {"uv": [25, 9], "uv_size": [1.5, 0.5]},
								"west": {"uv": [4, 27], "uv_size": [1, 0.5]},
								"up": {"uv": [0, 20], "uv_size": [1.5, 1]},
								"down": {"uv": [2, 21], "uv_size": [1.5, -1]}
							}
						}
					]
				},
				{
					"name": "bone69",
					"parent": "scope_body",
					"pivot": [0, 1.66031, 2.14331],
					"cubes": [
						{
							"origin": [-0.9375, 2.5, -3.8125],
							"size": [1.875, 0.75, 1.0625],
							"uv": {
								"north": {"uv": [15, 15], "uv_size": [2, 1]},
								"east": {"uv": [20, 11], "uv_size": [1, 1]},
								"south": {"uv": [16, 14], "uv_size": [2, 1]},
								"west": {"uv": [20, 12], "uv_size": [1, 1]},
								"up": {"uv": [15, 16], "uv_size": [2, 1]},
								"down": {"uv": [17, 5], "uv_size": [2, -1]}
							}
						},
						{
							"origin": [-0.375, 2, -6.25],
							"size": [1.3125, 1.75, 1.75],
							"uv": {
								"north": {"uv": [13, 6], "uv_size": [1.5, 2]},
								"east": {"uv": [10, 4], "uv_size": [2, 2]},
								"south": {"uv": [13, 8], "uv_size": [1.5, 2]},
								"west": {"uv": [13, 4], "uv_size": [2, 2]},
								"up": {"uv": [13, 10], "uv_size": [1.5, 2]},
								"down": {"uv": [13, 14], "uv_size": [1.5, -2]}
							}
						},
						{
							"origin": [0.9375, 2.4375, -6],
							"size": [0.375, 1, 1],
							"pivot": [1.4375, 3.0625, -5.375],
							"rotation": [45, 0, 0],
							"uv": {
								"north": {"uv": [27, 4], "uv_size": [0.5, 1]},
								"east": {"uv": [14, 20], "uv_size": [1, 1]},
								"south": {"uv": [5, 27], "uv_size": [0.5, 1]},
								"west": {"uv": [20, 14], "uv_size": [1, 1]},
								"up": {"uv": [27, 5], "uv_size": [0.5, 1]},
								"down": {"uv": [6, 28], "uv_size": [0.5, -1]}
							}
						},
						{
							"origin": [-0.90533, 2.53033, -6.25],
							"size": [0.53033, 0.68934, 0.75],
							"uv": {
								"north": {"uv": [15, 28], "uv_size": [0.5, 0.5]},
								"east": {"uv": [27, 6], "uv_size": [1, 0.5]},
								"south": {"uv": [28, 15], "uv_size": [0.5, 0.5]},
								"west": {"uv": [7, 27], "uv_size": [1, 0.5]},
								"up": {"uv": [27, 7], "uv_size": [0.5, 1]},
								"down": {"uv": [8, 28], "uv_size": [0.5, -1]}
							}
						},
						{
							"origin": [-0.71339, 2.93306, -6.25],
							"size": [0.5, 0.75, 1.75],
							"pivot": [-0.46339, 3.30806, -5.375],
							"rotation": [0, 0, 45],
							"uv": {
								"north": {"uv": [27, 8], "uv_size": [0.5, 1]},
								"east": {"uv": [17, 5], "uv_size": [2, 1]},
								"south": {"uv": [9, 27], "uv_size": [0.5, 1]},
								"west": {"uv": [6, 17], "uv_size": [2, 1]},
								"up": {"uv": [15, 20], "uv_size": [0.5, 2]},
								"down": {"uv": [16, 22], "uv_size": [0.5, -2]}
							}
						},
						{
							"origin": [-0.71339, 2.06694, -6.25],
							"size": [0.5, 0.75, 2.3125],
							"pivot": [-0.46339, 2.44194, -5.375],
							"rotation": [0, 0, -45],
							"uv": {
								"north": {"uv": [27, 9], "uv_size": [0.5, 1]},
								"east": {"uv": [6, 14], "uv_size": [2.5, 1]},
								"south": {"uv": [10, 27], "uv_size": [0.5, 1]},
								"west": {"uv": [13, 14], "uv_size": [2.5, 1]},
								"up": {"uv": [12, 20], "uv_size": [0.5, 2.5]},
								"down": {"uv": [13, 22.5], "uv_size": [0.5, -2.5]}
							}
						},
						{
							"origin": [-0.90533, 3.6471, -4.24998],
							"size": [1.59283, 0.16196, 0.31248],
							"pivot": [0.6875, 3.8125, -3.9375],
							"rotation": [-37.5, 0, 0],
							"uv": {
								"north": {"uv": [11, 25], "uv_size": [1.5, 0.5]},
								"east": {"uv": [16, 28], "uv_size": [0.5, 0.5]},
								"south": {"uv": [25, 11], "uv_size": [1.5, 0.5]},
								"west": {"uv": [28, 16], "uv_size": [0.5, 0.5]},
								"up": {"uv": [25, 12], "uv_size": [1.5, 0.5]},
								"down": {"uv": [25, 13.5], "uv_size": [1.5, -0.5]}
							}
						},
						{
							"origin": [-0.90533, 3.8125, -5.5],
							"size": [1.59283, 0.1875, 1.3125],
							"uv": {
								"north": {"uv": [14, 25], "uv_size": [1.5, 0.5]},
								"east": {"uv": [25, 15], "uv_size": [1.5, 0.5]},
								"south": {"uv": [25, 16], "uv_size": [1.5, 0.5]},
								"west": {"uv": [25, 17], "uv_size": [1.5, 0.5]},
								"up": {"uv": [15, 4], "uv_size": [1.5, 1.5]},
								"down": {"uv": [6, 16.5], "uv_size": [1.5, -1.5]}
							}
						},
						{
							"origin": [-0.90533, 2.53033, -5.5],
							"size": [1.59283, 1.28217, 1.5625],
							"uv": {
								"north": {"uv": [15, 6], "uv_size": [1.5, 1.5]},
								"east": {"uv": [8, 15], "uv_size": [1.5, 1.5]},
								"south": {"uv": [15, 8], "uv_size": [1.5, 1.5]},
								"west": {"uv": [15, 10], "uv_size": [1.5, 1.5]},
								"up": {"uv": [15, 12], "uv_size": [1.5, 1.5]},
								"down": {"uv": [13, 16.5], "uv_size": [1.5, -1.5]}
							}
						},
						{
							"origin": [-0.375, 2, -4.5],
							"size": [1.0625, 0.53033, 0.5625],
							"uv": {
								"north": {"uv": [11, 27], "uv_size": [1, 0.5]},
								"east": {"uv": [17, 28], "uv_size": [0.5, 0.5]},
								"south": {"uv": [27, 11], "uv_size": [1, 0.5]},
								"west": {"uv": [28, 17], "uv_size": [0.5, 0.5]},
								"up": {"uv": [12, 27], "uv_size": [1, 0.5]},
								"down": {"uv": [27, 12.5], "uv_size": [1, -0.5]}
							}
						},
						{
							"origin": [-0.32322, 4, -5.17678],
							"size": [0.75, 0.375, 0.75],
							"pivot": [0.05178, 4.125, -4.80178],
							"rotation": [0, -45, 0],
							"uv": {
								"north": {"uv": [13, 27], "uv_size": [1, 0.5]},
								"east": {"uv": [27, 13], "uv_size": [1, 0.5]},
								"south": {"uv": [14, 27], "uv_size": [1, 0.5]},
								"west": {"uv": [27, 14], "uv_size": [1, 0.5]},
								"up": {"uv": [20, 16], "uv_size": [1, 1]},
								"down": {"uv": [20, 18], "uv_size": [1, -1]}
							}
						},
						{
							"origin": [0.625, 1.5, -3.8125],
							"size": [0.3125, 1, 6],
							"uv": {
								"north": {"uv": [15, 27], "uv_size": [0.5, 1]},
								"east": {"uv": [4, 4], "uv_size": [6, 1]},
								"south": {"uv": [27, 15], "uv_size": [0.5, 1]},
								"west": {"uv": [4, 5], "uv_size": [6, 1]},
								"up": {"uv": [0, 14], "uv_size": [0.5, 6]},
								"down": {"uv": [1, 20], "uv_size": [0.5, -6]}
							}
						},
						{
							"origin": [-0.9375, 2.5, 0.9375],
							"size": [1.875, 0.75, 1.0625],
							"uv": {
								"north": {"uv": [17, 6], "uv_size": [2, 1]},
								"east": {"uv": [18, 20], "uv_size": [1, 1]},
								"south": {"uv": [17, 7], "uv_size": [2, 1]},
								"west": {"uv": [19, 20], "uv_size": [1, 1]},
								"up": {"uv": [8, 17], "uv_size": [2, 1]},
								"down": {"uv": [17, 9], "uv_size": [2, -1]}
							}
						},
						{
							"origin": [0.625, 2.29668, 0.98326],
							"size": [0.3125, 0.1875, 0.375],
							"inflate": -0.0002,
							"pivot": [0, 2.10918, 0.82701],
							"rotation": [45, 0, 0],
							"uv": {
								"north": {"uv": [18, 28], "uv_size": [0.5, 0.5]},
								"east": {"uv": [28, 18], "uv_size": [0.5, 0.5]},
								"south": {"uv": [19, 28], "uv_size": [0.5, 0.5]},
								"west": {"uv": [28, 19], "uv_size": [0.5, 0.5]},
								"up": {"uv": [20, 28], "uv_size": [0.5, 0.5]},
								"down": {"uv": [28, 20.5], "uv_size": [0.5, -0.5]}
							}
						},
						{
							"origin": [0.625, 2.29668, -3.17076],
							"size": [0.3125, 0.1875, 0.375],
							"inflate": -0.0002,
							"pivot": [0, 2.10918, -2.63951],
							"rotation": [-45, 0, 0],
							"uv": {
								"north": {"uv": [21, 28], "uv_size": [0.5, 0.5]},
								"east": {"uv": [28, 21], "uv_size": [0.5, 0.5]},
								"south": {"uv": [22, 28], "uv_size": [0.5, 0.5]},
								"west": {"uv": [28, 22], "uv_size": [0.5, 0.5]},
								"up": {"uv": [23, 28], "uv_size": [0.5, 0.5]},
								"down": {"uv": [28, 23.5], "uv_size": [0.5, -0.5]}
							}
						},
						{
							"origin": [0.75, 3.25, 1.6875],
							"size": [0.125, 0.0625, 0.125],
							"pivot": [0.8125, 3.5, 1.75],
							"rotation": [0, 45, 0],
							"uv": {
								"north": {"uv": [24, 28], "uv_size": [0.5, 0.5]},
								"east": {"uv": [28, 24], "uv_size": [0.5, 0.5]},
								"south": {"uv": [25, 28], "uv_size": [0.5, 0.5]},
								"west": {"uv": [28, 25], "uv_size": [0.5, 0.5]},
								"up": {"uv": [26, 28], "uv_size": [0.5, 0.5]},
								"down": {"uv": [28, 26.5], "uv_size": [0.5, -0.5]}
							}
						},
						{
							"origin": [0.75, 3.25, 1.125],
							"size": [0.125, 0.0625, 0.125],
							"pivot": [0.8125, 3.5, 1.1875],
							"rotation": [0, 45, 0],
							"uv": {
								"north": {"uv": [27, 28], "uv_size": [0.5, 0.5]},
								"east": {"uv": [28, 27], "uv_size": [0.5, 0.5]},
								"south": {"uv": [28, 28], "uv_size": [0.5, 0.5]},
								"west": {"uv": [0, 29], "uv_size": [0.5, 0.5]},
								"up": {"uv": [29, 0], "uv_size": [0.5, 0.5]},
								"down": {"uv": [1, 29.5], "uv_size": [0.5, -0.5]}
							}
						},
						{
							"origin": [-0.875, 3.25, 1.125],
							"size": [0.125, 0.0625, 0.125],
							"pivot": [-0.8125, 3.5, 1.1875],
							"rotation": [0, -45, 0],
							"uv": {
								"north": {"uv": [29, 1], "uv_size": [0.5, 0.5]},
								"east": {"uv": [2, 29], "uv_size": [0.5, 0.5]},
								"south": {"uv": [29, 2], "uv_size": [0.5, 0.5]},
								"west": {"uv": [3, 29], "uv_size": [0.5, 0.5]},
								"up": {"uv": [29, 3], "uv_size": [0.5, 0.5]},
								"down": {"uv": [4, 29.5], "uv_size": [0.5, -0.5]}
							}
						},
						{
							"origin": [-0.875, 3.25, 1.6875],
							"size": [0.125, 0.0625, 0.125],
							"pivot": [-0.8125, 3.5, 1.75],
							"rotation": [0, -45, 0],
							"uv": {
								"north": {"uv": [29, 4], "uv_size": [0.5, 0.5]},
								"east": {"uv": [5, 29], "uv_size": [0.5, 0.5]},
								"south": {"uv": [29, 5], "uv_size": [0.5, 0.5]},
								"west": {"uv": [6, 29], "uv_size": [0.5, 0.5]},
								"up": {"uv": [29, 6], "uv_size": [0.5, 0.5]},
								"down": {"uv": [7, 29.5], "uv_size": [0.5, -0.5]}
							}
						},
						{
							"origin": [-0.875, 3.25, -3.625],
							"size": [0.125, 0.0625, 0.125],
							"pivot": [-0.8125, 3.5, -3.5625],
							"rotation": [0, -45, 0],
							"uv": {
								"north": {"uv": [29, 7], "uv_size": [0.5, 0.5]},
								"east": {"uv": [8, 29], "uv_size": [0.5, 0.5]},
								"south": {"uv": [29, 8], "uv_size": [0.5, 0.5]},
								"west": {"uv": [9, 29], "uv_size": [0.5, 0.5]},
								"up": {"uv": [29, 9], "uv_size": [0.5, 0.5]},
								"down": {"uv": [10, 29.5], "uv_size": [0.5, -0.5]}
							}
						},
						{
							"origin": [-0.875, 3.25, -3.0625],
							"size": [0.125, 0.0625, 0.125],
							"pivot": [-0.8125, 3.5, -3],
							"rotation": [0, -45, 0],
							"uv": {
								"north": {"uv": [11, 29], "uv_size": [0.5, 0.5]},
								"east": {"uv": [29, 11], "uv_size": [0.5, 0.5]},
								"south": {"uv": [12, 29], "uv_size": [0.5, 0.5]},
								"west": {"uv": [29, 12], "uv_size": [0.5, 0.5]},
								"up": {"uv": [13, 29], "uv_size": [0.5, 0.5]},
								"down": {"uv": [29, 13.5], "uv_size": [0.5, -0.5]}
							}
						},
						{
							"origin": [0.75, 3.25, -3.625],
							"size": [0.125, 0.0625, 0.125],
							"pivot": [0.8125, 3.5, -3.5625],
							"rotation": [0, 45, 0],
							"uv": {
								"north": {"uv": [14, 29], "uv_size": [0.5, 0.5]},
								"east": {"uv": [29, 14], "uv_size": [0.5, 0.5]},
								"south": {"uv": [15, 29], "uv_size": [0.5, 0.5]},
								"west": {"uv": [29, 15], "uv_size": [0.5, 0.5]},
								"up": {"uv": [16, 29], "uv_size": [0.5, 0.5]},
								"down": {"uv": [29, 16.5], "uv_size": [0.5, -0.5]}
							}
						},
						{
							"origin": [0.75, 3.25, -3.0625],
							"size": [0.125, 0.0625, 0.125],
							"pivot": [0.8125, 3.5, -3],
							"rotation": [0, 45, 0],
							"uv": {
								"north": {"uv": [17, 29], "uv_size": [0.5, 0.5]},
								"east": {"uv": [29, 17], "uv_size": [0.5, 0.5]},
								"south": {"uv": [18, 29], "uv_size": [0.5, 0.5]},
								"west": {"uv": [29, 18], "uv_size": [0.5, 0.5]},
								"up": {"uv": [19, 29], "uv_size": [0.5, 0.5]},
								"down": {"uv": [29, 19.5], "uv_size": [0.5, -0.5]}
							}
						},
						{
							"origin": [-0.3125, 3.375, 0.9375],
							"size": [0.625, 0.25, 1.0625],
							"uv": {
								"north": {"uv": [20, 29], "uv_size": [0.5, 0.5]},
								"east": {"uv": [16, 27], "uv_size": [1, 0.5]},
								"south": {"uv": [29, 20], "uv_size": [0.5, 0.5]},
								"west": {"uv": [27, 16], "uv_size": [1, 0.5]},
								"up": {"uv": [17, 27], "uv_size": [0.5, 1]},
								"down": {"uv": [27, 18], "uv_size": [0.5, -1]}
							}
						},
						{
							"origin": [0.3125, 3.375, 0.9375],
							"size": [0.5625, 0.25, 1.0625],
							"pivot": [0.3125, 3.625, 0.9375],
							"rotation": [0, 0, 45],
							"uv": {
								"north": {"uv": [21, 29], "uv_size": [0.5, 0.5]},
								"east": {"uv": [18, 27], "uv_size": [1, 0.5]},
								"south": {"uv": [29, 21], "uv_size": [0.5, 0.5]},
								"west": {"uv": [27, 18], "uv_size": [1, 0.5]},
								"up": {"uv": [19, 27], "uv_size": [0.5, 1]},
								"down": {"uv": [27, 20], "uv_size": [0.5, -1]}
							}
						},
						{
							"origin": [-0.875, 3.375, 0.9375],
							"size": [0.5625, 0.25, 1.0625],
							"pivot": [-0.3125, 3.625, 0.9375],
							"rotation": [0, 0, -45],
							"uv": {
								"north": {"uv": [22, 29], "uv_size": [0.5, 0.5]},
								"east": {"uv": [20, 27], "uv_size": [1, 0.5]},
								"south": {"uv": [29, 22], "uv_size": [0.5, 0.5]},
								"west": {"uv": [27, 20], "uv_size": [1, 0.5]},
								"up": {"uv": [21, 27], "uv_size": [0.5, 1]},
								"down": {"uv": [27, 22], "uv_size": [0.5, -1]}
							}
						},
						{
							"origin": [-0.3125, 3.375, -3.8125],
							"size": [0.625, 0.25, 1.0625],
							"uv": {
								"north": {"uv": [23, 29], "uv_size": [0.5, 0.5]},
								"east": {"uv": [22, 27], "uv_size": [1, 0.5]},
								"south": {"uv": [29, 23], "uv_size": [0.5, 0.5]},
								"west": {"uv": [27, 22], "uv_size": [1, 0.5]},
								"up": {"uv": [23, 27], "uv_size": [0.5, 1]},
								"down": {"uv": [27, 24], "uv_size": [0.5, -1]}
							}
						},
						{
							"origin": [-0.875, 3.375, -3.8125],
							"size": [0.5625, 0.25, 1.0625],
							"pivot": [-0.3125, 3.625, -3.8125],
							"rotation": [0, 0, -45],
							"uv": {
								"north": {"uv": [24, 29], "uv_size": [0.5, 0.5]},
								"east": {"uv": [24, 27], "uv_size": [1, 0.5]},
								"south": {"uv": [29, 24], "uv_size": [0.5, 0.5]},
								"west": {"uv": [27, 24], "uv_size": [1, 0.5]},
								"up": {"uv": [25, 27], "uv_size": [0.5, 1]},
								"down": {"uv": [27, 26], "uv_size": [0.5, -1]}
							}
						},
						{
							"origin": [0.3125, 3.375, -3.8125],
							"size": [0.5625, 0.25, 1.0625],
							"pivot": [0.3125, 3.625, -3.8125],
							"rotation": [0, 0, 45],
							"uv": {
								"north": {"uv": [25, 29], "uv_size": [0.5, 0.5]},
								"east": {"uv": [26, 27], "uv_size": [1, 0.5]},
								"south": {"uv": [29, 25], "uv_size": [0.5, 0.5]},
								"west": {"uv": [27, 26], "uv_size": [1, 0.5]},
								"up": {"uv": [27, 27], "uv_size": [0.5, 1]},
								"down": {"uv": [0, 29], "uv_size": [0.5, -1]}
							}
						},
						{
							"origin": [0.125, 0.25, 2.0625],
							"size": [0.8125, 1.0625, 1.3125],
							"uv": {
								"north": {"uv": [20, 19], "uv_size": [1, 1]},
								"east": {"uv": [4, 20], "uv_size": [1.5, 1]},
								"south": {"uv": [20, 20], "uv_size": [1, 1]},
								"west": {"uv": [20, 4], "uv_size": [1.5, 1]},
								"up": {"uv": [20, 5], "uv_size": [1, 1.5]},
								"down": {"uv": [20, 10.5], "uv_size": [1, -1.5]}
							}
						},
						{
							"origin": [-0.25, 0.5625, 2.5],
							"size": [1.3125, 0.5, 0.5],
							"pivot": [0.78125, 0.8125, 2.75],
							"rotation": [45, 0, 0],
							"uv": {
								"north": {"uv": [25, 18], "uv_size": [1.5, 0.5]},
								"east": {"uv": [26, 29], "uv_size": [0.5, 0.5]},
								"south": {"uv": [25, 19], "uv_size": [1.5, 0.5]},
								"west": {"uv": [29, 26], "uv_size": [0.5, 0.5]},
								"up": {"uv": [25, 20], "uv_size": [1.5, 0.5]},
								"down": {"uv": [22, 25.5], "uv_size": [1.5, -0.5]}
							}
						},
						{
							"origin": [-0.25, 1.75, -3.5],
							"size": [1.3125, 0.5, 0.5],
							"pivot": [0.78125, 2, -3.25],
							"rotation": [45, 0, 0],
							"uv": {
								"north": {"uv": [24, 25], "uv_size": [1.5, 0.5]},
								"east": {"uv": [27, 29], "uv_size": [0.5, 0.5]},
								"south": {"uv": [25, 24], "uv_size": [1.5, 0.5]},
								"west": {"uv": [29, 27], "uv_size": [0.5, 0.5]},
								"up": {"uv": [26, 0], "uv_size": [1.5, 0.5]},
								"down": {"uv": [26, 1.5], "uv_size": [1.5, -0.5]}
							}
						},
						{
							"origin": [-0.25, -1.16633, -0.00867],
							"size": [0.5, 6.1875, 0.5],
							"pivot": [0, 1.33367, 0.24133],
							"rotation": [81.09072, 8.80348, 44.31282],
							"uv": {
								"north": {"uv": [2, 14], "uv_size": [0.5, 6]},
								"east": {"uv": [3, 14], "uv_size": [0.5, 6]},
								"south": {"uv": [4, 14], "uv_size": [0.5, 6]},
								"west": {"uv": [5, 14], "uv_size": [0.5, 6]},
								"up": {"uv": [28, 29], "uv_size": [0.5, 0.5]},
								"down": {"uv": [29, 28.5], "uv_size": [0.5, -0.5]}
							}
						},
						{
							"origin": [0.625, 0.54343, 1.58081],
							"size": [0.3125, 1.67938, 1.1875],
							"inflate": 0.0001,
							"pivot": [-0.0625, 1.66031, 2.14331],
							"rotation": [45, 0, 0],
							"uv": {
								"north": {"uv": [7, 25], "uv_size": [0.5, 1.5]},
								"east": {"uv": [10, 20], "uv_size": [1, 1.5]},
								"south": {"uv": [16, 25], "uv_size": [0.5, 1.5]},
								"west": {"uv": [11, 20], "uv_size": [1, 1.5]},
								"up": {"uv": [28, 0], "uv_size": [0.5, 1]},
								"down": {"uv": [1, 29], "uv_size": [0.5, -1]}
							}
						}
					]
				},
				{
					"name": "jkjhk",
					"parent": "scope_body",
					"pivot": [8, -5.125, -2.1875],
					"cubes": [
						{
							"origin": [-0.41421, 1.875, 3.8125],
							"size": [0.82842, 0.2, 1.75],
							"pivot": [0, 2.875, 5.8125],
							"rotation": [0, 0, 45],
							"uv": {
								"north": {"uv": [28, 1], "uv_size": [1, 0.5]},
								"east": {"uv": [0, 21], "uv_size": [2, 0.5]},
								"south": {"uv": [2, 28], "uv_size": [1, 0.5]},
								"west": {"uv": [2, 21], "uv_size": [2, 0.5]},
								"up": {"uv": [17, 9], "uv_size": [1, 2]},
								"down": {"uv": [17, 13], "uv_size": [1, -2]}
							}
						},
						{
							"origin": [-0.41421, 1.875, 3.8125],
							"size": [0.82842, 0.2, 1.75],
							"uv": {
								"north": {"uv": [28, 2], "uv_size": [1, 0.5]},
								"east": {"uv": [4, 21], "uv_size": [2, 0.5]},
								"south": {"uv": [3, 28], "uv_size": [1, 0.5]},
								"west": {"uv": [21, 5], "uv_size": [2, 0.5]},
								"up": {"uv": [13, 17], "uv_size": [1, 2]},
								"down": {"uv": [14, 19], "uv_size": [1, -2]}
							}
						},
						{
							"origin": [-0.41421, 3.675, 3.8125],
							"size": [0.82842, 0.2, 1.75],
							"pivot": [0, 2.875, 5.8125],
							"rotation": [0, 0, 45],
							"uv": {
								"north": {"uv": [28, 3], "uv_size": [1, 0.5]},
								"east": {"uv": [21, 6], "uv_size": [2, 0.5]},
								"south": {"uv": [4, 28], "uv_size": [1, 0.5]},
								"west": {"uv": [21, 7], "uv_size": [2, 0.5]},
								"up": {"uv": [15, 17], "uv_size": [1, 2]},
								"down": {"uv": [17, 17], "uv_size": [1, -2]}
							}
						},
						{
							"origin": [-0.41421, 3.675, 3.8125],
							"size": [0.82842, 0.2, 1.75],
							"uv": {
								"north": {"uv": [28, 4], "uv_size": [1, 0.5]},
								"east": {"uv": [8, 21], "uv_size": [2, 0.5]},
								"south": {"uv": [5, 28], "uv_size": [1, 0.5]},
								"west": {"uv": [21, 9], "uv_size": [2, 0.5]},
								"up": {"uv": [16, 17], "uv_size": [1, 2]},
								"down": {"uv": [17, 19], "uv_size": [1, -2]}
							}
						},
						{
							"origin": [0.8, 2.46079, 3.8125],
							"size": [0.2, 0.82842, 1.75],
							"pivot": [0, 2.875, 5.8125],
							"rotation": [0, 0, 45],
							"uv": {
								"north": {"uv": [28, 5], "uv_size": [0.5, 1]},
								"east": {"uv": [17, 13], "uv_size": [2, 1]},
								"south": {"uv": [6, 28], "uv_size": [0.5, 1]},
								"west": {"uv": [6, 18], "uv_size": [2, 1]},
								"up": {"uv": [21, 10], "uv_size": [0.5, 2]},
								"down": {"uv": [14, 23], "uv_size": [0.5, -2]}
							}
						},
						{
							"origin": [0.8, 2.46079, 3.8125],
							"size": [0.2, 0.82842, 1.75],
							"uv": {
								"north": {"uv": [28, 6], "uv_size": [0.5, 1]},
								"east": {"uv": [8, 18], "uv_size": [2, 1]},
								"south": {"uv": [7, 28], "uv_size": [0.5, 1]},
								"west": {"uv": [18, 9], "uv_size": [2, 1]},
								"up": {"uv": [21, 16], "uv_size": [0.5, 2]},
								"down": {"uv": [17, 23], "uv_size": [0.5, -2]}
							}
						},
						{
							"origin": [-1, 2.46079, 3.8125],
							"size": [0.2, 0.82842, 1.75],
							"pivot": [0, 2.875, 5.8125],
							"rotation": [0, 0, 45],
							"uv": {
								"north": {"uv": [28, 7], "uv_size": [0.5, 1]},
								"east": {"uv": [18, 10], "uv_size": [2, 1]},
								"south": {"uv": [8, 28], "uv_size": [0.5, 1]},
								"west": {"uv": [18, 11], "uv_size": [2, 1]},
								"up": {"uv": [18, 21], "uv_size": [0.5, 2]},
								"down": {"uv": [21, 20], "uv_size": [0.5, -2]}
							}
						},
						{
							"origin": [-1, 2.46079, 3.8125],
							"size": [0.2, 0.82842, 1.75],
							"uv": {
								"north": {"uv": [28, 8], "uv_size": [0.5, 1]},
								"east": {"uv": [18, 12], "uv_size": [2, 1]},
								"south": {"uv": [9, 28], "uv_size": [0.5, 1]},
								"west": {"uv": [18, 14], "uv_size": [2, 1]},
								"up": {"uv": [19, 21], "uv_size": [0.5, 2]},
								"down": {"uv": [20, 23], "uv_size": [0.5, -2]}
							}
						}
					]
				},
				{
					"name": "bone70",
					"parent": "jkjhk",
					"pivot": [1, 2.46079, 3.8125],
					"rotation": [0, 15, 0],
					"cubes": [
						{
							"origin": [0.5625, 2.858, 2.0625],
							"size": [0.4375, 0.43121, 1.75],
							"pivot": [1, 3.28921, 3.8125],
							"rotation": [6, 0, 0],
							"uv": {
								"north": {"uv": [29, 29], "uv_size": [0.5, 0.5]},
								"east": {"uv": [21, 12], "uv_size": [2, 0.5]},
								"south": {"uv": [0, 30], "uv_size": [0.5, 0.5]},
								"west": {"uv": [21, 14], "uv_size": [2, 0.5]},
								"up": {"uv": [21, 20], "uv_size": [0.5, 2]},
								"down": {"uv": [0, 24], "uv_size": [0.5, -2]}
							}
						},
						{
							"origin": [0.5625, 2.46079, 2.0625],
							"size": [0.4375, 0.43121, 1.75],
							"pivot": [1, 2.46079, 3.8125],
							"rotation": [-6, 0, 0],
							"uv": {
								"north": {"uv": [30, 0], "uv_size": [0.5, 0.5]},
								"east": {"uv": [1, 22], "uv_size": [2, 0.5]},
								"south": {"uv": [1, 30], "uv_size": [0.5, 0.5]},
								"west": {"uv": [3, 22], "uv_size": [2, 0.5]},
								"up": {"uv": [5, 22], "uv_size": [0.5, 2]},
								"down": {"uv": [8, 24], "uv_size": [0.5, -2]}
							}
						}
					]
				},
				{
					"name": "bone74",
					"parent": "jkjhk",
					"pivot": [1, 3.27329, 3.8125],
					"rotation": [0, 15, -45],
					"cubes": [
						{
							"origin": [0.57376, 3.68206, 2.06252],
							"size": [0.4375, 0.43122, 1.75],
							"pivot": [1.01088, 4.11297, 3.81541],
							"rotation": [6, 0, 0],
							"uv": {
								"north": {"uv": [30, 1], "uv_size": [0.5, 0.5]},
								"east": {"uv": [22, 4], "uv_size": [2, 0.5]},
								"south": {"uv": [2, 30], "uv_size": [0.5, 0.5]},
								"west": {"uv": [9, 22], "uv_size": [2, 0.5]},
								"up": {"uv": [22, 10], "uv_size": [0.5, 2]},
								"down": {"uv": [11, 24], "uv_size": [0.5, -2]}
							}
						},
						{
							"origin": [0.57376, 3.28879, 2.14911],
							"size": [0.4375, 0.43121, 1.75],
							"pivot": [1.01088, 4.11297, 3.81541],
							"rotation": [-6, 0, 0],
							"uv": {
								"north": {"uv": [30, 2], "uv_size": [0.5, 0.5]},
								"east": {"uv": [15, 22], "uv_size": [2, 0.5]},
								"south": {"uv": [3, 30], "uv_size": [0.5, 0.5]},
								"west": {"uv": [22, 16], "uv_size": [2, 0.5]},
								"up": {"uv": [22, 17], "uv_size": [0.5, 2]},
								"down": {"uv": [22, 21], "uv_size": [0.5, -2]}
							}
						}
					]
				},
				{
					"name": "bone76",
					"parent": "jkjhk",
					"pivot": [1, 2.47671, 3.8125],
					"rotation": [0, 15, 45],
					"cubes": [
						{
							"origin": [0.57376, 1.63672, 2.06252],
							"size": [0.4375, 0.43122, 1.75],
							"pivot": [1.01088, 1.63703, 3.81541],
							"rotation": [-6, 0, 0],
							"uv": {
								"north": {"uv": [30, 3], "uv_size": [0.5, 0.5]},
								"east": {"uv": [21, 22], "uv_size": [2, 0.5]},
								"south": {"uv": [4, 30], "uv_size": [0.5, 0.5]},
								"west": {"uv": [22, 21], "uv_size": [2, 0.5]},
								"up": {"uv": [23, 0], "uv_size": [0.5, 2]},
								"down": {"uv": [1, 25], "uv_size": [0.5, -2]}
							}
						},
						{
							"origin": [0.57376, 2.03, 2.14911],
							"size": [0.4375, 0.43121, 1.75],
							"pivot": [1.01088, 1.63703, 3.81541],
							"rotation": [6, 0, 0],
							"uv": {
								"north": {"uv": [30, 4], "uv_size": [0.5, 0.5]},
								"east": {"uv": [2, 23], "uv_size": [2, 0.5]},
								"south": {"uv": [5, 30], "uv_size": [0.5, 0.5]},
								"west": {"uv": [23, 2], "uv_size": [2, 0.5]},
								"up": {"uv": [4, 23], "uv_size": [0.5, 2]},
								"down": {"uv": [23, 7], "uv_size": [0.5, -2]}
							}
						}
					]
				},
				{
					"name": "bone77",
					"parent": "jkjhk",
					"pivot": [-1, 2.47671, 3.8125],
					"rotation": [0, -15, -45],
					"cubes": [
						{
							"origin": [-1.01126, 1.63672, 2.06252],
							"size": [0.4375, 0.43122, 1.75],
							"pivot": [-1.01088, 1.63703, 3.81541],
							"rotation": [-6, 0, 0],
							"uv": {
								"north": {"uv": [30, 5], "uv_size": [0.5, 0.5]},
								"east": {"uv": [23, 3], "uv_size": [2, 0.5]},
								"south": {"uv": [6, 30], "uv_size": [0.5, 0.5]},
								"west": {"uv": [6, 23], "uv_size": [2, 0.5]},
								"up": {"uv": [23, 7], "uv_size": [0.5, 2]},
								"down": {"uv": [9, 25], "uv_size": [0.5, -2]}
							}
						},
						{
							"origin": [-1.01126, 2.03, 2.14911],
							"size": [0.4375, 0.43121, 1.75],
							"pivot": [-1.01088, 1.63703, 3.81541],
							"rotation": [6, 0, 0],
							"uv": {
								"north": {"uv": [30, 6], "uv_size": [0.5, 0.5]},
								"east": {"uv": [23, 9], "uv_size": [2, 0.5]},
								"south": {"uv": [7, 30], "uv_size": [0.5, 0.5]},
								"west": {"uv": [23, 10], "uv_size": [2, 0.5]},
								"up": {"uv": [10, 23], "uv_size": [0.5, 2]},
								"down": {"uv": [23, 13], "uv_size": [0.5, -2]}
							}
						}
					]
				},
				{
					"name": "bone75",
					"parent": "jkjhk",
					"pivot": [-1, 3.27329, 3.8125],
					"rotation": [0, -15, 45],
					"cubes": [
						{
							"origin": [-1.01126, 3.68206, 2.06252],
							"size": [0.4375, 0.43122, 1.75],
							"pivot": [-1.01088, 4.11297, 3.81541],
							"rotation": [6, 0, 0],
							"uv": {
								"north": {"uv": [30, 7], "uv_size": [0.5, 0.5]},
								"east": {"uv": [12, 23], "uv_size": [2, 0.5]},
								"south": {"uv": [8, 30], "uv_size": [0.5, 0.5]},
								"west": {"uv": [23, 13], "uv_size": [2, 0.5]},
								"up": {"uv": [14, 23], "uv_size": [0.5, 2]},
								"down": {"uv": [23, 16], "uv_size": [0.5, -2]}
							}
						},
						{
							"origin": [-1.01126, 3.28879, 2.14911],
							"size": [0.4375, 0.43121, 1.75],
							"pivot": [-1.01088, 4.11297, 3.81541],
							"rotation": [-6, 0, 0],
							"uv": {
								"north": {"uv": [30, 8], "uv_size": [0.5, 0.5]},
								"east": {"uv": [15, 23], "uv_size": [2, 0.5]},
								"south": {"uv": [9, 30], "uv_size": [0.5, 0.5]},
								"west": {"uv": [17, 23], "uv_size": [2, 0.5]},
								"up": {"uv": [23, 17], "uv_size": [0.5, 2]},
								"down": {"uv": [19, 25], "uv_size": [0.5, -2]}
							}
						}
					]
				},
				{
					"name": "bone72",
					"parent": "jkjhk",
					"pivot": [0.4375, 3.96079, 3.8125],
					"rotation": [0, 15, -90],
					"cubes": [
						{
							"origin": [-0.08287, 4.37443, 2.12677],
							"size": [0.4375, 0.43121, 1.75],
							"pivot": [0.35756, 3.98408, 3.76809],
							"rotation": [6, 0, 0],
							"uv": {
								"north": {"uv": [30, 9], "uv_size": [0.5, 0.5]},
								"east": {"uv": [23, 19], "uv_size": [2, 0.5]},
								"south": {"uv": [10, 30], "uv_size": [0.5, 0.5]},
								"west": {"uv": [20, 23], "uv_size": [2, 0.5]},
								"up": {"uv": [22, 23], "uv_size": [0.5, 2]},
								"down": {"uv": [23, 24], "uv_size": [0.5, -2]}
							}
						},
						{
							"origin": [-0.08287, 3.9864, 2.04017],
							"size": [0.4375, 0.43122, 1.75],
							"pivot": [0.35756, 3.98408, 3.76809],
							"rotation": [-6, 0, 0],
							"uv": {
								"north": {"uv": [11, 30], "uv_size": [0.5, 0.5]},
								"east": {"uv": [23, 20], "uv_size": [2, 0.5]},
								"south": {"uv": [30, 11], "uv_size": [0.5, 0.5]},
								"west": {"uv": [24, 0], "uv_size": [2, 0.5]},
								"up": {"uv": [0, 24], "uv_size": [0.5, 2]},
								"down": {"uv": [2, 26], "uv_size": [0.5, -2]}
							}
						}
					]
				},
				{
					"name": "bone73",
					"parent": "jkjhk",
					"pivot": [0.4375, 1.78921, 3.8125],
					"rotation": [0, 15, 90],
					"cubes": [
						{
							"origin": [-0.08287, 0.94436, 2.12677],
							"size": [0.4375, 0.43121, 1.75],
							"pivot": [0.35756, 1.76592, 3.76809],
							"rotation": [-6, 0, 0],
							"uv": {
								"north": {"uv": [12, 30], "uv_size": [0.5, 0.5]},
								"east": {"uv": [24, 1], "uv_size": [2, 0.5]},
								"south": {"uv": [30, 12], "uv_size": [0.5, 0.5]},
								"west": {"uv": [24, 4], "uv_size": [2, 0.5]},
								"up": {"uv": [3, 24], "uv_size": [0.5, 2]},
								"down": {"uv": [5, 26], "uv_size": [0.5, -2]}
							}
						},
						{
							"origin": [-0.08287, 1.33238, 2.04017],
							"size": [0.4375, 0.43122, 1.75],
							"pivot": [0.35756, 1.76592, 3.76809],
							"rotation": [6, 0, 0],
							"uv": {
								"north": {"uv": [13, 30], "uv_size": [0.5, 0.5]},
								"east": {"uv": [24, 5], "uv_size": [2, 0.5]},
								"south": {"uv": [30, 13], "uv_size": [0.5, 0.5]},
								"west": {"uv": [6, 24], "uv_size": [2, 0.5]},
								"up": {"uv": [24, 6], "uv_size": [0.5, 2]},
								"down": {"uv": [8, 26], "uv_size": [0.5, -2]}
							}
						}
					]
				},
				{
					"name": "bone71",
					"parent": "jkjhk",
					"pivot": [-1, 2.46079, 3.8125],
					"rotation": [0, -15, 0],
					"cubes": [
						{
							"origin": [-1, 2.858, 2.0625],
							"size": [0.4375, 0.43121, 1.75],
							"pivot": [-1, 3.28921, 3.8125],
							"rotation": [6, 0, 0],
							"uv": {
								"north": {"uv": [14, 30], "uv_size": [0.5, 0.5]},
								"east": {"uv": [24, 8], "uv_size": [2, 0.5]},
								"south": {"uv": [30, 14], "uv_size": [0.5, 0.5]},
								"west": {"uv": [11, 24], "uv_size": [2, 0.5]},
								"up": {"uv": [24, 11], "uv_size": [0.5, 2]},
								"down": {"uv": [13, 26], "uv_size": [0.5, -2]}
							}
						},
						{
							"origin": [-1, 2.46079, 2.0625],
							"size": [0.4375, 0.43121, 1.75],
							"pivot": [-1, 2.46079, 3.8125],
							"rotation": [-6, 0, 0],
							"uv": {
								"north": {"uv": [15, 30], "uv_size": [0.5, 0.5]},
								"east": {"uv": [24, 14], "uv_size": [2, 0.5]},
								"south": {"uv": [30, 15], "uv_size": [0.5, 0.5]},
								"west": {"uv": [15, 24], "uv_size": [2, 0.5]},
								"up": {"uv": [24, 15], "uv_size": [0.5, 2]},
								"down": {"uv": [17, 26], "uv_size": [0.5, -2]}
							}
						}
					]
				},
				{
					"name": "ocular",
					"pivot": [0, 2.9625, 5.12188],
					"cubes": [
						{
							"origin": [-0.83998, 2.50958, 5.98814],
							"size": [1.67997, 0.69585, -0.00003],
							"inflate": 0.0001,
							"uv": {
								"south": {"uv": [0.5, 49.5], "uv_size": [2, 1]}
							}
						},
						{
							"origin": [-0.84002, 2.50954, 5.98811],
							"size": [1.68003, 0.69591, 0.00003],
							"inflate": -0.0001,
							"pivot": [0, 2.8575, 6.30312],
							"rotation": [0, 0, 45],
							"uv": {
								"south": {"uv": [20.5, 48.5], "uv_size": [2, 1]}
							}
						},
						{
							"origin": [-0.34791, 2.01753, 5.98816],
							"size": [0.69582, 1.67994, -0.00006],
							"inflate": 0.0002,
							"uv": {
								"south": {"uv": [18.5, 48.5], "uv_size": [1, 2]}
							}
						},
						{
							"origin": [-0.34794, 2.0175, 5.98812],
							"size": [0.69588, 1.68, 0],
							"pivot": [0, 2.8575, 6.30312],
							"rotation": [0, 0, 45],
							"uv": {
								"south": {"uv": [16.5, 48.5], "uv_size": [1, 2]}
							}
						}
					]
				},
				{
					"name": "division",
					"pivot": [0.19792, 2.53646, -125.01389],
					"cubes": [
						{
							"origin": [-28.1875, -23.34374, -125.25],
							"size": [56.375, 52.40625, 0.25],
							"uv": {
								"south": {"uv": [77.5, 83], "uv_size": [162.5, 146]}
							}
						},
						{
							"origin": [-92.89375, -73.95312, -125.25],
							"size": [52.70625, 152.375, 0.25],
							"uv": {
								"south": {"uv": [3, 55], "uv_size": [10, 2.5]}
							}
						},
						{
							"origin": [41.1875, -73.95312, -125.25],
							"size": [52.26875, 152.375, 0.25],
							"uv": {
								"south": {"uv": [0, 55], "uv_size": [15, 3.5]}
							}
						},
						{
							"origin": [-40.1875, 43.48438, -125.25],
							"size": [81.375, 34.9375, 0.25],
							"uv": {
								"south": {"uv": [0, 66], "uv_size": [17, 9]}
							}
						},
						{
							"origin": [-40.1875, -73.95312, -125.25],
							"size": [81.375, 34, 0.25],
							"uv": {
								"south": {"uv": [0, 52.5], "uv_size": [14, 9]}
							}
						}
					]
				},
				{
					"name": "cross_illuminated",
					"parent": "division",
					"pivot": [0, 2.875, -124.8125],
					"cubes": [
						{
							"origin": [-11, 9.875, -124.875],
							"size": [2, 0.5, 0],
							"pivot": [0, 10.125, -124.875],
							"rotation": [0, 0, -90],
							"uv": {
								"south": {"uv": [16.5, 44.5], "uv_size": [2, 0.5]}
							}
						},
						{
							"origin": [-12, 16.375, -124.875],
							"size": [2, 0.5, 0],
							"pivot": [0, 16.625, -124.875],
							"rotation": [0, 0, -90],
							"uv": {
								"south": {"uv": [16.5, 44.5], "uv_size": [2, 0.5]}
							}
						},
						{
							"origin": [1.75, 2.625, -124.875],
							"size": [2, 0.5, 0],
							"uv": {
								"south": {"uv": [47.5, 14.5], "uv_size": [2, 0.5]}
							}
						},
						{
							"origin": [-3.75, 2.625, -124.875],
							"size": [2, 0.5, 0],
							"uv": {
								"south": {"uv": [18.5, 44.5], "uv_size": [2, 0.5]}
							}
						},
						{
							"origin": [-0.625, 2.26072, -124.8125],
							"size": [1.25, 1.25, 0],
							"pivot": [0, 2.88572, -124.8125],
							"rotation": [0, 0, -45],
							"uv": {
								"south": {"uv": [47.5, 12], "uv_size": [2, 2]}
							}
						}
					]
				},
				{
					"name": "scope_view",
					"pivot": [0, 2.875, 9.5]
				}
			]
		}
	]
}