{
  "ammo": "ea:300winmag",
  "ammo_amount": 7,
  "extended_mag_ammo_amount": [
    10,
    15,
    20
  ],
  "bolt": "closed_bolt",
  "rpm": 500,
  "bullet": {
    "life": 0.8,
    "bullet_amount": 1,
    "damage": 16,
    "tracer_count_interval": 0,
    "extra_damage": {
      "armor_ignore": 0.4,
      "head_shot_multiplier": 2.5,
      "damage_adjust": [
        {"distance": 1, "damage": 21},
        {"distance": 30, "damage": 16},
        {"distance": 45, "damage": 14},
        {"distance": "infinite", "damage": 10}
      ]
    },
    "speed": 300,
    "gravity": 0.025,
    "knockback": 0,
    "friction": 0.01,
    "ignite": false,
    "pierce": 1
  },
  "reload": {
    "type": "magazine",
    "feed": {
      "empty": 1.87,
      "tactical": 1.40
    },
    "cooldown": {
      "empty": 2.2,
      "tactical": 1.87
    }
  },
  "draw_time": 0.3,
  "put_away_time": 0.43,
  "aim_time": 0.4,
  "sprint_time": 0.2,
  "fire_mode": [
    "semi",
    "burst"
  ],
  "burst_data": {
    "continuous_shoot": false,
    "count": 3,
    "bpm": 900,
    "min_interval": 0.3
  },
  "recoil": {
    "pitch": [
      {"time": 0, "value": [2.75, 2.75]},
      {"time": 0.3, "value": [2.75, 2.75]},
      {"time": 0.5, "value": [-0.725, -0.725]},
      {"time": 0.65, "value": [0, 0]}
    ],
    "yaw": [
      {"time": 0, "value": [-1.35, -1.35]},
      {"time": 0.3, "value": [-1.35, -1.35]},
      {"time": 0.5, "value": [0, 0]}
    ]
  },
  "inaccuracy": {
    "stand": 5,
    "move": 6,
    "sneak": 4.5,
    "lie": 4,
    "aim": 0.125
  },
  "melee": {
    "distance": 1,
    "cooldown": 0.6
  },
  "allow_attachment_types": [
    "scope",
    "stock",
    "grip",
    "laser",
    "muzzle",
    "extended_mag"
  ],
  "exclusive_attachments": {
  }
}