{
  "ammo": "ea:50beowulf",
  "ammo_amount": 10,
  "extended_mag_ammo_amount": [
    20,
    30,
    40
  ],
  "bolt": "closed_bolt",
  "rpm": 680,
  "bullet": {
    "life": 0.75,
    "bullet_amount": 1,
    "damage": 23,
    "tracer_count_interval": 0,
    "extra_damage": {
      "armor_ignore": 0.4,
      "head_shot_multiplier": 1.5,
      "damage_adjust": [
        {"distance": 38, "damage": 23},
        {"distance": 85, "damage": 19},
        {"distance": "infinite", "damage": 16}
      ]
    },
    "speed": 295,
    "gravity": 0.15,
    "knockback": 0,
    "friction": 0.0175,
    "ignite": false,
    "pierce": 1
  },
  "reload": {
    "type": "magazine",
    "feed": {
      "empty": 2.63,
      "tactical": 1.42
    },
    "cooldown": {
      "empty": 3,
      "tactical": 2.25
    }
  },
  "draw_time": 0.43,
  "put_away_time": 0.33,
  "aim_time": 0.2,
  "sprint_time": 0.2,
  "fire_mode": [
    "auto",
    "burst",
    "semi"
  ],
  "burst_data": {
    "continuous_shoot": false,
    "count": 3,
    "bpm": 750,
    "min_interval": 0.4
  },
  "crawl_recoil_multiplier": 0.75,
  "recoil": {
    "pitch": [
      {"time": 0, "value": [1.375, 1.375]},
      {"time": 0.1875, "value": [1.375, 1.375]},
      {"time": 0.55, "value": [-0.125, -0.125]},
      {"time": 0.7, "value": [0, 0]}
    ],
    "yaw": [
      {"time": 0, "value": [-0.45, 0.45]},
      {"time": 0.1, "value": [-0.3, 0.35]},
      {"time": 0.5, "value": [0, 0]}
    ]
  },
  "inaccuracy": {
    "stand": 3.75,
    "move": 4.5,
    "sneak": 3.25,
    "lie": 2.75,
    "aim": 0.1375
  },
  // 近战相关
  "melee": {
    // 枪械距离参数，用来延升近战攻击范围
    // 会与刺刀等配件的距离做加和
    "distance": 1,
    // 使用时的冷却时间
    "cooldown": 0.6,
    // 默认近战数据，会被配件的数据替换掉
    "default": {
      // 动画类型：没有枪托的为 melee_push，有枪托的为 melee_stock
      "animation_type": "melee_stock",
      // 刺刀距离参数，枪械里还有个刺刀攻击距离参数，两者做加和
      "distance": 1,
      // 刺刀范围角度
      "range_angle": 30,
      // 伤害值
      "damage": 2,
      // 击退效果
      "knockback": 0.5,
      // 前摇时长，单位：秒
      "prep": 0.1
    }
  },
  "allow_attachment_types": [
    "muzzle",
    "scope",
    "grip",
    "laser",
    "extended_mag"
  ],
  "exclusive_attachments": {
  }
}