{
  "ammo": "tacz:50bmg",
  "rpm": 100,
  "bullet": {
    "life": 1.1,
    "bullet_amount": 1,
    "damage": 75,
    "tracer_count_interval": 0,
    "extra_damage": {
      "armor_ignore": 0.75,
      "head_shot_multiplier": 2.5,
      "damage_adjust": [
        {"distance": 10, "damage": 75},
        {"distance": 18, "damage": 65},
        {"distance": "infinite", "damage": 20}
      ]
    },
    "speed": 400,
    "gravity": 0.15,
    "knockback": 0,
    "friction": 0.03,
    "ignite": false,
    "pierce": 5
  },
  "ammo_amount": 2,
  "bolt": "open_bolt",
  "reload": {
    "type": "magazine",
    "feed": {
      "empty": 1.83,
      "tactical": 1.23
    },
    "cooldown": {
      "empty": 2.3,
      "tactical": 1.6
    }
  },
  "draw_time": 0.27,
  "put_away_time": 0.23,
  "aim_time": 0.2,
  "sprint_time": 0.2,
  "fire_mode": [
    "semi"
  ],
  "allow_attachment_types": [],
  "recoil": {
    "pitch": [
      {"time": 0, "value": [4.25, 4.25]},
      {"time": 0.125, "value": [4.25, 4.25]},
      {"time": 0.4, "value": [-0.35, -0.35]},
      {"time": 0.55, "value": [0, 0]}
    ],
    "yaw": [
      {"time": 0, "value": [-2.5, -2.5]},
      {"time": 0.1, "value": [-2.5, -2.5]},
      {"time": 0.2, "value": [0.25, 0.25]},
      {"time": 0.4, "value": [0, 0]}
    ]
  },
  "inaccuracy": {
    "stand": 4.5,
    "move": 5,
    "sneak": 4.5,
    "lie": 3.5,
    "aim": 3.5
  },
  // 近战相关
  "melee": {
    // 枪械距离参数，用来延升近战攻击范围
    // 会与刺刀等配件的距离做加和
    "distance": 1,
    // 使用时的冷却时间
    "cooldown": 0.6,
    // 默认近战数据，会被配件的数据替换掉
    "default": {
      // 动画类型：没有枪托的为 melee_push，有枪托的为 melee_stock
      "animation_type": "melee_stock",
      // 刺刀距离参数，枪械里还有个刺刀攻击距离参数，两者做加和
      "distance": 1,
      // 刺刀范围角度
      "range_angle": 30,
      // 伤害值
      "damage": 2,
      // 击退效果
      "knockback": 0.75,
      // 前摇时长，单位：秒
      "prep": 0.1
    }
  }
}