{
  "ammo": "tacz:762x54",
  "ammo_amount": 47,
  "bolt": "open_bolt",
  "rpm": 550,
  "bullet": {
    "life": 0.9,
    "bullet_amount": 1,
    "damage": 24,
    "tracer_count_interval": 0,
    "extra_damage": {
      "armor_ignore": 0.60,
      "head_shot_multiplier": 2,
      "damage_adjust": [
        {"distance": 80, "damage": 15},
        {"distance": 160, "damage": 10},
        {"distance": "infinite", "damage": 8}
      ]
    },
    "speed": 450,
    "gravity": 0.15,
    "knockback": 0,
    "friction": 0.015,
    "ignite": false,
    "pierce": 4
  },
  "reload": {
    "type": "magazine",
    "feed": {
      "empty": 4.65,
      "tactical": 3.6
    },
    "cooldown": {
      "empty": 6.25,
      "tactical": 5
    }
  },
  "draw_time": 1.6,
  "put_away_time": 0.6,
  "aim_time": 0.10,
  "sprint_time": 0.28,
  "weight": 9.2,
  "fire_mode": [
    "auto"
  ],
  "burst_data": {
    "continuous_shoot": false,
    "count": 3,
    "bpm": 900,
    "min_interval": 0.3
  },
  "recoil": {
    "pitch": [
      {"time": 0, "value": [0.45, 0.45]},
      {"time": 0.3, "value": [0.45, 0.45]},
      {"time": 0.5, "value": [-0.125, -0.125]},
      {"time": 0.65, "value": [0, 0]}
    ],
    "yaw": [
      {"time": 0, "value": [-0.3, 0.45]},
      {"time": 0.3, "value": [-0.2, 0.35]},
      {"time": 0.5, "value": [0, 0]}
    ]
  },
  "inaccuracy": {
    "stand": 5,
    "move": 6,
    "sneak": 4.5,
    "lie": 4,
    "aim": 0.125
  },
  "melee": {
    "distance": 1,
    "cooldown": 0.6,
    "default": {
      "animation_type": "melee_stock",
      "distance": 1,
      "range_angle": 30,
      "damage": 2,
      "knockback": 0.5,
      "prep": 0.1
    }
  },
  "allow_attachment_types": [
    "extended_mag"
  ],
  "exclusive_attachments": {
  }
}