{
  "ammo": "tacz:762x54",
  "ammo_amount": 10,
  "extended_mag_ammo_amount": [
    12,
    15,
    20
  ],
  "bolt": "closed_bolt",
  "rpm": 450,
  "bullet": {
    "life": 0.9,
    "bullet_amount": 1,
    "damage": 17.5,
    "tracer_count_interval": 0,
    "extra_damage": {
      "armor_ignore": 0.60,
      "head_shot_multiplier": 2,
      "damage_adjust": [
        {"distance": 80, "damage": 17.5},
        {"distance": 160, "damage": 16.5},
        {"distance": "infinite", "damage": 16}
      ]
    },
    "speed": 450,
    "gravity": 0.15,
    "knockback": 0,
    "friction": 0.015,
    "ignite": false,
    "pierce": 4
  },
  "reload": {
    "type": "magazine",
    "feed": {
      "empty": 2.95,
      "tactical": 1.95
    },
    "cooldown": {
      "empty": 3.69,
      "tactical": 2.77
    }
  },
  "draw_time": 0.67,
  "put_away_time": 0.6,
  "aim_time": 0.18,
  "sprint_time": 0.23,
  "weight": 5.3,
  "fire_mode": [
    "semi"
  ],
  "recoil": {
    "pitch": [
      {"time": 0, "value": [1.55, 1.55]},
      {"time": 0.32, "value": [1.55, 1.55]},
      {"time": 0.57, "value": [-0.5, -0.5]},
      {"time": 0.82, "value": [0.25, 0.25]},
      {"time": 1.17, "value": [0, 0]},
      {"time": 1.47, "value": [0, 0]}
    ],
    "yaw": [
      {"time": 0, "value": [-0.6, -0.5]},
      {"time": 0.32, "value": [-0.6, -0.5]},
      {"time": 0.57, "value": [0, 0]}
    ]
  },
  "hurt_bob_tweak_multiplier": 0.05,
  "inaccuracy": {
    "stand": 4.75,
    "move": 5.25,
    "sneak": 3.5,
    "lie": 0.5,
    "aim": 0.15
  },
  "melee": {
    "distance": 1,
    "cooldown": 0.7,
    "default": {
      "animation_type": "melee_stock",
      "distance": 1,
      "range_angle": 30,
      "damage": 4,
      "knockback": 0.6,
      "prep": 0.1
    }
  },
  "allow_attachment_types": [
    "scope",
    "muzzle",
    "stock",
    "extended_mag"
  ]
}