{
  "ammo": "tacz:308",
  "ammo_amount": 20,
  "extended_mag_ammo_amount": [
    23,
    25,
    50
  ],
  "bolt": "closed_bolt",
  "rpm": 600,
  "script": "tacz:xmag_reload_logic",
  "script_param": {
    "reload_feed": 1.8,
    "reload_cooldown": 2.3,
    "empty_feed": 2.13,
    "empty_cooldown": 2.6,
    "reload_xmag_1_feed": 1.8,
    "reload_xmag_1_cooldown": 2.3,
    "empty_xmag_1_feed": 2.13,
    "empty_xmag_1_cooldown": 2.6,
    "reload_xmag_2_feed": 1.8,
    "reload_xmag_2_cooldown": 2.3,
    "empty_xmag_2_feed": 2.13,
    "empty_xmag_2_cooldown": 2.6,
    "reload_xmag_3_feed": 2.79,
    "reload_xmag_3_cooldown": 3.63,
    "empty_xmag_3_feed": 3.6,
    "empty_xmag_3_cooldown": 4.17
  },
  "bullet": {
    "life": 1.25,
    "bullet_amount": 1,
    "damage": 14,
    "tracer_count_interval": 0,
    "extra_damage": {
      "armor_ignore": 0.5,
      "head_shot_multiplier": 1.5,
      "damage_adjust": [
        {"distance": 45, "damage": 12},
        {"distance": 95, "damage": 10},
        {"distance": "infinite", "damage": 8}
      ]
    },
    "speed": 789,
    "gravity": 0.098,
    "knockback": 0,
    "friction": 0.015,
    "ignite": false,
    "pierce": 1
  },
  "reload": {
    "type": "magazine",
    "feed": {
      "empty": 1.86,
      "tactical": 1.3
    },
    "cooldown": {
      "empty": 2.3,
      "tactical": 2
    }
  },
  "draw_time": 0.47,
  "put_away_time": 0.53,
  "aim_time": 0.25,
  "sprint_time": 0.17,
  "weight": 4.74,
  "movement_speed": {
    "base": 0.0,
    "aim": -0.1,
    "reload": 0
  },
  "crawl_recoil_multiplier": 0.45,
  "fire_mode": [
    "semi",
    "auto"
  ],
  "recoil": {
    "pitch": [
      {"time": 0, "value": [1.1, 1.15]},
      {"time": 0.3, "value": [1.2, 1.25]},
      {"time": 0.7, "value": [-0.135, -0.135]},
      {"time": 0.75, "value": [0, 0]}
    ],
    "yaw": [
      {"time": 0, "value": [-0.4, 0.3]},
      {"time": 0.2, "value": [-0.55, 0.45]},
      {"time": 0.6, "value": [0, 0]}
    ]
  },
  "inaccuracy": {
    "stand": 2.75,
    "move": 4,
    "sneak": 3.25,
    "lie": 2.75,
    "aim": 0.1
  },
  // 近战相关
  "melee": {
    // 枪械距离参数，用来延升近战攻击范围
    // 会与刺刀等配件的距离做加和
    "distance": 1,
    // 使用时的冷却时间
    "cooldown": 0.6,
    // 默认近战数据，会被配件的数据替换掉
    "default": {
      // 动画类型：没有枪托的为 melee_push，有枪托的为 melee_stock
      "animation_type": "melee_stock",
      // 刺刀距离参数，枪械里还有个刺刀攻击距离参数，两者做加和
      "distance": 1,
      // 刺刀范围角度
      "range_angle": 30,
      // 伤害值
      "damage": 2,
      // 击退效果
      "knockback": 0.5,
      // 前摇时长，单位：秒
      "prep": 0.1
    }
  },
  "allow_attachment_types": [
    "scope",
    "stock",
    "grip",
    "laser",
    "muzzle",
    "extended_mag"
  ],
  "exclusive_attachments": {
  }
}