{
  "ammo": "tacz:338",
  "ammo_amount": 10,
  "extended_mag_ammo_amount": [
    12,
    14,
    16
  ],
  "bolt": "closed_bolt",
  "rpm": 250,
  "bullet": {
    "life": 0.8,
    "bullet_amount": 1,
    "damage": 36,
    "tracer_count_interval": 0,
    "extra_damage": {
      "armor_ignore": 0.4,
      "head_shot_multiplier": 2.5,
      "damage_adjust": [
        {"distance": 80, "damage": 36},
        {"distance": 95, "damage": 30},
        {"distance": 110, "damage": 24},
        {"distance": "infinite", "damage": 22}
      ]
    },
    "speed": 300,
    "gravity": 0.025,
    "knockback": 0,
    "friction": 0.01,
    "ignite": false,
    "pierce": 1
  },
  "reload": {
    "type": "magazine",
    "feed": {
      "empty": 3.5,
      "tactical": 2.2
    },
    "cooldown": {
      "empty": 3.6,
      "tactical": 2.3
    }
  },
  "draw_time": 0.3,
  "put_away_time": 0.43,
  "aim_time": 0.3,
  "sprint_time": 0.2,
  "fire_mode": [
    "semi"
  ],
  "burst_data": {
    "continuous_shoot": false,
    "count": 3,
    "bpm": 900,
    "min_interval": 0.3
  },
  "recoil": {
    "pitch": [
      {"time": 0, "value": [2.55, 2.55]},
      {"time": 0.3, "value": [2.55, 2.55]},
      {"time": 0.5, "value": [-0.625, -0.625]},
      {"time": 0.65, "value": [0, 0]}
    ],
    "yaw": [
      {"time": 0, "value": [-1.35, 1.35]},
      {"time": 0.3, "value": [-1.35, 1.35]},
      {"time": 0.5, "value": [0, 0]}
    ]
  },
  "inaccuracy": {
    "stand": 5,
    "move": 6,
    "sneak": 4.5,
    "lie": 4,
    "aim": 0.125
  },
  "melee": {
    "distance": 1,
    "cooldown": 0.6,
    "default": {
      "animation_type": "melee_stock",
      "distance": 0,
      "range_angle": 30,
      "damage": 2,
      "knockback": 0.5,
      "prep": 0.1
    }
  },
  "allow_attachment_types": [
    "scope",
    "stock",
    "grip",
    "laser",
    "muzzle",
    "extended_mag"
  ],
  "exclusive_attachments": {
  }
}