{
  "ammo": "tacz:30_06",
  "ammo_amount": 7,
  "extended_mag_ammo_amount": [
    8,
    9,
    10
  ],
  "bolt": "manual_action",
  "rpm": 171,
  "bullet": {
    "life": 0.9,
    "bullet_amount": 1,
    "damage": 32,
    "tracer_count_interval": 0,
    "extra_damage": {
      "armor_ignore": 0.40,
      "head_shot_multiplier": 2,
      "damage_adjust": [
        {"distance": 70, "damage": 32},
        {"distance": 150, "damage": 28},
        {"distance": "infinite", "damage": 25}
      ]
    },
    "speed": 350,
    "gravity": 0.15,
    "knockback": 0,
    "friction": 0.015,
    "ignite": false,
    "pierce": 4
  },
  "reload": {
    "type": "magazine",
    "feed": {
      "empty": 2.6,
      "tactical": 1.8
    },
    "cooldown": {
      "empty": 3.5,
      "tactical": 2.5
    }
  },
  "draw_time": 0.5,
  "put_away_time": 0.75,
  "aim_time": 0.2,
  "sprint_time": 0.2,
  "bolt_action_time": 1.25,
  "fire_mode": [
    "semi"
  ],
  "recoil": {
    "pitch": [
      {"time": 0, "value": [2.2, 2.2]},
      {"time": 0.32, "value": [2.2, 2.2]},
      {"time": 0.57, "value": [-0.5, -0.5]},
      {"time": 0.82, "value": [0.25, 0.25]},
      {"time": 1.17, "value": [0, 0]},
      {"time": 1.47, "value": [0, 0]}
    ],
    "yaw": [
      {"time": 0, "value": [-0.6, -0.5]},
      {"time": 0.32, "value": [-0.6, -0.5]},
      {"time": 0.57, "value": [0, 0]}
    ]
  },
  "inaccuracy": {
    "stand": 8.5,
    "move": 11,
    "sneak": 6.5,
    "lie": 4.5,
    "aim": 0.05
  },
  "melee": {
    "distance": 1,
    "cooldown": 1.0,
    "default": {
      "animation_type": "melee_stock",
      "distance": 1.25,
      "range_angle": 30,
      "damage": 5,
      "knockback": 1,
      "prep": 0.1
    }
  },
  "allow_attachment_types": [
    "extended_mag",
    "grip",
    "laser",
    "stock",
    "scope"
  ]
}