{
  "ammo": "tacz:556x45",
  "ammo_amount": 50,
  "extended_mag_ammo_amount": [
    60,
    70,
    100
  ],
  "bolt": "open_bolt",
  "rpm": 650,
  "bullet": {
    "life": 0.9,
    "bullet_amount": 1,
    "damage": 8.5,
    "tracer_count_interval": 0,
    "extra_damage": {
      "armor_ignore": 0.25,
      "head_shot_multiplier": 1.75,
      "damage_adjust": [
        {"distance": 40, "damage": 8.5},
        {"distance": 80, "damage": 7},
        {"distance": "infinite", "damage": 6}
      ]
    },
    "speed": 300,
    "gravity": 0.15,
    "knockback": 0,
    "friction": 0.015,
    "ignite": false,
    "pierce": 1
  },
  "heat":  {
    "max": 200,
    "per_shot": 2,
    "cooling_multiplier": 13,
    "cooling_delay": 500,
    "over_heat_time": 100,
    "min_inaccuracy": 1,
    "max_inaccuracy": 0.2,
    "min_rpm_mod": 1,
    "max_rpm_mod": 1.3
  },
  "reload": {
    "type": "magazine",
    "feed": {
      "empty": 2.05,
      "tactical": 1.2
    },
    "cooldown": {
      "empty": 2.53,
      "tactical": 2.03
    }
  },
  "draw_time": 0.43,
  "put_away_time": 0.43,
  "aim_time": 0.17,
  "sprint_time": 0.16,
  "fire_mode": [
    "auto",
    "burst",
    "semi"
  ],
  "burst_data": {
    "continuous_shoot": true,
    "count": 3,
    "bpm": 800,
    "min_interval": 0.45
  },
  "recoil": {
    "pitch": [
      {"time": 0, "value": [0.4, 0.4]},
      {"time": 0.25, "value": [0.4, 0.4]},
      {"time": 0.45, "value": [-0.3, -0.3]},
      {"time": 0.6, "value": [0, 0]},
      {"time": 0.7, "value": [0, 0]}
    ],
    "yaw": [
      {"time": 0, "value": [-0.2, 0.15]},
      {"time": 0.35, "value": [-0.2, 0.15]},
      {"time": 0.5, "value": [0, 0]}
    ]
  },
  "inaccuracy": {
    "stand": 5,
    "move": 5.5,
    "sneak": 4.75,
    "lie": 4,
    "aim": 0.125
  },
  // 近战相关
  "melee": {
    // 枪械距离参数，用来延升近战攻击范围
    // 会与刺刀等配件的距离做加和
    "distance": 1,
    // 使用时的冷却时间
    "cooldown": 0.6,
    // 默认近战数据，会被配件的数据替换掉
    "default": {
      // 动画类型：没有枪托的为 melee_push，有枪托的为 melee_stock
      "animation_type": "melee_stock",
      // 刺刀距离参数，枪械里还有个刺刀攻击距离参数，两者做加和
      "distance": 1,
      // 刺刀范围角度
      "range_angle": 30,
      // 伤害值
      "damage": 2,
      // 击退效果
      "knockback": 0.6,
      // 前摇时长，单位：秒
      "prep": 0.1
    }
  },
  "allow_attachment_types": [
    "scope",
    "stock",
    "grip",
    "laser",
    "muzzle",
    "extended_mag"
  ],
  "exclusive_attachments": {
  }
}