{
	"format_version": "1.8.0",
	"animations": {
		"static_idle": {
			"loop": true,
			"animation_length": 0.125,
			"bones": {
				"constraint": {
					"rotation": [0.2, 0.2, 0.4],
					"position": [0.1, 0.1, 0.1]
				},
				"lefthand": {
					"rotation": [90.4533, -389.73135, -129.57361],
					"position": [7.4, -11.7, -8.5],
					"scale": [1, 1.5, 1]
				},
				"righthand": {
					"rotation": [100.03742, 4.92385, -179.12962],
					"position": [-6.8, -14.2, 7.4],
					"scale": [1, 1.5, 1]
				}
			}
		},
		"bolt": {
			"loop": "hold_on_last_frame",
			"animation_length": 0.5,
			"bones": {
				"bolt": {
					"rotation": {
						"0.05": [0, 0, 0],
						"0.1": [0, 0, 40],
						"0.25": [0, 0, 40],
						"0.35": [0, 0, 0]
					},
					"position": {
						"0.0": [0, 0, 0],
						"0.05": [0, 0, 0],
						"0.1": [0, 0, 0],
						"0.15": [0, 0, 4],
						"0.2": [0, 0, 4],
						"0.25": [0, 0, 0]
					}
				},
				"bullet_shell": {
					"rotation": {
						"0.1": [0, 0, 0],
						"0.5": [0, 480, 0]
					},
					"position": {
						"0.0": [0, 0, 0],
						"0.1": [0, 0, 3],
						"0.15": [-2.55, 0.69, 3.01],
						"0.2": [-5.09557, 1.3811, 3.02685],
						"0.25": [-7.77, 1.12, 3.11],
						"0.3": [-10.4357, -0.13341, 3.18538],
						"0.4": [-15.54144, -2.47007, 3.26563],
						"0.5": [-19.92919, -5.13909, 3.16998]
					},
					"scale": {
						"0.1": [1, 1, 1],
						"0.4": [1, 1, 1],
						"0.5": [0, 0, 0]
					}
				},
				"root": {
					"rotation": {
						"0.0": [0, 0, 0],
						"0.05": [-0.01745, -0.99985, 1.00015],
						"0.1": [-0.03745, -0.9995, 2.00015],
						"0.15": [-1.12319, -0.90556, 6.9998],
						"0.25": [0, 0, 0]
					},
					"position": {
						"0.0": [0, 0, 0],
						"0.1": [0, 0, 0.505],
						"0.15": [0, 0, 0.935],
						"0.2": [0, 0, 0.54],
						"0.3": [0, 0, 0]
					}
				},
				"camera": {
					"rotation": {
						"0.0": [0.02, -0.01, 0.07],
						"0.05": [0.12, -0.07, 0.43],
						"0.1": [0.26, -0.16, 0.79],
						"0.15": [0.8, -0.48, 0.85],
						"0.2": [0.56, -0.37, 0.48],
						"0.25": [0.19, -0.11, -0.1],
						"0.3": [0, 0, 0.07],
						"0.35": [-0.02, 0.01, 0.06],
						"0.4": [-0.01, 0, 0.02],
						"0.45": [0, 0, 0.01]
					}
				},
				"lefthand": {
					"rotation": [90.4533, -389.73135, -129.57361],
					"position": [7.4, -11.7, -8.5],
					"scale": [1, 1.5, 1]
				},
				"righthand": {
					"rotation": {
						"0.0": [100.03742, 4.92385, -179.12962],
						"0.05": [112.64, -1.84, -127.29],
						"0.1": [114.18636, -12.11759, -122.77082],
						"0.15": [114.19, -12.12, -122.77],
						"0.2": [114.19, -12.12, -122.77],
						"0.25": [114.18636, -12.11759, -122.77082],
						"0.3": [114.18636, -12.11759, -122.77082],
						"0.45": [100.03742, 4.92385, -179.12962]
					},
					"position": {
						"0.0": [-6.8, -14.2, 7.4],
						"0.05": [-9.81, -11.07, 5.445],
						"0.1": [-10.21, -9.25, 5.445],
						"0.15": [-10.21, -9.25, 9.24],
						"0.2": [-10.21, -9.25, 9.24],
						"0.25": [-10.21, -9.25, 5.445],
						"0.3": [-10.21, -11.25, 5.445],
						"0.4": [-8.07, -14.23, 6.1],
						"0.45": [-6.8, -14.2, 7.4]
					},
					"scale": {
						"0.0": [1, 1.5, 1],
						"0.45": [1, 1.5, 1]
					}
				}
			},
			"sound_effects": {
				"0.0": {
					"effect": "nmw3:longbow/longbow_reload_boltgrab"
				},
				"0.05": {
					"effect": "nmw3:longbow/longbow_reload_boltcharge_back_fast"
				},
				"0.15": {
					"effect": "nmw3:longbow/longbow_reload_boltcharge_forward_fast"
				}
			}
		},
		"shoot": {
			"loop": true,
			"animation_length": 0.3833,
			"bones": {
				"root": {
					"rotation": {
						"0.0": [0, 0, 0],
						"0.0167": [-1.75, 0, -1.12],
						"0.0333": [-1.82, 0, 0.15],
						"0.05": [-1.47, 0, 1.3],
						"0.0667": [-1.2, 0, 1.11],
						"0.0833": [-0.84, 0, 0.62],
						"0.1": [-0.44, 0, 0],
						"0.1167": [-0.09, 0, -0.54],
						"0.1333": [0.13, 0, -0.81],
						"0.15": [0.17, 0, -0.54],
						"0.1667": [0, 0, 0.11],
						"0.1833": [-0.12, 0, 0.48],
						"0.2": [-0.12, 0, 0.3],
						"0.2167": [-0.09, 0, -0.12],
						"0.2333": [-0.04, 0, -0.54],
						"0.25": [0.02, 0, -0.76],
						"0.2667": [0.06, 0, -0.72],
						"0.2833": [0.11, 0, -0.58],
						"0.3": [0.17, 0, -0.38],
						"0.3167": [0.22, 0, -0.16],
						"0.3333": [0.27, 0, 0.04],
						"0.35": [0.3, 0, 0.18],
						"0.3667": [0.31, -0.01, 0.24],
						"0.3833": [0, 0, 0]
					},
					"position": {
						"0.0": [0, 0, 0],
						"0.0167": [0, -0.07, 1.55],
						"0.0333": [0, -0.07, 1.59],
						"0.05": [0, -0.07, 1.56],
						"0.0667": [0, -0.06, 1.47],
						"0.0833": [0, -0.05, 1.34],
						"0.1": [0, -0.05, 1.19],
						"0.1167": [0, -0.05, 1.04],
						"0.1333": [0, -0.08, 0.77],
						"0.15": [0, -0.11, 0.43],
						"0.1667": [0, -0.14, 0.11],
						"0.1833": [0, -0.15, -0.1],
						"0.2": [0, -0.15, -0.14],
						"0.2167": [0, -0.14, -0.14],
						"0.2333": [0, -0.13, -0.11],
						"0.25": [0, -0.12, -0.06],
						"0.2667": [0, -0.1, -0.01],
						"0.2833": [0, -0.09, 0.03],
						"0.3": [0, -0.07, 0.06],
						"0.3167": [0, -0.06, 0.06],
						"0.3333": [0, -0.05, 0.05],
						"0.35": [0, -0.04, 0.04],
						"0.3667": [0, -0.03, 0.03],
						"0.3833": [0, 0, 0]
					}
				},
				"constraint": {
					"rotation": {
						"0.15": [0.3, 0.3, 0.3],
						"0.2333": [0.1, 0.1, 0.1],
						"0.3333": [0, 0, 0]
					},
					"position": {
						"0.15": [0.15, 0.05, 0.4],
						"0.2333": [0.1, 0, 0.1],
						"0.3333": [0, 0, 0]
					}
				},
				"camera": {
					"rotation": {
						"0.0": [0, 0, 0],
						"0.0167": [0, 0, 0],
						"0.0333": [0, 0, 1.02],
						"0.05": [0, 0, -0.7],
						"0.0667": [0, 0, -0.1],
						"0.0833": [0, 0, 0.6],
						"0.1": [0, 0, 0.41],
						"0.1167": [0, 0, -0.03],
						"0.1333": [0, 0, -0.3],
						"0.15": [0, 0, -0.22],
						"0.1667": [0, 0, 0],
						"0.1833": [0, 0, 0.23],
						"0.2": [0, 0, 0.35],
						"0.2167": [0, 0, 0.31],
						"0.2333": [0, 0, 0.2],
						"0.25": [0, 0, 0.06],
						"0.2667": [0, 0, -0.07],
						"0.2833": [0, 0, -0.15],
						"0.3": [0, 0, -0.16],
						"0.3167": [0, 0, -0.14],
						"0.3333": [0, 0, -0.11],
						"0.35": [0, 0, -0.06],
						"0.3667": [0, 0, -0.02],
						"0.3833": [0, 0, 0]
					}
				},
				"additional_magazine": {
					"scale": 1
				}
			}
		},
		"draw": {
			"loop": "hold_on_last_frame",
			"animation_length": 0.85,
			"bones": {
				"root": {
					"rotation": {
						"0.0": [22.5, -22.5, 32.5],
						"0.05": [20.06, -18.7, 31.22],
						"0.1": [16.81, -14.77, 27.74],
						"0.15": [13.95, -14.79, 18.79],
						"0.2": [10.39, -13.75, 10.06],
						"0.25": [4.22, -5.52, 8.04],
						"0.3": [-0.89, 2.46, 7.09],
						"0.35": [-1.11, 3.39, 4.02],
						"0.4": [0.15, 2.42, 0.27],
						"0.45": [1.11, 1.43, -2],
						"0.5": [0.39, 0.29, 2.28],
						"0.55": [0.04, 0.2, -1.89],
						"0.6": [0.01, 0.16, -0.83],
						"0.65": [0.03, 0.12, 0.67],
						"0.7": [0.02, 0.09, 0.71],
						"0.75": [0.01, 0.05, 0.5],
						"0.8": [0.01, 0.02, 0.2],
						"0.85": [0, 0, 0]
					},
					"position": {
						"0.0": [-5, -14, 0],
						"0.05": [-4.77, -12.25, -0.1],
						"0.1": [-4.41, -9.74, -0.25],
						"0.15": [-3.79, -7.23, -0.38],
						"0.2": [-2.68, -4.71, -0.51],
						"0.25": [-1.31, -2.18, -0.63],
						"0.3": [-0.3, -0.4, -0.6],
						"0.35": [0.01, 0.1, -0.37],
						"0.4": [0.07, 0.06, -0.01],
						"0.45": [0.03, -0.18, 0.33],
						"0.5": [0.01, -0.3, 0.5],
						"0.55": [0.02, -0.18, 0.14],
						"0.6": [-0.01, -0.07, -0.32],
						"0.65": [-0.01, -0.03, -0.29],
						"0.7": [0, -0.01, -0.13],
						"0.75": [0, 0, 0]
					}
				},
				"camera": {
					"rotation": {
						"0.0": [0, 0, 0],
						"0.05": [0.24, -0.01, 0.01],
						"0.1": [0.55, -0.05, 0.1],
						"0.15": [0.88, -0.18, 0.43],
						"0.2": [1.1, -0.3, 0.7],
						"0.25": [1.08, -0.3, 0.66],
						"0.3": [0.98, -0.28, 0.53],
						"0.35": [0.85, -0.24, 0.39],
						"0.4": [0.7, -0.2, 0.3],
						"0.45": [0.26, -0.1, 0.37],
						"0.5": [-0.1, 0, 0.4],
						"0.55": [0.2, 0.1, -0.3],
						"0.6": [0.12, 0.06, -0.14],
						"0.65": [0, 0, 0.1],
						"0.7": [-0.01, -0.01, 0.07],
						"0.75": [0, 0, 0]
					}
				},
				"lefthand": {
					"rotation": {
						"0.0": [57.22, -380.04, -110.23],
						"0.05": [60.82, -381.84, -112.57],
						"0.1": [66.06, -384.48, -115.98],
						"0.15": [72.13, -387.54, -119.93],
						"0.2": [78.26, -390.56, -123.88],
						"0.25": [83.64, -393.11, -127.29],
						"0.3": [87.48, -394.73, -129.62],
						"0.35": [91.14, -394.56, -130.82],
						"0.4": [90.96, -392.23, -129.6],
						"0.45": [91.07, -391.3, -129.59],
						"0.5": [90.73, -390.38, -129.58],
						"0.55": [90.45, -389.73, -129.57]
					},
					"position": {
						"0.0": [7.4, -13.2, -8.5],
						"0.05": [7.4, -12.95, -8.5],
						"0.1": [7.4, -12.7, -8.5],
						"0.15": [7.4, -12.45, -8.5],
						"0.2": [7.4, -12.2, -8.5],
						"0.25": [7.4, -11.95, -8.5],
						"0.3": [7.4, -11.7, -8.5]
					},
					"scale": [1, 1.5, 1]
				},
				"righthand": {
					"rotation": {
						"0.25": [100.72722, -2.77836, -170.38597],
						"0.4": [100.03742, 4.92385, -179.12962],
						"0.45": [100.03742, 4.92385, -179.12962]
					},
					"position": {
						"0.15": [-10.07, -17.7, 6.73],
						"0.25": [-8.5, -14.2, 6.4],
						"0.4": [-6.6, -14.2, 6.7],
						"0.45": [-6.8, -14.2, 7.4]
					},
					"scale": [1, 1.5, 1]
				}
			},
			"sound_effects": {
				"0.1": {
					"effect": "nmw3:longbow/longbow_enter"
				}
			}
		},
		"put_away": {
			"loop": "hold_on_last_frame",
			"animation_length": 0.4667,
			"bones": {
				"root": {
					"rotation": {
						"0.0": [0, 0, 0],
						"0.0333": [-0.47, -1.28, -1.35],
						"0.0667": [-0.64, -3.66, -2.19],
						"0.1": [-0.13, -6.1, -1.43],
						"0.1333": [0.72, -9.1, 0.04],
						"0.1667": [1.8, -12.38, 1.96],
						"0.2": [2.75, -14.8, 3.7],
						"0.2333": [3.83, -17.28, 5.74],
						"0.2667": [5.02, -20.11, 7.96],
						"0.3": [6.24, -23.59, 10.25],
						"0.4667": [12.74, -48.81, 22.19]
					},
					"position": {
						"0.0": [0, 0, 0],
						"0.0333": [-0.21, -0.18, 0.14],
						"0.0667": [-0.45, -0.49, 0.28],
						"0.1": [-0.56, -0.77, 0.33],
						"0.1333": [-0.64, -1.11, 0.35],
						"0.1667": [-0.67, -1.47, 0.34],
						"0.2": [-0.67, -1.72, 0.3],
						"0.2333": [-0.65, -2.275, 0.23],
						"0.2667": [-0.58, -2.79, 0.15],
						"0.3": [-0.43, -3.58, 0.06],
						"0.4667": [1.49, -12.13, -0.36]
					}
				},
				"camera": {
					"rotation": {
						"0.0": [0, 0, 0],
						"0.0333": [0.05, 0, -0.04],
						"0.0667": [0.13, 0, -0.09],
						"0.1": [0.22, 0, -0.13],
						"0.1333": [0.3, 0, -0.12],
						"0.1667": [0.43, 0, 0],
						"0.2": [0.56, 0, 0.18],
						"0.2333": [0.64, 0, 0.3],
						"0.2667": [0.65, 0, 0.3],
						"0.3": [0.62, 0, 0.26],
						"0.3333": [0.57, 0, 0.2],
						"0.4667": [0, 0, 0]
					}
				},
				"lefthand": {
					"rotation": {
						"0.0": [90.45, -389.73, -129.57],
						"0.0333": [125.75, -383.9, -174.6],
						"0.0667": [135.6, -376.74, -192.58],
						"0.1": [144.23, -367.72, -211.05],
						"0.1333": [150.15, -361.22, -224.03]
					},
					"position": {
						"0.0": [7.4, -11.7, -8.5],
						"0.0333": [8.57, -10.83, -5.85],
						"0.0667": [8.73, -10.05, -4.84],
						"0.1": [8.79, -9.09, -3.82],
						"0.1333": [8.82, -8.4, -3.1]
					},
					"scale": [1, 1.5, 1]
				},
				"righthand": {
					"rotation": [100.03742, 4.92385, -179.12962],
					"position": [-6.8, -14.2, 7.4],
					"scale": [1, 1.5, 1]
				}
			},
			"sound_effects": {
				"0.0333": {
					"effect": "nmw3:longbow/longbow_exit"
				}
			}
		},
		"reload_tactical": {
			"loop": "hold_on_last_frame",
			"animation_length": 2.3,
			"bones": {
				"constraint": {
					"rotation": [0.2, 0.2, 0.4],
					"position": [0.1, 0.1, 0.1]
				},
				"root": {
					"rotation": {
						"0.0": {
							"post": [0, 0, 0],
							"lerp_mode": "catmullrom"
						},
						"0.1": {
							"post": [4.07, 0, -7.5],
							"lerp_mode": "catmullrom"
						},
						"0.3333": {
							"post": [-11, 0, -17.5],
							"lerp_mode": "catmullrom"
						},
						"0.4667": {
							"post": [-10, 0, -17.5],
							"lerp_mode": "catmullrom"
						},
						"0.5667": {
							"post": [-9.82, -0.82, -19.19],
							"lerp_mode": "catmullrom"
						},
						"0.7333": {
							"post": [-10, 0, -17.5],
							"lerp_mode": "catmullrom"
						},
						"0.8": {
							"post": [-14.58745, -1.66009, -21.07978],
							"lerp_mode": "catmullrom"
						},
						"0.8667": {
							"post": [-12.25915, -0.35361, -17.98746],
							"lerp_mode": "catmullrom"
						},
						"0.9333": {
							"post": [-11.81696, -0.40889, -17.82259],
							"lerp_mode": "catmullrom"
						},
						"1.0333": {
							"post": [-11.69285, -1.30105, -25.91215],
							"lerp_mode": "catmullrom"
						},
						"1.1333": {
							"post": [-12.36, -1.75, -39.48],
							"lerp_mode": "catmullrom"
						},
						"1.2667": {
							"post": [-11.98977, -2.23004, -38.49371],
							"lerp_mode": "catmullrom"
						},
						"1.3333": {
							"post": [-7.54377, -0.42303, -34.22771],
							"lerp_mode": "catmullrom"
						},
						"1.4": {
							"post": [-7.8232, -0.4255, -36.50104],
							"lerp_mode": "catmullrom"
						},
						"1.4667": {
							"post": [-9.35, -0.34, -37.6],
							"lerp_mode": "catmullrom"
						},
						"1.5667": {
							"post": [-11.0932, -0.4255, -36.50104],
							"lerp_mode": "catmullrom"
						},
						"1.7333": {
							"post": [-15.4, -2.11, -3.93],
							"lerp_mode": "catmullrom"
						},
						"1.8333": [-6.91, -1.79, 2],
						"1.9": [-0.5, -1.44, 5.92],
						"1.9333": [2.13, -0.73, 6.34],
						"2.0": [2, -0.14, 4],
						"2.0333": [1.65, 0.01, 0.75],
						"2.1": [1, 0, -2],
						"2.1667": [1, -0.02, 0],
						"2.2": [0.7, -0.01, 0.15],
						"2.2667": [0.3, -0.01, 0.07],
						"2.3": [0, 0, 0]
					},
					"position": {
						"0.0": {
							"post": [0, 0, 0],
							"lerp_mode": "catmullrom"
						},
						"0.0667": {
							"post": [0, 0.28, 0.155],
							"lerp_mode": "catmullrom"
						},
						"0.2667": {
							"post": [-1.345, 1.125, 0],
							"lerp_mode": "catmullrom"
						},
						"0.4": {
							"post": [-1.345, 0.835, -1.49],
							"lerp_mode": "catmullrom"
						},
						"0.6": {
							"post": [-1.345, 0.835, -1.49],
							"lerp_mode": "catmullrom"
						},
						"0.7": {
							"post": [-1.4, 0.85, -1.5],
							"lerp_mode": "catmullrom"
						},
						"0.8": {
							"post": [-1.3, 0.725, -1.5],
							"lerp_mode": "catmullrom"
						},
						"0.8667": {
							"post": [-1.015, 0.54, -1.55],
							"lerp_mode": "catmullrom"
						},
						"0.9667": {
							"post": [-1.425, 0.54, -1.55],
							"lerp_mode": "catmullrom"
						},
						"1.2667": {
							"post": [-1.41, 0.78, -1.58],
							"lerp_mode": "catmullrom"
						},
						"1.3333": {
							"post": [-1.435, 1.055, -1.28],
							"lerp_mode": "catmullrom"
						},
						"1.4667": {
							"post": [-1.395, 0.545, -1.405],
							"lerp_mode": "catmullrom"
						},
						"1.8": {
							"post": [-0.3, -1.09, 0.54],
							"lerp_mode": "catmullrom"
						},
						"1.9": {
							"post": [0, -0.5, -0.5],
							"lerp_mode": "catmullrom"
						},
						"1.9667": {
							"post": [0.06, -0.19, -0.2],
							"lerp_mode": "catmullrom"
						},
						"2.1": {
							"post": [0, -0.1, 0.5],
							"lerp_mode": "catmullrom"
						},
						"2.1667": {
							"post": [0, -0.07, 0.28],
							"lerp_mode": "catmullrom"
						},
						"2.2": {
							"post": [0, -0.09, -0.07],
							"lerp_mode": "catmullrom"
						},
						"2.2667": {
							"post": [0, -0.06, -0.19],
							"lerp_mode": "catmullrom"
						},
						"2.3": {
							"post": [0, -0.03, -0.1],
							"lerp_mode": "catmullrom"
						},
						"2.3333": {
							"post": [0, 0, 0],
							"lerp_mode": "catmullrom"
						}
					}
				},
				"mag_and_lefthand": {
					"rotation": {
						"0.0": [0, 0, 0],
						"0.3": [0, 0, 0],
						"0.5": [-20, 0, 0],
						"0.6333": [0, 0, 0],
						"0.7667": [0, 0, 0],
						"0.8333": {
							"pre": [-22.5, 0, 0],
							"post": [-22.5, 0, 0],
							"lerp_mode": "catmullrom"
						},
						"1.0667": {
							"post": [-12, 0, 0],
							"lerp_mode": "catmullrom"
						},
						"1.1667": [-17.5, 0, 0],
						"1.2333": [0, 0, 0]
					},
					"position": {
						"0.0": [0, 0, 0],
						"0.3": {
							"pre": [12, -25, 0],
							"post": [12, -25, 0],
							"lerp_mode": "catmullrom"
						},
						"0.5": {
							"post": [7.27, -12, 0],
							"lerp_mode": "catmullrom"
						},
						"0.7": [1.605, 2, 0],
						"0.7667": [1.605, 2, 0],
						"0.9": {
							"pre": [1.61, 0, 0],
							"post": [1.61, 0, 0],
							"lerp_mode": "catmullrom"
						},
						"1.0": {
							"post": [1.61, -2.29, 0],
							"lerp_mode": "catmullrom"
						},
						"1.1": [0, -0.865, -0.945],
						"1.2333": [0, 0, 0]
					},
					"scale": 1
				},
				"magrelease": {
					"rotation": {
						"0.7": [0, 0, 0],
						"0.7667": [-17.5, 0, 0],
						"0.8667": [0, 0, 0],
						"1.2333": [0, 0, 0],
						"1.3": [-17.5, 0, 0],
						"1.3667": [0, 0, 0]
					}
				},
				"camera": {
					"rotation": {
						"0.0": {
							"post": [0, 0, 0],
							"lerp_mode": "catmullrom"
						},
						"0.2667": {
							"post": [1, 0.05, -1.015],
							"lerp_mode": "catmullrom"
						},
						"0.3667": {
							"post": [0.685, 0.05, -0.76],
							"lerp_mode": "catmullrom"
						},
						"0.6667": {
							"post": [0.69, 0.05, -0.76],
							"lerp_mode": "catmullrom"
						},
						"0.7333": {
							"post": [1.15, 0.05, -1.205],
							"lerp_mode": "catmullrom"
						},
						"0.8": {
							"post": [0.575, 0.05, -0.695],
							"lerp_mode": "catmullrom"
						},
						"0.8667": {
							"post": [0.71, 0.05, -0.88],
							"lerp_mode": "catmullrom"
						},
						"1.0333": {
							"post": [0.71, 0.05, -0.88],
							"lerp_mode": "catmullrom"
						},
						"1.2333": {
							"post": [0.71, 0.05, 0.41],
							"lerp_mode": "catmullrom"
						},
						"1.3333": {
							"post": [0.305, 0.05, 0.005],
							"lerp_mode": "catmullrom"
						},
						"1.4": {
							"post": [0.845, 0.05, 0.5],
							"lerp_mode": "catmullrom"
						},
						"1.4667": {
							"post": [0.69, 0.05, 0.335],
							"lerp_mode": "catmullrom"
						},
						"1.6667": {
							"post": [-0.36, 0.05, -0.4],
							"lerp_mode": "catmullrom"
						},
						"1.9333": {
							"post": [0.21, 0.05, -0.175],
							"lerp_mode": "catmullrom"
						},
						"2.1": {
							"post": [-0.29, 0.05, 0.4],
							"lerp_mode": "catmullrom"
						},
						"2.3333": {
							"post": [0, 0, 0],
							"lerp_mode": "catmullrom"
						}
					}
				},
				"additional_magazine": {
					"rotation": {
						"0.7667": [0, 0, 0],
						"0.8333": [-25, 0, 0],
						"1.0667": [-6.95, 0, 0],
						"1.1667": [-7, 0, 0],
						"1.3667": [0, 0, 0],
						"1.5333": [0, 0, 0],
						"1.7": [0, 0, -42.5]
					},
					"position": {
						"0.7667": [0, 0, 0],
						"0.9": [0, -2, 0],
						"1.0": [0, -4.63, 0],
						"1.1": [-2, -4, -0.99],
						"1.2333": [-2, -3, -1],
						"1.3667": [-2, -2, -1],
						"1.5333": [-2, -2, -1],
						"1.7": [1.87, -7.22, 4.525]
					},
					"scale": {
						"1.7": [1, 1, 1],
						"1.7333": [0, 0, 0]
					}
				},
				"mag_and_bullet": {
					"scale": {
						"0.0": [0, 0, 0],
						"0.3": {"pre": [0, 0, 0], "post": [1, 1, 1]}
					}
				},
				"lefthand": {
					"rotation": {
						"0.0": [90.4533, -389.73135, -129.57361],
						"0.1667": [105.49, -379.73, -167.22],
						"0.3": [117.5156, -371.73591, -197.33349],
						"1.5333": [117.52, -371.74, -197.33],
						"1.7": [119.69807, -358.37197, -221.51391],
						"1.8333": [119.69807, -358.37197, -221.51391],
						"2.0": [90.4533, -389.73135, -129.57361]
					},
					"position": {
						"0.0": [7.4, -11.7, -8.5],
						"0.1667": [7.05, -8.92, 9.06],
						"0.3": [6.765, -15.7, 1.5],
						"1.5333": [6.76, -15.7, 1.5],
						"1.7": [11.76, -20.7, 6.5],
						"1.8333": [11.76, -20.7, 6.5],
						"2.0": [7.4, -11.7, -8.5]
					},
					"scale": [1, 1.5, 1]
				},
				"righthand": {
					"rotation": [100.03742, 4.92385, -179.12962],
					"position": [-6.8, -14.2, 7.4],
					"scale": [1, 1.5, 1]
				}
			},
			"sound_effects": {
				"0.0": {
					"effect": "nmw3:longbow/longbow_reload_fast_up_01"
				},
				"0.5667": {
					"effect": "nmw3:longbow/longbow_reload_mvt"
				},
				"0.6333": {
					"effect": "nmw3:longbow/longbow_reload_magout"
				},
				"1.0667": {
					"effect": "nmw3:longbow/longbow_reload_magin"
				},
				"1.6333": {
					"effect": "nmw3:longbow/longbow_reload_fast_down_01"
				}
			}
		},
		"reload_empty": {
			"loop": "hold_on_last_frame",
			"animation_length": 3.1,
			"bones": {
				"root": {
					"rotation": {
						"0.0": [0, 0, 0],
						"0.05": [0.75, -0.03, 1.5],
						"0.1": [1.84, -0.09, 4.4],
						"0.15": [3, -0.1, 6],
						"0.2": [3.91, 0.22, 2.44],
						"0.25": [4.31, 0.23, -2.99],
						"0.3": [3.62, -1.01, -8.74],
						"0.35": [2.57, -2.4, -13.49],
						"0.4": [1.01, -3.3, -14.48],
						"0.45": [-0.97, -3.49, -16.47],
						"0.5": [-4.35, -3.49, -16.47],
						"0.55": [-7.55, -3.72, -18.46],
						"0.6": [-18.42, -3.41, -15.98],
						"0.65": [-20, -4.56, -21.35],
						"0.7": [-16.42, -3.73, -18.3],
						"0.75": [-13.44, -4.47, -22.39],
						"0.8": [-12.71, -4.33, -21.66],
						"0.85": [-12.21, -4.17, -21.09],
						"0.9": [-11.52, -4.39, -23.57],
						"0.95": [-11.07, -4.69, -26.42],
						"1.0": [-11.33, -4.9, -27.56],
						"1.05": [-11.75, -5.05, -28.06],
						"1.1": [-11.88, -5.13, -28.31],
						"1.15": [-11.98, -5.14, -28.25],
						"1.2": [-12.45, -4.95, -27.38],
						"1.25": [-14.49, -3.97, -25.54],
						"1.3": [-8.79, -3.45, -28.47],
						"1.35": [-10.44, -4.75, -28.43],
						"1.4": [-9.52, -4.79, -29.98],
						"1.45": [-9.18, -3.48, -24.91],
						"1.5": [-6.92, -1.21, -23.66],
						"1.55": [-4.58, 1.07, -21.26],
						"1.6": [-3.62, 2.02, -14.6],
						"1.65": [-3.58, 2.49, -7.02],
						"1.8": [-22.35, -2.09, 40.28],
						"1.85": [-27.034, 1.82395, 43.8473],
						"1.9": [-30.07182, 3.88418, 45.58601],
						"1.95": [-31.23875, 5.59133, 45.21627],
						"2.0": [-31.69258, 5.15853, 45.3367],
						"2.05": [-32.28795, 5.17395, 45.36887],
						"2.1": [-35.68967, 8.20022, 45.62565],
						"2.15": [-36.11832, 6.95045, 42.79386],
						"2.2": [-35.89078, 7.78786, 44.66707],
						"2.25": [-37.85559, 4.93879, 41.0945],
						"2.3": [-33.93221, 7.88114, 44.43728],
						"2.35": [-34.04413, 4.53114, 42.82768],
						"2.4": [-32.6637, 2.82084, 45.0431],
						"2.6": [-16.2, 0.23, 17.18],
						"2.65": [-4.3, 0.97, 2.83],
						"2.7": [-0.79, 0.72, -1.1],
						"2.75": [-0.02, 0.26, -1.01],
						"2.8": [1.39, 0.23, 0.9],
						"2.85": [2.01, 0.28, 2.75],
						"2.9": [1.12, 0.28, 0.76],
						"2.95": [-0.01, 0.24, -1.5],
						"3.0": [-0.13, 0.11, -1.02],
						"3.05": [0, 0, 0]
					},
					"position": {
						"0.0": [0, 0, 0],
						"0.05": [-0.09, 0.61, 0.13],
						"0.1": [-0.2, 0.2, 0.4],
						"0.15": [-0.27, 0.04, 0.97],
						"0.2": [-0.38, 0.08, 0.58],
						"0.25": [-0.61, 0.49, 1.02],
						"0.3": [-0.87, 0.9, 1.33],
						"0.35": [-1.15, 0.88, 1.47],
						"0.4": [-1.37, 0.8, 1.48],
						"0.45": [-1.44, 0.94, 0.3],
						"0.5": [-1.5, 1.08, 0.13],
						"0.55": [-1.5, 1.14, -0.27],
						"0.6": [-1.5, 1.2, 0.33],
						"0.65": [-1.5, 0.98, -0.88],
						"0.7": [-1.5, 0.7, -0.98],
						"0.75": [-1.49, 0.56, -0.98],
						"0.8": [-1.47, 0.44, -0.93],
						"0.85": [-1.45, 0.39, -0.87],
						"0.9": [-1.42, 0.51, -0.77],
						"0.95": [-1.4, 0.7, -0.65],
						"1.0": [-1.4, 0.81, -0.52],
						"1.05": [-1.4, 0.9, -0.4],
						"1.1": [-1.4, 0.95, -0.35],
						"1.15": [-1.39, 1, -0.32],
						"1.2": [-1.4, 1, -0.3],
						"1.25": [-1.46, 0.88, -0.29],
						"1.3": [-1.5, 0.75, -0.3],
						"1.35": [-1.45, 0.7, -0.35],
						"1.4": [-1.4, 0.7, -0.4],
						"1.45": [-1.47, 0.75, -0.41],
						"1.5": [-1.5, 0.8, -0.4],
						"1.55": [-1.4, 0.91, -0.41],
						"1.6": [-1.09, 0.78, -0.4],
						"1.65": [-0.36, -0.06, -0.41],
						"1.8": [3.4, 0, -1.3],
						"1.85": [3.56, 0.07, -1.3],
						"1.9": [3.72, 0.13, -1.3],
						"1.95": [3.88, 0.2, -1.3],
						"2.0": [3.64, 0.15, -1.3],
						"2.05": [3.4, 0.1, -1.3],
						"2.1": [3.1, -0.1, -1.3],
						"2.15": [3, -0.3, -1.3],
						"2.2": [3.05, -0.1, -1.3],
						"2.25": [3.1, 0.1, -1.3],
						"2.3": [3.6, 0.64, -1.4],
						"2.35": [3.6, 0.03, -1.3],
						"2.4": [3.7, -0.3, -1.3],
						"2.6": [0.8, -4.08, 2.07],
						"2.65": [0.33, -3.49, -1.12],
						"2.7": [0.04, -2.24, -1.55],
						"2.75": [-0.2, -1, -1.4],
						"2.8": [-0.23, -0.62, -0.73],
						"2.85": [-0.19, -0.52, 0.08],
						"2.9": [-0.1, -0.25, 0.88],
						"2.95": [-0.04, -0.11, 0.49],
						"3.0": [0, 0, 0],
						"3.05": [0.01, 0.02, -0.06],
						"3.1": [0, 0, 0]
					}
				},
				"magrelease": {
					"rotation": {
						"0.4": [0, 0, 0],
						"0.45": [-20, 0, 0],
						"0.55": [-29, 0, 0],
						"0.65": [-21, 0, 0],
						"0.75": [0, 0, 0],
						"1.2": [0, 0, 0],
						"1.25": [-20, 0, 0],
						"1.35": [0, 0, 0]
					}
				},
				"constraint": {
					"rotation": {
						"0.0": [0, 0, 0],
						"2.9": [0, 0, 0],
						"3.05": [0.2, 0.2, 0.4]
					},
					"position": {
						"0.0": [0.02, 0.02, 0.02],
						"2.9": [0.02, 0.02, 0.02],
						"3.05": [0.1, 0.1, 0.1]
					}
				},
				"bolt": {
					"rotation": {
						"1.95": [0, 0, 0],
						"2.0": [0, 0, 50],
						"2.35": [0, 0, 50],
						"2.4": [0, 0, 0]
					},
					"position": {
						"2.0": [0, 0, 0],
						"2.05": [0, 0, 3],
						"2.3": [0, 0, 3],
						"2.35": [0, 0, 0]
					}
				},
				"camera": {
					"rotation": {
						"0.0": [0, 0, 0],
						"0.05": [0.14, 0.06, -0.05],
						"0.1": [0.35, 0.13, -0.12],
						"0.15": [0.57, 0.22, -0.2],
						"0.2": [0.75, 0.3, -0.28],
						"0.25": [0.89, 0.37, -0.36],
						"0.3": [1.01, 0.44, -0.45],
						"0.35": [1.1, 0.51, -0.53],
						"0.4": [1.16, 0.55, -0.6],
						"0.45": [1.12, 0.6, -0.73],
						"0.5": [0.96, 0.55, -0.75],
						"0.55": [0.28, 0.08, -0.12],
						"0.6": [0.17, -0.06, -0.58],
						"0.65": [0.19, -0.12, -1.07],
						"0.7": [0.42, -0.13, -0.94],
						"0.75": [0.68, -0.1, -0.7],
						"0.8": [0.74, -0.07, -0.7],
						"0.85": [0.74, 0, -0.75],
						"0.9": [0.72, 0.08, -0.76],
						"0.95": [0.69, 0.18, -0.77],
						"1.0": [0.62, 0.27, -0.77],
						"1.05": [0.48, 0.33, -0.78],
						"1.1": [0.31, 0.38, -0.77],
						"1.15": [0.19, 0.42, -0.72],
						"1.2": [0.19, 0.5, -0.25],
						"1.25": [0.74, 0.5, -1.23],
						"1.3": [0.58, 0.5, -1.04],
						"1.35": [0.42, 0.5, -0.75],
						"1.4": [0.53, 0.5, -0.74],
						"1.45": [0.73, 0.5, -0.79],
						"1.5": [0.91, 0.5, -0.81],
						"1.55": [1.12, 0.51, -0.79],
						"1.6": [1.25, 0.5, -0.67],
						"1.65": [1.21, 0.48, -0.49],
						"1.7": [1.1, 0.43, -0.25],
						"1.75": [1, 0.34, -0.02],
						"1.8": [0.91, 0.15, 0.15],
						"1.85": [0.81, -0.09, 0.31],
						"1.9": [0.75, -0.28, 0.43],
						"1.95": [0.76, -0.36, 0.5],
						"2.0": [0.79, -0.39, 0.53],
						"2.05": [0.79, -0.4, 0.5],
						"2.1": [0.48, -0.3, 0],
						"2.15": [0.63, -0.29, 0.17],
						"2.2": [0.83, -0.3, 0.5],
						"2.25": [0.9, -0.4, 1.25],
						"2.3": [1.46, -0.4, -0.15],
						"2.35": [1.34, -0.4, 0.16],
						"2.4": [1.15, -0.4, 0.63],
						"2.45": [1.26, -0.42, 0.61],
						"2.5": [1.23, -0.4, 0.43],
						"2.55": [1.02, -0.34, 0.32],
						"2.6": [0.69, -0.25, 0.17],
						"2.65": [0.33, -0.15, 0.02],
						"2.7": [0.01, -0.06, -0.1],
						"2.75": [-0.2, 0, -0.15],
						"2.8": [-0.04, 0, 0.42],
						"2.85": [0.13, 0, -0.07],
						"2.9": [0.07, 0, -0.03],
						"2.95": [0, 0, 0.07],
						"3.0": [-0.01, 0, 0.04],
						"3.05": [0, 0, 0]
					}
				},
				"mag_and_bullet": {
					"rotation": {
						"0.25": [0, 0, 0],
						"0.3": [-4.89, -1.3, -64.92],
						"0.35": [-0.76, -4.11, -63.26],
						"0.4": [3.36, -6.92, -61.61],
						"0.45": [0.36, -6.92, -61.61],
						"0.5": [-4.27, -7.15, -64.62],
						"0.55": [7.73, -7.15, -64.62],
						"0.6": [26.6, -10.81, -57.42],
						"0.65": [10.76, -14.72, -49.1],
						"0.7": [29.48, -6.86, -47.6],
						"0.75": [23.02, -7.57, -43.16],
						"0.8": [7.01, -10.47, -34.68],
						"0.85": [-8.79, -13.1, -26.27],
						"0.9": [-13.55, -11.75, -22.43],
						"0.95": [-17.36, -11.05, -19.66],
						"1.0": [-20.69, -9.71, -16.67],
						"1.05": [-21.59, -3.28, -11.08],
						"1.1": [-26, 0, -4.41],
						"1.15": [-32, 0, -1.76],
						"1.2": [-31, 0, 0],
						"1.25": [0, 0, 0]
					},
					"position": {
						"0.25": [0, -16, 15],
						"0.3": [3, -15, 5],
						"0.35": [1.5, -8.6, 4.15],
						"0.4": [0, -2.2, 3.3],
						"0.45": [0, -2.2, 3.2],
						"0.5": [0, -2.2, 3],
						"0.55": [0, -2.6, 2.5],
						"0.6": [0, -2.6, 1],
						"0.65": [0, -2.6, -1.5],
						"0.7": [0, -3.2, -3],
						"0.75": [0.18, -3.24, -2.78],
						"0.8": [0.57, -3.27, -2.1],
						"0.85": [0.9, -3.2, -1.4],
						"0.9": [0.66, -2.44, -1.08],
						"0.95": [0.46, -1.82, -0.82],
						"1.0": [0.3, -1.3, -0.6],
						"1.05": [0.4, -1.3, -0.6],
						"1.1": [0.1, -1, -0.5],
						"1.15": [0.1, -1, -0.6],
						"1.2": [0.1, -1, -0.6],
						"1.25": [0, 0, 0]
					},
					"scale": {
						"0.25": [0, 0, 0],
						"0.3": [1, 1, 1]
					}
				},
				"bullet_shell": {
					"rotation": {
						"2.0": [0, 0, 0],
						"2.4": [0, 480, 0]
					},
					"position": {
						"1.9": [0, 0, 0],
						"2.0": [0, 0, 3],
						"2.05": [-4.05, -2.31, 3.01],
						"2.1": [-8.09557, -5.6189, 3.02685],
						"2.15": [-10.77, -9.88, 3.11],
						"2.2": [-13.4357, -17.13341, 5.18538],
						"2.25": [-17.99, -22.3, 7.23],
						"2.3": [-18.54144, -30.47007, 7.26563],
						"2.35": [-25.74, -36.8, 8.22],
						"2.4": [-32.92919, -49.13909, 9.16998]
					},
					"scale": {
						"2.0": [1, 1, 1],
						"2.45": {
							"pre": [1, 1, 1],
							"post": [0, 0, 0]
						}
					}
				},
				"additional_magazine": {
					"rotation": {
						"0.45": [0, 0, 0],
						"0.5": [-2.5, 0, 0],
						"0.55": [-40.35, 1.36, -7.69],
						"0.6": [-80.94, -5.24, -22.93],
						"0.65": [-101.58, 0.87, -57.44],
						"0.7": [-107.08, -6.14, -87.98],
						"0.75": [-114.66, -17.18, -123.29],
						"0.8": [-140.94, -29.32, -134.9],
						"0.85": [-205.79, -43.83, -100.88],
						"0.9": [-289.34, -59.46, -43.16],
						"0.95": [-348.58, -69.44, 0.93],
						"1.0": [-377.08, -70.32, 16.86],
						"1.05": [-337.45, -58.83, 14.05],
						"1.1": [-168.72, -29.41, 7.03],
						"1.15": [0, 0, 0]
					},
					"position": {
						"0.45": [0, 0, 0],
						"0.5": [0, 0, 0],
						"0.55": [0, -2.2, -1.2],
						"0.6": [2.7, -4.5, -4],
						"0.65": [5.1, -6.3, -8.1],
						"0.7": [6.27, -7.39, -11.04],
						"0.75": [7.3, -9.5, -14.1],
						"0.8": [8.27, -14.14, -16.8],
						"0.85": [8.6, -19.4, -19.1],
						"0.9": [7.47, -23.14, -20.77],
						"0.95": [5.62, -27.59, -21.88],
						"1.0": [3.8, -35.32, -23.75],
						"1.05": [1.13, -43.16, -22.42],
						"1.1": [-8.61, -52.18, 0.38],
						"1.15": [-2.3, -32.2, 15.6]
					},
					"scale": {
						"0.0": [1, 1, 1],
						"1.15": {
							"pre": [1, 1, 1],
							"post": [0, 0, 0]
						}
					}
				},
				"lefthand": {
					"rotation": {
						"0.0": [90.45, -389.73, -129.57],
						"0.05": [125.98, -389.22, -188.25],
						"0.1": [161.51, -388.72, -246.92],
						"0.15": [150.11, -372.38, -255.56],
						"0.2": [138.72, -356.04, -264.19],
						"0.25": [124.38, -351.07, -261.19],
						"0.3": [110.03, -346.1, -258.19],
						"0.35": [110.03, -346.1, -258.19],
						"0.4": [110.03, -346.1, -258.19],
						"0.45": [114.03, -346.1, -258.19],
						"0.5": [122.03, -346.1, -258.19],
						"0.55": [112.3, -348.32, -252.47],
						"0.6": [100.99, -352.95, -254.38],
						"0.65": [101.08, -350.01, -253.8],
						"0.7": [92.64, -350.3, -244.67],
						"0.75": [95.09, -347.99, -243.28],
						"0.8": [100.21, -343.66, -242.82],
						"0.85": [107.62, -338.83, -241.01],
						"0.9": [128.34, -332.42, -228.75],
						"0.95": [132.35, -336.96, -221.05],
						"1.0": [134.31, -342.92, -214.26],
						"1.05": [138.57, -347.98, -209.26],
						"1.1": [142.65, -347.59, -196.19],
						"1.15": [149.65, -347.59, -196.19],
						"1.2": [153.65, -347.59, -196.19],
						"1.25": [111.04, -357.56, -200.87],
						"1.3": [115.94, -356.64, -202.78],
						"1.35": [115.1, -358.45, -199.21],
						"1.4": [115.1, -358.45, -199.21],
						"1.45": [109.5, -368.95, -179.08],
						"1.5": [103.9, -379.44, -158.95],
						"1.55": [98.29, -389.94, -138.82],
						"1.6": [98.29, -389.94, -138.82],
						"1.65": [95.4, -389.93, -137.59],
						"1.7": [91.13, -389.91, -135.78],
						"1.75": [86.42, -389.88, -133.78],
						"1.8": [82.15, -389.86, -131.97],
						"1.85": [79.26, -389.85, -130.74],
						"1.9": [78.56, -389.85, -130.46],
						"1.95": [78.03, -389.85, -130.28],
						"2.0": [77.66, -389.85, -130.18],
						"2.05": [77.43, -389.85, -130.15],
						"2.1": [77.34, -389.85, -130.18],
						"2.15": [77.37, -389.85, -130.25],
						"2.2": [77.5, -389.85, -130.35],
						"2.25": [77.72, -389.85, -130.46],
						"2.3": [78.02, -389.85, -130.57],
						"2.35": [78.39, -389.85, -130.66],
						"2.4": [78.8, -389.85, -130.72],
						"2.45": [79.26, -389.85, -130.74],
						"2.5": [82.6, -389.85, -130.7],
						"2.55": [87.2, -389.84, -130.64],
						"2.6": [90.53, -389.83, -130.5],
						"2.65": [91.2, -389.78, -130.02],
						"2.7": [90.45, -389.73, -129.57]
					},
					"position": {
						"0.0": [7.4, -11.7, -8.5],
						"0.05": [11.3, -15.16, -6.56],
						"0.1": [15.2, -18.63, -4.63],
						"0.15": [19.3, -24.16, -6.56],
						"0.2": [23.4, -29.7, -8.5],
						"0.25": [18.7, -29.3, -3.05],
						"0.3": [14, -28.9, 2.4],
						"0.35": [12.95, -22.26, 2.39],
						"0.4": [11.9, -15.62, 2.38],
						"0.45": [11.9, -15.62, 1.38],
						"0.5": [11.7, -15.62, 0.28],
						"0.55": [12, -16.22, 1.48],
						"0.6": [12.4, -17.52, 1.28],
						"0.65": [12.4, -17.82, -2.42],
						"0.7": [12, -19.22, -1.72],
						"0.75": [11.97, -19.4, -2.46],
						"0.8": [12.04, -19.59, -3.84],
						"0.85": [12, -19.62, -5.13],
						"0.9": [10.09, -17.44, -4.21],
						"0.95": [9.43, -16.77, -4.34],
						"1.0": [8.75, -16.27, -4.45],
						"1.05": [7.54, -16.41, -4.39],
						"1.1": [6.57, -15.99, -4.78],
						"1.15": [6.35, -15.26, -5.56],
						"1.2": [6.35, -15.26, -5.56],
						"1.25": [7.08, -17.81, -1.9],
						"1.3": [7.08, -17.64, -2.41],
						"1.35": [7.08, -17.48, -1.92],
						"1.4": [7.08, -17.32, -1.42],
						"1.45": [6.89, -16.25, -2.92],
						"1.5": [6.7, -15.19, -4.42],
						"1.55": [7.1, -13.29, -5.65],
						"1.6": [7.3, -11.62, -5.12],
						"1.65": [7.36, -11.66, -5.59],
						"1.7": [7.43, -11.87, -6.32],
						"1.75": [7.5, -12.15, -7.14],
						"1.8": [7.56, -12.42, -7.89],
						"1.85": [7.6, -12.6, -8.4],
						"1.9": [7.61, -12.64, -8.51],
						"1.95": [7.62, -12.67, -8.59],
						"2.0": [7.63, -12.69, -8.63],
						"2.05": [7.63, -12.71, -8.64],
						"2.1": [7.63, -12.72, -8.63],
						"2.15": [7.63, -12.72, -8.6],
						"2.2": [7.63, -12.71, -8.56],
						"2.25": [7.63, -12.7, -8.51],
						"2.3": [7.62, -12.69, -8.47],
						"2.35": [7.62, -12.66, -8.43],
						"2.4": [7.61, -12.63, -8.41],
						"2.45": [7.6, -12.6, -8.4],
						"2.5": [7.57, -12.46, -8.42],
						"2.55": [7.52, -12.26, -8.44],
						"2.6": [7.48, -12.04, -8.46],
						"2.65": [7.43, -11.84, -8.48],
						"2.7": [7.4, -11.7, -8.5]
					},
					"scale": [1, 1.5, 1]
				},
				"righthand": {
					"rotation": {
						"0.0": [100.03742, 4.92385, -179.12962],
						"0.2": [91.04, 4.92, -179.13],
						"1.7": [91.04, 4.92, -179.13],
						"1.75": [100.06, 9.92, -179.04],
						"1.8": [109.07, 14.92, -178.94],
						"1.85": [116.06, 25.43, -201.52],
						"1.9": [123.04, 35.95, -224.1],
						"1.95": [100.92, 38.04, -250.3],
						"2.0": [78.8, 40.14, -276.5],
						"2.05": [80.8, 40.14, -276.5],
						"2.1": {
							"pre": [69.8, 40.14, -276.5],
							"post": [69.8, 40.14, -276.5],
							"lerp_mode": "catmullrom"
						},
						"2.15": {
							"post": [101.14, 23.7, -239.7],
							"lerp_mode": "catmullrom"
						},
						"2.3": {
							"post": [104.76434, -40.14953, -95.81784],
							"lerp_mode": "catmullrom"
						},
						"2.35": [104.23, -34.53, -99.95],
						"2.4": [104.23, -34.53, -99.95],
						"2.45": [104.23, -34.53, -99.95],
						"2.5": [104.23, -34.53, -99.95],
						"2.55": [110.815, -20.87, -135.275],
						"2.6": [105.1, -7.95, -177.14],
						"2.65": [102.57, -1.51, -178.13],
						"2.7": [100.04, 4.92, -179.13]
					},
					"position": {
						"0.0": [-6.8, -14.2, 7.4],
						"0.2": [-6.8, -14.2, 8.5],
						"1.7": [-6.8, -14.2, 8.5],
						"1.75": [-8.05, -14.2, 8.5],
						"1.8": [-9.3, -14.2, 8.5],
						"1.85": [-9.3, -14.2, 4.2],
						"1.9": [-9.3, -14.2, 4.9],
						"1.95": [-9.05, -12.75, 4.15],
						"2.0": [-8.8, -9.3, 4.4],
						"2.05": [-9.8, -9.3, 9.5],
						"2.3": [-9.8, -9.3, 9.5],
						"2.35": [-9.8, -9.285, 5.23],
						"2.4": [-9.4, -14.32, 5.185],
						"2.65": [-7.41, -14.2, 8.62],
						"2.7": [-6.8, -14.2, 7.4]
					},
					"scale": [1, 1.5, 1]
				}
			},
			"sound_effects": {
				"0.0": {
					"effect": "nmw3:longbow/longbow_reload_empty_up_01"
				},
				"0.25": {
					"effect": "nmw3:longbow/longbow_reload_fast_maghit"
				},
				"0.45": {
					"effect": "nmw3:longbow/longbow_reload_empty_magout"
				},
				"0.95": {
					"effect": "nmw3:longbow/longbow_reload_empty_magin"
				},
				"1.0": {
					"effect": "nmw3:longbow/longbow_reload_empty_magbump"
				},
				"1.45": {
					"effect": "nmw3:longbow/longbow_reload_mvt"
				},
				"1.9": {
					"effect": "nmw3:longbow/longbow_reload_boltcharge_back_fast"
				},
				"1.95": {
					"effect": "nmw3:longbow/longbow_reload_boltgrab"
				},
				"2.25": {
					"effect": "nmw3:longbow/longbow_reload_boltcharge_forward_fast"
				},
				"2.4": {
					"effect": "nmw3:longbow/longbow_eject"
				},
				"2.55": {
					"effect": "nmw3:longbow/longbow_reload_empty_end_01"
				}
			}
		},
		"inspect": {
			"loop": "hold_on_last_frame",
			"animation_length": 7.2,
			"bones": {
				"constraint": {
					"rotation": [0.2, 0.2, 0.4],
					"position": [0.1, 0.1, 0.1]
				},
				"root": {
					"rotation": {
						"0.0": {
							"post": [0, 0, 0],
							"lerp_mode": "catmullrom"
						},
						"0.1": {
							"post": [1.685, -3.53, -6.4],
							"lerp_mode": "catmullrom"
						},
						"0.2": {
							"post": [-8.105, -6.88, -13.015],
							"lerp_mode": "catmullrom"
						},
						"0.3": {
							"post": [-19.33504, -11.36125, -18.46825],
							"lerp_mode": "catmullrom"
						},
						"0.3667": {
							"post": [-20.235, -11.18, -19.17],
							"lerp_mode": "catmullrom"
						},
						"0.4667": {
							"post": [-16.47805, -10.70023, -18.69523],
							"lerp_mode": "catmullrom"
						},
						"0.5667": {
							"post": [-14.55312, -12.83757, -25.04784],
							"lerp_mode": "catmullrom"
						},
						"0.6": {
							"post": [-12.72319, -13.94798, -28.53683],
							"lerp_mode": "catmullrom"
						},
						"0.6667": {
							"post": [-18.7589, -12.26037, -23.3517],
							"lerp_mode": "catmullrom"
						},
						"0.7667": {
							"post": [-18.42323, -13.38988, -26.55795],
							"lerp_mode": "catmullrom"
						},
						"0.8667": {
							"post": [-18.53403, -12.14782, -23.01023],
							"lerp_mode": "catmullrom"
						},
						"1.2333": {
							"post": [-19.95302, -11.6677, -21.60679],
							"lerp_mode": "catmullrom"
						},
						"1.5667": {
							"post": [-20.70731, -11.65363, -21.51656],
							"lerp_mode": "catmullrom"
						},
						"1.9333": {
							"post": [-16.78089, -10.50875, -20.77088],
							"lerp_mode": "catmullrom"
						},
						"2.1": {
							"post": [-16.39522, 2.36368, 18.07177],
							"lerp_mode": "catmullrom"
						},
						"2.2333": {
							"post": [-27.53159, 25.48139, 51.06994],
							"lerp_mode": "catmullrom"
						},
						"2.4": {
							"post": [-32.85105, 45.13006, 64.54397],
							"lerp_mode": "catmullrom"
						},
						"2.5667": {
							"post": [-30.1597, 44.68871, 67.01399],
							"lerp_mode": "catmullrom"
						},
						"2.8": {
							"post": [-31.91919, 43.30722, 65.4886],
							"lerp_mode": "catmullrom"
						},
						"3.0": {
							"post": [-32.85105, 41.53006, 64.54397],
							"lerp_mode": "catmullrom"
						},
						"3.1333": {
							"post": [-35.65588, 38.25313, 58.62216],
							"lerp_mode": "catmullrom"
						},
						"3.3": {
							"post": [-43.18649, 34.14971, 49.95519],
							"lerp_mode": "catmullrom"
						},
						"3.4333": {
							"post": [-46.93948, 34.18431, 47.54701],
							"lerp_mode": "catmullrom"
						},
						"3.7": {
							"post": [-48.56784, 36.4876, 46.70052],
							"lerp_mode": "catmullrom"
						},
						"3.8": {
							"post": [-45.41855, 41.78182, 50.55216],
							"lerp_mode": "catmullrom"
						},
						"3.9333": {
							"post": [-48.98, 40.11, 47.25],
							"lerp_mode": "catmullrom"
						},
						"4.0333": {
							"post": [-49.23489, 41.13121, 47.44389],
							"lerp_mode": "catmullrom"
						},
						"4.2": {
							"post": [-49.18711, 42.07983, 46.59303],
							"lerp_mode": "catmullrom"
						},
						"4.8333": {
							"post": [-50.29512, 42.88873, 42.11879],
							"lerp_mode": "catmullrom"
						},
						"4.9333": {
							"post": [-48.48914, 34.3985, 41.07692],
							"lerp_mode": "catmullrom"
						},
						"5.0333": {
							"post": [-43.26872, 29.49021, 38.73168],
							"lerp_mode": "catmullrom"
						},
						"5.2667": {
							"post": [-48.48914, 32.3985, 41.07692],
							"lerp_mode": "catmullrom"
						},
						"5.3667": {
							"post": [-43.26872, 27.49021, 38.73168],
							"lerp_mode": "catmullrom"
						},
						"5.4667": {
							"post": [-35.2055, 19.98685, 36.00341],
							"lerp_mode": "catmullrom"
						},
						"5.6": {
							"post": [-26.25268, -1.76537, 10.48099],
							"lerp_mode": "catmullrom"
						},
						"5.7333": {
							"post": [-22.06, -14.30818, -17.66847],
							"lerp_mode": "catmullrom"
						},
						"5.8667": {
							"post": [-20.10803, -14.90093, -24.36157],
							"lerp_mode": "catmullrom"
						},
						"6.0333": {
							"post": [-20.36562, -14.25062, -24.93336],
							"lerp_mode": "catmullrom"
						},
						"6.1667": {
							"post": [-20.74536, -12.32337, -24.02348],
							"lerp_mode": "catmullrom"
						},
						"6.2333": {
							"post": [-20.49437, -13.16317, -24.72873],
							"lerp_mode": "catmullrom"
						},
						"6.2667": {
							"post": [-15.83817, -14.81264, -34.84285],
							"lerp_mode": "catmullrom"
						},
						"6.3333": {
							"post": [-19.43505, -10.15957, -17.15869],
							"lerp_mode": "catmullrom"
						},
						"6.4333": {
							"post": [-16.2147, -10.95773, -20.90644],
							"lerp_mode": "catmullrom"
						},
						"6.5667": {
							"post": [-11.32508, -5.39898, -8.93252],
							"lerp_mode": "catmullrom"
						},
						"6.7333": {
							"post": [-2.55, -0.79, -0.27],
							"lerp_mode": "catmullrom"
						},
						"6.8667": {
							"post": [-0.6, -0.32, 0.26],
							"lerp_mode": "catmullrom"
						},
						"6.9": {
							"post": [0, -0.5, -0.775],
							"lerp_mode": "catmullrom"
						},
						"6.9667": {
							"post": [-0.00945, -0.1664, 1.77501],
							"lerp_mode": "catmullrom"
						},
						"7.0333": {
							"post": [0, 0, -1.25],
							"lerp_mode": "catmullrom"
						},
						"7.1": {
							"post": [0, 0, 0],
							"lerp_mode": "catmullrom"
						},
						"7.2": {
							"post": [0, 0, 0],
							"lerp_mode": "catmullrom"
						}
					},
					"position": {
						"0.0": {
							"post": [0, 0, 0],
							"lerp_mode": "catmullrom"
						},
						"0.1": {
							"post": [0.13, -1.025, -1.075],
							"lerp_mode": "catmullrom"
						},
						"0.2": {
							"post": [0.25, -1.15, -0.975],
							"lerp_mode": "catmullrom"
						},
						"0.3": {
							"post": [0.25, 0.325, -0.1],
							"lerp_mode": "catmullrom"
						},
						"0.4": {
							"post": [0.19, 0.54, -0.05],
							"lerp_mode": "catmullrom"
						},
						"0.5333": {
							"post": [0.175, 0.395, -0.1],
							"lerp_mode": "catmullrom"
						},
						"0.6": {
							"post": [0.505, -0.88, -0.1],
							"lerp_mode": "catmullrom"
						},
						"0.7333": {
							"post": [0.335, -0.905, -0.1],
							"lerp_mode": "catmullrom"
						},
						"0.9": {
							"post": [0.115, -0.665, -0.09],
							"lerp_mode": "catmullrom"
						},
						"1.1667": {
							"post": [-0.17, -0.715, -0.08],
							"lerp_mode": "catmullrom"
						},
						"1.5": {
							"post": [-0.2, -0.55, -0.01],
							"lerp_mode": "catmullrom"
						},
						"1.9667": {
							"post": [-0.24, -0.63, -0.4],
							"lerp_mode": "catmullrom"
						},
						"2.1667": {
							"post": [-0.365, -1.47, -1.94],
							"lerp_mode": "catmullrom"
						},
						"2.3667": {
							"post": [-0.695, 0.545, -1.975],
							"lerp_mode": "catmullrom"
						},
						"2.5333": {
							"post": [-0.69, 0.25, -1.13],
							"lerp_mode": "catmullrom"
						},
						"2.6667": {
							"post": [-0.69, 0.48, -1.13],
							"lerp_mode": "catmullrom"
						},
						"2.8333": {
							"post": [-0.69, 0.44, -1.13],
							"lerp_mode": "catmullrom"
						},
						"3.0": {
							"post": [-0.69, 0.275, -1.13],
							"lerp_mode": "catmullrom"
						},
						"3.1333": {
							"post": [-1, -0.305, -1.355],
							"lerp_mode": "catmullrom"
						},
						"3.3": {
							"post": [-1.315, -1.27, -0.755],
							"lerp_mode": "catmullrom"
						},
						"3.4333": {
							"post": [-1.415, -1.465, -0.745],
							"lerp_mode": "catmullrom"
						},
						"3.6": {
							"post": [-1.415, -1.465, -0.745],
							"lerp_mode": "catmullrom"
						},
						"3.7333": {
							"post": [-1.56, -2.28, -0.93],
							"lerp_mode": "catmullrom"
						},
						"4.0": {
							"post": [-1.645, -2.24, -0.97],
							"lerp_mode": "catmullrom"
						},
						"4.2": {
							"post": [-1.655, -2.025, -0.79],
							"lerp_mode": "catmullrom"
						},
						"4.2667": {
							"post": [-1.64, -2.04, -0.78],
							"lerp_mode": "catmullrom"
						},
						"4.5667": {
							"post": [-1.79, -2.155, -0.72],
							"lerp_mode": "catmullrom"
						},
						"4.7667": {
							"post": [-1.79, -1.285, -0.66],
							"lerp_mode": "catmullrom"
						},
						"4.8667": {
							"post": [-1.765, -1.185, -0.67],
							"lerp_mode": "catmullrom"
						},
						"4.9333": {
							"post": [-1.55, -0.975, -1.02],
							"lerp_mode": "catmullrom"
						},
						"5.0333": {
							"post": [-1.31, -1.345, -0.53],
							"lerp_mode": "catmullrom"
						},
						"5.1667": {
							"post": [-1.27, -1.35, -0.53],
							"lerp_mode": "catmullrom"
						},
						"5.3": {
							"post": [-1.2, -1.89, -0.64],
							"lerp_mode": "catmullrom"
						},
						"5.4": {
							"post": [-0.87, -2.12, -1.275],
							"lerp_mode": "catmullrom"
						},
						"5.5333": {
							"post": [-0.87, -2.12, -1.275],
							"lerp_mode": "catmullrom"
						},
						"5.8": {
							"post": [-0.665, -0.645, 0.04],
							"lerp_mode": "catmullrom"
						},
						"5.9667": {
							"post": [-0.095, -0.225, 0.05],
							"lerp_mode": "catmullrom"
						},
						"6.0333": {
							"post": [-0.0425, -0.1125, 0.05],
							"lerp_mode": "catmullrom"
						},
						"6.1333": {
							"post": [-0.03625, -0.04125, 0.05],
							"lerp_mode": "catmullrom"
						},
						"6.2333": {
							"post": [0.025, 0.06, 0.05],
							"lerp_mode": "catmullrom"
						},
						"6.3": {
							"post": [0.25, -1.025, 0.05],
							"lerp_mode": "catmullrom"
						},
						"6.4333": {
							"post": [0.15, -0.745, -0.04],
							"lerp_mode": "catmullrom"
						},
						"6.5667": {
							"post": [0.14, -1.815, 0.325],
							"lerp_mode": "catmullrom"
						},
						"6.8": {
							"post": [-0.11, -0.315, -0.685],
							"lerp_mode": "catmullrom"
						},
						"6.9667": {
							"post": [0, -0.3, 0.25],
							"lerp_mode": "catmullrom"
						},
						"7.0667": {
							"post": [0, 0, -0.1],
							"lerp_mode": "catmullrom"
						},
						"7.1667": {
							"post": [0, 0, 0.05],
							"lerp_mode": "catmullrom"
						},
						"7.2667": {
							"post": [0, 0, 0],
							"lerp_mode": "catmullrom"
						}
					}
				},
				"mag_and_lefthand": {
					"rotation": {
						"0.4333": {
							"pre": [0, 0, 0],
							"post": [0, 0, 0],
							"lerp_mode": "catmullrom"
						},
						"0.5": {
							"post": [-27, 0, 0],
							"lerp_mode": "catmullrom"
						},
						"0.5667": {
							"post": [-29.78, -2.96, -4.25],
							"lerp_mode": "catmullrom"
						},
						"0.6667": {
							"post": [-32.79558, -21.35651, -30.78829],
							"lerp_mode": "catmullrom"
						},
						"0.8": {
							"post": [-36.58149, -11.99113, -14.73318],
							"lerp_mode": "catmullrom"
						},
						"0.9667": {
							"post": [-28.33547, -5.8058, -5.7213],
							"lerp_mode": "catmullrom"
						},
						"1.1": [-27.03329, -5.69318, -5.93799],
						"1.4": [-27.06, -6.77, -5.84],
						"1.7667": [-27.37907, -5.75707, -2.34845],
						"1.9333": [-27.03329, -5.69318, -5.93799],
						"2.0333": [1.07814, -0.35648, -12.07068],
						"2.1333": [28.91025, 4.41364, 13.7931],
						"2.5": [28.91025, 4.41364, 13.7931],
						"5.4": [28.91025, 4.41364, 13.7931],
						"5.5667": [-0.26458, 8.70102, -46.38093],
						"5.9": [-25, 0, 0],
						"6.0": [-22, 0, 0],
						"6.1": [-23.415, 0, 0],
						"6.2": [-21.165, 0, 0],
						"6.2667": [0, 0, 0]
					},
					"position": {
						"0.4333": {
							"pre": [0, 0, 0],
							"post": [0, 0, 0],
							"lerp_mode": "catmullrom"
						},
						"0.5": {
							"post": [-0.19, -1.255, -2.285],
							"lerp_mode": "catmullrom"
						},
						"0.6": {
							"post": [0, -2, -3.175],
							"lerp_mode": "catmullrom"
						},
						"0.7": {
							"post": [2.43355, -7.06085, -5.34008],
							"lerp_mode": "catmullrom"
						},
						"0.9": {
							"post": [4.88187, -4.75458, -0.85469],
							"lerp_mode": "catmullrom"
						},
						"1.0333": {
							"post": [5.4778, -4.03004, 0.00331],
							"lerp_mode": "catmullrom"
						},
						"1.2": {
							"post": [5.54466, -3.84829, 0.07629],
							"lerp_mode": "catmullrom"
						},
						"1.5": {
							"post": [5.21596, -4.02085, 0.17246],
							"lerp_mode": "catmullrom"
						},
						"1.8667": {
							"post": [5.03569, -4.15038, 0.22115],
							"lerp_mode": "catmullrom"
						},
						"1.9333": [4.29266, -3.11871, 0.03464],
						"2.0333": [3.0953, -0.29915, 0.21733],
						"2.1333": [1.84, 3.69, -1.68],
						"2.5": [1.84, 3.69, -1.68],
						"5.4": [1.84, 3.69, -1.68],
						"5.5667": {
							"pre": [4.425, 2.76, -1.49],
							"post": [4.425, 2.76, -1.49],
							"lerp_mode": "catmullrom"
						},
						"5.7": {
							"post": [3.15151, -2.07426, -1.82701],
							"lerp_mode": "catmullrom"
						},
						"5.8": {
							"post": [0.48795, -2.83892, -2.26484],
							"lerp_mode": "catmullrom"
						},
						"5.9": [0, -2, -2.175],
						"6.0": [0, -1.8, -2],
						"6.1": [0, -1.43, -2.04],
						"6.2": [0, -1.25, -1.915],
						"6.2667": [0, 0, 0]
					}
				},
				"bolt": {
					"rotation": {
						"3.4": [0, 0, 0],
						"3.7": [0, 0, 40],
						"4.8": [0, 0, 40],
						"4.9333": [0, 0, 0]
					},
					"position": {
						"3.7": [0, 0, 0],
						"3.8": [0, 0, 2],
						"4.1333": [0, 0, 1.77],
						"4.4667": [0, 0, 1.77],
						"4.7": [0, 0, 2],
						"4.8": [0, 0, 0]
					}
				},
				"camera": {
					"rotation": {
						"0.0": {
							"post": [0, 0, 0],
							"lerp_mode": "catmullrom"
						},
						"0.2": {
							"post": [0.345, 0, 0],
							"lerp_mode": "catmullrom"
						},
						"0.3667": {
							"post": [1.425, 0, 0],
							"lerp_mode": "catmullrom"
						},
						"0.5333": {
							"post": [1.28, -0.17, -0.15],
							"lerp_mode": "catmullrom"
						},
						"0.6": {
							"post": [1.155, -0.55, -0.3],
							"lerp_mode": "catmullrom"
						},
						"0.6667": {
							"post": [4.31, -1.17, 1.27],
							"lerp_mode": "catmullrom"
						},
						"0.7667": {
							"post": [6.485, -2.37, -1.695],
							"lerp_mode": "catmullrom"
						},
						"0.9": {
							"post": [6.905, -3.95, -0.575],
							"lerp_mode": "catmullrom"
						},
						"1.0667": {
							"post": [5.58, -4.07, -1.55],
							"lerp_mode": "catmullrom"
						},
						"1.2667": {
							"post": [4.735, -4.05, -1.26],
							"lerp_mode": "catmullrom"
						},
						"1.6333": {
							"post": [6.115, -4.04, -1.2],
							"lerp_mode": "catmullrom"
						},
						"2.0333": {
							"post": [4.635, -3.65, -0.475],
							"lerp_mode": "catmullrom"
						},
						"2.4": {
							"post": [-0.22, -1.225, -0.3],
							"lerp_mode": "catmullrom"
						},
						"2.5333": {
							"post": [-1.975, -0.56, -0.47],
							"lerp_mode": "catmullrom"
						},
						"2.6667": {
							"post": [-1.435, -0.155, 0.155],
							"lerp_mode": "catmullrom"
						},
						"2.8667": {
							"post": [-2.075, 0.25, 0.9],
							"lerp_mode": "catmullrom"
						},
						"3.1": {
							"post": [-0.815, 0.325, 1.45],
							"lerp_mode": "catmullrom"
						},
						"3.4": {
							"post": [6.175, 0.325, 0.9],
							"lerp_mode": "catmullrom"
						},
						"3.6": {
							"post": [5.085, 0.33, 0.9],
							"lerp_mode": "catmullrom"
						},
						"3.8667": {
							"post": [8.18, 0.33, 0.9],
							"lerp_mode": "catmullrom"
						},
						"4.6": {
							"post": [8.18, 0.33, 0.9],
							"lerp_mode": "catmullrom"
						},
						"4.8": {
							"post": [3.165, 0.33, 0.9],
							"lerp_mode": "catmullrom"
						},
						"4.9": {
							"post": [3.95, 0.33, 0.9],
							"lerp_mode": "catmullrom"
						},
						"5.0333": {
							"post": [2.805, 0.33, 0.9],
							"lerp_mode": "catmullrom"
						},
						"5.1333": {
							"post": [3.25, 0.33, 0.9],
							"lerp_mode": "catmullrom"
						},
						"5.4667": {
							"post": [3.33, 0.22, 0.84],
							"lerp_mode": "catmullrom"
						},
						"5.7333": {
							"post": [3.37, 0.12, -3.21],
							"lerp_mode": "catmullrom"
						},
						"6.1": {
							"post": [3.425, -0.01, -3.275],
							"lerp_mode": "catmullrom"
						},
						"6.2": {
							"post": [3.56, -0.01, -3.19],
							"lerp_mode": "catmullrom"
						},
						"6.2667": {
							"post": [2.5, -0.01, -2.32],
							"lerp_mode": "catmullrom"
						},
						"6.3667": {
							"post": [3.59, -0.01, -3.72],
							"lerp_mode": "catmullrom"
						},
						"6.4667": {
							"post": [3.32, 0, -3.065],
							"lerp_mode": "catmullrom"
						},
						"6.6333": {
							"post": [-1.005, 0, -0.19],
							"lerp_mode": "catmullrom"
						},
						"6.9": {
							"post": [-0.525, 0, -0.125],
							"lerp_mode": "catmullrom"
						},
						"6.9667": {
							"post": [0.225, 0, 0.325],
							"lerp_mode": "catmullrom"
						},
						"7.0667": {
							"post": [-0.175, 0, -0.15],
							"lerp_mode": "catmullrom"
						},
						"7.1667": {
							"post": [0.1, 0, 0.05],
							"lerp_mode": "catmullrom"
						},
						"7.3": {
							"post": [0, 0, 0],
							"lerp_mode": "catmullrom"
						}
					}
				},
				"bullet_in_barrel": {
					"position": {
						"3.7": [0, 0.08, 0.025],
						"3.8": [0, 0.08, 2.025],
						"4.1333": [0, 0.08, 1.8425],
						"4.4667": [0, 0.08, 1.8425],
						"4.7": [0, 0.08, 2.025],
						"4.8": [0, 0.08, 0.025]
					}
				},
				"lefthand": {
					"rotation": {
						"0.0": [90.4533, -389.73135, -129.57361],
						"0.3": [113.14534, -397.33581, -164.72012],
						"0.4": [124.2487, -374.48971, -190.9453],
						"6.5": [124.2487, -374.48971, -190.9453],
						"6.7": [90.4533, -389.73135, -129.57361]
					},
					"position": {
						"0.0": [7.4, -11.7, -8.5],
						"0.2667": [7.94, -17.195, -1.435],
						"0.3667": [7.005, -17, 0.46],
						"6.5": [7.26, -17, 0.46],
						"6.7": [7.4, -11.7, -8.5]
					},
					"scale": [1, 1.5, 1]
				},
				"righthand": {
					"rotation": {
						"0.0": [100.03742, 4.92385, -179.12962],
						"3.2": [100.03742, 4.92385, -179.12962],
						"3.3667": [99.06076, -5.47299, -196.14145],
						"3.4333": [106.56, -5.47, -196.14],
						"3.5": [106.56, -5.47, -196.14],
						"3.6667": [103.77987, -10.75526, -176.64676],
						"3.8333": [123.79647, 11.10747, -171.31993],
						"4.6": [123.79647, 11.10747, -171.31993],
						"4.8333": [103.03254, 7.40742, -177.41488],
						"4.9333": [80.53, 7.41, -177.41],
						"5.0667": [80.53, 7.41, -177.41],
						"5.2": [100.03742, 4.92385, -179.12962]
					},
					"position": {
						"0.0": [-6.8, -14.2, 7.4],
						"3.2": [-6.8, -14.2, 7.4],
						"3.3667": [-8.805, -13.085, 4.945],
						"3.4667": [-8.8, -11.08, 4.95],
						"3.5333": [-8.8, -11.08, 4.95],
						"3.7": [-8.8, -10.13, 4.95],
						"3.8333": [-9.445, -10.13, 6.95],
						"4.1333": [-9.44, -10.13, 6.72],
						"4.4667": [-9.44, -10.13, 6.72],
						"4.7": [-9.445, -10.13, 6.95],
						"4.8": [-8.8, -10.13, 4.95],
						"4.9": [-9.8, -11.13, 5.95],
						"5.0333": [-8.8, -12.13, 4.95],
						"5.2": [-6.8, -14.2, 7.4]
					},
					"scale": [1, 1.5, 1]
				}
			},
			"sound_effects": {
				"0.0": {
					"effect": "nmw3:longbow/longbow_inspect_up_01"
				},
				"0.3667": {
					"effect": "nmw3:longbow/longbow_reload_magout"
				},
				"1.8667": {
					"effect": "nmw3:longbow/longbow_inspect_mvt"
				},
				"3.5667": {
					"effect": "nmw3:longbow/longbow_reload_boltcharge_back_fast"
				},
				"3.7667": {
					"effect": "nmw3:longbow/longbow_rechamber_mvmt"
				},
				"4.7667": {
					"effect": "nmw3:longbow/longbow_reload_boltcharge_forward_fast"
				},
				"5.2333": {
					"effect": "nmw3:longbow/longbow_reload_mvt"
				},
				"6.0667": {
					"effect": "nmw3:longbow/longbow_reload_magin"
				},
				"6.6": {
					"effect": "nmw3:longbow/longbow_inspect_turn_01"
				}
			}
		},
		"inspect_empty": {
			"loop": "hold_on_last_frame",
			"animation_length": 7.2,
			"bones": {
				"constraint": {
					"rotation": [0.2, 0.2, 0.4],
					"position": [0.1, 0.1, 0.1]
				},
				"root": {
					"rotation": {
						"0.0": {
							"post": [0, 0, 0],
							"lerp_mode": "catmullrom"
						},
						"0.1": {
							"post": [1.685, -3.53, -6.4],
							"lerp_mode": "catmullrom"
						},
						"0.2": {
							"post": [-8.105, -6.88, -13.015],
							"lerp_mode": "catmullrom"
						},
						"0.3": {
							"post": [-19.33504, -11.36125, -18.46825],
							"lerp_mode": "catmullrom"
						},
						"0.3667": {
							"post": [-20.235, -11.18, -19.17],
							"lerp_mode": "catmullrom"
						},
						"0.4667": {
							"post": [-16.47805, -10.70023, -18.69523],
							"lerp_mode": "catmullrom"
						},
						"0.5667": {
							"post": [-14.55312, -12.83757, -25.04784],
							"lerp_mode": "catmullrom"
						},
						"0.6": {
							"post": [-12.72319, -13.94798, -28.53683],
							"lerp_mode": "catmullrom"
						},
						"0.6667": {
							"post": [-18.7589, -12.26037, -23.3517],
							"lerp_mode": "catmullrom"
						},
						"0.7667": {
							"post": [-18.42323, -13.38988, -26.55795],
							"lerp_mode": "catmullrom"
						},
						"0.8667": {
							"post": [-18.53403, -12.14782, -23.01023],
							"lerp_mode": "catmullrom"
						},
						"1.2333": {
							"post": [-19.95302, -11.6677, -21.60679],
							"lerp_mode": "catmullrom"
						},
						"1.5667": {
							"post": [-20.70731, -11.65363, -21.51656],
							"lerp_mode": "catmullrom"
						},
						"1.9333": {
							"post": [-16.78089, -10.50875, -20.77088],
							"lerp_mode": "catmullrom"
						},
						"2.1": {
							"post": [-16.39522, 2.36368, 18.07177],
							"lerp_mode": "catmullrom"
						},
						"2.2333": {
							"post": [-27.53159, 25.48139, 51.06994],
							"lerp_mode": "catmullrom"
						},
						"2.4": {
							"post": [-32.85105, 45.13006, 64.54397],
							"lerp_mode": "catmullrom"
						},
						"2.5667": {
							"post": [-30.1597, 44.68871, 67.01399],
							"lerp_mode": "catmullrom"
						},
						"2.8": {
							"post": [-31.91919, 43.30722, 65.4886],
							"lerp_mode": "catmullrom"
						},
						"3.0": {
							"post": [-32.85105, 41.53006, 64.54397],
							"lerp_mode": "catmullrom"
						},
						"3.1333": {
							"post": [-35.65588, 38.25313, 58.62216],
							"lerp_mode": "catmullrom"
						},
						"3.3": {
							"post": [-43.18649, 34.14971, 49.95519],
							"lerp_mode": "catmullrom"
						},
						"3.4333": {
							"post": [-46.93948, 34.18431, 47.54701],
							"lerp_mode": "catmullrom"
						},
						"3.7": {
							"post": [-48.56784, 36.4876, 46.70052],
							"lerp_mode": "catmullrom"
						},
						"3.8": {
							"post": [-45.41855, 41.78182, 50.55216],
							"lerp_mode": "catmullrom"
						},
						"3.9333": {
							"post": [-48.98, 40.11, 47.25],
							"lerp_mode": "catmullrom"
						},
						"4.0333": {
							"post": [-49.23489, 41.13121, 47.44389],
							"lerp_mode": "catmullrom"
						},
						"4.2": {
							"post": [-49.18711, 42.07983, 46.59303],
							"lerp_mode": "catmullrom"
						},
						"4.8333": {
							"post": [-50.29512, 42.88873, 42.11879],
							"lerp_mode": "catmullrom"
						},
						"4.9333": {
							"post": [-48.48914, 34.3985, 41.07692],
							"lerp_mode": "catmullrom"
						},
						"5.0333": {
							"post": [-43.26872, 29.49021, 38.73168],
							"lerp_mode": "catmullrom"
						},
						"5.2667": {
							"post": [-48.48914, 32.3985, 41.07692],
							"lerp_mode": "catmullrom"
						},
						"5.3667": {
							"post": [-43.26872, 27.49021, 38.73168],
							"lerp_mode": "catmullrom"
						},
						"5.4667": {
							"post": [-35.2055, 19.98685, 36.00341],
							"lerp_mode": "catmullrom"
						},
						"5.6": {
							"post": [-26.25268, -1.76537, 10.48099],
							"lerp_mode": "catmullrom"
						},
						"5.7333": {
							"post": [-22.06, -14.30818, -17.66847],
							"lerp_mode": "catmullrom"
						},
						"5.8667": {
							"post": [-20.10803, -14.90093, -24.36157],
							"lerp_mode": "catmullrom"
						},
						"6.0333": {
							"post": [-20.36562, -14.25062, -24.93336],
							"lerp_mode": "catmullrom"
						},
						"6.1667": {
							"post": [-20.74536, -12.32337, -24.02348],
							"lerp_mode": "catmullrom"
						},
						"6.2333": {
							"post": [-20.49437, -13.16317, -24.72873],
							"lerp_mode": "catmullrom"
						},
						"6.2667": {
							"post": [-15.83817, -14.81264, -34.84285],
							"lerp_mode": "catmullrom"
						},
						"6.3333": {
							"post": [-19.43505, -10.15957, -17.15869],
							"lerp_mode": "catmullrom"
						},
						"6.4333": {
							"post": [-16.2147, -10.95773, -20.90644],
							"lerp_mode": "catmullrom"
						},
						"6.5667": {
							"post": [-11.32508, -5.39898, -8.93252],
							"lerp_mode": "catmullrom"
						},
						"6.7333": {
							"post": [-2.55, -0.79, -0.27],
							"lerp_mode": "catmullrom"
						},
						"6.8667": {
							"post": [-0.6, -0.32, 0.26],
							"lerp_mode": "catmullrom"
						},
						"6.9": {
							"post": [0, -0.5, -0.775],
							"lerp_mode": "catmullrom"
						},
						"6.9667": {
							"post": [-0.00945, -0.1664, 1.77501],
							"lerp_mode": "catmullrom"
						},
						"7.0333": {
							"post": [0, 0, -1.25],
							"lerp_mode": "catmullrom"
						},
						"7.1": {
							"post": [0, 0, 0],
							"lerp_mode": "catmullrom"
						},
						"7.2": {
							"post": [0, 0, 0],
							"lerp_mode": "catmullrom"
						}
					},
					"position": {
						"0.0": {
							"post": [0, 0, 0],
							"lerp_mode": "catmullrom"
						},
						"0.1": {
							"post": [0.13, -1.025, -1.075],
							"lerp_mode": "catmullrom"
						},
						"0.2": {
							"post": [0.25, -1.15, -0.975],
							"lerp_mode": "catmullrom"
						},
						"0.3": {
							"post": [0.25, 0.325, -0.1],
							"lerp_mode": "catmullrom"
						},
						"0.4": {
							"post": [0.19, 0.54, -0.05],
							"lerp_mode": "catmullrom"
						},
						"0.5333": {
							"post": [0.175, 0.395, -0.1],
							"lerp_mode": "catmullrom"
						},
						"0.6": {
							"post": [0.505, -0.88, -0.1],
							"lerp_mode": "catmullrom"
						},
						"0.7333": {
							"post": [0.335, -0.905, -0.1],
							"lerp_mode": "catmullrom"
						},
						"0.9": {
							"post": [0.115, -0.665, -0.09],
							"lerp_mode": "catmullrom"
						},
						"1.1667": {
							"post": [-0.17, -0.715, -0.08],
							"lerp_mode": "catmullrom"
						},
						"1.5": {
							"post": [-0.2, -0.55, -0.01],
							"lerp_mode": "catmullrom"
						},
						"1.9667": {
							"post": [-0.24, -0.63, -0.4],
							"lerp_mode": "catmullrom"
						},
						"2.1667": {
							"post": [-0.365, -1.47, -1.94],
							"lerp_mode": "catmullrom"
						},
						"2.3667": {
							"post": [-0.695, 0.545, -1.975],
							"lerp_mode": "catmullrom"
						},
						"2.5333": {
							"post": [-0.69, 0.25, -1.13],
							"lerp_mode": "catmullrom"
						},
						"2.6667": {
							"post": [-0.69, 0.48, -1.13],
							"lerp_mode": "catmullrom"
						},
						"2.8333": {
							"post": [-0.69, 0.44, -1.13],
							"lerp_mode": "catmullrom"
						},
						"3.0": {
							"post": [-0.69, 0.275, -1.13],
							"lerp_mode": "catmullrom"
						},
						"3.1333": {
							"post": [-1, -0.305, -1.355],
							"lerp_mode": "catmullrom"
						},
						"3.3": {
							"post": [-1.315, -1.27, -0.755],
							"lerp_mode": "catmullrom"
						},
						"3.4333": {
							"post": [-1.415, -1.465, -0.745],
							"lerp_mode": "catmullrom"
						},
						"3.6": {
							"post": [-1.415, -1.465, -0.745],
							"lerp_mode": "catmullrom"
						},
						"3.7333": {
							"post": [-1.56, -2.28, -0.93],
							"lerp_mode": "catmullrom"
						},
						"4.0": {
							"post": [-1.645, -2.24, -0.97],
							"lerp_mode": "catmullrom"
						},
						"4.2": {
							"post": [-1.655, -2.025, -0.79],
							"lerp_mode": "catmullrom"
						},
						"4.2667": {
							"post": [-1.64, -2.04, -0.78],
							"lerp_mode": "catmullrom"
						},
						"4.5667": {
							"post": [-1.79, -2.155, -0.72],
							"lerp_mode": "catmullrom"
						},
						"4.7667": {
							"post": [-1.79, -1.285, -0.66],
							"lerp_mode": "catmullrom"
						},
						"4.8667": {
							"post": [-1.765, -1.185, -0.67],
							"lerp_mode": "catmullrom"
						},
						"4.9333": {
							"post": [-1.55, -0.975, -1.02],
							"lerp_mode": "catmullrom"
						},
						"5.0333": {
							"post": [-1.31, -1.345, -0.53],
							"lerp_mode": "catmullrom"
						},
						"5.1667": {
							"post": [-1.27, -1.35, -0.53],
							"lerp_mode": "catmullrom"
						},
						"5.3": {
							"post": [-1.2, -1.89, -0.64],
							"lerp_mode": "catmullrom"
						},
						"5.4": {
							"post": [-0.87, -2.12, -1.275],
							"lerp_mode": "catmullrom"
						},
						"5.5333": {
							"post": [-0.87, -2.12, -1.275],
							"lerp_mode": "catmullrom"
						},
						"5.8": {
							"post": [-0.665, -0.645, 0.04],
							"lerp_mode": "catmullrom"
						},
						"5.9667": {
							"post": [-0.095, -0.225, 0.05],
							"lerp_mode": "catmullrom"
						},
						"6.0333": {
							"post": [-0.0425, -0.1125, 0.05],
							"lerp_mode": "catmullrom"
						},
						"6.1333": {
							"post": [-0.03625, -0.04125, 0.05],
							"lerp_mode": "catmullrom"
						},
						"6.2333": {
							"post": [0.025, 0.06, 0.05],
							"lerp_mode": "catmullrom"
						},
						"6.3": {
							"post": [0.25, -1.025, 0.05],
							"lerp_mode": "catmullrom"
						},
						"6.4333": {
							"post": [0.15, -0.745, -0.04],
							"lerp_mode": "catmullrom"
						},
						"6.5667": {
							"post": [0.14, -1.815, 0.325],
							"lerp_mode": "catmullrom"
						},
						"6.8": {
							"post": [-0.11, -0.315, -0.685],
							"lerp_mode": "catmullrom"
						},
						"6.9667": {
							"post": [0, -0.3, 0.25],
							"lerp_mode": "catmullrom"
						},
						"7.0667": {
							"post": [0, 0, -0.1],
							"lerp_mode": "catmullrom"
						},
						"7.1667": {
							"post": [0, 0, 0.05],
							"lerp_mode": "catmullrom"
						},
						"7.2667": {
							"post": [0, 0, 0],
							"lerp_mode": "catmullrom"
						}
					}
				},
				"mag_and_lefthand": {
					"rotation": {
						"0.4333": {
							"pre": [0, 0, 0],
							"post": [0, 0, 0],
							"lerp_mode": "catmullrom"
						},
						"0.5": {
							"post": [-27, 0, 0],
							"lerp_mode": "catmullrom"
						},
						"0.5667": {
							"post": [-29.78, -2.96, -4.25],
							"lerp_mode": "catmullrom"
						},
						"0.6667": {
							"post": [-32.79558, -21.35651, -30.78829],
							"lerp_mode": "catmullrom"
						},
						"0.8": {
							"post": [-36.58149, -11.99113, -14.73318],
							"lerp_mode": "catmullrom"
						},
						"0.9667": {
							"post": [-28.33547, -5.8058, -5.7213],
							"lerp_mode": "catmullrom"
						},
						"1.1": [-27.03329, -5.69318, -5.93799],
						"1.4": [-27.06, -6.77, -5.84],
						"1.7667": [-27.37907, -5.75707, -2.34845],
						"1.9333": [-27.03329, -5.69318, -5.93799],
						"2.0333": [1.07814, -0.35648, -12.07068],
						"2.1333": [28.91025, 4.41364, 13.7931],
						"2.5": [28.91025, 4.41364, 13.7931],
						"5.4": [28.91025, 4.41364, 13.7931],
						"5.5667": [-0.26458, 8.70102, -46.38093],
						"5.9": [-25, 0, 0],
						"6.0": [-22, 0, 0],
						"6.1": [-23.415, 0, 0],
						"6.2": [-21.165, 0, 0],
						"6.2667": [0, 0, 0]
					},
					"position": {
						"0.4333": {
							"pre": [0, 0, 0],
							"post": [0, 0, 0],
							"lerp_mode": "catmullrom"
						},
						"0.5": {
							"post": [-0.19, -1.255, -2.285],
							"lerp_mode": "catmullrom"
						},
						"0.6": {
							"post": [0, -2, -3.175],
							"lerp_mode": "catmullrom"
						},
						"0.7": {
							"post": [2.43355, -7.06085, -5.34008],
							"lerp_mode": "catmullrom"
						},
						"0.9": {
							"post": [4.88187, -4.75458, -0.85469],
							"lerp_mode": "catmullrom"
						},
						"1.0333": {
							"post": [5.4778, -4.03004, 0.00331],
							"lerp_mode": "catmullrom"
						},
						"1.2": {
							"post": [5.54466, -3.84829, 0.07629],
							"lerp_mode": "catmullrom"
						},
						"1.5": {
							"post": [5.21596, -4.02085, 0.17246],
							"lerp_mode": "catmullrom"
						},
						"1.8667": {
							"post": [5.03569, -4.15038, 0.22115],
							"lerp_mode": "catmullrom"
						},
						"1.9333": [4.29266, -3.11871, 0.03464],
						"2.0333": [3.0953, -0.29915, 0.21733],
						"2.1333": [1.84, 3.69, -1.68],
						"2.5": [1.84, 3.69, -1.68],
						"5.4": [1.84, 3.69, -1.68],
						"5.5667": {
							"pre": [4.425, 2.76, -1.49],
							"post": [4.425, 2.76, -1.49],
							"lerp_mode": "catmullrom"
						},
						"5.7": {
							"post": [3.15151, -2.07426, -1.82701],
							"lerp_mode": "catmullrom"
						},
						"5.8": {
							"post": [0.48795, -2.83892, -2.26484],
							"lerp_mode": "catmullrom"
						},
						"5.9": [0, -2, -2.175],
						"6.0": [0, -1.8, -2],
						"6.1": [0, -1.43, -2.04],
						"6.2": [0, -1.25, -1.915],
						"6.2667": [0, 0, 0]
					}
				},
				"bolt": {
					"rotation": {
						"3.4": [0, 0, 0],
						"3.7": [0, 0, 40],
						"4.8": [0, 0, 40],
						"4.9333": [0, 0, 0]
					},
					"position": {
						"3.7": [0, 0, 0],
						"3.8": [0, 0, 2],
						"4.1333": [0, 0, 1.77],
						"4.4667": [0, 0, 1.77],
						"4.7": [0, 0, 2],
						"4.8": [0, 0, 0]
					}
				},
				"camera": {
					"rotation": {
						"0.0": {
							"post": [0, 0, 0],
							"lerp_mode": "catmullrom"
						},
						"0.2": {
							"post": [0.345, 0, 0],
							"lerp_mode": "catmullrom"
						},
						"0.3667": {
							"post": [1.425, 0, 0],
							"lerp_mode": "catmullrom"
						},
						"0.5333": {
							"post": [1.28, -0.17, -0.15],
							"lerp_mode": "catmullrom"
						},
						"0.6": {
							"post": [1.155, -0.55, -0.3],
							"lerp_mode": "catmullrom"
						},
						"0.6667": {
							"post": [4.31, -1.17, 1.27],
							"lerp_mode": "catmullrom"
						},
						"0.7667": {
							"post": [6.485, -2.37, -1.695],
							"lerp_mode": "catmullrom"
						},
						"0.9": {
							"post": [6.905, -3.95, -0.575],
							"lerp_mode": "catmullrom"
						},
						"1.0667": {
							"post": [5.58, -4.07, -1.55],
							"lerp_mode": "catmullrom"
						},
						"1.2667": {
							"post": [4.735, -4.05, -1.26],
							"lerp_mode": "catmullrom"
						},
						"1.6333": {
							"post": [6.115, -4.04, -1.2],
							"lerp_mode": "catmullrom"
						},
						"2.0333": {
							"post": [4.635, -3.65, -0.475],
							"lerp_mode": "catmullrom"
						},
						"2.4": {
							"post": [-0.22, -1.225, -0.3],
							"lerp_mode": "catmullrom"
						},
						"2.5333": {
							"post": [-1.975, -0.56, -0.47],
							"lerp_mode": "catmullrom"
						},
						"2.6667": {
							"post": [-1.435, -0.155, 0.155],
							"lerp_mode": "catmullrom"
						},
						"2.8667": {
							"post": [-2.075, 0.25, 0.9],
							"lerp_mode": "catmullrom"
						},
						"3.1": {
							"post": [-0.815, 0.325, 1.45],
							"lerp_mode": "catmullrom"
						},
						"3.4": {
							"post": [6.175, 0.325, 0.9],
							"lerp_mode": "catmullrom"
						},
						"3.6": {
							"post": [5.085, 0.33, 0.9],
							"lerp_mode": "catmullrom"
						},
						"3.8667": {
							"post": [8.18, 0.33, 0.9],
							"lerp_mode": "catmullrom"
						},
						"4.6": {
							"post": [8.18, 0.33, 0.9],
							"lerp_mode": "catmullrom"
						},
						"4.8": {
							"post": [3.165, 0.33, 0.9],
							"lerp_mode": "catmullrom"
						},
						"4.9": {
							"post": [3.95, 0.33, 0.9],
							"lerp_mode": "catmullrom"
						},
						"5.0333": {
							"post": [2.805, 0.33, 0.9],
							"lerp_mode": "catmullrom"
						},
						"5.1333": {
							"post": [3.25, 0.33, 0.9],
							"lerp_mode": "catmullrom"
						},
						"5.4667": {
							"post": [3.33, 0.22, 0.84],
							"lerp_mode": "catmullrom"
						},
						"5.7333": {
							"post": [3.37, 0.12, -3.21],
							"lerp_mode": "catmullrom"
						},
						"6.1": {
							"post": [3.425, -0.01, -3.275],
							"lerp_mode": "catmullrom"
						},
						"6.2": {
							"post": [3.56, -0.01, -3.19],
							"lerp_mode": "catmullrom"
						},
						"6.2667": {
							"post": [2.5, -0.01, -2.32],
							"lerp_mode": "catmullrom"
						},
						"6.3667": {
							"post": [3.59, -0.01, -3.72],
							"lerp_mode": "catmullrom"
						},
						"6.4667": {
							"post": [3.32, 0, -3.065],
							"lerp_mode": "catmullrom"
						},
						"6.6333": {
							"post": [-1.005, 0, -0.19],
							"lerp_mode": "catmullrom"
						},
						"6.9": {
							"post": [-0.525, 0, -0.125],
							"lerp_mode": "catmullrom"
						},
						"6.9667": {
							"post": [0.225, 0, 0.325],
							"lerp_mode": "catmullrom"
						},
						"7.0667": {
							"post": [-0.175, 0, -0.15],
							"lerp_mode": "catmullrom"
						},
						"7.1667": {
							"post": [0.1, 0, 0.05],
							"lerp_mode": "catmullrom"
						},
						"7.3": {
							"post": [0, 0, 0],
							"lerp_mode": "catmullrom"
						}
					}
				},
				"lefthand": {
					"rotation": {
						"0.0": [90.4533, -389.73135, -129.57361],
						"0.3": [113.14534, -397.33581, -164.72012],
						"0.4": [124.2487, -374.48971, -190.9453],
						"6.5": [124.2487, -374.48971, -190.9453],
						"6.7": [90.4533, -389.73135, -129.57361]
					},
					"position": {
						"0.0": [7.4, -11.7, -8.5],
						"0.2667": [7.94, -17.195, -1.435],
						"0.3667": [7.005, -17, 0.46],
						"6.5": [7.26, -17, 0.46],
						"6.7": [7.4, -11.7, -8.5]
					},
					"scale": [1, 1.5, 1]
				},
				"righthand": {
					"rotation": {
						"0.0": [100.03742, 4.92385, -179.12962],
						"3.2": [100.03742, 4.92385, -179.12962],
						"3.3667": [99.06076, -5.47299, -196.14145],
						"3.4333": [106.56, -5.47, -196.14],
						"3.5": [106.56, -5.47, -196.14],
						"3.6667": [103.77987, -10.75526, -176.64676],
						"3.8333": [123.79647, 11.10747, -171.31993],
						"4.6": [123.79647, 11.10747, -171.31993],
						"4.8333": [103.03254, 7.40742, -177.41488],
						"4.9333": [80.53, 7.41, -177.41],
						"5.0667": [80.53, 7.41, -177.41],
						"5.2": [100.03742, 4.92385, -179.12962]
					},
					"position": {
						"0.0": [-6.8, -14.2, 7.4],
						"3.2": [-6.8, -14.2, 7.4],
						"3.3667": [-8.805, -13.085, 4.945],
						"3.4667": [-8.8, -11.08, 4.95],
						"3.5333": [-8.8, -11.08, 4.95],
						"3.7": [-8.8, -10.13, 4.95],
						"3.8333": [-9.445, -10.13, 6.95],
						"4.1333": [-9.44, -10.13, 6.72],
						"4.4667": [-9.44, -10.13, 6.72],
						"4.7": [-9.445, -10.13, 6.95],
						"4.8": [-8.8, -10.13, 4.95],
						"4.9": [-9.8, -11.13, 5.95],
						"5.0333": [-8.8, -12.13, 4.95],
						"5.2": [-6.8, -14.2, 7.4]
					},
					"scale": [1, 1.5, 1]
				},
				"bullet": {
					"scale": 0
				},
				"bullet_shell": {
					"position": {
						"3.7": [0, 0.08, 0.025],
						"3.8": [0, 0.08, 2.025],
						"4.1333": [0, 0.08, 1.8425],
						"4.4667": [0, 0.08, 1.8425],
						"4.7": [0, 0.08, 2.025],
						"4.8": [0, 0.08, 0.025]
					}
				}
			},
			"sound_effects": {
				"0.0": {
					"effect": "nmw3:longbow/longbow_inspect_up_01"
				},
				"0.3667": {
					"effect": "nmw3:longbow/longbow_reload_magout"
				},
				"1.8667": {
					"effect": "nmw3:longbow/longbow_inspect_mvt"
				},
				"3.5667": {
					"effect": "nmw3:longbow/longbow_reload_boltcharge_back_fast"
				},
				"3.7667": {
					"effect": "nmw3:longbow/longbow_rechamber_mvmt"
				},
				"4.7667": {
					"effect": "nmw3:longbow/longbow_reload_boltcharge_forward_fast"
				},
				"5.2333": {
					"effect": "nmw3:longbow/longbow_reload_mvt"
				},
				"6.0667": {
					"effect": "nmw3:longbow/longbow_reload_magin"
				},
				"6.6": {
					"effect": "nmw3:longbow/longbow_inspect_turn_01"
				}
			}
		}
	}
}