{"type":"create:compacting","heatRequirement": "heated","ingredients":[{"tag":"forge:ingots/iron"},{"tag":"forge:ingots/iron"},{"tag":"forge:ingots/iron"},{"tag":"forge:ingots/iron"},{"tag":"forge:ingots/iron"},{"tag":"forge:ingots/iron"},{"tag":"forge:ingots/iron"},{"tag":"forge:ingots/iron"},{"tag":"forge:ingots/iron"},{"tag":"forge:ingots/iron"},{"tag":"forge:ingots/iron"},{"tag":"forge:ingots/iron"},{"tag":"forge:ingots/iron"},{"tag":"forge:ingots/iron"},{"tag":"forge:ingots/iron"},{"tag":"forge:ingots/iron"},{"tag":"forge:plates/copper"},{"tag":"forge:plates/copper"},{"tag":"forge:plates/copper"},{"tag":"forge:plates/copper"},{"tag":"forge:plates/copper"},{"tag":"forge:plates/copper"},{"tag":"forge:plates/copper"},{"tag":"forge:plates/copper"},{"tag":"forge:plates/copper"},{"tag":"forge:plates/copper"},{"tag":"forge:plates/copper"},{"tag":"forge:plates/copper"},{"tag":"forge:plates/copper"},{"tag":"forge:plates/copper"},{"tag":"forge:plates/copper"},{"tag":"forge:plates/copper"},{"tag":"forge:plates/copper"},{"tag":"forge:plates/copper"},{"tag":"forge:plates/copper"},{"tag":"forge:plates/copper"},{"tag":"forge:gunpowder"},{"tag":"forge:gunpowder"},{"tag":"forge:gunpowder"},{"tag":"forge:gunpowder"},{"tag":"forge:gunpowder"},{"tag":"forge:gunpowder"},{"tag":"forge:gunpowder"},{"tag":"forge:gunpowder"},{"tag":"forge:gunpowder"},{"tag":"forge:gunpowder"},{"tag":"forge:gems/lapis"},{"tag":"forge:gems/lapis"},{"tag":"forge:gems/lapis"},{"tag":"forge:gems/lapis"},{"tag":"forge:gems/lapis"}],"results":[{"item":"tacz:ammo","count":2,"nbt":{"AmmoId":"zeta:heavy_ammo"}}]}