{
  "ammo": "zeta:arrow_ammo",
  "ammo_amount": 5,
  "extended_mag_ammo_amount": [
    5,
    5,
    5
  ],
  "bolt": "closed_bolt",
  "rpm": 55,
  "bullet": {
    "life": 2,
    "bullet_amount": 1,
    "damage": 45,
    "extra_damage": {
      "armor_ignore": 0.6,
      "head_shot_multiplier": 1.75,
      "damage_adjust": [
        {"distance": 10, "damage": 30},
        {"distance": 20, "damage": 45},
        {"distance": "infinite", "damage": 20}
      ]
    },
    "speed": 100,
    "gravity": 0.05,
    "knockback": 1,
    "friction": 0.1,
    "ignite": false,
    "pierce": 1,
     "explosion": {
      "explode": false,
      "damage": 55,
      "radius": 6,
      "knockback": false,
      "destroy_block": false,
      "delay":60
    }
  },
   "fire_sound": {
    // 射击声音传播距离修正乘数
    "fire_multiplier": 0.4
    // 消音器射击声音传播距离修正乘数
  },
  "reload": {
    "type": "fuel",
    "feed": {
      "empty": 2.51,
      "tactical": 2.5
    },
    "cooldown": {
      "empty": 3.9,
      "tactical": 3.85
    }
  },
  "draw_time": 0.75,
  "put_away_time": 0.67,
  "aim_time": 0.15,
  "sprint_time": 0.18,
  "weight": 1,
  "movement_speed": {
    "base": 0.0,
    "aim": -0.2,
    "reload": -0.1
  },
  "crawl_recoil_multiplier": 0.5,
  "fire_mode": [
    "semi"
  ],
  "recoil": {
    "pitch": [
      {"time": 0, "value": [0, 0]},
      {"time": 0.02, "value": [0.067, 0.067]},
      {"time": 0.15, "value": [0, 0]}
    ],
    "yaw": [
      {"time": 0, "value": [-0.01, 0.01]},
      {"time": 0.15, "value": [0, 0]}
    ]
  },
  "inaccuracy": {
    "stand": 2.5,
    "move": 3.5,
    "sneak": 1.5,
    "lie": 1.0,
    "aim": 0.01
  },
  // 近战相关
  "melee": {
    // 枪械距离参数，用来延升近战攻击范围
    // 会与刺刀等配件的距离做加和
    "distance": 1,
    // 使用时的冷却时间
    "cooldown": 0.6,
    // 默认近战数据，会被配件的数据替换掉
    "default": {
      // 动画类型：没有枪托的为 melee_push，有枪托的为 melee_stock
      "animation_type": "melee_stock",
      // 刺刀距离参数，枪械里还有个刺刀攻击距离参数，两者做加和
      "distance": 1,
      // 刺刀范围角度
      "range_angle": 30,
      // 伤害值
      "damage": 2,
      // 击退效果
      "knockback": 0.5,
      // 前摇时长，单位：秒
      "prep": 0.1
    }
  },
  "allow_attachment_types": [
    "extended_mag",
    "scope",
    "laser"
  ],
  "builtin_attachments": {
    "scope": "zeta:sight_plasma"
  },
  "exclusive_attachments": {
  }
}