{
  "ammo": "zeta:railgun_ammo",
  "ammo_amount": 1,
 
  "bolt": "open_bolt",
  "rpm": 1200,
  "bullet": {
    "life": 0.9,
    "bullet_amount": 1,
    "damage": 9,
    "tracer_count_interval": 0,
    "extra_damage": {
      "armor_ignore": 1,
      "head_shot_multiplier": 4,
      "damage_adjust": [
        {"distance": 20, "damage": 10},
        {"distance": 80, "damage": 9.5},
        {"distance": 160, "damage": 8},
        {"distance": "infinite", "damage": 5} //伤害均*10%以契合蓄力效果
      ]
    },
    "speed": 3000,
    "gravity": 0.01,
    "knockback": 0,
    "friction": 0.01,
    "ignite": false,
    "pierce": 6
  },
  "heat":  {
  // 过热上限
  "max": 100,//foxatl(20->100)
  // 每发子弹过热值
  "per_shot": 0,//foxatl(1->0)
  // 冷却倍率，过热值的减少速度会随着时间增加
  // t时间(秒)内可以冷却的过热值可以参考: max = cooling_multiplier * t^2
  "cooling_multiplier": 20,
  // 冷却延迟，ms
  "cooling_delay": 100,
  // 完全过热后，开始过热的延迟时间，ms
  "over_heat_time": 100,
  // 以下将在使用过热进度(0-1)在最小值和最大值之间线性插值，然后与原始数值相乘
  // 最小不准确度影响
  "min_inaccuracy": 1,
  // 最大不准确度影响
  "max_inaccuracy": 1,
  // 最小射速影响
  "min_rpm_mod": 1,
  // 最大射速影响
  "max_rpm_mod": 1
  },
  "reload": {
    "type": "magazine",
    "feed": {
      "empty": 1.08,
      "tactical": 0.0001
    },
    "cooldown": {
      "empty": 2.00,
      "tactical": 0.0001
    }
  },
  "draw_time": 1.29,
  "put_away_time": 0.87,
  "aim_time": 0.2,
  "sprint_time": 0.2,
  "weight": 4,
  "movement_speed": {
    "base": 0.0,
    "aim": -0.3,
    "reload": -0.15
  },
  //"crawl_recoil_multiplier": 0.25,
  "fire_mode": [
    "auto"
  ],
  "recoil": {
    "pitch": [
      {"time": 0, "value": [0, 0]},
      {"time": 1, "value": [0, 0]}
    ],
    "yaw": [
      {"time": 1.5, "value": [-0.5, -0.5]},
      {"time": 1.82, "value": [-0.5, -0.5]},
      {"time": 2.07, "value": [0, 0]}
    ]
  },
  "inaccuracy": {
    "stand": 3,
    "move": 4,
    "sneak": 2.5,
    "lie": 2.0,
    "aim": 0.05
  },
  "melee": {
    "distance": 1,
    "cooldown": 1.0,
    "default": {
      "animation_type": "melee_stock",
      "distance": 1.25,
      "range_angle": 30,
      "damage": 5,
      "knockback": 1,
      "prep": 0.1
    }
  },
  "script": "zeta:railgun_logic",
  "allow_attachment_types": [
    "scope"
  ]
}