{
  "ammo": "zeta:ultimatum_ammo",
  "rpm": 150,
  "ammo_amount": 1,
  "bolt": "open_bolt",
  "bullet": {
    "life": 5,
    "bullet_amount": 1,
    "damage": 160,
    "extra_damage": {
      "armor_ignore": 1,
      "head_shot_multiplier": 1.5,
      "damage_adjust": [
        {"distance": 20, "damage": 160},
        {"distance": 45, "damage": 150},
        {"distance": "infinite", "damage": 100}
      ]
    },
    "speed": 60,
    "gravity": 0.225,
    "knockback": 0,
    "friction": 0.1,
    "ignite": false,
    "pierce": 0,
    "explosion": {
      "explode": true,
      "damage": 320,
      "radius": 12,
      "destroy_block": false,
      "knockback": false,
      "delay": 30
    }
  },
  "reload": {
    "type": "magazine",
    "feed": {
      "empty": 1.78,
      "tactical": 0.0001
    },
    "cooldown": {
      "empty": 3,
      "tactical": 0.0001
    }
  },
  "draw_time": 1.16,
  "put_away_time": 1.15,
  "aim_time": 0.1,
  "sprint_time": 0.15,
  "weight": 10,
  "fire_mode": [
    "semi"
  ],
  "recoil": {
    "pitch": [
      {"time": 0, "value": [2.5, 2.5]},
      {"time": 0.3, "value": [2.5, 2.5]},
      {"time": 0.55, "value": [-0.75, -0.75]},
      {"time": 0.8, "value": [0.25, 0.25]},
      {"time": 1.2, "value": [0, 0]},
      {"time": 1.4, "value": [0, 0]}
    ],
    "yaw": [
      {"time": 0, "value": [-0.4, 0.4]},
      {"time": 0.55, "value": [0, 0]}
    ]
  },
  "inaccuracy": {
    "stand": 2,
    "move": 4,
    "sneak": 1,
    "lie": 0.75,
    "aim": 0.5
  },
  // 近战相关
"melee": {
    // 枪械距离参数，用来延升近战攻击范围
    // 会与刺刀等配件的距离做加和
    "distance": 1,
    // 使用时的冷却时间
    "cooldown": 0.6,
    // 默认近战数据，会被配件的数据替换掉
    "default": {
      // 动画类型：没有枪托的为 melee_push，有枪托的为 melee_stock
      "animation_type": "melee_push",
      // 刺刀距离参数，枪械里还有个刺刀攻击距离参数，两者做加和
      "distance": 1,
      // 刺刀范围角度
      "range_angle": 30,
      // 伤害值
      "damage": 4.3,
      // 击退效果
      "knockback": 0.5,
      // 前摇时长，单位：秒
      "prep": 0.1
    }
  },
   "builtin_attachments": {
    "scope": "zeta:sight_shotgun"
  },
  "allow_attachment_types": [
    "scope",
     "extended_mag"
  ]
}