{
  "model": "daffas_arsenal:gun/apacoba9_geo",
  "texture": "daffas_arsenal:gun/uv/apacoba9",
  "lod": {
    "model": "daffas_arsenal:gun/apacoba9_geo",
    "texture": "daffas_arsenal:gun/uv/apacoba9"
  },
  "hud": "daffas_arsenal:gun/hud/apacoba9",
  "slot": "daffas_arsenal:gun/slot/apacoba9",
  "animation": "daffas_arsenal:apacoba9",
  "use_default_animation": "rifle",
  "state_machine": "daffas_arsenal:hope_state_machine2",
  "third_person_animation": "default",
  "transform": {
    "scale": {
      "thirdperson": [0.6, 0.6, 0.6],
      "ground": [0.6, 0.6, 0.6],
      "fixed": [1.2, 1.2, 1.2]
    }
  },
  "muzzle_flash": {
    "texture": "daffas_arsenal:flash/daffas_muzzle_flash_fire_old",
    "scale": 2
  },
  "iron_zoom": 1.5,
  "zoom_model_fov": 90,
  "shell": {
    "initial_velocity": [10, 4, 2],
    "random_velocity": [2, 2, 0.5],
    "acceleration": [0.0, -20, 0.0],
    "angular_velocity": [720, -2400, 180],
    "living_time": 0.25
  },
  "sounds": {
    "shoot": "daffas_arsenal:apacoba9/apacoba9",
    "shoot_3p": "daffas_arsenal:apacoba9/apacoba9",
    "silence": "daffas_arsenal:supressor/daffas_smg",
    "silence_3p": "daffas_arsenal:supressor/daffas_smg",
    "dry_fire": "tacz:dry_fire",
    "fire_select": "tacz:fire_select",
    "head_hit": "tacz:head_hit",
    "flesh_hit": "tacz:flesh_hit",
    "kill": "tacz:kill",
    "melee_push": "tacz:melee_stock/melee_stock_01",
    "melee_stock": "tacz:melee_stock/melee_stock_03"
  },
  "offhand_show": {
    "pos": [0, 19, 4],
    "rotate": [0, 0, 60],
    "scale": [0.5, 0.5, 0.5]
  },
  "hotbar_show": {
    "0": {
      "pos": [0, 19, 3],
      "rotate": [-180, 0, 120],
      "scale": [0.5, 0.5, 0.5]
    }
  }
}