{
    "model": "swb2:gun/cr2.geo",
    "texture": "swb2:gun/uv/cr2",
    "ammo_count_style": "percent",
    "hud": "swb2:gun/hud/cr2",
    "slot": "swb2:gun/slot/cr2",
    "animation": "swb2:cr2",
    "use_default_animation": "rifle",
    "third_person_animation": "default",
    "transform": {
      "scale": {
        "thirdperson": [0.6, 0.6, 0.6],
        "ground": [0.6, 0.6, 0.6],
        "fixed": [1.2, 1.2, 1.2]
      }
    },
    "muzzle_flash": {
      "texture": "swb2:flash/flash4",
      "scale": 1.5
    },
    
    "shell": {
      
    },
    "sounds": {
    
    "inspect": "tacz:p90/p90_inspect",
    "inspect_empty": "tacz:p90/p90_inspect_empty",
    "draw": "tacz:p90/p90_draw",
    "put_away": "tacz:p90/p90_put_away",
    "shoot": "swb2:cr2/cr2_shoot",
    "shoot_3p": "swb2:cr2/cr2_shoot_3p",
    "silence": "swb2:dc15a/dc15a_silence",
    "silence_3p": "swb2:dc15a/dc15a_silence_3p",
    "melee_push": "tacz:melee_stock/melee_stock_03",
    "melee_stock": "tacz:melee_stock/melee_stock_01"
  },
    "offhand_show": {
      "pos": [1, 19, 4],
      "rotate": [0, 0, 50],
      "scale": [0.5, 0.5, 0.5]
    },
    "hotbar_show": {
      "0": {
        "pos": [-1, 19, 3],
        "rotate": [-180, 0, 130],
        "scale": [0.5, 0.5, 0.5]
      }
    }
  }