{
  "model": "swb2:gun/dl44.geo",
  "texture": "swb2:gun/uv/dl44t",
  "ammo_count_style": "percent",
  "hud": "swb2:gun/hud/dl44",
  "slot": "swb2:gun/slot/dl44",
  "animation": "swb2:dl44",
  "use_default_animation": "pistol",
  "player_animator_3rd": "tacz:pistol_default.player_animation",
  "transform": {
    "scale": {
      "thirdperson": [0.4, 0.4, 0.4],
      "ground": [0.4, 0.4, 0.4],
      "fixed": [0.5, 0.5, 0.5]
    }
  },
  "shell": {
    "initial_velocity": [8.0, 5.0, -0.5],
    "random_velocity": [2.5, 1.5, 0.25],
    "acceleration": [0.0, -20, 0.0],
    "angular_velocity": [360, -720, 90],
    "living_time": 1.0
  },
  "muzzle_flash": {
    "texture": "swb2:flash/common_muzzle_flash",
    "scale": 0.9
  },
  "sounds": {
    
   
    "draw": "swb2:dl44/deagle_draw",
    "shoot": "swb2:dl44/dl44_shoot",
    "shoot_3p": "swb2:dl44/dl44_shoot_3p",
    "silence": "swb2:dl44/deagle_silence",
    "silence_3p": "swb2:dl44/deagle_silence_3p"
  },
  "offhand_show": {
    "pos": [4, 13, -1],
    "rotate": [-90, -35, 90],
    "scale": [0.5, 0.5, 0.5]
  },
  "hotbar_show": {
    "0": {
      "pos": [-5, 13, -1],
      "rotate": [-90, -35, 90],
      "scale": [0.5, 0.5, 0.5]
    }
  }
}