{
    "model": "swb2:gun/e5s.geo",
    "texture": "swb2:gun/uv/e5s",
   
    "ammo_count_style": "percent",
    "hud": "swb2:gun/hud/e5s",
    "slot": "swb2:gun/slot/e5s",
    "animation": "swb2:e5s.geo",
    "use_default_animation": "rifle",
    "third_person_animation": "default",
    "transform": {
      "scale": {
        "thirdperson": [0.6, 0.6, 0.6],
        "ground": [0.6, 0.6, 0.6],
        "fixed": [1.2, 1.2, 1.2]
      }
    },
    "muzzle_flash": {
      "texture": "swb2:flash/common_muzzle_flash",
      "scale": 1.5
    },
    

    "shell": {
      
    },
    "sounds": {
        "shoot": "swb2:e5s/e5s_shoot",
        "shoot_3p": "swb2:e5/e5c_shoot_3p",
        "reload_empty": "swb2:e5s/e5s_reload_empty",
        "reload_tactical": "swb2:dc15a/dc15a_reload_tactical",
        "inspect": "swb2:vk38/vk38_inspect",
        "inspect_empty": "swb2:vk38/vk38_inspect_empty",
        "draw": "swb2:dc15a/dc15a_draw",
        "put_away": "swb2:dc15a/dc15a_put_away",
        "silence": "swb2:dc15a/dc15a_silence",
        "silence_3p": "swb2:dc15a/dc15a_silence_3p",
        "melee_push": "swb2:melee_stock/melee_stock_01",
        "melee_stock": "swb2:melee_stock/melee_stock_02"
    },
    "offhand_show": {
      "pos": [1, 19, 4],
      "rotate": [0, 0, 50],
      "scale": [0.5, 0.5, 0.5]
    },
    "hotbar_show": {
      "0": {
        "pos": [-1, 19, 3],
        "rotate": [-180, 0, 130],
        "scale": [0.5, 0.5, 0.5]
      }
    }
  }