{
    "model": "swb2:gun/glie44.geo",
    "texture": "swb2:gun/uv/glie44",
    "ammo_count_style": "percent",
    "hud": "swb2:gun/hud/e44",
    "slot": "swb2:gun/slot/glie44",
    "animation": "swb2:glie44",
    "use_default_animation": "pistol",
    "third_person_animation": "default",
    "transform": {
      "scale": {
        "thirdperson": [0.6, 0.6, 0.6],
        "ground": [0.6, 0.6, 0.6],
        "fixed": [1.2, 1.2, 1.2]
      }
    },
    "muzzle_flash": {
      "texture": "swb2:flash/flash2",
      "scale": 1
    },
    
    "shell": {
      
    },
    "sounds": {
      "shoot": "swb2:g44/g44_shoot",
      "shoot_3p": "swb2:g44/g44_shoot_3p",
     
     
      "draw": "swb2:dc15a/dc15a_draw",
      "put_away": "swb2:dc15a/dc15a_put_away",
      "silence": "swb2:dc15a/dc15a_silence",
      "silence_3p": "swb2:dc15a/dc15a_silence_3p",
      "melee_push": "swb2:melee_stock/melee_stock_01",
      "melee_stock": "swb2:melee_stock/melee_stock_02"
    },
    "offhand_show": {
        "pos": [4, 13, -1],
        "rotate": [-90, -35, 90],
        "scale": [0.5, 0.5, 0.5]
    },
    "hotbar_show": {
        "0": {
          "pos": [-5, 13, -1],
          "rotate": [-90, -35, 90],
          "scale": [0.5, 0.5, 0.5]
        }
    }
  }