{
    "model": "swb2:gun/rk3.geo",
    "texture": "swb2:gun/uv/rk3",
    "ammo_count_style": "percent",
    "hud": "swb2:gun/hud/rk3",
    "slot": "swb2:gun/slot/rk3",
    "animation": "swb2:rk3.geo",
    "use_default_animation": "pistol",
    "third_person_animation": "default",
    "transform": {
      "scale": {
        "thirdperson": [0.6, 0.6, 0.6],
        "ground": [0.6, 0.6, 0.6],
        "fixed": [1.2, 1.2, 1.2]
      }
    },
    "show_crosshair": true,
    "muzzle_flash": {
      "texture": "swb2:flash/common_muzzle_flash",
      "scale": 0.9
    },
    

    "shell": {
      
    },
    "sounds": {
      "shoot": "swb2:rk3/rk3_shoot",
      "shoot_3p": "swb2:dc15a/dc15a_shoot_3p",
      "reload_empty": "swb2:dc17/dc17_reload_empty",
      "reload_tactical": "swb2:dc15a/dc15a_reload_tactical",
      "inspect": "swb2:dc17/dc17_inspect",
      "inspect_empty": "swb2:dc17/dc17_inspect_empty",
      "draw": "swb2:dc15a/dc15a_draw",
      "put_away": "swb2:dc15a/dc15a_put_away",
      "silence": "swb2:dc15a/dc15a_silence",
      "silence_3p": "swb2:dc15a/dc15a_silence_3p",
      "melee_push": "swb2:melee_stock/melee_stock_01",
      "melee_stock": "swb2:melee_stock/melee_stock_02"
    },
    "offhand_show": {
        "pos": [4, 13, -1],
        "rotate": [-90, -35, 90],
        "scale": [0.5, 0.5, 0.5]
    },
    "hotbar_show": {
        "0": {
          "pos": [-5, 13, -1],
          "rotate": [-90, -35, 90],
          "scale": [0.5, 0.5, 0.5]
        }
    }
  }