{
  "materials": [
    {
      "item": {
        "tag": "forge:ingots/copper"
      },
      "count": 15
    },
    {
      "item": {
        "tag": "forge:gunpowder"
      },
      "count": 6
    },
    {
      "item": {
        "tag": "forge:nuggets/iron"
      },
      "count": 18
    },
    {
      "item": {
        "item": "minecraft:dragon_breath"
      },
      "count": 1
    }
  ],
  "result": {
    "type": "ammo",
    "id": "maxstuff:12g_db",
    "count": 18
  },
  "type": "tacz:gun_smith_table_crafting"
}