{
	"format_version": "1.8.0",
	"animations": {
		"static_idle": {
			"animation_length": 1,
			"bones": {
				"lefthand": {
					"rotation": [97.98826, -13.86322, -176.21398],
					"position": [7.4, -12.2, -5.5],
					"scale": [1, 1.5, 1]
				},
				"righthand": {
					"rotation": [95, 0, -180],
					"position": [-6.2, -12, 7],
					"scale": [1, 1.5, 1]
				},
				"constraint": {
					"rotation": [0.2, 0.15, 0.2],
					"position": [0.1, 0.1, 0.4]
				}
			}
		},
		"static_bolt_caught": {
			"loop": true
		},
		"shoot": {
			"animation_length": 1.1333,
			"bones": {
				"ump45_bolt": {
					"position": {
						"0.0": [0, 0, 0],
						"0.0333": [0, 0, 2.55],
						"0.0667": [0, 0, 0]
					}
				},
				"root": {
					"rotation": {
						"0.0": [0, 0, 0],
						"0.0333": [-0.586, 0.022, -0.92],
						"0.0667": [-0.504, 0.013, -0.169],
						"0.1": [-0.273, 0.009, 0.812],
						"0.1333": [-0.014, 0.047, 1.048],
						"0.1667": [0.228, 0.118, 0.927],
						"0.2": [0.343, 0.179, 0.353],
						"0.2333": [0.458, 0.242, -0.221],
						"0.2667": [0.339, 0.226, -0.463],
						"0.3": [0.129, 0.177, -0.515],
						"0.3333": [-0.064, 0.105, -0.246],
						"0.3667": [-0.257, 0.034, 0.024],
						"0.4": [-0.21, -0.019, 0.183],
						"0.4333": [-0.162, -0.071, 0.343],
						"0.4667": [-0.098, -0.04, 0.194],
						"0.5": [-0.034, -0.008, 0.045],
						"0.5333": [0.03, 0.024, -0.104],
						"0.5667": [0.094, 0.056, -0.253],
						"0.6": [0.078, 0.045, -0.164],
						"0.6333": [0.062, 0.034, -0.075],
						"0.6667": [0.047, 0.023, 0.015],
						"0.7": [0.031, 0.011, 0.104],
						"0.7333": [0.022, 0.01, 0.058],
						"0.8": [0.013, 0.009, 0.011],
						"0.9": [0.003, 0.005, -0.103],
						"1.0": [0.002, 0.004, -0.077],
						"1.1333": [0, 0, 0]
					},
					"position": {
						"0.0": [0, 0, 0],
						"0.0333": {
							"pre": [0.002, 0.029, 1.2515],
							"post": [0.002, 0.029, 1.2515],
							"lerp_mode": "catmullrom"
						},
						"0.0667": {
							"post": [0.01, 0.05, 1.1175],
							"lerp_mode": "catmullrom"
						},
						"0.1": {
							"post": [0.007, 0.059, 0.539],
							"lerp_mode": "catmullrom"
						},
						"0.1667": {
							"post": [-0.003, -0.014, 0.11],
							"lerp_mode": "catmullrom"
						},
						"0.2": [-0.014, -0.034, 0.084],
						"0.2333": [-0.024, -0.055, 0.058],
						"0.2667": [-0.009, -0.03, 0.051],
						"0.3": [0.001, -0.014, 0.042],
						"0.3333": [0.003, 0.004, 0.034],
						"0.3667": [0.016, -0.009, 0.043],
						"0.4": [0.032, 0.003, 0.056],
						"0.4333": [0.048, 0.015, 0.069],
						"0.4667": [0.039, 0.012, 0.057],
						"0.5": [0.03, 0.01, 0.045],
						"0.5333": [0.022, 0.007, 0.034],
						"0.5667": [0.013, 0.004, 0.022],
						"0.6": [-0.003, -0.006, 0.009],
						"0.6333": [-0.005, -0.007, 0.007],
						"0.6667": [-0.007, -0.007, 0.006],
						"0.7": [-0.01, -0.007, 0.005],
						"0.7333": [-0.008, -0.008, 0.005],
						"0.8": [-0.007, -0.008, 0.004],
						"0.9": [-0.003, -0.009, 0.003],
						"1.0": [-0.003, -0.008, 0.003],
						"1.1333": [0, 0, 0]
					}
				},
				"camera": {
					"rotation": {
						"0.0": [0, 0, 0],
						"0.0333": [0, 0, 0.65],
						"0.0667": [0, 0, -0.37],
						"0.1": [0, 0, 0.41],
						"0.1333": [0, 0, -0.185],
						"0.1667": [0, 0, 0.2],
						"0.2": [0, 0, 0]
					}
				}
			}
		},
		"draw": {
			"loop": "hold_on_last_frame",
			"animation_length": 0.7,
			"bones": {
				"lefthand": {
					"rotation": {
						"0.05": [84.55606, -1.91886, -130.46016],
						"0.15": [84.28, -4.745, -129.13],
						"0.25": [92.28735, -8.92773, -154.91491],
						"0.35": [97.98826, -13.86322, -176.21398]
					},
					"position": {
						"0.05": [7.6, -24.9, -8],
						"0.15": [7.6, -16.23, -8],
						"0.25": [7.6, -12.5, -6.625],
						"0.35": [7.4, -12.2, -5.5]
					},
					"scale": [1, 1.5, 1]
				},
				"righthand": {
					"rotation": [95, 0, -180],
					"position": [-6.2, -12, 7],
					"scale": [1, 1.5, 1]
				},
				"root": {
					"rotation": {
						"0.0": [19.64807, -30.83866, 63.3425],
						"0.1": [21.19122, -14.40747, 12.59763],
						"0.2": [5.09, -6.61, 5.06],
						"0.3": [1.82144, 0.01118, 0.03752],
						"0.35": [-0.042, -0.4187, 4.03899],
						"0.45": {
							"pre": [0.14086, -0.97706, 1.04153],
							"post": [0.14086, -0.97706, 1.04153],
							"lerp_mode": "catmullrom"
						},
						"0.55": {
							"post": [-0.13, 0.1, 0],
							"lerp_mode": "catmullrom"
						},
						"0.7": [0, 0, 0]
					},
					"position": {
						"0.0": [3, -14, 0],
						"0.05": [2.1, -6, 0],
						"0.15": [1.5, -1.85, -0.2],
						"0.2": [1.05, -1.47, -0.7],
						"0.3": {
							"pre": [0.45, -0.86, -1.1],
							"post": [0.45, -0.86, -1.1],
							"lerp_mode": "catmullrom"
						},
						"0.35": {
							"post": [0.13, -0.35, -0.27],
							"lerp_mode": "catmullrom"
						},
						"0.4": {
							"post": [0, 0.17, 0.17],
							"lerp_mode": "catmullrom"
						},
						"0.45": {
							"post": [0, 0.08, -0.13],
							"lerp_mode": "catmullrom"
						},
						"0.55": [0, -0.01, -0.28],
						"0.65": [0, 0, 0]
					}
				},
				"camera": {
					"rotation": {
						"0.0": {
							"post": [0, 0, 0],
							"lerp_mode": "catmullrom"
						},
						"0.1": {
							"post": [1, 1, 0],
							"lerp_mode": "catmullrom"
						},
						"0.25": {
							"post": [1, 0, 1],
							"lerp_mode": "catmullrom"
						},
						"0.4": {
							"post": [-1, 0, 0],
							"lerp_mode": "catmullrom"
						},
						"0.5": {
							"post": [-0.49992, 0.00873, 0.99996],
							"lerp_mode": "catmullrom"
						},
						"0.65": {
							"post": [0, 0, 0],
							"lerp_mode": "catmullrom"
						}
					}
				}
			},
			"sound_effects": {
				"0.0": {
					"effect": "iw:dcm8/p90_draw"
				}
			}
		},
		"put_away": {
			"loop": "hold_on_last_frame",
			"animation_length": 0.5,
			"bones": {
				"lefthand": {
					"rotation": [97.98826, -13.86322, -176.21398],
					"position": [7.4, -12.2, -5.5],
					"scale": [1, 1.5, 1]
				},
				"righthand": {
					"rotation": {
						"0.0": [95, 0, -180],
						"0.1167": [99.24832, 57.15935, -172.20989]
					},
					"position": [-6.2, -12, 7],
					"scale": [1, 1.5, 1]
				},
				"root": {
					"rotation": {
						"0.0": [0, 0, 0],
						"0.05": [0, -3, 6],
						"0.15": [-10.32567, -18.95265, -8.14869],
						"0.2": [-26.69, -18.04, 2.69],
						"0.3": [-36.96, -11.63, -10.34],
						"0.4": [-43.84, -7.53, -20.73],
						"0.5": [-47.31135, -5.75386, -28.4767]
					},
					"position": {
						"0.0": [0, 0, 0],
						"0.05": [0, 0, 0],
						"0.15": [1.6, 0.2, 0],
						"0.2": [4.17, -1.16, 0],
						"0.3": [10.63, -11.12, 1.93],
						"0.4": [19.92, -27.81, 5.6],
						"0.5": [27.5, -44.4, 9.1]
					}
				},
				"camera": {
					"rotation": {
						"0.0": [0, 0, 0],
						"0.1833": [-1.9997, 0.00061, 0.0349],
						"0.3167": [-1, -0.99878, 0.0698],
						"0.5": [0, 0, 0]
					}
				}
			},
			"sound_effects": {
				"0.0": {
					"effect": "iw:dcm8/p90_put_away"
				}
			}
		},
		"reload_tactical": {
			"loop": "hold_on_last_frame",
			"animation_length": 2,
			"bones": {
				"lefthand": {
					"rotation": {
						"0.0": [97.98826, -13.86322, -176.21398],
						"0.1": [165.84934, 1.89159, -242.47397],
						"0.2": [182.8841, -10.13046, -270.08088],
						"0.3667": [185.45073, -14.59248, -282.03788],
						"0.6": [180.79513, 0.86596, -244.75133],
						"1.3": [182.88, -10.13, -270.08],
						"1.4": [184.0313, -4.63772, -212.96973],
						"1.5": [184.0313, -4.63772, -212.96973],
						"1.5667": [188.34934, 1.89159, -242.47397],
						"1.7": [97.98826, -13.86322, -176.21398]
					},
					"position": {
						"0.0": [7.4, -12.2, -5.5],
						"0.1": [12.4, -2.2, 7.5],
						"0.2": [5.4, -3.2, 9.5],
						"1.3": [5.4, -3.2, 9.5],
						"1.4": [8.4, -3.2, 9.5],
						"1.5": [8.4, -3.2, 9.5],
						"1.5667": [11.4, -7.2, 5.5],
						"1.7": [7.4, -12.2, -5.5]
					},
					"scale": {
						"0.0": [1, 1.5, 1],
						"1.7": [1, 1.5, 1]
					}
				},
				"righthand": {
					"rotation": [95, 0, -180],
					"position": [-6.2, -12, 7],
					"scale": [1, 1.5, 1]
				},
				"constraint": {
					"rotation": [0.2, 0.15, 0.2],
					"position": [0.1, 0.1, 0.4]
				},
				"root": {
					"rotation": {
						"0.0": [0, 0, 0],
						"0.1": [10, -22, 0],
						"0.2": [10, -25, 0],
						"0.3333": {
							"pre": [10, -25, 0],
							"post": [10, -25, 0],
							"lerp_mode": "catmullrom"
						},
						"0.4": {
							"post": [9.59455, -28.55867, 2.90823],
							"lerp_mode": "catmullrom"
						},
						"0.4667": {
							"post": [7.16377, -27.66606, 1.94481],
							"lerp_mode": "catmullrom"
						},
						"0.5333": {
							"post": [10, -25, 0],
							"lerp_mode": "catmullrom"
						},
						"0.8667": {
							"post": [10, -25, 0],
							"lerp_mode": "catmullrom"
						},
						"1.0667": {
							"post": [-5.15183, -25.55138, -5.49606],
							"lerp_mode": "catmullrom"
						},
						"1.2333": {
							"post": [-5.15, -25.55, -5.5],
							"lerp_mode": "catmullrom"
						},
						"1.3333": {
							"post": [-6.37351, -25.87899, -6.06253],
							"lerp_mode": "catmullrom"
						},
						"1.3667": {
							"post": [-7.22331, -28.21713, -11.14809],
							"lerp_mode": "catmullrom"
						},
						"1.4333": {
							"post": [-8.38296, -28.04766, -6.5387],
							"lerp_mode": "catmullrom"
						},
						"1.5": {
							"post": [-8.35382, -27.46806, -8.23593],
							"lerp_mode": "catmullrom"
						},
						"1.6": {
							"post": [-8.35382, -27.46806, -8.23593],
							"lerp_mode": "catmullrom"
						},
						"1.7333": [3.32, 0.02, 0.25],
						"1.8": [0.54897, 0.03925, -2.99974],
						"1.8667": [-0.47058, -0.0434, 0.36929],
						"1.9": [-0.68804, -0.01635, -0.25033],
						"2.0": [0, 0, 0]
					},
					"position": {
						"0.0": [0, 0, 0],
						"0.1": [0, -3, -5],
						"0.2333": [0, -2.5, -5],
						"0.3333": {
							"pre": [0, -2.5, -5],
							"post": [0, -2.5, -5],
							"lerp_mode": "catmullrom"
						},
						"0.4": {
							"post": [0, -2.5, -5],
							"lerp_mode": "catmullrom"
						},
						"0.4667": {
							"post": [0, -2.5, -5],
							"lerp_mode": "catmullrom"
						},
						"0.8333": {
							"post": [0, -2.5, -5],
							"lerp_mode": "catmullrom"
						},
						"1.0667": {
							"post": [0, -1.5, -5],
							"lerp_mode": "catmullrom"
						},
						"1.2333": {
							"post": [0, -1.5, -5],
							"lerp_mode": "catmullrom"
						},
						"1.3333": {
							"post": [0, -1.5, -5],
							"lerp_mode": "catmullrom"
						},
						"1.3667": {
							"post": [-0.485, -2.085, -5],
							"lerp_mode": "catmullrom"
						},
						"1.4333": {
							"post": [0.115, -1.455, -5],
							"lerp_mode": "catmullrom"
						},
						"1.5667": {
							"post": [0, -1.5, -5],
							"lerp_mode": "catmullrom"
						},
						"1.7": {
							"post": [0, -1.5, -3],
							"lerp_mode": "catmullrom"
						},
						"1.7667": {
							"post": [0, -0.375, 0.25],
							"lerp_mode": "catmullrom"
						},
						"1.8333": {
							"post": [0, -0.075, 0.45],
							"lerp_mode": "catmullrom"
						},
						"1.9": {
							"post": [0, 0, -0.2125],
							"lerp_mode": "catmullrom"
						},
						"2.0": {
							"post": [0, 0, 0.05],
							"lerp_mode": "catmullrom"
						},
						"2.1": {
							"post": [0, 0, 0],
							"lerp_mode": "catmullrom"
						}
					}
				},
				"mag_and_lefthand": {
					"rotation": {
						"0.3667": [0, 0, 0],
						"0.6": {
							"pre": [57.5, 30, 0],
							"post": [57.5, 30, 0],
							"lerp_mode": "catmullrom"
						},
						"0.9": {
							"post": [57.5, 30, 0],
							"lerp_mode": "catmullrom"
						},
						"1.0333": [-22.5, 30, 0],
						"1.2": [10, 30, 0],
						"1.3333": [10, 30, 0],
						"1.3667": [0, 0, 0]
					},
					"position": {
						"0.3667": [0, 0, 0],
						"0.4667": {
							"pre": [8, 0, 2],
							"post": [8, 0, 2],
							"lerp_mode": "catmullrom"
						},
						"0.5667": {
							"post": [8, -16, 0],
							"lerp_mode": "catmullrom"
						},
						"0.9": {
							"post": [8, -16, 0],
							"lerp_mode": "catmullrom"
						},
						"1.0333": [10, -16, 0],
						"1.2": [5, 1, 0],
						"1.3333": [5, 1.5, 0.25],
						"1.3667": [0, 0, 0]
					}
				},
				"camera": {
					"rotation": {
						"0.0": {
							"post": [0, 0, 0],
							"lerp_mode": "catmullrom"
						},
						"0.1333": {
							"post": [2.28, 0.16, 1.46],
							"lerp_mode": "catmullrom"
						},
						"0.3": {
							"post": [1.60608, 1.07931, 2.83465],
							"lerp_mode": "catmullrom"
						},
						"0.4": {
							"post": [1.83722, 0.85348, 1.9598],
							"lerp_mode": "catmullrom"
						},
						"0.4667": {
							"post": [1.53, 0.765, 1.6],
							"lerp_mode": "catmullrom"
						},
						"0.5": {
							"post": [1.525, 0.705, 1.83],
							"lerp_mode": "catmullrom"
						},
						"0.5667": {
							"post": [0.855, 0.45, 1.355],
							"lerp_mode": "catmullrom"
						},
						"0.6333": {
							"post": [0.87, 0.34, 1.375],
							"lerp_mode": "catmullrom"
						},
						"0.9": {
							"post": [1.415, 0.21, 1.79],
							"lerp_mode": "catmullrom"
						},
						"1.1333": {
							"post": [1.39322, 0.15002, 2.31727],
							"lerp_mode": "catmullrom"
						},
						"1.3333": {
							"post": [0.35841, 0.16737, 2.96734],
							"lerp_mode": "catmullrom"
						},
						"1.3667": {
							"post": [1.05, 0.16, 1.98],
							"lerp_mode": "catmullrom"
						},
						"1.4": {
							"post": [0.43951, 0.11417, 2.47223],
							"lerp_mode": "catmullrom"
						},
						"1.5667": {
							"post": [0.615, 0.08, 1.84],
							"lerp_mode": "catmullrom"
						},
						"1.6667": {
							"post": [0, 0, 0],
							"lerp_mode": "catmullrom"
						},
						"1.7333": {
							"post": [-0.22, 0, -0.07],
							"lerp_mode": "catmullrom"
						},
						"1.8": {
							"post": [0.25, 0, 0.2],
							"lerp_mode": "catmullrom"
						},
						"1.8667": {
							"post": [-0.125, 0, -0.125],
							"lerp_mode": "catmullrom"
						},
						"2.0": {
							"post": [0, 0, 0],
							"lerp_mode": "catmullrom"
						}
					}
				}
			},
			"sound_effects": {
				"0.0667": {
					"effect": "iw:dcm8/wpfoly_sr12_fast_clipout_v2"
				},
				"0.9": {
					"effect": "iw:dcm8/wpfoly_sr12_clipin_v3"
				}
			}
		},
		"reload_empty": {
			"animation_length": 2.7,
			"bones": {
				"lefthand": {
					"rotation": {
						"0.0": [97.98826, -13.86322, -176.21398],
						"0.1": [165.84934, 1.89159, -242.47397],
						"0.2": [182.8841, -10.13046, -270.08088],
						"0.3667": [185.45073, -14.59248, -282.03788],
						"0.6": [180.79513, 0.86596, -244.75133],
						"1.3": [182.88, -10.13, -270.08],
						"1.4": [184.0313, -4.63772, -212.96973],
						"1.5": [181.5313, -4.63772, -212.96973],
						"1.8333": [145.75868, -28.33902, -323.33524],
						"1.9": [145.75868, -28.33902, -323.33524],
						"2.0": [150.06642, -7.04952, -337.20305],
						"2.1667": [145.75868, -28.33902, -323.33524],
						"2.2667": [121.87, -21.1, -249.77],
						"2.3667": [97.98826, -13.86322, -176.21398]
					},
					"position": {
						"0.0": [7.4, -12.2, -5.5],
						"0.1": [12.4, -2.2, 7.5],
						"0.2": [5.4, -3.2, 9.5],
						"1.3": [5.4, -3.2, 9.5],
						"1.4": [8.4, -3.2, 9.5],
						"1.5": [8.4, -3.2, 9.5],
						"1.7": [5.81, 0.61, 10.95],
						"1.8333": [5.21, -1.58, 14.4],
						"1.9": [5.21, -0.58, 14.4],
						"2.0667": [5.21, -2.58, 14.4],
						"2.1667": [5.21, -0.58, 14.4],
						"2.2667": [16.31, -0.39, 4.45],
						"2.3667": [7.4, -12.2, -5.5]
					},
					"scale": [1, 1.5, 1]
				},
				"righthand": {
					"rotation": [95, 0, -180],
					"position": [-6.2, -12, 7],
					"scale": [1, 1.5, 1]
				},
				"constraint": {
					"rotation": [0.2, 0.15, 0.2],
					"position": [0.1, 0.1, 0.4]
				},
				"root": {
					"rotation": {
						"0.0": [0, 0, 0],
						"0.1": [10, -22, 0],
						"0.2": [10, -25, 0],
						"0.3333": {
							"pre": [10, -25, 0],
							"post": [10, -25, 0],
							"lerp_mode": "catmullrom"
						},
						"0.4": {
							"post": [9.59455, -28.55867, 2.90823],
							"lerp_mode": "catmullrom"
						},
						"0.4667": {
							"post": [7.16377, -27.66606, 1.94481],
							"lerp_mode": "catmullrom"
						},
						"0.5333": {
							"post": [10, -25, 0],
							"lerp_mode": "catmullrom"
						},
						"0.8667": {
							"post": [10, -25, 0],
							"lerp_mode": "catmullrom"
						},
						"1.0667": {
							"post": [-5.15183, -25.55138, -5.49606],
							"lerp_mode": "catmullrom"
						},
						"1.2333": {
							"post": [-5.15, -25.55, -5.5],
							"lerp_mode": "catmullrom"
						},
						"1.3333": {
							"post": [-6.37351, -25.87899, -6.06253],
							"lerp_mode": "catmullrom"
						},
						"1.3667": {
							"post": [-7.22331, -28.21713, -11.14809],
							"lerp_mode": "catmullrom"
						},
						"1.4333": {
							"post": [-8.38296, -28.04766, -6.5387],
							"lerp_mode": "catmullrom"
						},
						"1.5": {
							"post": [-8.35382, -27.46806, -8.23593],
							"lerp_mode": "catmullrom"
						},
						"1.6": {
							"post": [-8.35382, -27.46806, -8.23593],
							"lerp_mode": "catmullrom"
						},
						"1.7667": {
							"post": [-23.13547, -3.12628, 60.25339],
							"lerp_mode": "catmullrom"
						},
						"1.9333": {
							"post": [-23.13547, -3.12628, 60.25339],
							"lerp_mode": "catmullrom"
						},
						"2.0": {
							"post": [-23.02674, -3.91421, 58.40666],
							"lerp_mode": "catmullrom"
						},
						"2.2333": {
							"post": [-23.13547, -3.12628, 60.25339],
							"lerp_mode": "catmullrom"
						},
						"2.4333": [3.32, 0.02, 0.25],
						"2.5": [0.54897, 0.03925, -2.99974],
						"2.5667": [-0.47058, -0.0434, 0.36929],
						"2.6": [-0.68804, -0.01635, -0.25033],
						"2.7": [0, 0, 0]
					},
					"position": {
						"0.0": [0, 0, 0],
						"0.1": [0, -3, -5],
						"0.2333": [0, -2.5, -5],
						"0.3333": {
							"pre": [0, -2.5, -5],
							"post": [0, -2.5, -5],
							"lerp_mode": "catmullrom"
						},
						"0.4": {
							"post": [0, -2.5, -5],
							"lerp_mode": "catmullrom"
						},
						"0.4667": {
							"post": [0, -2.5, -5],
							"lerp_mode": "catmullrom"
						},
						"0.8333": {
							"post": [0, -2.5, -5],
							"lerp_mode": "catmullrom"
						},
						"1.0667": {
							"post": [0, -1.5, -5],
							"lerp_mode": "catmullrom"
						},
						"1.2333": {
							"post": [0, -1.5, -5],
							"lerp_mode": "catmullrom"
						},
						"1.3333": {
							"post": [0, -1.5, -5],
							"lerp_mode": "catmullrom"
						},
						"1.3667": {
							"post": [-0.485, -2.085, -5],
							"lerp_mode": "catmullrom"
						},
						"1.4333": {
							"post": [0.115, -1.455, -5],
							"lerp_mode": "catmullrom"
						},
						"1.5667": {
							"post": [0, -1.5, -5],
							"lerp_mode": "catmullrom"
						},
						"1.7333": {
							"post": [3, -1.53, -9.06],
							"lerp_mode": "catmullrom"
						},
						"1.9": {
							"post": [3, -1.53, -9.06],
							"lerp_mode": "catmullrom"
						},
						"2.2": [3, -1.53, -9.06],
						"2.4": {
							"pre": [0, -1.5, -3],
							"post": [0, -1.5, -3],
							"lerp_mode": "catmullrom"
						},
						"2.4667": {
							"post": [0, -0.375, 0.25],
							"lerp_mode": "catmullrom"
						},
						"2.5333": {
							"post": [0, -0.075, 0.45],
							"lerp_mode": "catmullrom"
						},
						"2.6": {
							"post": [0, 0, -0.2125],
							"lerp_mode": "catmullrom"
						},
						"2.7": {
							"post": [0, 0, 0.05],
							"lerp_mode": "catmullrom"
						},
						"2.8": {
							"post": [0, 0, 0],
							"lerp_mode": "catmullrom"
						}
					}
				},
				"mag_and_lefthand": {
					"rotation": {
						"0.3667": [0, 0, 0],
						"0.6": {
							"pre": [57.5, 30, 0],
							"post": [57.5, 30, 0],
							"lerp_mode": "catmullrom"
						},
						"0.9": {
							"post": [57.5, 30, 0],
							"lerp_mode": "catmullrom"
						},
						"1.0333": [-22.5, 30, 0],
						"1.2": [10, 30, 0],
						"1.3333": [10, 30, 0],
						"1.3667": [0, 0, 0]
					},
					"position": {
						"0.3667": [0, 0, 0],
						"0.4667": {
							"pre": [8, 0, 2],
							"post": [8, 0, 2],
							"lerp_mode": "catmullrom"
						},
						"0.5667": {
							"post": [8, -16, 0],
							"lerp_mode": "catmullrom"
						},
						"0.9": {
							"post": [8, -16, 0],
							"lerp_mode": "catmullrom"
						},
						"1.0333": [10, -16, 0],
						"1.2": [5, 1, 0],
						"1.3333": [5, 1.5, 0.25],
						"1.3667": [0, 0, 0]
					}
				},
				"camera": {
					"rotation": {
						"0.0": {
							"post": [0, 0, 0],
							"lerp_mode": "catmullrom"
						},
						"0.1333": {
							"post": [2.28, 0.16, 1.46],
							"lerp_mode": "catmullrom"
						},
						"0.3": {
							"post": [1.60608, 1.07931, 2.83465],
							"lerp_mode": "catmullrom"
						},
						"0.4": {
							"post": [1.83722, 0.85348, 1.9598],
							"lerp_mode": "catmullrom"
						},
						"0.4667": {
							"post": [1.53, 0.765, 1.6],
							"lerp_mode": "catmullrom"
						},
						"0.5": {
							"post": [1.525, 0.705, 1.83],
							"lerp_mode": "catmullrom"
						},
						"0.5667": {
							"post": [0.855, 0.45, 1.355],
							"lerp_mode": "catmullrom"
						},
						"0.6333": {
							"post": [0.87, 0.34, 1.375],
							"lerp_mode": "catmullrom"
						},
						"0.9": {
							"post": [1.415, 0.21, 1.79],
							"lerp_mode": "catmullrom"
						},
						"1.1333": {
							"post": [1.39322, 0.15002, 2.31727],
							"lerp_mode": "catmullrom"
						},
						"1.3333": {
							"post": [0.35841, 0.16737, 2.96734],
							"lerp_mode": "catmullrom"
						},
						"1.3667": {
							"post": [1.05, 0.16, 1.98],
							"lerp_mode": "catmullrom"
						},
						"1.4": {
							"post": [0.43951, 0.11417, 2.47223],
							"lerp_mode": "catmullrom"
						},
						"1.5667": {
							"post": [0.43951, 0.11417, 2.47223],
							"lerp_mode": "catmullrom"
						},
						"1.8": {
							"post": [-1.07, 0.43, -1.6],
							"lerp_mode": "catmullrom"
						},
						"2.0667": {
							"post": [-1.4, 0.47, -1.69],
							"lerp_mode": "catmullrom"
						},
						"2.3333": {
							"post": [0.615, 0.08, 1.84],
							"lerp_mode": "catmullrom"
						},
						"2.4333": {
							"post": [0, 0, 0],
							"lerp_mode": "catmullrom"
						},
						"2.5": {
							"post": [-0.22, 0, -0.07],
							"lerp_mode": "catmullrom"
						},
						"2.5667": {
							"post": [0.25, 0, 0.2],
							"lerp_mode": "catmullrom"
						},
						"2.6333": {
							"post": [-0.125, 0, -0.125],
							"lerp_mode": "catmullrom"
						},
						"2.7667": {
							"post": [0, 0, 0],
							"lerp_mode": "catmullrom"
						}
					}
				}
			},
			"sound_effects": {
				"0.0667": {
					"effect": "iw:dcm8/wpfoly_sr12_empty_fast_clipout_v2"
				},
				"0.9667": {
					"effect": "iw:dcm8/wpfoly_sr12_empty_clipin_v3"
				}
			}
		},
		"inspect": {
			"animation_length": 7.7083,
			"bones": {
				"root": {
					"rotation": {
						"0.0": {
							"post": [0, 0, 0],
							"lerp_mode": "catmullrom"
						},
						"0.0833": {
							"post": [1.81542, -14.86634, -10.39453],
							"lerp_mode": "catmullrom"
						},
						"0.3333": {
							"post": [5.82015, -51.738, -53.5966],
							"lerp_mode": "catmullrom"
						},
						"0.5": {
							"post": [14.5, -58.27, -64.68],
							"lerp_mode": "catmullrom"
						},
						"0.7083": {
							"post": [15.90743, -59.62123, -63.90118],
							"lerp_mode": "catmullrom"
						},
						"1.0833": {
							"post": [17.85, -59.13, -64.69],
							"lerp_mode": "catmullrom"
						},
						"1.2917": {
							"post": [22.955, -56.8, -69.93],
							"lerp_mode": "catmullrom"
						},
						"1.5417": {
							"post": [24.37837, -56.38544, -70.5858],
							"lerp_mode": "catmullrom"
						},
						"1.75": {
							"post": [24.13538, -56.83258, -70.94291],
							"lerp_mode": "catmullrom"
						},
						"2.0833": {
							"post": [23.7023, -56.43942, -71.22899],
							"lerp_mode": "catmullrom"
						},
						"2.25": {
							"post": [20.48529, -57.29487, -67.27249],
							"lerp_mode": "catmullrom"
						},
						"2.3333": {
							"post": [17.395, -58.095, -61.845],
							"lerp_mode": "catmullrom"
						},
						"2.5": {
							"post": [-0.22664, -57.41767, -42.86406],
							"lerp_mode": "catmullrom"
						},
						"2.625": {
							"post": [19.92, -67.68, -42.64],
							"lerp_mode": "catmullrom"
						},
						"2.75": {
							"post": [32.37448, -74.31388, -42.89562],
							"lerp_mode": "catmullrom"
						},
						"2.8333": {
							"post": [39.31031, -74.52711, -45.54817],
							"lerp_mode": "catmullrom"
						},
						"3.0": {
							"post": [36.28795, -74.86716, -43.79753],
							"lerp_mode": "catmullrom"
						},
						"3.125": {
							"post": [35.95, -75.12, -43.73],
							"lerp_mode": "catmullrom"
						},
						"3.3333": {
							"post": [35.815, -75.53, -44.055],
							"lerp_mode": "catmullrom"
						},
						"3.625": {
							"post": [37.58, -76.31, -45.065],
							"lerp_mode": "catmullrom"
						},
						"3.875": {
							"post": [51.33547, -80.5604, -51.81558],
							"lerp_mode": "catmullrom"
						},
						"4.25": {
							"post": [52.06047, -82.5354, -51.81558],
							"lerp_mode": "catmullrom"
						},
						"5.2083": {
							"post": [48.6, -82.02, -51.155],
							"lerp_mode": "catmullrom"
						},
						"5.3333": {
							"post": [32.91, -68.525, -42.625],
							"lerp_mode": "catmullrom"
						},
						"5.4583": {
							"post": [10.17, -47.41, -22.3],
							"lerp_mode": "catmullrom"
						},
						"5.5417": {
							"post": [-12.02262, -26.83616, -1.32679],
							"lerp_mode": "catmullrom"
						},
						"5.7083": {
							"post": [-20.59077, -18.37194, 6.94088],
							"lerp_mode": "catmullrom"
						},
						"5.8333": {
							"post": [-22.80267, -16.94061, 6.94387],
							"lerp_mode": "catmullrom"
						},
						"6.0833": {
							"post": [-22.96296, -17.14551, 6.6573],
							"lerp_mode": "catmullrom"
						},
						"6.2083": {
							"post": [-23.05543, -17.07115, 6.70298],
							"lerp_mode": "catmullrom"
						},
						"6.3333": {
							"post": [-23.80417, -15.97748, 9.33492],
							"lerp_mode": "catmullrom"
						},
						"6.5": {
							"post": [-23.86361, -16.11956, 10.17728],
							"lerp_mode": "catmullrom"
						},
						"6.7917": {
							"post": [-24.13012, -16.14213, 9.84782],
							"lerp_mode": "catmullrom"
						},
						"6.9583": {
							"post": [-19.78, -16.97, 5.86],
							"lerp_mode": "catmullrom"
						},
						"7.0833": {
							"post": [2.3, -9.875, 2.95],
							"lerp_mode": "catmullrom"
						},
						"7.2083": {
							"post": [4.275, -4.925, 1.975],
							"lerp_mode": "catmullrom"
						},
						"7.2917": {
							"post": [2.675, 0, 0],
							"lerp_mode": "catmullrom"
						},
						"7.3333": {
							"post": [-0.21209, 0.36471, 1.10002],
							"lerp_mode": "catmullrom"
						},
						"7.4583": {
							"post": [0, 0, -0.5],
							"lerp_mode": "catmullrom"
						},
						"7.5417": {
							"post": [-0.04, -0.02297, 0.05],
							"lerp_mode": "catmullrom"
						},
						"7.7083": {
							"post": [0, 0, 0],
							"lerp_mode": "catmullrom"
						}
					},
					"position": {
						"0.0": {
							"post": [0, 0, 0],
							"lerp_mode": "catmullrom"
						},
						"0.0833": {
							"post": [0.965, -0.54, -0.3],
							"lerp_mode": "catmullrom"
						},
						"0.2917": {
							"post": [2.675, 3.675, -0.85],
							"lerp_mode": "catmullrom"
						},
						"0.375": {
							"post": [3.12, 3.54, -0.8],
							"lerp_mode": "catmullrom"
						},
						"0.4583": {
							"post": [3.225, 3.275, -0.5],
							"lerp_mode": "catmullrom"
						},
						"0.5417": {
							"post": [3.305, 3.425, -0.275],
							"lerp_mode": "catmullrom"
						},
						"0.625": {
							"post": [3.32, 3.395, -0.175],
							"lerp_mode": "catmullrom"
						},
						"0.7917": {
							"post": [3.285, 3.29, -0.15],
							"lerp_mode": "catmullrom"
						},
						"1.2083": {
							"post": [3.15, 3.29, -0.15],
							"lerp_mode": "catmullrom"
						},
						"1.3333": {
							"post": [3.08, 3.195, -0.15],
							"lerp_mode": "catmullrom"
						},
						"1.625": {
							"post": [3.05, 3.22, 0],
							"lerp_mode": "catmullrom"
						},
						"1.875": {
							"post": [3.04, 3.235, 0],
							"lerp_mode": "catmullrom"
						},
						"2.2083": {
							"post": [3.15, 3.275, 0],
							"lerp_mode": "catmullrom"
						},
						"2.2917": {
							"post": [3.27, 3.3, 0],
							"lerp_mode": "catmullrom"
						},
						"2.375": {
							"post": [3.43, 2.455, 0],
							"lerp_mode": "catmullrom"
						},
						"2.5417": {
							"post": [3.875, 1.85, -0.225],
							"lerp_mode": "catmullrom"
						},
						"2.625": {
							"post": [4.24, 2.01, -0.675],
							"lerp_mode": "catmullrom"
						},
						"2.8333": {
							"post": [5.03, 3.465, -1.725],
							"lerp_mode": "catmullrom"
						},
						"3.0": {
							"post": [5.24, 3.58, -2],
							"lerp_mode": "catmullrom"
						},
						"3.2083": {
							"post": [5.28, 3.435, -2.125],
							"lerp_mode": "catmullrom"
						},
						"3.4583": {
							"post": [5.205, 3.49, -2.15],
							"lerp_mode": "catmullrom"
						},
						"3.5833": {
							"post": [5.555, 3.55, -2.1],
							"lerp_mode": "catmullrom"
						},
						"3.875": {
							"post": [4.025, 3.7, -1.85],
							"lerp_mode": "catmullrom"
						},
						"4.0833": {
							"post": [3.715, 3.765, -1.8],
							"lerp_mode": "catmullrom"
						},
						"4.3333": {
							"post": [3.655, 3.63, -1.8],
							"lerp_mode": "catmullrom"
						},
						"4.5417": {
							"post": [3.595, 3.62, -1.8],
							"lerp_mode": "catmullrom"
						},
						"4.8333": {
							"post": [3.405, 3.65, -1.85],
							"lerp_mode": "catmullrom"
						},
						"5.1667": {
							"post": [3.49, 3.27, -1.675],
							"lerp_mode": "catmullrom"
						},
						"5.25": {
							"post": [3.26, 2.25, -1.36],
							"lerp_mode": "catmullrom"
						},
						"5.3333": {
							"post": [2.78, -1.015, -0.17],
							"lerp_mode": "catmullrom"
						},
						"5.4583": {
							"post": [2.76, -0.36, 1.13],
							"lerp_mode": "catmullrom"
						},
						"5.5833": {
							"post": [2.45, 0.06, 1.52],
							"lerp_mode": "catmullrom"
						},
						"5.7083": {
							"post": [2.21, -0.26, 1.58],
							"lerp_mode": "catmullrom"
						},
						"5.875": {
							"post": [2.09, 0.01, 1.65],
							"lerp_mode": "catmullrom"
						},
						"6.0417": {
							"post": [2.1, 0.025, 1.69],
							"lerp_mode": "catmullrom"
						},
						"6.3333": {
							"post": [2.095, 0.1, 1.775],
							"lerp_mode": "catmullrom"
						},
						"6.625": {
							"post": [2.08, 0.22, 1.79],
							"lerp_mode": "catmullrom"
						},
						"6.875": {
							"post": [2.06, 0.17, 1.86],
							"lerp_mode": "catmullrom"
						},
						"7.0": {
							"post": [2.02, 0.125, 1.8],
							"lerp_mode": "catmullrom"
						},
						"7.0833": {
							"post": [1.35, -1.295, 0.705],
							"lerp_mode": "catmullrom"
						},
						"7.2083": {
							"post": [0, -1.775, -2],
							"lerp_mode": "catmullrom"
						},
						"7.3333": {
							"post": [0, 0.075, 0.375],
							"lerp_mode": "catmullrom"
						},
						"7.4583": {
							"post": [0, 0, -0.05],
							"lerp_mode": "catmullrom"
						},
						"7.5417": {
							"post": [0, 0, 0.025],
							"lerp_mode": "catmullrom"
						},
						"7.7083": {
							"post": [0, 0, 0],
							"lerp_mode": "catmullrom"
						}
					}
				},
				"righthand": {
					"rotation": {
						"0.0": [95, 0, -180],
						"0.2917": [95, 0, -180],
						"0.5": [95.22068, 1.2789, -172.2621],
						"2.3333": [95.22068, 1.2789, -172.2621],
						"2.5417": [233.53378, -98.79942, -299.92312],
						"2.625": [301.81585, -93.24082, -369.23968],
						"3.625": [301.82, -93.24, -369.24],
						"4.0": [299.53448, -91.48344, -364.85046],
						"5.2917": [299.53448, -91.48344, -364.85046],
						"5.375": [102.07064, -87.12256, -167.73251],
						"5.5": [97.35894, -24.12051, -166.9842],
						"5.5833": [95.06415, -6.68901, -172.9954],
						"5.625": [95.22068, 1.2789, -172.2621],
						"5.75": [95, 0, -180]
					},
					"position": {
						"0.0": [-6.2, -12, 7],
						"0.2917": [-6.2, -12, 7],
						"2.3333": [-6.2, -12, 7],
						"2.4583": [-6.17, -13.67, 6.33],
						"2.5417": [-7.99, -12.99, 11.77],
						"2.5833": [-6.8, -10.9, 15],
						"2.625": [-7.2, -10.7, 15.4],
						"5.25": [-7.2, -10.7, 15.4],
						"5.2917": [-7.8, -10.9, 13],
						"5.3333": [-8.99, -10.99, 9.77],
						"5.5": [-11.17, -11.67, 8.33],
						"5.5833": [-8.3, -11.4, 7.4],
						"5.625": [-7.5, -11.4, 6.8],
						"5.75": [-6.2, -12, 7]
					},
					"scale": [1, 1.5, 1]
				},
				"lefthand": {
					"rotation": {
						"0.0": [97.98826, -13.86322, -176.21398],
						"0.2917": [122.42285, -27.02023, -175.7724],
						"0.4583": [122.42285, -27.02023, -175.7724],
						"1.0833": [122.42285, -27.02023, -175.7724],
						"2.4583": {
							"pre": [122.42285, -27.02023, -175.7724],
							"post": [122.42285, -27.02023, -175.7724],
							"lerp_mode": "catmullrom"
						},
						"2.5833": {
							"post": [130.20457, -29.61987, -185.95057],
							"lerp_mode": "catmullrom"
						},
						"2.75": {
							"post": [145.75221, -45.62908, -207.11051],
							"lerp_mode": "catmullrom"
						},
						"2.875": [146.3082, -47.63024, -206.88985],
						"3.625": [145.24, -46.91, -205.41],
						"4.0": [149.39189, -49.2927, -210.98406],
						"5.2917": [149.39189, -49.2927, -210.98406],
						"5.5417": [97.98826, -13.86322, -176.21398]
					},
					"position": {
						"0.0": [7.4, -12.2, -5.5],
						"0.3333": [6.7, -13.6, -8],
						"1.0833": [6.7, -13.6, -8],
						"2.4583": [6.7, -13.6, -8],
						"2.75": [6.7, -12.4, -8.9],
						"5.2917": [6.7, -12.4, -8.9],
						"5.5417": [7.4, -12.2, -5.5]
					},
					"scale": [1, 1.5, 1]
				},
				"camera": {
					"rotation": {
						"0.0": {
							"post": [0, 0, 0],
							"lerp_mode": "catmullrom"
						},
						"0.0833": {
							"post": [0.4, 0, 0],
							"lerp_mode": "catmullrom"
						},
						"0.2917": {
							"post": [1.30023, -0.01527, -1.74993],
							"lerp_mode": "catmullrom"
						},
						"0.3333": {
							"post": [2.01, 0.03, -1.95],
							"lerp_mode": "catmullrom"
						},
						"0.4583": {
							"post": [1.43, 0.17, -3.37],
							"lerp_mode": "catmullrom"
						},
						"0.5417": {
							"post": [1.81, 0.26, -3.125],
							"lerp_mode": "catmullrom"
						},
						"0.625": {
							"post": [1.88, 0.26, -3.42],
							"lerp_mode": "catmullrom"
						},
						"0.8333": {
							"post": [1.61, 0.16, -3.13],
							"lerp_mode": "catmullrom"
						},
						"1.0417": {
							"post": [1.24513, 0.25816, -2.73941],
							"lerp_mode": "catmullrom"
						},
						"1.4583": {
							"post": [3.03282, 1.90875, -2.00543],
							"lerp_mode": "catmullrom"
						},
						"1.7917": {
							"post": [3.25347, 2.72863, -1.39145],
							"lerp_mode": "catmullrom"
						},
						"2.4583": {
							"post": [2.19341, 2.77713, -2.64195],
							"lerp_mode": "catmullrom"
						},
						"2.5833": {
							"post": [1.79533, -1.00684, -0.70832],
							"lerp_mode": "catmullrom"
						},
						"2.8333": {
							"post": [0.70742, -4.55228, -4.03082],
							"lerp_mode": "catmullrom"
						},
						"3.0": {
							"post": [0.78, -5.51, -4.96],
							"lerp_mode": "catmullrom"
						},
						"3.2083": {
							"post": [0.425, -5.535, -4.77],
							"lerp_mode": "catmullrom"
						},
						"3.5": {
							"post": [1.16, -5.17, -3.77],
							"lerp_mode": "catmullrom"
						},
						"3.7083": {
							"post": [1.06, -5.58, -3.65],
							"lerp_mode": "catmullrom"
						},
						"4.2083": {
							"post": [-1.41776, -10.9306, -3.56097],
							"lerp_mode": "catmullrom"
						},
						"4.625": {
							"post": [-3.44663, -16.87798, -2.71554],
							"lerp_mode": "catmullrom"
						},
						"5.2083": {
							"post": [-5.03, -16.75, -2.52],
							"lerp_mode": "catmullrom"
						},
						"5.375": {
							"post": [-4.41, -12.84, -2.19],
							"lerp_mode": "catmullrom"
						},
						"5.5": {
							"post": [-2.64545, -9.12649, -1.55039],
							"lerp_mode": "catmullrom"
						},
						"5.625": {
							"post": [-2.02759, -0.42445, -4.76609],
							"lerp_mode": "catmullrom"
						},
						"5.7917": {
							"post": [5.64, 1.26, 3.82],
							"lerp_mode": "catmullrom"
						},
						"5.875": {
							"post": [5.30033, 0.85233, 3.77669],
							"lerp_mode": "catmullrom"
						},
						"6.0833": {
							"post": [5.835, 1.2, 3.97],
							"lerp_mode": "catmullrom"
						},
						"6.2917": {
							"post": [6.52948, 2.06599, 3.97567],
							"lerp_mode": "catmullrom"
						},
						"6.8333": {
							"post": [7.72023, 1.49264, 2.38344],
							"lerp_mode": "catmullrom"
						},
						"7.0417": {
							"post": [5.67939, 1.64162, 0.89029],
							"lerp_mode": "catmullrom"
						},
						"7.125": {
							"post": [1.995, 0.98, 0.42],
							"lerp_mode": "catmullrom"
						},
						"7.2917": {
							"post": [-0.225, 0, -0.225],
							"lerp_mode": "catmullrom"
						},
						"7.375": {
							"post": [0.23, -0.12, 0.305],
							"lerp_mode": "catmullrom"
						},
						"7.5": {
							"post": [-0.15, 0, -0.1],
							"lerp_mode": "catmullrom"
						},
						"7.625": {
							"post": [0, 0, 0],
							"lerp_mode": "catmullrom"
						}
					}
				}
			},
			"sound_effects": {
				"0.0": {
					"effect": "iw:dcm8/p90_inspect_raise"
				},
				"0.875": {
					"effect": "iw:dcm8/p90_inspect_rattle"
				},
				"2.2083": {
					"effect": "iw:dcm8/p90_inspect_rattle"
				},
				"2.375": {
					"effect": "iw:dcm8/p90_inspect_armup"
				},
				"2.625": {
					"effect": "iw:dcm8/p90_inspect_grabgrip"
				},
				"3.7083": {
					"effect": "iw:dcm8/p90_inspect_tilt"
				},
				"5.25": {
					"effect": "iw:dcm8/p90_inspect_grabgrip"
				},
				"5.4583": {
					"effect": "iw:dcm8/p90_inspect_armdown"
				},
				"6.9583": {
					"effect": "iw:dcm8/p90_inspect_end"
				}
			}
		},
		"inspect_empty": {
			"animation_length": 7.7083,
			"bones": {
				"root": {
					"rotation": {
						"0.0": {
							"post": [0, 0, 0],
							"lerp_mode": "catmullrom"
						},
						"0.0833": {
							"post": [1.81542, -14.86634, -10.39453],
							"lerp_mode": "catmullrom"
						},
						"0.3333": {
							"post": [5.82015, -51.738, -53.5966],
							"lerp_mode": "catmullrom"
						},
						"0.5": {
							"post": [14.5, -58.27, -64.68],
							"lerp_mode": "catmullrom"
						},
						"0.7083": {
							"post": [15.90743, -59.62123, -63.90118],
							"lerp_mode": "catmullrom"
						},
						"1.0833": {
							"post": [17.85, -59.13, -64.69],
							"lerp_mode": "catmullrom"
						},
						"1.2917": {
							"post": [22.955, -56.8, -69.93],
							"lerp_mode": "catmullrom"
						},
						"1.5417": {
							"post": [24.37837, -56.38544, -70.5858],
							"lerp_mode": "catmullrom"
						},
						"1.75": {
							"post": [24.13538, -56.83258, -70.94291],
							"lerp_mode": "catmullrom"
						},
						"2.0833": {
							"post": [23.7023, -56.43942, -71.22899],
							"lerp_mode": "catmullrom"
						},
						"2.25": {
							"post": [20.48529, -57.29487, -67.27249],
							"lerp_mode": "catmullrom"
						},
						"2.3333": {
							"post": [17.395, -58.095, -61.845],
							"lerp_mode": "catmullrom"
						},
						"2.5": {
							"post": [-0.22664, -57.41767, -42.86406],
							"lerp_mode": "catmullrom"
						},
						"2.625": {
							"post": [19.92, -67.68, -42.64],
							"lerp_mode": "catmullrom"
						},
						"2.75": {
							"post": [32.37448, -74.31388, -42.89562],
							"lerp_mode": "catmullrom"
						},
						"2.8333": {
							"post": [39.31031, -74.52711, -45.54817],
							"lerp_mode": "catmullrom"
						},
						"3.0": {
							"post": [36.28795, -74.86716, -43.79753],
							"lerp_mode": "catmullrom"
						},
						"3.125": {
							"post": [35.95, -75.12, -43.73],
							"lerp_mode": "catmullrom"
						},
						"3.3333": {
							"post": [35.815, -75.53, -44.055],
							"lerp_mode": "catmullrom"
						},
						"3.625": {
							"post": [37.58, -76.31, -45.065],
							"lerp_mode": "catmullrom"
						},
						"3.875": {
							"post": [51.33547, -80.5604, -51.81558],
							"lerp_mode": "catmullrom"
						},
						"4.25": {
							"post": [52.06047, -82.5354, -51.81558],
							"lerp_mode": "catmullrom"
						},
						"5.2083": {
							"post": [48.6, -82.02, -51.155],
							"lerp_mode": "catmullrom"
						},
						"5.3333": {
							"post": [32.91, -68.525, -42.625],
							"lerp_mode": "catmullrom"
						},
						"5.4583": {
							"post": [10.17, -47.41, -22.3],
							"lerp_mode": "catmullrom"
						},
						"5.5417": {
							"post": [-12.02262, -26.83616, -1.32679],
							"lerp_mode": "catmullrom"
						},
						"5.7083": {
							"post": [-20.59077, -18.37194, 6.94088],
							"lerp_mode": "catmullrom"
						},
						"5.8333": {
							"post": [-22.80267, -16.94061, 6.94387],
							"lerp_mode": "catmullrom"
						},
						"6.0833": {
							"post": [-22.96296, -17.14551, 6.6573],
							"lerp_mode": "catmullrom"
						},
						"6.2083": {
							"post": [-23.05543, -17.07115, 6.70298],
							"lerp_mode": "catmullrom"
						},
						"6.3333": {
							"post": [-23.80417, -15.97748, 9.33492],
							"lerp_mode": "catmullrom"
						},
						"6.5": {
							"post": [-23.86361, -16.11956, 10.17728],
							"lerp_mode": "catmullrom"
						},
						"6.7917": {
							"post": [-24.13012, -16.14213, 9.84782],
							"lerp_mode": "catmullrom"
						},
						"6.9583": {
							"post": [-19.78, -16.97, 5.86],
							"lerp_mode": "catmullrom"
						},
						"7.0833": {
							"post": [2.3, -9.875, 2.95],
							"lerp_mode": "catmullrom"
						},
						"7.2083": {
							"post": [4.275, -4.925, 1.975],
							"lerp_mode": "catmullrom"
						},
						"7.2917": {
							"post": [2.675, 0, 0],
							"lerp_mode": "catmullrom"
						},
						"7.3333": {
							"post": [-0.21209, 0.36471, 1.10002],
							"lerp_mode": "catmullrom"
						},
						"7.4583": {
							"post": [0, 0, -0.5],
							"lerp_mode": "catmullrom"
						},
						"7.5417": {
							"post": [-0.04, -0.02297, 0.05],
							"lerp_mode": "catmullrom"
						},
						"7.7083": {
							"post": [0, 0, 0],
							"lerp_mode": "catmullrom"
						}
					},
					"position": {
						"0.0": {
							"post": [0, 0, 0],
							"lerp_mode": "catmullrom"
						},
						"0.0833": {
							"post": [0.965, -0.54, -0.3],
							"lerp_mode": "catmullrom"
						},
						"0.2917": {
							"post": [2.675, 3.675, -0.85],
							"lerp_mode": "catmullrom"
						},
						"0.375": {
							"post": [3.12, 3.54, -0.8],
							"lerp_mode": "catmullrom"
						},
						"0.4583": {
							"post": [3.225, 3.275, -0.5],
							"lerp_mode": "catmullrom"
						},
						"0.5417": {
							"post": [3.305, 3.425, -0.275],
							"lerp_mode": "catmullrom"
						},
						"0.625": {
							"post": [3.32, 3.395, -0.175],
							"lerp_mode": "catmullrom"
						},
						"0.7917": {
							"post": [3.285, 3.29, -0.15],
							"lerp_mode": "catmullrom"
						},
						"1.2083": {
							"post": [3.15, 3.29, -0.15],
							"lerp_mode": "catmullrom"
						},
						"1.3333": {
							"post": [3.08, 3.195, -0.15],
							"lerp_mode": "catmullrom"
						},
						"1.625": {
							"post": [3.05, 3.22, 0],
							"lerp_mode": "catmullrom"
						},
						"1.875": {
							"post": [3.04, 3.235, 0],
							"lerp_mode": "catmullrom"
						},
						"2.2083": {
							"post": [3.15, 3.275, 0],
							"lerp_mode": "catmullrom"
						},
						"2.2917": {
							"post": [3.27, 3.3, 0],
							"lerp_mode": "catmullrom"
						},
						"2.375": {
							"post": [3.43, 2.455, 0],
							"lerp_mode": "catmullrom"
						},
						"2.5417": {
							"post": [3.875, 1.85, -0.225],
							"lerp_mode": "catmullrom"
						},
						"2.625": {
							"post": [4.24, 2.01, -0.675],
							"lerp_mode": "catmullrom"
						},
						"2.8333": {
							"post": [5.03, 3.465, -1.725],
							"lerp_mode": "catmullrom"
						},
						"3.0": {
							"post": [5.24, 3.58, -2],
							"lerp_mode": "catmullrom"
						},
						"3.2083": {
							"post": [5.28, 3.435, -2.125],
							"lerp_mode": "catmullrom"
						},
						"3.4583": {
							"post": [5.205, 3.49, -2.15],
							"lerp_mode": "catmullrom"
						},
						"3.5833": {
							"post": [5.555, 3.55, -2.1],
							"lerp_mode": "catmullrom"
						},
						"3.875": {
							"post": [4.025, 3.7, -1.85],
							"lerp_mode": "catmullrom"
						},
						"4.0833": {
							"post": [3.715, 3.765, -1.8],
							"lerp_mode": "catmullrom"
						},
						"4.3333": {
							"post": [3.655, 3.63, -1.8],
							"lerp_mode": "catmullrom"
						},
						"4.5417": {
							"post": [3.595, 3.62, -1.8],
							"lerp_mode": "catmullrom"
						},
						"4.8333": {
							"post": [3.405, 3.65, -1.85],
							"lerp_mode": "catmullrom"
						},
						"5.1667": {
							"post": [3.49, 3.27, -1.675],
							"lerp_mode": "catmullrom"
						},
						"5.25": {
							"post": [3.26, 2.25, -1.36],
							"lerp_mode": "catmullrom"
						},
						"5.3333": {
							"post": [2.78, -1.015, -0.17],
							"lerp_mode": "catmullrom"
						},
						"5.4583": {
							"post": [2.76, -0.36, 1.13],
							"lerp_mode": "catmullrom"
						},
						"5.5833": {
							"post": [2.45, 0.06, 1.52],
							"lerp_mode": "catmullrom"
						},
						"5.7083": {
							"post": [2.21, -0.26, 1.58],
							"lerp_mode": "catmullrom"
						},
						"5.875": {
							"post": [2.09, 0.01, 1.65],
							"lerp_mode": "catmullrom"
						},
						"6.0417": {
							"post": [2.1, 0.025, 1.69],
							"lerp_mode": "catmullrom"
						},
						"6.3333": {
							"post": [2.095, 0.1, 1.775],
							"lerp_mode": "catmullrom"
						},
						"6.625": {
							"post": [2.08, 0.22, 1.79],
							"lerp_mode": "catmullrom"
						},
						"6.875": {
							"post": [2.06, 0.17, 1.86],
							"lerp_mode": "catmullrom"
						},
						"7.0": {
							"post": [2.02, 0.125, 1.8],
							"lerp_mode": "catmullrom"
						},
						"7.0833": {
							"post": [1.35, -1.295, 0.705],
							"lerp_mode": "catmullrom"
						},
						"7.2083": {
							"post": [0, -1.775, -2],
							"lerp_mode": "catmullrom"
						},
						"7.3333": {
							"post": [0, 0.075, 0.375],
							"lerp_mode": "catmullrom"
						},
						"7.4583": {
							"post": [0, 0, -0.05],
							"lerp_mode": "catmullrom"
						},
						"7.5417": {
							"post": [0, 0, 0.025],
							"lerp_mode": "catmullrom"
						},
						"7.7083": {
							"post": [0, 0, 0],
							"lerp_mode": "catmullrom"
						}
					}
				},
				"righthand": {
					"rotation": {
						"0.0": [95, 0, -180],
						"0.2917": [95, 0, -180],
						"0.5": [95.22068, 1.2789, -172.2621],
						"2.3333": [95.22068, 1.2789, -172.2621],
						"2.5417": [233.53378, -98.79942, -299.92312],
						"2.625": [301.81585, -93.24082, -369.23968],
						"3.625": [301.82, -93.24, -369.24],
						"4.0": [299.53448, -91.48344, -364.85046],
						"5.2917": [299.53448, -91.48344, -364.85046],
						"5.375": [102.07064, -87.12256, -167.73251],
						"5.5": [97.35894, -24.12051, -166.9842],
						"5.5833": [95.06415, -6.68901, -172.9954],
						"5.625": [95.22068, 1.2789, -172.2621],
						"5.75": [95, 0, -180]
					},
					"position": {
						"0.0": [-6.2, -12, 7],
						"0.2917": [-6.2, -12, 7],
						"2.3333": [-6.2, -12, 7],
						"2.4583": [-6.17, -13.67, 6.33],
						"2.5417": [-7.99, -12.99, 11.77],
						"2.5833": [-6.8, -10.9, 15],
						"2.625": [-7.2, -10.7, 15.4],
						"5.25": [-7.2, -10.7, 15.4],
						"5.2917": [-7.8, -10.9, 13],
						"5.3333": [-8.99, -10.99, 9.77],
						"5.5": [-11.17, -11.67, 8.33],
						"5.5833": [-8.3, -11.4, 7.4],
						"5.625": [-7.5, -11.4, 6.8],
						"5.75": [-6.2, -12, 7]
					},
					"scale": [1, 1.5, 1]
				},
				"lefthand": {
					"rotation": {
						"0.0": [97.98826, -13.86322, -176.21398],
						"0.2917": [122.42285, -27.02023, -175.7724],
						"0.4583": [122.42285, -27.02023, -175.7724],
						"1.0833": [122.42285, -27.02023, -175.7724],
						"2.4583": {
							"pre": [122.42285, -27.02023, -175.7724],
							"post": [122.42285, -27.02023, -175.7724],
							"lerp_mode": "catmullrom"
						},
						"2.5833": {
							"post": [130.20457, -29.61987, -185.95057],
							"lerp_mode": "catmullrom"
						},
						"2.75": {
							"post": [145.75221, -45.62908, -207.11051],
							"lerp_mode": "catmullrom"
						},
						"2.875": [146.3082, -47.63024, -206.88985],
						"3.625": [145.24, -46.91, -205.41],
						"4.0": [149.39189, -49.2927, -210.98406],
						"5.2917": [149.39189, -49.2927, -210.98406],
						"5.5417": [97.98826, -13.86322, -176.21398]
					},
					"position": {
						"0.0": [7.4, -12.2, -5.5],
						"0.3333": [6.7, -13.6, -8],
						"1.0833": [6.7, -13.6, -8],
						"2.4583": [6.7, -13.6, -8],
						"2.75": [6.7, -12.4, -8.9],
						"5.2917": [6.7, -12.4, -8.9],
						"5.5417": [7.4, -12.2, -5.5]
					},
					"scale": [1, 1.5, 1]
				},
				"camera": {
					"rotation": {
						"0.0": {
							"post": [0, 0, 0],
							"lerp_mode": "catmullrom"
						},
						"0.0833": {
							"post": [0.4, 0, 0],
							"lerp_mode": "catmullrom"
						},
						"0.2917": {
							"post": [1.30023, -0.01527, -1.74993],
							"lerp_mode": "catmullrom"
						},
						"0.3333": {
							"post": [2.01, 0.03, -1.95],
							"lerp_mode": "catmullrom"
						},
						"0.4583": {
							"post": [1.43, 0.17, -3.37],
							"lerp_mode": "catmullrom"
						},
						"0.5417": {
							"post": [1.81, 0.26, -3.125],
							"lerp_mode": "catmullrom"
						},
						"0.625": {
							"post": [1.88, 0.26, -3.42],
							"lerp_mode": "catmullrom"
						},
						"0.8333": {
							"post": [1.61, 0.16, -3.13],
							"lerp_mode": "catmullrom"
						},
						"1.0417": {
							"post": [1.24513, 0.25816, -2.73941],
							"lerp_mode": "catmullrom"
						},
						"1.4583": {
							"post": [3.03282, 1.90875, -2.00543],
							"lerp_mode": "catmullrom"
						},
						"1.7917": {
							"post": [3.25347, 2.72863, -1.39145],
							"lerp_mode": "catmullrom"
						},
						"2.4583": {
							"post": [2.19341, 2.77713, -2.64195],
							"lerp_mode": "catmullrom"
						},
						"2.5833": {
							"post": [1.79533, -1.00684, -0.70832],
							"lerp_mode": "catmullrom"
						},
						"2.8333": {
							"post": [0.70742, -4.55228, -4.03082],
							"lerp_mode": "catmullrom"
						},
						"3.0": {
							"post": [0.78, -5.51, -4.96],
							"lerp_mode": "catmullrom"
						},
						"3.2083": {
							"post": [0.425, -5.535, -4.77],
							"lerp_mode": "catmullrom"
						},
						"3.5": {
							"post": [1.16, -5.17, -3.77],
							"lerp_mode": "catmullrom"
						},
						"3.7083": {
							"post": [1.06, -5.58, -3.65],
							"lerp_mode": "catmullrom"
						},
						"4.2083": {
							"post": [-1.41776, -10.9306, -3.56097],
							"lerp_mode": "catmullrom"
						},
						"4.625": {
							"post": [-3.44663, -16.87798, -2.71554],
							"lerp_mode": "catmullrom"
						},
						"5.2083": {
							"post": [-5.03, -16.75, -2.52],
							"lerp_mode": "catmullrom"
						},
						"5.375": {
							"post": [-4.41, -12.84, -2.19],
							"lerp_mode": "catmullrom"
						},
						"5.5": {
							"post": [-2.64545, -9.12649, -1.55039],
							"lerp_mode": "catmullrom"
						},
						"5.625": {
							"post": [-2.02759, -0.42445, -4.76609],
							"lerp_mode": "catmullrom"
						},
						"5.7917": {
							"post": [5.64, 1.26, 3.82],
							"lerp_mode": "catmullrom"
						},
						"5.875": {
							"post": [5.30033, 0.85233, 3.77669],
							"lerp_mode": "catmullrom"
						},
						"6.0833": {
							"post": [5.835, 1.2, 3.97],
							"lerp_mode": "catmullrom"
						},
						"6.2917": {
							"post": [6.52948, 2.06599, 3.97567],
							"lerp_mode": "catmullrom"
						},
						"6.8333": {
							"post": [7.72023, 1.49264, 2.38344],
							"lerp_mode": "catmullrom"
						},
						"7.0417": {
							"post": [5.67939, 1.64162, 0.89029],
							"lerp_mode": "catmullrom"
						},
						"7.125": {
							"post": [1.995, 0.98, 0.42],
							"lerp_mode": "catmullrom"
						},
						"7.2917": {
							"post": [-0.225, 0, -0.225],
							"lerp_mode": "catmullrom"
						},
						"7.375": {
							"post": [0.23, -0.12, 0.305],
							"lerp_mode": "catmullrom"
						},
						"7.5": {
							"post": [-0.15, 0, -0.1],
							"lerp_mode": "catmullrom"
						},
						"7.625": {
							"post": [0, 0, 0],
							"lerp_mode": "catmullrom"
						}
					}
				}
			},
			"sound_effects": {
				"0.0": {
					"effect": "iw:dcm8/p90_inspect_raise"
				},
				"0.875": {
					"effect": "iw:dcm8/p90_inspect_rattle"
				},
				"2.2083": {
					"effect": "iw:dcm8/p90_inspect_rattle"
				},
				"2.375": {
					"effect": "iw:dcm8/p90_inspect_armup"
				},
				"2.625": {
					"effect": "iw:dcm8/p90_inspect_grabgrip"
				},
				"3.7083": {
					"effect": "iw:dcm8/p90_inspect_tilt"
				},
				"5.25": {
					"effect": "iw:dcm8/p90_inspect_grabgrip"
				},
				"5.4583": {
					"effect": "iw:dcm8/p90_inspect_armdown"
				},
				"6.9583": {
					"effect": "iw:dcm8/p90_inspect_end"
				}
			}
		}
	}
}