{
	"format_version": "1.8.0",
	"animations": {
		"static_idle": {
			"animation_length": 0.05,
			"bones": {
				"lefthand": {
					"rotation": [78.70403, -26.73063, -127.40337],
					"position": [7.5625, -15.75, -3.375],
					"scale": [1, 1.5, 1]
				},
				"righthand": {
					"rotation": [95, 0, -180],
					"position": [-6.2, -16, 6.75],
					"scale": [1, 1.5, 1]
				},
				"constraint": {
					"rotation": [0.2, 0.15, 0.2],
					"position": [0.1, 0.1, 0.4]
				}
			}
		},
		"transform": {
			"animation_length": 1.2667,
			"bones": {
				"lefthand": {
					"rotation": [78.70403, -26.73063, -127.40337],
					"position": [7.5625, -15.75, -3.375],
					"scale": [1, 1.5, 1]
				},
				"righthand": {
					"rotation": [95, 0, -180],
					"position": [-6.2, -16, 6.75],
					"scale": [1, 1.5, 1]
				},
				"constraint": {
					"rotation": [0.2, 0.15, 0.2],
					"position": [0.1, 0.1, 0.4]
				},
				"root": {
					"rotation": {
						"0.0": [0, 0, 0],
						"0.1667": {
							"pre": [-12.64096, -2.59262, -12.68603],
							"post": [-12.64096, -2.59262, -12.68603],
							"lerp_mode": "catmullrom"
						},
						"0.3": {
							"post": [-13.30412, -3.87138, -18.56149],
							"lerp_mode": "catmullrom"
						},
						"0.4": {
							"post": [-13.16462, -4.32806, -20.51726],
							"lerp_mode": "catmullrom"
						},
						"0.6": {
							"post": [-13.16462, -4.32806, -14.95726],
							"lerp_mode": "catmullrom"
						},
						"0.7667": {
							"post": [-13.16462, -4.32806, -15.64726],
							"lerp_mode": "catmullrom"
						},
						"0.9333": {
							"post": [-0.2891, -0.33048, 1.24003],
							"lerp_mode": "catmullrom"
						},
						"1.0667": [0, 0.225, -0.225],
						"1.1667": [0, 0, 0.6625],
						"1.2333": [0, 0, 0]
					},
					"position": {
						"0.0": [0, 0, 0],
						"0.1333": [-0.56, 0.245, 0.5],
						"0.2667": [-0.8, 0.945, 0.7],
						"0.3667": [-0.8, 1.115, 0.92],
						"0.4667": [-0.85, 0.885, 1.24],
						"0.5667": [-0.8, 1.46, 0.35],
						"0.7333": [-0.8, 1.46, 0.35],
						"0.9": [0, 0.07, 0.3],
						"1.0": [0, -0.0625, -0.2],
						"1.1": [0, 0, 0.0625],
						"1.2333": [0, 0, 0]
					}
				},
				"muzzle": {
					"position": {
						"0.2667": [0, 0, 0],
						"0.3667": [0, 0, 4.5]
					}
				},
				"bone25": {
					"rotation": {
						"0.0": [0, 0, 0],
						"0.2667": [0, 0, 0],
						"0.3": [-14.25, 0, 0],
						"0.3667": [-41.42, 0, 0]
					},
					"position": {
						"0.0": [0, 0, 0],
						"0.2667": [0, 0, 0],
						"0.3": [0, -0.08937, 1.32563],
						"0.3333": [0, -0.18062, 2.6925],
						"0.3667": [0, -0.11687, 3.95875]
					}
				},
				"bone24": {
					"rotation": {
						"0.0": [0, 0, 0],
						"0.2667": [0, 0, 0],
						"0.3": [-10.58, 0, 0],
						"0.3333": [-15.16, 0, 0],
						"0.3667": [-16.75, 0, 0]
					},
					"position": {
						"0.0": [0, 0, 0],
						"0.2667": [0, 0, 0],
						"0.3": [0, -1.15062, 0.85313],
						"0.3333": [0, -1.98125, 1.74063],
						"0.3667": [0, -2.45062, 2.3725]
					}
				},
				"bone17": {
					"rotation": {
						"0.0": [0, 0, 0],
						"0.2667": [0, 0, 0],
						"0.3": [16.88, 0, 0],
						"0.3333": [36.75, 0, 0],
						"0.3667": [48.12, 0, 0]
					},
					"position": {
						"0.0": [0, 0, 0],
						"0.2667": [0, 0, 0],
						"0.3": [0, 0.27125, 0.11313],
						"0.3333": [0, 0.6725, -0.29437],
						"0.3667": [0, 0.63125, -0.55312]
					}
				},
				"rotate": {
					"rotation": {
						"0.2667": [0, 0, 0],
						"0.4": [0, 0, -12],
						"0.5333": [0, 0, -4],
						"0.6333": [0, 0, -12.54],
						"0.7333": [0, 0, -12.54],
						"0.8333": [0, 0, -38],
						"0.9667": [0, 0, 7],
						"1.0667": [0, 0, -4],
						"1.1667": [0, 0, 1],
						"1.2667": [0, 0, 0]
					}
				},
				"bone26": {
					"rotation": {
						"0.0": [0, 0, 0],
						"0.2667": [0, 0, 0],
						"0.3667": [-60, 0, 0]
					},
					"position": {
						"0.0": [0, 0, 0],
						"0.2667": [0, 0, 0],
						"0.3667": [0, 0, 4.5]
					}
				},
				"bone27": {
					"rotation": {
						"0.0": [0, 0, 0],
						"0.2667": [0, 0, 0],
						"0.3": [20.58, 0, 0],
						"0.3333": [33.16, 0, 0],
						"0.3667": [41.24, 0, 0]
					},
					"position": {
						"0.0": [0, 0, 0],
						"0.2667": [0, 0, 0],
						"0.3": [0, -0.33812, 0.21563],
						"0.3333": [0, -0.51687, 0.40125],
						"0.3667": [0, -0.73, 0.53875]
					}
				},
				"barrel": {
					"position": {
						"0.2667": [0, 0, 0],
						"0.3667": [0, 0, 4.5]
					}
				}
			},
			"sound_effects": {
				"0.2333": {
					"effect": "iw:ebr800/wpfoly_m8_ar_toggle_on_v1"
				}
			}
		},
		"shoot": {
			"loop": true,
			"animation_length": 0.6333,
			"bones": {
				"root": {
					"rotation": {
						"0.0": [0, 0, 0],
						"0.0333": [1.23, 0, 0.73],
						"0.0667": [-1.87, 0, -1.17],
						"0.1": [-1.99, 0, -1.23],
						"0.1333": [-0.91, 0, -0.35],
						"0.1667": [0.18, 0, 0.53],
						"0.2": [0.27, 0, 0.27],
						"0.2333": [0.36, 0, 0.01],
						"0.2667": [0.45, 0, -0.25],
						"0.3": [0.38, -0.07, -0.08],
						"0.3333": [0.3, -0.13, 0.08],
						"0.3667": [0.23, -0.2, 0.25],
						"0.4": [0.18, -0.17, 0.17],
						"0.4333": [0.14, -0.14, 0.09],
						"0.4667": [0.1, -0.11, 0.01],
						"0.5": [0.06, -0.07, -0.07],
						"0.5333": [0.04, -0.06, -0.06],
						"0.5667": [0.03, -0.04, -0.04],
						"0.6": [0.01, -0.02, -0.02],
						"0.6333": [0, 0, 0]
					},
					"position": {
						"0.0": [0, 0, 0],
						"0.0333": [0, -0.02, 1.73],
						"0.0667": [0, -0.05, 1.38],
						"0.1": [0, -0.05, 0.67],
						"0.1333": [0, -0.05, -0.04],
						"0.1667": [0, -0.04, -0.01],
						"0.2": [0, -0.04, 0.03],
						"0.2333": [0, -0.03, 0.06],
						"0.2667": [0, -0.02, 0.1],
						"0.3": [0, -0.02, 0.07],
						"0.3333": [0, -0.01, 0.03],
						"0.3667": [0, 0, 0]
					}
				},
				"camera": {
					"rotation": {
						"0.0": [0, 0, 0],
						"0.0333": [0, 0, 0.6],
						"0.0667": [0, 0, -0.4],
						"0.1": [0, 0, -0.07],
						"0.1333": [0, 0, 0.33],
						"0.1667": [0, 0, 0.08],
						"0.2": [0, 0, -0.22],
						"0.2333": [0, 0, -0.15],
						"0.2667": [0, 0, 0],
						"0.3": [0, 0, 0.02],
						"0.3333": [0, 0, 0.01],
						"0.3667": [0, 0, 0]
					}
				},
				"constraint": {
					"rotation": {
						"0.1667": [0.2, 0.2, 0.2],
						"0.2333": [0.1, 0.1, 0.1],
						"0.3333": [0, 0, 0]
					},
					"position": {
						"0.1667": [0.15, 0.05, 0.25],
						"0.2333": [0.1, 0, 0.1],
						"0.3333": [0, 0, 0]
					}
				}
			}
		},
		"draw": {
			"loop": "hold_on_last_frame",
			"animation_length": 0.75,
			"bones": {
				"lefthand": {
					"rotation": {
						"0.05": [84.55606, -1.91886, -130.46016],
						"0.15": [84.28, -15.19, -129.13],
						"0.25": [84.78735, -29.81773, -128.79991],
						"0.35": [78.70403, -26.73063, -127.40337]
					},
					"position": {
						"0.05": [7.6, -28.9, 3],
						"0.15": [7.6, -20.23, -1],
						"0.25": [7.6, -16.5, -2],
						"0.35": [7.5625, -15.75, -3.375]
					},
					"scale": {
						"0.0": [1, 1.5, 1],
						"0.35": [1, 1.5, 1]
					}
				},
				"righthand": {
					"rotation": [95, 0, -180],
					"position": [-6.2, -16, 6.75],
					"scale": [1, 1.5, 1]
				},
				"root": {
					"rotation": {
						"0.0": [19.64807, -30.83866, 63.3425],
						"0.1": [21.19122, -14.40747, 12.59763],
						"0.2": [5.09, -6.61, 5.06],
						"0.3": [1.82144, 0.01118, 0.03752],
						"0.35": [-0.042, -0.4187, 4.03899],
						"0.45": {
							"pre": [0.14086, -0.97706, 1.04153],
							"post": [0.14086, -0.97706, 1.04153],
							"lerp_mode": "catmullrom"
						},
						"0.55": {
							"post": [-0.13, 0.1, 0],
							"lerp_mode": "catmullrom"
						},
						"0.7": [0, 0, 0]
					},
					"position": {
						"0.0": [3, -14, 0],
						"0.05": [2.1, -6, 0],
						"0.15": [1.5, -1.85, -0.2],
						"0.2": [1.05, -1.47, -0.7],
						"0.3": {
							"pre": [0.45, -0.86, -1.1],
							"post": [0.45, -0.86, -1.1],
							"lerp_mode": "catmullrom"
						},
						"0.35": {
							"post": [0.13, -0.35, -0.27],
							"lerp_mode": "catmullrom"
						},
						"0.4": {
							"post": [0, 0.17, 0.17],
							"lerp_mode": "catmullrom"
						},
						"0.45": {
							"post": [0, 0.08, -0.13],
							"lerp_mode": "catmullrom"
						},
						"0.55": [0, -0.01, -0.28],
						"0.65": [0, 0, 0]
					}
				},
				"camera": {
					"rotation": {
						"0.0": {
							"post": [0, 0, 0],
							"lerp_mode": "catmullrom"
						},
						"0.1": {
							"post": [1, 1, 0],
							"lerp_mode": "catmullrom"
						},
						"0.25": {
							"post": [1, 0, 1],
							"lerp_mode": "catmullrom"
						},
						"0.4": {
							"post": [-1, 0, 0],
							"lerp_mode": "catmullrom"
						},
						"0.5": {
							"post": [-0.49992, 0.00873, 0.99996],
							"lerp_mode": "catmullrom"
						},
						"0.65": {
							"post": [0, 0, 0],
							"lerp_mode": "catmullrom"
						}
					}
				}
			}
		},
		"put_away": {
			"animation_length": 0.4167,
			"bones": {
				"lefthand": {
					"rotation": [78.70403, -26.73063, -127.40337],
					"position": [7.5625, -15.75, -3.375],
					"scale": [1, 1.5, 1]
				},
				"righthand": {
					"rotation": [95, 0, -180],
					"position": [-6.2, -16, 6.75],
					"scale": [1, 1.5, 1]
				},
				"constraint": {
					"rotation": [0.2, 0.15, 0.2],
					"position": [0.1, 0.1, 0.4]
				},
				"root": {
					"rotation": {
						"0.0": {
							"post": [0, 0, 0],
							"lerp_mode": "catmullrom"
						},
						"0.0833": {
							"post": [-0.51171, -3.6801, -4.19401],
							"lerp_mode": "catmullrom"
						},
						"0.1667": {
							"post": [4.36882, -11.73179, -10.29382],
							"lerp_mode": "catmullrom"
						},
						"0.25": {
							"post": [11.60471, -21.56305, -3.66288],
							"lerp_mode": "catmullrom"
						},
						"0.3333": {
							"post": [16.97, -33.62, 3.38],
							"lerp_mode": "catmullrom"
						},
						"0.4167": {
							"post": [34.73, -44.04, -3.09],
							"lerp_mode": "catmullrom"
						}
					},
					"position": {
						"0.0": {
							"post": [0, 0, 0],
							"lerp_mode": "catmullrom"
						},
						"0.0833": {
							"post": [0, -0.49, -0.02],
							"lerp_mode": "catmullrom"
						},
						"0.1667": {
							"post": [-0.52, -1.47, -0.56],
							"lerp_mode": "catmullrom"
						},
						"0.25": {
							"post": [-0.36, -2.92, -0.84],
							"lerp_mode": "catmullrom"
						},
						"0.3333": {
							"post": [0.13, -5.86, -0.16],
							"lerp_mode": "catmullrom"
						},
						"0.4167": {
							"post": [1.72, -9.68, 0.16],
							"lerp_mode": "catmullrom"
						}
					}
				},
				"camera": {
					"rotation": {
						"0.0": {
							"post": [0, 0, 0],
							"lerp_mode": "catmullrom"
						},
						"0.125": {
							"post": [0.35, 0.025, -0.225],
							"lerp_mode": "catmullrom"
						},
						"0.2917": {
							"post": [0.1, 0.025, 0.075],
							"lerp_mode": "catmullrom"
						},
						"0.4167": {
							"post": [0, 0, 0],
							"lerp_mode": "catmullrom"
						}
					}
				}
			}
		},
		"inspect": {
			"animation_length": 5.45,
			"bones": {
				"lefthand": {
					"rotation": {
						"0.0": [78.70403, -26.73063, -127.40337],
						"0.3": [97.60229, -50.98159, -172.85145],
						"0.4": [97.6, -50.98, -172.85],
						"2.35": [97.6, -50.98, -172.85],
						"2.5": [99.14399, -58.40097, -174.73803],
						"2.6": [52.85269, -57.5914, -146.26457],
						"4.7": [52.85269, -57.5914, -146.26457],
						"5.0": [78.70403, -26.73063, -127.40337]
					},
					"position": {
						"0.0": [7.5625, -15.75, -3.375],
						"0.1": {
							"pre": [12.19929, -21.32931, -1.16257],
							"post": [12.19929, -21.32931, -1.16257],
							"lerp_mode": "catmullrom"
						},
						"0.2": {
							"post": [13.53031, -32.66631, 9.36009],
							"lerp_mode": "catmullrom"
						},
						"0.3": {
							"post": [14.47738, -36.79537, 21.17153],
							"lerp_mode": "catmullrom"
						},
						"0.4": [1.5, -46.2, 15.5],
						"2.35": [1.5, -46.2, 15.5],
						"2.5": [7.5, -24.2, -1.5],
						"2.6": [6.5, -17.2, -2],
						"4.7": [6.5, -17.2, -2],
						"5.0": [7.5625, -15.75, -3.375]
					},
					"scale": {
						"0.0": [1, 1.5, 1],
						"5.0": [1, 1.5, 1]
					}
				},
				"righthand": {
					"rotation": {
						"0.0": [95, 0, -180],
						"5.1": [95, 0, -180]
					},
					"position": {
						"0.0": [-6.2, -16, 6.75],
						"5.1": [-6.2, -16, 6.75]
					},
					"scale": {
						"0.0": [1, 1.5, 1],
						"5.1": [1, 1.5, 1]
					}
				},
				"root": {
					"rotation": {
						"0.0": [0, 0, 0],
						"0.05": [-5.79, 0.13, 1.95],
						"0.15": [-17.59, -10.78, -12.86],
						"0.25": [-25.6, -24.52, -35.41],
						"0.3": [-27.59976, -27.22756, -41.19159],
						"0.35": [-29.18247, -28.58725, -44.21775],
						"0.4": [-31.13848, -27.68974, -42.19082],
						"0.5": [-30.66598, -28.14222, -43.20004],
						"0.6": [-31.42, -28.14, -43.2],
						"0.7": [-32.01, -27.44, -41.92],
						"0.9": [-31.74, -28, -42.94],
						"1.0": [-31.76, -28.22, -43.36],
						"1.5": [-31.20393, -28.6466, -44.18009],
						"1.55": [-29.85, -30.65, -48.19],
						"1.65": [-29.18045, -31.65513, -50.18764],
						"1.8": [-29.71221, -31.16351, -49.16731],
						"1.95": [-29.71, -31.16, -49.17],
						"2.2": [-29.1733, -31.63628, -50.20015],
						"2.3": [-28.77, -30.86, -48.82],
						"2.4": [-27.89, -26.22, -40.22],
						"2.45": [-26.12, -16.94, -23.01],
						"2.5": [-27.22851, -1.49811, 6.49643],
						"2.65": [-27.64133, 24.07175, 55.7761],
						"2.8": [-27.55942, 24.18741, 56.01913],
						"2.9": [-26.63512, 25.213, 58.2211],
						"3.1": [-27.05095, 24.76144, 57.23672],
						"3.3": [-27.18, 24.27, 56.94],
						"3.5": [-27.3, 24.11, 56.64],
						"3.75": [-27.43825, 24.30227, 56.26287],
						"3.85": [-27.13612, 27.9047, 59.22256],
						"4.05": [-27.60586, 27.4605, 58.21082],
						"4.35": [-27.25, 27.82, 58.99],
						"4.55": [-27.1, 27.74, 59.31],
						"4.7": [-26.95, 27.21, 59.62],
						"5.0": [9.41515, -1.03643, 9.2118],
						"5.1": [1.9612, -0.55625, 7.98076],
						"5.15": [0.66898, -0.48139, 1.31942],
						"5.25": [-1.00521, -0.46117, 2.73757],
						"5.4": [0, 0, 0]
					},
					"position": {
						"0.0": [0, 0, 0],
						"0.1": [-0.07, 0.63, 0],
						"0.15": [-0.13, 1, 0],
						"0.25": [-0.51, 1.07, 0],
						"0.35": {
							"pre": [-0.8, 0.9, 0],
							"post": [-0.8, 0.9, 0],
							"lerp_mode": "catmullrom"
						},
						"0.45": {
							"post": [-1, 0.5, 0],
							"lerp_mode": "catmullrom"
						},
						"0.55": {
							"post": [-1, 0.225, 0],
							"lerp_mode": "catmullrom"
						},
						"0.65": {
							"post": [-1, 0.295, 0],
							"lerp_mode": "catmullrom"
						},
						"0.75": {
							"post": [-1, 0.48, 0],
							"lerp_mode": "catmullrom"
						},
						"0.85": {
							"post": [-1, 0.68, 0],
							"lerp_mode": "catmullrom"
						},
						"1.0": [-1, 0.77, 0],
						"1.25": [-1, 0.715, 0],
						"1.5": [-1, 0.5, 0],
						"1.6": {
							"pre": [-1, 0.5, 0],
							"post": [-1, 0.5, 0],
							"lerp_mode": "catmullrom"
						},
						"1.95": {
							"post": [-1, 0.715, 0],
							"lerp_mode": "catmullrom"
						},
						"2.05": {
							"post": [-1, 0.9, 0],
							"lerp_mode": "catmullrom"
						},
						"2.25": [-1, 0.9, 0],
						"2.35": [-0.91, 0.43, 0],
						"2.45": [0.05, -0.65, 0],
						"2.6": [1.85, -0.9, 0],
						"2.75": {
							"pre": [2.5, -0.3, 0],
							"post": [2.5, -0.3, 0],
							"lerp_mode": "catmullrom"
						},
						"2.85": {
							"post": [2.5, -0.075, -0.1],
							"lerp_mode": "catmullrom"
						},
						"3.0": {
							"post": [2.5, 0.06, -0.1],
							"lerp_mode": "catmullrom"
						},
						"3.2": {
							"post": [2.5, 0.02, -0.1],
							"lerp_mode": "catmullrom"
						},
						"3.75": [2.5, 0, -0.1],
						"3.95": [2.5, 0.225, -0.1],
						"4.35": [2.5, 0.38, -0.1],
						"4.7": [2.5, 0.445, -0.1],
						"4.95": [1.25, -1.15, 0.95],
						"5.1": [0, -0.5, -0.8],
						"5.2": [0, 0, 0.62],
						"5.3": [0, -0.2, -0.17],
						"5.45": [0, 0, 0]
					}
				},
				"camera": {
					"rotation": {
						"0.0": {
							"post": [0, 0, 0],
							"lerp_mode": "catmullrom"
						},
						"0.1": {
							"post": [2.38, 1.14, 0],
							"lerp_mode": "catmullrom"
						},
						"0.2": {
							"post": [2.43, 2.29, 0],
							"lerp_mode": "catmullrom"
						},
						"0.3": {
							"post": [1.29, 2.86, 0],
							"lerp_mode": "catmullrom"
						},
						"0.4": {
							"post": [-1, 4, 0],
							"lerp_mode": "catmullrom"
						},
						"0.6": {
							"post": [-2.00275, 4.99939, -0.03503],
							"lerp_mode": "catmullrom"
						},
						"0.9": {
							"post": [-1.25, 5, -0.04],
							"lerp_mode": "catmullrom"
						},
						"1.2": {
							"post": [-1.53, 5.54, -0.05],
							"lerp_mode": "catmullrom"
						},
						"1.4": {
							"post": [-1.9, 5.77, -0.05],
							"lerp_mode": "catmullrom"
						},
						"1.7": {
							"post": [-2.6, 6, -0.05],
							"lerp_mode": "catmullrom"
						},
						"1.9": {
							"post": [-2.45, 6, -0.05],
							"lerp_mode": "catmullrom"
						},
						"2.1": {
							"post": [-2.62, 6, -0.05],
							"lerp_mode": "catmullrom"
						},
						"2.25": {
							"post": [-3, 6, -0.05],
							"lerp_mode": "catmullrom"
						},
						"2.4": {
							"post": [-0.74, 3.75, 0.02],
							"lerp_mode": "catmullrom"
						},
						"2.5": {
							"post": [0.26, 2.75, 0.06],
							"lerp_mode": "catmullrom"
						},
						"2.6": {
							"post": [0.76, 2.25, 0.08],
							"lerp_mode": "catmullrom"
						},
						"2.8": {
							"post": [1.76, 1.75, 0.08],
							"lerp_mode": "catmullrom"
						},
						"2.9": {
							"post": [1.47, 1.75, 0.08],
							"lerp_mode": "catmullrom"
						},
						"3.0": {
							"post": [1.4, 1.75, 0.08],
							"lerp_mode": "catmullrom"
						},
						"3.15": {
							"post": [1.32, 1.75, 0.08],
							"lerp_mode": "catmullrom"
						},
						"3.35": {
							"post": [1.06, 1.75, 0.08],
							"lerp_mode": "catmullrom"
						},
						"3.7": {
							"post": [0.36, 1.75, 0.08],
							"lerp_mode": "catmullrom"
						},
						"3.8": {
							"post": [0.04, 1.75, 0.08],
							"lerp_mode": "catmullrom"
						},
						"3.9": {
							"post": [-0.41, 1.75, 0.08],
							"lerp_mode": "catmullrom"
						},
						"4.05": {
							"post": [-0.82, 1.75, 0.08],
							"lerp_mode": "catmullrom"
						},
						"4.4": {
							"post": [-0.77, 1.75, 0.08],
							"lerp_mode": "catmullrom"
						},
						"4.6": {
							"post": [-0.75, 1.75, 0.08],
							"lerp_mode": "catmullrom"
						},
						"5.0": {
							"post": [1.91, 0.55, 0.35],
							"lerp_mode": "catmullrom"
						},
						"5.15": {
							"post": [-1, 0, 0],
							"lerp_mode": "catmullrom"
						},
						"5.25": {
							"post": [0.4, 0, 0],
							"lerp_mode": "catmullrom"
						},
						"5.4": {
							"post": [0, 0, 0],
							"lerp_mode": "catmullrom"
						}
					}
				}
			},
			"sound_effects": {
				"0.15": {
					"effect": "tacz:victor45/victor_inspect_raise"
				},
				"1.0": {
					"effect": "tacz:victor45/victor_inspect_moveclose"
				},
				"1.5": {
					"effect": "tacz:victor45/victor_inspect_lower"
				},
				"2.4": {
					"effect": "tacz:victor45/victor_inspect_rotate"
				},
				"3.75": {
					"effect": "tacz:victor45/victor_inspect_lower"
				},
				"4.55": {
					"effect": "tacz:victor45/victor_inspect_end"
				}
			}
		},
		"inspect_empty": {
			"animation_length": 5.45,
			"bones": {
				"lefthand": {
					"rotation": {
						"0.0": [78.70403, -26.73063, -127.40337],
						"0.3": [97.60229, -50.98159, -172.85145],
						"0.4": [97.6, -50.98, -172.85],
						"2.35": [97.6, -50.98, -172.85],
						"2.5": [99.14399, -58.40097, -174.73803],
						"2.6": [52.85269, -57.5914, -146.26457],
						"4.7": [52.85269, -57.5914, -146.26457],
						"5.0": [78.70403, -26.73063, -127.40337]
					},
					"position": {
						"0.0": [7.5625, -15.75, -3.375],
						"0.1": {
							"pre": [12.19929, -21.32931, -1.16257],
							"post": [12.19929, -21.32931, -1.16257],
							"lerp_mode": "catmullrom"
						},
						"0.2": {
							"post": [13.53031, -32.66631, 9.36009],
							"lerp_mode": "catmullrom"
						},
						"0.3": {
							"post": [14.47738, -36.79537, 21.17153],
							"lerp_mode": "catmullrom"
						},
						"0.4": [1.5, -46.2, 15.5],
						"2.35": [1.5, -46.2, 15.5],
						"2.5": [7.5, -24.2, -1.5],
						"2.6": [6.5, -17.2, -2],
						"4.7": [6.5, -17.2, -2],
						"5.0": [7.5625, -15.75, -3.375]
					},
					"scale": {
						"0.0": [1, 1.5, 1],
						"5.0": [1, 1.5, 1]
					}
				},
				"righthand": {
					"rotation": {
						"0.0": [95, 0, -180],
						"5.1": [95, 0, -180]
					},
					"position": {
						"0.0": [-6.2, -16, 6.75],
						"5.1": [-6.2, -16, 6.75]
					},
					"scale": {
						"0.0": [1, 1.5, 1],
						"5.1": [1, 1.5, 1]
					}
				},
				"root": {
					"rotation": {
						"0.0": [0, 0, 0],
						"0.05": [-5.79, 0.13, 1.95],
						"0.15": [-17.59, -10.78, -12.86],
						"0.25": [-25.6, -24.52, -35.41],
						"0.3": [-27.59976, -27.22756, -41.19159],
						"0.35": [-29.18247, -28.58725, -44.21775],
						"0.4": [-31.13848, -27.68974, -42.19082],
						"0.5": [-30.66598, -28.14222, -43.20004],
						"0.6": [-31.42, -28.14, -43.2],
						"0.7": [-32.01, -27.44, -41.92],
						"0.9": [-31.74, -28, -42.94],
						"1.0": [-31.76, -28.22, -43.36],
						"1.5": [-31.20393, -28.6466, -44.18009],
						"1.55": [-29.85, -30.65, -48.19],
						"1.65": [-29.18045, -31.65513, -50.18764],
						"1.8": [-29.71221, -31.16351, -49.16731],
						"1.95": [-29.71, -31.16, -49.17],
						"2.2": [-29.1733, -31.63628, -50.20015],
						"2.3": [-28.77, -30.86, -48.82],
						"2.4": [-27.89, -26.22, -40.22],
						"2.45": [-26.12, -16.94, -23.01],
						"2.5": [-27.22851, -1.49811, 6.49643],
						"2.65": [-27.64133, 24.07175, 55.7761],
						"2.8": [-27.55942, 24.18741, 56.01913],
						"2.9": [-26.63512, 25.213, 58.2211],
						"3.1": [-27.05095, 24.76144, 57.23672],
						"3.3": [-27.18, 24.27, 56.94],
						"3.5": [-27.3, 24.11, 56.64],
						"3.75": [-27.43825, 24.30227, 56.26287],
						"3.85": [-27.13612, 27.9047, 59.22256],
						"4.05": [-27.60586, 27.4605, 58.21082],
						"4.35": [-27.25, 27.82, 58.99],
						"4.55": [-27.1, 27.74, 59.31],
						"4.7": [-26.95, 27.21, 59.62],
						"5.0": [9.41515, -1.03643, 9.2118],
						"5.1": [1.9612, -0.55625, 7.98076],
						"5.15": [0.66898, -0.48139, 1.31942],
						"5.25": [-1.00521, -0.46117, 2.73757],
						"5.4": [0, 0, 0]
					},
					"position": {
						"0.0": [0, 0, 0],
						"0.1": [-0.07, 0.63, 0],
						"0.15": [-0.13, 1, 0],
						"0.25": [-0.51, 1.07, 0],
						"0.35": {
							"pre": [-0.8, 0.9, 0],
							"post": [-0.8, 0.9, 0],
							"lerp_mode": "catmullrom"
						},
						"0.45": {
							"post": [-1, 0.5, 0],
							"lerp_mode": "catmullrom"
						},
						"0.55": {
							"post": [-1, 0.225, 0],
							"lerp_mode": "catmullrom"
						},
						"0.65": {
							"post": [-1, 0.295, 0],
							"lerp_mode": "catmullrom"
						},
						"0.75": {
							"post": [-1, 0.48, 0],
							"lerp_mode": "catmullrom"
						},
						"0.85": {
							"post": [-1, 0.68, 0],
							"lerp_mode": "catmullrom"
						},
						"1.0": [-1, 0.77, 0],
						"1.25": [-1, 0.715, 0],
						"1.5": [-1, 0.5, 0],
						"1.6": {
							"pre": [-1, 0.5, 0],
							"post": [-1, 0.5, 0],
							"lerp_mode": "catmullrom"
						},
						"1.95": {
							"post": [-1, 0.715, 0],
							"lerp_mode": "catmullrom"
						},
						"2.05": {
							"post": [-1, 0.9, 0],
							"lerp_mode": "catmullrom"
						},
						"2.25": [-1, 0.9, 0],
						"2.35": [-0.91, 0.43, 0],
						"2.45": [0.05, -0.65, 0],
						"2.6": [1.85, -0.9, 0],
						"2.75": {
							"pre": [2.5, -0.3, 0],
							"post": [2.5, -0.3, 0],
							"lerp_mode": "catmullrom"
						},
						"2.85": {
							"post": [2.5, -0.075, -0.1],
							"lerp_mode": "catmullrom"
						},
						"3.0": {
							"post": [2.5, 0.06, -0.1],
							"lerp_mode": "catmullrom"
						},
						"3.2": {
							"post": [2.5, 0.02, -0.1],
							"lerp_mode": "catmullrom"
						},
						"3.75": [2.5, 0, -0.1],
						"3.95": [2.5, 0.225, -0.1],
						"4.35": [2.5, 0.38, -0.1],
						"4.55": [2.5, 0.445, -0.1],
						"4.7": [2.5, 0.445, -0.1],
						"4.95": [1.25, -1.15, 0.95],
						"5.1": [0, -0.5, -0.8],
						"5.2": [0, 0, 0.62],
						"5.3": [0, -0.2, -0.17],
						"5.45": [0, 0, 0]
					}
				},
				"camera": {
					"rotation": {
						"0.0": {
							"post": [0, 0, 0],
							"lerp_mode": "catmullrom"
						},
						"0.1": {
							"post": [2.38, 1.14, 0],
							"lerp_mode": "catmullrom"
						},
						"0.2": {
							"post": [2.43, 2.29, 0],
							"lerp_mode": "catmullrom"
						},
						"0.3": {
							"post": [1.29, 2.86, 0],
							"lerp_mode": "catmullrom"
						},
						"0.4": {
							"post": [-1, 4, 0],
							"lerp_mode": "catmullrom"
						},
						"0.6": {
							"post": [-2.00275, 4.99939, -0.03503],
							"lerp_mode": "catmullrom"
						},
						"0.9": {
							"post": [-1.25, 5, -0.04],
							"lerp_mode": "catmullrom"
						},
						"1.2": {
							"post": [-1.53, 5.54, -0.05],
							"lerp_mode": "catmullrom"
						},
						"1.4": {
							"post": [-1.9, 5.77, -0.05],
							"lerp_mode": "catmullrom"
						},
						"1.7": {
							"post": [-2.6, 6, -0.05],
							"lerp_mode": "catmullrom"
						},
						"1.9": {
							"post": [-2.45, 6, -0.05],
							"lerp_mode": "catmullrom"
						},
						"2.1": {
							"post": [-2.62, 6, -0.05],
							"lerp_mode": "catmullrom"
						},
						"2.25": {
							"post": [-3, 6, -0.05],
							"lerp_mode": "catmullrom"
						},
						"2.4": {
							"post": [-0.74, 3.75, 0.02],
							"lerp_mode": "catmullrom"
						},
						"2.5": {
							"post": [0.26, 2.75, 0.06],
							"lerp_mode": "catmullrom"
						},
						"2.6": {
							"post": [0.76, 2.25, 0.08],
							"lerp_mode": "catmullrom"
						},
						"2.8": {
							"post": [1.76, 1.75, 0.08],
							"lerp_mode": "catmullrom"
						},
						"2.9": {
							"post": [1.47, 1.75, 0.08],
							"lerp_mode": "catmullrom"
						},
						"3.0": {
							"post": [1.4, 1.75, 0.08],
							"lerp_mode": "catmullrom"
						},
						"3.15": {
							"post": [1.32, 1.75, 0.08],
							"lerp_mode": "catmullrom"
						},
						"3.35": {
							"post": [1.06, 1.75, 0.08],
							"lerp_mode": "catmullrom"
						},
						"3.7": {
							"post": [0.36, 1.75, 0.08],
							"lerp_mode": "catmullrom"
						},
						"3.8": {
							"post": [0.04, 1.75, 0.08],
							"lerp_mode": "catmullrom"
						},
						"3.9": {
							"post": [-0.41, 1.75, 0.08],
							"lerp_mode": "catmullrom"
						},
						"4.05": {
							"post": [-0.82, 1.75, 0.08],
							"lerp_mode": "catmullrom"
						},
						"4.4": {
							"post": [-0.77, 1.75, 0.08],
							"lerp_mode": "catmullrom"
						},
						"4.6": {
							"post": [-0.75, 1.75, 0.08],
							"lerp_mode": "catmullrom"
						},
						"5.0": {
							"post": [1.91, 0.55, 0.35],
							"lerp_mode": "catmullrom"
						},
						"5.15": {
							"post": [-1, 0, 0],
							"lerp_mode": "catmullrom"
						},
						"5.25": {
							"post": [0.4, 0, 0],
							"lerp_mode": "catmullrom"
						},
						"5.4": {
							"post": [0, 0, 0],
							"lerp_mode": "catmullrom"
						}
					}
				}
			},
			"sound_effects": {
				"0.15": {
					"effect": "tacz:victor45/victor_inspect_raise"
				},
				"1.0": {
					"effect": "tacz:victor45/victor_inspect_moveclose"
				},
				"1.5": {
					"effect": "tacz:victor45/victor_inspect_lower"
				},
				"2.4": {
					"effect": "tacz:victor45/victor_inspect_rotate"
				},
				"3.75": {
					"effect": "tacz:victor45/victor_inspect_lower"
				},
				"4.55": {
					"effect": "tacz:victor45/victor_inspect_end"
				}
			}
		},
		"reload_tactical": {
			"animation_length": 2.4167,
			"bones": {
				"lefthand": {
					"rotation": {
						"0.0": [78.70403, -26.73063, -127.40337],
						"1.0833": [78.70403, -26.73063, -127.40337],
						"1.125": [93.42753, -28.67069, -158.46915],
						"1.75": [93.42753, -28.67069, -158.46915],
						"1.8333": [87.54, -27.89, -146.04],
						"1.9583": [78.70403, -26.73063, -127.40337]
					},
					"position": {
						"0.0": [7.5625, -15.75, -3.375],
						"1.0833": [7.5625, -15.75, -3.375],
						"1.125": [10.56, -13.75, 1.63],
						"1.75": [10.56, -13.75, 1.63],
						"1.8333": [10.36, -14.55, -2.17],
						"1.9583": [7.5625, -15.75, -3.375]
					},
					"scale": {
						"0.0": [1, 1.5, 1],
						"1.0833": [1, 1.5, 1],
						"1.9583": [1, 1.5, 1]
					}
				},
				"righthand": {
					"rotation": [95, 0, -180],
					"position": [-6.2, -16, 6.75],
					"scale": [1, 1.5, 1]
				},
				"constraint": {
					"rotation": [0.2, 0.15, 0.2],
					"position": [0.1, 0.1, 0.4]
				},
				"root": {
					"rotation": {
						"0.0": [0, 0, 0],
						"0.0417": [1.29, 0.6, 0.52],
						"0.125": [-3.32, -0.14, -6.98],
						"0.2083": [-3.32, -0.14, -6.98],
						"0.25": [-5.27, -0.59, -10.74],
						"0.2917": [-7.85369, -1.35245, -16.40886],
						"0.3333": [-6.57698, -2.54259, -24.82703],
						"0.4167": [-5.34473, -0.14114, -21.63336],
						"0.5": [-4.60386, -0.97126, -12.25364],
						"0.5833": [-3.80667, -0.91096, -17.5262],
						"0.75": {
							"pre": [-5.11281, -0.17645, -14.82654],
							"post": [-5.11281, -0.17645, -14.82654],
							"lerp_mode": "catmullrom"
						},
						"0.9167": {
							"post": [-5.86, -0.34, -16.32],
							"lerp_mode": "catmullrom"
						},
						"0.9583": {
							"post": [-7.42, 0.36, -15.35],
							"lerp_mode": "catmullrom"
						},
						"1.0417": [-8.74329, 1.11452, -13.98781],
						"1.125": {
							"pre": [-12.64096, -2.59262, -12.68603],
							"post": [-12.64096, -2.59262, -12.68603],
							"lerp_mode": "catmullrom"
						},
						"1.25": {
							"post": [-13.30412, -3.87138, -18.56149],
							"lerp_mode": "catmullrom"
						},
						"1.3333": [-13.16462, -4.32806, -20.51726],
						"1.4167": {
							"pre": [-13.26092, -4.02376, -19.21555],
							"post": [-13.26092, -4.02376, -19.21555],
							"lerp_mode": "catmullrom"
						},
						"1.5": {
							"post": [-13.37351, 0.12101, -15.06253],
							"lerp_mode": "catmullrom"
						},
						"1.5417": {
							"post": [-14.22331, -2.21713, -20.14809],
							"lerp_mode": "catmullrom"
						},
						"1.5833": {
							"post": [-15.38296, -2.04766, -15.5387],
							"lerp_mode": "catmullrom"
						},
						"1.6667": {
							"post": [-15.35382, -1.46806, -17.23593],
							"lerp_mode": "catmullrom"
						},
						"1.75": [-7.87, -0.73, -15.76],
						"1.875": [-0.37032, 0.39084, 0.10152],
						"1.9167": {
							"pre": [2.85846, -0.25261, 0.94987],
							"post": [2.85846, -0.25261, 0.94987],
							"lerp_mode": "catmullrom"
						},
						"1.9583": {
							"post": [2.29999, -0.18288, 0.4296],
							"lerp_mode": "catmullrom"
						},
						"2.0833": {
							"post": [-0.36337, -0.23485, 0.12572],
							"lerp_mode": "catmullrom"
						},
						"2.125": {
							"post": [-0.2891, -0.33048, 1.24003],
							"lerp_mode": "catmullrom"
						},
						"2.25": [0, 0.225, -0.225],
						"2.3333": [0, 0, 0.6625],
						"2.4167": [0, 0, 0]
					},
					"position": {
						"0.0": [0, 0, 0],
						"0.0833": [-0.07, -0.19, 0.15],
						"0.125": [-0.16, 0.14, 0.32],
						"0.2083": [-0.21, 0.4275, 0.42],
						"0.25": [-0.2, 0.4, 0.4],
						"0.3333": [-0.4, 0.125, 0.4],
						"0.4167": [-0.53, -0.5175, 0.4],
						"0.5417": [-0.57, -0.425, 0.48],
						"0.7083": {
							"pre": [-0.52, 0.2, 0.64],
							"post": [-0.52, 0.2, 0.64],
							"lerp_mode": "catmullrom"
						},
						"0.7917": {
							"post": [-0.5, 0.21, 0.72],
							"lerp_mode": "catmullrom"
						},
						"0.9167": {
							"post": [-0.5, 0.125, 0.8],
							"lerp_mode": "catmullrom"
						},
						"1.0833": [-0.56, 0.245, 0.5],
						"1.2083": [-0.8, 0.945, 0.7],
						"1.2917": [-0.8, 1.115, 1],
						"1.4167": [-0.8, 1.025, 1],
						"1.5417": [-0.8, 0.4, 1],
						"1.625": [-0.9, 0.8, 1],
						"1.75": [-0.9, 0.63, 0.5],
						"1.8333": [-0.3, -0.7, -1.07],
						"1.9167": [0.2, -1.1, -1],
						"2.0417": [0, 0, 0.1625],
						"2.0833": [0, 0.07, 0.3],
						"2.1667": [0, -0.0625, -0.2],
						"2.2917": [0, 0, 0.0625],
						"2.4167": [0, 0, 0]
					}
				},
				"magazine": {
					"rotation": {
						"0.0": [0, 0, 0],
						"0.25": [0, 0, 0],
						"0.2917": [0, 0, 0],
						"0.4167": [0, 0, 17.5],
						"0.4583": [0.4386, 0.11373, 29.54981],
						"0.5": [0.86731, 0.27546, 31.60952],
						"0.5417": [1.33114, 0.29332, 41.15769],
						"0.875": [4.62111, 1.91134, 67.57713],
						"0.9583": [0, 0, 0]
					},
					"position": {
						"0.0": [0, 0, 0],
						"0.25": [0, 0, 0],
						"0.2917": [0, 0, 0],
						"0.4167": [9, 0, 0],
						"0.4583": [9, -0.91, 0],
						"0.5": [9, -1.82, 0],
						"0.5417": [9, -4.73, 0],
						"0.875": [9, -32, 0],
						"0.9583": [0, 0, 0]
					}
				},
				"mag_and_lefthand": {
					"rotation": {
						"0.0": [0, 0, 0],
						"0.625": [0, 0, 0],
						"1.0833": [4.62111, 1.91134, 67.57713],
						"1.25": [0, 5, 0],
						"1.375": [0, 10, 0],
						"1.4583": [0, 10, 0],
						"1.5": [0, 0, 0]
					},
					"position": {
						"0.0": [0, 0, 0],
						"0.625": [0, 0, 0],
						"1.0833": [9, -32, 0],
						"1.25": [5, 0, 0],
						"1.375": [0, 0, 0],
						"1.4583": [0, 0, 0],
						"1.5": [0, 0, 0]
					}
				},
				"rotate_down": {
					"rotation": {
						"0.2917": [0, 0, 0],
						"0.3333": [0, 0, 32.5],
						"0.5": [0, 0, 18.5],
						"0.7083": [0, 0, 32.5],
						"0.9167": [0, 0, 22.5],
						"1.0833": [0, 0, 32.5],
						"1.3333": [0, 0, 32.5],
						"1.4167": [0, 0, 10.83],
						"1.4583": [0, 0, 10.83],
						"1.5417": [0, 0, 0]
					}
				},
				"rotate_up": {
					"rotation": {
						"0.2917": [0, 0, 0],
						"0.3333": [0, 0, -32.5],
						"0.5": [0, 0, -23.7],
						"0.6667": [0, 0, -32.5],
						"0.8333": [0, 0, -24.6],
						"0.9583": [0, 0, -32.5],
						"1.3333": [0, 0, -32.5],
						"1.4167": [0, 0, -10.5],
						"1.4583": [0, 0, -10.5],
						"1.5": [0, 0, 0]
					}
				},
				"camera": {
					"rotation": {
						"0.0": {
							"post": [0, 0, 0],
							"lerp_mode": "catmullrom"
						},
						"0.0833": {
							"post": [1.52, 0.28, -0.09],
							"lerp_mode": "catmullrom"
						},
						"0.25": {
							"post": [2.40072, 0.69906, 0.04887],
							"lerp_mode": "catmullrom"
						},
						"0.2917": {
							"post": [2.10701, 0.88443, 1.13978],
							"lerp_mode": "catmullrom"
						},
						"0.4167": {
							"post": [1.37609, 0.97329, -0.82614],
							"lerp_mode": "catmullrom"
						},
						"0.5417": {
							"post": [1.66, 0.64, -0.225],
							"lerp_mode": "catmullrom"
						},
						"0.75": {
							"post": [2.02506, 0.19994, 0.00698],
							"lerp_mode": "catmullrom"
						},
						"0.9167": {
							"post": [2.3, 0.05, -0.04],
							"lerp_mode": "catmullrom"
						},
						"1.0417": {
							"post": [2.65, 0.02, 0.36],
							"lerp_mode": "catmullrom"
						},
						"1.2083": {
							"post": [2.63, 0.08, 0.81],
							"lerp_mode": "catmullrom"
						},
						"1.2917": {
							"post": [2.44, 0.23, 1.05],
							"lerp_mode": "catmullrom"
						},
						"1.4167": {
							"post": [2.20505, 0.18687, 1.11955],
							"lerp_mode": "catmullrom"
						},
						"1.5": {
							"post": [2.03005, 0.18687, 0.51955],
							"lerp_mode": "catmullrom"
						},
						"1.5417": {
							"post": [2.03511, 0.10372, 1.91782],
							"lerp_mode": "catmullrom"
						},
						"1.625": {
							"post": [2.03005, 0.18687, 1.11955],
							"lerp_mode": "catmullrom"
						},
						"1.75": {
							"post": [2.03294, 0.14531, 1.74369],
							"lerp_mode": "catmullrom"
						},
						"1.875": {
							"post": [1.19, 0.08, 1.01],
							"lerp_mode": "catmullrom"
						},
						"1.9167": {
							"post": [0.4, 0.03, 0.67],
							"lerp_mode": "catmullrom"
						},
						"2.0417": {
							"post": [-0.3, 0, -0.15],
							"lerp_mode": "catmullrom"
						},
						"2.1667": [0.1, 0, 0.15],
						"2.2917": [-0.075, 0, -0.01875],
						"2.4167": [0, 0, 0]
					}
				}
			},
			"sound_effects": {
				"0.25": {
					"effect": "iw:ebr800/wpfoly_m8_clipout_fast_v1"
				},
				"1.3333": {
					"effect": "iw:ebr800/wpfoly_m8_clipin_fast_v1"
				},
				"1.9167": {
					"effect": "iw:ebr800/wpfoly_m8_end_fast_v1"
				}
			}
		},
		"reload_empty": {
			"animation_length": 2.4167,
			"bones": {
				"lefthand": {
					"rotation": {
						"0.0": [78.70403, -26.73063, -127.40337],
						"1.0833": [78.70403, -26.73063, -127.40337],
						"1.125": [93.42753, -28.67069, -158.46915],
						"1.75": [93.42753, -28.67069, -158.46915],
						"1.8333": [87.54, -27.89, -146.04],
						"1.9583": [78.70403, -26.73063, -127.40337]
					},
					"position": {
						"0.0": [7.5625, -15.75, -3.375],
						"1.0833": [7.5625, -15.75, -3.375],
						"1.125": [10.56, -13.75, 1.63],
						"1.75": [10.56, -13.75, 1.63],
						"1.8333": [10.36, -14.55, -2.17],
						"1.9583": [7.5625, -15.75, -3.375]
					},
					"scale": {
						"0.0": [1, 1.5, 1],
						"1.0833": [1, 1.5, 1],
						"1.9583": [1, 1.5, 1]
					}
				},
				"righthand": {
					"rotation": [95, 0, -180],
					"position": [-6.2, -16, 6.75],
					"scale": [1, 1.5, 1]
				},
				"constraint": {
					"rotation": [0.2, 0.15, 0.2],
					"position": [0.1, 0.1, 0.4]
				},
				"root": {
					"rotation": {
						"0.0": [0, 0, 0],
						"0.0417": [1.29, 0.6, 0.52],
						"0.125": [-3.32, -0.14, -6.98],
						"0.2083": [-3.32, -0.14, -6.98],
						"0.25": [-5.27, -0.59, -10.74],
						"0.2917": [-7.85369, -1.35245, -16.40886],
						"0.3333": [-6.57698, -2.54259, -24.82703],
						"0.4167": [-5.34473, -0.14114, -21.63336],
						"0.5": [-4.60386, -0.97126, -12.25364],
						"0.5833": [-3.80667, -0.91096, -17.5262],
						"0.75": {
							"pre": [-5.11281, -0.17645, -14.82654],
							"post": [-5.11281, -0.17645, -14.82654],
							"lerp_mode": "catmullrom"
						},
						"0.9167": {
							"post": [-5.86, -0.34, -16.32],
							"lerp_mode": "catmullrom"
						},
						"0.9583": {
							"post": [-7.42, 0.36, -15.35],
							"lerp_mode": "catmullrom"
						},
						"1.0417": [-8.74329, 1.11452, -13.98781],
						"1.125": {
							"pre": [-12.64096, -2.59262, -12.68603],
							"post": [-12.64096, -2.59262, -12.68603],
							"lerp_mode": "catmullrom"
						},
						"1.25": {
							"post": [-13.30412, -3.87138, -18.56149],
							"lerp_mode": "catmullrom"
						},
						"1.3333": [-13.16462, -4.32806, -20.51726],
						"1.4167": {
							"pre": [-13.26092, -4.02376, -19.21555],
							"post": [-13.26092, -4.02376, -19.21555],
							"lerp_mode": "catmullrom"
						},
						"1.5": {
							"post": [-13.37351, 0.12101, -15.06253],
							"lerp_mode": "catmullrom"
						},
						"1.5417": {
							"post": [-14.22331, -2.21713, -20.14809],
							"lerp_mode": "catmullrom"
						},
						"1.5833": {
							"post": [-15.38296, -2.04766, -15.5387],
							"lerp_mode": "catmullrom"
						},
						"1.6667": {
							"post": [-15.35382, -1.46806, -17.23593],
							"lerp_mode": "catmullrom"
						},
						"1.75": [-7.87, -0.73, -15.76],
						"1.875": [-0.37032, 0.39084, 0.10152],
						"1.9167": {
							"pre": [2.85846, -0.25261, 0.94987],
							"post": [2.85846, -0.25261, 0.94987],
							"lerp_mode": "catmullrom"
						},
						"1.9583": {
							"post": [2.29999, -0.18288, 0.4296],
							"lerp_mode": "catmullrom"
						},
						"2.0833": {
							"post": [-0.36337, -0.23485, 0.12572],
							"lerp_mode": "catmullrom"
						},
						"2.125": {
							"post": [-0.2891, -0.33048, 1.24003],
							"lerp_mode": "catmullrom"
						},
						"2.25": [0, 0.225, -0.225],
						"2.3333": [0, 0, 0.6625],
						"2.4167": [0, 0, 0]
					},
					"position": {
						"0.0": [0, 0, 0],
						"0.0833": [-0.07, -0.19, 0.15],
						"0.125": [-0.16, 0.14, 0.32],
						"0.2083": [-0.21, 0.4275, 0.42],
						"0.25": [-0.2, 0.4, 0.4],
						"0.3333": [-0.4, 0.125, 0.4],
						"0.4167": [-0.53, -0.5175, 0.4],
						"0.5417": [-0.57, -0.425, 0.48],
						"0.7083": {
							"pre": [-0.52, 0.2, 0.64],
							"post": [-0.52, 0.2, 0.64],
							"lerp_mode": "catmullrom"
						},
						"0.7917": {
							"post": [-0.5, 0.21, 0.72],
							"lerp_mode": "catmullrom"
						},
						"0.9167": {
							"post": [-0.5, 0.125, 0.8],
							"lerp_mode": "catmullrom"
						},
						"1.0833": [-0.56, 0.245, 0.5],
						"1.2083": [-0.8, 0.945, 0.7],
						"1.2917": [-0.8, 1.115, 1],
						"1.4167": [-0.8, 1.025, 1],
						"1.5417": [-0.8, 0.4, 1],
						"1.625": [-0.9, 0.8, 1],
						"1.75": [-0.9, 0.63, 0.5],
						"1.8333": [-0.3, -0.7, -1.07],
						"1.9167": [0.2, -1.1, -1],
						"2.0417": [0, 0, 0.1625],
						"2.0833": [0, 0.07, 0.3],
						"2.1667": [0, -0.0625, -0.2],
						"2.2917": [0, 0, 0.0625],
						"2.4167": [0, 0, 0]
					}
				},
				"magazine": {
					"rotation": {
						"0.0": [0, 0, 0],
						"0.25": [0, 0, 0],
						"0.2917": [0, 0, 0],
						"0.4167": [0, 0, 17.5],
						"0.4583": [0.4386, 0.11373, 29.54981],
						"0.5": [0.86731, 0.27546, 31.60952],
						"0.5417": [1.33114, 0.29332, 41.15769],
						"0.875": [4.62111, 1.91134, 67.57713],
						"0.9583": [0, 0, 0]
					},
					"position": {
						"0.0": [0, 0, 0],
						"0.25": [0, 0, 0],
						"0.2917": [0, 0, 0],
						"0.4167": [9, 0, 0],
						"0.4583": [9, -0.91, 0],
						"0.5": [9, -1.82, 0],
						"0.5417": [9, -4.73, 0],
						"0.875": [9, -32, 0],
						"0.9583": [0, 0, 0]
					}
				},
				"mag_and_lefthand": {
					"rotation": {
						"0.0": [0, 0, 0],
						"0.625": [0, 0, 0],
						"1.0833": [4.62111, 1.91134, 67.57713],
						"1.25": [0, 5, 0],
						"1.375": [0, 10, 0],
						"1.4583": [0, 10, 0],
						"1.5": [0, 0, 0]
					},
					"position": {
						"0.0": [0, 0, 0],
						"0.625": [0, 0, 0],
						"1.0833": [9, -32, 0],
						"1.25": [5, 0, 0],
						"1.375": [0, 0, 0],
						"1.4583": [0, 0, 0],
						"1.5": [0, 0, 0]
					}
				},
				"rotate_down": {
					"rotation": {
						"0.2917": [0, 0, 0],
						"0.3333": [0, 0, 32.5],
						"0.5": [0, 0, 18.5],
						"0.7083": [0, 0, 32.5],
						"0.9167": [0, 0, 22.5],
						"1.0833": [0, 0, 32.5],
						"1.3333": [0, 0, 32.5],
						"1.4167": [0, 0, 10.83],
						"1.4583": [0, 0, 10.83],
						"1.5417": [0, 0, 0]
					}
				},
				"rotate_up": {
					"rotation": {
						"0.2917": [0, 0, 0],
						"0.3333": [0, 0, -32.5],
						"0.5": [0, 0, -23.7],
						"0.6667": [0, 0, -32.5],
						"0.8333": [0, 0, -24.6],
						"0.9583": [0, 0, -32.5],
						"1.3333": [0, 0, -32.5],
						"1.4167": [0, 0, -10.5],
						"1.4583": [0, 0, -10.5],
						"1.5": [0, 0, 0]
					}
				},
				"camera": {
					"rotation": {
						"0.0": {
							"post": [0, 0, 0],
							"lerp_mode": "catmullrom"
						},
						"0.0833": {
							"post": [1.52, 0.28, -0.09],
							"lerp_mode": "catmullrom"
						},
						"0.25": {
							"post": [2.40072, 0.69906, 0.04887],
							"lerp_mode": "catmullrom"
						},
						"0.2917": {
							"post": [2.10701, 0.88443, 1.13978],
							"lerp_mode": "catmullrom"
						},
						"0.4167": {
							"post": [1.37609, 0.97329, -0.82614],
							"lerp_mode": "catmullrom"
						},
						"0.5417": {
							"post": [1.66, 0.64, -0.225],
							"lerp_mode": "catmullrom"
						},
						"0.75": {
							"post": [2.02506, 0.19994, 0.00698],
							"lerp_mode": "catmullrom"
						},
						"0.9167": {
							"post": [2.3, 0.05, -0.04],
							"lerp_mode": "catmullrom"
						},
						"1.0417": {
							"post": [2.65, 0.02, 0.36],
							"lerp_mode": "catmullrom"
						},
						"1.2083": {
							"post": [2.63, 0.08, 0.81],
							"lerp_mode": "catmullrom"
						},
						"1.2917": {
							"post": [2.44, 0.23, 1.05],
							"lerp_mode": "catmullrom"
						},
						"1.4167": {
							"post": [2.20505, 0.18687, 1.11955],
							"lerp_mode": "catmullrom"
						},
						"1.5": {
							"post": [2.03005, 0.18687, 0.51955],
							"lerp_mode": "catmullrom"
						},
						"1.5417": {
							"post": [2.03511, 0.10372, 1.91782],
							"lerp_mode": "catmullrom"
						},
						"1.625": {
							"post": [2.03005, 0.18687, 1.11955],
							"lerp_mode": "catmullrom"
						},
						"1.75": {
							"post": [2.03294, 0.14531, 1.74369],
							"lerp_mode": "catmullrom"
						},
						"1.875": {
							"post": [1.19, 0.08, 1.01],
							"lerp_mode": "catmullrom"
						},
						"1.9167": {
							"post": [0.4, 0.03, 0.67],
							"lerp_mode": "catmullrom"
						},
						"2.0417": {
							"post": [-0.3, 0, -0.15],
							"lerp_mode": "catmullrom"
						},
						"2.1667": [0.1, 0, 0.15],
						"2.2917": [-0.075, 0, -0.01875],
						"2.4167": [0, 0, 0]
					}
				}
			},
			"sound_effects": {
				"0.25": {
					"effect": "iw:ebr800/wpfoly_m8_clipout_fast_empty_v1"
				},
				"1.3333": {
					"effect": "iw:ebr800/wpfoly_m8_clipin_fast_empty_v1"
				},
				"1.9167": {
					"effect": "iw:ebr800/wpfoly_m8_end_fast_empty_v1"
				}
			}
		},
		"static_idle_1": {
			"animation_length": 0.05,
			"bones": {
				"lefthand": {
					"rotation": [78.70403, -26.73063, -127.40337],
					"position": [7.5625, -15.75, -3.375],
					"scale": [1, 1.5, 1]
				},
				"righthand": {
					"rotation": [95, 0, -180],
					"position": [-6.2, -16, 6.75],
					"scale": [1, 1.5, 1]
				},
				"constraint": {
					"rotation": [0.2, 0.15, 0.2],
					"position": [0.1, 0.1, 0.4]
				},
				"barrel": {
					"position": [0, 0, 4.5]
				},
				"muzzle": {
					"position": [0, 0, 4.5]
				},
				"bone17": {
					"rotation": [48.12, 0, 0],
					"position": [0, 0.63125, -0.55312]
				},
				"bone24": {
					"rotation": [-16.75, 0, 0],
					"position": [0, -2.45062, 2.3725]
				},
				"bone25": {
					"rotation": [-41.42, 0, 0],
					"position": [0, -0.11687, 3.95875]
				},
				"bone26": {
					"rotation": [-60, 0, 0],
					"position": [0, 0, 4.5]
				},
				"bone27": {
					"rotation": [41.24, 0, 0],
					"position": [0, -0.73, 0.53875]
				}
			}
		},
		"transform_1": {
			"animation_length": 1.2333,
			"bones": {
				"lefthand": {
					"rotation": [78.70403, -26.73063, -127.40337],
					"position": [7.5625, -15.75, -3.375],
					"scale": [1, 1.5, 1]
				},
				"righthand": {
					"rotation": [95, 0, -180],
					"position": [-6.2, -16, 6.75],
					"scale": [1, 1.5, 1]
				},
				"constraint": {
					"rotation": [0.2, 0.15, 0.2],
					"position": [0.1, 0.1, 0.4]
				},
				"barrel": {
					"position": {
						"0.0": [0, 0, 4.5],
						"0.3667": [0, 0, 4.5],
						"0.5": [0, 0, 0]
					}
				},
				"muzzle": {
					"position": {
						"0.0": [0, 0, 4.5],
						"0.3667": [0, 0, 4.5],
						"0.5": [0, 0, 0]
					}
				},
				"bone17": {
					"rotation": {
						"0.0": [48.12, 0, 0],
						"0.3667": [48.12, 0, 0],
						"0.4": [49.12, 0, 0],
						"0.4333": [37.75, 0, 0],
						"0.4667": [16.88, 0, 0],
						"0.5": [0, 0, 0]
					},
					"position": {
						"0.0": [0, 0.63125, -0.55312],
						"0.3667": [0, 0.63125, -0.55312],
						"0.4": [0, 0.63125, -0.63125],
						"0.4333": [0, 0.6725, -0.34125],
						"0.4667": [0, 0.27125, 0.11313],
						"0.5": [0, 0, 0]
					}
				},
				"bone24": {
					"rotation": {
						"0.0": [-16.75, 0, 0],
						"0.3667": [-16.75, 0, 0],
						"0.4": [-16.75, 0, 0],
						"0.4333": [-15.16, 0, 0],
						"0.4667": [-10.58, 0, 0],
						"0.5": [0, 0, 0]
					},
					"position": {
						"0.0": [0, -2.45062, 2.3725],
						"0.3667": [0, -2.45062, 2.3725],
						"0.4": [0, -2.56, 2.435],
						"0.4333": [0, -2.02812, 1.80313],
						"0.4667": [0, -1.15062, 0.85313],
						"0.5": [0, 0, 0]
					}
				},
				"bone25": {
					"rotation": {
						"0.0": [-41.42, 0, 0],
						"0.3667": [-41.42, 0, 0],
						"0.5": [0, 0, 0]
					},
					"position": {
						"0.0": [0, -0.11687, 3.95875],
						"0.3667": [0, -0.11687, 3.95875],
						"0.5": [0, 0, 0]
					}
				},
				"root": {
					"rotation": {
						"0.0": [0, 0, 0],
						"0.1667": {
							"pre": [-12.64096, -2.59262, -12.68603],
							"post": [-12.64096, -2.59262, -12.68603],
							"lerp_mode": "catmullrom"
						},
						"0.3": {
							"post": [-13.30412, -3.87138, -18.56149],
							"lerp_mode": "catmullrom"
						},
						"0.4": {
							"post": [-13.16462, -4.32806, -20.51726],
							"lerp_mode": "catmullrom"
						},
						"0.6": {
							"post": [-13.16462, -4.32806, -14.95726],
							"lerp_mode": "catmullrom"
						},
						"0.7667": [-13.16462, -4.32806, -15.64726],
						"0.9333": [-0.2891, -0.33048, 1.24003],
						"1.0667": [0, 0.225, -0.225],
						"1.1667": [0, 0, 0.6625],
						"1.2333": [0, 0, 0]
					},
					"position": {
						"0.0": [0, 0, 0],
						"0.1333": [-0.56, 0.245, 0.5],
						"0.2667": [-0.8, 0.945, 0.7],
						"0.3667": [-0.8, 1.115, 0.92],
						"0.4667": [-0.85, 1.815, 0.12],
						"0.5667": [-0.8, 1.46, 0.35],
						"0.7333": [-0.8, 1.46, 0.35],
						"0.9": [0, 0.07, 0.3],
						"1.0": [0, -0.0625, -0.2],
						"1.1": [0, 0, 0.0625],
						"1.2333": [0, 0, 0]
					}
				},
				"rotate": {
					"rotation": {
						"0.0": [0, 0, 0],
						"0.1667": [0, 0, 7.5],
						"0.3667": [0, 0, 3.09],
						"0.5667": [0, 0, 0],
						"0.7667": [0, 0, 0],
						"0.9": [0, 0, -2],
						"1.0333": [0, 0, 0]
					}
				},
				"bone26": {
					"rotation": {
						"0.0": [-60, 0, 0],
						"0.3667": [-60, 0, 0],
						"0.5": [0, 0, 0]
					},
					"position": {
						"0.0": [0, 0, 4.5],
						"0.3667": [0, 0, 4.5],
						"0.5": [0, 0, 0]
					}
				},
				"bone27": {
					"rotation": {
						"0.0": [41.24, 0, 0],
						"0.3667": [41.24, 0, 0],
						"0.4": [41.24, 0, 0],
						"0.4333": [33.16, 0, 0],
						"0.4667": [20.58, 0, 0],
						"0.5": [0, 0, 0]
					},
					"position": {
						"0.0": [0, -0.73, 0.53875],
						"0.3667": [0, -0.73, 0.53875],
						"0.4": [0, -0.73, 0.53875],
						"0.4333": [0, -0.51687, 0.40125],
						"0.4667": [0, -0.33812, 0.21563],
						"0.5": [0, 0, 0]
					}
				}
			},
			"sound_effects": {
				"0.2667": {
					"effect": "iw:ebr800/wpfoly_m8_ar_toggle_off_v1"
				}
			}
		},
		"shoot_1": {
			"loop": true,
			"animation_length": 0.6667,
			"bones": {
				"root": {
					"rotation": {
						"0.0": [0, 0, 0],
						"0.0333": [1.23, 0, 0.73],
						"0.0667": [-1.87, 0, -1.17],
						"0.1": [-1.99, 0, -1.23],
						"0.1333": [-0.91, 0, -0.35],
						"0.1667": [0.18, 0, 0.53],
						"0.2": [0.27, 0, 0.27],
						"0.2333": [0.36, 0, 0.01],
						"0.2667": [0.45, 0, -0.25],
						"0.3": [0.38, -0.07, -0.08],
						"0.3333": [0.3, -0.13, 0.08],
						"0.3667": [0.23, -0.2, 0.25],
						"0.4": [0.18, -0.17, 0.17],
						"0.4333": [0.14, -0.14, 0.09],
						"0.4667": [0.1, -0.11, 0.01],
						"0.5": [0.06, -0.07, -0.07],
						"0.5333": [0.04, -0.06, -0.06],
						"0.5667": [0.03, -0.04, -0.04],
						"0.6": [0.01, -0.02, -0.02],
						"0.6333": [0, 0, 0]
					},
					"position": {
						"0.0": [0, 0, 0],
						"0.0333": [0, -0.02, 1.73],
						"0.0667": [0, -0.05, 1.38],
						"0.1": [0, -0.05, 0.67],
						"0.1333": [0, -0.05, -0.04],
						"0.1667": [0, -0.04, -0.01],
						"0.2": [0, -0.04, 0.03],
						"0.2333": [0, -0.03, 0.06],
						"0.2667": [0, -0.02, 0.1],
						"0.3": [0, -0.02, 0.07],
						"0.3333": [0, -0.01, 0.03],
						"0.3667": [0, 0, 0]
					}
				},
				"camera": {
					"rotation": {
						"0.0": [0, 0, 0],
						"0.0333": [0, 0, 0.6],
						"0.0667": [0, 0, -0.4],
						"0.1": [0, 0, -0.07],
						"0.1333": [0, 0, 0.33],
						"0.1667": [0, 0, 0.08],
						"0.2": [0, 0, -0.22],
						"0.2333": [0, 0, -0.15],
						"0.2667": [0, 0, 0],
						"0.3": [0, 0, 0.02],
						"0.3333": [0, 0, 0.01],
						"0.3667": [0, 0, 0]
					}
				},
				"constraint": {
					"rotation": {
						"0.1667": [0.2, 0.2, 0.2],
						"0.2333": [0.1, 0.1, 0.1],
						"0.3333": [0, 0, 0]
					},
					"position": {
						"0.1667": [0.15, 0.05, 0.25],
						"0.2333": [0.1, 0, 0.1],
						"0.3333": [0, 0, 0]
					}
				}
			}
		},
		"draw_1": {
			"loop": "hold_on_last_frame",
			"animation_length": 0.75,
			"bones": {
				"lefthand": {
					"rotation": {
						"0.05": [84.55606, -1.91886, -130.46016],
						"0.15": [84.28, -15.19, -129.13],
						"0.25": [84.78735, -29.81773, -128.79991],
						"0.35": [78.70403, -26.73063, -127.40337]
					},
					"position": {
						"0.05": [7.6, -28.9, 3],
						"0.15": [7.6, -20.23, -1],
						"0.25": [7.6, -16.5, -2],
						"0.35": [7.5625, -15.75, -3.375]
					},
					"scale": {
						"0.0": [1, 1.5, 1],
						"0.35": [1, 1.5, 1]
					}
				},
				"righthand": {
					"rotation": [95, 0, -180],
					"position": [-6.2, -16, 6.75],
					"scale": [1, 1.5, 1]
				},
				"root": {
					"rotation": {
						"0.0": [19.64807, -30.83866, 63.3425],
						"0.1": [21.19122, -14.40747, 12.59763],
						"0.2": [5.09, -6.61, 5.06],
						"0.3": [1.82144, 0.01118, 0.03752],
						"0.35": [-0.042, -0.4187, 4.03899],
						"0.45": {
							"pre": [0.14086, -0.97706, 1.04153],
							"post": [0.14086, -0.97706, 1.04153],
							"lerp_mode": "catmullrom"
						},
						"0.55": {
							"post": [-0.13, 0.1, 0],
							"lerp_mode": "catmullrom"
						},
						"0.7": [0, 0, 0]
					},
					"position": {
						"0.0": [3, -14, 0],
						"0.05": [2.1, -6, 0],
						"0.15": [1.5, -1.85, -0.2],
						"0.2": [1.05, -1.47, -0.7],
						"0.3": {
							"pre": [0.45, -0.86, -1.1],
							"post": [0.45, -0.86, -1.1],
							"lerp_mode": "catmullrom"
						},
						"0.35": {
							"post": [0.13, -0.35, -0.27],
							"lerp_mode": "catmullrom"
						},
						"0.4": {
							"post": [0, 0.17, 0.17],
							"lerp_mode": "catmullrom"
						},
						"0.45": {
							"post": [0, 0.08, -0.13],
							"lerp_mode": "catmullrom"
						},
						"0.55": [0, -0.01, -0.28],
						"0.65": [0, 0, 0]
					}
				},
				"camera": {
					"rotation": {
						"0.0": {
							"post": [0, 0, 0],
							"lerp_mode": "catmullrom"
						},
						"0.1": {
							"post": [1, 1, 0],
							"lerp_mode": "catmullrom"
						},
						"0.25": {
							"post": [1, 0, 1],
							"lerp_mode": "catmullrom"
						},
						"0.4": {
							"post": [-1, 0, 0],
							"lerp_mode": "catmullrom"
						},
						"0.5": {
							"post": [-0.49992, 0.00873, 0.99996],
							"lerp_mode": "catmullrom"
						},
						"0.65": {
							"post": [0, 0, 0],
							"lerp_mode": "catmullrom"
						}
					}
				},
				"muzzle": {
					"position": [0, 0, 4.5]
				},
				"bone25": {
					"rotation": [-41.42, 0, 0],
					"position": [0, -0.11687, 3.95875]
				},
				"bone24": {
					"rotation": [-16.75, 0, 0],
					"position": [0, -2.45062, 2.3725]
				},
				"bone17": {
					"rotation": [48.12, 0, 0],
					"position": [0, 0.63125, -0.55312]
				},
				"barrel": {
					"position": [0, 0, 4.5]
				},
				"rotate": {
					"rotation": {
						"0.0": [0, 0, -23],
						"0.25": [0, 0, -14],
						"0.35": [0, 0, 5],
						"0.45": [0, 0, -2.265],
						"0.55": [0, 0, 1.575],
						"0.7": [0, 0, 0]
					}
				},
				"bone26": {
					"rotation": [-60, 0, 0],
					"position": [0, 0, 4.5]
				},
				"bone27": {
					"rotation": [41.24, 0, 0],
					"position": [0, -0.73, 0.53875]
				}
			}
		},
		"put_away_1": {
			"animation_length": 0.4167,
			"bones": {
				"lefthand": {
					"rotation": [78.70403, -26.73063, -127.40337],
					"position": [7.5625, -15.75, -3.375],
					"scale": [1, 1.5, 1]
				},
				"righthand": {
					"rotation": [95, 0, -180],
					"position": [-6.2, -16, 6.75],
					"scale": [1, 1.5, 1]
				},
				"constraint": {
					"rotation": [0.2, 0.15, 0.2],
					"position": [0.1, 0.1, 0.4]
				},
				"root": {
					"rotation": {
						"0.0": {
							"post": [0, 0, 0],
							"lerp_mode": "catmullrom"
						},
						"0.0833": {
							"post": [-0.51171, -3.6801, -4.19401],
							"lerp_mode": "catmullrom"
						},
						"0.1667": {
							"post": [4.36882, -11.73179, -10.29382],
							"lerp_mode": "catmullrom"
						},
						"0.25": {
							"post": [11.60471, -21.56305, -3.66288],
							"lerp_mode": "catmullrom"
						},
						"0.3333": {
							"post": [16.97, -33.62, 3.38],
							"lerp_mode": "catmullrom"
						},
						"0.4167": {
							"post": [34.73, -44.04, -3.09],
							"lerp_mode": "catmullrom"
						}
					},
					"position": {
						"0.0": {
							"post": [0, 0, 0],
							"lerp_mode": "catmullrom"
						},
						"0.0833": {
							"post": [0, -0.49, -0.02],
							"lerp_mode": "catmullrom"
						},
						"0.1667": {
							"post": [-0.52, -1.47, -0.56],
							"lerp_mode": "catmullrom"
						},
						"0.25": {
							"post": [-0.36, -2.92, -0.84],
							"lerp_mode": "catmullrom"
						},
						"0.3333": {
							"post": [0.13, -5.86, -0.16],
							"lerp_mode": "catmullrom"
						},
						"0.4167": {
							"post": [1.72, -9.68, 0.16],
							"lerp_mode": "catmullrom"
						}
					}
				},
				"camera": {
					"rotation": {
						"0.0": {
							"post": [0, 0, 0],
							"lerp_mode": "catmullrom"
						},
						"0.125": {
							"post": [0.35, 0.025, -0.225],
							"lerp_mode": "catmullrom"
						},
						"0.2917": {
							"post": [0.1, 0.025, 0.075],
							"lerp_mode": "catmullrom"
						},
						"0.4167": {
							"post": [0, 0, 0],
							"lerp_mode": "catmullrom"
						}
					}
				},
				"muzzle": {
					"position": [0, 0, 4.5]
				},
				"bone25": {
					"rotation": [-41.42, 0, 0],
					"position": [0, -0.11687, 3.95875]
				},
				"bone24": {
					"rotation": [-16.75, 0, 0],
					"position": [0, -2.45062, 2.3725]
				},
				"bone17": {
					"rotation": [48.12, 0, 0],
					"position": [0, 0.63125, -0.55312]
				},
				"barrel": {
					"position": [0, 0, 4.5]
				},
				"rotate": {
					"rotation": {
						"0.0": [0, 0, 0],
						"0.125": [0, 0, 15],
						"0.2917": [0, 0, 25]
					}
				},
				"bone26": {
					"rotation": [-60, 0, 0],
					"position": [0, 0, 4.5]
				},
				"bone27": {
					"rotation": [41.24, 0, 0],
					"position": [0, -0.73, 0.53875]
				}
			}
		},
		"inspect_1": {
			"animation_length": 5.45,
			"bones": {
				"lefthand": {
					"rotation": {
						"0.0": [78.70403, -26.73063, -127.40337],
						"0.3": [97.60229, -50.98159, -172.85145],
						"0.4": [97.6, -50.98, -172.85],
						"2.35": [97.6, -50.98, -172.85],
						"2.5": [99.14399, -58.40097, -174.73803],
						"2.6": [52.85269, -57.5914, -146.26457],
						"4.7": [52.85269, -57.5914, -146.26457],
						"5.0": [78.70403, -26.73063, -127.40337]
					},
					"position": {
						"0.0": [7.5625, -15.75, -3.375],
						"0.1": {
							"pre": [12.19929, -21.32931, -1.16257],
							"post": [12.19929, -21.32931, -1.16257],
							"lerp_mode": "catmullrom"
						},
						"0.2": {
							"post": [13.53031, -32.66631, 9.36009],
							"lerp_mode": "catmullrom"
						},
						"0.3": {
							"post": [14.47738, -36.79537, 21.17153],
							"lerp_mode": "catmullrom"
						},
						"0.4": [1.5, -46.2, 15.5],
						"2.35": [1.5, -46.2, 15.5],
						"2.5": [7.5, -24.2, -1.5],
						"2.6": [6.5, -17.2, -2],
						"4.7": [6.5, -17.2, -2],
						"5.0": [7.5625, -15.75, -3.375]
					},
					"scale": {
						"0.0": [1, 1.5, 1],
						"5.0": [1, 1.5, 1]
					}
				},
				"righthand": {
					"rotation": {
						"0.0": [95, 0, -180],
						"5.1": [95, 0, -180]
					},
					"position": {
						"0.0": [-6.2, -16, 6.75],
						"5.1": [-6.2, -16, 6.75]
					},
					"scale": {
						"0.0": [1, 1.5, 1],
						"5.1": [1, 1.5, 1]
					}
				},
				"root": {
					"rotation": {
						"0.0": [0, 0, 0],
						"0.05": [-5.79, 0.13, 1.95],
						"0.15": [-17.59, -10.78, -12.86],
						"0.25": [-25.6, -24.52, -35.41],
						"0.3": [-27.59976, -27.22756, -41.19159],
						"0.35": [-29.18247, -28.58725, -44.21775],
						"0.4": [-31.13848, -27.68974, -42.19082],
						"0.5": [-30.66598, -28.14222, -43.20004],
						"0.6": [-31.42, -28.14, -43.2],
						"0.7": [-32.01, -27.44, -41.92],
						"0.9": [-31.74, -28, -42.94],
						"1.0": [-31.76, -28.22, -43.36],
						"1.5": [-31.20393, -28.6466, -44.18009],
						"1.55": [-29.85, -30.65, -48.19],
						"1.65": [-29.18045, -31.65513, -50.18764],
						"1.8": [-29.71221, -31.16351, -49.16731],
						"1.95": [-29.71, -31.16, -49.17],
						"2.2": [-29.1733, -31.63628, -50.20015],
						"2.3": [-28.77, -30.86, -48.82],
						"2.4": [-27.89, -26.22, -40.22],
						"2.45": [-26.12, -16.94, -23.01],
						"2.5": [-27.22851, -1.49811, 6.49643],
						"2.65": [-27.64133, 24.07175, 55.7761],
						"2.8": [-27.55942, 24.18741, 56.01913],
						"2.9": [-26.63512, 25.213, 58.2211],
						"3.1": [-27.05095, 24.76144, 57.23672],
						"3.3": [-27.18, 24.27, 56.94],
						"3.5": [-27.3, 24.11, 56.64],
						"3.75": [-27.43825, 24.30227, 56.26287],
						"3.85": [-27.13612, 27.9047, 59.22256],
						"4.05": [-27.60586, 27.4605, 58.21082],
						"4.35": [-27.25, 27.82, 58.99],
						"4.55": [-27.1, 27.74, 59.31],
						"4.7": [-26.95, 27.21, 59.62],
						"5.0": [9.41515, -1.03643, 9.2118],
						"5.1": [1.9612, -0.55625, 7.98076],
						"5.15": [0.66898, -0.48139, 1.31942],
						"5.25": [-1.00521, -0.46117, 2.73757],
						"5.4": [0, 0, 0]
					},
					"position": {
						"0.0": [0, 0, 0],
						"0.1": [-0.07, 0.63, 0],
						"0.15": [-0.13, 1, 0],
						"0.25": [-0.51, 1.07, 0],
						"0.35": {
							"pre": [-0.8, 0.9, 0],
							"post": [-0.8, 0.9, 0],
							"lerp_mode": "catmullrom"
						},
						"0.45": {
							"post": [-1, 0.5, 0],
							"lerp_mode": "catmullrom"
						},
						"0.55": {
							"post": [-1, 0.225, 0],
							"lerp_mode": "catmullrom"
						},
						"0.65": {
							"post": [-1, 0.295, 0],
							"lerp_mode": "catmullrom"
						},
						"0.75": {
							"post": [-1, 0.48, 0],
							"lerp_mode": "catmullrom"
						},
						"0.85": {
							"post": [-1, 0.68, 0],
							"lerp_mode": "catmullrom"
						},
						"1.0": [-1, 0.77, 0],
						"1.25": [-1, 0.715, 0],
						"1.5": [-1, 0.5, 0],
						"1.6": {
							"pre": [-1, 0.5, 0],
							"post": [-1, 0.5, 0],
							"lerp_mode": "catmullrom"
						},
						"1.95": {
							"post": [-1, 0.715, 0],
							"lerp_mode": "catmullrom"
						},
						"2.05": {
							"post": [-1, 0.9, 0],
							"lerp_mode": "catmullrom"
						},
						"2.25": [-1, 0.9, 0],
						"2.35": [-0.91, 0.43, 0],
						"2.45": [0.05, -0.65, 0],
						"2.6": [1.85, -0.9, 0],
						"2.75": {
							"pre": [2.5, -0.3, 0],
							"post": [2.5, -0.3, 0],
							"lerp_mode": "catmullrom"
						},
						"2.85": {
							"post": [2.5, -0.075, -0.1],
							"lerp_mode": "catmullrom"
						},
						"3.0": {
							"post": [2.5, 0.06, -0.1],
							"lerp_mode": "catmullrom"
						},
						"3.2": {
							"post": [2.5, 0.02, -0.1],
							"lerp_mode": "catmullrom"
						},
						"3.75": [2.5, 0, -0.1],
						"3.95": [2.5, 0.225, -0.1],
						"4.35": [2.5, 0.38, -0.1],
						"4.7": [2.5, 0.445, -0.1],
						"4.95": [1.25, -1.15, 0.95],
						"5.1": [0, -0.5, -0.8],
						"5.2": [0, 0, 0.62],
						"5.3": [0, -0.2, -0.17],
						"5.45": [0, 0, 0]
					}
				},
				"camera": {
					"rotation": {
						"0.0": {
							"post": [0, 0, 0],
							"lerp_mode": "catmullrom"
						},
						"0.1": {
							"post": [2.38, 1.14, 0],
							"lerp_mode": "catmullrom"
						},
						"0.2": {
							"post": [2.43, 2.29, 0],
							"lerp_mode": "catmullrom"
						},
						"0.3": {
							"post": [1.29, 2.86, 0],
							"lerp_mode": "catmullrom"
						},
						"0.4": {
							"post": [-1, 4, 0],
							"lerp_mode": "catmullrom"
						},
						"0.6": {
							"post": [-2.00275, 4.99939, -0.03503],
							"lerp_mode": "catmullrom"
						},
						"0.9": {
							"post": [-1.25, 5, -0.04],
							"lerp_mode": "catmullrom"
						},
						"1.2": {
							"post": [-1.53, 5.54, -0.05],
							"lerp_mode": "catmullrom"
						},
						"1.4": {
							"post": [-1.9, 5.77, -0.05],
							"lerp_mode": "catmullrom"
						},
						"1.7": {
							"post": [-2.6, 6, -0.05],
							"lerp_mode": "catmullrom"
						},
						"1.9": {
							"post": [-2.45, 6, -0.05],
							"lerp_mode": "catmullrom"
						},
						"2.1": {
							"post": [-2.62, 6, -0.05],
							"lerp_mode": "catmullrom"
						},
						"2.25": {
							"post": [-3, 6, -0.05],
							"lerp_mode": "catmullrom"
						},
						"2.4": {
							"post": [-0.74, 3.75, 0.02],
							"lerp_mode": "catmullrom"
						},
						"2.5": {
							"post": [0.26, 2.75, 0.06],
							"lerp_mode": "catmullrom"
						},
						"2.6": {
							"post": [0.76, 2.25, 0.08],
							"lerp_mode": "catmullrom"
						},
						"2.8": {
							"post": [1.76, 1.75, 0.08],
							"lerp_mode": "catmullrom"
						},
						"2.9": {
							"post": [1.47, 1.75, 0.08],
							"lerp_mode": "catmullrom"
						},
						"3.0": {
							"post": [1.4, 1.75, 0.08],
							"lerp_mode": "catmullrom"
						},
						"3.15": {
							"post": [1.32, 1.75, 0.08],
							"lerp_mode": "catmullrom"
						},
						"3.35": {
							"post": [1.06, 1.75, 0.08],
							"lerp_mode": "catmullrom"
						},
						"3.7": {
							"post": [0.36, 1.75, 0.08],
							"lerp_mode": "catmullrom"
						},
						"3.8": {
							"post": [0.04, 1.75, 0.08],
							"lerp_mode": "catmullrom"
						},
						"3.9": {
							"post": [-0.41, 1.75, 0.08],
							"lerp_mode": "catmullrom"
						},
						"4.05": {
							"post": [-0.82, 1.75, 0.08],
							"lerp_mode": "catmullrom"
						},
						"4.4": {
							"post": [-0.77, 1.75, 0.08],
							"lerp_mode": "catmullrom"
						},
						"4.6": {
							"post": [-0.75, 1.75, 0.08],
							"lerp_mode": "catmullrom"
						},
						"5.0": {
							"post": [1.91, 0.55, 0.35],
							"lerp_mode": "catmullrom"
						},
						"5.15": {
							"post": [-1, 0, 0],
							"lerp_mode": "catmullrom"
						},
						"5.25": {
							"post": [0.4, 0, 0],
							"lerp_mode": "catmullrom"
						},
						"5.4": {
							"post": [0, 0, 0],
							"lerp_mode": "catmullrom"
						}
					}
				},
				"muzzle": {
					"position": [0, 0, 4.5]
				},
				"bone25": {
					"rotation": [-41.42, 0, 0],
					"position": [0, -0.11687, 3.95875]
				},
				"bone24": {
					"rotation": [-16.75, 0, 0],
					"position": [0, -2.45062, 2.3725]
				},
				"bone17": {
					"rotation": [48.12, 0, 0],
					"position": [0, 0.63125, -0.55312]
				},
				"barrel": {
					"position": [0, 0, 4.5]
				},
				"rotate": {
					"rotation": {
						"0.0": [0, 0, 0],
						"0.15": [0, 0, 9],
						"0.35": [0, 0, -2],
						"0.45": [0, 0, 7],
						"1.45": [0, 0, 7],
						"1.55": [0, 0, 10.59],
						"1.65": [0, 0, 7],
						"2.2": [0, 0, 7],
						"2.45": [0, 0, -15.17],
						"2.65": [0, 0, -6.91],
						"2.85": [0, 5, -36.335],
						"3.7": [0, 5, -36.335],
						"3.85": [0, 7.5, -43.865],
						"4.0": [0, 7.5, -36.34],
						"4.65": [0, 7.5, -36.34],
						"4.8": [0, 10, -56.62],
						"5.05": [0, 10, -56.62],
						"5.2": [0, 0, 14.51],
						"5.35": [0, 0, 0]
					}
				},
				"bone26": {
					"rotation": [-60, 0, 0],
					"position": [0, 0, 4.5]
				},
				"bone27": {
					"rotation": [41.24, 0, 0],
					"position": [0, -0.73, 0.53875]
				}
			},
			"sound_effects": {
				"0.15": {
					"effect": "tacz:victor45/victor_inspect_raise"
				},
				"1.0": {
					"effect": "tacz:victor45/victor_inspect_moveclose"
				},
				"1.5": {
					"effect": "tacz:victor45/victor_inspect_lower"
				},
				"2.4": {
					"effect": "tacz:victor45/victor_inspect_rotate"
				},
				"3.75": {
					"effect": "tacz:victor45/victor_inspect_lower"
				},
				"4.55": {
					"effect": "tacz:victor45/victor_inspect_end"
				}
			}
		},
		"inspect_empty_1": {
			"animation_length": 5.45,
			"bones": {
				"lefthand": {
					"rotation": {
						"0.0": [78.70403, -26.73063, -127.40337],
						"0.3": [97.60229, -50.98159, -172.85145],
						"0.4": [97.6, -50.98, -172.85],
						"2.35": [97.6, -50.98, -172.85],
						"2.5": [99.14399, -58.40097, -174.73803],
						"2.6": [52.85269, -57.5914, -146.26457],
						"4.7": [52.85269, -57.5914, -146.26457],
						"5.0": [78.70403, -26.73063, -127.40337]
					},
					"position": {
						"0.0": [7.5625, -15.75, -3.375],
						"0.1": {
							"pre": [12.19929, -21.32931, -1.16257],
							"post": [12.19929, -21.32931, -1.16257],
							"lerp_mode": "catmullrom"
						},
						"0.2": {
							"post": [13.53031, -32.66631, 9.36009],
							"lerp_mode": "catmullrom"
						},
						"0.3": {
							"post": [14.47738, -36.79537, 21.17153],
							"lerp_mode": "catmullrom"
						},
						"0.4": [1.5, -46.2, 15.5],
						"2.35": [1.5, -46.2, 15.5],
						"2.5": [7.5, -24.2, -1.5],
						"2.6": [6.5, -17.2, -2],
						"4.7": [6.5, -17.2, -3],
						"5.0": [7.5625, -15.75, -3.375]
					},
					"scale": {
						"0.0": [1, 1.5, 1],
						"5.0": [1, 1.5, 1]
					}
				},
				"righthand": {
					"rotation": {
						"0.0": [95, 0, -180],
						"5.1": [95, 0, -180]
					},
					"position": {
						"0.0": [-6.2, -16, 6.75],
						"5.1": [-6.2, -16, 6.75]
					},
					"scale": {
						"0.0": [1, 1.5, 1],
						"5.1": [1, 1.5, 1]
					}
				},
				"root": {
					"rotation": {
						"0.0": [0, 0, 0],
						"0.05": [-5.79, 0.13, 1.95],
						"0.15": [-17.59, -10.78, -12.86],
						"0.25": [-25.6, -24.52, -35.41],
						"0.3": [-27.59976, -27.22756, -41.19159],
						"0.35": [-29.18247, -28.58725, -44.21775],
						"0.4": [-31.13848, -27.68974, -42.19082],
						"0.5": [-30.66598, -28.14222, -43.20004],
						"0.6": [-31.42, -28.14, -43.2],
						"0.7": [-32.01, -27.44, -41.92],
						"0.9": [-31.74, -28, -42.94],
						"1.0": [-31.76, -28.22, -43.36],
						"1.5": [-31.20393, -28.6466, -44.18009],
						"1.55": [-29.85, -30.65, -48.19],
						"1.65": [-29.18045, -31.65513, -50.18764],
						"1.8": [-29.71221, -31.16351, -49.16731],
						"1.95": [-29.71, -31.16, -49.17],
						"2.2": [-29.1733, -31.63628, -50.20015],
						"2.3": [-28.77, -30.86, -48.82],
						"2.4": [-27.89, -26.22, -40.22],
						"2.45": [-26.12, -16.94, -23.01],
						"2.5": [-27.22851, -1.49811, 6.49643],
						"2.65": [-27.64133, 24.07175, 55.7761],
						"2.8": [-27.55942, 24.18741, 56.01913],
						"2.9": [-26.63512, 25.213, 58.2211],
						"3.1": [-27.05095, 24.76144, 57.23672],
						"3.3": [-27.18, 24.27, 56.94],
						"3.5": [-27.3, 24.11, 56.64],
						"3.75": [-27.43825, 24.30227, 56.26287],
						"3.85": [-27.13612, 27.9047, 59.22256],
						"4.05": [-27.60586, 27.4605, 58.21082],
						"4.35": [-27.25, 27.82, 58.99],
						"4.55": [-27.1, 27.74, 59.31],
						"4.7": [-26.95, 27.21, 59.62],
						"5.0": [9.41515, -1.03643, 9.2118],
						"5.1": [1.9612, -0.55625, 7.98076],
						"5.15": [0.66898, -0.48139, 1.31942],
						"5.25": [-1.00521, -0.46117, 2.73757],
						"5.4": [0, 0, 0]
					},
					"position": {
						"0.0": [0, 0, 0],
						"0.1": [-0.07, 0.63, 0],
						"0.15": [-0.13, 1, 0],
						"0.25": [-0.51, 1.07, 0],
						"0.35": {
							"pre": [-0.8, 0.9, 0],
							"post": [-0.8, 0.9, 0],
							"lerp_mode": "catmullrom"
						},
						"0.45": {
							"post": [-1, 0.5, 0],
							"lerp_mode": "catmullrom"
						},
						"0.55": {
							"post": [-1, 0.225, 0],
							"lerp_mode": "catmullrom"
						},
						"0.65": {
							"post": [-1, 0.295, 0],
							"lerp_mode": "catmullrom"
						},
						"0.75": {
							"post": [-1, 0.48, 0],
							"lerp_mode": "catmullrom"
						},
						"0.85": {
							"post": [-1, 0.68, 0],
							"lerp_mode": "catmullrom"
						},
						"1.0": [-1, 0.77, 0],
						"1.25": [-1, 0.715, 0],
						"1.5": [-1, 0.5, 0],
						"1.6": {
							"pre": [-1, 0.5, 0],
							"post": [-1, 0.5, 0],
							"lerp_mode": "catmullrom"
						},
						"1.95": {
							"post": [-1, 0.715, 0],
							"lerp_mode": "catmullrom"
						},
						"2.05": {
							"post": [-1, 0.9, 0],
							"lerp_mode": "catmullrom"
						},
						"2.25": [-1, 0.9, 0],
						"2.35": [-0.91, 0.43, 0],
						"2.45": [0.05, -0.65, 0],
						"2.6": [1.85, -0.9, 0],
						"2.75": {
							"pre": [2.5, -0.3, 0],
							"post": [2.5, -0.3, 0],
							"lerp_mode": "catmullrom"
						},
						"2.85": {
							"post": [2.5, -0.075, -0.1],
							"lerp_mode": "catmullrom"
						},
						"3.0": {
							"post": [2.5, 0.06, -0.1],
							"lerp_mode": "catmullrom"
						},
						"3.2": {
							"post": [2.5, 0.02, -0.1],
							"lerp_mode": "catmullrom"
						},
						"3.75": [2.5, 0, -0.1],
						"3.95": [2.5, 0.225, -0.1],
						"4.35": [2.5, 0.38, -0.1],
						"4.55": [2.5, 0.445, -0.1],
						"4.7": [2.5, 0.445, -0.1],
						"4.95": [1.25, -1.15, 0.95],
						"5.1": [0, -0.5, -0.8],
						"5.2": [0, 0, 0.62],
						"5.3": [0, -0.2, -0.17],
						"5.45": [0, 0, 0]
					}
				},
				"camera": {
					"rotation": {
						"0.0": {
							"post": [0, 0, 0],
							"lerp_mode": "catmullrom"
						},
						"0.1": {
							"post": [2.38, 1.14, 0],
							"lerp_mode": "catmullrom"
						},
						"0.2": {
							"post": [2.43, 2.29, 0],
							"lerp_mode": "catmullrom"
						},
						"0.3": {
							"post": [1.29, 2.86, 0],
							"lerp_mode": "catmullrom"
						},
						"0.4": {
							"post": [-1, 4, 0],
							"lerp_mode": "catmullrom"
						},
						"0.6": {
							"post": [-2.00275, 4.99939, -0.03503],
							"lerp_mode": "catmullrom"
						},
						"0.9": {
							"post": [-1.25, 5, -0.04],
							"lerp_mode": "catmullrom"
						},
						"1.2": {
							"post": [-1.53, 5.54, -0.05],
							"lerp_mode": "catmullrom"
						},
						"1.4": {
							"post": [-1.9, 5.77, -0.05],
							"lerp_mode": "catmullrom"
						},
						"1.7": {
							"post": [-2.6, 6, -0.05],
							"lerp_mode": "catmullrom"
						},
						"1.9": {
							"post": [-2.45, 6, -0.05],
							"lerp_mode": "catmullrom"
						},
						"2.1": {
							"post": [-2.62, 6, -0.05],
							"lerp_mode": "catmullrom"
						},
						"2.25": {
							"post": [-3, 6, -0.05],
							"lerp_mode": "catmullrom"
						},
						"2.4": {
							"post": [-0.74, 3.75, 0.02],
							"lerp_mode": "catmullrom"
						},
						"2.5": {
							"post": [0.26, 2.75, 0.06],
							"lerp_mode": "catmullrom"
						},
						"2.6": {
							"post": [0.76, 2.25, 0.08],
							"lerp_mode": "catmullrom"
						},
						"2.8": {
							"post": [1.76, 1.75, 0.08],
							"lerp_mode": "catmullrom"
						},
						"2.9": {
							"post": [1.47, 1.75, 0.08],
							"lerp_mode": "catmullrom"
						},
						"3.0": {
							"post": [1.4, 1.75, 0.08],
							"lerp_mode": "catmullrom"
						},
						"3.15": {
							"post": [1.32, 1.75, 0.08],
							"lerp_mode": "catmullrom"
						},
						"3.35": {
							"post": [1.06, 1.75, 0.08],
							"lerp_mode": "catmullrom"
						},
						"3.7": {
							"post": [0.36, 1.75, 0.08],
							"lerp_mode": "catmullrom"
						},
						"3.8": {
							"post": [0.04, 1.75, 0.08],
							"lerp_mode": "catmullrom"
						},
						"3.9": {
							"post": [-0.41, 1.75, 0.08],
							"lerp_mode": "catmullrom"
						},
						"4.05": {
							"post": [-0.82, 1.75, 0.08],
							"lerp_mode": "catmullrom"
						},
						"4.4": {
							"post": [-0.77, 1.75, 0.08],
							"lerp_mode": "catmullrom"
						},
						"4.6": {
							"post": [-0.75, 1.75, 0.08],
							"lerp_mode": "catmullrom"
						},
						"5.0": {
							"post": [1.91, 0.55, 0.35],
							"lerp_mode": "catmullrom"
						},
						"5.15": {
							"post": [-1, 0, 0],
							"lerp_mode": "catmullrom"
						},
						"5.25": {
							"post": [0.4, 0, 0],
							"lerp_mode": "catmullrom"
						},
						"5.4": {
							"post": [0, 0, 0],
							"lerp_mode": "catmullrom"
						}
					}
				},
				"muzzle": {
					"position": [0, 0, 4.5]
				},
				"bone25": {
					"rotation": [-41.42, 0, 0],
					"position": [0, -0.11687, 3.95875]
				},
				"bone24": {
					"rotation": [-16.75, 0, 0],
					"position": [0, -2.45062, 2.3725]
				},
				"bone17": {
					"rotation": [48.12, 0, 0],
					"position": [0, 0.63125, -0.55312]
				},
				"barrel": {
					"position": [0, 0, 4.5]
				},
				"rotate": {
					"rotation": {
						"0.0": [0, 0, 0],
						"0.15": [0, 0, 9],
						"0.35": [0, 0, -2],
						"0.45": [0, 0, 7],
						"1.45": [0, 0, 7],
						"1.55": [0, 0, 10.59],
						"1.65": [0, 0, 7],
						"2.2": [0, 0, 7],
						"2.45": [0, 0, -15.17],
						"2.65": [0, 0, -6.91],
						"2.85": [0, 0, -36.335],
						"3.7": [0, 0, -36.34],
						"3.85": [0, 0, -43.865],
						"4.0": [0, 0, -36.34],
						"4.65": [0, 0, -36.34],
						"4.8": [0, 0, -56.62],
						"5.05": [0, 0, -78.09],
						"5.2": [0, 0, 14.51],
						"5.35": [0, 0, 0]
					}
				},
				"bone26": {
					"rotation": [-60, 0, 0],
					"position": [0, 0, 4.5]
				},
				"bone27": {
					"rotation": [41.24, 0, 0],
					"position": [0, -0.73, 0.53875]
				}
			},
			"sound_effects": {
				"0.15": {
					"effect": "tacz:victor45/victor_inspect_raise"
				},
				"1.0": {
					"effect": "tacz:victor45/victor_inspect_moveclose"
				},
				"1.5": {
					"effect": "tacz:victor45/victor_inspect_lower"
				},
				"2.4": {
					"effect": "tacz:victor45/victor_inspect_rotate"
				},
				"3.75": {
					"effect": "tacz:victor45/victor_inspect_lower"
				},
				"4.55": {
					"effect": "tacz:victor45/victor_inspect_end"
				}
			}
		},
		"reload_tactical_1": {
			"animation_length": 2.4167,
			"bones": {
				"lefthand": {
					"rotation": {
						"0.0": [78.70403, -26.73063, -127.40337],
						"1.0833": [78.70403, -26.73063, -127.40337],
						"1.125": [93.42753, -28.67069, -158.46915],
						"1.75": [93.42753, -28.67069, -158.46915],
						"1.8333": [87.54, -27.89, -146.04],
						"1.9583": [78.70403, -26.73063, -127.40337]
					},
					"position": {
						"0.0": [7.5625, -15.75, -3.375],
						"1.0833": [7.5625, -15.75, -3.375],
						"1.125": [10.56, -13.75, 1.63],
						"1.75": [10.56, -13.75, 1.63],
						"1.8333": [10.36, -14.55, -2.17],
						"1.9583": [7.5625, -15.75, -3.375]
					},
					"scale": {
						"0.0": [1, 1.5, 1],
						"1.0833": [1, 1.5, 1],
						"1.9583": [1, 1.5, 1]
					}
				},
				"righthand": {
					"rotation": [95, 0, -180],
					"position": [-6.2, -16, 6.75],
					"scale": [1, 1.5, 1]
				},
				"constraint": {
					"rotation": [0.2, 0.15, 0.2],
					"position": [0.1, 0.1, 0.4]
				},
				"root": {
					"rotation": {
						"0.0": [0, 0, 0],
						"0.0417": [1.29, 0.6, 0.52],
						"0.125": [-3.32, -0.14, -6.98],
						"0.2083": [-3.32, -0.14, -6.98],
						"0.25": [-5.27, -0.59, -10.74],
						"0.2917": [-7.85369, -1.35245, -16.40886],
						"0.3333": [-6.57698, -2.54259, -24.82703],
						"0.4167": [-5.34473, -0.14114, -21.63336],
						"0.5": [-4.60386, -0.97126, -12.25364],
						"0.5833": [-3.80667, -0.91096, -17.5262],
						"0.75": {
							"pre": [-5.11281, -0.17645, -14.82654],
							"post": [-5.11281, -0.17645, -14.82654],
							"lerp_mode": "catmullrom"
						},
						"0.9167": {
							"post": [-5.86, -0.34, -16.32],
							"lerp_mode": "catmullrom"
						},
						"0.9583": {
							"post": [-7.42, 0.36, -15.35],
							"lerp_mode": "catmullrom"
						},
						"1.0417": [-8.74329, 1.11452, -13.98781],
						"1.125": {
							"pre": [-12.64096, -2.59262, -12.68603],
							"post": [-12.64096, -2.59262, -12.68603],
							"lerp_mode": "catmullrom"
						},
						"1.25": {
							"post": [-13.30412, -3.87138, -18.56149],
							"lerp_mode": "catmullrom"
						},
						"1.3333": [-13.16462, -4.32806, -20.51726],
						"1.4167": {
							"pre": [-13.26092, -4.02376, -19.21555],
							"post": [-13.26092, -4.02376, -19.21555],
							"lerp_mode": "catmullrom"
						},
						"1.5": {
							"post": [-13.37351, 0.12101, -15.06253],
							"lerp_mode": "catmullrom"
						},
						"1.5417": {
							"post": [-14.22331, -2.21713, -20.14809],
							"lerp_mode": "catmullrom"
						},
						"1.5833": {
							"post": [-15.38296, -2.04766, -15.5387],
							"lerp_mode": "catmullrom"
						},
						"1.6667": {
							"post": [-15.35382, -1.46806, -17.23593],
							"lerp_mode": "catmullrom"
						},
						"1.75": [-7.87, -0.73, -15.76],
						"1.875": [-0.37032, 0.39084, 0.10152],
						"1.9167": {
							"pre": [2.85846, -0.25261, 0.94987],
							"post": [2.85846, -0.25261, 0.94987],
							"lerp_mode": "catmullrom"
						},
						"1.9583": {
							"post": [2.29999, -0.18288, 0.4296],
							"lerp_mode": "catmullrom"
						},
						"2.0833": {
							"post": [-0.36337, -0.23485, 0.12572],
							"lerp_mode": "catmullrom"
						},
						"2.125": {
							"post": [-0.2891, -0.33048, 1.24003],
							"lerp_mode": "catmullrom"
						},
						"2.25": [0, 0.225, -0.225],
						"2.3333": [0, 0, 0.6625],
						"2.4167": [0, 0, 0]
					},
					"position": {
						"0.0": [0, 0, 0],
						"0.0833": [-0.07, -0.19, 0.15],
						"0.125": [-0.16, 0.14, 0.32],
						"0.2083": [-0.21, 0.4275, 0.42],
						"0.25": [-0.2, 0.4, 0.4],
						"0.3333": [-0.4, 0.125, 0.4],
						"0.4167": [-0.53, -0.5175, 0.4],
						"0.5417": [-0.57, -0.425, 0.48],
						"0.7083": {
							"pre": [-0.52, 0.2, 0.64],
							"post": [-0.52, 0.2, 0.64],
							"lerp_mode": "catmullrom"
						},
						"0.7917": {
							"post": [-0.5, 0.21, 0.72],
							"lerp_mode": "catmullrom"
						},
						"0.9167": {
							"post": [-0.5, 0.125, 0.8],
							"lerp_mode": "catmullrom"
						},
						"1.0833": [-0.56, 0.245, 0.5],
						"1.2083": [-0.8, 0.945, 0.7],
						"1.2917": [-0.8, 1.115, 1],
						"1.4167": [-0.8, 1.025, 1],
						"1.5417": [-0.8, 0.4, 1],
						"1.625": [-0.9, 0.8, 1],
						"1.75": [-0.9, 0.63, 0.5],
						"1.8333": [-0.3, -0.7, -1.07],
						"1.9167": [0.2, -1.1, -1],
						"2.0417": [0, 0, 0.1625],
						"2.0833": [0, 0.07, 0.3],
						"2.1667": [0, -0.0625, -0.2],
						"2.2917": [0, 0, 0.0625],
						"2.4167": [0, 0, 0]
					}
				},
				"magazine": {
					"rotation": {
						"0.0": [0, 0, 0],
						"0.25": [0, 0, 0],
						"0.2917": [0, 0, 0],
						"0.4167": [0, 0, 17.5],
						"0.4583": [0.4386, 0.11373, 29.54981],
						"0.5": [0.86731, 0.27546, 31.60952],
						"0.5417": [1.33114, 0.29332, 41.15769],
						"0.875": [4.62111, 1.91134, 67.57713],
						"0.9583": [0, 0, 0]
					},
					"position": {
						"0.0": [0, 0, 0],
						"0.25": [0, 0, 0],
						"0.2917": [0, 0, 0],
						"0.4167": [9, 0, 0],
						"0.4583": [9, -0.91, 0],
						"0.5": [9, -1.82, 0],
						"0.5417": [9, -4.73, 0],
						"0.875": [9, -32, 0],
						"0.9583": [0, 0, 0]
					}
				},
				"mag_and_lefthand": {
					"rotation": {
						"0.0": [0, 0, 0],
						"0.625": [0, 0, 0],
						"1.0833": [4.62111, 1.91134, 67.57713],
						"1.25": [0, 5, 0],
						"1.375": [0, 10, 0],
						"1.4583": [0, 10, 0],
						"1.5": [0, 0, 0]
					},
					"position": {
						"0.0": [0, 0, 0],
						"0.625": [0, 0, 0],
						"1.0833": [9, -32, 0],
						"1.25": [5, 0, 0],
						"1.375": [0, 0, 0],
						"1.4583": [0, 0, 0],
						"1.5": [0, 0, 0]
					}
				},
				"rotate_down": {
					"rotation": {
						"0.2917": [0, 0, 0],
						"0.3333": [0, 0, 32.5],
						"0.5": [0, 0, 18.5],
						"0.7083": [0, 0, 32.5],
						"0.9167": [0, 0, 22.5],
						"1.0833": [0, 0, 32.5],
						"1.3333": [0, 0, 32.5],
						"1.4167": [0, 0, 10.83],
						"1.4583": [0, 0, 10.83],
						"1.5417": [0, 0, 0]
					}
				},
				"rotate_up": {
					"rotation": {
						"0.2917": [0, 0, 0],
						"0.3333": [0, 0, -32.5],
						"0.5": [0, 0, -23.7],
						"0.6667": [0, 0, -32.5],
						"0.8333": [0, 0, -24.6],
						"0.9583": [0, 0, -32.5],
						"1.3333": [0, 0, -32.5],
						"1.4167": [0, 0, -10.5],
						"1.4583": [0, 0, -10.5],
						"1.5": [0, 0, 0]
					}
				},
				"camera": {
					"rotation": {
						"0.0": {
							"post": [0, 0, 0],
							"lerp_mode": "catmullrom"
						},
						"0.0833": {
							"post": [1.52, 0.28, -0.09],
							"lerp_mode": "catmullrom"
						},
						"0.25": {
							"post": [2.40072, 0.69906, 0.04887],
							"lerp_mode": "catmullrom"
						},
						"0.2917": {
							"post": [2.10701, 0.88443, 1.13978],
							"lerp_mode": "catmullrom"
						},
						"0.4167": {
							"post": [1.37609, 0.97329, -0.82614],
							"lerp_mode": "catmullrom"
						},
						"0.5417": {
							"post": [1.66, 0.64, -0.225],
							"lerp_mode": "catmullrom"
						},
						"0.75": {
							"post": [2.02506, 0.19994, 0.00698],
							"lerp_mode": "catmullrom"
						},
						"0.9167": {
							"post": [2.3, 0.05, -0.04],
							"lerp_mode": "catmullrom"
						},
						"1.0417": {
							"post": [2.65, 0.02, 0.36],
							"lerp_mode": "catmullrom"
						},
						"1.2083": {
							"post": [2.63, 0.08, 0.81],
							"lerp_mode": "catmullrom"
						},
						"1.2917": {
							"post": [2.44, 0.23, 1.05],
							"lerp_mode": "catmullrom"
						},
						"1.4167": {
							"post": [2.20505, 0.18687, 1.11955],
							"lerp_mode": "catmullrom"
						},
						"1.5": {
							"post": [2.03005, 0.18687, 0.51955],
							"lerp_mode": "catmullrom"
						},
						"1.5417": {
							"post": [2.03511, 0.10372, 1.91782],
							"lerp_mode": "catmullrom"
						},
						"1.625": {
							"post": [2.03005, 0.18687, 1.11955],
							"lerp_mode": "catmullrom"
						},
						"1.75": {
							"post": [2.03294, 0.14531, 1.74369],
							"lerp_mode": "catmullrom"
						},
						"1.875": {
							"post": [1.19, 0.08, 1.01],
							"lerp_mode": "catmullrom"
						},
						"1.9167": {
							"post": [0.4, 0.03, 0.67],
							"lerp_mode": "catmullrom"
						},
						"2.0417": {
							"post": [-0.3, 0, -0.15],
							"lerp_mode": "catmullrom"
						},
						"2.1667": [0.1, 0, 0.15],
						"2.2917": [-0.075, 0, -0.01875],
						"2.4167": [0, 0, 0]
					}
				},
				"muzzle": {
					"position": [0, 0, 4.5]
				},
				"bone25": {
					"rotation": [-41.42, 0, 0],
					"position": [0, -0.11687, 3.95875]
				},
				"bone24": {
					"rotation": [-16.75, 0, 0],
					"position": [0, -2.45062, 2.3725]
				},
				"bone17": {
					"rotation": [48.12, 0, 0],
					"position": [0, 0.63125, -0.55312]
				},
				"barrel": {
					"position": [0, 0, 4.5]
				},
				"rotate": {
					"rotation": {
						"0.0": [0, 0, 0],
						"0.1667": [0, 0, 3],
						"0.3333": [0, 0, -11],
						"0.375": [0, 0, -36],
						"0.4583": [0, 0, 5.085],
						"0.5417": [0, 0, -6.825],
						"0.625": [0, 0, 5.975],
						"0.7083": [0, 0, -1.47],
						"0.8333": [0, 0, 5.22],
						"1.0": [0, 0, -2.79],
						"1.2083": [0, 0, 6.18],
						"1.2917": [0, 0, 0.385],
						"1.375": [0, 0, 0.385],
						"1.4583": [0, 0, -17.65],
						"1.5417": [0, 0, 5.21],
						"1.625": [0, 0, -6.79],
						"1.7083": [0, 0, 3.19],
						"1.8333": [0, 0, -34.215],
						"1.9583": [0, 0, 4.1],
						"2.0833": [0, 0, -4.27],
						"2.1667": [0, 0, 2.17],
						"2.25": [0, 0, -1.05],
						"2.375": [0, 0, 0]
					}
				},
				"bone26": {
					"rotation": [-60, 0, 0],
					"position": [0, 0, 4.5]
				},
				"bone27": {
					"rotation": [41.24, 0, 0],
					"position": [0, -0.73, 0.53875]
				}
			},
			"sound_effects": {
				"0.25": {
					"effect": "iw:ebr800/wpfoly_m8_clipout_fast_v1"
				},
				"1.3333": {
					"effect": "iw:ebr800/wpfoly_m8_clipin_fast_v1"
				},
				"1.9167": {
					"effect": "iw:ebr800/wpfoly_m8_end_fast_v1"
				}
			}
		},
		"reload_empty_1": {
			"animation_length": 2.4167,
			"bones": {
				"lefthand": {
					"rotation": {
						"0.0": [78.70403, -26.73063, -127.40337],
						"1.0833": [78.70403, -26.73063, -127.40337],
						"1.125": [93.42753, -28.67069, -158.46915],
						"1.75": [93.42753, -28.67069, -158.46915],
						"1.8333": [87.54, -27.89, -146.04],
						"1.9583": [78.70403, -26.73063, -127.40337]
					},
					"position": {
						"0.0": [7.5625, -15.75, -3.375],
						"1.0833": [7.5625, -15.75, -3.375],
						"1.125": [10.56, -13.75, 1.63],
						"1.75": [10.56, -13.75, 1.63],
						"1.8333": [10.36, -14.55, -2.17],
						"1.9583": [7.5625, -15.75, -3.375]
					},
					"scale": {
						"0.0": [1, 1.5, 1],
						"1.0833": [1, 1.5, 1],
						"1.9583": [1, 1.5, 1]
					}
				},
				"righthand": {
					"rotation": [95, 0, -180],
					"position": [-6.2, -16, 6.75],
					"scale": [1, 1.5, 1]
				},
				"constraint": {
					"rotation": [0.2, 0.15, 0.2],
					"position": [0.1, 0.1, 0.4]
				},
				"root": {
					"rotation": {
						"0.0": [0, 0, 0],
						"0.0417": [1.29, 0.6, 0.52],
						"0.125": [-3.32, -0.14, -6.98],
						"0.2083": [-3.32, -0.14, -6.98],
						"0.25": [-5.27, -0.59, -10.74],
						"0.2917": [-7.85369, -1.35245, -16.40886],
						"0.3333": [-6.57698, -2.54259, -24.82703],
						"0.4167": [-5.34473, -0.14114, -21.63336],
						"0.5": [-4.60386, -0.97126, -12.25364],
						"0.5833": [-3.80667, -0.91096, -17.5262],
						"0.75": {
							"pre": [-5.11281, -0.17645, -14.82654],
							"post": [-5.11281, -0.17645, -14.82654],
							"lerp_mode": "catmullrom"
						},
						"0.9167": {
							"post": [-5.86, -0.34, -16.32],
							"lerp_mode": "catmullrom"
						},
						"0.9583": {
							"post": [-7.42, 0.36, -15.35],
							"lerp_mode": "catmullrom"
						},
						"1.0417": [-8.74329, 1.11452, -13.98781],
						"1.125": {
							"pre": [-12.64096, -2.59262, -12.68603],
							"post": [-12.64096, -2.59262, -12.68603],
							"lerp_mode": "catmullrom"
						},
						"1.25": {
							"post": [-13.30412, -3.87138, -18.56149],
							"lerp_mode": "catmullrom"
						},
						"1.3333": [-13.16462, -4.32806, -20.51726],
						"1.4167": {
							"pre": [-13.26092, -4.02376, -19.21555],
							"post": [-13.26092, -4.02376, -19.21555],
							"lerp_mode": "catmullrom"
						},
						"1.5": {
							"post": [-13.37351, 0.12101, -15.06253],
							"lerp_mode": "catmullrom"
						},
						"1.5417": {
							"post": [-14.22331, -2.21713, -20.14809],
							"lerp_mode": "catmullrom"
						},
						"1.5833": {
							"post": [-15.38296, -2.04766, -15.5387],
							"lerp_mode": "catmullrom"
						},
						"1.6667": {
							"post": [-15.35382, -1.46806, -17.23593],
							"lerp_mode": "catmullrom"
						},
						"1.75": [-7.87, -0.73, -15.76],
						"1.875": [-0.37032, 0.39084, 0.10152],
						"1.9167": {
							"pre": [2.85846, -0.25261, 0.94987],
							"post": [2.85846, -0.25261, 0.94987],
							"lerp_mode": "catmullrom"
						},
						"1.9583": {
							"post": [2.29999, -0.18288, 0.4296],
							"lerp_mode": "catmullrom"
						},
						"2.0833": {
							"post": [-0.36337, -0.23485, 0.12572],
							"lerp_mode": "catmullrom"
						},
						"2.125": {
							"post": [-0.2891, -0.33048, 1.24003],
							"lerp_mode": "catmullrom"
						},
						"2.25": [0, 0.225, -0.225],
						"2.3333": [0, 0, 0.6625],
						"2.4167": [0, 0, 0]
					},
					"position": {
						"0.0": [0, 0, 0],
						"0.0833": [-0.07, -0.19, 0.15],
						"0.125": [-0.16, 0.14, 0.32],
						"0.2083": [-0.21, 0.4275, 0.42],
						"0.25": [-0.2, 0.4, 0.4],
						"0.3333": [-0.4, 0.125, 0.4],
						"0.4167": [-0.53, -0.5175, 0.4],
						"0.5417": [-0.57, -0.425, 0.48],
						"0.7083": {
							"pre": [-0.52, 0.2, 0.64],
							"post": [-0.52, 0.2, 0.64],
							"lerp_mode": "catmullrom"
						},
						"0.7917": {
							"post": [-0.5, 0.21, 0.72],
							"lerp_mode": "catmullrom"
						},
						"0.9167": {
							"post": [-0.5, 0.125, 0.8],
							"lerp_mode": "catmullrom"
						},
						"1.0833": [-0.56, 0.245, 0.5],
						"1.2083": [-0.8, 0.945, 0.7],
						"1.2917": [-0.8, 1.115, 1],
						"1.4167": [-0.8, 1.025, 1],
						"1.5417": [-0.8, 0.4, 1],
						"1.625": [-0.9, 0.8, 1],
						"1.75": [-0.9, 0.63, 0.5],
						"1.8333": [-0.3, -0.7, -1.07],
						"1.9167": [0.2, -1.1, -1],
						"2.0417": [0, 0, 0.1625],
						"2.0833": [0, 0.07, 0.3],
						"2.1667": [0, -0.0625, -0.2],
						"2.2917": [0, 0, 0.0625],
						"2.4167": [0, 0, 0]
					}
				},
				"magazine": {
					"rotation": {
						"0.0": [0, 0, 0],
						"0.25": [0, 0, 0],
						"0.2917": [0, 0, 0],
						"0.4167": [0, 0, 17.5],
						"0.4583": [0.4386, 0.11373, 29.54981],
						"0.5": [0.86731, 0.27546, 31.60952],
						"0.5417": [1.33114, 0.29332, 41.15769],
						"0.875": [4.62111, 1.91134, 67.57713],
						"0.9583": [0, 0, 0]
					},
					"position": {
						"0.0": [0, 0, 0],
						"0.25": [0, 0, 0],
						"0.2917": [0, 0, 0],
						"0.4167": [9, 0, 0],
						"0.4583": [9, -0.91, 0],
						"0.5": [9, -1.82, 0],
						"0.5417": [9, -4.73, 0],
						"0.875": [9, -32, 0],
						"0.9583": [0, 0, 0]
					}
				},
				"mag_and_lefthand": {
					"rotation": {
						"0.0": [0, 0, 0],
						"0.625": [0, 0, 0],
						"1.0833": [4.62111, 1.91134, 67.57713],
						"1.25": [0, 5, 0],
						"1.375": [0, 10, 0],
						"1.4583": [0, 10, 0],
						"1.5": [0, 0, 0]
					},
					"position": {
						"0.0": [0, 0, 0],
						"0.625": [0, 0, 0],
						"1.0833": [9, -32, 0],
						"1.25": [5, 0, 0],
						"1.375": [0, 0, 0],
						"1.4583": [0, 0, 0],
						"1.5": [0, 0, 0]
					}
				},
				"rotate_down": {
					"rotation": {
						"0.2917": [0, 0, 0],
						"0.3333": [0, 0, 32.5],
						"0.5": [0, 0, 18.5],
						"0.7083": [0, 0, 32.5],
						"0.9167": [0, 0, 22.5],
						"1.0833": [0, 0, 32.5],
						"1.3333": [0, 0, 32.5],
						"1.4167": [0, 0, 10.83],
						"1.4583": [0, 0, 10.83],
						"1.5417": [0, 0, 0]
					}
				},
				"rotate_up": {
					"rotation": {
						"0.2917": [0, 0, 0],
						"0.3333": [0, 0, -32.5],
						"0.5": [0, 0, -23.7],
						"0.6667": [0, 0, -32.5],
						"0.8333": [0, 0, -24.6],
						"0.9583": [0, 0, -32.5],
						"1.3333": [0, 0, -32.5],
						"1.4167": [0, 0, -10.5],
						"1.4583": [0, 0, -10.5],
						"1.5": [0, 0, 0]
					}
				},
				"camera": {
					"rotation": {
						"0.0": {
							"post": [0, 0, 0],
							"lerp_mode": "catmullrom"
						},
						"0.0833": {
							"post": [1.52, 0.28, -0.09],
							"lerp_mode": "catmullrom"
						},
						"0.25": {
							"post": [2.40072, 0.69906, 0.04887],
							"lerp_mode": "catmullrom"
						},
						"0.2917": {
							"post": [2.10701, 0.88443, 1.13978],
							"lerp_mode": "catmullrom"
						},
						"0.4167": {
							"post": [1.37609, 0.97329, -0.82614],
							"lerp_mode": "catmullrom"
						},
						"0.5417": {
							"post": [1.66, 0.64, -0.225],
							"lerp_mode": "catmullrom"
						},
						"0.75": {
							"post": [2.02506, 0.19994, 0.00698],
							"lerp_mode": "catmullrom"
						},
						"0.9167": {
							"post": [2.3, 0.05, -0.04],
							"lerp_mode": "catmullrom"
						},
						"1.0417": {
							"post": [2.65, 0.02, 0.36],
							"lerp_mode": "catmullrom"
						},
						"1.2083": {
							"post": [2.63, 0.08, 0.81],
							"lerp_mode": "catmullrom"
						},
						"1.2917": {
							"post": [2.44, 0.23, 1.05],
							"lerp_mode": "catmullrom"
						},
						"1.4167": {
							"post": [2.20505, 0.18687, 1.11955],
							"lerp_mode": "catmullrom"
						},
						"1.5": {
							"post": [2.03005, 0.18687, 0.51955],
							"lerp_mode": "catmullrom"
						},
						"1.5417": {
							"post": [2.03511, 0.10372, 1.91782],
							"lerp_mode": "catmullrom"
						},
						"1.625": {
							"post": [2.03005, 0.18687, 1.11955],
							"lerp_mode": "catmullrom"
						},
						"1.75": {
							"post": [2.03294, 0.14531, 1.74369],
							"lerp_mode": "catmullrom"
						},
						"1.875": {
							"post": [1.19, 0.08, 1.01],
							"lerp_mode": "catmullrom"
						},
						"1.9167": {
							"post": [0.4, 0.03, 0.67],
							"lerp_mode": "catmullrom"
						},
						"2.0417": {
							"post": [-0.3, 0, -0.15],
							"lerp_mode": "catmullrom"
						},
						"2.1667": [0.1, 0, 0.15],
						"2.2917": [-0.075, 0, -0.01875],
						"2.4167": [0, 0, 0]
					}
				},
				"muzzle": {
					"position": [0, 0, 4.5]
				},
				"bone25": {
					"rotation": [-41.42, 0, 0],
					"position": [0, -0.11687, 3.95875]
				},
				"bone24": {
					"rotation": [-16.75, 0, 0],
					"position": [0, -2.45062, 2.3725]
				},
				"bone17": {
					"rotation": [48.12, 0, 0],
					"position": [0, 0.63125, -0.55312]
				},
				"barrel": {
					"position": [0, 0, 4.5]
				},
				"rotate": {
					"rotation": {
						"0.0": [0, 0, 0],
						"0.1667": [0, 0, 3],
						"0.3333": [0, 0, -11],
						"0.375": [0, 0, -36],
						"0.4583": [0, 0, 5.085],
						"0.5417": [0, 0, -6.825],
						"0.625": [0, 0, 5.975],
						"0.7083": [0, 0, -1.47],
						"0.8333": [0, 0, 5.22],
						"1.0": [0, 0, -2.79],
						"1.2083": [0, 0, 6.18],
						"1.2917": [0, 0, 0.385],
						"1.375": [0, 0, 0.385],
						"1.4583": [0, 0, -17.65],
						"1.5417": [0, 0, 5.21],
						"1.625": [0, 0, -6.79],
						"1.7083": [0, 0, 3.19],
						"1.8333": [0, 0, -34.215],
						"1.9583": [0, 0, 4.1],
						"2.0833": [0, 0, -4.27],
						"2.1667": [0, 0, 2.17],
						"2.25": [0, 0, -1.05],
						"2.375": [0, 0, 0]
					}
				},
				"bone26": {
					"rotation": [-60, 0, 0],
					"position": [0, 0, 4.5]
				},
				"bone27": {
					"rotation": [41.24, 0, 0],
					"position": [0, -0.73, 0.53875]
				}
			},
			"sound_effects": {
				"0.25": {
					"effect": "iw:ebr800/wpfoly_m8_clipout_fast_empty_v1"
				},
				"1.3333": {
					"effect": "iw:ebr800/wpfoly_m8_clipin_fast_empty_v1"
				},
				"1.9167": {
					"effect": "iw:ebr800/wpfoly_m8_end_fast_empty_v1"
				}
			}
		}
	}
}