{
	"format_version": "1.8.0",
	"animations": {
		"static_idle": {
			"loop": true,
			"animation_length": 0.125,
			"bones": {
				"righthand": {
					"rotation": [99.13083, 12.94967, -178.84728],
					"position": [-5.75, -16.45, 11.375],
					"scale": [1, 1.5, 1]
				},
				"lefthand": {
					"rotation": [90.8748, -40.28295, -149.1408],
					"position": [5.925, -16.15, -1.6],
					"scale": [1, 1.5, 1]
				},
				"constraint": {
					"rotation": [0.6, 0.6, 0.55],
					"position": [0.6, 0.6, 0.55]
				}
			}
		},
		"draw": {
			"loop": "hold_on_last_frame",
			"animation_length": 2.1,
			"bones": {
				"root": {
					"rotation": {
						"0.0": {
							"post": [-103.12, 0, 0],
							"lerp_mode": "catmullrom"
						},
						"0.1": {
							"post": [-91.33, -14.34, -0.55],
							"lerp_mode": "catmullrom"
						},
						"0.5": {
							"post": [-9.48347, -25.49671, 13.07316],
							"lerp_mode": "catmullrom"
						},
						"0.8": {
							"post": [-4.96, -26.86, 18.7],
							"lerp_mode": "catmullrom"
						},
						"0.9": {
							"post": [-9.65377, -24.75222, 17.40559],
							"lerp_mode": "catmullrom"
						},
						"1.3": {
							"post": [-9.65377, -24.75222, 17.40559],
							"lerp_mode": "catmullrom"
						},
						"1.4": {
							"post": [-4.96, -26.86, 18.7],
							"lerp_mode": "catmullrom"
						},
						"1.5": {
							"post": [-9.48347, -25.49671, 13.07316],
							"lerp_mode": "catmullrom"
						},
						"1.75": {
							"post": [-1.02, -9.73, 4.42],
							"lerp_mode": "catmullrom"
						},
						"1.85": {
							"post": [0.98628, -0.20008, 1.69645],
							"lerp_mode": "catmullrom"
						},
						"1.95": {
							"post": [0, 0, -0.4],
							"lerp_mode": "catmullrom"
						},
						"2.05": [0, 0, 0]
					},
					"position": {
						"0.0": {
							"post": [-9, -36, 2],
							"lerp_mode": "catmullrom"
						},
						"0.1": {
							"post": [-5.01, -17.52, -0.2],
							"lerp_mode": "catmullrom"
						},
						"0.2": {
							"post": [-2.9, -11.93, -4.59],
							"lerp_mode": "catmullrom"
						},
						"0.3": {
							"post": [-0.25, -2.46, -8.03],
							"lerp_mode": "catmullrom"
						},
						"0.45": {
							"post": [0, -0.6, -4.7],
							"lerp_mode": "catmullrom"
						},
						"0.5": {
							"post": [0, -0.56, -4.66],
							"lerp_mode": "catmullrom"
						},
						"0.8": {
							"post": [0, -0.58, -2.36],
							"lerp_mode": "catmullrom"
						},
						"0.9": {
							"post": [0, -0.59, 0.24],
							"lerp_mode": "catmullrom"
						},
						"1.6": {
							"post": [0, -0.6, -4.7],
							"lerp_mode": "catmullrom"
						},
						"1.85": {
							"post": [0, 0, -0.2],
							"lerp_mode": "catmullrom"
						},
						"1.95": {
							"post": [0, -0.1, -0.18],
							"lerp_mode": "catmullrom"
						},
						"2.1": [0, 0, 0]
					}
				},
				"righthand": {
					"rotation": {
						"0.0": [99.13083, 12.94967, -178.84728],
						"0.5": [99.13083, 12.94967, -178.84728],
						"0.6": [105.31341, -3.9374, -110.4179],
						"0.7": [105.31, -3.94, -110.42],
						"0.8": [105.31, -3.94, -110.42],
						"1.4": [105.31, -3.94, -110.42],
						"1.55": [99.13083, 12.94967, -178.84728]
					},
					"position": {
						"0.0": [-5.75, -16.45, 11.375],
						"0.5": [-5.75, -16.45, 11.375],
						"0.6": [-10.75, -16.45, 11.38],
						"0.7": [-10.4975, -10.07, 7.68],
						"0.8": [-10.4975, -10.07, 7.68],
						"0.9": [-10.4975, -10.07, 13.68],
						"1.3": [-10.4975, -10.07, 13.68],
						"1.4": [-10.4975, -10.07, 7.68],
						"1.45": [-10.91, -15.2, 8.91],
						"1.55": [-5.75, -16.45, 11.375]
					},
					"scale": [1, 1.5, 1]
				},
				"lefthand": {
					"rotation": {
						"0.0": [64.31957, -31.45581, -81.70831],
						"0.3": [64.31957, -31.45581, -81.70831],
						"0.75": [90.8748, -40.28295, -149.1408]
					},
					"position": {
						"0.0": [5.925, -16.15, -1.6],
						"0.3": [5.925, -16.15, -1.6],
						"0.75": [5.925, -16.15, -1.6]
					},
					"scale": {
						"0.0": [1, 1.5, 1],
						"0.75": [1, 1.5, 1]
					}
				},
				"bolt": {
					"position": {
						"0.8": [0, 0, 0],
						"0.9": [0, 0, 6],
						"1.3": [0, 0, 6],
						"1.4": [0, 0, 0]
					}
				},
				"shell_ejection": {
					"scale": 0
				}
			},
			"sound_effects": {
				"0.3": {
					"effect": "iw:em3/em3_draw"
				}
			}
		},
		"put_away": {
			"animation_length": 0.4333,
			"bones": {
				"root": {
					"rotation": {
						"0.0": {
							"post": [0, 0, 0],
							"lerp_mode": "catmullrom"
						},
						"0.0667": {
							"post": [-0.51171, -3.6801, -4.19401],
							"lerp_mode": "catmullrom"
						},
						"0.1667": {
							"post": [4.36882, -11.73179, -10.29382],
							"lerp_mode": "catmullrom"
						},
						"0.2667": {
							"post": [16.99835, -17.70783, -19.61271],
							"lerp_mode": "catmullrom"
						},
						"0.3333": {
							"post": [22.5, -27.4, -9.02],
							"lerp_mode": "catmullrom"
						},
						"0.4333": {
							"post": [38.74, -37.82, -13.36],
							"lerp_mode": "catmullrom"
						}
					},
					"position": {
						"0.0": {
							"post": [0, 0, 0],
							"lerp_mode": "catmullrom"
						},
						"0.0667": {
							"post": [-0.45, -0.49, 0.28],
							"lerp_mode": "catmullrom"
						},
						"0.1667": {
							"post": [-0.67, -1.47, 0.34],
							"lerp_mode": "catmullrom"
						},
						"0.2667": {
							"post": [-0.435, -3.245, 0.06],
							"lerp_mode": "catmullrom"
						},
						"0.3333": {
							"post": [0.22, -5.38, -0.15],
							"lerp_mode": "catmullrom"
						},
						"0.4333": {
							"post": [1.49, -12.585, 2.64],
							"lerp_mode": "catmullrom"
						}
					}
				},
				"righthand": {
					"rotation": [99.13083, 12.94967, -178.84728],
					"position": [-5.75, -16.45, 11.375],
					"scale": [1, 1.5, 1]
				},
				"lefthand": {
					"rotation": {
						"0.0": [90.8748, -40.28295, -149.1408],
						"0.0667": [127.67152, -14.70086, -183.17363],
						"0.1333": [148.34013, 7.13088, -207.53996]
					},
					"position": {
						"0.0": [5.925, -16.15, -1.6],
						"0.1333": [8.805, -12.2, -4.57]
					},
					"scale": [1, 1.5, 1]
				},
				"camera": {
					"rotation": {
						"0.0": {
							"post": [0, 0, 0],
							"lerp_mode": "catmullrom"
						},
						"0.1": {
							"post": [0.3, 0, -0.125],
							"lerp_mode": "catmullrom"
						},
						"0.2667": {
							"post": [0.64, 0, 0.3],
							"lerp_mode": "catmullrom"
						},
						"0.3333": {
							"post": [0.5, 0, 0.15],
							"lerp_mode": "catmullrom"
						},
						"0.4333": {
							"post": [0, 0, 0],
							"lerp_mode": "catmullrom"
						}
					}
				}
			},
			"sound_effects": {
				"0.0": {
					"effect": "iw:em3/em3_put_away"
				}
			}
		},
		"inspect": {
			"animation_length": 4.6,
			"bones": {
				"root": {
					"rotation": {
						"0.0": {
							"post": [0, 0, 0],
							"lerp_mode": "catmullrom"
						},
						"0.2": {
							"post": [-15.30902, -2.26482, -10.8535],
							"lerp_mode": "catmullrom"
						},
						"0.3": {
							"post": [-19.87196, -3.17785, -17.95906],
							"lerp_mode": "catmullrom"
						},
						"0.4": {
							"post": [-21.02, -3.65, -14.43],
							"lerp_mode": "catmullrom"
						},
						"0.5": {
							"post": [-22.61825, -4.52968, -16.70733],
							"lerp_mode": "catmullrom"
						},
						"0.65": {
							"post": [-22.75, -4.41, -17.665],
							"lerp_mode": "catmullrom"
						},
						"0.85": {
							"post": [-22.62, -4.53, -17.96],
							"lerp_mode": "catmullrom"
						},
						"1.05": {
							"post": [-21.83419, -7.56045, -25.65573],
							"lerp_mode": "catmullrom"
						},
						"1.25": {
							"post": [-21.78, -7.76, -26.34],
							"lerp_mode": "catmullrom"
						},
						"1.5": {
							"post": [-21.78, -7.74, -26.81],
							"lerp_mode": "catmullrom"
						},
						"1.7": {
							"post": [-21.8, -7.68, -27.385],
							"lerp_mode": "catmullrom"
						},
						"2.0": {
							"post": [-21.83419, -7.56045, -25.65573],
							"lerp_mode": "catmullrom"
						},
						"2.1": {
							"post": [-21.83419, -7.56045, -14.65573],
							"lerp_mode": "catmullrom"
						},
						"2.3": {
							"post": [-24.9445, 7.90002, 43.15984],
							"lerp_mode": "catmullrom"
						},
						"2.4": {
							"post": [-24.9445, 7.90002, 59.65984],
							"lerp_mode": "catmullrom"
						},
						"2.55": {
							"post": [-24.95, 7.88, 61.47],
							"lerp_mode": "catmullrom"
						},
						"2.65": {
							"post": [-24.96, 7.86, 60.99],
							"lerp_mode": "catmullrom"
						},
						"2.9": {
							"post": [-25, 7.75, 61.77],
							"lerp_mode": "catmullrom"
						},
						"3.15": {
							"post": [-24.9445, 7.90002, 61.65984],
							"lerp_mode": "catmullrom"
						},
						"3.35": {
							"post": [-24.22873, 9.9815, 70.7622],
							"lerp_mode": "catmullrom"
						},
						"3.6": {
							"post": [-24.16, 10.35, 71.62],
							"lerp_mode": "catmullrom"
						},
						"3.85": {
							"post": [-23.86, 10.06, 70.09],
							"lerp_mode": "catmullrom"
						},
						"4.0": {
							"post": [-21.22873, 8.4815, 60.2622],
							"lerp_mode": "catmullrom"
						},
						"4.15": {
							"post": [-2.67436, -2.84081, 26.11685],
							"lerp_mode": "catmullrom"
						},
						"4.3": {
							"post": [2.37, -2.9, 0.4],
							"lerp_mode": "catmullrom"
						},
						"4.4": {
							"post": [0, 0, 1.25],
							"lerp_mode": "catmullrom"
						},
						"4.5": {
							"post": [0, 0, 0.5],
							"lerp_mode": "catmullrom"
						},
						"4.6": {
							"post": [0, 0, 0],
							"lerp_mode": "catmullrom"
						}
					},
					"position": {
						"0.0": {
							"post": [0, 0, 0],
							"lerp_mode": "catmullrom"
						},
						"0.2": {
							"post": [0.34, 0.6, -1.65],
							"lerp_mode": "catmullrom"
						},
						"0.3": {
							"post": [0.67385, 0.3, -0.8],
							"lerp_mode": "catmullrom"
						},
						"0.45": {
							"post": [0.67385, 0.4, -1],
							"lerp_mode": "catmullrom"
						},
						"2.05": {
							"post": [0.67385, 0.39886, -0.7],
							"lerp_mode": "catmullrom"
						},
						"2.4": {
							"post": [-1.07086, -0.3546, -1.4],
							"lerp_mode": "catmullrom"
						},
						"3.95": {
							"post": [-1.07086, -0.3546, -1.4],
							"lerp_mode": "catmullrom"
						},
						"4.3": {
							"post": [0, -0.3, -0.7],
							"lerp_mode": "catmullrom"
						},
						"4.45": {
							"post": [0.1, 0, 0.3],
							"lerp_mode": "catmullrom"
						},
						"4.55": {
							"post": [0, 0, 0],
							"lerp_mode": "catmullrom"
						}
					}
				},
				"righthand": {
					"rotation": [99.13083, 12.94967, -178.84728],
					"position": [-5.75, -16.45, 11.375],
					"scale": [1, 1.5, 1]
				},
				"lefthand": {
					"rotation": {
						"0.0": [90.8748, -40.28295, -149.1408],
						"0.25": [64.31957, -31.45581, -81.70831],
						"0.85": [64.31957, -31.45581, -81.70831],
						"1.1": [66.88922, -29.60855, -76.30018],
						"2.0": {
							"pre": [66.88922, -29.60855, -78.00018],
							"post": [66.88922, -29.60855, -78.00018],
							"lerp_mode": "catmullrom"
						},
						"2.15": {
							"post": [66.08922, -29.60855, -88.70018],
							"lerp_mode": "catmullrom"
						},
						"2.35": {
							"post": [63.4647, -32.23256, -145.95422],
							"lerp_mode": "catmullrom"
						},
						"2.45": [63.0647, -32.23256, -154.75422],
						"3.9": {
							"pre": [63.0647, -32.23256, -154.65422],
							"post": [63.0647, -32.23256, -154.65422],
							"lerp_mode": "catmullrom"
						},
						"4.15": {
							"post": [74.84965, -28.81342, -134.4397],
							"lerp_mode": "catmullrom"
						},
						"4.5": [90.8748, -40.28295, -149.1408]
					},
					"position": {
						"0.0": [5.925, -16.15, -1.6],
						"0.15": [5.925, -16.15, -1.6],
						"0.3": [5.925, -16.15, -1.6],
						"2.0": [5.925, -16.15, -1.6],
						"2.2": [5.925, -16.15, -1.6],
						"2.35": [5.925, -16.15, -1.6],
						"3.85": [5.925, -16.15, -1.6],
						"4.15": [5.925, -16.15, -1.6],
						"4.5": [5.925, -16.15, -1.6]
					},
					"scale": {
						"0.0": [1, 1.5, 1],
						"4.5": [1, 1.5, 1]
					}
				},
				"deco_board_front": {
					"rotation": {
						"0.0": [0, 0, 0],
						"0.25": [0, 0, 0],
						"0.35": [0, 0, 0],
						"0.45": [0, 0, 0],
						"0.85": [0, 0, 0],
						"1.1": [0, 0, 0],
						"2.05": [0, 0, 0],
						"2.4": [0, 0, -22.5],
						"3.25": [0, 0, -22.5],
						"3.4": [0, 0, -32.5],
						"3.9": [0, 0, -32.5],
						"4.35": [0, 0, 0]
					}
				},
				"deco_board_back": {
					"rotation": {
						"0.0": [0, 0, 0],
						"0.25": [0, 0, 15],
						"0.35": [0, 0, 10],
						"0.45": [0, 0, 15],
						"0.85": [0, 0, 15],
						"1.1": [0, 0, 20],
						"2.05": [0, 0, 20],
						"2.4": [0, 0, -5],
						"3.25": [0, 0, -5],
						"3.4": [0, 0, -7.5],
						"3.9": [0, 0, -7.5],
						"4.35": [0, 0, 0]
					}
				}
			},
			"sound_effects": {
				"0.0": {
					"effect": "iw:em3/em3_inspect_up"
				},
				"2.0": {
					"effect": "iw:em3/em3_inspect_rotate"
				},
				"3.05": {
					"effect": "iw:em3/em3_reload_empty_rotate"
				},
				"3.8": {
					"effect": "iw:em3/em3_inspect_end"
				}
			}
		},
		"inspect_empty": {
			"animation_length": 4.6,
			"bones": {
				"root": {
					"rotation": {
						"0.0": {
							"post": [0, 0, 0],
							"lerp_mode": "catmullrom"
						},
						"0.2": {
							"post": [-15.30902, -2.26482, -10.8535],
							"lerp_mode": "catmullrom"
						},
						"0.3": {
							"post": [-19.87196, -3.17785, -17.95906],
							"lerp_mode": "catmullrom"
						},
						"0.4": {
							"post": [-21.02, -3.65, -14.43],
							"lerp_mode": "catmullrom"
						},
						"0.5": {
							"post": [-22.61825, -4.52968, -16.70733],
							"lerp_mode": "catmullrom"
						},
						"0.65": {
							"post": [-22.75, -4.41, -17.665],
							"lerp_mode": "catmullrom"
						},
						"0.85": {
							"post": [-22.62, -4.53, -17.96],
							"lerp_mode": "catmullrom"
						},
						"1.05": {
							"post": [-21.83419, -7.56045, -25.65573],
							"lerp_mode": "catmullrom"
						},
						"1.25": {
							"post": [-21.78, -7.76, -26.34],
							"lerp_mode": "catmullrom"
						},
						"1.5": {
							"post": [-21.78, -7.74, -26.81],
							"lerp_mode": "catmullrom"
						},
						"1.7": {
							"post": [-21.8, -7.68, -27.385],
							"lerp_mode": "catmullrom"
						},
						"2.0": {
							"post": [-21.83419, -7.56045, -25.65573],
							"lerp_mode": "catmullrom"
						},
						"2.1": {
							"post": [-21.83419, -7.56045, -14.65573],
							"lerp_mode": "catmullrom"
						},
						"2.3": {
							"post": [-24.9445, 7.90002, 43.15984],
							"lerp_mode": "catmullrom"
						},
						"2.4": {
							"post": [-24.9445, 7.90002, 59.65984],
							"lerp_mode": "catmullrom"
						},
						"2.55": {
							"post": [-24.95, 7.88, 61.47],
							"lerp_mode": "catmullrom"
						},
						"2.65": {
							"post": [-24.96, 7.86, 60.99],
							"lerp_mode": "catmullrom"
						},
						"2.9": {
							"post": [-25, 7.75, 61.77],
							"lerp_mode": "catmullrom"
						},
						"3.15": {
							"post": [-24.9445, 7.90002, 61.65984],
							"lerp_mode": "catmullrom"
						},
						"3.35": {
							"post": [-24.22873, 9.9815, 70.7622],
							"lerp_mode": "catmullrom"
						},
						"3.6": {
							"post": [-24.16, 10.35, 71.62],
							"lerp_mode": "catmullrom"
						},
						"3.85": {
							"post": [-23.86, 10.06, 70.09],
							"lerp_mode": "catmullrom"
						},
						"4.0": {
							"post": [-21.22873, 8.4815, 60.2622],
							"lerp_mode": "catmullrom"
						},
						"4.15": {
							"post": [-2.67436, -2.84081, 26.11685],
							"lerp_mode": "catmullrom"
						},
						"4.3": {
							"post": [2.37, -2.9, 0.4],
							"lerp_mode": "catmullrom"
						},
						"4.4": {
							"post": [0, 0, 1.25],
							"lerp_mode": "catmullrom"
						},
						"4.5": {
							"post": [0, 0, 0.5],
							"lerp_mode": "catmullrom"
						},
						"4.6": {
							"post": [0, 0, 0],
							"lerp_mode": "catmullrom"
						}
					},
					"position": {
						"0.0": {
							"post": [0, 0, 0],
							"lerp_mode": "catmullrom"
						},
						"0.2": {
							"post": [0.34, 0.6, -1.65],
							"lerp_mode": "catmullrom"
						},
						"0.3": {
							"post": [0.67385, 0.3, -0.8],
							"lerp_mode": "catmullrom"
						},
						"0.45": {
							"post": [0.67385, 0.4, -1],
							"lerp_mode": "catmullrom"
						},
						"2.05": {
							"post": [0.67385, 0.39886, -0.7],
							"lerp_mode": "catmullrom"
						},
						"2.4": {
							"post": [-1.07086, -0.3546, -1.4],
							"lerp_mode": "catmullrom"
						},
						"3.95": {
							"post": [-1.07086, -0.3546, -1.4],
							"lerp_mode": "catmullrom"
						},
						"4.3": {
							"post": [0, -0.3, -0.7],
							"lerp_mode": "catmullrom"
						},
						"4.45": {
							"post": [0.1, 0, 0.3],
							"lerp_mode": "catmullrom"
						},
						"4.55": {
							"post": [0, 0, 0],
							"lerp_mode": "catmullrom"
						}
					}
				},
				"righthand": {
					"rotation": [99.13083, 12.94967, -178.84728],
					"position": [-5.75, -16.45, 11.375],
					"scale": [1, 1.5, 1]
				},
				"lefthand": {
					"rotation": {
						"0.0": [90.8748, -40.28295, -149.1408],
						"0.25": [64.31957, -31.45581, -81.70831],
						"0.85": [64.31957, -31.45581, -81.70831],
						"1.1": [66.88922, -29.60855, -76.30018],
						"2.0": {
							"pre": [66.88922, -29.60855, -78.00018],
							"post": [66.88922, -29.60855, -78.00018],
							"lerp_mode": "catmullrom"
						},
						"2.15": {
							"post": [66.08922, -29.60855, -88.70018],
							"lerp_mode": "catmullrom"
						},
						"2.35": {
							"post": [63.4647, -32.23256, -145.95422],
							"lerp_mode": "catmullrom"
						},
						"2.45": [63.0647, -32.23256, -154.75422],
						"3.9": {
							"pre": [63.0647, -32.23256, -154.65422],
							"post": [63.0647, -32.23256, -154.65422],
							"lerp_mode": "catmullrom"
						},
						"4.15": {
							"post": [74.84965, -28.81342, -134.4397],
							"lerp_mode": "catmullrom"
						},
						"4.5": [90.8748, -40.28295, -149.1408]
					},
					"position": {
						"0.0": [5.925, -16.15, -1.6],
						"0.15": [5.925, -16.15, -1.6],
						"0.3": [5.925, -16.15, -1.6],
						"2.0": [5.925, -16.15, -1.6],
						"2.2": [5.925, -16.15, -1.6],
						"2.35": [5.925, -16.15, -1.6],
						"3.85": [5.925, -16.15, -1.6],
						"4.15": [5.925, -16.15, -1.6],
						"4.5": [5.925, -16.15, -1.6]
					},
					"scale": {
						"0.0": [1, 1.5, 1],
						"4.5": [1, 1.5, 1]
					}
				},
				"deco_board_front": {
					"rotation": {
						"0.0": [0, 0, 0],
						"0.25": [0, 0, 0],
						"0.35": [0, 0, 0],
						"0.45": [0, 0, 0],
						"0.85": [0, 0, 0],
						"1.1": [0, 0, 0],
						"2.05": [0, 0, 0],
						"2.4": [0, 0, -22.5],
						"3.25": [0, 0, -22.5],
						"3.4": [0, 0, -32.5],
						"3.9": [0, 0, -32.5],
						"4.35": [0, 0, 0]
					}
				},
				"deco_board_back": {
					"rotation": {
						"0.0": [0, 0, 0],
						"0.25": [0, 0, 15],
						"0.35": [0, 0, 10],
						"0.45": [0, 0, 15],
						"0.85": [0, 0, 15],
						"1.1": [0, 0, 20],
						"2.05": [0, 0, 20],
						"2.4": [0, 0, -5],
						"3.25": [0, 0, -5],
						"3.4": [0, 0, -7.5],
						"3.9": [0, 0, -7.5],
						"4.35": [0, 0, 0]
					}
				}
			},
			"sound_effects": {
				"0.0": {
					"effect": "iw:em3/em3_inspect_up"
				},
				"2.0": {
					"effect": "iw:em3/em3_inspect_rotate"
				},
				"3.05": {
					"effect": "iw:em3/em3_reload_empty_rotate"
				},
				"3.8": {
					"effect": "iw:em3/em3_inspect_end"
				}
			}
		},
		"shoot": {
			"animation_length": 0.6333,
			"bones": {
				"root": {
					"rotation": {
						"0.0": [0, 0, 0],
						"0.0333": [1.23, 0, 0.73],
						"0.0667": [-1.87, 0, -1.17],
						"0.1": [-1.99, 0, -1.23],
						"0.1333": [-0.91, 0, -0.35],
						"0.1667": [0.18, 0, 0.53],
						"0.2": [0.27, 0, 0.27],
						"0.2333": [0.36, 0, 0.01],
						"0.2667": [0.45, 0, -0.25],
						"0.3": [0.38, -0.07, -0.08],
						"0.3333": [0.3, -0.13, 0.08],
						"0.3667": [0.23, -0.2, 0.25],
						"0.4": [0.18, -0.17, 0.17],
						"0.4333": [0.14, -0.14, 0.09],
						"0.4667": [0.1, -0.11, 0.01],
						"0.5": [0.06, -0.07, -0.07],
						"0.5333": [0.04, -0.06, -0.06],
						"0.5667": [0.03, -0.04, -0.04],
						"0.6": [0.01, -0.02, -0.02],
						"0.6333": [0, 0, 0]
					},
					"position": {
						"0.0": [0, 0, 0],
						"0.0333": [0, -0.02, 1.73],
						"0.0667": [0, -0.05, 1.38],
						"0.1": [0, -0.05, 0.67],
						"0.1333": [0, -0.05, -0.04],
						"0.1667": [0, -0.04, -0.01],
						"0.2": [0, -0.04, 0.03],
						"0.2333": [0, -0.03, 0.06],
						"0.2667": [0, -0.02, 0.1],
						"0.3": [0, -0.02, 0.07],
						"0.3333": [0, -0.01, 0.03],
						"0.3667": [0, 0, 0]
					}
				},
				"constraint": {
					"rotation": {
						"0.1667": [0.2, 0.2, 0.2],
						"0.2333": [0.1, 0.1, 0.1],
						"0.3333": [0, 0, 0]
					},
					"position": {
						"0.1667": [0.15, 0.05, 0.25],
						"0.2333": [0.1, 0, 0.1],
						"0.3333": [0, 0, 0]
					}
				},
				"camera": {
					"rotation": {
						"0.0": [0, 0, 0],
						"0.0333": [0, 0, 0.6],
						"0.0667": [0, 0, -0.4],
						"0.1": [0, 0, -0.07],
						"0.1333": [0, 0, 0.33],
						"0.1667": [0, 0, 0.08],
						"0.2": [0, 0, -0.22],
						"0.2333": [0, 0, -0.15],
						"0.2667": [0, 0, 0],
						"0.3": [0, 0, 0.02],
						"0.3333": [0, 0, 0.01],
						"0.3667": [0, 0, 0]
					}
				},
				"deco_board_front": {
					"rotation": {
						"0.0": [0, 0, 0],
						"0.0333": [0, 0, -12.5],
						"0.1333": [0, 0, 0],
						"0.2333": [0, 0, -4.5],
						"0.3333": [0, 0, 0],
						"0.4333": [0, 0, -1.5],
						"0.5333": [0, 0, 0]
					}
				},
				"deco_board_back": {
					"rotation": {
						"0.0": [0, 0, 0],
						"0.0333": [0, 0, 12.5],
						"0.1333": [0, 0, 0],
						"0.2333": [0, 0, 4.5],
						"0.3333": [0, 0, 0],
						"0.4333": [0, 0, 1.5],
						"0.5333": [0, 0, 0]
					}
				}
			}
		},
		"reload_tactical": {
			"animation_length": 2.5333,
			"bones": {
				"root": {
					"rotation": {
						"0.0": {
							"post": [0, 0, 0],
							"lerp_mode": "catmullrom"
						},
						"0.1": {
							"post": [-2.07571, -0.61271, 2.49979],
							"lerp_mode": "catmullrom"
						},
						"0.2": {
							"post": [3.05334, -1.27694, -5.97444],
							"lerp_mode": "catmullrom"
						},
						"0.35": {
							"post": [-13.185, -4.26, -29.99],
							"lerp_mode": "catmullrom"
						},
						"0.5": {
							"post": [-12.98004, -11.38649, -37.82536],
							"lerp_mode": "catmullrom"
						},
						"0.6": {
							"post": [-12.41, -7.97, -28.14],
							"lerp_mode": "catmullrom"
						},
						"0.75": {
							"post": [-11.29, -11.19, -38.2],
							"lerp_mode": "catmullrom"
						},
						"0.85": {
							"post": [-12.01344, -10.63739, -38.07783],
							"lerp_mode": "catmullrom"
						},
						"1.1": {
							"post": [-24.42, -4.62, -26.25],
							"lerp_mode": "catmullrom"
						},
						"1.3": {
							"post": [-22.11, -17.71, -44.515],
							"lerp_mode": "catmullrom"
						},
						"1.55": {
							"post": [-22.11, -17.71, -44.515],
							"lerp_mode": "catmullrom"
						},
						"1.6": {
							"post": [-19.97, -5.94, -32.74],
							"lerp_mode": "catmullrom"
						},
						"1.7": {
							"post": [-17.5, -12.74, -41.61],
							"lerp_mode": "catmullrom"
						},
						"1.8": {
							"post": [-12.53, -11.705, -37.15],
							"lerp_mode": "catmullrom"
						},
						"1.95": {
							"post": [2, -1, -0.275],
							"lerp_mode": "catmullrom"
						},
						"2.1": {
							"post": [-1.91, -0.48, -0.905],
							"lerp_mode": "catmullrom"
						},
						"2.25": {
							"post": [0, 0, 0.7],
							"lerp_mode": "catmullrom"
						},
						"2.35": {
							"post": [0, 0, 0],
							"lerp_mode": "catmullrom"
						}
					},
					"position": {
						"0.0": {
							"post": [0, 0, 0],
							"lerp_mode": "catmullrom"
						},
						"0.1": {
							"post": [0.1, 0.125, 0.1],
							"lerp_mode": "catmullrom"
						},
						"0.25": {
							"post": [0.06, -0.66, -0.2],
							"lerp_mode": "catmullrom"
						},
						"0.45": {
							"post": [0.06, 1.12, -0.44],
							"lerp_mode": "catmullrom"
						},
						"0.65": {
							"post": [-0.08, 0.69, -0.41],
							"lerp_mode": "catmullrom"
						},
						"0.85": {
							"post": [-0.1, 1.075, -0.45],
							"lerp_mode": "catmullrom"
						},
						"1.05": {
							"post": [0.01, 0.45, -0.45],
							"lerp_mode": "catmullrom"
						},
						"1.2": {
							"post": [-0.32, 0.97, -0.45],
							"lerp_mode": "catmullrom"
						},
						"1.35": {
							"post": [-0.3, 1.18, -0.69],
							"lerp_mode": "catmullrom"
						},
						"1.5": {
							"post": [-0.43, 1.26, -0.54],
							"lerp_mode": "catmullrom"
						},
						"1.65": {
							"post": [-0.44, 1.285, -0.54],
							"lerp_mode": "catmullrom"
						},
						"1.85": {
							"post": [0.12, -1.16, -0.98],
							"lerp_mode": "catmullrom"
						},
						"2.0": {
							"post": [-0.045, -1.175, -1.005],
							"lerp_mode": "catmullrom"
						},
						"2.1": {
							"post": [-0.04, -0.2, 0.05],
							"lerp_mode": "catmullrom"
						},
						"2.25": [0.01, 0, -0.005],
						"2.5": [0, 0, 0]
					}
				},
				"righthand": {
					"rotation": [99.13083, 12.94967, -178.84728],
					"position": [-5.75, -16.45, 11.375],
					"scale": [1, 1.5, 1]
				},
				"mag_and_lefthand": {
					"rotation": {
						"0.45": {
							"pre": [0, 0, 0],
							"post": [0, 0, 0],
							"lerp_mode": "catmullrom"
						},
						"0.55": {
							"post": [0, 0, 0],
							"lerp_mode": "catmullrom"
						},
						"0.65": {
							"post": [0, 0, -25],
							"lerp_mode": "catmullrom"
						},
						"0.8": [0, 0, -35.5],
						"0.95": [0, 0, -46],
						"1.05": [0, 0, -46],
						"1.1": [0, 0, -35.5],
						"1.2": [0, 0, -25],
						"1.25": [2.25, 0, -15.71],
						"1.3": [0, 0, -8.33],
						"1.6": [0, 0, 0]
					},
					"position": {
						"0.45": [0, 0, 0],
						"0.55": [0, -2.3, 0],
						"0.65": [1.7, -9.3, 0],
						"0.8": [3.18, -20.5, 0],
						"0.95": [4.66, -31.7, 0],
						"1.05": [4.66, -31.7, 0],
						"1.1": [3.18, -20.5, 0],
						"1.2": {
							"pre": [1.7, -9.3, 0],
							"post": [1.7, -9.3, 0],
							"lerp_mode": "catmullrom"
						},
						"1.25": {
							"post": [0.195, -4.76, 0.02],
							"lerp_mode": "catmullrom"
						},
						"1.3": [0.195, -3.1, 0],
						"1.35": [0.005, -2.03, 0],
						"1.4": [-0.06, -2.07, 0],
						"1.45": [-0.06, -1.3825, 0],
						"1.55": [-0.06, -1.07, 0],
						"1.6": [0, 0, 0]
					}
				},
				"lefthand": {
					"rotation": {
						"0.0": [90.8748, -40.28295, -149.1408],
						"0.1": [90.8748, -40.28295, -149.1408],
						"0.25": [87.16538, -31.85421, -103.18335],
						"0.4": [94.94794, -31.02572, -118.26625],
						"1.1": [94.94794, -31.02572, -118.26625],
						"1.2": [98.25846, -58.85695, -122.79968],
						"1.3": [95.61877, -40.98361, -119.40308],
						"1.6": [94.94794, -31.02572, -118.26625],
						"1.75": [83.34776, -39.47233, -114.49811],
						"1.9": [90.8748, -40.28295, -149.1408]
					},
					"position": {
						"0.0": [5.925, -16.15, -1.6],
						"0.1": [5.925, -16.15, -1.6],
						"0.25": [8.67, -20.29, 2],
						"0.35": [6.57, -18.85, 4.66],
						"1.6": [6.57, -18.85, 4.66],
						"1.75": [7.2, -18.52, -0.19],
						"1.9": [5.925, -16.15, -1.6]
					},
					"scale": [1, 1.5, 1]
				},
				"camera": {
					"rotation": {
						"0.0": {
							"post": [0, 0, 0],
							"lerp_mode": "catmullrom"
						},
						"0.15": {
							"post": [1, 0.25, -0.5],
							"lerp_mode": "catmullrom"
						},
						"0.25": {
							"post": [1, -0.1875, 0.5],
							"lerp_mode": "catmullrom"
						},
						"0.35": {
							"post": [-1.25, -0.1875, 0.625],
							"lerp_mode": "catmullrom"
						},
						"0.5": {
							"post": [-1.25, 0.25, 0.5],
							"lerp_mode": "catmullrom"
						},
						"0.6": {
							"post": [1.25, 0.25, -1],
							"lerp_mode": "catmullrom"
						},
						"0.75": {
							"post": [0.75, 0.25, 0],
							"lerp_mode": "catmullrom"
						},
						"0.9": {
							"post": [1.25, -0.25, 0],
							"lerp_mode": "catmullrom"
						},
						"1.05": {
							"post": [1.25, -0.25, 0],
							"lerp_mode": "catmullrom"
						},
						"1.2": {
							"post": [1.25, 0.25, 1],
							"lerp_mode": "catmullrom"
						},
						"1.4": {
							"post": [1.25, 0.25, 1],
							"lerp_mode": "catmullrom"
						},
						"1.5": {
							"post": [0, 0, 0],
							"lerp_mode": "catmullrom"
						},
						"1.55": {
							"post": [1, -0.75, 1.25],
							"lerp_mode": "catmullrom"
						},
						"1.65": {
							"post": [-0.25, 0.25, -0.5],
							"lerp_mode": "catmullrom"
						},
						"1.75": {
							"post": [-0.25, 0, 0.25],
							"lerp_mode": "catmullrom"
						},
						"1.85": {
							"post": [1, -0.25, 0.25],
							"lerp_mode": "catmullrom"
						},
						"2.0": {
							"post": [1, -0.25, -0.5],
							"lerp_mode": "catmullrom"
						},
						"2.1": {
							"post": [-0.5, 0, 0.25],
							"lerp_mode": "catmullrom"
						},
						"2.2": {
							"post": [-0.5, 0.25, -0.125],
							"lerp_mode": "catmullrom"
						},
						"2.3": {
							"post": [0.125, 0, 0],
							"lerp_mode": "catmullrom"
						},
						"2.4": {
							"post": [0, 0, 0],
							"lerp_mode": "catmullrom"
						},
						"2.5": {
							"post": [0, 0, 0],
							"lerp_mode": "catmullrom"
						}
					}
				},
				"deco_board_front": {
					"rotation": {
						"0.35": [0, 0, 0],
						"0.5": [0, 0, -10],
						"0.65": [0, 0, 0],
						"1.5": [0, 0, 0],
						"1.65": [0, 0, -10],
						"1.8": [0, 0, 0],
						"2.0": [0, 0, 0]
					}
				},
				"deco_board_back": {
					"rotation": {
						"0.2": [0, 0, 0],
						"0.35": [0, 0, 15],
						"1.8": [0, 0, 15],
						"2.0": [0, 0, 0]
					}
				}
			},
			"sound_effects": {
				"0.0": {
					"effect": "iw:em3/em3_reload_raise"
				},
				"0.45": {
					"effect": "iw:em3/em3_reload_magout"
				},
				"1.35": {
					"effect": "iw:em3/em3_reload_magin"
				}
			}
		},
		"reload_empty": {
			"animation_length": 3.6,
			"bones": {
				"root": {
					"rotation": {
						"0.0": {
							"post": [0, 0, 0],
							"lerp_mode": "catmullrom"
						},
						"0.05": {
							"post": [1.12066, 0.24778, -0.25001],
							"lerp_mode": "catmullrom"
						},
						"0.15": {
							"post": [-0.25, 0.5, 6.76],
							"lerp_mode": "catmullrom"
						},
						"0.25": {
							"post": [8.75657, 0.50323, 8.39002],
							"lerp_mode": "catmullrom"
						},
						"0.35": {
							"post": [12.02159, -2.26187, 8.35575],
							"lerp_mode": "catmullrom"
						},
						"0.4": [9.64272, -1.06502, 7.16721],
						"0.5": [10.1308, -1.32505, 7.09883],
						"0.6": {
							"pre": [10.1308, -1.32505, 7.09883],
							"post": [10.1308, -1.32505, 7.09883],
							"lerp_mode": "catmullrom"
						},
						"0.8": {
							"post": [-10.69666, -1.27694, -5.97444],
							"lerp_mode": "catmullrom"
						},
						"0.95": {
							"post": [-13.185, -4.26, -29.99],
							"lerp_mode": "catmullrom"
						},
						"1.1": {
							"post": [-12.98004, -11.38649, -37.82536],
							"lerp_mode": "catmullrom"
						},
						"1.2": {
							"post": [-12.41, -7.97, -28.14],
							"lerp_mode": "catmullrom"
						},
						"1.35": {
							"post": [-11.29, -11.19, -38.2],
							"lerp_mode": "catmullrom"
						},
						"1.45": {
							"post": [-12.01344, -10.63739, -38.07783],
							"lerp_mode": "catmullrom"
						},
						"1.7": {
							"post": [-24.42, -8.12, -32.375],
							"lerp_mode": "catmullrom"
						},
						"1.9": {
							"post": [-22.11, -17.71, -44.515],
							"lerp_mode": "catmullrom"
						},
						"2.15": {
							"post": [-22.11, -17.71, -44.515],
							"lerp_mode": "catmullrom"
						},
						"2.2": {
							"post": [-19.97, -5.94, -32.74],
							"lerp_mode": "catmullrom"
						},
						"2.3": {
							"post": [-17.5, -6.115, -41.61],
							"lerp_mode": "catmullrom"
						},
						"2.4": {
							"post": [-12.53, -5.08, -37.15],
							"lerp_mode": "catmullrom"
						},
						"2.55": {
							"post": [9.47496, -4.88777, 12.3152],
							"lerp_mode": "catmullrom"
						},
						"2.65": {
							"post": [8.17616, -4.70289, 12.60821],
							"lerp_mode": "catmullrom"
						},
						"2.75": {
							"post": [8.17193, -4.52246, 11.34712],
							"lerp_mode": "catmullrom"
						},
						"2.8": {
							"post": [9.37751, -4.89162, 15.3814],
							"lerp_mode": "catmullrom"
						},
						"2.9": {
							"post": [9.21779, -5.03187, 12.3418],
							"lerp_mode": "catmullrom"
						},
						"3.05": {
							"post": [2, -1, -0.275],
							"lerp_mode": "catmullrom"
						},
						"3.2": {
							"post": [-1.91, -0.48, -0.905],
							"lerp_mode": "catmullrom"
						},
						"3.35": {
							"post": [0, 0, 0.7],
							"lerp_mode": "catmullrom"
						},
						"3.45": {
							"post": [0, 0, 0],
							"lerp_mode": "catmullrom"
						}
					},
					"position": {
						"0.0": {
							"post": [0, 0, 0],
							"lerp_mode": "catmullrom"
						},
						"0.1": {
							"post": [-0.18, -0.06, 0],
							"lerp_mode": "catmullrom"
						},
						"0.2": {
							"post": [-0.04, -0.06, -0.75],
							"lerp_mode": "catmullrom"
						},
						"0.25": {
							"post": [0.16, -0.28, -0.95],
							"lerp_mode": "catmullrom"
						},
						"0.3": {
							"post": [0.05, -0.69, -0.8],
							"lerp_mode": "catmullrom"
						},
						"0.4": {
							"post": [-0.16, -0.84, -0.8625],
							"lerp_mode": "catmullrom"
						},
						"0.5": {
							"post": [-0.16, -0.64, -0.8625],
							"lerp_mode": "catmullrom"
						},
						"0.6": {
							"post": [0, -0.0625, 0.25],
							"lerp_mode": "catmullrom"
						},
						"0.7": {
							"post": [0.1, -0.25, 0.35],
							"lerp_mode": "catmullrom"
						},
						"0.85": {
							"post": [0.06, -0.16, -0.2],
							"lerp_mode": "catmullrom"
						},
						"1.05": {
							"post": [0.06, 1.12, -0.44],
							"lerp_mode": "catmullrom"
						},
						"1.25": {
							"post": [-0.08, 0.69, -0.41],
							"lerp_mode": "catmullrom"
						},
						"1.45": {
							"post": [-0.1, 1.075, -0.45],
							"lerp_mode": "catmullrom"
						},
						"1.65": {
							"post": [0.01, 0.45, -0.45],
							"lerp_mode": "catmullrom"
						},
						"1.8": {
							"post": [-0.32, 0.97, -0.45],
							"lerp_mode": "catmullrom"
						},
						"1.95": {
							"post": [-0.3, 1.18, -0.69],
							"lerp_mode": "catmullrom"
						},
						"2.1": {
							"post": [-0.43, 1.26, -0.54],
							"lerp_mode": "catmullrom"
						},
						"2.25": {
							"post": [-0.44, 1.285, -0.54],
							"lerp_mode": "catmullrom"
						},
						"2.45": {
							"post": [0.12, -1.16, -0.98],
							"lerp_mode": "catmullrom"
						},
						"2.6": {
							"post": [-0.42, -2.1, -3.54],
							"lerp_mode": "catmullrom"
						},
						"2.7": {
							"post": [-0.42, -2.54, -4.08],
							"lerp_mode": "catmullrom"
						},
						"2.8": {
							"post": [-0.38, -2.9, -4.08],
							"lerp_mode": "catmullrom"
						},
						"2.9": {
							"post": [0, -3.5, -4.12],
							"lerp_mode": "catmullrom"
						},
						"3.0": {
							"post": [0, -3.68, -4.12],
							"lerp_mode": "catmullrom"
						},
						"3.15": {
							"post": [-0.045, -0.175, -1.005],
							"lerp_mode": "catmullrom"
						},
						"3.25": {
							"post": [-0.04, -0.2, 0.05],
							"lerp_mode": "catmullrom"
						},
						"3.4": [0.01, 0, -0.005],
						"3.6": [0, 0, 0]
					}
				},
				"righthand": {
					"rotation": {
						"0.0": [99.13083, 12.94967, -178.84728],
						"0.2": [112.64, 3.16, -137.29],
						"0.25": [114.18636, -12.11759, -122.77082],
						"0.3": [114.18636, -12.11759, -122.77082],
						"0.4": [114.19, -12.12, -122.77],
						"0.5": [114.19, -12.12, -122.77],
						"0.7": [99.13083, 12.94967, -178.84728],
						"2.25": [99.13, 12.95, -178.85],
						"2.5": [114.19, -12.12, -122.77],
						"2.55": [114.19, -12.12, -122.77],
						"3.05": [110.89254, -4.51578, -154.31887],
						"3.25": [99.13083, 12.94967, -178.84728]
					},
					"position": {
						"0.0": [-5.75, -16.45, 11.375],
						"0.1": [-10.12, -14.76, 10.03],
						"0.2": [-10.4975, -12.07, 8.68],
						"0.25": [-10.4975, -13.07, 8.68],
						"0.3": [-10.4975, -13.07, 8.68],
						"0.35": [-10.4975, -13.07, 14.68],
						"0.4": [-10.4975, -13.07, 14.68],
						"0.5": [-10.4975, -13.07, 14.68],
						"0.55": [-11.81, -13.42, 13.85],
						"0.6": [-11.12, -15.76, 13.03],
						"0.7": [-5.75, -16.45, 11.375],
						"2.25": [-5.75, -16.45, 11.375],
						"2.35": [-10.65, -15.9, 12.3],
						"2.5": [-9.9975, -13.07, 14.68],
						"2.55": [-9.9975, -13.07, 14.68],
						"2.65": [-9.9975, -13.07, 14.68],
						"2.7": [-9.9975, -13.07, 8.68],
						"2.8": [-9.9975, -13.07, 8.68],
						"2.95": [-11.165, -12.91, 13.105],
						"3.25": [-5.75, -16.45, 11.375]
					},
					"scale": {
						"0.0": [1, 1.5, 1],
						"3.25": [1, 1.5, 1]
					}
				},
				"mag_and_lefthand": {
					"rotation": {
						"1.05": [0, 0, 0],
						"1.15": [0, 0, 0],
						"1.25": [0, 0, -25],
						"1.35": [0, 0, -35.5],
						"1.5": [0, 0, -46],
						"1.7": [2.25, 0, -15.71],
						"1.9": [0, 0, -8.33],
						"2.2": [0, 0, 0]
					},
					"position": {
						"1.05": [0, 0, 0],
						"1.15": [0, -2.3, 0],
						"1.25": [1.7, -9.3, 0],
						"1.4": [3.18, -20.5, 0],
						"1.55": {
							"pre": [4.66, -31.7, 0],
							"post": [4.66, -31.7, 0],
							"lerp_mode": "catmullrom"
						},
						"1.65": {
							"post": [4.66, -26.95, 0],
							"lerp_mode": "catmullrom"
						},
						"1.8": {
							"post": [1.7, -4.05, 0],
							"lerp_mode": "catmullrom"
						},
						"1.85": [0.1325, -2.0725, 0.02],
						"1.9": [0.1325, -2.1625, 0],
						"1.95": [0.0025, -1.695, 0],
						"2.15": [-0.06, -1.695, 0],
						"2.2": [0, 0, 0]
					}
				},
				"lefthand": {
					"rotation": {
						"0.0": [90.8748, -40.28295, -149.1408],
						"0.6": [90.8748, -40.28295, -149.1408],
						"0.65": {
							"pre": [109.65, -28.45, -146.28],
							"post": [109.65, -28.45, -146.28],
							"lerp_mode": "catmullrom"
						},
						"0.8": {
							"post": [87.16538, -31.85421, -103.18335],
							"lerp_mode": "catmullrom"
						},
						"0.95": {
							"post": [94.94794, -31.02572, -118.26625],
							"lerp_mode": "catmullrom"
						},
						"1.7": [94.94794, -31.02572, -118.26625],
						"1.8": [98.25846, -58.85695, -122.79968],
						"1.9": [95.61877, -40.98361, -119.40308],
						"2.2": [94.94794, -31.02572, -118.26625],
						"2.35": [83.34776, -39.47233, -114.49811],
						"2.5": [90.8748, -40.28295, -149.1408]
					},
					"position": {
						"0.0": [5.925, -16.15, -1.6],
						"0.6": [5.925, -16.15, -1.6],
						"0.7": {
							"pre": [7.93, -16.15, -2.6],
							"post": [7.93, -16.15, -2.6],
							"lerp_mode": "catmullrom"
						},
						"0.85": {
							"post": [8.67, -20.29, 2],
							"lerp_mode": "catmullrom"
						},
						"0.95": {
							"post": [6.57, -18.85, 4.66],
							"lerp_mode": "catmullrom"
						},
						"2.2": [6.57, -18.85, 4.66],
						"2.35": [7.2, -18.52, -0.19],
						"2.5": [5.925, -16.15, -1.6]
					},
					"scale": {
						"0.0": [1, 1.5, 1],
						"0.6": [1, 1.5, 1],
						"2.5": [1, 1.5, 1]
					}
				},
				"camera": {
					"rotation": {
						"0.0": {
							"post": [0, 0, 0],
							"lerp_mode": "catmullrom"
						},
						"0.15": {
							"post": [2.73, -1.26, -2.24],
							"lerp_mode": "catmullrom"
						},
						"0.3": {
							"post": [2.44, -1.27, -0.47],
							"lerp_mode": "catmullrom"
						},
						"0.5": {
							"post": [2.66, -1.28, 0.05],
							"lerp_mode": "catmullrom"
						},
						"0.65": {
							"post": [-1.25, 0.25, 1.25],
							"lerp_mode": "catmullrom"
						},
						"0.8": {
							"post": [-1.25, 0.25, 0],
							"lerp_mode": "catmullrom"
						},
						"0.9": {
							"post": [-1.25, -0.1875, 0.5],
							"lerp_mode": "catmullrom"
						},
						"1.0": {
							"post": [-1.25, -0.1875, 0.625],
							"lerp_mode": "catmullrom"
						},
						"1.15": {
							"post": [-1.25, 0.25, 0.5],
							"lerp_mode": "catmullrom"
						},
						"1.25": {
							"post": [1.25, 0.25, -1],
							"lerp_mode": "catmullrom"
						},
						"1.4": {
							"post": [0.75, 0.25, 0],
							"lerp_mode": "catmullrom"
						},
						"1.55": {
							"post": [1.25, -0.25, 0],
							"lerp_mode": "catmullrom"
						},
						"1.7": {
							"post": [1.25, -0.25, 0],
							"lerp_mode": "catmullrom"
						},
						"1.85": {
							"post": [1.25, 0.25, 1],
							"lerp_mode": "catmullrom"
						},
						"2.05": {
							"post": [1.25, 0.25, 1],
							"lerp_mode": "catmullrom"
						},
						"2.15": {
							"post": [0, 0, 0],
							"lerp_mode": "catmullrom"
						},
						"2.2": {
							"post": [1, -0.75, 1.25],
							"lerp_mode": "catmullrom"
						},
						"2.3": {
							"post": [-0.25, 0.25, -0.5],
							"lerp_mode": "catmullrom"
						},
						"2.4": {
							"post": [-0.25, 0, 0.25],
							"lerp_mode": "catmullrom"
						},
						"2.5": {
							"post": [1, -0.25, -0.5],
							"lerp_mode": "catmullrom"
						},
						"2.65": {
							"post": [1.15, -0.28, -0.25],
							"lerp_mode": "catmullrom"
						},
						"2.7": {
							"post": [2.42, -0.28, -0.89],
							"lerp_mode": "catmullrom"
						},
						"2.8": {
							"post": [0.68, -0.28, -0.27],
							"lerp_mode": "catmullrom"
						},
						"2.95": {
							"post": [0.62, -0.28, -0.65],
							"lerp_mode": "catmullrom"
						},
						"3.1": {
							"post": [2.25, -0.25, -0.5],
							"lerp_mode": "catmullrom"
						},
						"3.25": {
							"post": [-0.5, 0, 0.25],
							"lerp_mode": "catmullrom"
						},
						"3.35": {
							"post": [-0.5, 0.25, -0.125],
							"lerp_mode": "catmullrom"
						},
						"3.45": {
							"post": [0.125, 0, 0],
							"lerp_mode": "catmullrom"
						},
						"3.55": {
							"post": [0, 0, 0],
							"lerp_mode": "catmullrom"
						},
						"3.65": {
							"post": [0, 0, 0],
							"lerp_mode": "catmullrom"
						}
					}
				},
				"bolt": {
					"position": {
						"0.3": [0, 0, 0],
						"0.35": [0, 0, 6],
						"2.65": [0, 0, 6],
						"2.7": [0, 0, 0]
					}
				},
				"deco_board_front": {
					"rotation": {
						"0.8": [0, 0, 0],
						"0.95": [0, 0, -10],
						"1.1": [0, 0, 0],
						"2.1": [0, 0, 0],
						"2.25": [0, 0, -10],
						"2.45": [0, 0, 0]
					}
				},
				"deco_board_back": {
					"rotation": {
						"0.8": [0, 0, 0],
						"0.95": [0, 0, 20],
						"2.4": [0, 0, 20],
						"2.6": [0, 0, -6.25],
						"2.9": [0, 0, -6.25],
						"3.1": [0, 0, 0]
					}
				},
				"shell_ejection": {
					"rotation": {
						"0.0": [0, 0, 0],
						"0.35": [0, 0, 0],
						"1.0": [0, 724, 0]
					},
					"position": {
						"0.35": [0, 0, 0],
						"0.6": [-33, 0, 0],
						"1.0": [-50, -15, 0]
					},
					"scale": {
						"0.0": [0, 0, 0],
						"0.35": [1, 1, 1],
						"0.7": [0, 0, 0]
					}
				},
				"bullet": {
					"position": {
						"2.15": [0, 0, 0],
						"2.35": [0, 1.5, 0]
					},
					"scale": {
						"0.0": [0, 0, 0],
						"1.5": {
							"pre": [0, 0, 0],
							"post": [1, 1, 1]
						}
					}
				}
			},
			"sound_effects": {
				"0.0": {
					"effect": "iw:em3/em3_reload_raise"
				},
				"0.15": {
					"effect": "iw:em3/em3_bolt_out"
				},
				"0.95": {
					"effect": "iw:em3/em3_reload_magout"
				},
				"1.95": {
					"effect": "iw:em3/em3_reload_magin"
				},
				"2.55": {
					"effect": "iw:em3/em3_bolt_in"
				}
			}
		},
		"bolt": {
			"animation_length": 1.05,
			"bones": {
				"root": {
					"rotation": {
						"0.35": [0, 0, 0],
						"0.4": [-1.87, 0, -1.17],
						"0.45": [-1.99, 0, -1.23],
						"0.5": [0.18, 0, 0.53],
						"0.55": [0.27, 0, 0.27],
						"0.6": [0.45, 0, -0.25],
						"0.65": [0.38, -0.07, -0.08],
						"0.7": [0.23, -0.2, 0.25],
						"0.75": [0.18, -0.17, 0.17],
						"0.8": [0.1, -0.11, 0.01],
						"0.85": [0.06, -0.07, -0.07],
						"0.9": [0.03, -0.04, -0.04],
						"0.95": [0.01, -0.02, -0.02],
						"1.0": [0, 0, 0]
					},
					"position": {
						"0.35": [0, 0, 0],
						"0.4": [0, -0.05, 1.38],
						"0.45": [0, -0.05, 0.67],
						"0.5": [0, -0.04, -0.01],
						"0.55": [0, -0.04, 0.03],
						"0.6": [0, -0.02, 0.1],
						"0.65": [0, -0.02, 0.07],
						"0.7": [0, 0, 0]
					}
				},
				"righthand": {
					"rotation": {
						"0.0": [99.13083, 12.94967, -178.84728],
						"0.2": [112.64, -1.84, -127.29],
						"0.25": [114.18636, -10.11759, -107.77082],
						"0.35": [114.18636, -10.11759, -107.77082],
						"0.45": [114.19, -10.12, -107.77],
						"0.65": [114.18636, -10.11759, -107.77082],
						"0.7": [110.89254, -4.51578, -154.31887],
						"0.9": [99.13083, 12.94967, -178.84728]
					},
					"position": {
						"0.0": [-5.75, -16.45, 11.375],
						"0.1": [-10.33, -15.66, 10.48],
						"0.2": [-10.4975, -13.07, 8.68],
						"0.25": [-10.4975, -13.07, 8.68],
						"0.35": [-10.4975, -13.07, 8.68],
						"0.4": [-10.4975, -13.07, 14.68],
						"0.5": [-10.4975, -13.07, 14.68],
						"0.65": [-10.4975, -13.07, 8.68],
						"0.7": [-11, -16, 8],
						"0.8": [-10.51, -17.26, 10.8325],
						"0.9": [-5.75, -16.45, 11.375]
					},
					"scale": [1, 1.5, 1]
				},
				"lefthand": {
					"rotation": [90.8748, -40.28295, -149.1408],
					"position": [5.925, -16.15, -1.6],
					"scale": [1, 1.5, 1]
				},
				"camera": {
					"rotation": {
						"0.0": {
							"post": [0, 0, 0],
							"lerp_mode": "catmullrom"
						},
						"0.2": {
							"post": [0.045, -0.5, 0],
							"lerp_mode": "catmullrom"
						},
						"0.25": {
							"post": [0, -0.4375, -0.14],
							"lerp_mode": "catmullrom"
						},
						"0.4": {
							"post": [-0.75, 0.1875, -1.25],
							"lerp_mode": "catmullrom"
						},
						"0.5": {
							"post": [-0.38, 0.08, -0.17],
							"lerp_mode": "catmullrom"
						},
						"0.65": {
							"post": [-0.25, -0.1875, 0.1875],
							"lerp_mode": "catmullrom"
						},
						"0.85": {
							"post": [0.0625, 0, -0.0625],
							"lerp_mode": "catmullrom"
						},
						"1.05": {
							"post": [0, 0, 0],
							"lerp_mode": "catmullrom"
						}
					}
				},
				"bolt": {
					"position": {
						"0.35": [0, 0, 0],
						"0.4": [0, 0, 6],
						"0.5": [0, 0, 6],
						"0.65": [0, 0, 0]
					}
				},
				"deco_board_front": {
					"rotation": {
						"0.1": [0, 0, 0],
						"0.25": [0, 0, 3],
						"0.5": [0, 0, 3],
						"0.75": [0, 0, 0]
					}
				},
				"deco_board_back": {
					"rotation": {
						"0.0": [0, 0, 0],
						"0.15": [0, 0, -7.5],
						"0.5": [0, 0, -7.5],
						"0.75": [0, 0, 0]
					}
				},
				"shell_ejection": {
					"rotation": {
						"0.05": [0, 0, 0],
						"0.4": [0, 0, 0],
						"1.05": [0, 724, 0]
					},
					"position": {
						"0.4": [0, 0, 0],
						"0.65": [-33, 0, 0],
						"1.05": [-50, -15, 0]
					},
					"scale": {
						"0.05": [0, 0, 0],
						"0.4": [1, 1, 1],
						"0.75": [0, 0, 0]
					}
				},
				"bullet": {
					"position": {
						"0.35": [0, 0, 0],
						"0.5": [0, 1.5, 0]
					}
				}
			},
			"sound_effects": {
				"0.1": {
					"effect": "iw:em3/em3_bolt"
				}
			}
		}
	}
}