{
	"format_version": "1.8.0",
	"animations": {
		"static_idle": {
			"animation_length": 0.2333,
			"bones": {
				"lefthand": {
					"rotation": [109.80512, -8.72735, -179.16691],
					"position": [7.75, -17.2125, 5.15625],
					"scale": 0
				},
				"righthand": {
					"rotation": [-264.97476, 6.2574, -176.94134],
					"position": [-6.4125, -16.625, 5.8875],
					"scale": [1, 1.5, 1]
				}
			}
		},
		"static_bolt_caught": {
			"animation_length": 0.2333,
			"bones": {
				"lefthand": {
					"rotation": [109.80512, -8.72735, -179.16691],
					"position": [7.75, -17.2125, 5.15625],
					"scale": 0
				},
				"righthand": {
					"rotation": [-264.97476, 6.2574, -176.94134],
					"position": [-6.4125, -16.625, 5.8875],
					"scale": [1, 1.5, 1]
				}
			}
		},
		"shoot": {
			"loop": true,
			"animation_length": 0.5833,
			"bones": {
				"root": {
					"rotation": {
						"0.0": {
							"post": [0, 0, 0],
							"lerp_mode": "catmullrom"
						},
						"0.0167": {
							"post": [-2.59768, 0.1525, 1.74334],
							"lerp_mode": "catmullrom"
						},
						"0.05": {
							"post": [-13.05824, -1.30704, -2.72798],
							"lerp_mode": "catmullrom"
						},
						"0.0833": {
							"post": [-6.1, 0, 0],
							"lerp_mode": "catmullrom"
						},
						"0.1167": {
							"post": [0.84251, -0.98521, -1.02186],
							"lerp_mode": "catmullrom"
						},
						"0.2": {
							"post": [0.65, 0.2, 0],
							"lerp_mode": "catmullrom"
						},
						"0.3": {
							"post": [-0.70043, -0.09694, 0.24998],
							"lerp_mode": "catmullrom"
						},
						"0.4167": {
							"post": [0.05, 0.13, 0.1],
							"lerp_mode": "catmullrom"
						},
						"0.5833": {
							"post": [0, 0, 0],
							"lerp_mode": "catmullrom"
						}
					},
					"position": {
						"0.0": {
							"post": [0, 0, 0],
							"lerp_mode": "catmullrom"
						},
						"0.0167": {
							"post": [0, -0.0025, 0.75],
							"lerp_mode": "catmullrom"
						},
						"0.0333": {
							"post": [0, -0.2225, 0.975],
							"lerp_mode": "catmullrom"
						},
						"0.0833": {
							"post": [0, 0.175, -0.175],
							"lerp_mode": "catmullrom"
						},
						"0.1167": {
							"post": [0, 0.0625, 0.2625],
							"lerp_mode": "catmullrom"
						},
						"0.2": {
							"post": [0, -0.1, 0.075],
							"lerp_mode": "catmullrom"
						},
						"0.3": {
							"post": [0.0125, -0.025, 0.125],
							"lerp_mode": "catmullrom"
						},
						"0.4167": {
							"post": [0, -0.005, -0.015],
							"lerp_mode": "catmullrom"
						},
						"0.5833": {
							"post": [0, 0, 0],
							"lerp_mode": "catmullrom"
						}
					}
				},
				"slide": {
					"position": {
						"0.0": [0, 0, 0],
						"0.0333": [0, 0, 2.1],
						"0.0667": [0, 0, 2.1],
						"0.1": [0, 0, 0]
					}
				},
				"constraint": {
					"rotation": {
						"0.0833": [0.15, 0.3, 0.3],
						"0.2167": [0, 0, 0]
					},
					"position": {
						"0.0833": [0.2, 0.2, 0.3],
						"0.2167": [0, 0, 0]
					}
				},
				"camera": {
					"rotation": {
						"0.0": {
							"post": [0, 0, 0],
							"lerp_mode": "catmullrom"
						},
						"0.0167": {
							"post": [0, 0, 0],
							"lerp_mode": "catmullrom"
						},
						"0.0333": {
							"post": [0, 0, 1.025],
							"lerp_mode": "catmullrom"
						},
						"0.05": {
							"post": [0, 0, -0.7],
							"lerp_mode": "catmullrom"
						},
						"0.0833": {
							"post": [0, 0, 0.6],
							"lerp_mode": "catmullrom"
						},
						"0.1333": {
							"post": [0, 0, -0.3],
							"lerp_mode": "catmullrom"
						},
						"0.2": {
							"post": [0, 0, 0.35],
							"lerp_mode": "catmullrom"
						},
						"0.2833": {
							"post": [0, 0, -0.15],
							"lerp_mode": "catmullrom"
						},
						"0.3833": {
							"post": [0, 0, 0],
							"lerp_mode": "catmullrom"
						}
					}
				},
				"magazine": {
					"position": {
						"0.0": [0, 0, 0],
						"0.0333": [0, 0, 2],
						"0.0833": [0, 0, 2],
						"0.15": [0, 0, -0.7],
						"0.2167": [0, 0, 0.4],
						"0.2833": [0, 0, 0]
					}
				}
			}
		},
		"draw": {
			"animation_length": 1.125,
			"bones": {
				"lefthand": {
					"rotation": {
						"0.0": [134.80512, -8.72735, -179.16691],
						"0.1667": [134.81, -8.73, -179.17],
						"0.25": [137.51156, -19.15337, -190.30339],
						"0.4583": [137.51, -19.15, -190.3],
						"0.5833": [135.10838, -10.4956, -180.95857],
						"0.75": [135.11, -10.5, -180.96],
						"0.9583": [109.80512, -8.72735, -179.16691]
					},
					"position": {
						"0.0": [7.75, -13.2125, 5.15625],
						"0.4583": [7.75, -13.21, 5.16],
						"0.5833": [11.75, -13.21, 5.16],
						"0.75": [11.75, -13.21, 5.16],
						"0.9583": [34.75, -45.2125, 5.15625]
					},
					"scale": {
						"0.0": [1, 1.5, 1],
						"0.9583": [1, 1.5, 1],
						"1.0": [1, 0, 0]
					}
				},
				"righthand": {
					"rotation": [-264.97476, 6.2574, -176.94134],
					"position": [-6.4125, -16.625, 5.8875],
					"scale": [1, 1.5, 1]
				},
				"root": {
					"rotation": {
						"0.0": {
							"post": [0, 0, -15],
							"lerp_mode": "catmullrom"
						},
						"0.125": {
							"post": [0, 0, -15],
							"lerp_mode": "catmullrom"
						},
						"0.2083": {
							"post": [0, 0, -10.5],
							"lerp_mode": "catmullrom"
						},
						"0.5417": {
							"post": [0, 0, -10],
							"lerp_mode": "catmullrom"
						},
						"0.5833": {
							"post": [-0.2617, 2.98857, -11.90683],
							"lerp_mode": "catmullrom"
						},
						"0.6667": {
							"post": [1.68509, -1.09964, -8.89269],
							"lerp_mode": "catmullrom"
						},
						"0.7917": {
							"post": [-1.22042, 0.05123, -1.90981],
							"lerp_mode": "catmullrom"
						},
						"0.9583": [0.68, 0.05, 1.09]
					},
					"position": {
						"0.0": [0, 0, 0],
						"0.125": [0, 0, 0],
						"0.2083": [0, -0.1, 0],
						"0.5417": [0, -0.1, 0],
						"0.5833": [0, 0.1, 0],
						"0.6667": [0, -0.2, 0],
						"0.7917": [0, 0, 0]
					}
				},
				"mag_and_lefthand": {
					"rotation": {
						"0.0": [50.10469, -28.28858, -29.54836],
						"0.2917": [0, 47.5, 0],
						"0.4167": [0, 47.5, 0],
						"0.5833": [0, 0, 0]
					},
					"position": {
						"0.0": [14, -15, 0],
						"0.2917": [9, 0, 2.5],
						"0.4167": [9, 0, 1.7],
						"0.4583": [4.3, 0, 0],
						"0.5833": [0, 0, 0]
					}
				},
				"magazine": {
					"rotation": {
						"0.75": [0.05236, -1.49909, -2.00069],
						"0.7917": [1, 0, 1],
						"0.8333": [0, 0, 0],
						"0.9583": [-1, -1, 0],
						"1.0417": [0, 0, 0]
					},
					"position": {
						"0.4167": [0, 0, 0],
						"0.5": [0, 0, 1],
						"0.7917": [0, 0, 1],
						"0.8333": [0, 0, 0]
					}
				},
				"gun_and_righthand": {
					"rotation": {
						"0.0": [32.48842, -32.63161, 14.03859],
						"0.1667": {
							"pre": [8.03425, -9.61409, 8.83101],
							"post": [8.03425, -9.61409, 8.83101],
							"lerp_mode": "catmullrom"
						},
						"0.2917": {
							"post": [0, -2.5, -5],
							"lerp_mode": "catmullrom"
						},
						"0.4167": {
							"post": [0.01745, 0.99985, -1.24985],
							"lerp_mode": "catmullrom"
						},
						"0.5": {
							"post": [0, -0.5, 0],
							"lerp_mode": "catmullrom"
						},
						"0.5833": {
							"post": [0, 0, 0],
							"lerp_mode": "catmullrom"
						}
					},
					"position": {
						"0.0": {
							"post": [-6.6, -8.065, 0],
							"lerp_mode": "catmullrom"
						},
						"0.1667": {
							"post": [-1.32, -1.615, 0],
							"lerp_mode": "catmullrom"
						},
						"0.2917": {
							"post": [0, -0.2875, -0.1625],
							"lerp_mode": "catmullrom"
						},
						"0.4167": {
							"post": [0, 0, 0.22813],
							"lerp_mode": "catmullrom"
						},
						"0.5": {
							"post": [0, 0, 0],
							"lerp_mode": "catmullrom"
						},
						"0.5833": {
							"post": [0, 0, 0],
							"lerp_mode": "catmullrom"
						}
					}
				},
				"camera": {
					"rotation": {
						"0.0": {
							"post": [0, 0, 0],
							"lerp_mode": "catmullrom"
						},
						"0.5417": {
							"post": [2.13, 0.325, -0.375],
							"lerp_mode": "catmullrom"
						},
						"0.5833": {
							"post": [2.47, 0.325, 0.325],
							"lerp_mode": "catmullrom"
						},
						"0.6667": {
							"post": [1.915, 0.325, -0.725],
							"lerp_mode": "catmullrom"
						},
						"0.8333": {
							"post": [1.9, 0.225, 0.1],
							"lerp_mode": "catmullrom"
						},
						"1.0": {
							"post": [0, 0, 0],
							"lerp_mode": "catmullrom"
						}
					}
				}
			},
			"sound_effects": {
				"0.4167": {
					"effect": "iw:eraser/eraser_draw"
				}
			}
		},
		"put_away": {
			"animation_length": 1,
			"bones": {
				"lefthand": {
					"rotation": {
						"0.0": [109.80512, -8.72735, -179.16691],
						"0.2083": [132.8678, -5.58452, -237.77659]
					},
					"position": {
						"0.0": [34.75, -45.2125, 5.15625],
						"0.2083": [7.75, -11.21, 5.16]
					},
					"scale": [1, 1.5, 1]
				},
				"righthand": {
					"rotation": [-264.97476, 6.2574, -176.94134],
					"position": [-6.4125, -16.625, 5.8875],
					"scale": [1, 1.5, 1]
				},
				"root": {
					"rotation": {
						"0.0": [0, 0, 0],
						"0.1667": [-5, 0, 7],
						"0.375": [-4.98788, 0.34834, 10.98483],
						"0.4583": [-5, -1.1, 7],
						"0.5417": [-5, 0.7, 5.4],
						"0.625": [-5, -0.4, 8.3],
						"0.7083": [-5, 0.5, 7]
					},
					"position": {
						"0.0": [0, 0, 0],
						"0.1667": [0, 0, 0]
					}
				},
				"mag_and_lefthand": {
					"rotation": {
						"0.2083": [0, 0, 0],
						"0.3333": [0, 5, 0],
						"0.4167": [0, 1.9, 0],
						"0.5": [0, 7.5, 0],
						"0.7083": [62.5, 10, 0]
					},
					"position": {
						"0.2083": [0, 0, 0],
						"0.3333": [1, 0, 0],
						"0.4167": [1, 0, 0],
						"0.5": [4, 0, 0],
						"0.7083": [13, -15, 0]
					}
				},
				"gun_and_righthand": {
					"rotation": {
						"0.5833": [0, 0, 0],
						"0.625": [0.13, -0.48, 2.81],
						"0.6667": [2.19, -3.57, 9.1],
						"0.7083": [6.11, -8.14, 8.67],
						"0.75": [11.36, -14.05, 6.9],
						"0.7917": [16.24, -19.23, 6.01],
						"0.8333": [24.37, -26.23, 9.31],
						"0.9167": [27.05, -28.35, 10.87]
					},
					"position": {
						"0.5833": [0, 0, 0],
						"0.625": [-0.08, 0.02, 0.06],
						"0.6667": [-0.5, -0.28, 0.19],
						"0.7083": [-0.97, -1.02, 0.04],
						"0.75": [-1.59, -2.04, -0.15],
						"0.7917": [-2.32, -3.11, 0],
						"0.8333": [-4.33, -5.49, 2.05],
						"0.9167": [-5.08, -14.54, 2.92]
					},
					"scale": 1
				},
				"camera": {
					"rotation": {
						"0.0": {
							"post": [0, 0, 0],
							"lerp_mode": "catmullrom"
						},
						"0.0833": {
							"post": [0.39, 0.025, -0.05],
							"lerp_mode": "catmullrom"
						},
						"0.25": {
							"post": [1.725, 0.225, -0.25],
							"lerp_mode": "catmullrom"
						},
						"0.4167": {
							"post": [2.2, 0.325, -0.375],
							"lerp_mode": "catmullrom"
						},
						"0.4583": {
							"post": [1.535, 0.325, 0.275],
							"lerp_mode": "catmullrom"
						},
						"0.7917": [4, 0.325, -0.275],
						"0.9167": [0, 0, 0]
					}
				}
			},
			"sound_effects": {
				"0.25": {
					"effect": "iw:eraser/eraser_put_away"
				}
			}
		},
		"reload_empty": {
			"animation_length": 2.7083,
			"bones": {
				"lefthand": {
					"rotation": {
						"0.0": [109.80512, -8.72735, -179.16691],
						"0.2083": [132.8678, -5.58452, -237.77659],
						"1.4583": [137.51, -19.15, -190.3],
						"1.5833": [135.10838, -10.4956, -180.95857],
						"1.75": [135.11, -10.5, -180.96],
						"2.1667": [109.80512, -8.72735, -179.16691]
					},
					"position": {
						"0.0": [30.75, -28.2125, 5.15625],
						"0.2083": [7.75, -11.21, 5.16],
						"1.4583": [7.75, -13.21, 5.16],
						"1.5833": [11.75, -13.21, 5.16],
						"1.75": [11.75, -13.21, 5.16],
						"2.1667": [34.75, -45.2125, 5.15625]
					},
					"scale": {
						"0.0": [1, 1.5, 1],
						"2.1667": [1, 1.5, 1]
					}
				},
				"righthand": {
					"rotation": [-264.97476, 6.2574, -176.94134],
					"position": [-6.4125, -16.625, 5.8875],
					"scale": [1, 1.5, 1]
				},
				"root": {
					"rotation": {
						"0.0": [0, 0, 0],
						"0.1667": [-5, 0, 7],
						"0.375": {
							"pre": [-4.98788, 0.34834, 10.98483],
							"post": [-4.98788, 0.34834, 10.98483],
							"lerp_mode": "catmullrom"
						},
						"0.4583": {
							"post": [-5, -1.1, 7],
							"lerp_mode": "catmullrom"
						},
						"0.5417": {
							"post": [-5, 0.7, 5.4],
							"lerp_mode": "catmullrom"
						},
						"0.625": {
							"post": [-5, -0.4, 8.3],
							"lerp_mode": "catmullrom"
						},
						"0.7917": {
							"post": [-5, -0.4, 8.3],
							"lerp_mode": "catmullrom"
						},
						"1.0833": {
							"post": [0, 0, -13],
							"lerp_mode": "catmullrom"
						},
						"1.1667": {
							"post": [0, 0, -13.5],
							"lerp_mode": "catmullrom"
						},
						"1.4167": {
							"post": [1.01003, -0.19079, -6.84998],
							"lerp_mode": "catmullrom"
						},
						"1.625": {
							"post": [0, 0, -10],
							"lerp_mode": "catmullrom"
						},
						"1.6667": {
							"post": [-0.2617, 2.98857, -11.90683],
							"lerp_mode": "catmullrom"
						},
						"1.75": {
							"post": [1.68509, -1.09964, -8.89269],
							"lerp_mode": "catmullrom"
						},
						"1.875": {
							"post": [-1.22042, 0.05123, -1.90981],
							"lerp_mode": "catmullrom"
						},
						"2.0417": {
							"post": [0.68, 0.05, 1.09],
							"lerp_mode": "catmullrom"
						},
						"2.1667": {
							"post": [0, 0, 0],
							"lerp_mode": "catmullrom"
						}
					},
					"position": {
						"0.0": [0, 0, 0],
						"0.1667": [0, 0, 0],
						"0.7083": [0, 0, 0],
						"1.1667": [0, -0.1, 0],
						"1.625": [0, -0.1, 0],
						"1.6667": [0, 0.1, 0],
						"1.75": [0, -0.2, 0],
						"1.875": [0, 0, 0]
					}
				},
				"mag_and_lefthand": {
					"rotation": {
						"0.2083": [0, 0, 0],
						"0.3333": [0, 5, 0],
						"0.4167": [0, 1.9, 0],
						"0.5": [0, 7.5, 0],
						"0.7083": [62.5, 10, 0],
						"1.0417": [50.10469, -28.28858, -29.54836],
						"1.3333": [0, 47.5, 0],
						"1.4583": [0, 47.5, 0],
						"1.625": [0, 0, 0]
					},
					"position": {
						"0.2083": [0, 0, 0],
						"0.3333": [1, 0, 0],
						"0.4167": [1, 0, 0],
						"0.5": [4, 0, 0],
						"0.7083": [13, -15, 0],
						"1.0417": [14, -15, 0],
						"1.3333": [9, 0, 2.5],
						"1.4583": [9, 0, 1.7],
						"1.5": [4.3, 0, 0],
						"1.625": [0, 0, 0]
					}
				},
				"magazine": {
					"rotation": {
						"1.0417": [0, 0, 0],
						"1.5417": [0.05236, -1.49909, -2.00069],
						"1.6667": [1, 0, 1],
						"1.7917": [0, 0, 0],
						"1.9167": [-1, -1, 0],
						"2.0": [0, 0, 0]
					},
					"position": {
						"1.0417": [0, 0, 0],
						"1.0833": [0, 0, 1],
						"1.4583": [0, 0, 1],
						"1.6667": [0, 0, 1],
						"1.7917": [0, 0, 0]
					}
				},
				"camera": {
					"rotation": {
						"0.0": {
							"post": [0, 0, 0],
							"lerp_mode": "catmullrom"
						},
						"0.0833": {
							"post": [0.39, 0.025, -0.05],
							"lerp_mode": "catmullrom"
						},
						"0.25": {
							"post": [1.725, 0.225, -0.25],
							"lerp_mode": "catmullrom"
						},
						"0.5": {
							"post": [2.2, 0.325, -0.375],
							"lerp_mode": "catmullrom"
						},
						"0.5417": {
							"post": [2.535, 0.325, 0.275],
							"lerp_mode": "catmullrom"
						},
						"0.6667": {
							"post": [2.215, 0.325, -0.625],
							"lerp_mode": "catmullrom"
						},
						"0.7917": {
							"post": [2.34, 0.325, -0.275],
							"lerp_mode": "catmullrom"
						},
						"1.5833": {
							"post": [2.13, 0.325, -0.375],
							"lerp_mode": "catmullrom"
						},
						"1.625": {
							"post": [2.47, 0.325, 0.325],
							"lerp_mode": "catmullrom"
						},
						"1.7083": {
							"post": [1.915, 0.325, -0.725],
							"lerp_mode": "catmullrom"
						},
						"1.875": {
							"post": [1.9, 0.225, 0.1],
							"lerp_mode": "catmullrom"
						},
						"2.0833": {
							"post": [0.025, 0.025, -0.025],
							"lerp_mode": "catmullrom"
						},
						"2.125": {
							"post": [0.125, 0, 0.25],
							"lerp_mode": "catmullrom"
						},
						"2.2083": {
							"post": [-0.065, 0, -0.15],
							"lerp_mode": "catmullrom"
						},
						"2.375": {
							"post": [0, 0, 0],
							"lerp_mode": "catmullrom"
						}
					}
				}
			},
			"sound_effects": {
				"0.25": {
					"effect": "iw:eraser/eraser_put_away"
				},
				"1.4583": {
					"effect": "iw:eraser/eraser_draw"
				}
			}
		},
		"reload_tactical": {
			"animation_length": 2.7083,
			"bones": {
				"lefthand": {
					"rotation": {
						"0.0": [109.80512, -8.72735, -179.16691],
						"0.2083": [132.8678, -5.58452, -237.77659],
						"1.4583": [137.51, -19.15, -190.3],
						"1.5833": [135.10838, -10.4956, -180.95857],
						"1.75": [135.11, -10.5, -180.96],
						"2.1667": [109.80512, -8.72735, -179.16691]
					},
					"position": {
						"0.0": [30.75, -28.2125, 5.15625],
						"0.2083": [7.75, -11.21, 5.16],
						"1.4583": [7.75, -13.21, 5.16],
						"1.5833": [11.75, -13.21, 5.16],
						"1.75": [11.75, -13.21, 5.16],
						"2.1667": [34.75, -45.2125, 5.15625]
					},
					"scale": {
						"0.0": [1, 1.5, 1],
						"2.1667": [1, 1.5, 1]
					}
				},
				"righthand": {
					"rotation": [-264.97476, 6.2574, -176.94134],
					"position": [-6.4125, -16.625, 5.8875],
					"scale": [1, 1.5, 1]
				},
				"root": {
					"rotation": {
						"0.0": [0, 0, 0],
						"0.1667": [-5, 0, 7],
						"0.375": {
							"pre": [-4.98788, 0.34834, 10.98483],
							"post": [-4.98788, 0.34834, 10.98483],
							"lerp_mode": "catmullrom"
						},
						"0.4583": {
							"post": [-5, -1.1, 7],
							"lerp_mode": "catmullrom"
						},
						"0.5417": {
							"post": [-5, 0.7, 5.4],
							"lerp_mode": "catmullrom"
						},
						"0.625": {
							"post": [-5, -0.4, 8.3],
							"lerp_mode": "catmullrom"
						},
						"0.7917": {
							"post": [-5, -0.4, 8.3],
							"lerp_mode": "catmullrom"
						},
						"1.0833": {
							"post": [0, 0, -13],
							"lerp_mode": "catmullrom"
						},
						"1.1667": {
							"post": [0, 0, -13.5],
							"lerp_mode": "catmullrom"
						},
						"1.4167": {
							"post": [1.01003, -0.19079, -6.84998],
							"lerp_mode": "catmullrom"
						},
						"1.625": {
							"post": [0, 0, -10],
							"lerp_mode": "catmullrom"
						},
						"1.6667": {
							"post": [-0.2617, 2.98857, -11.90683],
							"lerp_mode": "catmullrom"
						},
						"1.75": {
							"post": [1.68509, -1.09964, -8.89269],
							"lerp_mode": "catmullrom"
						},
						"1.875": {
							"post": [-1.22042, 0.05123, -1.90981],
							"lerp_mode": "catmullrom"
						},
						"2.0417": {
							"post": [0.68, 0.05, 1.09],
							"lerp_mode": "catmullrom"
						},
						"2.1667": {
							"post": [0, 0, 0],
							"lerp_mode": "catmullrom"
						}
					},
					"position": {
						"0.0": [0, 0, 0],
						"0.1667": [0, 0, 0],
						"0.7083": [0, 0, 0],
						"1.1667": [0, -0.1, 0],
						"1.625": [0, -0.1, 0],
						"1.6667": [0, 0.1, 0],
						"1.75": [0, -0.2, 0],
						"1.875": [0, 0, 0]
					}
				},
				"mag_and_lefthand": {
					"rotation": {
						"0.2083": [0, 0, 0],
						"0.3333": [0, 5, 0],
						"0.4167": [0, 1.9, 0],
						"0.5": [0, 7.5, 0],
						"0.7083": [62.5, 10, 0],
						"1.0417": [50.10469, -28.28858, -29.54836],
						"1.3333": [0, 47.5, 0],
						"1.4583": [0, 47.5, 0],
						"1.625": [0, 0, 0]
					},
					"position": {
						"0.2083": [0, 0, 0],
						"0.3333": [1, 0, 0],
						"0.4167": [1, 0, 0],
						"0.5": [4, 0, 0],
						"0.7083": [13, -15, 0],
						"1.0417": [14, -15, 0],
						"1.3333": [9, 0, 2.5],
						"1.4583": [9, 0, 1.7],
						"1.5": [4.3, 0, 0],
						"1.625": [0, 0, 0]
					}
				},
				"magazine": {
					"rotation": {
						"1.0417": [0, 0, 0],
						"1.5417": [0.05236, -1.49909, -2.00069],
						"1.6667": [1, 0, 1],
						"1.7917": [0, 0, 0],
						"1.9167": [-1, -1, 0],
						"2.0": [0, 0, 0]
					},
					"position": {
						"1.0417": [0, 0, 0],
						"1.0833": [0, 0, 1],
						"1.4583": [0, 0, 1],
						"1.6667": [0, 0, 1],
						"1.7917": [0, 0, 0]
					}
				},
				"camera": {
					"rotation": {
						"0.0": {
							"post": [0, 0, 0],
							"lerp_mode": "catmullrom"
						},
						"0.0833": {
							"post": [0.39, 0.025, -0.05],
							"lerp_mode": "catmullrom"
						},
						"0.25": {
							"post": [1.725, 0.225, -0.25],
							"lerp_mode": "catmullrom"
						},
						"0.5": {
							"post": [2.2, 0.325, -0.375],
							"lerp_mode": "catmullrom"
						},
						"0.5417": {
							"post": [2.535, 0.325, 0.275],
							"lerp_mode": "catmullrom"
						},
						"0.6667": {
							"post": [2.215, 0.325, -0.625],
							"lerp_mode": "catmullrom"
						},
						"0.7917": {
							"post": [2.34, 0.325, -0.275],
							"lerp_mode": "catmullrom"
						},
						"1.5833": {
							"post": [2.13, 0.325, -0.375],
							"lerp_mode": "catmullrom"
						},
						"1.625": {
							"post": [2.47, 0.325, 0.325],
							"lerp_mode": "catmullrom"
						},
						"1.7083": {
							"post": [1.915, 0.325, -0.725],
							"lerp_mode": "catmullrom"
						},
						"1.875": {
							"post": [1.9, 0.225, 0.1],
							"lerp_mode": "catmullrom"
						},
						"2.0833": {
							"post": [0.025, 0.025, -0.025],
							"lerp_mode": "catmullrom"
						},
						"2.125": {
							"post": [0.125, 0, 0.25],
							"lerp_mode": "catmullrom"
						},
						"2.2083": {
							"post": [-0.065, 0, -0.15],
							"lerp_mode": "catmullrom"
						},
						"2.375": {
							"post": [0, 0, 0],
							"lerp_mode": "catmullrom"
						}
					}
				}
			},
			"sound_effects": {
				"0.25": {
					"effect": "iw:eraser/eraser_put_away"
				},
				"1.4583": {
					"effect": "iw:eraser/eraser_draw"
				}
			}
		},
		"inspect": {
			"animation_length": 6.8333,
			"bones": {
				"lefthand": {
					"rotation": {
						"0.0": [109.80512, -8.72735, -179.16691],
						"2.25": [109.80512, -8.72735, -179.16691],
						"2.8333": [132.8678, -5.58452, -237.77659],
						"3.875": [132.87, -5.58, -237.78],
						"4.0833": [114.67145, -36.61131, -191.3639],
						"5.0": [114.67145, -36.61131, -191.3639],
						"5.2917": [132.8678, -5.58452, -237.77659],
						"5.5833": [134.81, -8.73, -179.17],
						"5.6667": [137.51156, -19.15337, -190.30339],
						"5.875": [137.51, -19.15, -190.3],
						"6.0": [135.10838, -10.4956, -180.95857],
						"6.1667": [135.11, -10.5, -180.96],
						"6.4583": [109.80512, -8.72735, -179.16691]
					},
					"position": {
						"0.0": [34.75, -45.2125, 5.15625],
						"2.25": [34.75, -45.2125, 5.15625],
						"2.8333": [7.75, -11.21, 5.16],
						"3.875": [7.75, -11.21, 5.16],
						"4.0833": [7.75, -11.21, 5.16],
						"5.2917": [7.75, -11.21, 5.16],
						"5.875": [7.75, -13.21, 5.16],
						"6.0": [11.75, -13.21, 5.16],
						"6.1667": [11.75, -13.21, 5.16],
						"6.4583": [34.75, -45.2125, 5.15625]
					},
					"scale": {
						"0.0": [1, 1.5, 1],
						"2.25": [1, 1.5, 1],
						"6.4583": [1, 1.5, 1]
					}
				},
				"righthand": {
					"rotation": [-264.97476, 6.2574, -176.94134],
					"position": [-6.4125, -16.625, 5.8875],
					"scale": [1, 1.5, 1]
				},
				"root": {
					"rotation": {
						"0.0": {
							"post": [0, 0, 0],
							"lerp_mode": "catmullrom"
						},
						"0.1667": {
							"post": [1.41878, -32.6402, -30.55741],
							"lerp_mode": "catmullrom"
						},
						"0.2917": {
							"post": [17.13043, -59.61932, -72.33833],
							"lerp_mode": "catmullrom"
						},
						"0.4583": {
							"post": [28.975, -60.035, -87.94],
							"lerp_mode": "catmullrom"
						},
						"0.7083": {
							"post": [30.92412, -59.90293, -87.91478],
							"lerp_mode": "catmullrom"
						},
						"1.0417": {
							"post": [31.77, -60.36, -89.09],
							"lerp_mode": "catmullrom"
						},
						"1.25": {
							"post": [39.31625, -57.06039, -98.29279],
							"lerp_mode": "catmullrom"
						},
						"1.5417": {
							"post": [37.75361, -58.30658, -96.72799],
							"lerp_mode": "catmullrom"
						},
						"1.9167": {
							"post": [35.22935, -59.1162, -92.88548],
							"lerp_mode": "catmullrom"
						},
						"2.0833": [6.69829, -58.01955, -54.35519],
						"2.2083": [6.7, -58.02, -54.36],
						"2.25": [9.51803, -57.59611, -59.46144],
						"2.5": {
							"pre": [0, 0, -10.5],
							"post": [0, 0, -10.5],
							"lerp_mode": "catmullrom"
						},
						"2.8333": {
							"post": [0, 0, 10],
							"lerp_mode": "catmullrom"
						},
						"3.0417": {
							"post": [-0.2617, 2.98857, 11.9068],
							"lerp_mode": "catmullrom"
						},
						"3.2083": {
							"post": [-0.2617, 2.98857, 11.9068],
							"lerp_mode": "catmullrom"
						},
						"3.7917": {
							"post": [0, 0, -10.5],
							"lerp_mode": "catmullrom"
						},
						"5.3333": {
							"post": [0, 0, -5.5],
							"lerp_mode": "catmullrom"
						},
						"5.7083": {
							"post": [0, 0, -10.5],
							"lerp_mode": "catmullrom"
						},
						"6.0417": {
							"post": [0, 0, -10],
							"lerp_mode": "catmullrom"
						},
						"6.0833": {
							"post": [-0.2617, 2.98857, -11.90683],
							"lerp_mode": "catmullrom"
						},
						"6.1667": {
							"post": [1.68509, -1.09964, -8.89269],
							"lerp_mode": "catmullrom"
						},
						"6.2917": {
							"post": [-1.22042, 0.05123, -1.90981],
							"lerp_mode": "catmullrom"
						},
						"6.4583": {
							"post": [0, 0, 0],
							"lerp_mode": "catmullrom"
						}
					},
					"position": {
						"0.0": {
							"post": [0, 0, 0],
							"lerp_mode": "catmullrom"
						},
						"0.0833": {
							"post": [0.4, 0.12, 0.995],
							"lerp_mode": "catmullrom"
						},
						"0.2917": {
							"post": [0.25, 0.4875, 1.7],
							"lerp_mode": "catmullrom"
						},
						"0.4583": {
							"post": [0.1, 0.85, 1.7],
							"lerp_mode": "catmullrom"
						},
						"0.6667": {
							"post": [-0.05, 0.8125, 1.6],
							"lerp_mode": "catmullrom"
						},
						"1.0": {
							"post": [0.025, 0.9875, 1.6],
							"lerp_mode": "catmullrom"
						},
						"1.2083": {
							"post": [0.025, 1.2275, 1.5375],
							"lerp_mode": "catmullrom"
						},
						"1.5417": {
							"post": [-0.025, 1.3425, 1.5375],
							"lerp_mode": "catmullrom"
						},
						"1.9167": {
							"post": [-0.025, 1.2825, 1.54],
							"lerp_mode": "catmullrom"
						},
						"2.0417": {
							"post": [-0.275, 1.105, 1.8525],
							"lerp_mode": "catmullrom"
						},
						"2.25": {
							"post": [-0.49385, 0.31172, 1.855],
							"lerp_mode": "catmullrom"
						},
						"2.5833": [0, -0.1, 0],
						"2.7917": [0, -0.1, 0],
						"3.0": [0, 0.1, 0],
						"5.7083": [0, -0.1, 0],
						"6.0417": [0, -0.1, 0],
						"6.0833": [0, 0.1, 0],
						"6.1667": [0, -0.2, 0],
						"6.2917": [0, 0, 0]
					}
				},
				"mag_and_lefthand": {
					"rotation": {
						"2.9167": [0, 0, 0],
						"3.0417": [0, 5, 0],
						"3.125": [0, 1.9, 0],
						"3.2083": [0, 7.5, 0],
						"3.375": [7.32417, 1.61888, 77.60362],
						"3.5": [-2.68, 1.62, 77.6],
						"3.625": {
							"pre": [2.32, 1.62, 77.6],
							"post": [2.32, 1.62, 77.6],
							"lerp_mode": "catmullrom"
						},
						"3.75": {
							"post": [2.23435, 1.42139, 82.59305],
							"lerp_mode": "catmullrom"
						},
						"3.9583": {
							"post": [2.23, 1.42, 82.59],
							"lerp_mode": "catmullrom"
						},
						"4.125": {
							"post": [2.43216, -23.56, 81.56206],
							"lerp_mode": "catmullrom"
						},
						"4.2083": {
							"post": [2.39243, 21.40413, 83.40532],
							"lerp_mode": "catmullrom"
						},
						"4.4167": {
							"post": [2.39, 21.4, 83.41],
							"lerp_mode": "catmullrom"
						},
						"4.5833": {
							"post": [2.23989, -6.57807, 82.28078],
							"lerp_mode": "catmullrom"
						},
						"4.7083": {
							"post": [2.43216, -23.56, 81.56206],
							"lerp_mode": "catmullrom"
						},
						"4.7917": {
							"post": [2.39243, 21.40413, 83.40532],
							"lerp_mode": "catmullrom"
						},
						"4.9583": {
							"post": [2.39, 21.4, 83.41],
							"lerp_mode": "catmullrom"
						},
						"5.0833": {
							"post": [2.35452, -19.07004, 81.76715],
							"lerp_mode": "catmullrom"
						},
						"5.2917": {
							"post": [2.23989, -6.57807, 82.28078],
							"lerp_mode": "catmullrom"
						},
						"5.75": [0, 47.5, 0],
						"5.9167": [0, 37.5, 0],
						"6.0417": [0, 0, 0]
					},
					"position": {
						"2.9167": [0, 0, 0],
						"3.0417": [1, 0, 0],
						"3.125": [1, 0, 0],
						"3.2083": [4, 0, 0],
						"3.375": [5.5, -2, 0],
						"3.5": [6, -2, 0],
						"3.625": {
							"pre": [6, -2, -0.5],
							"post": [6, -2, -0.5],
							"lerp_mode": "catmullrom"
						},
						"3.8333": {
							"post": [6, -1.8, -0.5],
							"lerp_mode": "catmullrom"
						},
						"4.0417": {
							"post": [6, -3.8, -0.5],
							"lerp_mode": "catmullrom"
						},
						"4.25": {
							"post": [6, -0.8, -0.5],
							"lerp_mode": "catmullrom"
						},
						"4.5": {
							"post": [6, -2.2, -0.5],
							"lerp_mode": "catmullrom"
						},
						"4.8333": {
							"post": [6, -0.8, -0.5],
							"lerp_mode": "catmullrom"
						},
						"5.0417": {
							"post": [6, -3.6, -0.5],
							"lerp_mode": "catmullrom"
						},
						"5.75": [9, 0, 2.5],
						"5.9583": [4.3, 0, 0],
						"6.0417": [0, 0, 0]
					}
				},
				"magazine": {
					"rotation": {
						"4.2083": [0, 0, 0],
						"4.4167": [0, 172.5, 0],
						"4.75": [0, 172.5, 0],
						"5.0": [0, 360, 0],
						"6.0417": [0.05236, 360, -2.00069],
						"6.1667": [1, 360, 1],
						"6.2917": [0, 360, 0],
						"6.4167": [-1, 360, 0],
						"6.5": [0, 360, 0]
					},
					"position": {
						"4.2083": [0, 0, 0],
						"4.2917": [-8, 0, -13],
						"4.4167": [1.7, 0, -13],
						"4.75": [1.7, 0, -13],
						"4.8333": [-8, 0, -13],
						"5.0": [0, 0, 0],
						"5.875": [0, 0, 0],
						"5.9583": [0, 0, 1],
						"6.1667": [0, 0, 1],
						"6.2917": [0, 0, 0]
					}
				},
				"gun_and_righthand": {
					"rotation": {
						"3.0417": {
							"pre": [0, 0, 0],
							"post": [0, 0, 0],
							"lerp_mode": "catmullrom"
						},
						"3.25": {
							"post": [-4.98788, 0.34834, 10.98483],
							"lerp_mode": "catmullrom"
						},
						"3.3333": {
							"post": [-5, -1.1, 10],
							"lerp_mode": "catmullrom"
						},
						"3.4167": {
							"post": [-5, -0.4, 8.4],
							"lerp_mode": "catmullrom"
						},
						"3.5": {
							"post": [-5, -0.4, 9.3],
							"lerp_mode": "catmullrom"
						},
						"3.9167": {
							"post": [7.48, -0.34, 8.49],
							"lerp_mode": "catmullrom"
						},
						"5.5833": {
							"post": [0, 0, 0],
							"lerp_mode": "catmullrom"
						},
						"6.0417": {
							"post": [0, -2.5, -5],
							"lerp_mode": "catmullrom"
						},
						"6.1667": {
							"post": [0.01745, 0.99985, -1.24985],
							"lerp_mode": "catmullrom"
						},
						"6.25": {
							"post": [0, -0.5, 0],
							"lerp_mode": "catmullrom"
						},
						"6.3333": {
							"post": [0, 0, 0],
							"lerp_mode": "catmullrom"
						}
					},
					"position": {
						"3.0417": [0, 0, 0],
						"3.5417": {
							"pre": [0, 0, 0],
							"post": [0, 0, 0],
							"lerp_mode": "catmullrom"
						},
						"4.0417": {
							"post": [0, -1.3, 0],
							"lerp_mode": "catmullrom"
						},
						"5.375": {
							"post": [0, -1.3, 0],
							"lerp_mode": "catmullrom"
						},
						"5.7917": {
							"post": [0, -0.2875, -0.1625],
							"lerp_mode": "catmullrom"
						},
						"6.0417": {
							"post": [0, -0.2875, -0.1625],
							"lerp_mode": "catmullrom"
						},
						"6.1667": {
							"post": [0, 0, 0.22813],
							"lerp_mode": "catmullrom"
						},
						"6.25": {
							"post": [0, 0, 0],
							"lerp_mode": "catmullrom"
						},
						"6.3333": {
							"post": [0, 0, 0],
							"lerp_mode": "catmullrom"
						}
					}
				},
				"camera": {
					"rotation": {
						"0.0": {
							"post": [0, 0, 0],
							"lerp_mode": "catmullrom"
						},
						"0.1667": {
							"post": [0.35, 0, -0.2],
							"lerp_mode": "catmullrom"
						},
						"0.3333": {
							"post": [-0.8, 0, -0.7],
							"lerp_mode": "catmullrom"
						},
						"0.5833": {
							"post": [-1.3, 0, -0.9],
							"lerp_mode": "catmullrom"
						},
						"0.9583": {
							"post": [-1.2, 0, -0.7],
							"lerp_mode": "catmullrom"
						},
						"1.25": {
							"post": [3, 0, -0.7],
							"lerp_mode": "catmullrom"
						},
						"1.5417": {
							"post": [4.7, 0, -0.7],
							"lerp_mode": "catmullrom"
						},
						"1.8333": {
							"post": [5, 0, -0.7],
							"lerp_mode": "catmullrom"
						},
						"2.0833": {
							"post": [4.7, 0, -0.7],
							"lerp_mode": "catmullrom"
						},
						"2.2083": {
							"post": [4.53, -0.75, 0.525],
							"lerp_mode": "catmullrom"
						},
						"2.4583": {
							"post": [5.3, -3.2, -0.325],
							"lerp_mode": "catmullrom"
						},
						"2.8333": {
							"post": [5.7, -4.1, 0.6],
							"lerp_mode": "catmullrom"
						},
						"3.0833": {
							"post": [2.6, 0.2, -0.7],
							"lerp_mode": "catmullrom"
						},
						"3.25": {
							"post": [1.74, 0.71, -0.175],
							"lerp_mode": "catmullrom"
						},
						"3.375": {
							"post": [2.4, 1.5, -0.05],
							"lerp_mode": "catmullrom"
						},
						"3.9583": {
							"post": [2.6, 0.2, -0.7],
							"lerp_mode": "catmullrom"
						},
						"4.0833": {
							"post": [5.95, 0.44, 0.205],
							"lerp_mode": "catmullrom"
						},
						"4.2083": {
							"post": [-0.78, 0.56, -0.575],
							"lerp_mode": "catmullrom"
						},
						"4.4167": {
							"post": [3.44, 0.71, -0.175],
							"lerp_mode": "catmullrom"
						},
						"4.5417": {
							"post": [2.4, 1.5, -0.05],
							"lerp_mode": "catmullrom"
						},
						"4.7083": {
							"post": [2.6, 0.2, -0.7],
							"lerp_mode": "catmullrom"
						},
						"4.8333": {
							"post": [5.95, 0.44, 0.205],
							"lerp_mode": "catmullrom"
						},
						"4.9583": {
							"post": [-0.78, 0.56, -0.575],
							"lerp_mode": "catmullrom"
						},
						"5.1667": {
							"post": [3.44, 0.71, -0.175],
							"lerp_mode": "catmullrom"
						},
						"5.3333": {
							"post": [5.1, 3.8, 0.4],
							"lerp_mode": "catmullrom"
						},
						"5.4167": {
							"post": [5.94, 4.16, 0.95],
							"lerp_mode": "catmullrom"
						},
						"5.5417": {
							"post": [5.33, 4.35, 0.275],
							"lerp_mode": "catmullrom"
						},
						"5.6667": {
							"post": [5.52, 4.6, 0.7],
							"lerp_mode": "catmullrom"
						},
						"5.8333": {
							"post": [5.7, 4.6, 0.8],
							"lerp_mode": "catmullrom"
						},
						"6.0": {
							"post": [5.28, 4.72, 0.4],
							"lerp_mode": "catmullrom"
						},
						"6.0833": {
							"post": [6, 4.76, 1.6],
							"lerp_mode": "catmullrom"
						},
						"6.1667": {
							"post": [4, 4.4, -0.15],
							"lerp_mode": "catmullrom"
						},
						"6.375": {
							"post": [-0.39, 1, 0.225],
							"lerp_mode": "catmullrom"
						},
						"6.4583": {
							"post": [-1, 0.25, -0.06],
							"lerp_mode": "catmullrom"
						},
						"6.5": {
							"post": [-0.625, 0.1, 0.45],
							"lerp_mode": "catmullrom"
						},
						"6.6667": {
							"post": [-1.075, 0, -0.15],
							"lerp_mode": "catmullrom"
						},
						"6.8333": {
							"post": [-1, 0, 0],
							"lerp_mode": "catmullrom"
						},
						"7.0": {
							"post": [0, 0, 0],
							"lerp_mode": "catmullrom"
						}
					}
				}
			},
			"sound_effects": {
				"0.0": {
					"effect": "tacz:victor45/victor_inspect_moveclose"
				},
				"2.2083": {
					"effect": "tacz:victor45/victor_inspect_lower"
				},
				"3.0417": {
					"effect": "iw:eraser/eraser_put_away"
				},
				"4.125": {
					"effect": "tacz:victor45/victor_inspect_raise"
				},
				"4.6667": {
					"effect": "tacz:victor45/victor_inspect_raise"
				},
				"5.9167": {
					"effect": "iw:eraser/eraser_draw"
				}
			}
		},
		"inspect_empty": {
			"animation_length": 7,
			"bones": {
				"lefthand": {
					"rotation": {
						"0.0": [109.80512, -8.72735, -179.16691],
						"2.25": [109.80512, -8.72735, -179.16691],
						"2.8333": [132.8678, -5.58452, -237.77659],
						"3.875": [132.87, -5.58, -237.78],
						"4.0833": [114.67145, -36.61131, -191.3639],
						"5.0": [114.67145, -36.61131, -191.3639],
						"5.2917": [132.8678, -5.58452, -237.77659],
						"5.5833": [134.81, -8.73, -179.17],
						"5.6667": [137.51156, -19.15337, -190.30339],
						"5.875": [137.51, -19.15, -190.3],
						"6.0": [135.10838, -10.4956, -180.95857],
						"6.1667": [135.11, -10.5, -180.96],
						"6.4583": [109.80512, -8.72735, -179.16691]
					},
					"position": {
						"0.0": [34.75, -45.2125, 5.15625],
						"2.25": [34.75, -45.2125, 5.15625],
						"2.8333": [7.75, -11.21, 5.16],
						"3.875": [7.75, -11.21, 5.16],
						"4.0833": [7.75, -11.21, 5.16],
						"5.2917": [7.75, -11.21, 5.16],
						"5.875": [7.75, -13.21, 5.16],
						"6.0": [11.75, -13.21, 5.16],
						"6.1667": [11.75, -13.21, 5.16],
						"6.4583": [34.75, -45.2125, 5.15625]
					},
					"scale": {
						"0.0": [1, 1.5, 1],
						"2.25": [1, 1.5, 1],
						"6.4583": [1, 1.5, 1]
					}
				},
				"righthand": {
					"rotation": [-264.97476, 6.2574, -176.94134],
					"position": [-6.4125, -16.625, 5.8875],
					"scale": [1, 1.5, 1]
				},
				"root": {
					"rotation": {
						"0.0": {
							"post": [0, 0, 0],
							"lerp_mode": "catmullrom"
						},
						"0.1667": {
							"post": [1.41878, -32.6402, -30.55741],
							"lerp_mode": "catmullrom"
						},
						"0.2917": {
							"post": [17.13043, -59.61932, -72.33833],
							"lerp_mode": "catmullrom"
						},
						"0.4583": {
							"post": [28.975, -60.035, -87.94],
							"lerp_mode": "catmullrom"
						},
						"0.7083": {
							"post": [30.92412, -59.90293, -87.91478],
							"lerp_mode": "catmullrom"
						},
						"1.0417": {
							"post": [31.77, -60.36, -89.09],
							"lerp_mode": "catmullrom"
						},
						"1.25": {
							"post": [39.31625, -57.06039, -98.29279],
							"lerp_mode": "catmullrom"
						},
						"1.5417": {
							"post": [37.75361, -58.30658, -96.72799],
							"lerp_mode": "catmullrom"
						},
						"1.9167": {
							"post": [35.22935, -59.1162, -92.88548],
							"lerp_mode": "catmullrom"
						},
						"2.0833": [6.69829, -58.01955, -54.35519],
						"2.2083": [6.7, -58.02, -54.36],
						"2.25": [9.51803, -57.59611, -59.46144],
						"2.5": {
							"pre": [0, 0, -10.5],
							"post": [0, 0, -10.5],
							"lerp_mode": "catmullrom"
						},
						"2.8333": {
							"post": [0, 0, 10],
							"lerp_mode": "catmullrom"
						},
						"3.0417": {
							"post": [-0.2617, 2.98857, 11.9068],
							"lerp_mode": "catmullrom"
						},
						"3.2083": {
							"post": [-0.2617, 2.98857, 11.9068],
							"lerp_mode": "catmullrom"
						},
						"3.7917": {
							"post": [0, 0, -10.5],
							"lerp_mode": "catmullrom"
						},
						"5.3333": {
							"post": [0, 0, -5.5],
							"lerp_mode": "catmullrom"
						},
						"5.7083": {
							"post": [0, 0, -10.5],
							"lerp_mode": "catmullrom"
						},
						"6.0417": {
							"post": [0, 0, -10],
							"lerp_mode": "catmullrom"
						},
						"6.0833": {
							"post": [-0.2617, 2.98857, -11.90683],
							"lerp_mode": "catmullrom"
						},
						"6.1667": {
							"post": [1.68509, -1.09964, -8.89269],
							"lerp_mode": "catmullrom"
						},
						"6.2917": {
							"post": [-1.22042, 0.05123, -1.90981],
							"lerp_mode": "catmullrom"
						},
						"6.4583": {
							"post": [0, 0, 0],
							"lerp_mode": "catmullrom"
						}
					},
					"position": {
						"0.0": {
							"post": [0, 0, 0],
							"lerp_mode": "catmullrom"
						},
						"0.0833": {
							"post": [0.4, 0.12, 0.995],
							"lerp_mode": "catmullrom"
						},
						"0.2917": {
							"post": [0.25, 0.4875, 1.7],
							"lerp_mode": "catmullrom"
						},
						"0.4583": {
							"post": [0.1, 0.85, 1.7],
							"lerp_mode": "catmullrom"
						},
						"0.6667": {
							"post": [-0.05, 0.8125, 1.6],
							"lerp_mode": "catmullrom"
						},
						"1.0": {
							"post": [0.025, 0.9875, 1.6],
							"lerp_mode": "catmullrom"
						},
						"1.2083": {
							"post": [0.025, 1.2275, 1.5375],
							"lerp_mode": "catmullrom"
						},
						"1.5417": {
							"post": [-0.025, 1.3425, 1.5375],
							"lerp_mode": "catmullrom"
						},
						"1.9167": {
							"post": [-0.025, 1.2825, 1.54],
							"lerp_mode": "catmullrom"
						},
						"2.0417": {
							"post": [-0.275, 1.105, 1.8525],
							"lerp_mode": "catmullrom"
						},
						"2.25": {
							"post": [-0.49385, 0.31172, 1.855],
							"lerp_mode": "catmullrom"
						},
						"2.5833": [0, -0.1, 0],
						"2.7917": [0, -0.1, 0],
						"3.0": [0, 0.1, 0],
						"5.7083": [0, -0.1, 0],
						"6.0417": [0, -0.1, 0],
						"6.0833": [0, 0.1, 0],
						"6.1667": [0, -0.2, 0],
						"6.2917": [0, 0, 0]
					}
				},
				"mag_and_lefthand": {
					"rotation": {
						"2.9167": [0, 0, 0],
						"3.0417": [0, 5, 0],
						"3.125": [0, 1.9, 0],
						"3.2083": [0, 7.5, 0],
						"3.375": [7.32417, 1.61888, 77.60362],
						"3.5": [-2.68, 1.62, 77.6],
						"3.625": {
							"pre": [2.32, 1.62, 77.6],
							"post": [2.32, 1.62, 77.6],
							"lerp_mode": "catmullrom"
						},
						"3.75": {
							"post": [2.23435, 1.42139, 82.59305],
							"lerp_mode": "catmullrom"
						},
						"3.9583": {
							"post": [2.23, 1.42, 82.59],
							"lerp_mode": "catmullrom"
						},
						"4.125": {
							"post": [2.43216, -23.56, 81.56206],
							"lerp_mode": "catmullrom"
						},
						"4.2083": {
							"post": [2.39243, 21.40413, 83.40532],
							"lerp_mode": "catmullrom"
						},
						"4.4167": {
							"post": [2.39, 21.4, 83.41],
							"lerp_mode": "catmullrom"
						},
						"4.5833": {
							"post": [2.23989, -6.57807, 82.28078],
							"lerp_mode": "catmullrom"
						},
						"4.7083": {
							"post": [2.43216, -23.56, 81.56206],
							"lerp_mode": "catmullrom"
						},
						"4.7917": {
							"post": [2.39243, 21.40413, 83.40532],
							"lerp_mode": "catmullrom"
						},
						"4.9583": {
							"post": [2.39, 21.4, 83.41],
							"lerp_mode": "catmullrom"
						},
						"5.0833": {
							"post": [2.35452, -19.07004, 81.76715],
							"lerp_mode": "catmullrom"
						},
						"5.2917": {
							"post": [2.23989, -6.57807, 82.28078],
							"lerp_mode": "catmullrom"
						},
						"5.75": [0, 47.5, 0],
						"5.9167": [0, 37.5, 0],
						"6.0417": [0, 0, 0]
					},
					"position": {
						"2.9167": [0, 0, 0],
						"3.0417": [1, 0, 0],
						"3.125": [1, 0, 0],
						"3.2083": [4, 0, 0],
						"3.375": [5.5, -2, 0],
						"3.5": [6, -2, 0],
						"3.625": {
							"pre": [6, -2, -0.5],
							"post": [6, -2, -0.5],
							"lerp_mode": "catmullrom"
						},
						"3.8333": {
							"post": [6, -1.8, -0.5],
							"lerp_mode": "catmullrom"
						},
						"4.0417": {
							"post": [6, -3.8, -0.5],
							"lerp_mode": "catmullrom"
						},
						"4.25": {
							"post": [6, -0.8, -0.5],
							"lerp_mode": "catmullrom"
						},
						"4.5": {
							"post": [6, -2.2, -0.5],
							"lerp_mode": "catmullrom"
						},
						"4.8333": {
							"post": [6, -0.8, -0.5],
							"lerp_mode": "catmullrom"
						},
						"5.0417": {
							"post": [6, -3.6, -0.5],
							"lerp_mode": "catmullrom"
						},
						"5.75": [9, 0, 2.5],
						"5.9583": [4.3, 0, 0],
						"6.0417": [0, 0, 0]
					}
				},
				"magazine": {
					"rotation": {
						"4.2083": [0, 0, 0],
						"4.4167": [0, 172.5, 0],
						"4.75": [0, 172.5, 0],
						"5.0": [0, 360, 0],
						"6.0417": [0.05236, 360, -2.00069],
						"6.1667": [1, 360, 1],
						"6.2917": [0, 360, 0],
						"6.4167": [-1, 360, 0],
						"6.5": [0, 360, 0]
					},
					"position": {
						"4.2083": [0, 0, 0],
						"4.2917": [-8, 0, -13],
						"4.4167": [1.7, 0, -13],
						"4.75": [1.7, 0, -13],
						"4.8333": [-8, 0, -13],
						"5.0": [0, 0, 0],
						"5.875": [0, 0, 0],
						"5.9583": [0, 0, 1],
						"6.1667": [0, 0, 1],
						"6.2917": [0, 0, 0]
					}
				},
				"gun_and_righthand": {
					"rotation": {
						"3.0417": {
							"pre": [0, 0, 0],
							"post": [0, 0, 0],
							"lerp_mode": "catmullrom"
						},
						"3.25": {
							"post": [-4.98788, 0.34834, 10.98483],
							"lerp_mode": "catmullrom"
						},
						"3.3333": {
							"post": [-5, -1.1, 10],
							"lerp_mode": "catmullrom"
						},
						"3.4167": {
							"post": [-5, -0.4, 8.4],
							"lerp_mode": "catmullrom"
						},
						"3.5": {
							"post": [-5, -0.4, 9.3],
							"lerp_mode": "catmullrom"
						},
						"3.9167": {
							"post": [7.48, -0.34, 8.49],
							"lerp_mode": "catmullrom"
						},
						"5.5833": {
							"post": [0, 0, 0],
							"lerp_mode": "catmullrom"
						},
						"6.0417": {
							"post": [0, -2.5, -5],
							"lerp_mode": "catmullrom"
						},
						"6.1667": {
							"post": [0.01745, 0.99985, -1.24985],
							"lerp_mode": "catmullrom"
						},
						"6.25": {
							"post": [0, -0.5, 0],
							"lerp_mode": "catmullrom"
						},
						"6.3333": {
							"post": [0, 0, 0],
							"lerp_mode": "catmullrom"
						}
					},
					"position": {
						"3.0417": [0, 0, 0],
						"3.5417": {
							"pre": [0, 0, 0],
							"post": [0, 0, 0],
							"lerp_mode": "catmullrom"
						},
						"4.0417": {
							"post": [0, -1.3, 0],
							"lerp_mode": "catmullrom"
						},
						"5.375": {
							"post": [0, -1.3, 0],
							"lerp_mode": "catmullrom"
						},
						"5.7917": {
							"post": [0, -0.2875, -0.1625],
							"lerp_mode": "catmullrom"
						},
						"6.0417": {
							"post": [0, -0.2875, -0.1625],
							"lerp_mode": "catmullrom"
						},
						"6.1667": {
							"post": [0, 0, 0.22813],
							"lerp_mode": "catmullrom"
						},
						"6.25": {
							"post": [0, 0, 0],
							"lerp_mode": "catmullrom"
						},
						"6.3333": {
							"post": [0, 0, 0],
							"lerp_mode": "catmullrom"
						}
					}
				},
				"camera": {
					"rotation": {
						"0.0": {
							"post": [0, 0, 0],
							"lerp_mode": "catmullrom"
						},
						"0.1667": {
							"post": [0.35, 0, -0.2],
							"lerp_mode": "catmullrom"
						},
						"0.3333": {
							"post": [-0.8, 0, -0.7],
							"lerp_mode": "catmullrom"
						},
						"0.5833": {
							"post": [-1.3, 0, -0.9],
							"lerp_mode": "catmullrom"
						},
						"0.9583": {
							"post": [-1.2, 0, -0.7],
							"lerp_mode": "catmullrom"
						},
						"1.25": {
							"post": [3, 0, -0.7],
							"lerp_mode": "catmullrom"
						},
						"1.5417": {
							"post": [4.7, 0, -0.7],
							"lerp_mode": "catmullrom"
						},
						"1.8333": {
							"post": [5, 0, -0.7],
							"lerp_mode": "catmullrom"
						},
						"2.0833": {
							"post": [4.7, 0, -0.7],
							"lerp_mode": "catmullrom"
						},
						"2.2083": {
							"post": [4.53, -0.75, 0.525],
							"lerp_mode": "catmullrom"
						},
						"2.4583": {
							"post": [5.3, -3.2, -0.325],
							"lerp_mode": "catmullrom"
						},
						"2.8333": {
							"post": [5.7, -4.1, 0.6],
							"lerp_mode": "catmullrom"
						},
						"3.0833": {
							"post": [2.6, 0.2, -0.7],
							"lerp_mode": "catmullrom"
						},
						"3.25": {
							"post": [1.74, 0.71, -0.175],
							"lerp_mode": "catmullrom"
						},
						"3.375": {
							"post": [2.4, 1.5, -0.05],
							"lerp_mode": "catmullrom"
						},
						"3.9583": {
							"post": [2.6, 0.2, -0.7],
							"lerp_mode": "catmullrom"
						},
						"4.0833": {
							"post": [5.95, 0.44, 0.205],
							"lerp_mode": "catmullrom"
						},
						"4.2083": {
							"post": [-0.78, 0.56, -0.575],
							"lerp_mode": "catmullrom"
						},
						"4.4167": {
							"post": [3.44, 0.71, -0.175],
							"lerp_mode": "catmullrom"
						},
						"4.5417": {
							"post": [2.4, 1.5, -0.05],
							"lerp_mode": "catmullrom"
						},
						"4.7083": {
							"post": [2.6, 0.2, -0.7],
							"lerp_mode": "catmullrom"
						},
						"4.8333": {
							"post": [5.95, 0.44, 0.205],
							"lerp_mode": "catmullrom"
						},
						"4.9583": {
							"post": [-0.78, 0.56, -0.575],
							"lerp_mode": "catmullrom"
						},
						"5.1667": {
							"post": [3.44, 0.71, -0.175],
							"lerp_mode": "catmullrom"
						},
						"5.3333": {
							"post": [5.1, 3.8, 0.4],
							"lerp_mode": "catmullrom"
						},
						"5.4167": {
							"post": [5.94, 4.16, 0.95],
							"lerp_mode": "catmullrom"
						},
						"5.5417": {
							"post": [5.33, 4.35, 0.275],
							"lerp_mode": "catmullrom"
						},
						"5.6667": {
							"post": [5.52, 4.6, 0.7],
							"lerp_mode": "catmullrom"
						},
						"5.8333": {
							"post": [5.7, 4.6, 0.8],
							"lerp_mode": "catmullrom"
						},
						"6.0": {
							"post": [5.28, 4.72, 0.4],
							"lerp_mode": "catmullrom"
						},
						"6.0833": {
							"post": [6, 4.76, 1.6],
							"lerp_mode": "catmullrom"
						},
						"6.1667": {
							"post": [4, 4.4, -0.15],
							"lerp_mode": "catmullrom"
						},
						"6.375": {
							"post": [-0.39, 1, 0.225],
							"lerp_mode": "catmullrom"
						},
						"6.4583": {
							"post": [-1, 0.25, -0.06],
							"lerp_mode": "catmullrom"
						},
						"6.5": {
							"post": [-0.625, 0.1, 0.45],
							"lerp_mode": "catmullrom"
						},
						"6.6667": {
							"post": [-1.075, 0, -0.15],
							"lerp_mode": "catmullrom"
						},
						"6.8333": {
							"post": [-1, 0, 0],
							"lerp_mode": "catmullrom"
						},
						"7.0": {
							"post": [0, 0, 0],
							"lerp_mode": "catmullrom"
						}
					}
				}
			},
			"sound_effects": {
				"0.0": {
					"effect": "tacz:victor45/victor_inspect_moveclose"
				},
				"2.2083": {
					"effect": "tacz:victor45/victor_inspect_lower"
				},
				"3.0417": {
					"effect": "iw:eraser/eraser_put_away"
				},
				"4.125": {
					"effect": "tacz:victor45/victor_inspect_raise"
				},
				"4.6667": {
					"effect": "tacz:victor45/victor_inspect_raise"
				},
				"5.9167": {
					"effect": "iw:eraser/eraser_draw"
				}
			}
		}
	}
}