{
	"format_version": "1.8.0",
	"animations": {
		"shoot": {
			"loop": true,
			"animation_length": 0.5,
			"bones": {
				"root": {
					"rotation": {
						"0.0": {
							"post": [0, 0, 0],
							"lerp_mode": "catmullrom"
						},
						"0.0333": {
							"post": [0.03516, 0, -2.11172],
							"lerp_mode": "catmullrom"
						},
						"0.0667": {
							"post": [-0.56984, 0, 1.16812],
							"lerp_mode": "catmullrom"
						},
						"0.1333": {
							"post": [-1.03906, 0, -0.96172],
							"lerp_mode": "catmullrom"
						},
						"0.2333": {
							"post": [0.19531, 0, 0.43047],
							"lerp_mode": "catmullrom"
						},
						"0.3333": {
							"post": [-0.06641, 0, -0.18828],
							"lerp_mode": "catmullrom"
						},
						"0.5": {
							"post": [0, 0, 0],
							"lerp_mode": "catmullrom"
						}
					},
					"position": {
						"0.0": {
							"post": [0, 0, 0],
							"lerp_mode": "catmullrom"
						},
						"0.0333": {
							"post": [0, -0.18, 0.93297],
							"lerp_mode": "catmullrom"
						},
						"0.0667": {
							"post": [0, -0.15234, 0.38906],
							"lerp_mode": "catmullrom"
						},
						"0.1": {
							"post": [0, -0.13, 0.04],
							"lerp_mode": "catmullrom"
						},
						"0.1667": {
							"post": [0, -0.06641, -0.10937],
							"lerp_mode": "catmullrom"
						},
						"0.2667": {
							"post": [0, 0, 0.0625],
							"lerp_mode": "catmullrom"
						},
						"0.3667": {
							"post": [0, 0, -0.02734],
							"lerp_mode": "catmullrom"
						},
						"0.4667": {
							"post": [0, 0, 0],
							"lerp_mode": "catmullrom"
						}
					}
				},
				"camera": {
					"rotation": {
						"0.0": {
							"post": [0, 0, 0],
							"lerp_mode": "catmullrom"
						},
						"0.0333": {
							"post": [0, 0, 0.425],
							"lerp_mode": "catmullrom"
						},
						"0.0667": {
							"post": [0, 0, -0.25],
							"lerp_mode": "catmullrom"
						},
						"0.1333": {
							"post": [0, 0, 0.225],
							"lerp_mode": "catmullrom"
						},
						"0.2": {
							"post": [0, 0, -0.125],
							"lerp_mode": "catmullrom"
						},
						"0.2667": {
							"post": [0, 0, 0.05],
							"lerp_mode": "catmullrom"
						},
						"0.3333": {
							"post": [0, 0, 0],
							"lerp_mode": "catmullrom"
						}
					}
				},
				"constraint": {
					"rotation": {
						"0.0": [0.08, 0.02, 0.08],
						"0.1": [0.08, 0.02, 0.08],
						"0.2333": [0, 0, 0]
					},
					"position": {
						"0.0": [0.2, 0.15, 0.4],
						"0.1": [0.2, 0.15, 0.4],
						"0.2333": [0, 0, 0]
					}
				}
			}
		},
		"static_idle": {
			"animation_length": 0.0333,
			"bones": {
				"lefthand": {
					"rotation": [92.5, 12.5, 0],
					"position": [6.8125, -9.8625, -12.1125],
					"scale": [1, 1.5, 1]
				},
				"righthand": {
					"rotation": [90, -10, 0],
					"position": [-5.8, -10, 3],
					"scale": [1, 1.5, 1]
				},
				"constraint": {
					"rotation": [0.05, 0.05, 0.05],
					"position": [0.15, 0.15, 0.5]
				}
			}
		},
		"static_bolt_caught": {
			"loop": true,
			"animation_length": 0.25,
			"bones": {
				"release": {
					"rotation": [0, -8, 0],
					"position": [0.15, 0, 0]
				},
				"chargehandle": {
					"rotation": [0, -60, 0],
					"position": [1.5, 0, 1.6875]
				}
			}
		},
		"draw": {
			"animation_length": 0.8,
			"bones": {
				"root": {
					"rotation": {
						"0.0": {
							"post": [-9.61009, -56.87057, 63.98187],
							"lerp_mode": "catmullrom"
						},
						"0.2": {
							"post": [-0.50564, -24.85404, 21.72854],
							"lerp_mode": "catmullrom"
						},
						"0.2333": {
							"post": [3.25904, -15.44766, 1.21211],
							"lerp_mode": "catmullrom"
						},
						"0.3333": {
							"post": [0, -2.40625, 0],
							"lerp_mode": "catmullrom"
						},
						"0.4": {
							"post": [0.01893, 0.98758, 1.36002],
							"lerp_mode": "catmullrom"
						},
						"0.5": {
							"post": [0.01346, -0.41108, 0.31188],
							"lerp_mode": "catmullrom"
						},
						"0.6333": {
							"post": [0, 0, 0],
							"lerp_mode": "catmullrom"
						},
						"0.8": {
							"post": [0, 0, 0],
							"lerp_mode": "catmullrom"
						}
					},
					"position": {
						"0.0": {
							"post": [0, -7.1, -0.8],
							"lerp_mode": "catmullrom"
						},
						"0.2333": {
							"post": [0.6, -1.32422, -0.8],
							"lerp_mode": "catmullrom"
						},
						"0.4": {
							"post": [0.125, -0.22031, 0.325],
							"lerp_mode": "catmullrom"
						},
						"0.5": {
							"post": [0, -0.02734, -0.125],
							"lerp_mode": "catmullrom"
						},
						"0.6333": {
							"post": [0, 0, 0],
							"lerp_mode": "catmullrom"
						},
						"0.8": {
							"post": [0, 0, 0],
							"lerp_mode": "catmullrom"
						}
					}
				},
				"lefthand": {
					"rotation": {
						"0.0": [81.0643, 8.35955, -19.22148],
						"0.3333": [90, 12.5, 0],
						"0.4": [92.5, 12.5, 0],
						"0.5": [92.5, 12.5, 0]
					},
					"position": {
						"0.0": [10.8125, -8.8625, -9.1125],
						"0.3333": [7.8125, -9.8625, -12.1125],
						"0.4": [6.8125, -9.8625, -12.1125],
						"0.5": [6.8125, -9.8625, -12.1125]
					},
					"scale": {
						"0.0": [1, 1.5, 1],
						"0.4": [1, 1.5, 1],
						"0.5": [1, 1.5, 1]
					}
				},
				"righthand": {
					"rotation": [90, -10, 0],
					"position": [-5.8, -10, 3],
					"scale": [1, 1.5, 1]
				},
				"camera": {
					"rotation": {
						"0.0": {
							"post": [0, 0, 0],
							"lerp_mode": "catmullrom"
						},
						"0.1": {
							"post": [0.8, -0.125, 0.2],
							"lerp_mode": "catmullrom"
						},
						"0.2": {
							"post": [1, -0.25, 0.5],
							"lerp_mode": "catmullrom"
						},
						"0.3": {
							"post": [0.15, -0.275, 0.625],
							"lerp_mode": "catmullrom"
						},
						"0.4": {
							"post": [0.25, -0.15, -0.225],
							"lerp_mode": "catmullrom"
						},
						"0.4667": {
							"post": [0.09, -0.08, 0.405],
							"lerp_mode": "catmullrom"
						},
						"0.5333": {
							"post": [-0.075, -0.025, -0.2],
							"lerp_mode": "catmullrom"
						},
						"0.6333": {
							"post": [0, 0, 0],
							"lerp_mode": "catmullrom"
						},
						"0.7": {
							"post": [0, 0, 0],
							"lerp_mode": "catmullrom"
						}
					}
				}
			},
			"sound_effects": {
				"0.0": {
					"effect": "tacz:victor45/victor_draw"
				}
			}
		},
		"put_away": {
			"animation_length": 0.2,
			"bones": {
				"root": {
					"rotation": {
						"0.0": {
							"post": [0, 0, 0],
							"lerp_mode": "catmullrom"
						},
						"0.0333": {
							"post": [-0.63896, -1.66012, -2.21234],
							"lerp_mode": "catmullrom"
						},
						"0.0667": {
							"post": [1.7612, -3.38433, 2.24203],
							"lerp_mode": "catmullrom"
						},
						"0.1": {
							"post": [9.68031, -6.51688, 11.76588],
							"lerp_mode": "catmullrom"
						},
						"0.1667": [18.16463, -14.24936, 3.48493]
					},
					"position": {
						"0.0": {
							"post": [0, 0, 0],
							"lerp_mode": "catmullrom"
						},
						"0.0333": {
							"post": [-0.45, -1.09, 0.28],
							"lerp_mode": "catmullrom"
						},
						"0.0667": {
							"post": [-0.87, -2.395, 0.34],
							"lerp_mode": "catmullrom"
						},
						"0.1": {
							"post": [-1.135, -4.82, 0.56],
							"lerp_mode": "catmullrom"
						},
						"0.1667": [-1.175, -9.6, 2.05]
					}
				},
				"lefthand": {
					"rotation": [92.5, 12.5, 0],
					"position": [6.8125, -9.8625, -12.1125],
					"scale": [1, 1.5, 1]
				},
				"righthand": {
					"rotation": [90, -10, 0],
					"position": [-5.8, -10, 3],
					"scale": [1, 1.5, 1]
				},
				"camera": {
					"rotation": {
						"0.0": {
							"post": [0, 0, 0],
							"lerp_mode": "catmullrom"
						},
						"0.0667": {
							"post": [0.3, 0, -0.125],
							"lerp_mode": "catmullrom"
						},
						"0.1333": {
							"post": [0.64, 0, 0.3],
							"lerp_mode": "catmullrom"
						},
						"0.2": {
							"post": [0.5, 0, 0.15],
							"lerp_mode": "catmullrom"
						},
						"0.2667": {
							"post": [0, 0, 0],
							"lerp_mode": "catmullrom"
						}
					}
				}
			},
			"sound_effects": {
				"0.0": {
					"effect": "tacz:victor45/victor_put_away"
				}
			}
		},
		"reload_tactical": {
			"animation_length": 2.5333,
			"bones": {
				"root": {
					"rotation": {
						"0.0": {
							"post": [0, 0, 0],
							"lerp_mode": "catmullrom"
						},
						"0.1": {
							"post": [-9.9798, -5.69315, -3.78492],
							"lerp_mode": "catmullrom"
						},
						"0.2667": {
							"post": [-22.64721, -22.90108, -21.45411],
							"lerp_mode": "catmullrom"
						},
						"0.4": {
							"post": [-22.78083, -23.99681, -21.41099],
							"lerp_mode": "catmullrom"
						},
						"0.4667": {
							"post": [-23.18285, -22.38797, -17.48681],
							"lerp_mode": "catmullrom"
						},
						"0.6": {
							"post": [-25.28526, -21.88253, -17.1827],
							"lerp_mode": "catmullrom"
						},
						"0.7667": {
							"post": [-24.56547, -22.82701, -21.2417],
							"lerp_mode": "catmullrom"
						},
						"0.8667": {
							"post": [-26.35801, -22.34596, -21.20416],
							"lerp_mode": "catmullrom"
						},
						"0.9667": {
							"post": [-26.52761, -22.69929, -19.539],
							"lerp_mode": "catmullrom"
						},
						"1.0667": {
							"post": [-26.24593, -23.51754, -21.31471],
							"lerp_mode": "catmullrom"
						},
						"1.1667": {
							"post": [-25.5015, -23.9375, -22.89313],
							"lerp_mode": "catmullrom"
						},
						"1.2667": {
							"post": [-23.46, -24.065, -26.635],
							"lerp_mode": "catmullrom"
						},
						"1.4": {
							"post": [-14.54539, -30.31528, -46.1261],
							"lerp_mode": "catmullrom"
						},
						"1.5333": {
							"post": [-14.13133, -30.39199, -46.43718],
							"lerp_mode": "catmullrom"
						},
						"1.6333": {
							"post": [-12.55987, -30.15229, -48.04352],
							"lerp_mode": "catmullrom"
						},
						"1.6667": {
							"post": [-14.66525, -29.57494, -42.21179],
							"lerp_mode": "catmullrom"
						},
						"1.7667": {
							"post": [-12.13925, -30.59772, -48.58451],
							"lerp_mode": "catmullrom"
						},
						"1.8667": {
							"post": [-10.12376, -24.67061, -40.79487],
							"lerp_mode": "catmullrom"
						},
						"1.9667": {
							"post": [-2.44299, -5.13489, -8.28294],
							"lerp_mode": "catmullrom"
						},
						"2.1": {
							"post": [-0.48906, -0.82, 1.005],
							"lerp_mode": "catmullrom"
						},
						"2.2": {
							"post": [0.23203, 0, -1.4],
							"lerp_mode": "catmullrom"
						},
						"2.3": {
							"post": [-0.36328, 0.125, 0.725],
							"lerp_mode": "catmullrom"
						},
						"2.4": {
							"post": [0, 0, 0],
							"lerp_mode": "catmullrom"
						},
						"2.5333": {
							"post": [0, 0, 0],
							"lerp_mode": "catmullrom"
						}
					},
					"position": {
						"0.0": {
							"post": [0, 0, 0],
							"lerp_mode": "catmullrom"
						},
						"0.1": {
							"post": [-1.08, -1.26, -0.28],
							"lerp_mode": "catmullrom"
						},
						"0.2667": {
							"post": [-2.6, -1.95, -1.1],
							"lerp_mode": "catmullrom"
						},
						"0.4": {
							"post": [-2.85, -1.775, -0.73],
							"lerp_mode": "catmullrom"
						},
						"0.5": {
							"post": [-2.85, -1.535, -0.605],
							"lerp_mode": "catmullrom"
						},
						"0.6667": {
							"post": [-2.8, -1.55, -0.7],
							"lerp_mode": "catmullrom"
						},
						"0.7667": {
							"post": [-2.8, -1.6, -0.7],
							"lerp_mode": "catmullrom"
						},
						"0.8667": {
							"post": [-2.715, -1.95, -0.65],
							"lerp_mode": "catmullrom"
						},
						"0.9667": {
							"post": [-2.945, -1.61, -0.67],
							"lerp_mode": "catmullrom"
						},
						"1.0667": {
							"post": [-2.905, -1.455, -0.69],
							"lerp_mode": "catmullrom"
						},
						"1.1667": {
							"post": [-2.83, -1.62, -0.71],
							"lerp_mode": "catmullrom"
						},
						"1.3333": {
							"post": [-2.82, -2.03, -0.7],
							"lerp_mode": "catmullrom"
						},
						"1.5": {
							"post": [-2.92, -2.155, -0.7],
							"lerp_mode": "catmullrom"
						},
						"1.6": {
							"post": [-2.895, -2.03, -0.7],
							"lerp_mode": "catmullrom"
						},
						"1.6667": {
							"post": [-2.7, -2.9, -0.5],
							"lerp_mode": "catmullrom"
						},
						"1.7333": {
							"post": [-2.9, -2.55, -0.54],
							"lerp_mode": "catmullrom"
						},
						"1.8": {
							"post": [-2.7, -2.75, -0.575],
							"lerp_mode": "catmullrom"
						},
						"1.8667": {
							"post": [-2.385, -2.665, -0.89],
							"lerp_mode": "catmullrom"
						},
						"1.9667": {
							"post": [-1.325, -2.175, -1.325],
							"lerp_mode": "catmullrom"
						},
						"2.1": {
							"post": [-0.275, -0.725, -1.25],
							"lerp_mode": "catmullrom"
						},
						"2.2": {
							"post": [0.025, -0.075, 0.2],
							"lerp_mode": "catmullrom"
						},
						"2.3": {
							"post": [0, -0.025, -0.075],
							"lerp_mode": "catmullrom"
						},
						"2.4": {
							"post": [0, 0, 0],
							"lerp_mode": "catmullrom"
						},
						"2.5333": {
							"post": [0, 0, 0],
							"lerp_mode": "catmullrom"
						}
					}
				},
				"lefthand": {
					"rotation": {
						"0.0": [92.5, 12.5, 0],
						"0.1667": [90, 30, 0],
						"0.3667": [90, 30, 0],
						"0.4667": [90, 30, 0],
						"0.5667": [90, 30, 0],
						"0.7": [90, 30, 0],
						"0.7667": [90, 30, 0],
						"1.0667": [90, 30, 0],
						"1.1667": [90, 30, 0],
						"1.6667": [90, 30, 0],
						"1.7667": [90, 30, 0],
						"1.9333": [90, 30, 0],
						"2.1": [92.5, 12.5, 0]
					},
					"position": {
						"0.0": [6.8125, -9.8625, -12.1125],
						"0.1667": [8.36, -8.67, -8.45],
						"0.2667": [8.36, -8.67, -8.45],
						"0.3667": [8.36, -8.67, -8.45],
						"0.4667": [8.36, -8.67, -8.45],
						"0.5667": [7.45, -11.27, -4.8625],
						"0.7": [6.63144, -17.05411, -3.27785],
						"0.7667": [5.63144, -17.05411, -3.27785],
						"0.8667": [6.3, -22.63, -0.06],
						"0.9667": [7.46, -31.2, 3.16],
						"1.0667": [10.63144, -38.77911, 6.38465],
						"1.1667": [10.63144, -41.77911, 7.38465],
						"1.3333": [9.28, -28.52, 3.64],
						"1.4": [8.26, -25.56, 1.94],
						"1.4333": [7.25, -24.08, 0.59],
						"1.5": [5.22, -22.12, -1.1],
						"1.5667": [5.3925, -20.56, -2.2],
						"1.6": [5.45, -20.46, -1.67],
						"1.6333": [5.51, -20.48, -1.64],
						"1.6667": [5.57, -16.505, -3.6025],
						"1.7667": [8.57, -15.505, -3.6025],
						"1.9333": [10.34, -11.44, -4.795],
						"2.1": [6.8125, -9.8625, -12.1125]
					},
					"scale": {
						"0.0": [1, 1.5, 1],
						"2.1": [1, 1.5, 1]
					}
				},
				"righthand": {
					"rotation": [90, -10, 0],
					"position": [-5.8, -10, 3],
					"scale": [1, 1.5, 1]
				},
				"constraint": {
					"rotation": {
						"0.0": [0.01, 0.02, 0.01],
						"1.9": [0.01, 0.02, 0.01],
						"2.2": [0.05, 0.05, 0.05]
					},
					"position": {
						"0.0": [0, 0.01, 0.1],
						"1.9": [0, 0.01, 0.1],
						"2.2": [0.15, 0.15, 0.5]
					}
				},
				"camera": {
					"rotation": {
						"0.0": {
							"post": [0, 0, 0],
							"lerp_mode": "catmullrom"
						},
						"0.1": {
							"post": [0.29, 0.05, -0.22],
							"lerp_mode": "catmullrom"
						},
						"0.3": {
							"post": [2.675, 0.3, -1.3],
							"lerp_mode": "catmullrom"
						},
						"0.4333": {
							"post": [2.875, 0.35, -1.51],
							"lerp_mode": "catmullrom"
						},
						"0.5": {
							"post": [3.195, 0.37, -1.43],
							"lerp_mode": "catmullrom"
						},
						"0.6": {
							"post": [3.325, 0.4, -1.725],
							"lerp_mode": "catmullrom"
						},
						"0.8": {
							"post": [2.855, 0.4, -1.9],
							"lerp_mode": "catmullrom"
						},
						"0.8667": {
							"post": [2.405, 0.4, -1.42],
							"lerp_mode": "catmullrom"
						},
						"0.9667": {
							"post": [3.025, 0.4, -2.225],
							"lerp_mode": "catmullrom"
						},
						"1.0667": {
							"post": [2.87, 0.44, -1.825],
							"lerp_mode": "catmullrom"
						},
						"1.2": {
							"post": [2.55, 0.475, -1.7],
							"lerp_mode": "catmullrom"
						},
						"1.3333": {
							"post": [2.425, 0.475, -1.6],
							"lerp_mode": "catmullrom"
						},
						"1.4667": {
							"post": [2.625, 0.49, -1.76],
							"lerp_mode": "catmullrom"
						},
						"1.5333": {
							"post": [3, 0.49, -1.61],
							"lerp_mode": "catmullrom"
						},
						"1.6": {
							"post": [2.85, 0.43, -1.79],
							"lerp_mode": "catmullrom"
						},
						"1.6667": {
							"post": [3.68, 0.4, -1.075],
							"lerp_mode": "catmullrom"
						},
						"1.7667": {
							"post": [2.675, 0.35, -2.11],
							"lerp_mode": "catmullrom"
						},
						"1.8667": {
							"post": [2.725, 0.3, -1.575],
							"lerp_mode": "catmullrom"
						},
						"2.0667": {
							"post": [0.04, 0.06, -0.4],
							"lerp_mode": "catmullrom"
						},
						"2.1333": {
							"post": [0.55, 0, 0.275],
							"lerp_mode": "catmullrom"
						},
						"2.2333": {
							"post": [-0.275, 0, -0.2],
							"lerp_mode": "catmullrom"
						},
						"2.3": {
							"post": [-0.19, 0, -0.13],
							"lerp_mode": "catmullrom"
						},
						"2.3667": {
							"post": [-0.05, 0, -0.04],
							"lerp_mode": "catmullrom"
						},
						"2.4667": {
							"post": [0, 0, 0],
							"lerp_mode": "catmullrom"
						}
					}
				},
				"mag_standard2": {
					"position": {
						"0.4667": [0, 0, 0],
						"0.5667": [0, -1.93, 0.83],
						"0.7": [0, -1.93, 0.83],
						"0.7667": [0, -1.93, 0.83],
						"0.8667": [0, -5.8, 2.5],
						"0.9667": [2.3, -14.11, 6.29],
						"1.1": [5.37792, -25.17966, 11.33189],
						"1.1667": [5.37792, -25.17966, 11.33189],
						"1.3333": [3.9, -11.4, 6.9],
						"1.4333": [1.3, -7.67, 4.97],
						"1.5": [0, -5.8, 3.5],
						"1.5667": [0, -4.82, 3.12],
						"1.6": [0, -4.66, 3.06],
						"1.6333": [0, -4.5, 3],
						"1.6667": [0, 0, 0]
					}
				}
			},
			"sound_effects": {
				"0.1667": {
					"effect": "tacz:victor45/victor_reload_raise"
				},
				"0.4667": {
					"effect": "tacz:victor45/victor_reload_magout"
				},
				"1.6": {
					"effect": "iw:karma45/wpfoly_kcrb_reload_clipin_mag2_v2"
				},
				"1.9333": {
					"effect": "iw:karma45/wpfoly_kcrb_reload_end_v2"
				}
			}
		},
		"reload_empty": {
			"animation_length": 3.3333,
			"bones": {
				"root": {
					"rotation": {
						"0.0": {
							"post": [0, 0, 0],
							"lerp_mode": "catmullrom"
						},
						"0.2": {
							"post": [-16.44, -11.85, -20.47],
							"lerp_mode": "catmullrom"
						},
						"0.2667": {
							"post": [-19.38471, -13.97991, -24.1392],
							"lerp_mode": "catmullrom"
						},
						"0.3": {
							"post": [-18.50429, -16.15142, -30.44746],
							"lerp_mode": "catmullrom"
						},
						"0.3667": {
							"post": [-19.68587, -16.00582, -30.11272],
							"lerp_mode": "catmullrom"
						},
						"0.4333": {
							"post": [-19.38471, -11.82991, -19.8642],
							"lerp_mode": "catmullrom"
						},
						"0.5": {
							"post": [-9.1521, 0.08215, 19.79557],
							"lerp_mode": "catmullrom"
						},
						"0.6": {
							"post": [-9.29487, -0.07472, -2.41008],
							"lerp_mode": "catmullrom"
						},
						"0.7": {
							"post": [-19.73408, -0.23906, -0.7848],
							"lerp_mode": "catmullrom"
						},
						"0.8667": {
							"post": [-16.96821, -16.71444, -24.80076],
							"lerp_mode": "catmullrom"
						},
						"0.9667": {
							"post": [-13.94057, -31.46872, -42.62368],
							"lerp_mode": "catmullrom"
						},
						"1.0667": {
							"post": [-16.45968, -31.28289, -40.21024],
							"lerp_mode": "catmullrom"
						},
						"1.1667": {
							"post": [-13.68515, -31.95261, -44.12631],
							"lerp_mode": "catmullrom"
						},
						"1.2333": {
							"post": [-14.68, -31.16, -41.21],
							"lerp_mode": "catmullrom"
						},
						"1.3667": {
							"post": [-14.68, -31.16, -41.21],
							"lerp_mode": "catmullrom"
						},
						"1.7": {
							"post": [-13.68515, -31.95261, -44.12631],
							"lerp_mode": "catmullrom"
						},
						"1.7667": {
							"post": [-14.68, -31.16, -41.21],
							"lerp_mode": "catmullrom"
						},
						"1.9333": {
							"post": [-14.68, -31.16, -41.21],
							"lerp_mode": "catmullrom"
						},
						"2.0": {
							"post": [-14.68, -31.16, -41.21],
							"lerp_mode": "catmullrom"
						},
						"2.1333": {
							"post": [-20.47346, -11.7359, -7.09728],
							"lerp_mode": "catmullrom"
						},
						"2.2333": {
							"post": [-21.86, -11, -6.39],
							"lerp_mode": "catmullrom"
						},
						"2.3333": {
							"post": [-24.00347, -8.98312, -0.98896],
							"lerp_mode": "catmullrom"
						},
						"2.5": {
							"post": [-23.65332, -7.7245, 6.55394],
							"lerp_mode": "catmullrom"
						},
						"2.6": {
							"post": [-25.49462, -8.11562, -1.86873],
							"lerp_mode": "catmullrom"
						},
						"2.6333": {
							"post": [-25.28893, -5.29831, 2.76828],
							"lerp_mode": "catmullrom"
						},
						"2.7333": {
							"post": [-22.70268, -11.52319, -8.82414],
							"lerp_mode": "catmullrom"
						},
						"2.9": {
							"post": [0, 0, -4.275],
							"lerp_mode": "catmullrom"
						},
						"3.0": {
							"post": [1.2, 1.34, 2.655],
							"lerp_mode": "catmullrom"
						},
						"3.0667": {
							"post": [0, 0, -1.02109],
							"lerp_mode": "catmullrom"
						},
						"3.1667": {
							"post": [-0.02, -0.02, 0.10891],
							"lerp_mode": "catmullrom"
						},
						"3.3333": {
							"post": [0, 0, 0],
							"lerp_mode": "catmullrom"
						}
					},
					"position": {
						"0.0": {
							"post": [0, 0, 0],
							"lerp_mode": "catmullrom"
						},
						"0.1": {
							"post": [-0.36, -1.06, -0.16],
							"lerp_mode": "catmullrom"
						},
						"0.2667": {
							"post": [-0.9, -0.9, -0.4],
							"lerp_mode": "catmullrom"
						},
						"0.4333": {
							"post": [-0.9, -0.9, -0.4],
							"lerp_mode": "catmullrom"
						},
						"0.5": {
							"post": [-3.04, -1.22, -0.4],
							"lerp_mode": "catmullrom"
						},
						"0.5667": {
							"post": [-3.7, -1.85, -0.4],
							"lerp_mode": "catmullrom"
						},
						"0.7": {
							"post": [-3.85, -2.75, -0.4],
							"lerp_mode": "catmullrom"
						},
						"0.8667": {
							"post": [-2.78, -1.885, -0.4],
							"lerp_mode": "catmullrom"
						},
						"1.0": {
							"post": [-2.05, -1.075, -0.4],
							"lerp_mode": "catmullrom"
						},
						"1.1667": {
							"post": [-2.24, -1.24, -0.4],
							"lerp_mode": "catmullrom"
						},
						"1.2667": {
							"post": [-2.275, -1.325, -0.4],
							"lerp_mode": "catmullrom"
						},
						"1.3": {
							"post": [-1.675, -1.85, -0.4],
							"lerp_mode": "catmullrom"
						},
						"1.3667": {
							"post": [-1.85, -1.675, -0.4],
							"lerp_mode": "catmullrom"
						},
						"1.7": {
							"post": [-2.24, -1.24, -0.4],
							"lerp_mode": "catmullrom"
						},
						"1.8333": {
							"post": [-2.275, -1.325, -0.4],
							"lerp_mode": "catmullrom"
						},
						"1.8667": {
							"post": [-1.675, -1.85, -0.4],
							"lerp_mode": "catmullrom"
						},
						"1.9333": {
							"post": [-1.85, -1.675, -0.4],
							"lerp_mode": "catmullrom"
						},
						"2.0": {
							"post": [-1.85, -1.675, -0.4],
							"lerp_mode": "catmullrom"
						},
						"2.1333": {
							"post": [-1.345, -3.52, 0.325],
							"lerp_mode": "catmullrom"
						},
						"2.3333": {
							"post": [-1.34, -3.795, 0.33],
							"lerp_mode": "catmullrom"
						},
						"2.5": {
							"post": [-1.39, -3.945, 0.33],
							"lerp_mode": "catmullrom"
						},
						"2.6": {
							"post": [-1.54, -3.715, 0.33],
							"lerp_mode": "catmullrom"
						},
						"2.6333": {
							"post": [-1.415, -3.445, -0.195],
							"lerp_mode": "catmullrom"
						},
						"2.7333": {
							"post": [-0.74, -4.12, 0.04],
							"lerp_mode": "catmullrom"
						},
						"2.9": {
							"post": [0, -1.175, -1.3],
							"lerp_mode": "catmullrom"
						},
						"3.0": {
							"post": [0, -0.075, 0.625],
							"lerp_mode": "catmullrom"
						},
						"3.1333": {
							"post": [0, -0.05, -0.1],
							"lerp_mode": "catmullrom"
						},
						"3.2333": {
							"post": [0, 0, -0.03],
							"lerp_mode": "catmullrom"
						},
						"3.3333": {
							"post": [0, 0, 0],
							"lerp_mode": "catmullrom"
						}
					}
				},
				"lefthand": {
					"rotation": {
						"0.0": [92.5, 12.5, 0],
						"0.1667": [92.5, 12.5, 0],
						"0.3667": [92.5, 12.5, 0],
						"0.4667": [92.5, 12.5, 0],
						"0.5": [92.5, 12.5, 0],
						"0.9": [92.5, 12.5, 0],
						"1.0": [92.5, 12.5, 0],
						"1.1": [92.5, 12.5, 0],
						"1.2333": [92.5, 12.5, 0],
						"1.3": [92.5, 12.5, 0],
						"1.4": [92.5, 12.5, 0],
						"1.7333": [92.5, 12.5, 0],
						"1.8": [92.5, 12.5, 0],
						"1.9": [92.5, 12.5, 0],
						"1.9667": [92.5, 12.5, 0],
						"2.0667": [92.5, 12.5, 0],
						"2.1333": [92.5, 12.5, 0],
						"2.1667": [92.5, 12.5, 0],
						"2.2667": [92.5, 12.5, 0],
						"2.3": [92.5, 12.5, 0],
						"2.4333": [92.5, 12.5, 0],
						"2.5667": [92.5, 12.5, 0],
						"2.6667": [92.5, 12.5, 0],
						"2.8667": [92.5, 12.5, 0],
						"2.9667": [92.5, 12.5, 0]
					},
					"position": {
						"0.0": [6.8125, -9.8625, -12.1125],
						"0.1667": [9, -10.6, -0.5],
						"0.2667": [8.7, -10.6, -0.5],
						"0.3667": [8.7, -10.6, -1.5],
						"0.4667": [9.8057, -20.67024, 4.00704],
						"0.5": [23.18119, -11.59832, 4.17681],
						"0.6667": [25.14568, -10.66387, 19.6011],
						"0.9": [8.90269, -21.4484, 2.76378],
						"1.0": [6.84837, -19.54474, -1.37165],
						"1.1": [6.85, -19.1, -2.51],
						"1.2333": [5.84837, -17.60724, -2.93415],
						"1.3": [6.63, -17.47, -3.6],
						"1.4": [6.63, -17.47, -3.6],
						"1.7333": [5.77769, -20.9484, 2.76378],
						"1.8": [5.78587, -18.85724, 1.12835],
						"1.9": [6.84837, -15.91974, -1.18415],
						"1.9667": [6.85, -15.67, -4.305],
						"2.1667": [9.6, -11.765, -5.905],
						"2.2667": [10.55, -5.595, -6.53],
						"2.3": [10.55, -5.595, -6.53],
						"2.3667": [10.55, -5.595, -6.53],
						"2.4333": [8.46445, -10.83017, -1.41332],
						"2.5": [8.46445, -10.83017, -9.41332],
						"2.5667": [7.46445, -10.83017, -10.41332],
						"2.6667": [5.8125, -9.8625, -12.1125],
						"2.8667": [6.8125, -9.8625, -12.1125],
						"2.9667": [6.8125, -9.8625, -12.1125]
					},
					"scale": {
						"0.0": [1, 1.5, 1],
						"2.9667": [1, 1.5, 1]
					}
				},
				"righthand": {
					"rotation": [90, -10, 0],
					"position": [-5.8, -10, 3],
					"scale": [1, 1.5, 1]
				},
				"release": {
					"rotation": {
						"0.0": [0, -8, 0],
						"1.8667": [0, -8, 0],
						"1.9": [0, 0, 0]
					},
					"position": {
						"0.0": [0.15, 0, 0],
						"1.8667": [0.15, 0, 0],
						"1.9": [0, 0, 0]
					}
				},
				"camera": {
					"rotation": {
						"0.0": {
							"post": [0, 0, 0],
							"lerp_mode": "catmullrom"
						},
						"0.2667": {
							"post": [2.425, 0.85, -0.675],
							"lerp_mode": "catmullrom"
						},
						"0.4333": {
							"post": [2.895, 0.125, -1.275],
							"lerp_mode": "catmullrom"
						},
						"0.5667": {
							"post": [5.365, 1.075, -0.05],
							"lerp_mode": "catmullrom"
						},
						"0.7667": {
							"post": [4.385, 0.375, 0.55],
							"lerp_mode": "catmullrom"
						},
						"0.9667": {
							"post": [1.96, 0.275, -1.275],
							"lerp_mode": "catmullrom"
						},
						"1.2": {
							"post": [1.62, 1.1, -0.7],
							"lerp_mode": "catmullrom"
						},
						"1.2667": {
							"post": [2.97, 0.725, -0.05],
							"lerp_mode": "catmullrom"
						},
						"1.3667": {
							"post": [2.565, 0.48, -0.985],
							"lerp_mode": "catmullrom"
						},
						"1.4667": {
							"post": [2.89, 0.78, -0.96],
							"lerp_mode": "catmullrom"
						},
						"1.5667": {
							"post": [1.96, 0.275, -1.275],
							"lerp_mode": "catmullrom"
						},
						"1.8": {
							"post": [1.62, 1.1, -0.7],
							"lerp_mode": "catmullrom"
						},
						"1.8667": {
							"post": [2.97, 0.725, -0.05],
							"lerp_mode": "catmullrom"
						},
						"1.9667": {
							"post": [2.565, 0.48, -0.985],
							"lerp_mode": "catmullrom"
						},
						"2.0667": {
							"post": [2.89, 0.78, -0.96],
							"lerp_mode": "catmullrom"
						},
						"2.1667": {
							"post": [3.015, 0.9, -1.95],
							"lerp_mode": "catmullrom"
						},
						"2.3": {
							"post": [3.295, 1.18, -1.91],
							"lerp_mode": "catmullrom"
						},
						"2.4": {
							"post": [2.8, 1.105, -2.3],
							"lerp_mode": "catmullrom"
						},
						"2.4667": {
							"post": [2.86, 1.15, -2.3],
							"lerp_mode": "catmullrom"
						},
						"2.5333": {
							"post": [2.72, 0.925, -1.95],
							"lerp_mode": "catmullrom"
						},
						"2.6": {
							"post": [3.645, 0.925, -2.525],
							"lerp_mode": "catmullrom"
						},
						"2.7": {
							"post": [2.775, 0.675, -0.605],
							"lerp_mode": "catmullrom"
						},
						"2.8": {
							"post": [2.125, -0.05, -0.55],
							"lerp_mode": "catmullrom"
						},
						"2.9333": {
							"post": [0.25, 0, 0.35],
							"lerp_mode": "catmullrom"
						},
						"3.0": {
							"post": [0.725, 0, -0.275],
							"lerp_mode": "catmullrom"
						},
						"3.1": {
							"post": [0, 0, 0.125],
							"lerp_mode": "catmullrom"
						},
						"3.2": {
							"post": [-0.05, 0, 0.09],
							"lerp_mode": "catmullrom"
						},
						"3.3333": {
							"post": [0, 0, 0],
							"lerp_mode": "catmullrom"
						}
					}
				},
				"constraint": {
					"rotation": {
						"0.0": [0.01, 0.02, 0.01],
						"2.1667": [0.01, 0.02, 0.01],
						"2.4667": [0.05, 0.05, 0.05]
					},
					"position": {
						"0.0": [0, 0.01, 0.1],
						"2.1667": [0, 0.01, 0.1],
						"2.4667": [0.15, 0.15, 0.5]
					}
				},
				"mag_standard2": {
					"rotation": {
						"0.2667": [0, 0, 0],
						"0.4667": [0, 0, 0],
						"0.5667": [0, 0, 0],
						"0.6667": [70.5392, 8.04932, 21.6175],
						"1.3": [70.5392, 8.04932, 21.6175],
						"1.4333": [11.76, 1.34, 3.6],
						"1.5333": [-0.944, 0.804, 2.16],
						"1.7667": [0, 0, 0],
						"1.8667": [0, 0, 0]
					},
					"position": {
						"0.2667": [0, 0, 0],
						"0.3667": [0, -1.15, 0.425],
						"0.4667": [0, -1.15, 0.425],
						"0.5667": [0, -5.1, 2.1],
						"0.6667": [0, -14.1, 6.2],
						"1.3": [0, -14.1, 7.2],
						"1.4667": [0, -6.1, 3.53],
						"1.7333": [0, -6.1, 3.53],
						"1.7667": [0, -4.5, 2.8],
						"1.8667": [0, 0, 0]
					}
				},
				"mag_standard1": {
					"rotation": {
						"0.2667": [0, 0, 0],
						"0.4667": [0, 0, 0],
						"0.5667": [0, 0, 0],
						"0.6667": [70.5392, 8.04932, 21.6175],
						"0.9": [70.5392, 8.04932, 21.6175],
						"1.0": [11.76, 1.34, 3.6],
						"1.1333": [-0.944, 0.804, 2.16],
						"1.3": [0, 0, 0]
					},
					"position": {
						"0.2667": [0, 0, 0],
						"0.3667": [0, -1.15, 0.425],
						"0.4667": [0, -1.15, 0.425],
						"0.5667": [0, -5.1, 2.1],
						"0.6667": [0, -14.1, 6.2],
						"0.9": [0, -14.1, 6.2],
						"1.0": [0, -4.1, 3.3],
						"1.1333": [0, -4.1, 2.3],
						"1.3": [0, 0, 0]
					}
				},
				"chargehandle": {
					"rotation": {
						"2.3667": [0, -60, 0],
						"2.4333": [0, 0, 0]
					},
					"position": {
						"2.3667": [1.5, 0, 1.6875],
						"2.4333": [0, 0, 0]
					}
				}
			},
			"sound_effects": {
				"0.0": {
					"effect": "tacz:victor45/victor_reload_empty_raise"
				},
				"0.3": {
					"effect": "tacz:victor45/victor_reload_empty_shake"
				},
				"0.4667": {
					"effect": "tacz:victor45/victor_reload_empty_magout"
				},
				"1.1667": {
					"effect": "iw:karma45/wpfoly_kcrb_reload_clipin_mag1_v2"
				},
				"1.8": {
					"effect": "iw:karma45/wpfoly_kcrb_reload_clipin_mag2_v2"
				},
				"2.1": {
					"effect": "tacz:victor45/victor_reload_empty_rattle"
				},
				"2.3333": {
					"effect": "iw:karma45/wpfoly_kcrb_reload_chamber_v2"
				},
				"2.6": {
					"effect": "iw:karma45/wpfoly_kcrb_reload_end_v2"
				}
			}
		},
		"inspect": {
			"animation_length": 5.45,
			"bones": {
				"root": {
					"rotation": {
						"0.0": [0, 0, 0],
						"0.05": [-5.79, 0.13, 1.95],
						"0.15": [-17.59, -10.78, -12.86],
						"0.25": [-25.6, -24.52, -35.41],
						"0.3": [-27.59976, -27.22756, -41.19159],
						"0.35": [-29.18247, -28.58725, -44.21775],
						"0.4": [-31.13848, -27.68974, -42.19082],
						"0.5": [-30.66598, -28.14222, -43.20004],
						"0.6": [-31.42, -28.14, -43.2],
						"0.7": [-32.01, -27.44, -41.92],
						"0.9": [-31.74, -28, -42.94],
						"1.0": [-31.76, -28.22, -43.36],
						"1.5": [-31.20393, -28.6466, -44.18009],
						"1.55": [-29.85, -30.65, -48.19],
						"1.65": [-29.18045, -31.65513, -50.18764],
						"1.8": [-29.71221, -31.16351, -49.16731],
						"1.95": [-29.71, -31.16, -49.17],
						"2.2": [-29.1733, -31.63628, -50.20015],
						"2.3": [-28.77, -30.86, -48.82],
						"2.4": [-27.89, -26.22, -40.22],
						"2.45": [-26.12, -16.94, -23.01],
						"2.5": [-27.22851, -1.49811, 6.49643],
						"2.65": [-27.64133, 24.07175, 55.7761],
						"2.8": [-27.55942, 24.18741, 56.01913],
						"2.9": [-26.63512, 25.213, 58.2211],
						"3.1": [-27.05095, 24.76144, 57.23672],
						"3.3": [-27.18, 24.27, 56.94],
						"3.5": [-27.3, 24.11, 56.64],
						"3.75": [-27.43825, 24.30227, 56.26287],
						"3.85": [-27.13612, 27.9047, 59.22256],
						"4.05": [-27.60586, 27.4605, 58.21082],
						"4.35": [-27.25, 27.82, 58.99],
						"4.55": [-27.1, 27.74, 59.31],
						"4.7": [-26.95, 27.21, 59.62],
						"5.0": [9.41515, -1.03643, 9.2118],
						"5.1": [1.9612, -0.55625, 7.98076],
						"5.15": [0.66898, -0.48139, 1.31942],
						"5.25": [-1.00521, -0.46117, 2.73757],
						"5.4": [0, 0, 0]
					},
					"position": {
						"0.0": [0, 0, 0],
						"0.1": [-0.07, 0.63, 0],
						"0.15": [-0.13, 1, 0],
						"0.25": [-0.51, 1.07, -3],
						"0.35": {
							"pre": [-0.8, 0.9, -3],
							"post": [-0.8, 0.9, -3],
							"lerp_mode": "catmullrom"
						},
						"0.45": {
							"post": [-1, 0.5, -3],
							"lerp_mode": "catmullrom"
						},
						"0.55": {
							"post": [-1, 0.225, -3],
							"lerp_mode": "catmullrom"
						},
						"0.65": {
							"post": [-1, 0.295, -3],
							"lerp_mode": "catmullrom"
						},
						"0.75": {
							"post": [-1, 0.48, -3],
							"lerp_mode": "catmullrom"
						},
						"0.85": {
							"post": [-1, 0.68, -3],
							"lerp_mode": "catmullrom"
						},
						"1.0": [-1, 0.77, -3],
						"1.25": [-1, 0.715, -3],
						"1.5": [-1, 0.5, -3],
						"1.6": {
							"pre": [-1, 0.5, -3],
							"post": [-1, 0.5, -3],
							"lerp_mode": "catmullrom"
						},
						"1.95": {
							"post": [-1, 0.715, -3],
							"lerp_mode": "catmullrom"
						},
						"2.05": {
							"post": [-1, 0.9, -3],
							"lerp_mode": "catmullrom"
						},
						"2.25": [-1, 0.9, -3],
						"2.35": [-0.91, 0.43, -3],
						"2.45": [0.05, -0.65, -3],
						"2.6": [1.85, -0.9, -3],
						"2.75": {
							"pre": [2.5, -0.3, -3],
							"post": [2.5, -0.3, -3],
							"lerp_mode": "catmullrom"
						},
						"2.85": {
							"post": [2.5, -0.075, -3.1],
							"lerp_mode": "catmullrom"
						},
						"3.0": {
							"post": [2.5, 0.06, -3.1],
							"lerp_mode": "catmullrom"
						},
						"3.2": {
							"post": [2.5, 0.02, -3.1],
							"lerp_mode": "catmullrom"
						},
						"3.75": [2.5, 0, -3.1],
						"3.95": [2.5, 0.225, -3.1],
						"4.35": [2.5, 0.38, -3.1],
						"4.7": [2.5, 0.445, -3.1],
						"4.95": [1.25, -1.15, 0.95],
						"5.1": [0, -0.5, -0.8],
						"5.2": [0, 0, 0.62],
						"5.3": [0, -0.2, -0.17],
						"5.45": [0, 0, 0]
					}
				},
				"lefthand": {
					"rotation": {
						"0.0": [92.5, 12.5, 0],
						"0.3": [97.60229, -50.98159, -172.85145],
						"0.4": [97.6, -50.98, -172.85],
						"2.35": [97.6, -50.98, -172.85],
						"2.6": [92.5, 12.5, 0],
						"4.7": [92.5, 12.5, 0],
						"5.0": [92.5, 12.5, 0]
					},
					"position": {
						"0.0": [6.8125, -9.8625, -12.1125],
						"0.1": {
							"pre": [12.19929, -21.32931, -5.16257],
							"post": [12.19929, -21.32931, -5.16257],
							"lerp_mode": "catmullrom"
						},
						"0.2": {
							"post": [13.53031, -32.66631, 9.36009],
							"lerp_mode": "catmullrom"
						},
						"0.3": {
							"post": [14.47738, -36.79537, 21.17153],
							"lerp_mode": "catmullrom"
						},
						"0.4": [1.5, -46.2, 15.5],
						"2.35": [1.5, -46.2, 15.5],
						"2.6": [7.8125, -9.8625, -12.1125],
						"4.7": [7.8125, -9.8625, -12.1125],
						"5.0": [6.8125, -9.8625, -12.1125]
					},
					"scale": {
						"0.0": [1, 1.5, 1],
						"5.0": [1, 1.5, 1]
					}
				},
				"righthand": {
					"rotation": {
						"0.0": [90, -10, 0],
						"5.1": [90, -10, 0]
					},
					"position": {
						"0.0": [-5.8, -10, 3],
						"5.1": [-5.8, -10, 3]
					},
					"scale": {
						"0.0": [1, 1.5, 1],
						"5.1": [1, 1.5, 1]
					}
				},
				"camera": {
					"rotation": {
						"0.0": {
							"post": [0, 0, 0],
							"lerp_mode": "catmullrom"
						},
						"0.1": {
							"post": [2.38, 1.14, 0],
							"lerp_mode": "catmullrom"
						},
						"0.2": {
							"post": [2.43, 2.29, 0],
							"lerp_mode": "catmullrom"
						},
						"0.3": {
							"post": [1.29, 2.86, 0],
							"lerp_mode": "catmullrom"
						},
						"0.4": {
							"post": [-1, 4, 0],
							"lerp_mode": "catmullrom"
						},
						"0.6": {
							"post": [-2.00275, 4.99939, -0.03503],
							"lerp_mode": "catmullrom"
						},
						"0.9": {
							"post": [-1.25, 5, -0.04],
							"lerp_mode": "catmullrom"
						},
						"1.2": {
							"post": [-1.53, 5.54, -0.05],
							"lerp_mode": "catmullrom"
						},
						"1.4": {
							"post": [-1.9, 5.77, -0.05],
							"lerp_mode": "catmullrom"
						},
						"1.7": {
							"post": [-2.6, 6, -0.05],
							"lerp_mode": "catmullrom"
						},
						"1.9": {
							"post": [-2.45, 6, -0.05],
							"lerp_mode": "catmullrom"
						},
						"2.1": {
							"post": [-2.62, 6, -0.05],
							"lerp_mode": "catmullrom"
						},
						"2.25": {
							"post": [-3, 6, -0.05],
							"lerp_mode": "catmullrom"
						},
						"2.4": {
							"post": [-0.74, 3.75, 0.02],
							"lerp_mode": "catmullrom"
						},
						"2.5": {
							"post": [0.26, 2.75, 0.06],
							"lerp_mode": "catmullrom"
						},
						"2.6": {
							"post": [0.76, 2.25, 0.08],
							"lerp_mode": "catmullrom"
						},
						"2.8": {
							"post": [1.76, 1.75, 0.08],
							"lerp_mode": "catmullrom"
						},
						"2.9": {
							"post": [1.47, 1.75, 0.08],
							"lerp_mode": "catmullrom"
						},
						"3.0": {
							"post": [1.4, 1.75, 0.08],
							"lerp_mode": "catmullrom"
						},
						"3.15": {
							"post": [1.32, 1.75, 0.08],
							"lerp_mode": "catmullrom"
						},
						"3.35": {
							"post": [1.06, 1.75, 0.08],
							"lerp_mode": "catmullrom"
						},
						"3.7": {
							"post": [0.36, 1.75, 0.08],
							"lerp_mode": "catmullrom"
						},
						"3.8": {
							"post": [0.04, 1.75, 0.08],
							"lerp_mode": "catmullrom"
						},
						"3.9": {
							"post": [-0.41, 1.75, 0.08],
							"lerp_mode": "catmullrom"
						},
						"4.05": {
							"post": [-0.82, 1.75, 0.08],
							"lerp_mode": "catmullrom"
						},
						"4.4": {
							"post": [-0.77, 1.75, 0.08],
							"lerp_mode": "catmullrom"
						},
						"4.6": {
							"post": [-0.75, 1.75, 0.08],
							"lerp_mode": "catmullrom"
						},
						"5.0": {
							"post": [1.91, 0.55, 0.35],
							"lerp_mode": "catmullrom"
						},
						"5.15": {
							"post": [-1, 0, 0],
							"lerp_mode": "catmullrom"
						},
						"5.25": {
							"post": [0.4, 0, 0],
							"lerp_mode": "catmullrom"
						},
						"5.4": {
							"post": [0, 0, 0],
							"lerp_mode": "catmullrom"
						}
					}
				}
			},
			"sound_effects": {
				"0.15": {
					"effect": "tacz:victor45/victor_inspect_raise"
				},
				"1.0": {
					"effect": "tacz:victor45/victor_inspect_moveclose"
				},
				"1.5": {
					"effect": "tacz:victor45/victor_inspect_lower"
				},
				"2.4": {
					"effect": "tacz:victor45/victor_inspect_rotate"
				},
				"3.75": {
					"effect": "tacz:victor45/victor_inspect_lower"
				},
				"4.55": {
					"effect": "tacz:victor45/victor_inspect_end"
				}
			}
		},
		"inspect_empty": {
			"animation_length": 5.45,
			"bones": {
				"root": {
					"rotation": {
						"0.0": [0, 0, 0],
						"0.05": [-5.79, 0.13, 1.95],
						"0.15": [-17.59, -10.78, -12.86],
						"0.25": [-25.6, -24.52, -35.41],
						"0.3": [-27.59976, -27.22756, -41.19159],
						"0.35": [-29.18247, -28.58725, -44.21775],
						"0.4": [-31.13848, -27.68974, -42.19082],
						"0.5": [-30.66598, -28.14222, -43.20004],
						"0.6": [-31.42, -28.14, -43.2],
						"0.7": [-32.01, -27.44, -41.92],
						"0.9": [-31.74, -28, -42.94],
						"1.0": [-31.76, -28.22, -43.36],
						"1.5": [-31.20393, -28.6466, -44.18009],
						"1.55": [-29.85, -30.65, -48.19],
						"1.65": [-29.18045, -31.65513, -50.18764],
						"1.8": [-29.71221, -31.16351, -49.16731],
						"1.95": [-29.71, -31.16, -49.17],
						"2.2": [-29.1733, -31.63628, -50.20015],
						"2.3": [-28.77, -30.86, -48.82],
						"2.4": [-27.89, -26.22, -40.22],
						"2.45": [-26.12, -16.94, -23.01],
						"2.5": [-27.22851, -1.49811, 6.49643],
						"2.65": [-27.64133, 24.07175, 55.7761],
						"2.8": [-27.55942, 24.18741, 56.01913],
						"2.9": [-26.63512, 25.213, 58.2211],
						"3.1": [-27.05095, 24.76144, 57.23672],
						"3.3": [-27.18, 24.27, 56.94],
						"3.5": [-27.3, 24.11, 56.64],
						"3.75": [-27.43825, 24.30227, 56.26287],
						"3.85": [-27.13612, 27.9047, 59.22256],
						"4.05": [-27.60586, 27.4605, 58.21082],
						"4.35": [-27.25, 27.82, 58.99],
						"4.55": [-27.1, 27.74, 59.31],
						"4.7": [-26.95, 27.21, 59.62],
						"5.0": [9.41515, -1.03643, 9.2118],
						"5.1": [1.9612, -0.55625, 7.98076],
						"5.15": [0.66898, -0.48139, 1.31942],
						"5.25": [-1.00521, -0.46117, 2.73757],
						"5.4": [0, 0, 0]
					},
					"position": {
						"0.0": [0, 0, 0],
						"0.1": [-0.07, 0.63, 0],
						"0.15": [-0.13, 1, 0],
						"0.25": [-0.51, 1.07, -3],
						"0.35": {
							"pre": [-0.8, 0.9, -3],
							"post": [-0.8, 0.9, -3],
							"lerp_mode": "catmullrom"
						},
						"0.45": {
							"post": [-1, 0.5, -3],
							"lerp_mode": "catmullrom"
						},
						"0.55": {
							"post": [-1, 0.225, -3],
							"lerp_mode": "catmullrom"
						},
						"0.65": {
							"post": [-1, 0.295, -3],
							"lerp_mode": "catmullrom"
						},
						"0.75": {
							"post": [-1, 0.48, -3],
							"lerp_mode": "catmullrom"
						},
						"0.85": {
							"post": [-1, 0.68, -3],
							"lerp_mode": "catmullrom"
						},
						"1.0": [-1, 0.77, -3],
						"1.25": [-1, 0.715, -3],
						"1.5": [-1, 0.5, -3],
						"1.6": {
							"pre": [-1, 0.5, -3],
							"post": [-1, 0.5, -3],
							"lerp_mode": "catmullrom"
						},
						"1.95": {
							"post": [-1, 0.715, -3],
							"lerp_mode": "catmullrom"
						},
						"2.05": {
							"post": [-1, 0.9, -3],
							"lerp_mode": "catmullrom"
						},
						"2.25": [-1, 0.9, -3],
						"2.35": [-0.91, 0.43, -3],
						"2.45": [0.05, -0.65, -3],
						"2.6": [1.85, -0.9, -3],
						"2.75": {
							"pre": [2.5, -0.3, -3],
							"post": [2.5, -0.3, -3],
							"lerp_mode": "catmullrom"
						},
						"2.85": {
							"post": [2.5, -0.075, -3.1],
							"lerp_mode": "catmullrom"
						},
						"3.0": {
							"post": [2.5, 0.06, -3.1],
							"lerp_mode": "catmullrom"
						},
						"3.2": {
							"post": [2.5, 0.02, -3.1],
							"lerp_mode": "catmullrom"
						},
						"3.75": [2.5, 0, -3.1],
						"3.95": [2.5, 0.225, -3.1],
						"4.35": [2.5, 0.38, -3.1],
						"4.7": [2.5, 0.445, -3.1],
						"4.95": [1.25, -1.15, 0.95],
						"5.1": [0, -0.5, -0.8],
						"5.2": [0, 0, 0.62],
						"5.3": [0, -0.2, -0.17],
						"5.45": [0, 0, 0]
					}
				},
				"lefthand": {
					"rotation": {
						"0.0": [92.5, 12.5, 0],
						"0.3": [97.60229, -50.98159, -172.85145],
						"0.4": [97.6, -50.98, -172.85],
						"2.35": [97.6, -50.98, -172.85],
						"2.6": [92.5, 12.5, 0],
						"4.7": [92.5, 12.5, 0],
						"5.0": [92.5, 12.5, 0]
					},
					"position": {
						"0.0": [6.8125, -9.8625, -12.1125],
						"0.1": {
							"pre": [12.19929, -21.32931, -5.16257],
							"post": [12.19929, -21.32931, -5.16257],
							"lerp_mode": "catmullrom"
						},
						"0.2": {
							"post": [13.53031, -32.66631, 9.36009],
							"lerp_mode": "catmullrom"
						},
						"0.3": {
							"post": [14.47738, -36.79537, 21.17153],
							"lerp_mode": "catmullrom"
						},
						"0.4": [1.5, -46.2, 15.5],
						"2.35": [1.5, -46.2, 15.5],
						"2.6": [7.8125, -9.8625, -12.1125],
						"4.7": [7.8125, -9.8625, -12.1125],
						"5.0": [6.8125, -9.8625, -12.1125]
					},
					"scale": {
						"0.0": [1, 1.5, 1],
						"5.0": [1, 1.5, 1]
					}
				},
				"righthand": {
					"rotation": {
						"0.0": [90, -10, 0],
						"5.1": [90, -10, 0]
					},
					"position": {
						"0.0": [-5.8, -10, 3],
						"5.1": [-5.8, -10, 3]
					},
					"scale": {
						"0.0": [1, 1.5, 1],
						"5.1": [1, 1.5, 1]
					}
				},
				"camera": {
					"rotation": {
						"0.0": {
							"post": [0, 0, 0],
							"lerp_mode": "catmullrom"
						},
						"0.1": {
							"post": [2.38, 1.14, 0],
							"lerp_mode": "catmullrom"
						},
						"0.2": {
							"post": [2.43, 2.29, 0],
							"lerp_mode": "catmullrom"
						},
						"0.3": {
							"post": [1.29, 2.86, 0],
							"lerp_mode": "catmullrom"
						},
						"0.4": {
							"post": [-1, 4, 0],
							"lerp_mode": "catmullrom"
						},
						"0.6": {
							"post": [-2.00275, 4.99939, -0.03503],
							"lerp_mode": "catmullrom"
						},
						"0.9": {
							"post": [-1.25, 5, -0.04],
							"lerp_mode": "catmullrom"
						},
						"1.2": {
							"post": [-1.53, 5.54, -0.05],
							"lerp_mode": "catmullrom"
						},
						"1.4": {
							"post": [-1.9, 5.77, -0.05],
							"lerp_mode": "catmullrom"
						},
						"1.7": {
							"post": [-2.6, 6, -0.05],
							"lerp_mode": "catmullrom"
						},
						"1.9": {
							"post": [-2.45, 6, -0.05],
							"lerp_mode": "catmullrom"
						},
						"2.1": {
							"post": [-2.62, 6, -0.05],
							"lerp_mode": "catmullrom"
						},
						"2.25": {
							"post": [-3, 6, -0.05],
							"lerp_mode": "catmullrom"
						},
						"2.4": {
							"post": [-0.74, 3.75, 0.02],
							"lerp_mode": "catmullrom"
						},
						"2.5": {
							"post": [0.26, 2.75, 0.06],
							"lerp_mode": "catmullrom"
						},
						"2.6": {
							"post": [0.76, 2.25, 0.08],
							"lerp_mode": "catmullrom"
						},
						"2.8": {
							"post": [1.76, 1.75, 0.08],
							"lerp_mode": "catmullrom"
						},
						"2.9": {
							"post": [1.47, 1.75, 0.08],
							"lerp_mode": "catmullrom"
						},
						"3.0": {
							"post": [1.4, 1.75, 0.08],
							"lerp_mode": "catmullrom"
						},
						"3.15": {
							"post": [1.32, 1.75, 0.08],
							"lerp_mode": "catmullrom"
						},
						"3.35": {
							"post": [1.06, 1.75, 0.08],
							"lerp_mode": "catmullrom"
						},
						"3.7": {
							"post": [0.36, 1.75, 0.08],
							"lerp_mode": "catmullrom"
						},
						"3.8": {
							"post": [0.04, 1.75, 0.08],
							"lerp_mode": "catmullrom"
						},
						"3.9": {
							"post": [-0.41, 1.75, 0.08],
							"lerp_mode": "catmullrom"
						},
						"4.05": {
							"post": [-0.82, 1.75, 0.08],
							"lerp_mode": "catmullrom"
						},
						"4.4": {
							"post": [-0.77, 1.75, 0.08],
							"lerp_mode": "catmullrom"
						},
						"4.6": {
							"post": [-0.75, 1.75, 0.08],
							"lerp_mode": "catmullrom"
						},
						"5.0": {
							"post": [1.91, 0.55, 0.35],
							"lerp_mode": "catmullrom"
						},
						"5.15": {
							"post": [-1, 0, 0],
							"lerp_mode": "catmullrom"
						},
						"5.25": {
							"post": [0.4, 0, 0],
							"lerp_mode": "catmullrom"
						},
						"5.4": {
							"post": [0, 0, 0],
							"lerp_mode": "catmullrom"
						}
					}
				}
			},
			"sound_effects": {
				"0.15": {
					"effect": "tacz:victor45/victor_inspect_raise"
				},
				"1.0": {
					"effect": "tacz:victor45/victor_inspect_moveclose"
				},
				"1.5": {
					"effect": "tacz:victor45/victor_inspect_lower"
				},
				"2.4": {
					"effect": "tacz:victor45/victor_inspect_rotate"
				},
				"3.75": {
					"effect": "tacz:victor45/victor_inspect_lower"
				},
				"4.55": {
					"effect": "tacz:victor45/victor_inspect_end"
				}
			}
		}
	}
}