{
	"format_version": "1.8.0",
	"animations": {
		"static_idle": {
			"loop": true,
			"bones": {
				"constraint": {
					"rotation": [0.2, 0.2, 0.2],
					"position": [0.2, 0.2, 0.2]
				},
				"rightHand": {
					"rotation": [92.5, -355, -180],
					"position": [-6.25, -13, -2],
					"scale": [1, 1.5, 1]
				},
				"leftHand": {
					"rotation": [83.5869, -26.86093, 237.42966],
					"position": [7.675, -13.525, -15.775],
					"scale": [1, 1.5, 1]
				}
			}
		},
		"shoot": {
			"loop": true,
			"animation_length": 1.2,
			"bones": {
				"root": {
					"rotation": {
						"0.0": [0, 0, 0],
						"0.0333": [3.73, 0, 5.45],
						"0.0667": [-18.94, 0, -10.25],
						"0.1": [-21.69, 0, -7.64],
						"0.1333": [-20.87, 0, -3.32],
						"0.1667": [-18.29, -0.03, -4.16],
						"0.2": [-15.07, 0, -5.47],
						"0.2333": [-13.72, 0.3, -4.07],
						"0.2667": [-12.04, 0.43, -2.42],
						"0.3": [-8.08, -0.29, -2.57],
						"0.3333": [-3.66, -0.9, -2.57],
						"0.3667": [-1.67, -0.69, -1.69],
						"0.4": [0.32, -0.23, -0.37],
						"0.4333": [1.96, 0.22, 0.9],
						"0.4667": [2.89, 0.43, 1.61],
						"0.5": [2.74, 0.22, 1.48],
						"0.5333": [1.79, -0.24, 0.83],
						"0.5667": [0.66, -0.71, 0.06],
						"0.6": [-0.04, -0.96, -0.42],
						"0.6333": [-0.13, -0.92, -0.5],
						"0.6667": [-0.05, -0.78, -0.48],
						"0.7": [0.14, -0.57, -0.38],
						"0.7333": [0.36, -0.34, -0.25],
						"0.7667": [0.56, -0.13, -0.12],
						"0.8": [0.68, 0, 0],
						"0.8333": [0.74, 0.09, 0.25],
						"0.8667": [0.72, 0.07, 0.53],
						"0.9": [0.61, 0.05, 0.7],
						"0.9333": [0.43, 0.04, 0.71],
						"0.9667": [0.18, 0.03, 0.65],
						"1.0": [-0.07, 0.01, 0.55],
						"1.0333": [-0.22, 0, 0.45],
						"1.0667": [-0.24, 0, 0.34],
						"1.1": [-0.16, 0, 0.21],
						"1.1333": [-0.07, 0, 0.09],
						"1.1667": [0, 0, 0]
					},
					"position": {
						"0.0": [0, 0, 0],
						"0.0333": [0, -0.16, 5.23],
						"0.0667": [0, -0.82, 4.7],
						"0.1": [0, -0.82, 4.34],
						"0.1333": [0, -0.77, 3.88],
						"0.1667": [0, -0.69, 3.36],
						"0.2": [0, -0.6, 2.85],
						"0.2333": [0, -0.53, 2.42],
						"0.2667": [0, -0.46, 1.82],
						"0.3": [0, -0.4, 1.3],
						"0.3333": [0, -0.32, 0.85],
						"0.3667": [0, -0.29, 0.69],
						"0.4": [0, -0.25, 0.54],
						"0.4333": [0, -0.21, 0.39],
						"0.4667": [0, -0.17, 0.26],
						"0.5": [0, -0.13, 0.14],
						"0.5333": [0, -0.09, 0.03],
						"0.5667": [0, -0.06, -0.05],
						"0.6": [0, -0.04, -0.12],
						"0.6333": [0, -0.01, -0.16],
						"0.6667": [0, 0, -0.13],
						"0.7": [0, 0, -0.07],
						"0.7333": [0, 0, -0.01],
						"0.7667": [0, 0, 0.03],
						"0.8": [0, 0, 0.03],
						"0.8333": [0, 0, 0.03],
						"0.8667": [0, 0, 0.02],
						"0.9": [0, 0, 0.01],
						"0.9333": [0, 0, 0],
						"0.9667": [0, 0, 0],
						"1.0": [0, 0, 0],
						"1.0333": [0, 0, 0],
						"1.0667": [0, 0, 0],
						"1.1": [0, 0, 0],
						"1.1333": [0, 0, 0],
						"1.1667": [0, 0, 0],
						"1.2": [0, 0, 0]
					}
				},
				"camera": {
					"rotation": {
						"0.0": [0, 0, 0],
						"0.0333": [0, 0, 2.98],
						"0.0667": [0, 0, 0.58],
						"0.1": [0, 0, -1.77],
						"0.1333": [0, 0, -1.11],
						"0.1667": [0, 0, 0.44],
						"0.2": [0, 0, 1.45],
						"0.2333": [0, 0, 1.33],
						"0.2667": [0, 0, 0.8],
						"0.3": [0, 0, 0.18],
						"0.3333": [0, 0, -0.2],
						"0.3667": [0, 0, -0.24],
						"0.4": [0, 0, -0.16],
						"0.4333": [0, 0, -0.02],
						"0.4667": [0, 0, 0.13],
						"0.5": [0, 0, 0.2],
						"0.5333": [0, 0, 0.2],
						"0.5667": [0, 0, 0.18],
						"0.6": [0, 0, 0.15],
						"0.6333": [0, 0, 0.1],
						"0.6667": [0, 0, 0.06],
						"0.7": [0, 0, 0.02],
						"0.7333": [0, 0, 0]
					}
				}
			},
			"sound_effects": {
				"0.0": {
					"effect": "weap_charlie725_fire_first_plr_02"
				},
				"0.0333": {
					"effect": "weap_charlie725_fire_first_plr_04"
				}
			}
		},
		"bolt": {
			"animation_length": 1.4167,
			"bones": {
				"constraint": {
					"rotation": [0.2, 0.2, 0.2],
					"position": [0.2, 0.2, 0.2]
				},
				"rightHand": {
					"rotation": {
						"0.0": [92.5, -355, -180],
						"0.1667": [92.5, -355, -180],
						"0.3333": [50, -355, -180],
						"0.375": [50, -355, -180],
						"0.5417": [107.5, -355, -180],
						"0.5833": [107.5, -355, -180],
						"0.6667": [50, -355, -180],
						"0.75": [50, -355, -180],
						"0.875": [92.5, -355, -180]
					},
					"position": {
						"0.0": [-6.25, -13, -2],
						"0.1667": [-6.25, -13, -2],
						"0.3333": [-6.25, -13.71, 1],
						"0.375": [-6.25, -13.71, 1],
						"0.5417": [-6.25, -19.71, -7],
						"0.5833": [-6.25, -19.71, -7],
						"0.6667": [-6.25, -13.71, 1],
						"0.75": [-6.25, -13.71, 1],
						"0.875": [-6.25, -13, -2]
					},
					"scale": [1, 1.5, 1]
				},
				"leftHand": {
					"rotation": [83.5869, -26.86093, 237.42966],
					"position": [7.675, -13.525, -15.775],
					"scale": [1, 1.5, 1]
				},
				"root": {
					"rotation": {
						"0.0": [0, 0, 0],
						"0.125": [10.91999, -1.33246, 11.87263],
						"0.2917": [-52.57663, 6.77143, 45.40753],
						"0.4167": [-57.76, -5.14, 45.56],
						"0.5417": [-72.87152, -1.61395, 47.45222],
						"0.5833": [-72.87152, -1.61395, 47.45222],
						"0.7083": [-57.76, -5.14, 45.56],
						"0.7917": [-57.76, -5.14, 45.56],
						"1.0": [5.54345, -0.74618, -0.71648],
						"1.25": [0, 0, 0]
					},
					"position": {
						"0.0": [0, 0, 0],
						"0.125": [4, -1.735, -4.87],
						"0.25": [6.725, 1.315, -5.87],
						"0.375": [6.73, 0.735, -5.3],
						"0.5": [6.73, 1.035, -5.78],
						"0.5417": [6.73, 1.035, -5.78],
						"0.6667": [6.73, 0.735, -5.3],
						"0.75": [6.73, 0.735, -5.3],
						"0.9583": [-0.05, -0.865, -5.41],
						"1.125": [0, 0, 1],
						"1.2917": [0, 0, 0]
					}
				},
				"tirgger": {
					"rotation": {
						"0.375": [0, 0, 0],
						"0.5417": [-75, 0, 0],
						"0.5833": [-75, 0, 0],
						"0.6667": [0, 0, 0]
					}
				},
				"bullet_eject": {
					"rotation": {
						"0.4167": [22.5, 0, 0],
						"0.4583": [30, 0, 0],
						"0.6667": [-360, 0, 0],
						"0.7083": [0, 0, 0]
					},
					"position": {
						"0.4167": [0, -0.3125, 0.5],
						"0.4583": [0, -0.3125, 0.5],
						"0.5833": [14, 3, -8],
						"0.7083": [0, 0, 0]
					},
					"scale": {
						"0.5833": [1, 1, 1],
						"0.625": [0, 0, 0],
						"0.8333": [0, 0, 0],
						"0.875": [1, 1, 1]
					}
				},
				"camera": {
					"rotation": {
						"0.0": {
							"post": [0, 0, 0],
							"lerp_mode": "catmullrom"
						},
						"0.375": {
							"post": [0.91, 0, 0],
							"lerp_mode": "catmullrom"
						},
						"0.4583": {
							"post": [-1.17762, 0.10901, 1.45762],
							"lerp_mode": "catmullrom"
						},
						"0.5": {
							"post": [1, 0, 0.805],
							"lerp_mode": "catmullrom"
						},
						"0.5417": {
							"post": [-1.18205, -0.04278, -0.56667],
							"lerp_mode": "catmullrom"
						},
						"0.7917": {
							"post": [-1.17987, 0.04725, 0.5481],
							"lerp_mode": "catmullrom"
						},
						"0.9167": {
							"post": [-0.2, 0, 0.35],
							"lerp_mode": "catmullrom"
						},
						"1.0417": {
							"post": [0.3, 0, -0.375],
							"lerp_mode": "catmullrom"
						},
						"1.1667": {
							"post": [-0.05, 0, 0.1],
							"lerp_mode": "catmullrom"
						},
						"1.2917": {
							"post": [0, 0, 0],
							"lerp_mode": "catmullrom"
						}
					}
				},
				"bullet": {
					"position": {
						"0.3333": [0, 0, 0],
						"0.5": [0, 0, 1]
					},
					"scale": {
						"0.375": [0, 0, 0],
						"0.5833": [1, 1, 1]
					}
				}
			},
			"sound_effects": {
				"0.0417": {
					"effect": "iw:m2187/m2187_chmbr_01"
				},
				"0.3333": {
					"effect": "iw:m2187/m2187_chmbr_02"
				},
				"0.8333": {
					"effect": "iw:m2187/m2187_chmbr_03"
				}
			}
		},
		"bolt2": {
			"animation_length": 1.2667,
			"bones": {
				"root": {
					"rotation": {
						"0.0": [0, 0, 0],
						"0.0667": [0, 0, 0],
						"0.1667": [-75, 0, 0],
						"0.3333": {
							"pre": [-50, 0, 0],
							"post": [-50, 0, 0],
							"lerp_mode": "catmullrom"
						},
						"0.4333": {
							"post": [-60, 0, 0],
							"lerp_mode": "catmullrom"
						},
						"0.4667": {
							"post": [-60, 0, 0],
							"lerp_mode": "catmullrom"
						},
						"0.5667": {
							"post": [-75, 0, 0],
							"lerp_mode": "catmullrom"
						},
						"0.6667": {
							"post": [-65, 0, 0],
							"lerp_mode": "catmullrom"
						},
						"0.8333": {
							"post": [-0.81567, -0.58037, 11.10465],
							"lerp_mode": "catmullrom"
						},
						"0.9333": {
							"post": [-0.97803, -1.26726, -0.75009],
							"lerp_mode": "catmullrom"
						},
						"1.0333": {
							"post": [0.25, -0.5, -2.25],
							"lerp_mode": "catmullrom"
						},
						"1.1333": {
							"post": [0, 0, -1],
							"lerp_mode": "catmullrom"
						},
						"1.2333": {
							"post": [0, 0, 0],
							"lerp_mode": "catmullrom"
						}
					},
					"position": {
						"0.0": [0, 0, 0],
						"0.0667": [1, -1, 0],
						"0.1667": [-4, 1, -5],
						"0.2333": [-4, -1, -5],
						"0.3": {
							"pre": [-4, -1, -7],
							"post": [-4, -1, -7],
							"lerp_mode": "catmullrom"
						},
						"0.3667": {
							"post": [-4, 0, -7],
							"lerp_mode": "catmullrom"
						},
						"0.4333": {
							"post": [-4, 0, -6],
							"lerp_mode": "catmullrom"
						},
						"0.5667": {
							"post": [-4, -1, -6],
							"lerp_mode": "catmullrom"
						},
						"0.8": {
							"post": [-0.075, -1.15625, -0.81],
							"lerp_mode": "catmullrom"
						},
						"0.9333": {
							"post": [0, -0.125, 0.55],
							"lerp_mode": "catmullrom"
						},
						"1.0333": {
							"post": [0, 0, -0.125],
							"lerp_mode": "catmullrom"
						},
						"1.1667": {
							"post": [0, 0, 0],
							"lerp_mode": "catmullrom"
						}
					}
				},
				"m2187": {
					"rotation": {
						"0.1333": [0, 0, 0],
						"0.4333": [-360, 0, 0]
					}
				},
				"tirgger": {
					"rotation": {
						"0.0667": [0, 0, 0],
						"0.2333": [-60, 0, 0],
						"0.3": [-60, 0, 0],
						"0.4333": [0, 0, 0]
					}
				},
				"constraint": {
					"rotation": [0.2, 0.1, 0.2],
					"position": [0.2, 0.2, 0.4]
				},
				"rightHand": {
					"rotation": {
						"0.0": [92.5, -355, -180],
						"0.1667": [88.65, -355, -180],
						"0.3": [82.5, -355, -180],
						"0.3667": [60, -355, -180],
						"0.4667": [92.5, -355, -180]
					},
					"position": {
						"0.0": [-6.25, -13, -2],
						"0.1667": [-7.25, -18.38, -3.23],
						"0.2333": [-7.25, -8.19, -4.11],
						"0.3": [-7.25, -8, 1],
						"0.3667": [-7.25, -12, 3],
						"0.4667": [-6.25, -13, -2]
					},
					"scale": [1, 1.5, 1]
				},
				"mag_and_bullet": {
					"rotation": {
						"0.1333": [0, 0, 0],
						"0.4333": [-360, 0, 0]
					}
				},
				"bullet_eject": {
					"rotation": {
						"0.1667": [22.5, 0, 0],
						"0.2": [30, 0, 0],
						"0.2667": [0, 0, 0],
						"0.4": [-360, 0, 0],
						"0.4333": [0, 0, 0]
					},
					"position": {
						"0.1667": [0, -0.3125, 0.5],
						"0.2": [0, -0.3125, 0.5],
						"0.3333": [-14, 13, 9],
						"0.4333": [0, 0, 0]
					},
					"scale": {
						"0.3333": [1, 1, 1],
						"0.3667": [0, 0, 0],
						"0.5333": [0, 0, 0],
						"0.5667": [1, 1, 1]
					}
				},
				"leftHand": {
					"rotation": {
						"0.0": [83.5869, -26.86093, 237.42966],
						"0.1": [97.73587, -39.79175, 171.94415],
						"0.7": [97.73587, -39.79175, 171.94415],
						"0.8333": [83.59, -26.86, 237.43]
					},
					"position": {
						"0.0": [7.675, -13.525, -15.775],
						"0.1": [12.68, -13.52, -1.77],
						"0.2333": [12.68, -5.52, 8.77],
						"0.7": [12.68, -5.52, 8.77],
						"0.8333": [7.68, -13.52, -15.77]
					},
					"scale": [1, 1.5, 1]
				},
				"camera": {
					"rotation": {
						"0.0": {
							"post": [0, 0, 0],
							"lerp_mode": "catmullrom"
						},
						"0.1": {
							"post": [0.91, 0, 0],
							"lerp_mode": "catmullrom"
						},
						"0.1667": {
							"post": [-1.17762, 0.10901, 1.45762],
							"lerp_mode": "catmullrom"
						},
						"0.2333": {
							"post": [-1.18205, -0.04278, -0.56667],
							"lerp_mode": "catmullrom"
						},
						"0.3": {
							"post": [-1.17987, 0.04725, 0.5481],
							"lerp_mode": "catmullrom"
						},
						"0.4333": {
							"post": [0.5, 0.05, 0.55],
							"lerp_mode": "catmullrom"
						},
						"0.5333": {
							"post": [1, 0, 0.805],
							"lerp_mode": "catmullrom"
						},
						"0.8667": {
							"post": [-0.2, 0, 0.35],
							"lerp_mode": "catmullrom"
						},
						"0.9667": {
							"post": [0.3, 0, -0.375],
							"lerp_mode": "catmullrom"
						},
						"1.0667": {
							"post": [-0.05, 0, 0.1],
							"lerp_mode": "catmullrom"
						},
						"1.1667": {
							"post": [0, 0, 0],
							"lerp_mode": "catmullrom"
						}
					}
				},
				"refit_view": {
					"position": [0, -1, 11]
				}
			},
			"sound_effects": {
				"0.0333": {
					"effect": "tacz:qbz_95/qbz_95_inspect_quick"
				},
				"0.1": {
					"effect": "tacz:m249/m249_reload_empty_fast_charge_pull"
				},
				"0.3667": {
					"effect": "m249_reload_empty_fast_charge_push"
				},
				"0.5333": {
					"effect": "tacz:qbz_95/qbz_95_inspect_drop"
				}
			}
		},
		"draw": {
			"animation_length": 0.5667,
			"bones": {
				"root": {
					"rotation": {
						"0.0": [20.47, -26.69, 60.2],
						"0.0333": [19.08, -23.6, 53.31],
						"0.0667": [17.1, -19.1, 43.28],
						"0.1": [14.81, -14.06, 32.01],
						"0.1333": [12.46, -9.38, 21.41],
						"0.1667": [10.34, -5.93, 13.38],
						"0.2": [6.98, -3.07, 5.59],
						"0.2333": [3.73, -2.01, 1.41],
						"0.2667": [1.26, -1.39, -0.88],
						"0.3": [-0.82, -0.82, 1.83],
						"0.3333": [-0.8, -0.62, 1.57],
						"0.3667": [-0.54, -0.38, 0.89],
						"0.4": [-0.22, -0.15, 0.15],
						"0.4333": [0, 0, -0.33],
						"0.4667": [0.06, 0.06, -0.42],
						"0.5": [0.05, 0.05, -0.3],
						"0.5333": [0.02, 0.02, -0.12],
						"0.5667": [0, 0, 0]
					},
					"position": {
						"0.0": [0.8, -3.4, -0.3],
						"0.0333": [0.71, -3.06, -0.47],
						"0.0667": [0.57, -2.55, -0.73],
						"0.1": [0.42, -1.99, -1],
						"0.1333": [0.28, -1.46, -1.21],
						"0.1667": [0.18, -1.06, -1.27],
						"0.2": [0.09, -0.68, -0.96],
						"0.2333": [0.05, -0.49, -0.4],
						"0.2667": [0.02, -0.36, 0.07],
						"0.3": [0, -0.25, 0.53],
						"0.3333": [0, -0.19, 0.44],
						"0.3667": [0, -0.12, 0.25],
						"0.4": [0, -0.05, 0.05],
						"0.4333": [0, 0, -0.08],
						"0.4667": [0, 0.02, -0.11],
						"0.5": [0, 0.02, -0.08],
						"0.5333": [0, 0.01, -0.03],
						"0.5667": [0, 0, 0]
					}
				},
				"rightHand": {
					"rotation": [92.5, -355, -180],
					"position": [-6.25, -13, -2],
					"scale": [1, 1.5, 1]
				},
				"leftHand": {
					"rotation": [83.5869, -26.86093, 237.42966],
					"position": [7.675, -13.525, -15.775],
					"scale": [1, 1.5, 1]
				},
				"camera": {
					"rotation": {
						"0.0": [0, 0, 0],
						"0.0333": [0.19, -0.06, 0.07],
						"0.0667": [0.48, -0.15, 0.16],
						"0.1": [0.74, -0.24, 0.25],
						"0.1333": [0.85, -0.28, 0.28],
						"0.1667": [0.73, -0.24, 0.22],
						"0.2": [0.47, -0.15, 0.1],
						"0.2333": [0.18, -0.06, -0.02],
						"0.2667": [-0.01, 0, -0.09],
						"0.3": [-0.06, 0.02, -0.05],
						"0.3333": [-0.01, 0.01, 0.04],
						"0.3667": [0.03, 0, 0.1],
						"0.4": [0, 0, 0.05],
						"0.4333": [-0.03, 0, -0.02],
						"0.4667": [-0.03, 0, -0.02],
						"0.5": [-0.02, 0, -0.02],
						"0.5333": [-0.01, 0, -0.01],
						"0.5667": [0, 0, 0]
					}
				}
			}
		},
		"put_away": {
			"animation_length": 0.4667,
			"bones": {
				"root": {
					"rotation": {
						"0.0": [0, 0, 0],
						"0.0333": [-0.47, -1.28, -1.35],
						"0.0667": [-0.64, -3.66, -2.19],
						"0.1": [0.26, -7.55, -0.77],
						"0.1333": [1.8, -12.38, 1.96],
						"0.1667": [3.1, -15.6, 4.35],
						"0.2": [4.61, -19.11, 7.2],
						"0.2333": [6.24, -23.59, 10.25],
						"0.2667": [8.04, -29.69, 13.62],
						"0.3": [9.94, -36.77, 17.19],
						"0.3333": [11.64, -43.66, 20.29],
						"0.3667": [13.08, -50.6, 22.78],
						"0.4": [14.32, -57.35, 24.8],
						"0.4333": [15.16, -62.05, 26.17]
					},
					"position": {
						"0.0": [0, 0, 0],
						"0.0333": [-0.21, -0.18, 0.14],
						"0.0667": [-0.45, -0.49, 0.28],
						"0.1": [-0.59, -0.99, 0.33],
						"0.3333": [0.92, -6.475, 0.67],
						"0.3667": [1.67, -7.225, 0.63],
						"0.4": [2.61, -7.935, 0.63],
						"0.4333": [3.51, -8.41, 0.64],
						"0.4667": [4.13, -8.77, 0.65]
					}
				},
				"constraint": {
					"rotation": {
						"0.0": [0.2, 0.2, 0.2],
						"0.3333": [1, 1, 1]
					},
					"position": {
						"0.0": [0.1, 0.1, 0.1],
						"0.3333": [1, 1, 1]
					}
				},
				"rightHand": {
					"rotation": [92.5, -355, -180],
					"position": [-6.25, -13, -2],
					"scale": [1, 1.5, 1]
				},
				"leftHand": {
					"rotation": [83.5869, -26.86093, 237.42966],
					"position": [7.675, -13.525, -15.775],
					"scale": [1, 1.5, 1]
				},
				"camera": {
					"rotation": {
						"0.0": {
							"post": [0, 0, 0],
							"lerp_mode": "catmullrom"
						},
						"0.1333": {
							"post": [0.3, 0, -0.125],
							"lerp_mode": "catmullrom"
						},
						"0.2333": {
							"post": [0.64, 0, 0.3],
							"lerp_mode": "catmullrom"
						},
						"0.3667": {
							"post": [0.5, 0, 0.15],
							"lerp_mode": "catmullrom"
						},
						"0.5333": {
							"post": [0, 0, 0],
							"lerp_mode": "catmullrom"
						}
					}
				}
			}
		},
		"reload_tactical": {
			"loop": true,
			"animation_length": 2.8334,
			"bones": {
				"constraint": {
					"rotation": [0.2, 0.2, 0.2],
					"position": [0.2, 0.2, 0.2]
				},
				"rightHand": {
					"rotation": [92.5, -355, -180],
					"position": [-6.25, -13, -2],
					"scale": [1, 1.5, 1]
				},
				"leftHand": {
					"rotation": {
						"0.0": [83.5869, -26.86093, 237.42966],
						"0.2083": [82.60832, -39.27061, 239.21865],
						"0.4583": [88.73294, -27.53105, 226.21044],
						"1.7917": [88.73, -27.53, 226.21],
						"1.9167": [89.50621, -15.06902, 223.33685],
						"2.125": [89.51, -15.07, 223.34],
						"2.25": [89.46624, -27.56951, 223.45964],
						"2.4167": [83.5869, -26.86093, 237.42966]
					},
					"position": {
						"0.0": [7.675, -13.525, -15.775],
						"0.4583": [7.68, -12.855, -13.77],
						"1.7917": [7.68, -12.86, -13.77],
						"1.9167": [7.68, -12.86, -13.77],
						"2.125": [7.68, -12.86, -13.77],
						"2.3333": [7.675, -13.525, -15.775]
					},
					"scale": [1, 1.5, 1]
				},
				"root": {
					"rotation": {
						"0.0": [0, 0, 0],
						"0.125": [7.85487, 1.5217, -10.89552],
						"0.25": [-18.14321, -1.60165, -20.40146],
						"0.375": [-34.7046, -8.81983, -30.65352],
						"0.5833": [-31.85422, -10.23715, -32.73841],
						"0.6667": [-29.85, -10.24, -32.74],
						"0.75": [-32.35642, -11.85673, -35.31491],
						"0.8333": [-32.56244, -7.95284, -28.2368],
						"0.9583": [-32.30811, -9.02274, -29.94668],
						"1.125": [-30.5618, -7.94721, -28.24337],
						"1.2917": [-30.78465, -6.92967, -26.50522],
						"1.5417": [-30.67804, -7.43786, -27.37499],
						"1.7083": [-34.6986, -10.96341, -33.49857],
						"1.875": [-35.7, -10.96, -33.5],
						"1.9583": [-30.35046, -11.97592, -35.25789],
						"2.0417": [-31.0164, -9.93819, -31.75626],
						"2.1667": [-28.70323, -10.96601, -33.50577],
						"2.4167": [-5.64877, -1.66149, 3.82371],
						"2.5833": [1.54345, -0.74618, -0.71648],
						"2.75": [0, 0, 0]
					},
					"position": {
						"0.0": [0, 0, 0],
						"0.1667": [0, -0.44, 0.45],
						"0.2917": [0, 0.745, 0.45],
						"0.4167": [0, 0.3, 1.205],
						"0.5417": [0, 0.39, 0.805],
						"0.7083": [0, -0.26, 0.81],
						"0.7917": [0.36, 0.02, 0.455],
						"0.9167": [0, 0.39, 0.805],
						"1.0833": [-0.055, -0.055, 0.81],
						"1.3333": [-0.05, -0.14, 0.81],
						"1.5": [-0.055, -0.06, 0.81],
						"1.6667": [-0.05, -0.11, 0.81],
						"1.8333": [-0.05, 0.34, 0.36],
						"1.9583": [-0.05, -0.725, 0.825],
						"2.125": [-0.05, 0.045, 0.505],
						"2.375": [0.535, -1.755, 0.5],
						"2.5417": [-0.05, 0.35, -0.41],
						"2.7083": [0, 0, 1],
						"2.8333": [0, 0, 0]
					}
				},
				"mag_and_lefthand": {
					"rotation": {
						"0.625": [0, 0, 0],
						"0.75": [-20, 0, 0],
						"0.9583": [2.5, 0, 0],
						"1.4583": [2.5, 0, 0],
						"1.7083": [17.5, 0, 0],
						"1.8333": [12.5, 0, 0],
						"1.9167": [0, 0, 0]
					},
					"position": {
						"0.625": [0, 0, 0],
						"0.75": [0, -10, 0],
						"0.9583": [0, -25, 13],
						"1.4583": [-6, -25, 13],
						"1.7083": [0, 1, -2],
						"1.7917": [0, 1.35, -2],
						"1.875": [0, 0.6, -0.485],
						"1.9583": [0, 0, 0]
					},
					"scale": {
						"0.9583": [1, 1, 1],
						"1.0": [0, 0, 0],
						"1.4167": [0, 0, 0],
						"1.4583": [1, 1, 1]
					}
				},
				"camera": {
					"rotation": {
						"0.0": {
							"post": [0, 0, 0],
							"lerp_mode": "catmullrom"
						},
						"0.375": {
							"post": [-1.845, 0, -1.565],
							"lerp_mode": "catmullrom"
						},
						"0.5833": {
							"post": [-1.445, 0, -1.04],
							"lerp_mode": "catmullrom"
						},
						"0.6667": {
							"post": [-3.64, 0.74, -1.455],
							"lerp_mode": "catmullrom"
						},
						"0.7917": {
							"post": [0.605, -0.37, -0.625],
							"lerp_mode": "catmullrom"
						},
						"0.9583": {
							"post": [-1.175, 0, -1.305],
							"lerp_mode": "catmullrom"
						},
						"1.125": {
							"post": [-0.9, 0, -0.965],
							"lerp_mode": "catmullrom"
						},
						"1.5417": {
							"post": [-1.29, 0, -0.63],
							"lerp_mode": "catmullrom"
						},
						"1.75": {
							"post": [-2.03, 0, -1.49],
							"lerp_mode": "catmullrom"
						},
						"1.875": {
							"post": [-2.03, 0, -0.475],
							"lerp_mode": "catmullrom"
						},
						"1.9583": {
							"post": [-0.2, 0, -1.055],
							"lerp_mode": "catmullrom"
						},
						"2.0417": {
							"post": [-2.69, 0, -0.63],
							"lerp_mode": "catmullrom"
						},
						"2.1667": {
							"post": [-1.86, 0, -0.815],
							"lerp_mode": "catmullrom"
						},
						"2.4167": {
							"post": [-0.2, -0.075, 0.35],
							"lerp_mode": "catmullrom"
						},
						"2.5417": {
							"post": [0.3, 0, -0.375],
							"lerp_mode": "catmullrom"
						},
						"2.6667": {
							"post": [-0.05, 0, 0.1],
							"lerp_mode": "catmullrom"
						},
						"2.7917": {
							"post": [0, 0, 0],
							"lerp_mode": "catmullrom"
						}
					}
				}
			},
			"sound_effects": {
				"0.25": {
					"effect": "iw:m2187/m2187_rld_01"
				},
				"1.75": {
					"effect": "iw:m2187/m2187_rld_03"
				},
				"1.7917": {
					"effect": "iw:m2187/m2187_rld_02"
				}
			}
		},
		"reload_empty": {
			"animation_length": 3.5417,
			"bones": {
				"constraint": {
					"rotation": {
						"0.0": [0.2, 0.2, 0.2],
						"2.1667": [0.2, 0.2, 0.2]
					},
					"position": {
						"0.0": [0.2, 0.2, 0.2],
						"2.1667": [0.2, 0.2, 0.2]
					}
				},
				"rightHand": {
					"rotation": {
						"0.0": [92.5, -355, -180],
						"2.1667": [92.5, -355, -180],
						"2.3333": [92.5, -355, -180],
						"2.5": [50, -355, -180],
						"2.625": [50, -355, -180],
						"2.7917": [107.5, -355, -180],
						"2.8333": [107.5, -355, -180],
						"2.9167": [50, -355, -180],
						"3.0": [50, -355, -180],
						"3.125": [92.5, -355, -180]
					},
					"position": {
						"0.0": [-6.25, -13, -2],
						"2.1667": [-6.25, -13, -2],
						"2.3333": [-6.25, -13, -2],
						"2.5": [-6.25, -13.71, 1],
						"2.625": [-6.25, -13.71, 1],
						"2.7917": [-6.25, -19.71, -7],
						"2.8333": [-6.25, -19.71, -7],
						"2.9167": [-6.25, -13.71, 1],
						"3.0": [-6.25, -13.71, 0],
						"3.125": [-6.25, -13, -2]
					},
					"scale": {
						"0.0": [1, 1.5, 1],
						"2.1667": [1, 1.5, 1]
					}
				},
				"leftHand": {
					"rotation": {
						"0.0": [83.5869, -26.86093, 237.42966],
						"0.2083": [82.60832, -39.27061, 239.21865],
						"0.4583": [88.73294, -27.53105, 226.21044],
						"1.7917": [88.73, -27.53, 226.21],
						"1.9167": [89.50621, -15.06902, 223.33685],
						"2.125": [89.51, -15.07, 223.34],
						"2.25": [89.46624, -27.56951, 223.45964],
						"2.4167": [83.5869, -26.86093, 237.42966]
					},
					"position": {
						"0.0": [7.675, -13.525, -15.775],
						"0.4583": [7.68, -12.855, -13.77],
						"1.7917": [7.68, -12.86, -13.77],
						"1.9167": [7.68, -12.86, -13.77],
						"2.125": [7.68, -12.86, -13.77],
						"2.3333": [7.675, -13.525, -15.775]
					},
					"scale": {
						"0.0": [1, 1.5, 1],
						"2.1667": [1, 1.5, 1]
					}
				},
				"root": {
					"rotation": {
						"0.0": [0, 0, 0],
						"0.125": [7.85487, 1.5217, -10.89552],
						"0.25": [-18.14321, -1.60165, -20.40146],
						"0.375": [-34.7046, -8.81983, -30.65352],
						"0.5833": [-31.85422, -10.23715, -32.73841],
						"0.6667": [-29.85, -10.24, -32.74],
						"0.75": [-32.35642, -11.85673, -35.31491],
						"0.8333": [-32.56244, -7.95284, -28.2368],
						"0.9583": [-32.30811, -9.02274, -29.94668],
						"1.125": [-30.5618, -7.94721, -28.24337],
						"1.2917": [-30.78465, -6.92967, -26.50522],
						"1.5417": [-30.67804, -7.43786, -27.37499],
						"1.7083": [-34.6986, -10.96341, -33.49857],
						"1.875": [-35.7, -10.96, -33.5],
						"1.9583": [-30.35046, -11.97592, -35.25789],
						"2.0417": [-31.0164, -9.93819, -31.75626],
						"2.1667": {
							"pre": [-28.70323, -10.96601, -33.50577],
							"post": [-28.70323, -10.96601, -33.50577],
							"lerp_mode": "catmullrom"
						},
						"2.4583": {
							"post": [-42.76134, -5.13941, 32.56188],
							"lerp_mode": "catmullrom"
						},
						"2.5833": [-46.76, -5.14, 32.56],
						"2.6667": [-46.76, -5.14, 32.56],
						"2.7917": [-61.87152, -1.61395, 34.45222],
						"2.8333": [-61.87152, -1.61395, 34.45222],
						"2.9583": [-46.76, -5.14, 32.56],
						"3.0417": [-46.76, -5.14, 32.56],
						"3.25": [5.54345, -0.74618, -0.71648],
						"3.5": [0, 0, 0]
					},
					"position": {
						"0.0": [0, 0, 0],
						"0.1667": [0, -0.44, 0.45],
						"0.2917": [0, 0.745, 0.45],
						"0.4167": [0, 0.3, 1.205],
						"0.5417": [0, 0.39, 0.805],
						"0.7083": [0, -0.26, 0.81],
						"0.7917": [0.36, 0.02, 0.455],
						"0.9167": [0, 0.39, 0.805],
						"1.0833": [-0.055, -0.055, 0.81],
						"1.3333": [-0.05, -0.14, 0.81],
						"1.5": [-0.055, -0.06, 0.81],
						"1.6667": [-0.05, -0.11, 0.81],
						"1.8333": [-0.05, 0.34, 0.36],
						"1.9583": [-0.05, -0.085, 0.825],
						"2.125": {
							"pre": [-0.05, 0.045, 0.505],
							"post": [-0.05, 0.045, 0.505],
							"lerp_mode": "catmullrom"
						},
						"2.2917": {
							"post": [2.68, -0.41, -1.99],
							"lerp_mode": "catmullrom"
						},
						"2.4167": {
							"post": [6.725, 1.315, -5.87],
							"lerp_mode": "catmullrom"
						},
						"2.5417": [6.73, 0.735, -5.3],
						"2.625": [6.73, 0.735, -5.3],
						"2.75": [6.73, 1.035, -5.78],
						"2.7917": [6.73, 1.035, -5.78],
						"2.9167": [6.73, 0.735, -5.3],
						"3.0": [6.73, 0.735, -5.3],
						"3.2083": [-0.05, -0.865, -5.41],
						"3.375": [0, 0, 1],
						"3.5417": [0, 0, 0]
					}
				},
				"mag_and_lefthand": {
					"rotation": {
						"0.625": [0, 0, 0],
						"0.75": [-20, 0, 0],
						"0.9583": [2.5, 0, 0],
						"1.4583": [2.5, 0, 0],
						"1.7083": [17.5, 0, 0],
						"1.8333": [12.5, 0, 0],
						"1.9167": [0, 0, 0]
					},
					"position": {
						"0.625": [0, 0, 0],
						"0.75": [0, -10, 0],
						"0.9583": [0, -25, 13],
						"1.4583": [-6, -25, 13],
						"1.7083": [0, 1, -2],
						"1.7917": [0, 1.35, -2],
						"1.875": [0, 0.6, -0.485],
						"1.9583": [0, 0, 0]
					},
					"scale": {
						"0.9583": [1, 1, 1],
						"1.0": [0, 0, 0],
						"1.4167": [0, 0, 0],
						"1.4583": [1, 1, 1]
					}
				},
				"tirgger": {
					"rotation": {
						"2.625": [0, 0, 0],
						"2.7917": [-75, 0, 0],
						"2.8333": [-75, 0, 0],
						"2.9167": [0, 0, 0]
					}
				},
				"bullet_eject": {
					"rotation": {
						"2.625": [22.5, 0, 0],
						"2.6667": [30, 0, 0],
						"2.875": [-360, 0, 0],
						"2.9167": [0, 0, 0]
					},
					"position": {
						"2.625": [0, -0.3125, 0.5],
						"2.6667": [0, -0.3125, 0.5],
						"2.7917": [14, 3, -8],
						"2.9167": [0, 0, 0]
					},
					"scale": {
						"2.7917": [1, 1, 1],
						"2.8333": [0, 0, 0],
						"3.0417": [0, 0, 0],
						"3.0833": [1, 1, 1]
					}
				},
				"camera": {
					"rotation": {
						"0.0": {
							"post": [0, 0, 0],
							"lerp_mode": "catmullrom"
						},
						"0.375": {
							"post": [-3, 0, -2],
							"lerp_mode": "catmullrom"
						},
						"0.5833": {
							"post": [-2.6, 0, -1.475],
							"lerp_mode": "catmullrom"
						},
						"0.6667": {
							"post": [-4.795, 0.74, -1.89],
							"lerp_mode": "catmullrom"
						},
						"0.7917": {
							"post": [-0.55, -0.37, -1.06],
							"lerp_mode": "catmullrom"
						},
						"0.9583": {
							"post": [-2.33, 0, -1.74],
							"lerp_mode": "catmullrom"
						},
						"1.125": {
							"post": [-2.055, 0, -1.4],
							"lerp_mode": "catmullrom"
						},
						"1.5417": {
							"post": [-1.29, 0, -0.63],
							"lerp_mode": "catmullrom"
						},
						"1.75": {
							"post": [-2.03, 0, -1.49],
							"lerp_mode": "catmullrom"
						},
						"1.875": {
							"post": [-2.03, 0, -0.475],
							"lerp_mode": "catmullrom"
						},
						"1.9583": {
							"post": [-0.2, 0, -1.055],
							"lerp_mode": "catmullrom"
						},
						"2.0417": {
							"post": [-2.69, 0, -0.63],
							"lerp_mode": "catmullrom"
						},
						"2.1667": {
							"post": [-1.86, 0, -0.815],
							"lerp_mode": "catmullrom"
						},
						"2.6667": {
							"post": [-0.545, -4, 1.19],
							"lerp_mode": "catmullrom"
						},
						"2.75": {
							"post": [0.91, -4, 0],
							"lerp_mode": "catmullrom"
						},
						"2.8333": {
							"post": [-1.17762, -3.89099, 1.45762],
							"lerp_mode": "catmullrom"
						},
						"2.875": {
							"post": [-2.525, -4, 0.805],
							"lerp_mode": "catmullrom"
						},
						"2.9167": {
							"post": [-1.18205, -4.04278, -0.56667],
							"lerp_mode": "catmullrom"
						},
						"3.0417": {
							"post": [-1.17987, -3.79775, 0.5481],
							"lerp_mode": "catmullrom"
						},
						"3.1667": {
							"post": [-0.2, -1.12, 0.35],
							"lerp_mode": "catmullrom"
						},
						"3.2917": {
							"post": [0.3, 0, -0.375],
							"lerp_mode": "catmullrom"
						},
						"3.4167": {
							"post": [-0.05, 0, 0.1],
							"lerp_mode": "catmullrom"
						},
						"3.5417": {
							"post": [0, 0, 0],
							"lerp_mode": "catmullrom"
						}
					}
				},
				"bullet": {
					"position": {
						"2.5417": [0, 0, 0],
						"2.7083": [0, 0, 1]
					},
					"scale": {
						"2.5833": [0, 0, 0],
						"2.8333": [1, 1, 1]
					}
				}
			},
			"sound_effects": {
				"0.25": {
					"effect": "iw:m2187/m2187_empty_01"
				},
				"1.625": {
					"effect": "iw:m2187/m2187_empty_03"
				},
				"1.75": {
					"effect": "iw:m2187/m2187_empty_02"
				},
				"2.3333": {
					"effect": "iw:m2187/m2187_chmbr_01"
				},
				"2.625": {
					"effect": "iw:m2187/m2187_chmbr_02"
				},
				"3.125": {
					"effect": "iw:m2187/m2187_chmbr_03"
				}
			}
		},
		"inspect": {
			"animation_length": 7.9333,
			"bones": {
				"root": {
					"rotation": {
						"0.0": [0, 0, 0],
						"0.0333": [-0.33, -0.53, 0.73],
						"0.0667": [-0.4, -1.26, 1.78],
						"0.1": [-1.05, -2.13, 2.97],
						"0.1333": [-3.12, -3.07, 4.11],
						"0.1667": [-7.48, -4, 5],
						"0.2": [-12.01, -4.63, 5.41],
						"0.2333": [-18.05, -5.35, 5.77],
						"0.2667": [-25.09, -6.11, 6.08],
						"0.3": [-32.63, -6.88, 6.34],
						"0.3333": [-40.18, -7.6, 6.57],
						"0.3667": [-47.22, -8.24, 6.77],
						"0.4": [-53.26, -8.74, 6.93],
						"0.4333": [-57.79, -9.07, 7.08],
						"0.4667": [-62.85, -9.08, 7.25],
						"0.5": [-64.68, -8.52, 7.27],
						"0.5333": [-64.95, -7.87, 7.23],
						"0.5667": [-65.33, -7.61, 7.2],
						"0.6": [-65.77, -7.76, 7.2],
						"0.6333": [-65.99, -8.07, 7.19],
						"0.6667": [-66.05, -8.47, 7.18],
						"0.7": [-66, -8.9, 7.17],
						"0.7333": [-65.89, -9.31, 7.15],
						"0.7667": [-65.78, -9.65, 7.14],
						"0.8": [-65.72, -9.84, 7.13],
						"0.8333": [-65.69, -9.88, 7.12],
						"0.8667": [-65.63, -9.83, 7.11],
						"0.9": [-65.54, -9.74, 7.09],
						"0.9333": [-65.45, -9.6, 7.07],
						"0.9667": [-65.35, -9.45, 7.06],
						"1.0": [-65.25, -9.3, 7.05],
						"1.0333": [-65.16, -9.18, 7.05],
						"1.0667": [-65.1, -9.09, 7.06],
						"1.1": [-65.06, -9.07, 7.08],
						"1.1333": [-65.06, -9.13, 7.14],
						"1.1667": [-65.09, -9.24, 7.23],
						"1.2": [-65.15, -9.4, 7.34],
						"1.2333": [-65.22, -9.58, 7.45],
						"1.2667": [-65.29, -9.77, 7.55],
						"1.3": [-65.34, -9.95, 7.63],
						"1.3333": [-65.37, -10.1, 7.67],
						"1.3667": [-65.37, -10.26, 7.65],
						"1.4": [-65.36, -10.42, 7.58],
						"1.4333": [-65.33, -10.57, 7.48],
						"1.4667": [-65.3, -10.71, 7.37],
						"1.5": [-65.26, -10.84, 7.3],
						"1.5333": [-65.23, -10.94, 7.27],
						"1.5667": [-65.21, -11, 7.29],
						"1.6": [-65.21, -11.03, 7.33],
						"1.6333": [-65.21, -11.06, 7.39],
						"1.6667": [-65.2, -11.08, 7.46],
						"1.7": [-65.18, -11.09, 7.54],
						"1.7333": [-65.15, -11.11, 7.62],
						"1.7667": [-65.09, -11.14, 7.69],
						"1.8": [-64.99, -11.19, 7.75],
						"1.8333": [-64.84, -11.14, 7.87],
						"1.8667": [-64.68, -10.99, 7.98],
						"1.9": [-64.29, -11.11, 8.09],
						"1.9333": [-63.45, -11.83, 8.16],
						"1.9667": [-62.15, -13.31, 8.31],
						"2.0": [-60.49, -15.34, 8.52],
						"2.0333": [-58.42, -17.73, 8.54],
						"2.0667": [-55.89, -20.28, 8.16],
						"2.1": [-53.39, -22.54, 7.47],
						"2.1333": [-50.78, -24.73, 6.56],
						"2.1667": [-47.06, -27.74, 5.11],
						"2.2": [-41.25, -32.43, 2.81],
						"2.2333": [-36.99, -35.86, 1.12],
						"2.2667": [-31.66, -40.13, -1.03],
						"2.3": [-25.63, -44.94, -3.46],
						"2.3333": [-19.29, -50, -6.03],
						"2.3667": [-13.01, -55.02, -8.57],
						"2.4": [-7.17, -59.7, -10.92],
						"2.4333": [-2.15, -63.75, -12.91],
						"2.4667": [1.68, -66.86, -14.39],
						"2.5": [6.08, -70.58, -15.92],
						"2.5333": [7.78, -72.19, -16.24],
						"2.5667": [8.1, -72.75, -16.01],
						"2.6": [8.38, -73.31, -15.89],
						"2.6333": [8.52, -74.08, -15.91],
						"2.6667": [7.79, -74.22, -15.72],
						"2.7": [7.29, -74.14, -15.55],
						"2.7333": [7.31, -74.04, -15.47],
						"2.7667": [7.4, -73.83, -15.35],
						"2.8": [7.54, -73.57, -15.23],
						"2.8333": [7.73, -73.3, -15.15],
						"2.8667": [7.95, -73.1, -15.16],
						"2.9": [8.19, -73, -15.3],
						"2.9333": [8.2, -72.99, -15.34],
						"2.9667": [8.1, -72.97, -15.32],
						"3.0": [7.91, -72.94, -15.25],
						"3.0333": [7.65, -72.91, -15.16],
						"3.0667": [7.36, -72.88, -15.05],
						"3.1": [7.06, -72.86, -14.95],
						"3.1333": [6.78, -72.85, -14.87],
						"3.1667": [6.56, -72.85, -14.83],
						"3.2": [6.42, -72.87, -14.85],
						"3.2333": [6.39, -72.92, -14.95],
						"3.2667": [6.5, -73, -15.14],
						"3.3": [6.78, -73.1, -15.45],
						"3.3333": [7.25, -73.25, -15.88],
						"3.3667": [7.95, -73.43, -16.46],
						"3.4": [8.91, -73.66, -17.21],
						"3.4333": [10.15, -73.94, -18.13],
						"3.4667": [12.05, -74.35, -19.52],
						"3.5": [14.51, -74.86, -21.29],
						"3.5333": [17.42, -75.46, -23.39],
						"3.5667": [20.71, -76.12, -25.74],
						"3.6": [24.26, -76.84, -28.27],
						"3.6333": [27.99, -77.59, -30.92],
						"3.6667": [31.79, -78.36, -33.61],
						"3.7": [35.59, -79.12, -36.29],
						"3.7333": [39.27, -79.88, -38.87],
						"3.7667": [42.75, -80.6, -41.29],
						"3.8": [45.94, -81.27, -43.49],
						"3.8333": [48.72, -81.87, -45.39],
						"3.8667": [51.02, -82.39, -46.93],
						"3.9": [52.74, -82.8, -48.04],
						"3.9333": [54.24, -83.24, -48.89],
						"3.9667": [54.93, -83.55, -49.11],
						"4.0": [54.96, -83.75, -48.81],
						"4.0333": [54.48, -83.88, -48.11],
						"4.0667": [53.64, -83.94, -47.14],
						"4.1": [52.58, -83.95, -46.02],
						"4.1333": [51.45, -83.95, -44.86],
						"4.1667": [50.4, -83.95, -43.79],
						"4.2": [49.58, -83.97, -42.93],
						"4.2333": [49.14, -84.04, -42.41],
						"4.2667": [48.74, -84.22, -41.86],
						"4.3": [48.41, -84.38, -41.49],
						"4.3333": [48.22, -84.52, -41.32],
						"4.3667": [48.25, -84.61, -41.36],
						"4.4": [48.58, -84.64, -41.62],
						"4.4333": [49.3, -84.64, -42.24],
						"4.4667": [50.35, -84.58, -43.19],
						"4.5": [51.89, -84.4, -44.48],
						"4.5333": [54.1, -84.04, -46.13],
						"4.5667": [56.88, -83.48, -47.9],
						"4.6": [60.19, -82.74, -49.86],
						"4.6333": [64.26, -81.86, -52.51],
						"4.6667": [69.32, -80.86, -56.34],
						"4.7": [73.73, -80.05, -60.07],
						"4.7333": [79.09, -79.1, -64.78],
						"4.7667": [84.85, -78.08, -69.95],
						"4.8": [90.48, -77.1, -75.04],
						"4.8333": [95.43, -76.24, -79.52],
						"4.8667": [99.17, -75.58, -82.87],
						"4.9": [101.03, -75.25, -84.5],
						"4.9333": [102.65, -74.96, -85.9],
						"4.9667": [104, -74.72, -87.05],
						"5.0": [105.06, -74.54, -87.94],
						"5.0333": [105.78, -74.41, -88.53],
						"5.0667": [106.13, -74.35, -88.81],
						"5.1": [106.09, -74.35, -88.75],
						"5.1333": [105.62, -74.44, -88.33],
						"5.1667": [104.69, -74.6, -87.54],
						"5.2": [100.29, -75.38, -83.81],
						"5.2333": [93.37, -76.61, -77.96],
						"5.2667": [85.46, -78.01, -71.25],
						"5.3": [78.04, -79.32, -64.97],
						"5.3333": [71.35, -80.89, -59.26],
						"5.3667": [64.65, -82.72, -53.5],
						"5.4": [57.98, -84.03, -47.84],
						"5.4333": [51.39, -84.04, -42.41],
						"5.4667": [38.9, -79.55, -33.11],
						"5.5": [25.73, -72.1, -22.85],
						"5.5333": [8.67, -63.83, -8.05],
						"5.5667": [-6.33, -53.14, 7.45],
						"5.6": [-10.61, -45.64, 15.34],
						"5.6333": [-13.35, -36.82, 23.64],
						"5.6667": [-14.89, -28.34, 30.15],
						"5.7": [-15.56, -21.86, 32.64],
						"5.7333": [-15.41, -19.4, 31.26],
						"5.7667": [-14.7, -17.58, 27.89],
						"5.8": [-13.61, -16.27, 23.22],
						"5.8333": [-12.31, -15.35, 17.93],
						"5.8667": [-11.01, -14.71, 12.74],
						"5.9": [-9.87, -14.21, 8.33],
						"5.9333": [-9.09, -13.73, 5.39],
						"5.9667": [-8.55, -13.39, 3.79],
						"6.0": [-8.18, -13.46, 3.31],
						"6.0333": [-7.96, -13.78, 3.59],
						"6.0667": [-7.86, -14.21, 4.23],
						"6.1": [-7.85, -14.61, 4.86],
						"6.1333": [-7.9, -14.84, 5.09],
						"6.1667": [-8.24, -15.01, 4.51],
						"6.2": [-9.96, -14.9, 4.24],
						"6.2333": [-15.03, -14.29, 5.51],
						"6.2667": [-19.85, -13.82, 6.38],
						"6.3": [-20.55, -14.38, 4.38],
						"6.3333": [-20.01, -14.99, 2.27],
						"6.3667": [-20.04, -14.92, 2.28],
						"6.4": [-20.05, -14.68, 2.75],
						"6.4333": [-20.05, -14.44, 3.29],
						"6.4667": [-20.01, -14.33, 3.48],
						"6.5": [-20, -14.34, 3.44],
						"6.5333": [-20.01, -14.36, 3.37],
						"6.5667": [-20.04, -14.4, 3.28],
						"6.6": [-20.07, -14.44, 3.17],
						"6.6333": [-20.11, -14.5, 3.05],
						"6.6667": [-20.15, -14.56, 2.91],
						"6.7": [-20.2, -14.62, 2.77],
						"6.7333": [-20.23, -14.69, 2.61],
						"6.7667": [-20.26, -14.75, 2.45],
						"6.8": [-20.27, -14.82, 2.29],
						"6.8333": [-20.27, -14.88, 2.13],
						"6.8667": [-20.24, -14.94, 1.97],
						"6.9": [-20.19, -15, 1.82],
						"6.9333": [-20.12, -15.04, 1.69],
						"6.9667": [-20.01, -15.07, 1.56],
						"7.0": [-19.86, -15.09, 1.45],
						"7.0333": [-19.68, -15.1, 1.36],
						"7.0667": [-19.45, -15.09, 1.29],
						"7.1": [-11, -13.69, 1.41],
						"7.1333": [-2.16, -11.87, 9.42],
						"7.1667": [-0.09, -11.01, 5.01],
						"7.2": [0.85, -10.15, 0.01],
						"7.2333": [1.06, -9.65, 0.44],
						"7.2667": [0.9, -9.14, 2.28],
						"7.3": [0.6, -8.27, 3.18],
						"7.3333": [0.23, -7.15, 2.35],
						"7.3667": [-0.29, -5.72, 0.79],
						"7.4": [-0.75, -4.31, -0.88],
						"7.4333": [-0.93, -3.22, -2.01],
						"7.4667": [-0.48, -2.49, -2.45],
						"7.5": [0.34, -2.15, -2.32],
						"7.5333": [0.84, -1.75, -2.07],
						"7.5667": [0.4, -0.66, -1.71],
						"7.6": [-0.25, 0.25, -1.06],
						"7.6333": [-0.3, 0.39, 0.16],
						"7.6667": [-0.19, 0.25, 1.12],
						"7.7": [-0.09, 0.13, 0.69],
						"7.7333": [0, 0, 0],
						"7.7667": [0.01, -0.02, -0.07],
						"7.8": [0.01, -0.02, -0.08],
						"7.8333": [0.01, -0.01, -0.05],
						"7.8667": [0, 0, -0.02],
						"7.9": [0, 0, 0]
					},
					"position": {
						"0.0": [0, 0, 0],
						"0.0333": [-0.07, -0.37, -0.21],
						"0.0667": [-0.17, -0.9, -0.52],
						"0.1": [-0.25, -1.49, -0.83],
						"0.1333": [-0.28, -2.03, -1.04],
						"0.1667": [-0.22, -2.38, -1.1],
						"0.2": [-0.13, -2.7, -1.1],
						"0.2333": [-0.01, -3.02, -1.07],
						"0.2667": [0.11, -3.39, -1.02],
						"0.3": [0.22, -3.86, -0.99],
						"0.3333": [0.34, -4.69, -0.96],
						"0.3667": [0.45, -5.7, -0.92],
						"0.4": [0.55, -6.67, -0.88],
						"0.4333": [0.62, -7.39, -0.85],
						"0.4667": [0.66, -7.83, -0.84],
						"0.5": [0.66, -7.95, -0.84],
						"0.5333": [0.65, -7.98, -0.84],
						"0.5667": [0.65, -7.99, -0.84],
						"0.6": [0.64, -7.95, -0.84],
						"0.6333": [0.63, -7.88, -0.85],
						"0.6667": [0.63, -7.82, -0.85],
						"0.7": [0.62, -7.78, -0.85],
						"0.7333": [0.62, -7.77, -0.85],
						"0.7667": [0.62, -7.77, -0.85],
						"0.8": [0.62, -7.78, -0.85],
						"0.8333": [0.62, -7.79, -0.85],
						"0.8667": [0.62, -7.8, -0.85],
						"0.9": [0.62, -7.8, -0.85],
						"0.9333": [0.62, -7.8, -0.85],
						"0.9667": [0.62, -7.79, -0.85],
						"1.0": [0.62, -7.77, -0.85],
						"1.0333": [0.62, -7.77, -0.85],
						"1.0667": [0.62, -7.77, -0.85],
						"1.1": [0.62, -7.79, -0.85],
						"1.1333": [0.63, -7.87, -0.86],
						"1.1667": [0.63, -8.01, -0.87],
						"1.2": [0.64, -8.12, -0.88],
						"1.2333": [0.65, -8.15, -0.9],
						"1.2667": [0.66, -8.04, -0.92],
						"1.3": [0.67, -7.84, -0.94],
						"1.3333": [0.68, -7.63, -0.96],
						"1.3667": [0.69, -7.5, -0.98],
						"1.4": [0.7, -7.47, -0.99],
						"1.4333": [0.7, -7.48, -1.01],
						"1.4667": [0.71, -7.51, -1.02],
						"1.5": [0.72, -7.55, -1.03],
						"1.5333": [0.72, -7.58, -1.04],
						"1.5667": [0.72, -7.59, -1.04],
						"1.6": [0.72, -7.6, -1.04],
						"1.6333": [0.72, -7.6, -1.04],
						"1.6667": [0.72, -7.61, -1.04],
						"1.7": [0.72, -7.61, -1.04],
						"1.7333": [0.71, -7.62, -1.04],
						"1.7667": [0.71, -7.61, -1.03],
						"1.8": [0.71, -7.6, -1.03],
						"1.8333": [0.7, -7.59, -1.02],
						"1.8667": [0.7, -7.58, -1.02],
						"1.9": [0.69, -7.58, -1.02],
						"1.9333": [0.69, -7.61, -1.03],
						"1.9667": [0.68, -7.66, -1.06],
						"2.0": [0.68, -7.77, -1.11],
						"2.0333": [0.71, -8.07, -1.24],
						"2.0667": [0.8, -8.79, -1.49],
						"2.1": [0.92, -9.71, -1.82],
						"2.1333": [1.01, -10.21, -2.11],
						"2.1667": [1.12, -10.01, -2.42],
						"2.2": [1.1, -8.66, -2.64],
						"2.2333": [1.03, -7.9, -2.68],
						"2.2667": [0.93, -6.9, -2.71],
						"2.3": [0.8, -5.76, -2.74],
						"2.3333": [0.67, -4.57, -2.76],
						"2.3667": [0.54, -3.42, -2.77],
						"2.4": [0.44, -2.42, -2.78],
						"2.4333": [0.37, -1.66, -2.79],
						"2.4667": [0.33, -0.85, -2.8],
						"2.5": [0.37, -0.44, -2.81],
						"2.5333": [0.42, -0.24, -2.8],
						"2.5667": [0.43, -0.05, -2.8],
						"2.6": [0.39, 0.1, -2.8],
						"2.6333": [0.33, 0.19, -2.79],
						"2.6667": [0.26, 0.23, -2.79],
						"2.7": [0.2, 0.27, -2.79],
						"2.7333": [0.17, 0.32, -2.78],
						"2.7667": [0.18, 0.36, -2.78],
						"2.8": [0.19, 0.4, -2.77],
						"2.8333": [0.22, 0.44, -2.77],
						"2.8667": [0.25, 0.48, -2.76],
						"2.9": [0.28, 0.52, -2.76],
						"2.9333": [0.31, 0.56, -2.75],
						"2.9667": [0.34, 0.58, -2.75],
						"3.0": [0.36, 0.61, -2.75],
						"3.0333": [0.37, 0.62, -2.75],
						"3.0667": [0.38, 0.63, -2.74],
						"3.1": [0.39, 0.63, -2.74],
						"3.1333": [0.39, 0.63, -2.73],
						"3.1667": [0.39, 0.63, -2.73],
						"3.2": [0.4, 0.63, -2.73],
						"3.2333": [0.41, 0.63, -2.74],
						"3.2667": [0.42, 0.63, -2.76],
						"3.3": [0.43, 0.64, -2.79],
						"3.3333": [0.45, 0.65, -2.84],
						"3.3667": [0.46, 0.66, -2.88],
						"3.4": [0.47, 0.68, -2.94],
						"3.4333": [0.49, 0.69, -3.01],
						"3.4667": [0.53, 0.72, -3.12],
						"3.5": [0.6, 0.76, -3.25],
						"3.5333": [0.7, 0.82, -3.43],
						"3.5667": [0.81, 0.88, -3.62],
						"3.6": [0.96, 0.97, -3.86],
						"3.6333": [1.14, 1.06, -4.13],
						"3.6667": [1.32, 1.16, -4.42],
						"3.7": [1.52, 1.26, -4.71],
						"3.7333": [1.71, 1.36, -5],
						"3.7667": [1.88, 1.46, -5.26],
						"3.8": [2.04, 1.54, -5.49],
						"3.8333": [2.16, 1.6, -5.68],
						"3.8667": [2.35, 1.7, -5.94],
						"3.9": [2.45, 1.76, -6.07],
						"3.9333": [2.52, 1.8, -6.14],
						"3.9667": [2.61, 1.83, -6.21],
						"4.0": [2.67, 1.85, -6.25],
						"4.0333": [2.72, 1.86, -6.29],
						"4.0667": [2.78, 1.87, -6.33],
						"4.1": [2.84, 1.87, -6.36],
						"4.1333": [2.89, 1.88, -6.38],
						"4.1667": [2.94, 1.88, -6.4],
						"4.2": [2.99, 1.89, -6.42],
						"4.2333": [3.03, 1.89, -6.44],
						"4.2667": [3.08, 1.89, -6.46],
						"4.3": [3.11, 1.89, -6.47],
						"4.3333": [3.13, 1.89, -6.46],
						"4.3667": [3.16, 1.89, -6.46],
						"4.4": [3.2, 1.89, -6.46],
						"4.4333": [3.23, 1.89, -6.45],
						"4.4667": [3.28, 1.88, -6.44],
						"4.5": [3.37, 1.88, -6.44],
						"4.5333": [3.47, 1.88, -6.44],
						"4.5667": [3.6, 1.88, -6.44],
						"4.6": [3.75, 1.88, -6.44],
						"4.6333": [3.9, 1.88, -6.44],
						"4.6667": [4.04, 1.88, -6.44],
						"4.7": [4.15, 1.88, -6.44],
						"4.7333": [4.28, 1.88, -6.44],
						"4.7667": [4.4, 1.88, -6.44],
						"4.8": [4.51, 1.88, -6.44],
						"4.8333": [4.61, 1.88, -6.44],
						"4.8667": [4.67, 1.88, -6.44],
						"4.9": [4.7, 1.88, -6.44],
						"4.9333": [4.72, 1.89, -6.44],
						"4.9667": [4.74, 1.9, -6.44],
						"5.0": [4.75, 1.9, -6.44],
						"5.0333": [4.74, 1.91, -6.44],
						"5.0667": [4.73, 1.91, -6.44],
						"5.1": [4.71, 1.91, -6.44],
						"5.1333": [4.68, 1.9, -6.44],
						"5.1667": [4.64, 1.88, -6.44],
						"5.2": [4.49, 1.78, -6.44],
						"5.2333": [4.28, 1.64, -6.44],
						"5.2667": [4.05, 1.5, -6.44],
						"5.3": [3.85, 1.45, -6.44],
						"5.3333": [3.65, 1.63, -6.47],
						"5.3667": [3.46, 1.9, -6.51],
						"5.4": [3.26, 1.87, -6.44],
						"5.4333": [3.09, 1.46, -6.32],
						"5.4667": [2.91, 0.83, -6.16],
						"5.5": [2.71, 0.12, -5.92],
						"5.5333": [2.48, -0.5, -5.56],
						"5.5667": [2.29, -0.86, -5.2],
						"5.6": [2.07, -1.23, -4.73],
						"5.6333": [1.84, -1.59, -4.21],
						"5.6667": [1.63, -1.91, -3.7],
						"5.7": [1.45, -2.17, -3.25],
						"5.7333": [1.33, -2.33, -2.92],
						"5.7667": [1.27, -2.36, -2.69],
						"5.8": [1.29, -2.25, -2.57],
						"5.8333": [1.36, -2.06, -2.53],
						"5.8667": [1.43, -1.9, -2.5],
						"5.9": [1.48, -1.82, -2.45],
						"5.9333": [1.52, -1.9, -2.34],
						"5.9667": [1.56, -2.07, -2.24],
						"6.0": [1.59, -2.26, -2.14],
						"6.0333": [1.61, -2.38, -2.08],
						"6.0667": [1.6, -2.41, -2.06],
						"6.1": [1.59, -2.39, -2.05],
						"6.1333": [1.56, -2.36, -2.06],
						"6.1667": [1.54, -2.35, -2.07],
						"6.2": [1.52, -2.4, -2.08],
						"6.2333": [1.52, -2.85, -2.08],
						"6.2667": [1.52, -3.29, -2.08],
						"6.3": [1.5, -3.34, -2.08],
						"6.3333": [1.47, -3.32, -2.08],
						"6.3667": [1.44, -3.28, -2.09],
						"6.4": [1.43, -3.26, -2.09],
						"6.4333": [1.43, -3.27, -2.09],
						"6.4667": [1.43, -3.29, -2.09],
						"6.5": [1.44, -3.31, -2.1],
						"6.5333": [1.45, -3.33, -2.1],
						"6.5667": [1.46, -3.35, -2.1],
						"6.6": [1.47, -3.37, -2.11],
						"6.6333": [1.48, -3.38, -2.11],
						"6.6667": [1.48, -3.39, -2.11],
						"6.7": [1.48, -3.41, -2.12],
						"6.7333": [1.48, -3.42, -2.12],
						"6.7667": [1.47, -3.43, -2.13],
						"6.8": [1.47, -3.43, -2.13],
						"6.8333": [1.47, -3.42, -2.13],
						"6.8667": [1.48, -3.41, -2.13],
						"6.9": [1.48, -3.37, -2.13],
						"6.9333": [1.49, -3.32, -2.12],
						"6.9667": [1.5, -3.25, -2.11],
						"7.0": [1.51, -3.19, -2.1],
						"7.0333": [1.51, -3.13, -2.09],
						"7.0667": [1.52, -3.08, -2.08],
						"7.1": [1.52, -2.97, -1.99],
						"7.1333": [1.52, -2.89, -1.32],
						"7.1667": [1.54, -2.88, -1.51],
						"7.2": [1.57, -2.87, -1.87],
						"7.2333": [1.52, -2.75, -2.08],
						"7.2667": [1.36, -2.44, -1.93],
						"7.3": [1.14, -2.03, -1.65],
						"7.3333": [0.9, -1.71, -1.56],
						"7.3667": [0.64, -1.63, -2.06],
						"7.4": [0.37, -1.65, -2.75],
						"7.4333": [0.16, -1.55, -2.84],
						"7.4667": [0.07, -1.29, -2.06],
						"7.5": [0.03, -0.92, -0.76],
						"7.5333": [0.01, -0.55, 0.53],
						"7.5667": [0, -0.28, 1.28],
						"7.6": [-0.02, -0.1, 0.68],
						"7.6333": [-0.01, -0.08, -0.4],
						"7.6667": [-0.01, -0.06, -0.45],
						"7.7": [-0.01, -0.04, -0.33],
						"7.7333": [0, -0.04, -0.16],
						"7.7667": [0, -0.03, -0.04],
						"7.8": [0, -0.02, -0.01],
						"7.8333": [0, -0.02, 0],
						"7.8667": [0, -0.01, 0],
						"7.9": [0, 0, 0],
						"7.9333": [0, 0, 0]
					}
				},
				"tirgger": {
					"rotation": {
						"6.1333": [0, 0, 0],
						"6.2333": [-27.5, 0, 0],
						"7.0333": [-27.5, 0, 0],
						"7.1333": [0, 0, 0]
					}
				},
				"rightHand": {
					"rotation": {
						"0.0": [92.5, -355, -180],
						"2.2": [92.5, -355, -180],
						"2.5": [28.1937, -364.11724, -51.07244],
						"5.2667": [28.1937, -364.11724, -51.07244],
						"5.3667": [43.46812, -373.75678, -74.82303],
						"5.5667": [89.38469, -366.66907, -179.91162],
						"5.8667": [89.32102, -334.17103, -180.27891],
						"6.1333": [66.82102, -334.17103, -180.27891],
						"6.2333": [77.5, -355, -180],
						"6.3333": [74.32102, -334.17103, -180.27891],
						"7.0333": [74.32102, -334.17103, -180.27891],
						"7.1333": [66.82102, -345.36103, -180.27891],
						"7.3": [92.5, -355, -180]
					},
					"position": {
						"0.0": [-6.25, -13, -2],
						"2.2": [-6.25, -13, -2],
						"2.5": [-5.52, -11.775, 0.83],
						"5.2667": [-5.52, -11.775, 0.83],
						"5.3667": [-5.975, -10.77, 0.695],
						"5.4667": [-7.885, -11.375, -0.09],
						"5.5667": [-6.725, -13.3, -0.775],
						"5.8667": [-6.725, -13.3, -0.775],
						"6.1333": [-6.725, -13.3, -0.775],
						"6.2333": [-6.25, -16, -2],
						"6.3333": [-6.25, -16, -2],
						"7.0333": [-6.25, -16, -2],
						"7.1333": [-6.725, -13.3, -0.775],
						"7.3": [-6.25, -13, -2]
					},
					"scale": [1, 1.5, 1]
				},
				"bullet_eject": {
					"rotation": {
						"6.1333": [0, 0, 0],
						"6.2333": [27.5, 0, 0],
						"7.0333": [27.5, 0, 0],
						"7.1333": [0, 0, 0]
					},
					"position": {
						"6.1333": [0, 0, 0],
						"6.2333": [0, -1, 0],
						"7.0333": [0, -1, 0],
						"7.1333": [0, 0, 0]
					}
				},
				"leftHand": {
					"rotation": {
						"0.0": [83.5869, -26.86093, 237.42966],
						"1.1333": [83.5869, -26.86093, 237.42966],
						"1.3333": [83.5869, -26.86093, 237.42966],
						"1.8667": [83.5869, -26.86093, 237.42966],
						"2.0667": [85.77776, -26.22142, 233.18346],
						"2.2": [96.97785, -38.2588, 246.81919],
						"2.3667": [49.27838, -56.6008, 305.67604],
						"5.6": [49.27838, -56.6008, 305],
						"5.7667": [107.06948, -26.54246, 192.21265],
						"6.1667": [107.06948, -26.54246, 192.21265],
						"6.2667": [83.7884, -8.88815, 203.37804],
						"6.3333": [83.79, -8.89, 203.38],
						"7.0667": [83.7884, -8.88815, 203.37804],
						"7.1333": [107.14992, -38.3141, 197.49454],
						"7.2667": [107.14992, -38.3141, 197.49454],
						"7.4333": [83.5869, -26.86093, 237.42966]
					},
					"position": {
						"0.0": [7.675, -13.525, -15.775],
						"1.1333": [7.675, -13.525, -15.775],
						"1.3333": [7.675, -13.525, -15.775],
						"1.8667": [7.675, -13.525, -15.775],
						"2.0667": [7.825, -11.845, -11.195],
						"2.2": [7.63, -12.12, -11.7],
						"2.3667": [6.87, -13.2, -13.7],
						"5.6": [6.87, -13.2, -13.7],
						"5.7667": [7.4, -13.02, -11.32],
						"6.1667": [7.4, -13.02, -11.32],
						"6.2667": [7.203, -14.79986, -11.03613],
						"6.3333": [7.4, -15.27, -10.87],
						"6.9333": [7.4, -15.27, -10.87],
						"7.0": [7.40489, -15.49849, -10.79331],
						"7.0667": [7.40149, -15.33494, -10.84749],
						"7.1333": [7.42919, -13.21888, -11.86545],
						"7.2667": [7.42919, -13.21888, -11.86545],
						"7.4333": [7.675, -13.525, -15.775]
					},
					"scale": [1, 1.5, 1]
				},
				"camera": {
					"rotation": {
						"0.0": [0, 0, 0],
						"0.0333": [0.06, -0.01, 0],
						"0.0667": [0.19, -0.02, -0.01],
						"0.1": [0.32, -0.03, -0.01],
						"0.1333": [0.39, -0.05, -0.01],
						"0.1667": [0.36, -0.1, -0.01],
						"0.2": [0.16, -0.17, 0],
						"0.2333": [-0.22, -0.28, 0.02],
						"0.2667": [-0.77, -0.42, 0.04],
						"0.3": [-1.42, -0.58, 0.07],
						"0.3333": [-2.11, -0.75, 0.09],
						"0.3667": [-2.76, -0.91, 0.13],
						"0.4": [-3.3, -1.05, 0.15],
						"0.4333": [-3.66, -1.16, 0.18],
						"0.4667": [-3.84, -1.25, 0.23],
						"0.5": [-3.66, -1.28, 0.28],
						"0.5333": [-3.39, -1.28, 0.32],
						"0.5667": [-3.26, -1.29, 0.35],
						"0.6": [-3.31, -1.31, 0.36],
						"0.6333": [-3.42, -1.33, 0.36],
						"0.6667": [-3.55, -1.34, 0.36],
						"0.7": [-3.69, -1.35, 0.36],
						"0.7333": [-3.8, -1.35, 0.35],
						"0.7667": [-3.85, -1.33, 0.35],
						"0.8": [-3.87, -1.31, 0.35],
						"0.8333": [-3.9, -1.3, 0.35],
						"0.8667": [-3.92, -1.27, 0.35],
						"0.9": [-3.94, -1.25, 0.35],
						"0.9333": [-3.94, -1.22, 0.35],
						"0.9667": [-3.92, -1.19, 0.35],
						"1.0": [-3.88, -1.14, 0.35],
						"1.0333": [-3.8, -1.1, 0.35],
						"1.0667": [-3.68, -1.04, 0.35],
						"1.1": [-3.51, -0.98, 0.35],
						"1.1333": [-3.3, -0.91, 0.35],
						"1.1667": [-3.02, -0.83, 0.35],
						"1.2": [-2.7, -0.73, 0.35],
						"1.2333": [-2.34, -0.63, 0.35],
						"1.2667": [-1.96, -0.53, 0.35],
						"1.3": [-1.57, -0.42, 0.35],
						"1.3333": [-1.19, -0.32, 0.35],
						"1.3667": [-0.82, -0.22, 0.35],
						"1.4": [-0.49, -0.13, 0.35],
						"1.4333": [-0.2, -0.06, 0.35],
						"1.4667": [0.04, 0, 0.35],
						"1.5": [0.19, 0.03, 0.35],
						"1.5333": [0.31, 0.06, 0.35],
						"1.5667": [0.42, 0.08, 0.35],
						"1.6": [0.51, 0.1, 0.35],
						"1.6333": [0.58, 0.1, 0.35],
						"1.6667": [0.65, 0.11, 0.35],
						"1.7": [0.7, 0.11, 0.35],
						"1.7333": [0.74, 0.11, 0.35],
						"1.7667": [0.78, 0.11, 0.35],
						"1.8": [0.81, 0.1, 0.35],
						"1.8333": [0.84, 0.1, 0.35],
						"1.8667": [0.87, 0.09, 0.35],
						"1.9": [0.9, 0.09, 0.35],
						"1.9333": [0.94, 0.09, 0.35],
						"1.9667": [1.14, 0, 0.35],
						"2.0": [1.32, -0.1, 0.35],
						"2.0333": [1.56, -0.22, 0.34],
						"2.0667": [1.85, -0.35, 0.33],
						"2.1": [2.17, -0.5, 0.32],
						"2.1333": [2.49, -0.67, 0.32],
						"2.1667": [2.81, -0.86, 0.31],
						"2.2": [3.1, -1.09, 0.32],
						"2.2333": [3.35, -1.34, 0.33],
						"2.2667": [3.54, -1.63, 0.36],
						"2.3": [3.72, -2.18, 0.41],
						"2.3333": [3.8, -2.88, 0.49],
						"2.3667": [3.83, -3.63, 0.58],
						"2.4": [3.84, -4.37, 0.69],
						"2.4333": [3.86, -5.03, 0.79],
						"2.4667": [3.93, -5.52, 0.9],
						"2.5": [4.09, -5.93, 1.03],
						"2.5333": [4.3, -6.22, 1.16],
						"2.5667": [4.52, -6.38, 1.3],
						"2.6": [4.7, -6.41, 1.45],
						"2.6333": [4.81, -6.29, 1.62],
						"2.6667": [4.81, -6.17, 1.71],
						"2.7": [4.8, -6.01, 1.81],
						"2.7333": [4.76, -5.8, 1.93],
						"2.7667": [4.72, -5.56, 2.05],
						"2.8": [4.66, -5.3, 2.17],
						"2.8333": [4.6, -5.01, 2.29],
						"2.8667": [4.54, -4.72, 2.41],
						"2.9": [4.49, -4.42, 2.51],
						"2.9333": [4.46, -4.12, 2.59],
						"2.9667": [4.44, -3.84, 2.66],
						"3.0": [4.45, -3.58, 2.69],
						"3.0333": [4.48, -3.4, 2.71],
						"3.0667": [4.52, -3.22, 2.71],
						"3.1": [4.59, -3.04, 2.7],
						"3.1333": [4.66, -2.85, 2.68],
						"3.1667": [4.75, -2.67, 2.65],
						"3.2": [4.84, -2.49, 2.61],
						"3.2333": [4.93, -2.3, 2.57],
						"3.2667": [5.02, -2.12, 2.52],
						"3.3": [5.1, -1.94, 2.47],
						"3.3333": [5.18, -1.75, 2.42],
						"3.3667": [5.24, -1.57, 2.37],
						"3.4": [5.28, -1.39, 2.31],
						"3.4333": [5.31, -1.21, 2.26],
						"3.4667": [5.31, -1.04, 2.21],
						"3.5": [5.28, -0.86, 2.16],
						"3.5333": [5.22, -0.7, 2.11],
						"3.5667": [5.13, -0.54, 2.06],
						"3.6": [5.02, -0.38, 2],
						"3.6333": [4.89, -0.22, 1.95],
						"3.6667": [4.75, -0.06, 1.89],
						"3.7": [4.59, 0.1, 1.83],
						"3.7333": [4.42, 0.25, 1.77],
						"3.7667": [4.24, 0.41, 1.71],
						"3.8": [4.07, 0.56, 1.64],
						"3.8333": [3.89, 0.72, 1.58],
						"3.8667": [3.72, 0.87, 1.52],
						"3.9": [3.57, 1.02, 1.46],
						"3.9333": [3.42, 1.18, 1.41],
						"3.9667": [3.29, 1.33, 1.35],
						"4.0": [3.19, 1.48, 1.3],
						"4.0333": [3.11, 1.64, 1.26],
						"4.0667": [3.05, 1.78, 1.22],
						"4.1": [3.02, 1.91, 1.19],
						"4.1333": [3, 2.03, 1.16],
						"4.1667": [3.01, 2.15, 1.14],
						"4.2": [3.02, 2.25, 1.13],
						"4.2333": [3.05, 2.36, 1.11],
						"4.2667": [3.08, 2.47, 1.1],
						"4.3": [3.11, 2.58, 1.09],
						"4.3333": [3.15, 2.7, 1.07],
						"4.3667": [3.18, 2.83, 1.05],
						"4.4": [3.2, 2.98, 1.02],
						"4.4333": [3.22, 3.14, 0.98],
						"4.4667": [3.22, 3.33, 0.94],
						"4.5": [3.2, 3.54, 0.88],
						"4.5333": [3.17, 3.78, 0.81],
						"4.5667": [3.11, 4.04, 0.72],
						"4.6": [3.01, 4.4, 0.59],
						"4.6333": [2.88, 4.83, 0.44],
						"4.6667": [2.72, 5.31, 0.27],
						"4.7": [2.54, 5.83, 0.07],
						"4.7333": [2.34, 6.38, -0.14],
						"4.7667": [2.13, 6.94, -0.35],
						"4.8": [1.92, 7.52, -0.57],
						"4.8333": [1.72, 8.08, -0.79],
						"4.8667": [1.52, 8.64, -1],
						"4.9": [1.33, 9.16, -1.2],
						"4.9333": [1.16, 9.64, -1.39],
						"4.9667": [1.02, 10.08, -1.55],
						"5.0": [0.91, 10.45, -1.69],
						"5.0333": [0.84, 10.74, -1.79],
						"5.0667": [0.79, 11.08, -1.91],
						"5.1": [0.8, 11.31, -1.98],
						"5.1333": [0.85, 11.44, -2.02],
						"5.1667": [0.94, 11.5, -2.03],
						"5.2": [1.06, 11.5, -2.01],
						"5.2333": [1.2, 11.45, -1.97],
						"5.2667": [1.36, 11.37, -1.91],
						"5.3": [1.51, 11.28, -1.85],
						"5.3333": [1.66, 11.2, -1.79],
						"5.3667": [2.12, 10.93, -1.54],
						"5.4": [2.71, 10.5, -1.17],
						"5.4333": [3.22, 9.97, -0.84],
						"5.4667": [3.43, 9.37, -0.72],
						"5.5": [3.18, 8.7, -0.94],
						"5.5333": [2.64, 7.94, -1.39],
						"5.5667": [2.02, 7.13, -1.86],
						"5.6": [1.58, 6.32, -2.15],
						"5.6333": [1.41, 5.74, -2.18],
						"5.6667": [1.29, 5.1, -2.13],
						"5.7": [1.21, 4.46, -2.03],
						"5.7333": [1.17, 3.85, -1.91],
						"5.7667": [1.17, 3.31, -1.82],
						"5.8": [1.2, 2.89, -1.79],
						"5.8333": [1.34, 2.48, -1.89],
						"5.8667": [1.6, 2.28, -2.07],
						"5.9": [1.87, 2.16, -2.25],
						"5.9333": [2.1, 2.04, -2.33],
						"5.9667": [2.16, 1.98, -2.32],
						"6.0": [2.2, 1.92, -2.3],
						"6.0333": [2.23, 1.87, -2.26],
						"6.0667": [2.26, 1.83, -2.22],
						"6.1": [2.28, 1.78, -2.16],
						"6.1333": [2.31, 1.75, -2.09],
						"6.1667": [2.35, 1.71, -2.02],
						"6.2": [2.4, 1.68, -1.95],
						"6.2333": [2.47, 1.65, -1.87],
						"6.2667": [2.58, 1.63, -1.79],
						"6.3": [3.56, 1.6, -1.11],
						"6.3333": [4.42, 1.62, -0.72],
						"6.3667": [4.42, 1.62, -1.02],
						"6.4": [4.23, 1.63, -1.57],
						"6.4333": [3.98, 1.63, -2.13],
						"6.4667": [3.79, 1.64, -2.46],
						"6.5": [3.71, 1.65, -2.47],
						"6.5333": [3.66, 1.66, -2.33],
						"6.5667": [3.61, 1.67, -2.12],
						"6.6": [3.56, 1.67, -1.92],
						"6.6333": [3.49, 1.68, -1.79],
						"6.6667": [3.4, 1.68, -1.75],
						"6.7": [3.29, 1.68, -1.74],
						"6.7333": [3.17, 1.68, -1.75],
						"6.7667": [3.06, 1.68, -1.76],
						"6.8": [2.97, 1.67, -1.78],
						"6.8333": [2.92, 1.67, -1.79],
						"6.8667": [2.9, 1.67, -1.8],
						"6.9": [2.9, 1.66, -1.82],
						"6.9333": [2.92, 1.66, -1.84],
						"6.9667": [2.96, 1.65, -1.85],
						"7.0": [3.01, 1.65, -1.86],
						"7.0333": [3.07, 1.64, -1.84],
						"7.0667": [3.16, 1.63, -1.79],
						"7.1": [3.81, 1.61, -1.23],
						"7.1333": [4.22, 1.55, -0.84],
						"7.1667": [3.78, 1.47, -1.19],
						"7.2": [3.04, 1.36, -1.79],
						"7.2333": [2.46, 1.23, -2.19],
						"7.2667": [2.32, 1.11, -2.26],
						"7.3": [2.34, 0.98, -2.21],
						"7.3333": [2.33, 0.83, -2.06],
						"7.3667": [2.13, 0.68, -1.79],
						"7.4": [1.72, 0.54, -1.42],
						"7.4333": [1.14, 0.38, -0.89],
						"7.4667": [0.52, 0.23, -0.34],
						"7.5": [-0.02, 0.09, 0.13],
						"7.5333": [-0.36, 0, 0.41],
						"7.5667": [-0.35, -0.05, 0.31],
						"7.6": [-0.01, -0.03, -0.12],
						"7.6333": [0.24, 0, -0.41],
						"7.6667": [0.24, 0, -0.35],
						"7.7": [0.16, 0, -0.18],
						"7.7333": [0.06, 0, 0.02],
						"7.7667": [0, 0, 0.14],
						"7.8": [-0.02, 0, 0.15],
						"7.8333": [-0.02, 0, 0.12],
						"7.8667": [-0.01, 0, 0.08],
						"7.9": [0, 0, 0.03],
						"7.9333": [0, 0, 0]
					}
				},
				"bullet": {
					"scale": 0
				}
			},
			"sound_effects": {
				"0.0": {
					"effect": "iw:m2187/m2187_inspect_raise"
				},
				"1.1667": {
					"effect": "iw:m2187/m2187_inspect_rattle"
				},
				"2.1": {
					"effect": "iw:m2187/m2187_inspect_grab"
				},
				"4.4667": {
					"effect": "iw:m2187/m2187_inspect_rattle2"
				},
				"5.4333": {
					"effect": "iw:m2187/m2187_inspect_rotate"
				},
				"5.8": {
					"effect": "iw:m2187/m2187_chmbr_01"
				},
				"7.0": {
					"effect": "iw:m2187/m2187_chmbr_04"
				},
				"7.4": {
					"effect": "iw:m2187/m2187_chmbr_03"
				}
			}
		},
		"inspect_empty": {
			"animation_length": 7.9333,
			"bones": {
				"root": {
					"rotation": {
						"0.0": [0, 0, 0],
						"0.0333": [-0.33, -0.53, 0.73],
						"0.0667": [-0.4, -1.26, 1.78],
						"0.1": [-1.05, -2.13, 2.97],
						"0.1333": [-3.12, -3.07, 4.11],
						"0.1667": [-7.48, -4, 5],
						"0.2": [-12.01, -4.63, 5.41],
						"0.2333": [-18.05, -5.35, 5.77],
						"0.2667": [-25.09, -6.11, 6.08],
						"0.3": [-32.63, -6.88, 6.34],
						"0.3333": [-40.18, -7.6, 6.57],
						"0.3667": [-47.22, -8.24, 6.77],
						"0.4": [-53.26, -8.74, 6.93],
						"0.4333": [-57.79, -9.07, 7.08],
						"0.4667": [-62.85, -9.08, 7.25],
						"0.5": [-64.68, -8.52, 7.27],
						"0.5333": [-64.95, -7.87, 7.23],
						"0.5667": [-65.33, -7.61, 7.2],
						"0.6": [-65.77, -7.76, 7.2],
						"0.6333": [-65.99, -8.07, 7.19],
						"0.6667": [-66.05, -8.47, 7.18],
						"0.7": [-66, -8.9, 7.17],
						"0.7333": [-65.89, -9.31, 7.15],
						"0.7667": [-65.78, -9.65, 7.14],
						"0.8": [-65.72, -9.84, 7.13],
						"0.8333": [-65.69, -9.88, 7.12],
						"0.8667": [-65.63, -9.83, 7.11],
						"0.9": [-65.54, -9.74, 7.09],
						"0.9333": [-65.45, -9.6, 7.07],
						"0.9667": [-65.35, -9.45, 7.06],
						"1.0": [-65.25, -9.3, 7.05],
						"1.0333": [-65.16, -9.18, 7.05],
						"1.0667": [-65.1, -9.09, 7.06],
						"1.1": [-65.06, -9.07, 7.08],
						"1.1333": [-65.06, -9.13, 7.14],
						"1.1667": [-65.09, -9.24, 7.23],
						"1.2": [-65.15, -9.4, 7.34],
						"1.2333": [-65.22, -9.58, 7.45],
						"1.2667": [-65.29, -9.77, 7.55],
						"1.3": [-65.34, -9.95, 7.63],
						"1.3333": [-65.37, -10.1, 7.67],
						"1.3667": [-65.37, -10.26, 7.65],
						"1.4": [-65.36, -10.42, 7.58],
						"1.4333": [-65.33, -10.57, 7.48],
						"1.4667": [-65.3, -10.71, 7.37],
						"1.5": [-65.26, -10.84, 7.3],
						"1.5333": [-65.23, -10.94, 7.27],
						"1.5667": [-65.21, -11, 7.29],
						"1.6": [-65.21, -11.03, 7.33],
						"1.6333": [-65.21, -11.06, 7.39],
						"1.6667": [-65.2, -11.08, 7.46],
						"1.7": [-65.18, -11.09, 7.54],
						"1.7333": [-65.15, -11.11, 7.62],
						"1.7667": [-65.09, -11.14, 7.69],
						"1.8": [-64.99, -11.19, 7.75],
						"1.8333": [-64.84, -11.14, 7.87],
						"1.8667": [-64.68, -10.99, 7.98],
						"1.9": [-64.29, -11.11, 8.09],
						"1.9333": [-63.45, -11.83, 8.16],
						"1.9667": [-62.15, -13.31, 8.31],
						"2.0": [-60.49, -15.34, 8.52],
						"2.0333": [-58.42, -17.73, 8.54],
						"2.0667": [-55.89, -20.28, 8.16],
						"2.1": [-53.39, -22.54, 7.47],
						"2.1333": [-50.78, -24.73, 6.56],
						"2.1667": [-47.06, -27.74, 5.11],
						"2.2": [-41.25, -32.43, 2.81],
						"2.2333": [-36.99, -35.86, 1.12],
						"2.2667": [-31.66, -40.13, -1.03],
						"2.3": [-25.63, -44.94, -3.46],
						"2.3333": [-19.29, -50, -6.03],
						"2.3667": [-13.01, -55.02, -8.57],
						"2.4": [-7.17, -59.7, -10.92],
						"2.4333": [-2.15, -63.75, -12.91],
						"2.4667": [1.68, -66.86, -14.39],
						"2.5": [6.08, -70.58, -15.92],
						"2.5333": [7.78, -72.19, -16.24],
						"2.5667": [8.1, -72.75, -16.01],
						"2.6": [8.38, -73.31, -15.89],
						"2.6333": [8.52, -74.08, -15.91],
						"2.6667": [7.79, -74.22, -15.72],
						"2.7": [7.29, -74.14, -15.55],
						"2.7333": [7.31, -74.04, -15.47],
						"2.7667": [7.4, -73.83, -15.35],
						"2.8": [7.54, -73.57, -15.23],
						"2.8333": [7.73, -73.3, -15.15],
						"2.8667": [7.95, -73.1, -15.16],
						"2.9": [8.19, -73, -15.3],
						"2.9333": [8.2, -72.99, -15.34],
						"2.9667": [8.1, -72.97, -15.32],
						"3.0": [7.91, -72.94, -15.25],
						"3.0333": [7.65, -72.91, -15.16],
						"3.0667": [7.36, -72.88, -15.05],
						"3.1": [7.06, -72.86, -14.95],
						"3.1333": [6.78, -72.85, -14.87],
						"3.1667": [6.56, -72.85, -14.83],
						"3.2": [6.42, -72.87, -14.85],
						"3.2333": [6.39, -72.92, -14.95],
						"3.2667": [6.5, -73, -15.14],
						"3.3": [6.78, -73.1, -15.45],
						"3.3333": [7.25, -73.25, -15.88],
						"3.3667": [7.95, -73.43, -16.46],
						"3.4": [8.91, -73.66, -17.21],
						"3.4333": [10.15, -73.94, -18.13],
						"3.4667": [12.05, -74.35, -19.52],
						"3.5": [14.51, -74.86, -21.29],
						"3.5333": [17.42, -75.46, -23.39],
						"3.5667": [20.71, -76.12, -25.74],
						"3.6": [24.26, -76.84, -28.27],
						"3.6333": [27.99, -77.59, -30.92],
						"3.6667": [31.79, -78.36, -33.61],
						"3.7": [35.59, -79.12, -36.29],
						"3.7333": [39.27, -79.88, -38.87],
						"3.7667": [42.75, -80.6, -41.29],
						"3.8": [45.94, -81.27, -43.49],
						"3.8333": [48.72, -81.87, -45.39],
						"3.8667": [51.02, -82.39, -46.93],
						"3.9": [52.74, -82.8, -48.04],
						"3.9333": [54.24, -83.24, -48.89],
						"3.9667": [54.93, -83.55, -49.11],
						"4.0": [54.96, -83.75, -48.81],
						"4.0333": [54.48, -83.88, -48.11],
						"4.0667": [53.64, -83.94, -47.14],
						"4.1": [52.58, -83.95, -46.02],
						"4.1333": [51.45, -83.95, -44.86],
						"4.1667": [50.4, -83.95, -43.79],
						"4.2": [49.58, -83.97, -42.93],
						"4.2333": [49.14, -84.04, -42.41],
						"4.2667": [48.74, -84.22, -41.86],
						"4.3": [48.41, -84.38, -41.49],
						"4.3333": [48.22, -84.52, -41.32],
						"4.3667": [48.25, -84.61, -41.36],
						"4.4": [48.58, -84.64, -41.62],
						"4.4333": [49.3, -84.64, -42.24],
						"4.4667": [50.35, -84.58, -43.19],
						"4.5": [51.89, -84.4, -44.48],
						"4.5333": [54.1, -84.04, -46.13],
						"4.5667": [56.88, -83.48, -47.9],
						"4.6": [60.19, -82.74, -49.86],
						"4.6333": [64.26, -81.86, -52.51],
						"4.6667": [69.32, -80.86, -56.34],
						"4.7": [73.73, -80.05, -60.07],
						"4.7333": [79.09, -79.1, -64.78],
						"4.7667": [84.85, -78.08, -69.95],
						"4.8": [90.48, -77.1, -75.04],
						"4.8333": [95.43, -76.24, -79.52],
						"4.8667": [99.17, -75.58, -82.87],
						"4.9": [101.03, -75.25, -84.5],
						"4.9333": [102.65, -74.96, -85.9],
						"4.9667": [104, -74.72, -87.05],
						"5.0": [105.06, -74.54, -87.94],
						"5.0333": [105.78, -74.41, -88.53],
						"5.0667": [106.13, -74.35, -88.81],
						"5.1": [106.09, -74.35, -88.75],
						"5.1333": [105.62, -74.44, -88.33],
						"5.1667": [104.69, -74.6, -87.54],
						"5.2": [100.29, -75.38, -83.81],
						"5.2333": [93.37, -76.61, -77.96],
						"5.2667": [85.46, -78.01, -71.25],
						"5.3": [78.04, -79.32, -64.97],
						"5.3333": [71.35, -80.89, -59.26],
						"5.3667": [64.65, -82.72, -53.5],
						"5.4": [57.98, -84.03, -47.84],
						"5.4333": [51.39, -84.04, -42.41],
						"5.4667": [38.9, -79.55, -33.11],
						"5.5": [25.73, -72.1, -22.85],
						"5.5333": [8.67, -63.83, -8.05],
						"5.5667": [-6.33, -53.14, 7.45],
						"5.6": [-10.61, -45.64, 15.34],
						"5.6333": [-13.35, -36.82, 23.64],
						"5.6667": [-14.89, -28.34, 30.15],
						"5.7": [-15.56, -21.86, 32.64],
						"5.7333": [-15.41, -19.4, 31.26],
						"5.7667": [-14.7, -17.58, 27.89],
						"5.8": [-13.61, -16.27, 23.22],
						"5.8333": [-12.31, -15.35, 17.93],
						"5.8667": [-11.01, -14.71, 12.74],
						"5.9": [-9.87, -14.21, 8.33],
						"5.9333": [-9.09, -13.73, 5.39],
						"5.9667": [-8.55, -13.39, 3.79],
						"6.0": [-8.18, -13.46, 3.31],
						"6.0333": [-7.96, -13.78, 3.59],
						"6.0667": [-7.86, -14.21, 4.23],
						"6.1": [-7.85, -14.61, 4.86],
						"6.1333": [-7.9, -14.84, 5.09],
						"6.1667": [-8.24, -15.01, 4.51],
						"6.2": [-9.96, -14.9, 4.24],
						"6.2333": [-15.03, -14.29, 5.51],
						"6.2667": [-19.85, -13.82, 6.38],
						"6.3": [-20.55, -14.38, 4.38],
						"6.3333": [-20.01, -14.99, 2.27],
						"6.3667": [-20.04, -14.92, 2.28],
						"6.4": [-20.05, -14.68, 2.75],
						"6.4333": [-20.05, -14.44, 3.29],
						"6.4667": [-20.01, -14.33, 3.48],
						"6.5": [-20, -14.34, 3.44],
						"6.5333": [-20.01, -14.36, 3.37],
						"6.5667": [-20.04, -14.4, 3.28],
						"6.6": [-20.07, -14.44, 3.17],
						"6.6333": [-20.11, -14.5, 3.05],
						"6.6667": [-20.15, -14.56, 2.91],
						"6.7": [-20.2, -14.62, 2.77],
						"6.7333": [-20.23, -14.69, 2.61],
						"6.7667": [-20.26, -14.75, 2.45],
						"6.8": [-20.27, -14.82, 2.29],
						"6.8333": [-20.27, -14.88, 2.13],
						"6.8667": [-20.24, -14.94, 1.97],
						"6.9": [-20.19, -15, 1.82],
						"6.9333": [-20.12, -15.04, 1.69],
						"6.9667": [-20.01, -15.07, 1.56],
						"7.0": [-19.86, -15.09, 1.45],
						"7.0333": [-19.68, -15.1, 1.36],
						"7.0667": [-19.45, -15.09, 1.29],
						"7.1": [-11, -13.69, 1.41],
						"7.1333": [-2.16, -11.87, 9.42],
						"7.1667": [-0.09, -11.01, 5.01],
						"7.2": [0.85, -10.15, 0.01],
						"7.2333": [1.06, -9.65, 0.44],
						"7.2667": [0.9, -9.14, 2.28],
						"7.3": [0.6, -8.27, 3.18],
						"7.3333": [0.23, -7.15, 2.35],
						"7.3667": [-0.29, -5.72, 0.79],
						"7.4": [-0.75, -4.31, -0.88],
						"7.4333": [-0.93, -3.22, -2.01],
						"7.4667": [-0.48, -2.49, -2.45],
						"7.5": [0.34, -2.15, -2.32],
						"7.5333": [0.84, -1.75, -2.07],
						"7.5667": [0.4, -0.66, -1.71],
						"7.6": [-0.25, 0.25, -1.06],
						"7.6333": [-0.3, 0.39, 0.16],
						"7.6667": [-0.19, 0.25, 1.12],
						"7.7": [-0.09, 0.13, 0.69],
						"7.7333": [0, 0, 0],
						"7.7667": [0.01, -0.02, -0.07],
						"7.8": [0.01, -0.02, -0.08],
						"7.8333": [0.01, -0.01, -0.05],
						"7.8667": [0, 0, -0.02],
						"7.9": [0, 0, 0]
					},
					"position": {
						"0.0": [0, 0, 0],
						"0.0333": [-0.07, -0.37, -0.21],
						"0.0667": [-0.17, -0.9, -0.52],
						"0.1": [-0.25, -1.49, -0.83],
						"0.1333": [-0.28, -2.03, -1.04],
						"0.1667": [-0.22, -2.38, -1.1],
						"0.2": [-0.13, -2.7, -1.1],
						"0.2333": [-0.01, -3.02, -1.07],
						"0.2667": [0.11, -3.39, -1.02],
						"0.3": [0.22, -3.86, -0.99],
						"0.3333": [0.34, -4.69, -0.96],
						"0.3667": [0.45, -5.7, -0.92],
						"0.4": [0.55, -6.67, -0.88],
						"0.4333": [0.62, -7.39, -0.85],
						"0.4667": [0.66, -7.83, -0.84],
						"0.5": [0.66, -7.95, -0.84],
						"0.5333": [0.65, -7.98, -0.84],
						"0.5667": [0.65, -7.99, -0.84],
						"0.6": [0.64, -7.95, -0.84],
						"0.6333": [0.63, -7.88, -0.85],
						"0.6667": [0.63, -7.82, -0.85],
						"0.7": [0.62, -7.78, -0.85],
						"0.7333": [0.62, -7.77, -0.85],
						"0.7667": [0.62, -7.77, -0.85],
						"0.8": [0.62, -7.78, -0.85],
						"0.8333": [0.62, -7.79, -0.85],
						"0.8667": [0.62, -7.8, -0.85],
						"0.9": [0.62, -7.8, -0.85],
						"0.9333": [0.62, -7.8, -0.85],
						"0.9667": [0.62, -7.79, -0.85],
						"1.0": [0.62, -7.77, -0.85],
						"1.0333": [0.62, -7.77, -0.85],
						"1.0667": [0.62, -7.77, -0.85],
						"1.1": [0.62, -7.79, -0.85],
						"1.1333": [0.63, -7.87, -0.86],
						"1.1667": [0.63, -8.01, -0.87],
						"1.2": [0.64, -8.12, -0.88],
						"1.2333": [0.65, -8.15, -0.9],
						"1.2667": [0.66, -8.04, -0.92],
						"1.3": [0.67, -7.84, -0.94],
						"1.3333": [0.68, -7.63, -0.96],
						"1.3667": [0.69, -7.5, -0.98],
						"1.4": [0.7, -7.47, -0.99],
						"1.4333": [0.7, -7.48, -1.01],
						"1.4667": [0.71, -7.51, -1.02],
						"1.5": [0.72, -7.55, -1.03],
						"1.5333": [0.72, -7.58, -1.04],
						"1.5667": [0.72, -7.59, -1.04],
						"1.6": [0.72, -7.6, -1.04],
						"1.6333": [0.72, -7.6, -1.04],
						"1.6667": [0.72, -7.61, -1.04],
						"1.7": [0.72, -7.61, -1.04],
						"1.7333": [0.71, -7.62, -1.04],
						"1.7667": [0.71, -7.61, -1.03],
						"1.8": [0.71, -7.6, -1.03],
						"1.8333": [0.7, -7.59, -1.02],
						"1.8667": [0.7, -7.58, -1.02],
						"1.9": [0.69, -7.58, -1.02],
						"1.9333": [0.69, -7.61, -1.03],
						"1.9667": [0.68, -7.66, -1.06],
						"2.0": [0.68, -7.77, -1.11],
						"2.0333": [0.71, -8.07, -1.24],
						"2.0667": [0.8, -8.79, -1.49],
						"2.1": [0.92, -9.71, -1.82],
						"2.1333": [1.01, -10.21, -2.11],
						"2.1667": [1.12, -10.01, -2.42],
						"2.2": [1.1, -8.66, -2.64],
						"2.2333": [1.03, -7.9, -2.68],
						"2.2667": [0.93, -6.9, -2.71],
						"2.3": [0.8, -5.76, -2.74],
						"2.3333": [0.67, -4.57, -2.76],
						"2.3667": [0.54, -3.42, -2.77],
						"2.4": [0.44, -2.42, -2.78],
						"2.4333": [0.37, -1.66, -2.79],
						"2.4667": [0.33, -0.85, -2.8],
						"2.5": [0.37, -0.44, -2.81],
						"2.5333": [0.42, -0.24, -2.8],
						"2.5667": [0.43, -0.05, -2.8],
						"2.6": [0.39, 0.1, -2.8],
						"2.6333": [0.33, 0.19, -2.79],
						"2.6667": [0.26, 0.23, -2.79],
						"2.7": [0.2, 0.27, -2.79],
						"2.7333": [0.17, 0.32, -2.78],
						"2.7667": [0.18, 0.36, -2.78],
						"2.8": [0.19, 0.4, -2.77],
						"2.8333": [0.22, 0.44, -2.77],
						"2.8667": [0.25, 0.48, -2.76],
						"2.9": [0.28, 0.52, -2.76],
						"2.9333": [0.31, 0.56, -2.75],
						"2.9667": [0.34, 0.58, -2.75],
						"3.0": [0.36, 0.61, -2.75],
						"3.0333": [0.37, 0.62, -2.75],
						"3.0667": [0.38, 0.63, -2.74],
						"3.1": [0.39, 0.63, -2.74],
						"3.1333": [0.39, 0.63, -2.73],
						"3.1667": [0.39, 0.63, -2.73],
						"3.2": [0.4, 0.63, -2.73],
						"3.2333": [0.41, 0.63, -2.74],
						"3.2667": [0.42, 0.63, -2.76],
						"3.3": [0.43, 0.64, -2.79],
						"3.3333": [0.45, 0.65, -2.84],
						"3.3667": [0.46, 0.66, -2.88],
						"3.4": [0.47, 0.68, -2.94],
						"3.4333": [0.49, 0.69, -3.01],
						"3.4667": [0.53, 0.72, -3.12],
						"3.5": [0.6, 0.76, -3.25],
						"3.5333": [0.7, 0.82, -3.43],
						"3.5667": [0.81, 0.88, -3.62],
						"3.6": [0.96, 0.97, -3.86],
						"3.6333": [1.14, 1.06, -4.13],
						"3.6667": [1.32, 1.16, -4.42],
						"3.7": [1.52, 1.26, -4.71],
						"3.7333": [1.71, 1.36, -5],
						"3.7667": [1.88, 1.46, -5.26],
						"3.8": [2.04, 1.54, -5.49],
						"3.8333": [2.16, 1.6, -5.68],
						"3.8667": [2.35, 1.7, -5.94],
						"3.9": [2.45, 1.76, -6.07],
						"3.9333": [2.52, 1.8, -6.14],
						"3.9667": [2.61, 1.83, -6.21],
						"4.0": [2.67, 1.85, -6.25],
						"4.0333": [2.72, 1.86, -6.29],
						"4.0667": [2.78, 1.87, -6.33],
						"4.1": [2.84, 1.87, -6.36],
						"4.1333": [2.89, 1.88, -6.38],
						"4.1667": [2.94, 1.88, -6.4],
						"4.2": [2.99, 1.89, -6.42],
						"4.2333": [3.03, 1.89, -6.44],
						"4.2667": [3.08, 1.89, -6.46],
						"4.3": [3.11, 1.89, -6.47],
						"4.3333": [3.13, 1.89, -6.46],
						"4.3667": [3.16, 1.89, -6.46],
						"4.4": [3.2, 1.89, -6.46],
						"4.4333": [3.23, 1.89, -6.45],
						"4.4667": [3.28, 1.88, -6.44],
						"4.5": [3.37, 1.88, -6.44],
						"4.5333": [3.47, 1.88, -6.44],
						"4.5667": [3.6, 1.88, -6.44],
						"4.6": [3.75, 1.88, -6.44],
						"4.6333": [3.9, 1.88, -6.44],
						"4.6667": [4.04, 1.88, -6.44],
						"4.7": [4.15, 1.88, -6.44],
						"4.7333": [4.28, 1.88, -6.44],
						"4.7667": [4.4, 1.88, -6.44],
						"4.8": [4.51, 1.88, -6.44],
						"4.8333": [4.61, 1.88, -6.44],
						"4.8667": [4.67, 1.88, -6.44],
						"4.9": [4.7, 1.88, -6.44],
						"4.9333": [4.72, 1.89, -6.44],
						"4.9667": [4.74, 1.9, -6.44],
						"5.0": [4.75, 1.9, -6.44],
						"5.0333": [4.74, 1.91, -6.44],
						"5.0667": [4.73, 1.91, -6.44],
						"5.1": [4.71, 1.91, -6.44],
						"5.1333": [4.68, 1.9, -6.44],
						"5.1667": [4.64, 1.88, -6.44],
						"5.2": [4.49, 1.78, -6.44],
						"5.2333": [4.28, 1.64, -6.44],
						"5.2667": [4.05, 1.5, -6.44],
						"5.3": [3.85, 1.45, -6.44],
						"5.3333": [3.65, 1.63, -6.47],
						"5.3667": [3.46, 1.9, -6.51],
						"5.4": [3.26, 1.87, -6.44],
						"5.4333": [3.09, 1.46, -6.32],
						"5.4667": [2.91, 0.83, -6.16],
						"5.5": [2.71, 0.12, -5.92],
						"5.5333": [2.48, -0.5, -5.56],
						"5.5667": [2.29, -0.86, -5.2],
						"5.6": [2.07, -1.23, -4.73],
						"5.6333": [1.84, -1.59, -4.21],
						"5.6667": [1.63, -1.91, -3.7],
						"5.7": [1.45, -2.17, -3.25],
						"5.7333": [1.33, -2.33, -2.92],
						"5.7667": [1.27, -2.36, -2.69],
						"5.8": [1.29, -2.25, -2.57],
						"5.8333": [1.36, -2.06, -2.53],
						"5.8667": [1.43, -1.9, -2.5],
						"5.9": [1.48, -1.82, -2.45],
						"5.9333": [1.52, -1.9, -2.34],
						"5.9667": [1.56, -2.07, -2.24],
						"6.0": [1.59, -2.26, -2.14],
						"6.0333": [1.61, -2.38, -2.08],
						"6.0667": [1.6, -2.41, -2.06],
						"6.1": [1.59, -2.39, -2.05],
						"6.1333": [1.56, -2.36, -2.06],
						"6.1667": [1.54, -2.35, -2.07],
						"6.2": [1.52, -2.4, -2.08],
						"6.2333": [1.52, -2.85, -2.08],
						"6.2667": [1.52, -3.29, -2.08],
						"6.3": [1.5, -3.34, -2.08],
						"6.3333": [1.47, -3.32, -2.08],
						"6.3667": [1.44, -3.28, -2.09],
						"6.4": [1.43, -3.26, -2.09],
						"6.4333": [1.43, -3.27, -2.09],
						"6.4667": [1.43, -3.29, -2.09],
						"6.5": [1.44, -3.31, -2.1],
						"6.5333": [1.45, -3.33, -2.1],
						"6.5667": [1.46, -3.35, -2.1],
						"6.6": [1.47, -3.37, -2.11],
						"6.6333": [1.48, -3.38, -2.11],
						"6.6667": [1.48, -3.39, -2.11],
						"6.7": [1.48, -3.41, -2.12],
						"6.7333": [1.48, -3.42, -2.12],
						"6.7667": [1.47, -3.43, -2.13],
						"6.8": [1.47, -3.43, -2.13],
						"6.8333": [1.47, -3.42, -2.13],
						"6.8667": [1.48, -3.41, -2.13],
						"6.9": [1.48, -3.37, -2.13],
						"6.9333": [1.49, -3.32, -2.12],
						"6.9667": [1.5, -3.25, -2.11],
						"7.0": [1.51, -3.19, -2.1],
						"7.0333": [1.51, -3.13, -2.09],
						"7.0667": [1.52, -3.08, -2.08],
						"7.1": [1.52, -2.97, -1.99],
						"7.1333": [1.52, -2.89, -1.32],
						"7.1667": [1.54, -2.88, -1.51],
						"7.2": [1.57, -2.87, -1.87],
						"7.2333": [1.52, -2.75, -2.08],
						"7.2667": [1.36, -2.44, -1.93],
						"7.3": [1.14, -2.03, -1.65],
						"7.3333": [0.9, -1.71, -1.56],
						"7.3667": [0.64, -1.63, -2.06],
						"7.4": [0.37, -1.65, -2.75],
						"7.4333": [0.16, -1.55, -2.84],
						"7.4667": [0.07, -1.29, -2.06],
						"7.5": [0.03, -0.92, -0.76],
						"7.5333": [0.01, -0.55, 0.53],
						"7.5667": [0, -0.28, 1.28],
						"7.6": [-0.02, -0.1, 0.68],
						"7.6333": [-0.01, -0.08, -0.4],
						"7.6667": [-0.01, -0.06, -0.45],
						"7.7": [-0.01, -0.04, -0.33],
						"7.7333": [0, -0.04, -0.16],
						"7.7667": [0, -0.03, -0.04],
						"7.8": [0, -0.02, -0.01],
						"7.8333": [0, -0.02, 0],
						"7.8667": [0, -0.01, 0],
						"7.9": [0, 0, 0],
						"7.9333": [0, 0, 0]
					}
				},
				"tirgger": {
					"rotation": {
						"6.1333": [0, 0, 0],
						"6.2333": [-27.5, 0, 0],
						"7.0333": [-27.5, 0, 0],
						"7.1333": [0, 0, 0]
					}
				},
				"rightHand": {
					"rotation": {
						"0.0": [92.5, -355, -180],
						"2.2": [92.5, -355, -180],
						"2.5": [28.1937, -364.11724, -51.07244],
						"5.2667": [28.1937, -364.11724, -51.07244],
						"5.3667": [43.46812, -373.75678, -74.82303],
						"5.5667": [89.38469, -366.66907, -179.91162],
						"5.8667": [89.32102, -334.17103, -180.27891],
						"6.1333": [66.82102, -334.17103, -180.27891],
						"6.2333": [77.5, -355, -180],
						"6.3333": [74.32102, -334.17103, -180.27891],
						"7.0333": [74.32102, -334.17103, -180.27891],
						"7.1333": [66.82102, -345.36103, -180.27891],
						"7.3": [92.5, -355, -180]
					},
					"position": {
						"0.0": [-6.25, -13, -2],
						"2.2": [-6.25, -13, -2],
						"2.5": [-5.52, -11.775, 0.83],
						"5.2667": [-5.52, -11.775, 0.83],
						"5.3667": [-5.975, -10.77, 0.695],
						"5.4667": [-7.885, -11.375, -0.09],
						"5.5667": [-6.725, -13.3, -0.775],
						"5.8667": [-6.725, -13.3, -0.775],
						"6.1333": [-6.725, -13.3, -0.775],
						"6.2333": [-6.25, -16, -2],
						"6.3333": [-6.25, -16, -2],
						"7.0333": [-6.25, -16, -2],
						"7.1333": [-6.725, -13.3, -0.775],
						"7.3": [-6.25, -13, -2]
					},
					"scale": [1, 1.5, 1]
				},
				"bullet_eject": {
					"rotation": {
						"6.1333": [0, 0, 0],
						"6.2333": [27.5, 0, 0],
						"7.0333": [27.5, 0, 0],
						"7.1333": [0, 0, 0]
					},
					"position": {
						"6.1333": [0, 0, 0],
						"6.2333": [0, -1, 0],
						"7.0333": [0, -1, 0],
						"7.1333": [0, 0, 0]
					}
				},
				"leftHand": {
					"rotation": {
						"0.0": [83.5869, -26.86093, 237.42966],
						"1.1333": [83.5869, -26.86093, 237.42966],
						"1.3333": [83.5869, -26.86093, 237.42966],
						"1.8667": [83.5869, -26.86093, 237.42966],
						"2.0667": [85.77776, -26.22142, 233.18346],
						"2.2": [96.97785, -38.2588, 246.81919],
						"2.3667": [49.27838, -56.6008, 305.67604],
						"5.6": [49.27838, -56.6008, 305],
						"5.7667": [107.06948, -26.54246, 192.21265],
						"6.1667": [107.06948, -26.54246, 192.21265],
						"6.2667": [83.7884, -8.88815, 203.37804],
						"6.3333": [83.79, -8.89, 203.38],
						"7.0667": [83.7884, -8.88815, 203.37804],
						"7.1333": [107.14992, -38.3141, 197.49454],
						"7.2667": [107.14992, -38.3141, 197.49454],
						"7.4333": [83.5869, -26.86093, 237.42966]
					},
					"position": {
						"0.0": [7.675, -13.525, -15.775],
						"1.1333": [7.675, -13.525, -15.775],
						"1.3333": [7.675, -13.525, -15.775],
						"1.8667": [7.675, -13.525, -15.775],
						"2.0667": [7.825, -11.845, -11.195],
						"2.2": [7.63, -12.12, -11.7],
						"2.3667": [6.87, -13.2, -13.7],
						"5.6": [6.87, -13.2, -13.7],
						"5.7667": [7.4, -13.02, -11.32],
						"6.1667": [7.4, -13.02, -11.32],
						"6.2667": [7.203, -14.79986, -11.03613],
						"6.3333": [7.4, -15.27, -10.87],
						"6.9333": [7.4, -15.27, -10.87],
						"7.0": [7.40489, -15.49849, -10.79331],
						"7.0667": [7.40149, -15.33494, -10.84749],
						"7.1333": [7.42919, -13.21888, -11.86545],
						"7.2667": [7.42919, -13.21888, -11.86545],
						"7.4333": [7.675, -13.525, -15.775]
					},
					"scale": [1, 1.5, 1]
				},
				"camera": {
					"rotation": {
						"0.0": [0, 0, 0],
						"0.0333": [0.06, -0.01, 0],
						"0.0667": [0.19, -0.02, -0.01],
						"0.1": [0.32, -0.03, -0.01],
						"0.1333": [0.39, -0.05, -0.01],
						"0.1667": [0.36, -0.1, -0.01],
						"0.2": [0.16, -0.17, 0],
						"0.2333": [-0.22, -0.28, 0.02],
						"0.2667": [-0.77, -0.42, 0.04],
						"0.3": [-1.42, -0.58, 0.07],
						"0.3333": [-2.11, -0.75, 0.09],
						"0.3667": [-2.76, -0.91, 0.13],
						"0.4": [-3.3, -1.05, 0.15],
						"0.4333": [-3.66, -1.16, 0.18],
						"0.4667": [-3.84, -1.25, 0.23],
						"0.5": [-3.66, -1.28, 0.28],
						"0.5333": [-3.39, -1.28, 0.32],
						"0.5667": [-3.26, -1.29, 0.35],
						"0.6": [-3.31, -1.31, 0.36],
						"0.6333": [-3.42, -1.33, 0.36],
						"0.6667": [-3.55, -1.34, 0.36],
						"0.7": [-3.69, -1.35, 0.36],
						"0.7333": [-3.8, -1.35, 0.35],
						"0.7667": [-3.85, -1.33, 0.35],
						"0.8": [-3.87, -1.31, 0.35],
						"0.8333": [-3.9, -1.3, 0.35],
						"0.8667": [-3.92, -1.27, 0.35],
						"0.9": [-3.94, -1.25, 0.35],
						"0.9333": [-3.94, -1.22, 0.35],
						"0.9667": [-3.92, -1.19, 0.35],
						"1.0": [-3.88, -1.14, 0.35],
						"1.0333": [-3.8, -1.1, 0.35],
						"1.0667": [-3.68, -1.04, 0.35],
						"1.1": [-3.51, -0.98, 0.35],
						"1.1333": [-3.3, -0.91, 0.35],
						"1.1667": [-3.02, -0.83, 0.35],
						"1.2": [-2.7, -0.73, 0.35],
						"1.2333": [-2.34, -0.63, 0.35],
						"1.2667": [-1.96, -0.53, 0.35],
						"1.3": [-1.57, -0.42, 0.35],
						"1.3333": [-1.19, -0.32, 0.35],
						"1.3667": [-0.82, -0.22, 0.35],
						"1.4": [-0.49, -0.13, 0.35],
						"1.4333": [-0.2, -0.06, 0.35],
						"1.4667": [0.04, 0, 0.35],
						"1.5": [0.19, 0.03, 0.35],
						"1.5333": [0.31, 0.06, 0.35],
						"1.5667": [0.42, 0.08, 0.35],
						"1.6": [0.51, 0.1, 0.35],
						"1.6333": [0.58, 0.1, 0.35],
						"1.6667": [0.65, 0.11, 0.35],
						"1.7": [0.7, 0.11, 0.35],
						"1.7333": [0.74, 0.11, 0.35],
						"1.7667": [0.78, 0.11, 0.35],
						"1.8": [0.81, 0.1, 0.35],
						"1.8333": [0.84, 0.1, 0.35],
						"1.8667": [0.87, 0.09, 0.35],
						"1.9": [0.9, 0.09, 0.35],
						"1.9333": [0.94, 0.09, 0.35],
						"1.9667": [1.14, 0, 0.35],
						"2.0": [1.32, -0.1, 0.35],
						"2.0333": [1.56, -0.22, 0.34],
						"2.0667": [1.85, -0.35, 0.33],
						"2.1": [2.17, -0.5, 0.32],
						"2.1333": [2.49, -0.67, 0.32],
						"2.1667": [2.81, -0.86, 0.31],
						"2.2": [3.1, -1.09, 0.32],
						"2.2333": [3.35, -1.34, 0.33],
						"2.2667": [3.54, -1.63, 0.36],
						"2.3": [3.72, -2.18, 0.41],
						"2.3333": [3.8, -2.88, 0.49],
						"2.3667": [3.83, -3.63, 0.58],
						"2.4": [3.84, -4.37, 0.69],
						"2.4333": [3.86, -5.03, 0.79],
						"2.4667": [3.93, -5.52, 0.9],
						"2.5": [4.09, -5.93, 1.03],
						"2.5333": [4.3, -6.22, 1.16],
						"2.5667": [4.52, -6.38, 1.3],
						"2.6": [4.7, -6.41, 1.45],
						"2.6333": [4.81, -6.29, 1.62],
						"2.6667": [4.81, -6.17, 1.71],
						"2.7": [4.8, -6.01, 1.81],
						"2.7333": [4.76, -5.8, 1.93],
						"2.7667": [4.72, -5.56, 2.05],
						"2.8": [4.66, -5.3, 2.17],
						"2.8333": [4.6, -5.01, 2.29],
						"2.8667": [4.54, -4.72, 2.41],
						"2.9": [4.49, -4.42, 2.51],
						"2.9333": [4.46, -4.12, 2.59],
						"2.9667": [4.44, -3.84, 2.66],
						"3.0": [4.45, -3.58, 2.69],
						"3.0333": [4.48, -3.4, 2.71],
						"3.0667": [4.52, -3.22, 2.71],
						"3.1": [4.59, -3.04, 2.7],
						"3.1333": [4.66, -2.85, 2.68],
						"3.1667": [4.75, -2.67, 2.65],
						"3.2": [4.84, -2.49, 2.61],
						"3.2333": [4.93, -2.3, 2.57],
						"3.2667": [5.02, -2.12, 2.52],
						"3.3": [5.1, -1.94, 2.47],
						"3.3333": [5.18, -1.75, 2.42],
						"3.3667": [5.24, -1.57, 2.37],
						"3.4": [5.28, -1.39, 2.31],
						"3.4333": [5.31, -1.21, 2.26],
						"3.4667": [5.31, -1.04, 2.21],
						"3.5": [5.28, -0.86, 2.16],
						"3.5333": [5.22, -0.7, 2.11],
						"3.5667": [5.13, -0.54, 2.06],
						"3.6": [5.02, -0.38, 2],
						"3.6333": [4.89, -0.22, 1.95],
						"3.6667": [4.75, -0.06, 1.89],
						"3.7": [4.59, 0.1, 1.83],
						"3.7333": [4.42, 0.25, 1.77],
						"3.7667": [4.24, 0.41, 1.71],
						"3.8": [4.07, 0.56, 1.64],
						"3.8333": [3.89, 0.72, 1.58],
						"3.8667": [3.72, 0.87, 1.52],
						"3.9": [3.57, 1.02, 1.46],
						"3.9333": [3.42, 1.18, 1.41],
						"3.9667": [3.29, 1.33, 1.35],
						"4.0": [3.19, 1.48, 1.3],
						"4.0333": [3.11, 1.64, 1.26],
						"4.0667": [3.05, 1.78, 1.22],
						"4.1": [3.02, 1.91, 1.19],
						"4.1333": [3, 2.03, 1.16],
						"4.1667": [3.01, 2.15, 1.14],
						"4.2": [3.02, 2.25, 1.13],
						"4.2333": [3.05, 2.36, 1.11],
						"4.2667": [3.08, 2.47, 1.1],
						"4.3": [3.11, 2.58, 1.09],
						"4.3333": [3.15, 2.7, 1.07],
						"4.3667": [3.18, 2.83, 1.05],
						"4.4": [3.2, 2.98, 1.02],
						"4.4333": [3.22, 3.14, 0.98],
						"4.4667": [3.22, 3.33, 0.94],
						"4.5": [3.2, 3.54, 0.88],
						"4.5333": [3.17, 3.78, 0.81],
						"4.5667": [3.11, 4.04, 0.72],
						"4.6": [3.01, 4.4, 0.59],
						"4.6333": [2.88, 4.83, 0.44],
						"4.6667": [2.72, 5.31, 0.27],
						"4.7": [2.54, 5.83, 0.07],
						"4.7333": [2.34, 6.38, -0.14],
						"4.7667": [2.13, 6.94, -0.35],
						"4.8": [1.92, 7.52, -0.57],
						"4.8333": [1.72, 8.08, -0.79],
						"4.8667": [1.52, 8.64, -1],
						"4.9": [1.33, 9.16, -1.2],
						"4.9333": [1.16, 9.64, -1.39],
						"4.9667": [1.02, 10.08, -1.55],
						"5.0": [0.91, 10.45, -1.69],
						"5.0333": [0.84, 10.74, -1.79],
						"5.0667": [0.79, 11.08, -1.91],
						"5.1": [0.8, 11.31, -1.98],
						"5.1333": [0.85, 11.44, -2.02],
						"5.1667": [0.94, 11.5, -2.03],
						"5.2": [1.06, 11.5, -2.01],
						"5.2333": [1.2, 11.45, -1.97],
						"5.2667": [1.36, 11.37, -1.91],
						"5.3": [1.51, 11.28, -1.85],
						"5.3333": [1.66, 11.2, -1.79],
						"5.3667": [2.12, 10.93, -1.54],
						"5.4": [2.71, 10.5, -1.17],
						"5.4333": [3.22, 9.97, -0.84],
						"5.4667": [3.43, 9.37, -0.72],
						"5.5": [3.18, 8.7, -0.94],
						"5.5333": [2.64, 7.94, -1.39],
						"5.5667": [2.02, 7.13, -1.86],
						"5.6": [1.58, 6.32, -2.15],
						"5.6333": [1.41, 5.74, -2.18],
						"5.6667": [1.29, 5.1, -2.13],
						"5.7": [1.21, 4.46, -2.03],
						"5.7333": [1.17, 3.85, -1.91],
						"5.7667": [1.17, 3.31, -1.82],
						"5.8": [1.2, 2.89, -1.79],
						"5.8333": [1.34, 2.48, -1.89],
						"5.8667": [1.6, 2.28, -2.07],
						"5.9": [1.87, 2.16, -2.25],
						"5.9333": [2.1, 2.04, -2.33],
						"5.9667": [2.16, 1.98, -2.32],
						"6.0": [2.2, 1.92, -2.3],
						"6.0333": [2.23, 1.87, -2.26],
						"6.0667": [2.26, 1.83, -2.22],
						"6.1": [2.28, 1.78, -2.16],
						"6.1333": [2.31, 1.75, -2.09],
						"6.1667": [2.35, 1.71, -2.02],
						"6.2": [2.4, 1.68, -1.95],
						"6.2333": [2.47, 1.65, -1.87],
						"6.2667": [2.58, 1.63, -1.79],
						"6.3": [3.56, 1.6, -1.11],
						"6.3333": [4.42, 1.62, -0.72],
						"6.3667": [4.42, 1.62, -1.02],
						"6.4": [4.23, 1.63, -1.57],
						"6.4333": [3.98, 1.63, -2.13],
						"6.4667": [3.79, 1.64, -2.46],
						"6.5": [3.71, 1.65, -2.47],
						"6.5333": [3.66, 1.66, -2.33],
						"6.5667": [3.61, 1.67, -2.12],
						"6.6": [3.56, 1.67, -1.92],
						"6.6333": [3.49, 1.68, -1.79],
						"6.6667": [3.4, 1.68, -1.75],
						"6.7": [3.29, 1.68, -1.74],
						"6.7333": [3.17, 1.68, -1.75],
						"6.7667": [3.06, 1.68, -1.76],
						"6.8": [2.97, 1.67, -1.78],
						"6.8333": [2.92, 1.67, -1.79],
						"6.8667": [2.9, 1.67, -1.8],
						"6.9": [2.9, 1.66, -1.82],
						"6.9333": [2.92, 1.66, -1.84],
						"6.9667": [2.96, 1.65, -1.85],
						"7.0": [3.01, 1.65, -1.86],
						"7.0333": [3.07, 1.64, -1.84],
						"7.0667": [3.16, 1.63, -1.79],
						"7.1": [3.81, 1.61, -1.23],
						"7.1333": [4.22, 1.55, -0.84],
						"7.1667": [3.78, 1.47, -1.19],
						"7.2": [3.04, 1.36, -1.79],
						"7.2333": [2.46, 1.23, -2.19],
						"7.2667": [2.32, 1.11, -2.26],
						"7.3": [2.34, 0.98, -2.21],
						"7.3333": [2.33, 0.83, -2.06],
						"7.3667": [2.13, 0.68, -1.79],
						"7.4": [1.72, 0.54, -1.42],
						"7.4333": [1.14, 0.38, -0.89],
						"7.4667": [0.52, 0.23, -0.34],
						"7.5": [-0.02, 0.09, 0.13],
						"7.5333": [-0.36, 0, 0.41],
						"7.5667": [-0.35, -0.05, 0.31],
						"7.6": [-0.01, -0.03, -0.12],
						"7.6333": [0.24, 0, -0.41],
						"7.6667": [0.24, 0, -0.35],
						"7.7": [0.16, 0, -0.18],
						"7.7333": [0.06, 0, 0.02],
						"7.7667": [0, 0, 0.14],
						"7.8": [-0.02, 0, 0.15],
						"7.8333": [-0.02, 0, 0.12],
						"7.8667": [-0.01, 0, 0.08],
						"7.9": [0, 0, 0.03],
						"7.9333": [0, 0, 0]
					}
				},
				"bullet": {
					"scale": 0
				}
			},
			"sound_effects": {
				"0.0": {
					"effect": "iw:m2187/m2187_inspect_raise"
				},
				"1.1667": {
					"effect": "iw:m2187/m2187_inspect_rattle"
				},
				"2.1": {
					"effect": "iw:m2187/m2187_inspect_grab"
				},
				"4.4667": {
					"effect": "iw:m2187/m2187_inspect_rattle2"
				},
				"5.4333": {
					"effect": "iw:m2187/m2187_inspect_rotate"
				},
				"5.8": {
					"effect": "iw:m2187/m2187_chmbr_01"
				},
				"7.0": {
					"effect": "iw:m2187/m2187_chmbr_04"
				},
				"7.4": {
					"effect": "iw:m2187/m2187_chmbr_03"
				}
			}
		}
	}
}