{
	"format_version": "1.8.0",
	"animations": {
		"static_idle": {
			"animation_length": 0.125,
			"bones": {
				"root": {
					"rotation": [0, 0, 0],
					"position": [0, 0, 0],
					"scale": 1
				},
				"righthand": {
					"rotation": [89.48883, 11.99954, -180.10627],
					"position": [-6.85, -14.075, 9.0875],
					"scale": [1, 1.5, 1]
				},
				"lefthand": {
					"rotation": [101.15036, -24.54636, -179.04938],
					"position": [6.7, -14.2125, 0.1125],
					"scale": [1, 1.5, 1]
				}
			}
		},
		"transform": {
			"animation_length": 1,
			"bones": {
				"root": {
					"rotation": {
						"0.0": [0, 0, 0],
						"0.1667": [0, 0, 0]
					},
					"position": {
						"0.0": [0, 0, 0],
						"0.1667": [0, 0, 1],
						"0.4": [-1.105, 0, -2],
						"0.6667": [-2, 0, -2]
					},
					"scale": 1
				},
				"righthand": {
					"rotation": [89.48883, 11.99954, -180.10627],
					"position": [-6.85, -14.075, 9.0875],
					"scale": [1, 1.5, 1]
				},
				"lefthand": {
					"rotation": {
						"0.0": [101.15036, -24.54636, -179.04938],
						"0.2": [100.16821, -4.8876, -175.24387],
						"0.3": [100.16821, -4.8876, -175.24387],
						"0.4333": [101.15, -24.55, -179.05],
						"0.5667": [92.63084, 0.03425, -174.36226]
					},
					"position": [6.7, -14.2125, 0.1125],
					"scale": [1, 1.5, 1]
				},
				"lefthand_default": {
					"rotation": {
						"0.0": {
							"post": [0, 0, 0],
							"lerp_mode": "catmullrom"
						},
						"0.2": {
							"post": [0, 0, -42.5],
							"lerp_mode": "catmullrom"
						},
						"0.3": {
							"post": [0, 0, -92.5],
							"lerp_mode": "catmullrom"
						},
						"0.4333": {
							"post": [0, 0, 0],
							"lerp_mode": "catmullrom"
						},
						"0.7667": {
							"post": [0, 0, 0],
							"lerp_mode": "catmullrom"
						}
					},
					"position": {
						"0.0": {
							"post": [0, 0, 0],
							"lerp_mode": "catmullrom"
						},
						"0.2": {
							"post": [2, 1, 0],
							"lerp_mode": "catmullrom"
						},
						"0.3": {
							"post": [2.88, 2.475, 2],
							"lerp_mode": "catmullrom"
						},
						"0.4333": {
							"post": [14.88, 2.48, -4],
							"lerp_mode": "catmullrom"
						},
						"0.5333": {
							"post": [14.88, -0.52, 6.105],
							"lerp_mode": "catmullrom"
						},
						"0.6333": {
							"post": [14.88, -0.52, 9.23],
							"lerp_mode": "catmullrom"
						},
						"0.7667": {
							"post": [14.88, -0.52, 9.23],
							"lerp_mode": "catmullrom"
						}
					}
				},
				"righthand_default": {
					"rotation": {
						"0.0": [0, 0, 0],
						"0.2333": {
							"pre": [0, 0, 35],
							"post": [0, 0, 35],
							"lerp_mode": "catmullrom"
						},
						"0.3": {
							"post": [0, 0, 35],
							"lerp_mode": "catmullrom"
						},
						"0.4667": {
							"post": [0, 0, -10],
							"lerp_mode": "catmullrom"
						},
						"0.5667": {
							"post": [0, 0, -2.5],
							"lerp_mode": "catmullrom"
						},
						"0.8667": {
							"post": [0, 0, -2.5],
							"lerp_mode": "catmullrom"
						}
					},
					"position": {
						"0.0": [0, 0, 0],
						"0.2333": {
							"pre": [-2, 0, 0],
							"post": [-2, 0, 0],
							"lerp_mode": "catmullrom"
						},
						"0.3": {
							"post": [-2, 0, 4],
							"lerp_mode": "catmullrom"
						},
						"0.5": {
							"post": [-2, 0, -3],
							"lerp_mode": "catmullrom"
						},
						"0.6": {
							"post": [-2, 0, 0],
							"lerp_mode": "catmullrom"
						},
						"0.8667": {
							"post": [-2, 0, 0],
							"lerp_mode": "catmullrom"
						}
					}
				},
				"camera": {
					"rotation": {
						"0.0": {
							"post": [0, 0, 0],
							"lerp_mode": "catmullrom"
						},
						"0.1": {
							"post": [2.38, 1.14, 0],
							"lerp_mode": "catmullrom"
						},
						"0.2": {
							"post": [2.43, 1.75, 0],
							"lerp_mode": "catmullrom"
						},
						"0.3": {
							"post": [1.29, 1.14, 0],
							"lerp_mode": "catmullrom"
						},
						"0.4": {
							"post": [-1, 0.57, 0],
							"lerp_mode": "catmullrom"
						},
						"0.6": {
							"post": [-2.00275, 0, -0.03503],
							"lerp_mode": "catmullrom"
						},
						"0.8333": {
							"post": [0, 0, 0],
							"lerp_mode": "catmullrom"
						}
					}
				}
			},
			"sound_effects": {
				"0.1333": {
					"effect": "iw:type2/wpfoly_fmg_switch_akimbo_v1"
				}
			}
		},
		"shoot": {
			"animation_length": 1.125,
			"bones": {
				"trigger": {
					"position": {
						"0.0": [0, 0, 0],
						"0.0417": [0, 0, 0.2],
						"0.0833": [0, 0, 0]
					}
				},
				"root": {
					"rotation": {
						"0.0": [0, 0, 0],
						"0.0417": [-0.586, 0.022, -0.92],
						"0.0833": [-0.273, 0.009, 0.812],
						"0.125": [-0.014, 0.047, 1.048],
						"0.1667": [0.228, 0.118, 0.927],
						"0.2083": [0.343, 0.179, 0.353],
						"0.25": [0.339, 0.226, -0.463],
						"0.2917": [0.129, 0.177, -0.515],
						"0.3333": [-0.064, 0.105, -0.246],
						"0.375": [-0.257, 0.034, 0.024],
						"0.4167": [-0.162, -0.071, 0.343],
						"0.4583": [-0.098, -0.04, 0.194],
						"0.5": [-0.034, -0.008, 0.045],
						"0.5417": [0.03, 0.024, -0.104],
						"0.5833": [0.078, 0.045, -0.164],
						"0.625": [0.062, 0.034, -0.075],
						"0.6667": [0.047, 0.023, 0.015],
						"0.7083": [0.031, 0.011, 0.104],
						"0.75": [0.022, 0.01, 0.058],
						"0.7917": [0.013, 0.009, 0.011],
						"0.9167": [0.003, 0.005, -0.103],
						"1.0": [0.002, 0.004, -0.077],
						"1.125": [0, 0, 0]
					},
					"position": {
						"0.0": [0, 0, 0],
						"0.0417": [0.002, 0.029, 1.064],
						"0.0833": [0.012, 0.082, 0.258],
						"0.125": [0, 0.036, 0.272],
						"0.1667": [-0.003, -0.014, 0.11],
						"0.2083": [-0.014, -0.034, 0.084],
						"0.25": [-0.009, -0.03, 0.051],
						"0.2917": [0.001, -0.014, 0.042],
						"0.3333": [0.003, 0.004, 0.034],
						"0.375": [0.016, -0.009, 0.043],
						"0.4167": [0.048, 0.015, 0.069],
						"0.4583": [0.039, 0.012, 0.057],
						"0.5": [0.03, 0.01, 0.045],
						"0.5417": [0.022, 0.007, 0.034],
						"0.5833": [-0.003, -0.006, 0.009],
						"0.625": [-0.005, -0.007, 0.007],
						"0.6667": [-0.007, -0.007, 0.006],
						"0.7083": [-0.01, -0.007, 0.005],
						"0.75": [-0.008, -0.008, 0.005],
						"0.7917": [-0.007, -0.008, 0.004],
						"0.9167": [-0.003, -0.009, 0.003],
						"1.0": [-0.003, -0.008, 0.003],
						"1.125": [0, 0, 0]
					}
				},
				"camera": {
					"rotation": {
						"0.0": [0, 0, 0],
						"0.0417": [0, 0, 0.65],
						"0.0833": [0, 0, 0.41],
						"0.125": [0, 0, -0.185],
						"0.1667": [0, 0, 0.2],
						"0.2083": [0, 0, 0]
					}
				},
				"constraint": {
					"position": [0, 0, 0]
				}
			}
		},
		"draw": {
			"animation_length": 0.75,
			"bones": {
				"root": {
					"rotation": {
						"0.0": {
							"post": [0.811, -32.64455, 33.95463],
							"lerp_mode": "catmullrom"
						},
						"0.0833": {
							"post": [5.88301, -29.75023, 5.08656],
							"lerp_mode": "catmullrom"
						},
						"0.25": {
							"post": [0.28514, -4.44535, -0.52252],
							"lerp_mode": "catmullrom"
						},
						"0.375": {
							"post": [-0.8526, -0.39013, -4.13439],
							"lerp_mode": "catmullrom"
						},
						"0.4167": {
							"post": [-0.01, -0.435, -0.76],
							"lerp_mode": "catmullrom"
						},
						"0.5": {
							"post": [1.01337, -0.38036, -1.29904],
							"lerp_mode": "catmullrom"
						},
						"0.625": {
							"post": [0, 0.25, -1.25],
							"lerp_mode": "catmullrom"
						},
						"0.75": {
							"post": [0, 0, 0],
							"lerp_mode": "catmullrom"
						}
					},
					"position": {
						"0.0": {
							"post": [-3.18, -5.58, 13.525],
							"lerp_mode": "catmullrom"
						},
						"0.0833": {
							"post": [-0.9, -2.45, 2.7],
							"lerp_mode": "catmullrom"
						},
						"0.25": {
							"post": [-0.25, -0.9425, -1.14],
							"lerp_mode": "catmullrom"
						},
						"0.2917": {
							"post": [-0.03, -0.3025, -0.8],
							"lerp_mode": "catmullrom"
						},
						"0.4167": {
							"post": [-0.03, -0.1475, -0.145],
							"lerp_mode": "catmullrom"
						},
						"0.5": {
							"post": [-0.01, -0.2, 0.065],
							"lerp_mode": "catmullrom"
						},
						"0.5833": {
							"post": [0, -0.08125, 0],
							"lerp_mode": "catmullrom"
						},
						"0.75": {
							"post": [0, 0, 0],
							"lerp_mode": "catmullrom"
						}
					}
				},
				"camera": {
					"rotation": {
						"0.0": {
							"post": [0, 0, 0],
							"lerp_mode": "catmullrom"
						},
						"0.1667": {
							"post": [0.45, -0.175, 0.6],
							"lerp_mode": "catmullrom"
						},
						"0.4167": {
							"post": [-0.1, 0.05, -0.175],
							"lerp_mode": "catmullrom"
						},
						"0.5": {
							"post": [0.05, 0, 0.05],
							"lerp_mode": "catmullrom"
						},
						"0.6667": {
							"post": [0, 0, 0],
							"lerp_mode": "catmullrom"
						}
					}
				},
				"righthand": {
					"rotation": [89.48883, 11.99954, -180.10627],
					"position": [-6.85, -14.075, 9.0875],
					"scale": [1, 1.5, 1]
				},
				"lefthand": {
					"rotation": {
						"0.0": [101.15036, -24.54636, -179.04938],
						"0.3333": [101.15036, -24.54636, -179.04938]
					},
					"position": {
						"0.0": [6.7, -14.2125, 0.1125],
						"0.3333": [6.7, -14.2125, 0.1125]
					},
					"scale": {
						"0.0": [1, 1.5, 1],
						"0.3333": [1, 1.5, 1]
					}
				}
			}
		},
		"put_away": {
			"animation_length": 0.5833,
			"bones": {
				"root": {
					"rotation": {
						"0.0": {
							"post": [0, 0, 0],
							"lerp_mode": "catmullrom"
						},
						"0.125": {
							"post": [-0.51171, -3.6801, -4.19401],
							"lerp_mode": "catmullrom"
						},
						"0.25": {
							"post": [4.36882, -11.73179, -10.29382],
							"lerp_mode": "catmullrom"
						},
						"0.375": {
							"post": [11.60471, -21.56305, -3.66288],
							"lerp_mode": "catmullrom"
						},
						"0.5": {
							"post": [16.97, -33.62, 3.38],
							"lerp_mode": "catmullrom"
						},
						"0.5833": [44.73, -44.04, -3.09]
					},
					"position": {
						"0.0": {
							"post": [0, 0, 0],
							"lerp_mode": "catmullrom"
						},
						"0.125": {
							"post": [0, -0.49, -0.02],
							"lerp_mode": "catmullrom"
						},
						"0.25": {
							"post": [-0.52, -1.47, -0.56],
							"lerp_mode": "catmullrom"
						},
						"0.375": {
							"post": [-0.36, -2.92, -0.84],
							"lerp_mode": "catmullrom"
						},
						"0.5": {
							"post": [0.13, -5.86, -0.16],
							"lerp_mode": "catmullrom"
						},
						"0.5833": [1.72, -10.68, 1.16]
					}
				},
				"camera": {
					"rotation": {
						"0.0": {
							"post": [0, 0, 0],
							"lerp_mode": "catmullrom"
						},
						"0.1667": {
							"post": [0.35, 0.025, -0.225],
							"lerp_mode": "catmullrom"
						},
						"0.4167": {
							"post": [0.1, 0.025, 0.075],
							"lerp_mode": "catmullrom"
						},
						"0.5833": {
							"post": [0, 0, 0],
							"lerp_mode": "catmullrom"
						}
					}
				},
				"righthand": {
					"rotation": [89.48883, 11.99954, -180.10627],
					"position": [-6.85, -14.075, 9.0875],
					"scale": [1, 1.5, 1]
				},
				"lefthand": {
					"rotation": {
						"0.0": [101.15036, -24.54636, -179.04938],
						"0.125": [131.80539, -40.38483, -189.77942],
						"0.25": [144.20977, -13.85704, -215.90833]
					},
					"position": {
						"0.0": [6.7, -14.2125, 0.1125],
						"0.125": [10.2, -10.9, 1.8],
						"0.25": [9.2, -8.9, -0.2]
					},
					"scale": [1, 1.5, 1]
				}
			}
		},
		"reload_tactical": {
			"animation_length": 2.2667,
			"bones": {
				"root": {
					"rotation": {
						"0.0": {
							"post": [0, 0, 0],
							"lerp_mode": "catmullrom"
						},
						"0.2667": {
							"post": [22.35279, -22.90108, -21.45411],
							"lerp_mode": "catmullrom"
						},
						"0.4": {
							"post": [22.21917, -23.99681, -21.41099],
							"lerp_mode": "catmullrom"
						},
						"0.4667": {
							"post": [21.81715, -22.38797, -17.48681],
							"lerp_mode": "catmullrom"
						},
						"0.6": {
							"post": [19.71474, -21.88253, -17.1827],
							"lerp_mode": "catmullrom"
						},
						"0.8": {
							"post": [20.43453, -22.82701, -21.2417],
							"lerp_mode": "catmullrom"
						},
						"0.9": {
							"post": [22.81226, -23.50748, -24.20756],
							"lerp_mode": "catmullrom"
						},
						"1.1": {
							"post": [21.56565, -24.326, -23.31597],
							"lerp_mode": "catmullrom"
						},
						"1.1667": {
							"post": [25.2485, -23.9375, -22.89313],
							"lerp_mode": "catmullrom"
						},
						"1.4333": {
							"post": [8.46075, -27.59772, -34.83451],
							"lerp_mode": "catmullrom"
						},
						"1.6": {
							"post": [-14.36214, -19.444, -20.68301],
							"lerp_mode": "catmullrom"
						},
						"1.7": {
							"post": [-12.63606, -4.76279, -6.39753],
							"lerp_mode": "catmullrom"
						},
						"1.8333": {
							"post": [-4.48906, -0.82, -0.77],
							"lerp_mode": "catmullrom"
						},
						"1.9333": {
							"post": [1.70703, 0, -1.4],
							"lerp_mode": "catmullrom"
						},
						"2.0333": {
							"post": [-0.36328, 0.425, 1.025],
							"lerp_mode": "catmullrom"
						},
						"2.2667": {
							"post": [0, 0, 0],
							"lerp_mode": "catmullrom"
						}
					},
					"position": {
						"0.0": {
							"post": [0, 0, 0],
							"lerp_mode": "catmullrom"
						},
						"0.2667": {
							"post": [7.4, -1.95, -6.1],
							"lerp_mode": "catmullrom"
						},
						"0.4": {
							"post": [7.15, -1.775, -5.73],
							"lerp_mode": "catmullrom"
						},
						"0.5": {
							"post": [7.15, -1.535, -5.605],
							"lerp_mode": "catmullrom"
						},
						"0.6667": {
							"post": [7.2, -1.55, -5.7],
							"lerp_mode": "catmullrom"
						},
						"0.8": {
							"post": [7.2, -1.6, -5.7],
							"lerp_mode": "catmullrom"
						},
						"0.9": {
							"post": [7.21, -1.85, -5.65],
							"lerp_mode": "catmullrom"
						},
						"1.0": {
							"post": [7.23, -1.71, -5.67],
							"lerp_mode": "catmullrom"
						},
						"1.1": {
							"post": [7.22, -1.63, -5.69],
							"lerp_mode": "catmullrom"
						},
						"1.1667": {
							"post": [7.17, -1.845, -5.71],
							"lerp_mode": "catmullrom"
						},
						"1.4": {
							"post": [7.1, -2.45, -3.54],
							"lerp_mode": "catmullrom"
						},
						"1.5333": {
							"post": [2.3, -1.975, -0.575],
							"lerp_mode": "catmullrom"
						},
						"1.7": {
							"post": [-0.8, -1.3, -0.875],
							"lerp_mode": "catmullrom"
						},
						"1.8": {
							"post": [-0.05, -0.35, -1.525],
							"lerp_mode": "catmullrom"
						},
						"1.9333": {
							"post": [0.025, -0.05, 0.275],
							"lerp_mode": "catmullrom"
						},
						"2.0333": {
							"post": [0, -0.15, -0.15],
							"lerp_mode": "catmullrom"
						},
						"2.2667": {
							"post": [0, 0, 0],
							"lerp_mode": "catmullrom"
						}
					}
				},
				"refit_scope_view": {
					"position": [2, 0, 8]
				},
				"mag_and_righthand": {
					"rotation": {
						"0.0": [0, 0, 0],
						"0.8": [0, 0, 0],
						"1.0": [0, 0, 0],
						"1.1": [0, 0, 0],
						"1.6667": [0, 0, 0]
					},
					"position": {
						"0.0": [0, 0, 0],
						"0.2667": [0, 0.0625, 0],
						"0.3667": [0, 0.0625, 0],
						"0.5667": [0, 0.875, 21],
						"0.7667": [0, 0.875, 21],
						"0.8": [0, 0.875, 21],
						"1.0": [0, 0.875, 16.0625],
						"1.1": [0, 0.0625, 0],
						"1.1667": [0, 0.0625, 0],
						"1.2333": [0, 0.0625, 0],
						"1.3333": [0, 0.0625, 0],
						"1.4": [0, 0.0625, 0],
						"1.4667": [0, 0, 0],
						"1.5333": [0, 0, 0],
						"1.6": [0, 0, 0],
						"1.6667": [0, 0, 0]
					}
				},
				"righthand": {
					"rotation": {
						"0.0": [89.48883, 11.99954, -180.10627],
						"0.1667": [89.48883, 11.99954, -180.10627],
						"0.2667": [85.36446, 11.09177, -200.50289],
						"0.3667": [44.46838, -2.56285, -269.20737],
						"0.4667": [22.64595, -1.05506, -264.81683],
						"0.5": [22.64595, -1.05506, -264.81683],
						"0.5667": [22.64595, -1.05506, -264.81683],
						"0.7": [22.64595, -1.05506, -264.81683],
						"0.8": [22.64595, -1.05506, -264.81683],
						"0.9": [22.64595, -1.05506, -264.81683],
						"1.0": [22.64595, -1.05506, -264.81683],
						"1.1": [22.64595, -1.05506, -264.81683],
						"1.1667": [80.13322, 51.13101, -174.74515],
						"1.4": [89.48883, 11.99954, -180.10627],
						"1.4667": [89.48883, 11.99954, -180.10627],
						"1.5333": [89.48883, 11.99954, -180.10627]
					},
					"position": {
						"0.0": [-6.85, -14.075, 9.0875],
						"0.1667": [-13, -7.6, 17.5],
						"0.2667": [-6.9875, -6.85, 21.5],
						"0.3": [-5.97, -6.2425, 21.17],
						"0.3667": [-5.3, -7.5375, 20.875],
						"0.4667": [-6.1318, -7.54524, 21.75704],
						"0.5": [-6.1318, -7.54524, 21.75704],
						"0.5667": [-6.1318, -7.54524, 21.75704],
						"0.7": [-5.1943, -7.48274, 21.06954],
						"0.8": [-5.1943, -7.48274, 21.06954],
						"0.9": [-5.1943, -7.48274, 21.06954],
						"1.0": [-5.1943, -7.48274, 21.06954],
						"1.1": [-6.1318, -7.54524, 21.75704],
						"1.1667": [-6.9443, -6.23274, 22.00704],
						"1.4": [-11.0068, -5.67024, 22.00704],
						"1.4667": [-10.5068, -12.17024, 16.69454],
						"1.5333": [-6.85, -14.075, 9.0875]
					},
					"scale": {
						"0.0": [1, 1.5, 1],
						"1.5333": [1, 1.5, 1]
					}
				},
				"lefthand": {
					"rotation": [101.15036, -24.54636, -179.04938],
					"position": [6.7, -14.2125, 0.1125],
					"scale": [1, 1.5, 1]
				},
				"mag_release": {
					"rotation": {
						"0.3667": [0, 0, 0],
						"0.4": [40, 0, 0],
						"1.0667": [40, 0, 0],
						"1.1": [0, 0, 0]
					},
					"position": {
						"0.3667": [0, 0, 0],
						"0.4": [0, 0.5, 0],
						"1.0667": [0, 0.5, 0],
						"1.1": [0, 0, 0]
					}
				},
				"camera": {
					"rotation": {
						"0.0": {
							"post": [0, 0, 0],
							"lerp_mode": "catmullrom"
						},
						"0.3": {
							"post": [1.075, 0, -1.05],
							"lerp_mode": "catmullrom"
						},
						"0.4": {
							"post": [-0.72, 0, 1.28],
							"lerp_mode": "catmullrom"
						},
						"0.5667": {
							"post": [-0.3, 0, 0.58],
							"lerp_mode": "catmullrom"
						},
						"0.7": {
							"post": [-0.58, 0, 0.955],
							"lerp_mode": "catmullrom"
						},
						"0.9333": {
							"post": [0.59, 0, -0.49],
							"lerp_mode": "catmullrom"
						},
						"1.1": {
							"post": [-0.32, 0, 0.19],
							"lerp_mode": "catmullrom"
						},
						"1.1667": {
							"post": [1.245, 0, -1.355],
							"lerp_mode": "catmullrom"
						},
						"1.3": {
							"post": [0.28, 0, -0.66],
							"lerp_mode": "catmullrom"
						},
						"1.4333": {
							"post": [0.57, 0, -1],
							"lerp_mode": "catmullrom"
						},
						"1.6333": {
							"post": [-0.375, 0, 0.625],
							"lerp_mode": "catmullrom"
						},
						"1.8333": {
							"post": [0.18, 0, -0.42],
							"lerp_mode": "catmullrom"
						},
						"1.9333": {
							"post": [-0.215, 0, 0.185],
							"lerp_mode": "catmullrom"
						},
						"2.0667": {
							"post": [0.05, 0, -0.07],
							"lerp_mode": "catmullrom"
						},
						"2.1667": {
							"post": [0, 0, 0],
							"lerp_mode": "catmullrom"
						}
					}
				}
			},
			"sound_effects": {
				"0.1667": {
					"effect": "iw:type2/wpfoly_fmg_reload_lift_v1"
				},
				"0.2667": {
					"effect": "iw:type2/wpfoly_fmg_reload_clipout_v1"
				},
				"1.0": {
					"effect": "iw:type2/wpfoly_fmg_reload_clipin_v1"
				},
				"1.5": {
					"effect": "iw:type2/wpfoly_fmg_reload_end_v1"
				}
			}
		},
		"reload_empty": {
			"animation_length": 2.2667,
			"bones": {
				"root": {
					"rotation": {
						"0.0": {
							"post": [0, 0, 0],
							"lerp_mode": "catmullrom"
						},
						"0.2667": {
							"post": [22.35279, -22.90108, -21.45411],
							"lerp_mode": "catmullrom"
						},
						"0.4": {
							"post": [22.21917, -23.99681, -21.41099],
							"lerp_mode": "catmullrom"
						},
						"0.4667": {
							"post": [21.81715, -22.38797, -17.48681],
							"lerp_mode": "catmullrom"
						},
						"0.6": {
							"post": [19.71474, -21.88253, -17.1827],
							"lerp_mode": "catmullrom"
						},
						"0.8": {
							"post": [20.43453, -22.82701, -21.2417],
							"lerp_mode": "catmullrom"
						},
						"0.9": {
							"post": [22.81226, -23.50748, -24.20756],
							"lerp_mode": "catmullrom"
						},
						"1.1": {
							"post": [21.56565, -24.326, -23.31597],
							"lerp_mode": "catmullrom"
						},
						"1.1667": {
							"post": [25.2485, -23.9375, -22.89313],
							"lerp_mode": "catmullrom"
						},
						"1.4333": {
							"post": [8.46075, -27.59772, -34.83451],
							"lerp_mode": "catmullrom"
						},
						"1.6": {
							"post": [-14.36214, -19.444, -20.68301],
							"lerp_mode": "catmullrom"
						},
						"1.7": {
							"post": [-12.63606, -4.76279, -6.39753],
							"lerp_mode": "catmullrom"
						},
						"1.8333": {
							"post": [-4.48906, -0.82, -0.77],
							"lerp_mode": "catmullrom"
						},
						"1.9333": {
							"post": [1.70703, 0, -1.4],
							"lerp_mode": "catmullrom"
						},
						"2.0333": {
							"post": [-0.36328, 0.425, 1.025],
							"lerp_mode": "catmullrom"
						},
						"2.2667": {
							"post": [0, 0, 0],
							"lerp_mode": "catmullrom"
						}
					},
					"position": {
						"0.0": {
							"post": [0, 0, 0],
							"lerp_mode": "catmullrom"
						},
						"0.2667": {
							"post": [7.4, -1.95, -6.1],
							"lerp_mode": "catmullrom"
						},
						"0.4": {
							"post": [7.15, -1.775, -5.73],
							"lerp_mode": "catmullrom"
						},
						"0.5": {
							"post": [7.15, -1.535, -5.605],
							"lerp_mode": "catmullrom"
						},
						"0.6667": {
							"post": [7.2, -1.55, -5.7],
							"lerp_mode": "catmullrom"
						},
						"0.8": {
							"post": [7.2, -1.6, -5.7],
							"lerp_mode": "catmullrom"
						},
						"0.9": {
							"post": [7.21, -1.85, -5.65],
							"lerp_mode": "catmullrom"
						},
						"1.0": {
							"post": [7.23, -1.71, -5.67],
							"lerp_mode": "catmullrom"
						},
						"1.1": {
							"post": [7.22, -1.63, -5.69],
							"lerp_mode": "catmullrom"
						},
						"1.1667": {
							"post": [7.17, -1.845, -5.71],
							"lerp_mode": "catmullrom"
						},
						"1.4": {
							"post": [7.1, -2.45, -3.54],
							"lerp_mode": "catmullrom"
						},
						"1.5333": {
							"post": [2.3, -1.975, -0.575],
							"lerp_mode": "catmullrom"
						},
						"1.7": {
							"post": [-0.8, -1.3, -0.875],
							"lerp_mode": "catmullrom"
						},
						"1.8": {
							"post": [-0.05, -0.35, -1.525],
							"lerp_mode": "catmullrom"
						},
						"1.9333": {
							"post": [0.025, -0.05, 0.275],
							"lerp_mode": "catmullrom"
						},
						"2.0333": {
							"post": [0, -0.15, -0.15],
							"lerp_mode": "catmullrom"
						},
						"2.2667": {
							"post": [0, 0, 0],
							"lerp_mode": "catmullrom"
						}
					}
				},
				"refit_scope_view": {
					"position": [2, 0, 8]
				},
				"mag_and_righthand": {
					"rotation": {
						"0.0": [0, 0, 0],
						"0.8": [0, 0, 0],
						"1.0": [0, 0, 0],
						"1.1": [0, 0, 0],
						"1.6667": [0, 0, 0]
					},
					"position": {
						"0.0": [0, 0, 0],
						"0.2667": [0, 0.0625, 0],
						"0.3667": [0, 0.0625, 0],
						"0.5667": [0, 0.875, 21],
						"0.7667": [0, 0.875, 21],
						"0.8": [0, 0.875, 21],
						"1.0": [0, 0.875, 16.0625],
						"1.1": [0, 0.0625, 0],
						"1.1667": [0, 0.0625, 0],
						"1.2333": [0, 0.0625, 0],
						"1.3333": [0, 0.0625, 0],
						"1.4": [0, 0.0625, 0],
						"1.4667": [0, 0, 0],
						"1.5333": [0, 0, 0],
						"1.6": [0, 0, 0],
						"1.6667": [0, 0, 0]
					}
				},
				"righthand": {
					"rotation": {
						"0.0": [89.48883, 11.99954, -180.10627],
						"0.1667": [89.48883, 11.99954, -180.10627],
						"0.2667": [85.36446, 11.09177, -200.50289],
						"0.3667": [44.46838, -2.56285, -269.20737],
						"0.4667": [22.64595, -1.05506, -264.81683],
						"0.5": [22.64595, -1.05506, -264.81683],
						"0.5667": [22.64595, -1.05506, -264.81683],
						"0.7": [22.64595, -1.05506, -264.81683],
						"0.8": [22.64595, -1.05506, -264.81683],
						"0.9": [22.64595, -1.05506, -264.81683],
						"1.0": [22.64595, -1.05506, -264.81683],
						"1.1": [22.64595, -1.05506, -264.81683],
						"1.1667": [80.13322, 51.13101, -174.74515],
						"1.4": [89.48883, 11.99954, -180.10627],
						"1.4667": [89.48883, 11.99954, -180.10627],
						"1.5333": [89.48883, 11.99954, -180.10627]
					},
					"position": {
						"0.0": [-6.85, -14.075, 9.0875],
						"0.1667": [-13, -7.6, 17.5],
						"0.2667": [-6.9875, -6.85, 21.5],
						"0.3": [-5.97, -6.2425, 21.17],
						"0.3667": [-5.3, -7.5375, 20.875],
						"0.4667": [-6.1318, -7.54524, 21.75704],
						"0.5": [-6.1318, -7.54524, 21.75704],
						"0.5667": [-6.1318, -7.54524, 21.75704],
						"0.7": [-5.1943, -7.48274, 21.06954],
						"0.8": [-5.1943, -7.48274, 21.06954],
						"0.9": [-5.1943, -7.48274, 21.06954],
						"1.0": [-5.1943, -7.48274, 21.06954],
						"1.1": [-6.1318, -7.54524, 21.75704],
						"1.1667": [-6.9443, -6.23274, 22.00704],
						"1.4": [-11.0068, -5.67024, 22.00704],
						"1.4667": [-10.5068, -12.17024, 16.69454],
						"1.5333": [-6.85, -14.075, 9.0875]
					},
					"scale": {
						"0.0": [1, 1.5, 1],
						"1.5333": [1, 1.5, 1]
					}
				},
				"lefthand": {
					"rotation": [101.15036, -24.54636, -179.04938],
					"position": [6.7, -14.2125, 0.1125],
					"scale": [1, 1.5, 1]
				},
				"mag_release": {
					"rotation": {
						"0.3333": [0, 0, 0],
						"0.3667": [40, 0, 0],
						"1.0667": [40, 0, 0],
						"1.1": [0, 0, 0]
					},
					"position": {
						"0.3333": [0, 0, 0],
						"0.3667": [0, 0.5, 0],
						"1.0667": [0, 0.5, 0],
						"1.1": [0, 0, 0]
					}
				},
				"camera": {
					"rotation": {
						"0.0": {
							"post": [0, 0, 0],
							"lerp_mode": "catmullrom"
						},
						"0.3": {
							"post": [1.075, 0, -1.05],
							"lerp_mode": "catmullrom"
						},
						"0.4": {
							"post": [-0.72, 0, 1.28],
							"lerp_mode": "catmullrom"
						},
						"0.5667": {
							"post": [-0.3, 0, 0.58],
							"lerp_mode": "catmullrom"
						},
						"0.7": {
							"post": [-0.58, 0, 0.955],
							"lerp_mode": "catmullrom"
						},
						"0.9333": {
							"post": [0.59, 0, -0.49],
							"lerp_mode": "catmullrom"
						},
						"1.1": {
							"post": [-0.32, 0, 0.19],
							"lerp_mode": "catmullrom"
						},
						"1.1667": {
							"post": [1.245, 0, -1.355],
							"lerp_mode": "catmullrom"
						},
						"1.3": {
							"post": [0.28, 0, -0.66],
							"lerp_mode": "catmullrom"
						},
						"1.4333": {
							"post": [0.57, 0, -1],
							"lerp_mode": "catmullrom"
						},
						"1.6333": {
							"post": [-0.375, 0, 0.625],
							"lerp_mode": "catmullrom"
						},
						"1.8333": {
							"post": [0.18, 0, -0.42],
							"lerp_mode": "catmullrom"
						},
						"1.9333": {
							"post": [-0.215, 0, 0.185],
							"lerp_mode": "catmullrom"
						},
						"2.0667": {
							"post": [0.05, 0, -0.07],
							"lerp_mode": "catmullrom"
						},
						"2.1667": {
							"post": [0, 0, 0],
							"lerp_mode": "catmullrom"
						}
					}
				}
			},
			"sound_effects": {
				"0.1667": {
					"effect": "iw:type2/wpfoly_fmg_reload_lift_v1"
				},
				"0.2667": {
					"effect": "iw:type2/wpfoly_fmg_reload_clipout_v1"
				},
				"1.0": {
					"effect": "iw:type2/wpfoly_fmg_reload_clipin_v1"
				},
				"1.5": {
					"effect": "iw:type2/wpfoly_fmg_reload_end_v1"
				}
			}
		},
		"inspect": {
			"animation_length": 6.2667,
			"bones": {
				"root": {
					"rotation": {
						"0.0": [0, 0, 0],
						"0.1667": [0, 0, 0],
						"5.6333": [0, 0, 0],
						"5.9": [1.9612, -0.55625, 7.98076],
						"5.9667": [0.66898, -0.48139, 1.31942],
						"6.0667": [-1.00521, -0.46117, 2.73757],
						"6.2333": [0, 0, 0]
					},
					"position": {
						"0.0": [0, 0, 0],
						"0.1667": [0, 0, 1],
						"0.4": [0, 0, -2],
						"5.3667": [0, 0, -2],
						"5.6333": [0, 0, 1],
						"5.9": [0, -0.5, -0.8],
						"6.0333": [0, 0, 0.62],
						"6.1333": [0, -0.2, -0.17],
						"6.2667": [0, 0, 0]
					},
					"scale": 1
				},
				"righthand": {
					"rotation": [89.48883, 11.99954, -180.10627],
					"position": [-6.85, -14.075, 9.0875],
					"scale": [1, 1.5, 1]
				},
				"lefthand": {
					"rotation": {
						"0.0": [101.15036, -24.54636, -179.04938],
						"0.2": [100.16821, -4.8876, -175.24387],
						"0.3": [100.16821, -4.8876, -175.24387],
						"0.4333": [101.15, -24.55, -179.05],
						"0.5667": [92.63084, 0.03425, -174.36226],
						"5.5667": [92.63084, 0.03425, -174.36226],
						"6.0": [101.15036, -24.54636, -179.04938]
					},
					"position": {
						"0.0": [6.7, -14.2125, 0.1125],
						"6.0": [6.7, -14.2125, 0.1125]
					},
					"scale": [1, 1.5, 1]
				},
				"lefthand_default": {
					"rotation": {
						"0.0": {
							"post": [0, 0, 0],
							"lerp_mode": "catmullrom"
						},
						"0.2": {
							"post": [0, 0, -42.5],
							"lerp_mode": "catmullrom"
						},
						"0.3": {
							"post": [0, 0, -92.5],
							"lerp_mode": "catmullrom"
						},
						"0.4333": {
							"post": [0, 0, 0],
							"lerp_mode": "catmullrom"
						},
						"0.7667": {
							"post": [0, 0, 0],
							"lerp_mode": "catmullrom"
						},
						"0.9667": {
							"post": [0, 0, 0],
							"lerp_mode": "catmullrom"
						},
						"1.1": {
							"post": [0, 15, 17.5],
							"lerp_mode": "catmullrom"
						},
						"1.7667": {
							"post": [0, 15, 17.5],
							"lerp_mode": "catmullrom"
						},
						"1.9333": [13.52316, 39.10933, 57.00365],
						"2.8": [2.97194, 38.43236, 40.65941],
						"3.0333": {
							"pre": [-14.65993, -3.21132, -84.58681],
							"post": [-14.65993, -3.21132, -84.58681],
							"lerp_mode": "catmullrom"
						},
						"3.6667": {
							"post": [-14.65993, -3.21132, -84.58681],
							"lerp_mode": "catmullrom"
						},
						"3.8667": {
							"post": [-19.54061, -19.46849, -69.00924],
							"lerp_mode": "catmullrom"
						},
						"4.7667": {
							"post": [-19.54061, -19.46849, -69.00924],
							"lerp_mode": "catmullrom"
						},
						"5.0333": {
							"post": [0, 0, -45],
							"lerp_mode": "catmullrom"
						},
						"5.5333": {
							"post": [0, 0, -42.5],
							"lerp_mode": "catmullrom"
						},
						"5.7333": {
							"post": [0, 0, -42.5],
							"lerp_mode": "catmullrom"
						},
						"5.8333": {
							"post": [0, 0, 0],
							"lerp_mode": "catmullrom"
						}
					},
					"position": {
						"0.0": {
							"post": [0, 0, 0],
							"lerp_mode": "catmullrom"
						},
						"0.2": {
							"post": [2, 1, 0],
							"lerp_mode": "catmullrom"
						},
						"0.3": {
							"post": [2.88, 2.475, 2],
							"lerp_mode": "catmullrom"
						},
						"0.4333": {
							"post": [10.88, 2.48, -4],
							"lerp_mode": "catmullrom"
						},
						"0.5333": {
							"post": [10.88, -0.52, 7.105],
							"lerp_mode": "catmullrom"
						},
						"0.6333": {
							"post": [10.88, -0.52, 10.23],
							"lerp_mode": "catmullrom"
						},
						"0.7667": {
							"post": [10.88, -0.52, 10.23],
							"lerp_mode": "catmullrom"
						},
						"0.9667": {
							"post": [10.88, -0.52, 9.23],
							"lerp_mode": "catmullrom"
						},
						"4.7667": {
							"post": [10.88, -0.52, 8.23],
							"lerp_mode": "catmullrom"
						},
						"5.0333": {
							"post": [9.88, -0.52, 4.23],
							"lerp_mode": "catmullrom"
						},
						"5.2": {
							"post": [9.88, 2.48, 1],
							"lerp_mode": "catmullrom"
						},
						"5.3667": {
							"post": [2.88, 2.475, 2],
							"lerp_mode": "catmullrom"
						},
						"5.5333": {
							"post": [2, 1, 3],
							"lerp_mode": "catmullrom"
						},
						"5.7333": {
							"post": [2, 1, 0],
							"lerp_mode": "catmullrom"
						},
						"5.8333": {
							"post": [0, 0, 0],
							"lerp_mode": "catmullrom"
						}
					}
				},
				"righthand_default": {
					"rotation": {
						"0.0": [0, 0, 0],
						"0.2333": {
							"pre": [0, 0, 35],
							"post": [0, 0, 35],
							"lerp_mode": "catmullrom"
						},
						"0.3": {
							"post": [0, 0, 35],
							"lerp_mode": "catmullrom"
						},
						"0.4667": {
							"post": [0, 0, -10],
							"lerp_mode": "catmullrom"
						},
						"0.5667": {
							"post": [0, 0, -2.5],
							"lerp_mode": "catmullrom"
						},
						"0.8667": {
							"post": [0, 0, -2.5],
							"lerp_mode": "catmullrom"
						},
						"1.1": {
							"post": [0, 0, -25],
							"lerp_mode": "catmullrom"
						},
						"1.7667": {
							"post": [0, 0, -25],
							"lerp_mode": "catmullrom"
						},
						"1.9333": {
							"post": [0, -12.5, -37.5],
							"lerp_mode": "catmullrom"
						},
						"2.8": {
							"post": [0, -12.5, -37.5],
							"lerp_mode": "catmullrom"
						},
						"3.0333": {
							"post": [-11.93845, 3.73171, 69.60967],
							"lerp_mode": "catmullrom"
						},
						"3.6667": {
							"post": [-11.94, 3.73, 69.61],
							"lerp_mode": "catmullrom"
						},
						"3.8667": {
							"post": [-18.62316, 19.15649, 49.70763],
							"lerp_mode": "catmullrom"
						},
						"4.7667": {
							"post": [-18.62316, 19.15649, 49.70763],
							"lerp_mode": "catmullrom"
						},
						"5.0667": {
							"post": [0, 0, 35.5],
							"lerp_mode": "catmullrom"
						},
						"5.2667": {
							"post": [0, 0, 28],
							"lerp_mode": "catmullrom"
						},
						"5.5": {
							"post": [0, 0, 35],
							"lerp_mode": "catmullrom"
						},
						"5.7333": {
							"post": [0, 0, 35],
							"lerp_mode": "catmullrom"
						},
						"5.8333": [0, 0, 0]
					},
					"position": {
						"0.0": [0, 0, 0],
						"0.2333": {
							"pre": [-2, 0, 0],
							"post": [-2, 0, 0],
							"lerp_mode": "catmullrom"
						},
						"0.3": {
							"post": [-2, 0, 4],
							"lerp_mode": "catmullrom"
						},
						"0.5": {
							"post": [-2, 0, -3],
							"lerp_mode": "catmullrom"
						},
						"0.6": {
							"post": [-2, 0, 0],
							"lerp_mode": "catmullrom"
						},
						"0.8667": {
							"post": [-2, 0, 0],
							"lerp_mode": "catmullrom"
						},
						"4.7667": {
							"post": [-2, 0, 0],
							"lerp_mode": "catmullrom"
						},
						"5.1": {
							"post": [-2, 0, 0],
							"lerp_mode": "catmullrom"
						},
						"5.3": {
							"post": [-2, 0, 2],
							"lerp_mode": "catmullrom"
						},
						"5.5": {
							"post": [-2, 0, 4],
							"lerp_mode": "catmullrom"
						},
						"5.7333": {
							"post": [-2, 0, 0],
							"lerp_mode": "catmullrom"
						},
						"5.8333": [0, 0, 0]
					}
				},
				"camera": {
					"rotation": {
						"0.0": {
							"post": [0, 0, 0],
							"lerp_mode": "catmullrom"
						},
						"0.1": {
							"post": [2.38, 1.14, 0],
							"lerp_mode": "catmullrom"
						},
						"0.2": {
							"post": [2.43, 1.75, 0],
							"lerp_mode": "catmullrom"
						},
						"0.3": {
							"post": [1.29, 1.14, 0],
							"lerp_mode": "catmullrom"
						},
						"0.4": {
							"post": [-1, 0.57, 0],
							"lerp_mode": "catmullrom"
						},
						"0.6": {
							"post": [-2.00275, 0, -0.03503],
							"lerp_mode": "catmullrom"
						},
						"0.9": {
							"post": [-1.25, 0, -0.04],
							"lerp_mode": "catmullrom"
						},
						"1.2": {
							"post": [-1.53, 0, -0.05],
							"lerp_mode": "catmullrom"
						},
						"1.4": {
							"post": [-1.9, 0, -0.05],
							"lerp_mode": "catmullrom"
						},
						"1.7": {
							"post": [-2.6, 0, -0.05],
							"lerp_mode": "catmullrom"
						},
						"1.9": {
							"post": [-2.45, 0, -0.05],
							"lerp_mode": "catmullrom"
						},
						"2.1": {
							"post": [-2.62, 0, -0.05],
							"lerp_mode": "catmullrom"
						},
						"2.8667": {
							"post": [-3, 0, -0.05],
							"lerp_mode": "catmullrom"
						},
						"3.0": {
							"post": [-0.74, 0, 0.02],
							"lerp_mode": "catmullrom"
						},
						"3.1": {
							"post": [0.26, 0, 0.06],
							"lerp_mode": "catmullrom"
						},
						"3.2": {
							"post": [0.76, 0, 0.08],
							"lerp_mode": "catmullrom"
						},
						"3.4": {
							"post": [1.76, 0, 0.08],
							"lerp_mode": "catmullrom"
						},
						"3.5": {
							"post": [1.47, 0, 0.08],
							"lerp_mode": "catmullrom"
						},
						"3.6": {
							"post": [1.4, 0, 0.08],
							"lerp_mode": "catmullrom"
						},
						"3.7667": {
							"post": [1.32, 0, 0.08],
							"lerp_mode": "catmullrom"
						},
						"3.9667": {
							"post": [1.06, 0, 0.08],
							"lerp_mode": "catmullrom"
						},
						"4.3": {
							"post": [0.36, 0, 0.08],
							"lerp_mode": "catmullrom"
						},
						"4.4": {
							"post": [0.04, 0, 0.08],
							"lerp_mode": "catmullrom"
						},
						"4.5": {
							"post": [-0.41, 0, 0.08],
							"lerp_mode": "catmullrom"
						},
						"4.6667": {
							"post": [-0.82, 0, 0.08],
							"lerp_mode": "catmullrom"
						},
						"5.0": {
							"post": [-0.77, 0.55, 0.08],
							"lerp_mode": "catmullrom"
						},
						"5.2": {
							"post": [-0.75, 0.55, 0.08],
							"lerp_mode": "catmullrom"
						},
						"5.6": {
							"post": [1.91, 0.55, 0.35],
							"lerp_mode": "catmullrom"
						},
						"5.7667": {
							"post": [-1, 0, 0],
							"lerp_mode": "catmullrom"
						},
						"5.8667": {
							"post": [0.4, 0, 0],
							"lerp_mode": "catmullrom"
						},
						"6.0": {
							"post": [0, 0, 0],
							"lerp_mode": "catmullrom"
						}
					}
				}
			},
			"sound_effects": {
				"0.0667": {
					"effect": "iw:type2/wpfoly_fmg_switch_akimbo_v1"
				},
				"0.9333": {
					"effect": "tacz:victor45/victor_inspect_moveclose"
				},
				"1.7667": {
					"effect": "tacz:victor45/victor_inspect_lower"
				},
				"2.8": {
					"effect": "tacz:victor45/victor_inspect_rotate"
				},
				"3.6667": {
					"effect": "tacz:victor45/victor_inspect_lower"
				},
				"5.7": {
					"effect": "iw:type2/wpfoly_fmg_akimbo_close_lift_v1"
				},
				"5.8667": {
					"effect": "iw:type2/wpfoly_fmg_akimbo_close_twist_v1"
				},
				"6.0667": {
					"effect": "iw:type2/wpfoly_fmg_akimbo_close_end_v1"
				}
			}
		},
		"inspect_empty": {
			"animation_length": 6.2667,
			"bones": {
				"root": {
					"rotation": {
						"0.0": [0, 0, 0],
						"0.1667": [0, 0, 0],
						"5.6333": [0, 0, 0],
						"5.9": [1.9612, -0.55625, 7.98076],
						"5.9667": [0.66898, -0.48139, 1.31942],
						"6.0667": [-1.00521, -0.46117, 2.73757],
						"6.2333": [0, 0, 0]
					},
					"position": {
						"0.0": [0, 0, 0],
						"0.1667": [0, 0, 1],
						"0.4": [0, 0, -2],
						"5.3667": [0, 0, -2],
						"5.6333": [0, 0, 1],
						"5.9": [0, -0.5, -0.8],
						"6.0333": [0, 0, 0.62],
						"6.1333": [0, -0.2, -0.17],
						"6.2667": [0, 0, 0]
					},
					"scale": 1
				},
				"righthand": {
					"rotation": [89.48883, 11.99954, -180.10627],
					"position": [-6.85, -14.075, 9.0875],
					"scale": [1, 1.5, 1]
				},
				"lefthand": {
					"rotation": {
						"0.0": [101.15036, -24.54636, -179.04938],
						"0.2": [100.16821, -4.8876, -175.24387],
						"0.3": [100.16821, -4.8876, -175.24387],
						"0.4333": [101.15, -24.55, -179.05],
						"0.5667": [92.63084, 0.03425, -174.36226],
						"5.5667": [92.63084, 0.03425, -174.36226],
						"6.0": [101.15036, -24.54636, -179.04938]
					},
					"position": {
						"0.0": [6.7, -14.2125, 0.1125],
						"6.0": [6.7, -14.2125, 0.1125]
					},
					"scale": [1, 1.5, 1]
				},
				"lefthand_default": {
					"rotation": {
						"0.0": {
							"post": [0, 0, 0],
							"lerp_mode": "catmullrom"
						},
						"0.2": {
							"post": [0, 0, -42.5],
							"lerp_mode": "catmullrom"
						},
						"0.3": {
							"post": [0, 0, -92.5],
							"lerp_mode": "catmullrom"
						},
						"0.4333": {
							"post": [0, 0, 0],
							"lerp_mode": "catmullrom"
						},
						"0.7667": {
							"post": [0, 0, 0],
							"lerp_mode": "catmullrom"
						},
						"0.9667": {
							"post": [0, 0, 0],
							"lerp_mode": "catmullrom"
						},
						"1.1": {
							"post": [0, 15, 17.5],
							"lerp_mode": "catmullrom"
						},
						"1.7667": {
							"post": [0, 15, 17.5],
							"lerp_mode": "catmullrom"
						},
						"1.9333": [13.52316, 39.10933, 57.00365],
						"2.8": [2.97194, 38.43236, 40.65941],
						"3.0333": {
							"pre": [-14.65993, -3.21132, -84.58681],
							"post": [-14.65993, -3.21132, -84.58681],
							"lerp_mode": "catmullrom"
						},
						"3.6667": {
							"post": [-14.65993, -3.21132, -84.58681],
							"lerp_mode": "catmullrom"
						},
						"3.8667": {
							"post": [-19.54061, -19.46849, -69.00924],
							"lerp_mode": "catmullrom"
						},
						"4.7667": {
							"post": [-19.54061, -19.46849, -69.00924],
							"lerp_mode": "catmullrom"
						},
						"5.0333": {
							"post": [0, 0, -45],
							"lerp_mode": "catmullrom"
						},
						"5.5333": {
							"post": [0, 0, -42.5],
							"lerp_mode": "catmullrom"
						},
						"5.7333": {
							"post": [0, 0, -42.5],
							"lerp_mode": "catmullrom"
						},
						"5.8333": {
							"post": [0, 0, 0],
							"lerp_mode": "catmullrom"
						}
					},
					"position": {
						"0.0": {
							"post": [0, 0, 0],
							"lerp_mode": "catmullrom"
						},
						"0.2": {
							"post": [2, 1, 0],
							"lerp_mode": "catmullrom"
						},
						"0.3": {
							"post": [2.88, 2.475, 2],
							"lerp_mode": "catmullrom"
						},
						"0.4333": {
							"post": [14.88, 2.48, -4],
							"lerp_mode": "catmullrom"
						},
						"0.5333": {
							"post": [14.88, -0.52, 7.105],
							"lerp_mode": "catmullrom"
						},
						"0.6333": {
							"post": [14.88, -0.52, 10.23],
							"lerp_mode": "catmullrom"
						},
						"0.7667": {
							"post": [14.88, -0.52, 10.23],
							"lerp_mode": "catmullrom"
						},
						"0.9667": {
							"post": [14.88, -0.52, 9.23],
							"lerp_mode": "catmullrom"
						},
						"4.7667": {
							"post": [14.88, -0.52, 8.23],
							"lerp_mode": "catmullrom"
						},
						"5.0333": {
							"post": [9.88, -0.52, 4.23],
							"lerp_mode": "catmullrom"
						},
						"5.2": {
							"post": [9.88, 2.48, 1],
							"lerp_mode": "catmullrom"
						},
						"5.3667": {
							"post": [2.88, 2.475, 2],
							"lerp_mode": "catmullrom"
						},
						"5.5333": {
							"post": [2, 1, 3],
							"lerp_mode": "catmullrom"
						},
						"5.7333": {
							"post": [2, 1, 0],
							"lerp_mode": "catmullrom"
						},
						"5.8333": {
							"post": [0, 0, 0],
							"lerp_mode": "catmullrom"
						}
					}
				},
				"righthand_default": {
					"rotation": {
						"0.0": [0, 0, 0],
						"0.2333": {
							"pre": [0, 0, 35],
							"post": [0, 0, 35],
							"lerp_mode": "catmullrom"
						},
						"0.3": {
							"post": [0, 0, 35],
							"lerp_mode": "catmullrom"
						},
						"0.4667": {
							"post": [0, 0, -10],
							"lerp_mode": "catmullrom"
						},
						"0.5667": {
							"post": [0, 0, -2.5],
							"lerp_mode": "catmullrom"
						},
						"0.8667": {
							"post": [0, 0, -2.5],
							"lerp_mode": "catmullrom"
						},
						"1.1": {
							"post": [0, 0, -25],
							"lerp_mode": "catmullrom"
						},
						"1.7667": {
							"post": [0, 0, -25],
							"lerp_mode": "catmullrom"
						},
						"1.9333": {
							"post": [0, -12.5, -37.5],
							"lerp_mode": "catmullrom"
						},
						"2.8": {
							"post": [0, -12.5, -37.5],
							"lerp_mode": "catmullrom"
						},
						"3.0333": {
							"post": [-11.93845, 3.73171, 69.60967],
							"lerp_mode": "catmullrom"
						},
						"3.6667": {
							"post": [-11.94, 3.73, 69.61],
							"lerp_mode": "catmullrom"
						},
						"3.8667": {
							"post": [-18.62316, 19.15649, 49.70763],
							"lerp_mode": "catmullrom"
						},
						"4.7667": {
							"post": [-18.62316, 19.15649, 49.70763],
							"lerp_mode": "catmullrom"
						},
						"5.0667": {
							"post": [0, 0, 35.5],
							"lerp_mode": "catmullrom"
						},
						"5.2667": {
							"post": [0, 0, 28],
							"lerp_mode": "catmullrom"
						},
						"5.5": {
							"post": [0, 0, 35],
							"lerp_mode": "catmullrom"
						},
						"5.7333": {
							"post": [0, 0, 35],
							"lerp_mode": "catmullrom"
						},
						"5.8333": [0, 0, 0]
					},
					"position": {
						"0.0": [0, 0, 0],
						"0.2333": {
							"pre": [-2, 0, 0],
							"post": [-2, 0, 0],
							"lerp_mode": "catmullrom"
						},
						"0.3": {
							"post": [-2, 0, 4],
							"lerp_mode": "catmullrom"
						},
						"0.5": {
							"post": [-2, 0, -3],
							"lerp_mode": "catmullrom"
						},
						"0.6": {
							"post": [-2, 0, 0],
							"lerp_mode": "catmullrom"
						},
						"0.8667": {
							"post": [-2, 0, 0],
							"lerp_mode": "catmullrom"
						},
						"4.7667": {
							"post": [-2, 0, 0],
							"lerp_mode": "catmullrom"
						},
						"5.1": {
							"post": [-2, 0, 0],
							"lerp_mode": "catmullrom"
						},
						"5.3": {
							"post": [-2, 0, 2],
							"lerp_mode": "catmullrom"
						},
						"5.5": {
							"post": [-2, 0, 4],
							"lerp_mode": "catmullrom"
						},
						"5.7333": {
							"post": [-2, 0, 0],
							"lerp_mode": "catmullrom"
						},
						"5.8333": [0, 0, 0]
					}
				},
				"camera": {
					"rotation": {
						"0.0": {
							"post": [0, 0, 0],
							"lerp_mode": "catmullrom"
						},
						"0.1": {
							"post": [2.38, 1.14, 0],
							"lerp_mode": "catmullrom"
						},
						"0.2": {
							"post": [2.43, 1.75, 0],
							"lerp_mode": "catmullrom"
						},
						"0.3": {
							"post": [1.29, 1.14, 0],
							"lerp_mode": "catmullrom"
						},
						"0.4": {
							"post": [-1, 0.57, 0],
							"lerp_mode": "catmullrom"
						},
						"0.6": {
							"post": [-2.00275, 0, -0.03503],
							"lerp_mode": "catmullrom"
						},
						"0.9": {
							"post": [-1.25, 0, -0.04],
							"lerp_mode": "catmullrom"
						},
						"1.2": {
							"post": [-1.53, 0, -0.05],
							"lerp_mode": "catmullrom"
						},
						"1.4": {
							"post": [-1.9, 0, -0.05],
							"lerp_mode": "catmullrom"
						},
						"1.7": {
							"post": [-2.6, 0, -0.05],
							"lerp_mode": "catmullrom"
						},
						"1.9": {
							"post": [-2.45, 0, -0.05],
							"lerp_mode": "catmullrom"
						},
						"2.1": {
							"post": [-2.62, 0, -0.05],
							"lerp_mode": "catmullrom"
						},
						"2.8667": {
							"post": [-3, 0, -0.05],
							"lerp_mode": "catmullrom"
						},
						"3.0": {
							"post": [-0.74, 0, 0.02],
							"lerp_mode": "catmullrom"
						},
						"3.1": {
							"post": [0.26, 0, 0.06],
							"lerp_mode": "catmullrom"
						},
						"3.2": {
							"post": [0.76, 0, 0.08],
							"lerp_mode": "catmullrom"
						},
						"3.4": {
							"post": [1.76, 0, 0.08],
							"lerp_mode": "catmullrom"
						},
						"3.5": {
							"post": [1.47, 0, 0.08],
							"lerp_mode": "catmullrom"
						},
						"3.6": {
							"post": [1.4, 0, 0.08],
							"lerp_mode": "catmullrom"
						},
						"3.7667": {
							"post": [1.32, 0, 0.08],
							"lerp_mode": "catmullrom"
						},
						"3.9667": {
							"post": [1.06, 0, 0.08],
							"lerp_mode": "catmullrom"
						},
						"4.3": {
							"post": [0.36, 0, 0.08],
							"lerp_mode": "catmullrom"
						},
						"4.4": {
							"post": [0.04, 0, 0.08],
							"lerp_mode": "catmullrom"
						},
						"4.5": {
							"post": [-0.41, 0, 0.08],
							"lerp_mode": "catmullrom"
						},
						"4.6667": {
							"post": [-0.82, 0, 0.08],
							"lerp_mode": "catmullrom"
						},
						"5.0": {
							"post": [-0.77, 0.55, 0.08],
							"lerp_mode": "catmullrom"
						},
						"5.2": {
							"post": [-0.75, 0.55, 0.08],
							"lerp_mode": "catmullrom"
						},
						"5.6": {
							"post": [1.91, 0.55, 0.35],
							"lerp_mode": "catmullrom"
						},
						"5.7667": {
							"post": [-1, 0, 0],
							"lerp_mode": "catmullrom"
						},
						"5.8667": {
							"post": [0.4, 0, 0],
							"lerp_mode": "catmullrom"
						},
						"6.0": {
							"post": [0, 0, 0],
							"lerp_mode": "catmullrom"
						}
					}
				}
			},
			"sound_effects": {
				"0.0667": {
					"effect": "iw:type2/wpfoly_fmg_switch_akimbo_v1"
				},
				"0.9333": {
					"effect": "tacz:victor45/victor_inspect_moveclose"
				},
				"1.7667": {
					"effect": "tacz:victor45/victor_inspect_lower"
				},
				"2.8": {
					"effect": "tacz:victor45/victor_inspect_rotate"
				},
				"3.6667": {
					"effect": "tacz:victor45/victor_inspect_lower"
				},
				"5.7": {
					"effect": "iw:type2/wpfoly_fmg_akimbo_close_lift_v1"
				},
				"5.8667": {
					"effect": "iw:type2/wpfoly_fmg_akimbo_close_twist_v1"
				},
				"6.0667": {
					"effect": "iw:type2/wpfoly_fmg_akimbo_close_end_v1"
				}
			}
		},
		"static_idle_1": {
			"animation_length": 0.5667,
			"bones": {
				"root": {
					"position": [-2, 0, -2]
				},
				"lefthand_default": {
					"rotation": {
						"0.0": {
							"post": [0, 0, 0],
							"lerp_mode": "catmullrom"
						}
					},
					"position": {
						"0.0": {
							"post": [14.88, -0.52, 9.23],
							"lerp_mode": "catmullrom"
						}
					}
				},
				"lefthand": {
					"rotation": [92.63084, 0.03425, -174.36226],
					"position": [6.7, -14.2125, 0.1125],
					"scale": [1, 1.5, 1]
				},
				"righthand_default": {
					"rotation": {
						"0.0": {
							"post": [0, 0, -2.5],
							"lerp_mode": "catmullrom"
						}
					},
					"position": {
						"0.0": {
							"post": [-2, 0, 0],
							"lerp_mode": "catmullrom"
						}
					}
				},
				"righthand": {
					"rotation": [89.48883, 11.99954, -180.10627],
					"position": [-6.85, -14.075, 9.0875],
					"scale": [1, 1.5, 1]
				},
				"camera": {
					"rotation": {
						"0.0667": {
							"pre": [0, 0, 0],
							"post": [0, 0, 0],
							"lerp_mode": "catmullrom"
						}
					}
				},
				"muzzle_flash": {
					"position": [0, 0, 10]
				}
			}
		},
		"transform_1": {
			"animation_length": 1.2667,
			"bones": {
				"root": {
					"rotation": {
						"0.6333": [0, 0, 0],
						"0.9": [1.9612, -0.55625, 7.98076],
						"0.9667": [0.66898, -0.48139, 1.31942],
						"1.0667": [-1.00521, -0.46117, 2.73757],
						"1.2333": [0, 0, 0]
					},
					"position": {
						"0.0": [-2, 0, -2],
						"0.3667": [0, 0, -2],
						"0.6333": [0, 0, 1],
						"0.9": [0, -0.5, -0.8],
						"1.0333": [0, 0, 0.62],
						"1.1333": [0, -0.2, -0.17],
						"1.2667": [0, 0, 0]
					}
				},
				"lefthand_default": {
					"rotation": {
						"0.0": {
							"post": [0, 0, 0],
							"lerp_mode": "catmullrom"
						},
						"0.3": {
							"post": [0, 0, -45],
							"lerp_mode": "catmullrom"
						},
						"0.5333": {
							"post": [0, 0, -42.5],
							"lerp_mode": "catmullrom"
						},
						"0.7333": {
							"post": [0, 0, -42.5],
							"lerp_mode": "catmullrom"
						},
						"0.8333": {
							"post": [0, 0, 0],
							"lerp_mode": "catmullrom"
						}
					},
					"position": {
						"0.0": {
							"post": [14.88, -0.52, 9.23],
							"lerp_mode": "catmullrom"
						},
						"0.2": {
							"post": [9.88, 2.48, 1],
							"lerp_mode": "catmullrom"
						},
						"0.3667": {
							"post": [2.88, 2.475, 2],
							"lerp_mode": "catmullrom"
						},
						"0.5333": {
							"post": [2, 1, 3],
							"lerp_mode": "catmullrom"
						},
						"0.7333": {
							"post": [2, 1, 0],
							"lerp_mode": "catmullrom"
						},
						"0.8333": {
							"post": [0, 0, 0],
							"lerp_mode": "catmullrom"
						}
					}
				},
				"lefthand": {
					"rotation": {
						"0.0": [92.63084, 0.03425, -174.36226],
						"0.4333": [92.68837, -11.95717, -174.91875],
						"0.6667": [92.63084, 0.03425, -174.36226],
						"0.8667": [101.15036, -24.54636, -179.04938]
					},
					"position": {
						"0.0": [6.7, -14.2125, 0.1125],
						"0.4333": [6.7, -14.21, 0.11],
						"0.6667": [6.7, -14.21, 0.11],
						"0.8667": [6.7, -14.2125, 0.1125]
					},
					"scale": [1, 1.5, 1]
				},
				"righthand_default": {
					"rotation": {
						"0.0": {
							"post": [0, 0, -2.5],
							"lerp_mode": "catmullrom"
						},
						"0.1": {
							"post": [0, 0, -2.5],
							"lerp_mode": "catmullrom"
						},
						"0.2667": {
							"post": [0, 0, 28],
							"lerp_mode": "catmullrom"
						},
						"0.5": {
							"post": [0, 0, 35],
							"lerp_mode": "catmullrom"
						},
						"0.7333": {
							"post": [0, 0, 35],
							"lerp_mode": "catmullrom"
						},
						"0.8333": [0, 0, 0]
					},
					"position": {
						"0.0": {
							"post": [-2, 0, 0],
							"lerp_mode": "catmullrom"
						},
						"0.1": {
							"post": [-2, 0, 0],
							"lerp_mode": "catmullrom"
						},
						"0.3": {
							"post": [-2, 0, 2],
							"lerp_mode": "catmullrom"
						},
						"0.5": {
							"post": [-2, 0, 4],
							"lerp_mode": "catmullrom"
						},
						"0.7333": {
							"post": [-2, 0, 0],
							"lerp_mode": "catmullrom"
						},
						"0.8333": [0, 0, 0]
					}
				},
				"righthand": {
					"rotation": [89.48883, 11.99954, -180.10627],
					"position": [-6.85, -14.075, 9.0875],
					"scale": [1, 1.5, 1]
				},
				"camera": {
					"rotation": {
						"0.0": {
							"post": [-0.77, 0.55, 0.08],
							"lerp_mode": "catmullrom"
						},
						"0.2": {
							"post": [-0.75, 0.55, 0.08],
							"lerp_mode": "catmullrom"
						},
						"0.6": {
							"post": [1.91, 0.55, 0.35],
							"lerp_mode": "catmullrom"
						},
						"0.7667": {
							"post": [-1, 0, 0],
							"lerp_mode": "catmullrom"
						},
						"0.8667": {
							"post": [0.4, 0, 0],
							"lerp_mode": "catmullrom"
						},
						"1.0": {
							"post": [0, 0, 0],
							"lerp_mode": "catmullrom"
						}
					}
				}
			},
			"sound_effects": {
				"0.5667": {
					"effect": "iw:type2/wpfoly_fmg_akimbo_close_lift_v1"
				},
				"0.7667": {
					"effect": "iw:type2/wpfoly_fmg_akimbo_close_twist_v1"
				},
				"1.0333": {
					"effect": "iw:type2/wpfoly_fmg_akimbo_close_end_v1"
				}
			}
		},
		"shoot_1": {
			"animation_length": 1.125,
			"bones": {
				"trigger": {
					"position": {
						"0.0": [0, 0, 0],
						"0.0417": [0, 0, 0.2],
						"0.0833": [0, 0, 0]
					}
				},
				"root": {
					"rotation": {
						"0.0": [0, 0, 0],
						"0.0417": [-0.586, 0.022, -0.92],
						"0.0833": [-0.273, 0.009, 0.812],
						"0.125": [-0.014, 0.047, 1.048],
						"0.1667": [0.228, 0.118, 0.927],
						"0.2083": [0.343, 0.179, 0.353],
						"0.25": [0.339, 0.226, -0.463],
						"0.2917": [0.129, 0.177, -0.515],
						"0.3333": [-0.064, 0.105, -0.246],
						"0.375": [-0.257, 0.034, 0.024],
						"0.4167": [-0.162, -0.071, 0.343],
						"0.4583": [-0.098, -0.04, 0.194],
						"0.5": [-0.034, -0.008, 0.045],
						"0.5417": [0.03, 0.024, -0.104],
						"0.5833": [0.078, 0.045, -0.164],
						"0.625": [0.062, 0.034, -0.075],
						"0.6667": [0.047, 0.023, 0.015],
						"0.7083": [0.031, 0.011, 0.104],
						"0.75": [0.022, 0.01, 0.058],
						"0.7917": [0.013, 0.009, 0.011],
						"0.9167": [0.003, 0.005, -0.103],
						"1.0": [0.002, 0.004, -0.077],
						"1.125": [0, 0, 0]
					},
					"position": {
						"0.0": [0, 0, 0],
						"0.0417": [0.002, 0.029, 1.064],
						"0.0833": [0.012, 0.082, 0.258],
						"0.125": [0, 0.036, 0.272],
						"0.1667": [-0.003, -0.014, 0.11],
						"0.2083": [-0.014, -0.034, 0.084],
						"0.25": [-0.009, -0.03, 0.051],
						"0.2917": [0.001, -0.014, 0.042],
						"0.3333": [0.003, 0.004, 0.034],
						"0.375": [0.016, -0.009, 0.043],
						"0.4167": [0.048, 0.015, 0.069],
						"0.4583": [0.039, 0.012, 0.057],
						"0.5": [0.03, 0.01, 0.045],
						"0.5417": [0.022, 0.007, 0.034],
						"0.5833": [-0.003, -0.006, 0.009],
						"0.625": [-0.005, -0.007, 0.007],
						"0.6667": [-0.007, -0.007, 0.006],
						"0.7083": [-0.01, -0.007, 0.005],
						"0.75": [-0.008, -0.008, 0.005],
						"0.7917": [-0.007, -0.008, 0.004],
						"0.9167": [-0.003, -0.009, 0.003],
						"1.0": [-0.003, -0.008, 0.003],
						"1.125": [0, 0, 0]
					}
				},
				"camera": {
					"rotation": {
						"0.0": [0, 0, 0],
						"0.0417": [0, 0, 0.65],
						"0.0833": [0, 0, 0.41],
						"0.125": [0, 0, -0.185],
						"0.1667": [0, 0, 0.2],
						"0.2083": [0, 0, 0]
					}
				},
				"constraint": {
					"position": [0, 0, 0]
				}
			}
		},
		"shoot_right": {
			"animation_length": 1.125,
			"bones": {
				"trigger": {
					"position": {
						"0.0": [0, 0, 0],
						"0.0417": [0, 0, 0.2],
						"0.0833": [0, 0, 0]
					}
				},
				"root": {
					"rotation": {
						"0.0": [0, 0, 0],
						"0.0417": [-0.586, 0.022, -0.92],
						"0.0833": [-0.273, 0.009, 0.812],
						"0.125": [-0.014, 0.047, 1.048],
						"0.1667": [0.228, 0.118, 0.927],
						"0.2083": [0.343, 0.179, 0.353],
						"0.25": [0.339, 0.226, -0.463],
						"0.2917": [0.129, 0.177, -0.515],
						"0.3333": [-0.064, 0.105, -0.246],
						"0.375": [-0.257, 0.034, 0.024],
						"0.4167": [-0.162, -0.071, 0.343],
						"0.4583": [-0.098, -0.04, 0.194],
						"0.5": [-0.034, -0.008, 0.045],
						"0.5417": [0.03, 0.024, -0.104],
						"0.5833": [0.078, 0.045, -0.164],
						"0.625": [0.062, 0.034, -0.075],
						"0.6667": [0.047, 0.023, 0.015],
						"0.7083": [0.031, 0.011, 0.104],
						"0.75": [0.022, 0.01, 0.058],
						"0.7917": [0.013, 0.009, 0.011],
						"0.9167": [0.003, 0.005, -0.103],
						"1.0": [0.002, 0.004, -0.077],
						"1.125": [0, 0, 0]
					},
					"position": {
						"0.0": [0, 0, 0],
						"0.0417": [0.002, 0.029, 1.064],
						"0.0833": [0.012, 0.082, 0.258],
						"0.125": [0, 0.036, 0.272],
						"0.1667": [-0.003, -0.014, 0.11],
						"0.2083": [-0.014, -0.034, 0.084],
						"0.25": [-0.009, -0.03, 0.051],
						"0.2917": [0.001, -0.014, 0.042],
						"0.3333": [0.003, 0.004, 0.034],
						"0.375": [0.016, -0.009, 0.043],
						"0.4167": [0.048, 0.015, 0.069],
						"0.4583": [0.039, 0.012, 0.057],
						"0.5": [0.03, 0.01, 0.045],
						"0.5417": [0.022, 0.007, 0.034],
						"0.5833": [-0.003, -0.006, 0.009],
						"0.625": [-0.005, -0.007, 0.007],
						"0.6667": [-0.007, -0.007, 0.006],
						"0.7083": [-0.01, -0.007, 0.005],
						"0.75": [-0.008, -0.008, 0.005],
						"0.7917": [-0.007, -0.008, 0.004],
						"0.9167": [-0.003, -0.009, 0.003],
						"1.0": [-0.003, -0.008, 0.003],
						"1.125": [0, 0, 0]
					}
				},
				"camera": {
					"rotation": {
						"0.0": [0, 0, 0],
						"0.0417": [0, 0, 0.65],
						"0.0833": [0, 0, 0.41],
						"0.125": [0, 0, -0.185],
						"0.1667": [0, 0, 0.2],
						"0.2083": [0, 0, 0]
					}
				},
				"constraint": {
					"position": [0, 0, 0]
				},
				"muzzle_flash": {
					"position": {
						"0.0": [17, -1.5, -1],
						"0.0417": {
							"pre": [17, -1.5, -1],
							"post": [0, 0, 0]
						}
					}
				}
			}
		},
		"draw_1": {
			"animation_length": 0.9333,
			"bones": {
				"root": {
					"position": [-2, 0, -2]
				},
				"lefthand_default": {
					"rotation": {
						"0.1": {
							"pre": [57.86, -5.09, -9.81],
							"post": [57.86, -5.09, -9.81],
							"lerp_mode": "catmullrom"
						},
						"0.3": {
							"post": [-22.14, -5.09, -9.81],
							"lerp_mode": "catmullrom"
						},
						"0.6": {
							"post": [0, 0, 0],
							"lerp_mode": "catmullrom"
						}
					},
					"position": {
						"0.1": {
							"pre": [19.72, -18.83, 9.23],
							"post": [19.72, -18.83, 9.23],
							"lerp_mode": "catmullrom"
						},
						"0.3667": {
							"post": [14.635, -1.83, 10.135],
							"lerp_mode": "catmullrom"
						},
						"0.5": {
							"post": [14.635, -0.38, 9.23],
							"lerp_mode": "catmullrom"
						},
						"0.6333": {
							"post": [14.76, -0.36, 8.805],
							"lerp_mode": "catmullrom"
						},
						"0.7667": {
							"post": [14.88, -0.52, 9.23],
							"lerp_mode": "catmullrom"
						}
					}
				},
				"lefthand": {
					"rotation": [92.63084, 0.03425, -174.36226],
					"position": [6.7, -14.2125, 0.1125],
					"scale": [1, 1.5, 1]
				},
				"righthand_default": {
					"rotation": {
						"0.1667": {
							"pre": [50.01959, -31.35331, -1.88455],
							"post": [50.01959, -31.35331, -1.88455],
							"lerp_mode": "catmullrom"
						},
						"0.4333": {
							"post": [0.15, -14.8, -2.86],
							"lerp_mode": "catmullrom"
						},
						"0.5667": {
							"post": [0, 0, -2.5],
							"lerp_mode": "catmullrom"
						}
					},
					"position": {
						"0.1": {
							"pre": [-6.97, -18.83, 10.23],
							"post": [-6.97, -18.83, 10.23],
							"lerp_mode": "catmullrom"
						},
						"0.2667": {
							"post": [5.03, -11.83, 0.23],
							"lerp_mode": "catmullrom"
						},
						"0.4333": {
							"post": [1.69, -2.09, -0.45],
							"lerp_mode": "catmullrom"
						},
						"0.5667": {
							"post": [-2, 0, -1.25],
							"lerp_mode": "catmullrom"
						},
						"0.7": {
							"post": [-2, 0, 0],
							"lerp_mode": "catmullrom"
						}
					}
				},
				"righthand": {
					"rotation": [89.48883, 11.99954, -180.10627],
					"position": [-6.85, -14.075, 9.0875],
					"scale": [1, 1.5, 1]
				},
				"camera": {
					"rotation": {
						"0.0": {
							"post": [0, 0, 0],
							"lerp_mode": "catmullrom"
						},
						"0.2": {
							"post": [-0.215, 0, -0.97],
							"lerp_mode": "catmullrom"
						},
						"0.4": {
							"post": [-0.63, 0, -0.51],
							"lerp_mode": "catmullrom"
						},
						"0.6": {
							"post": [0.22, 0, 0.365],
							"lerp_mode": "catmullrom"
						},
						"0.7333": {
							"post": [-0.07, 0, -0.115],
							"lerp_mode": "catmullrom"
						},
						"0.8667": {
							"post": [0, 0, 0],
							"lerp_mode": "catmullrom"
						}
					}
				}
			}
		},
		"put_away_1": {
			"animation_length": 0.5667,
			"bones": {
				"root": {
					"position": [-2, 0, -2]
				},
				"lefthand_default": {
					"rotation": {
						"0.0": {
							"post": [0, 0, 0],
							"lerp_mode": "catmullrom"
						},
						"0.2333": {
							"post": [27.85839, -5.08567, -9.8121],
							"lerp_mode": "catmullrom"
						}
					},
					"position": {
						"0.0": {
							"post": [14.88, -0.52, 9.23],
							"lerp_mode": "catmullrom"
						},
						"0.4333": {
							"post": [15.72, -18.83, 10.23],
							"lerp_mode": "catmullrom"
						}
					}
				},
				"lefthand": {
					"rotation": [92.63084, 0.03425, -174.36226],
					"position": [6.7, -14.2125, 0.1125],
					"scale": [1, 1.5, 1]
				},
				"righthand_default": {
					"rotation": {
						"0.0": {
							"post": [0, 0, -2.5],
							"lerp_mode": "catmullrom"
						},
						"0.2": {
							"post": [27.85839, 5.08567, 9.8121],
							"lerp_mode": "catmullrom"
						}
					},
					"position": {
						"0.0": {
							"post": [-2, 0, 0],
							"lerp_mode": "catmullrom"
						},
						"0.4": {
							"post": [-6.975, -18.83, 10.23],
							"lerp_mode": "catmullrom"
						}
					}
				},
				"righthand": {
					"rotation": [89.48883, 11.99954, -180.10627],
					"position": [-6.85, -14.075, 9.0875],
					"scale": [1, 1.5, 1]
				},
				"camera": {
					"rotation": {
						"0.0": {
							"post": [0, 0, 0],
							"lerp_mode": "catmullrom"
						},
						"0.4333": {
							"post": [0.68, 0, 0],
							"lerp_mode": "catmullrom"
						},
						"0.5667": {
							"post": [0, 0, 0],
							"lerp_mode": "catmullrom"
						}
					}
				}
			}
		},
		"reload_tactical_1": {
			"animation_length": 2.2,
			"bones": {
				"root": {
					"position": [-2, 0, -2]
				},
				"lefthand_default": {
					"rotation": {
						"0.0": {
							"post": [0, 0, 0],
							"lerp_mode": "catmullrom"
						},
						"0.3": {
							"post": [42.85839, -5.08567, -9.8121],
							"lerp_mode": "catmullrom"
						},
						"1.5": {
							"post": [57.86, -5.09, -9.81],
							"lerp_mode": "catmullrom"
						},
						"1.7667": {
							"post": [-22.14, -5.09, -9.81],
							"lerp_mode": "catmullrom"
						},
						"2.0667": {
							"post": [0, 0, 0],
							"lerp_mode": "catmullrom"
						}
					},
					"position": {
						"0.0": {
							"post": [14.88, -0.52, 9.23],
							"lerp_mode": "catmullrom"
						},
						"0.2333": {
							"post": [12.72, 2.165, 10.23],
							"lerp_mode": "catmullrom"
						},
						"0.4667": {
							"post": [15.72, -18.83, 10.23],
							"lerp_mode": "catmullrom"
						},
						"1.5": {
							"post": [15.72, -18.83, 10.23],
							"lerp_mode": "catmullrom"
						},
						"1.8333": {
							"post": [14.635, -1.83, 10.135],
							"lerp_mode": "catmullrom"
						},
						"1.9667": {
							"post": [14.635, -0.38, 9.23],
							"lerp_mode": "catmullrom"
						},
						"2.1": {
							"post": [14.76, -0.36, 8.805],
							"lerp_mode": "catmullrom"
						},
						"2.2333": {
							"post": [14.88, -0.52, 9.23],
							"lerp_mode": "catmullrom"
						}
					}
				},
				"lefthand": {
					"rotation": [92.63084, 0.03425, -174.36226],
					"position": [6.7, -14.2125, 0.1125],
					"scale": [1, 1.5, 1]
				},
				"righthand_default": {
					"rotation": {
						"0.0": {
							"post": [0, 0, -2.5],
							"lerp_mode": "catmullrom"
						},
						"0.2667": {
							"post": [42.85839, 5.08567, 9.8121],
							"lerp_mode": "catmullrom"
						},
						"1.6333": {
							"post": [50.01959, -31.35331, -1.88455],
							"lerp_mode": "catmullrom"
						},
						"1.9": {
							"post": [0.15, -14.8, -2.86],
							"lerp_mode": "catmullrom"
						},
						"2.0333": {
							"post": [0, 0, -2.5],
							"lerp_mode": "catmullrom"
						}
					},
					"position": {
						"0.0": {
							"post": [-2, 0, 0],
							"lerp_mode": "catmullrom"
						},
						"0.2": {
							"post": [-3.975, 2.165, 0.23],
							"lerp_mode": "catmullrom"
						},
						"0.4333": {
							"post": [-6.975, -18.83, 10.23],
							"lerp_mode": "catmullrom"
						},
						"1.5": {
							"post": [-6.97, -18.83, 10.23],
							"lerp_mode": "catmullrom"
						},
						"1.7333": {
							"post": [5.03, -11.83, 0.23],
							"lerp_mode": "catmullrom"
						},
						"1.9": {
							"post": [1.69, -2.09, -0.45],
							"lerp_mode": "catmullrom"
						},
						"2.0333": {
							"post": [-2, 0, -1.25],
							"lerp_mode": "catmullrom"
						},
						"2.1667": {
							"post": [-2, 0, 0],
							"lerp_mode": "catmullrom"
						}
					}
				},
				"righthand": {
					"rotation": [89.48883, 11.99954, -180.10627],
					"position": [-6.85, -14.075, 9.0875],
					"scale": [1, 1.5, 1]
				},
				"camera": {
					"rotation": {
						"0.0": {
							"post": [0, 0, 0],
							"lerp_mode": "catmullrom"
						},
						"0.2333": {
							"post": [-1.095, 0, 0],
							"lerp_mode": "catmullrom"
						},
						"0.5667": {
							"post": [0.68, 0, 0],
							"lerp_mode": "catmullrom"
						},
						"0.8333": {
							"post": [0.68, 0, 0.28],
							"lerp_mode": "catmullrom"
						},
						"0.9667": {
							"post": [-0.275, 0, -0.465],
							"lerp_mode": "catmullrom"
						},
						"1.1": {
							"post": [0.605, 0, 0.17],
							"lerp_mode": "catmullrom"
						},
						"1.2": {
							"post": [0.37, 0, 0.17],
							"lerp_mode": "catmullrom"
						},
						"1.3333": {
							"post": [0.555, 0, 0.17],
							"lerp_mode": "catmullrom"
						},
						"1.4": {
							"post": [1.4, 0, 0.925],
							"lerp_mode": "catmullrom"
						},
						"1.5": {
							"post": [0.815, 0, -0.145],
							"lerp_mode": "catmullrom"
						},
						"1.6667": {
							"post": [1.065, 0, 0.17],
							"lerp_mode": "catmullrom"
						},
						"1.8667": {
							"post": [-0.63, 0, -0.51],
							"lerp_mode": "catmullrom"
						},
						"2.0667": {
							"post": [0.22, 0, 0.365],
							"lerp_mode": "catmullrom"
						},
						"2.2": {
							"post": [-0.07, 0, -0.115],
							"lerp_mode": "catmullrom"
						},
						"2.3333": {
							"post": [0, 0, 0],
							"lerp_mode": "catmullrom"
						}
					}
				}
			},
			"sound_effects": {
				"0.7667": {
					"effect": "iw:type2/wpfoly_fmg_akimbo_charge_v1"
				}
			}
		},
		"reload_empty_1": {
			"animation_length": 2.2,
			"bones": {
				"root": {
					"position": [-2, 0, -2]
				},
				"lefthand_default": {
					"rotation": {
						"0.0": {
							"post": [0, 0, 0],
							"lerp_mode": "catmullrom"
						},
						"0.3": {
							"post": [42.85839, -5.08567, -9.8121],
							"lerp_mode": "catmullrom"
						},
						"1.5": {
							"post": [57.86, -5.09, -9.81],
							"lerp_mode": "catmullrom"
						},
						"1.7667": {
							"post": [-22.14, -5.09, -9.81],
							"lerp_mode": "catmullrom"
						},
						"2.0667": {
							"post": [0, 0, 0],
							"lerp_mode": "catmullrom"
						}
					},
					"position": {
						"0.0": {
							"post": [14.88, -0.52, 9.23],
							"lerp_mode": "catmullrom"
						},
						"0.2333": {
							"post": [12.72, 2.165, 10.23],
							"lerp_mode": "catmullrom"
						},
						"0.4667": {
							"post": [15.72, -18.83, 10.23],
							"lerp_mode": "catmullrom"
						},
						"1.5": {
							"post": [15.72, -18.83, 10.23],
							"lerp_mode": "catmullrom"
						},
						"1.8333": {
							"post": [14.635, -1.83, 10.135],
							"lerp_mode": "catmullrom"
						},
						"1.9667": {
							"post": [14.635, -0.38, 9.23],
							"lerp_mode": "catmullrom"
						},
						"2.1": {
							"post": [14.76, -0.36, 8.805],
							"lerp_mode": "catmullrom"
						},
						"2.2333": {
							"post": [14.88, -0.52, 9.23],
							"lerp_mode": "catmullrom"
						}
					}
				},
				"lefthand": {
					"rotation": [92.63084, 0.03425, -174.36226],
					"position": [6.7, -14.2125, 0.1125],
					"scale": [1, 1.5, 1]
				},
				"righthand_default": {
					"rotation": {
						"0.0": {
							"post": [0, 0, -2.5],
							"lerp_mode": "catmullrom"
						},
						"0.2667": {
							"post": [42.85839, 5.08567, 9.8121],
							"lerp_mode": "catmullrom"
						},
						"1.6333": {
							"post": [50.01959, -31.35331, -1.88455],
							"lerp_mode": "catmullrom"
						},
						"1.9": {
							"post": [0.15, -14.8, -2.86],
							"lerp_mode": "catmullrom"
						},
						"2.0333": {
							"post": [0, 0, -2.5],
							"lerp_mode": "catmullrom"
						}
					},
					"position": {
						"0.0": {
							"post": [-2, 0, 0],
							"lerp_mode": "catmullrom"
						},
						"0.2": {
							"post": [-3.975, 2.165, 0.23],
							"lerp_mode": "catmullrom"
						},
						"0.4333": {
							"post": [-6.975, -18.83, 10.23],
							"lerp_mode": "catmullrom"
						},
						"1.5": {
							"post": [-6.97, -18.83, 10.23],
							"lerp_mode": "catmullrom"
						},
						"1.7333": {
							"post": [5.03, -11.83, 0.23],
							"lerp_mode": "catmullrom"
						},
						"1.9": {
							"post": [1.69, -2.09, -0.45],
							"lerp_mode": "catmullrom"
						},
						"2.0333": {
							"post": [-2, 0, -1.25],
							"lerp_mode": "catmullrom"
						},
						"2.1667": {
							"post": [-2, 0, 0],
							"lerp_mode": "catmullrom"
						}
					}
				},
				"righthand": {
					"rotation": [89.48883, 11.99954, -180.10627],
					"position": [-6.85, -14.075, 9.0875],
					"scale": [1, 1.5, 1]
				},
				"camera": {
					"rotation": {
						"0.0": {
							"post": [0, 0, 0],
							"lerp_mode": "catmullrom"
						},
						"0.2333": {
							"post": [-1.095, 0, 0],
							"lerp_mode": "catmullrom"
						},
						"0.5667": {
							"post": [0.68, 0, 0],
							"lerp_mode": "catmullrom"
						},
						"0.8333": {
							"post": [0.68, 0, 0.28],
							"lerp_mode": "catmullrom"
						},
						"0.9667": {
							"post": [-0.275, 0, -0.465],
							"lerp_mode": "catmullrom"
						},
						"1.1": {
							"post": [0.605, 0, 0.17],
							"lerp_mode": "catmullrom"
						},
						"1.2": {
							"post": [0.37, 0, 0.17],
							"lerp_mode": "catmullrom"
						},
						"1.3333": {
							"post": [0.555, 0, 0.17],
							"lerp_mode": "catmullrom"
						},
						"1.4": {
							"post": [1.4, 0, 0.925],
							"lerp_mode": "catmullrom"
						},
						"1.5": {
							"post": [0.815, 0, -0.145],
							"lerp_mode": "catmullrom"
						},
						"1.6667": {
							"post": [1.065, 0, 0.17],
							"lerp_mode": "catmullrom"
						},
						"1.8667": {
							"post": [-0.63, 0, -0.51],
							"lerp_mode": "catmullrom"
						},
						"2.0667": {
							"post": [0.22, 0, 0.365],
							"lerp_mode": "catmullrom"
						},
						"2.2": {
							"post": [-0.07, 0, -0.115],
							"lerp_mode": "catmullrom"
						},
						"2.3333": {
							"post": [0, 0, 0],
							"lerp_mode": "catmullrom"
						}
					}
				}
			},
			"sound_effects": {
				"0.7667": {
					"effect": "iw:type2/wpfoly_fmg_akimbo_charge_v1"
				}
			}
		},
		"inspect_1": {
			"animation_length": 4.9,
			"bones": {
				"root": {
					"position": [-2, 0, -2]
				},
				"lefthand_default": {
					"rotation": {
						"0.0": {
							"post": [0, 0, 0],
							"lerp_mode": "catmullrom"
						},
						"0.4": {
							"post": [0, 0, 0],
							"lerp_mode": "catmullrom"
						},
						"0.5333": {
							"post": [0, 15, 17.5],
							"lerp_mode": "catmullrom"
						},
						"1.2": {
							"post": [0, 15, 17.5],
							"lerp_mode": "catmullrom"
						},
						"1.3667": [13.52316, 39.10933, 57.00365],
						"2.2333": [2.97194, 38.43236, 40.65941],
						"2.4667": {
							"pre": [-14.65993, -3.21132, -84.58681],
							"post": [-14.65993, -3.21132, -84.58681],
							"lerp_mode": "catmullrom"
						},
						"3.1": {
							"post": [-14.65993, -3.21132, -84.58681],
							"lerp_mode": "catmullrom"
						},
						"3.3": {
							"post": [-19.54061, -19.46849, -69.00924],
							"lerp_mode": "catmullrom"
						},
						"4.2": {
							"post": [-19.54061, -19.46849, -69.00924],
							"lerp_mode": "catmullrom"
						},
						"4.6": {
							"post": [-4, 0, 0],
							"lerp_mode": "catmullrom"
						},
						"4.8333": {
							"post": [0, 0, 0],
							"lerp_mode": "catmullrom"
						}
					},
					"position": {
						"0.0": {
							"post": [14.88, -0.52, 9.23],
							"lerp_mode": "catmullrom"
						},
						"0.4": {
							"post": [14.88, -0.52, 9.23],
							"lerp_mode": "catmullrom"
						},
						"4.2": {
							"post": [14.88, -0.52, 9.23],
							"lerp_mode": "catmullrom"
						},
						"4.4333": {
							"post": [14.88, -1.035, 8.83],
							"lerp_mode": "catmullrom"
						},
						"4.6": {
							"post": [14.88, -0.615, 8.43],
							"lerp_mode": "catmullrom"
						},
						"4.8333": {
							"post": [14.88, -0.52, 9.23],
							"lerp_mode": "catmullrom"
						}
					}
				},
				"lefthand": {
					"rotation": [92.63084, 0.03425, -174.36226],
					"position": [6.7, -14.2125, 0.1125],
					"scale": [1, 1.5, 1]
				},
				"righthand_default": {
					"rotation": {
						"0.0": {
							"post": [0, 0, -2.5],
							"lerp_mode": "catmullrom"
						},
						"0.3": {
							"post": [0, 0, -2.5],
							"lerp_mode": "catmullrom"
						},
						"0.5333": {
							"post": [0, 0, -25],
							"lerp_mode": "catmullrom"
						},
						"1.2": {
							"post": [0, 0, -25],
							"lerp_mode": "catmullrom"
						},
						"1.3667": {
							"post": [0, -12.5, -37.5],
							"lerp_mode": "catmullrom"
						},
						"2.2333": {
							"post": [0, -12.5, -37.5],
							"lerp_mode": "catmullrom"
						},
						"2.4667": {
							"post": [-11.93845, 3.73171, 69.60967],
							"lerp_mode": "catmullrom"
						},
						"3.1": {
							"post": [-11.94, 3.73, 69.61],
							"lerp_mode": "catmullrom"
						},
						"3.3": {
							"post": [-18.62316, 19.15649, 49.70763],
							"lerp_mode": "catmullrom"
						},
						"4.2": {
							"post": [-18.62316, 19.15649, 49.70763],
							"lerp_mode": "catmullrom"
						},
						"4.6667": {
							"post": [3, 0, -2.5],
							"lerp_mode": "catmullrom"
						},
						"4.8333": {
							"post": [0, 0, -2.5],
							"lerp_mode": "catmullrom"
						}
					},
					"position": {
						"0.0": {
							"post": [-2, 0, 0],
							"lerp_mode": "catmullrom"
						},
						"0.3": {
							"post": [-2, 0, 0],
							"lerp_mode": "catmullrom"
						},
						"4.2": {
							"post": [-2, 0, 0],
							"lerp_mode": "catmullrom"
						},
						"4.4333": {
							"post": [-2, -2, 0],
							"lerp_mode": "catmullrom"
						},
						"4.6667": {
							"post": [-2, 0.175, 0],
							"lerp_mode": "catmullrom"
						},
						"4.8333": {
							"post": [-2, 0, 0],
							"lerp_mode": "catmullrom"
						}
					}
				},
				"righthand": {
					"rotation": [89.48883, 11.99954, -180.10627],
					"position": [-6.85, -14.075, 9.0875],
					"scale": [1, 1.5, 1]
				},
				"camera": {
					"rotation": {
						"0.0667": {
							"pre": [0, 0, 0],
							"post": [0, 0, 0],
							"lerp_mode": "catmullrom"
						},
						"0.3333": {
							"post": [-1.25, 0, -0.04],
							"lerp_mode": "catmullrom"
						},
						"0.6333": {
							"post": [-1.53, 0, -0.05],
							"lerp_mode": "catmullrom"
						},
						"0.8333": {
							"post": [-1.9, 0, -0.05],
							"lerp_mode": "catmullrom"
						},
						"1.1333": {
							"post": [-2.6, 0, -0.05],
							"lerp_mode": "catmullrom"
						},
						"1.3333": {
							"post": [-2.45, 0, -0.05],
							"lerp_mode": "catmullrom"
						},
						"1.5333": {
							"post": [-2.62, 0, -0.05],
							"lerp_mode": "catmullrom"
						},
						"2.3": {
							"post": [-3, 0, -0.05],
							"lerp_mode": "catmullrom"
						},
						"2.4333": {
							"post": [-0.74, 0, 0.02],
							"lerp_mode": "catmullrom"
						},
						"2.5333": {
							"post": [0.26, 0, 0.06],
							"lerp_mode": "catmullrom"
						},
						"2.6333": {
							"post": [0.76, 0, 0.08],
							"lerp_mode": "catmullrom"
						},
						"2.8333": {
							"post": [1.76, 0, 0.08],
							"lerp_mode": "catmullrom"
						},
						"2.9333": {
							"post": [1.47, 0, 0.08],
							"lerp_mode": "catmullrom"
						},
						"3.0333": {
							"post": [1.4, 0, 0.08],
							"lerp_mode": "catmullrom"
						},
						"3.2": {
							"post": [1.32, 0, 0.08],
							"lerp_mode": "catmullrom"
						},
						"3.4": {
							"post": [1.06, 0, 0.08],
							"lerp_mode": "catmullrom"
						},
						"3.7333": {
							"post": [0.36, 0, 0.08],
							"lerp_mode": "catmullrom"
						},
						"3.8333": {
							"post": [0.04, 0, 0.08],
							"lerp_mode": "catmullrom"
						},
						"3.9333": {
							"post": [-0.41, 0, 0.08],
							"lerp_mode": "catmullrom"
						},
						"4.1": {
							"post": [-0.82, 0, 0.08],
							"lerp_mode": "catmullrom"
						},
						"4.5333": {
							"post": [0.39, 0, -0.13],
							"lerp_mode": "catmullrom"
						},
						"4.8": {
							"post": [0, 0, 0],
							"lerp_mode": "catmullrom"
						}
					}
				}
			},
			"sound_effects": {
				"0.3": {
					"effect": "tacz:victor45/victor_inspect_moveclose"
				},
				"1.1333": {
					"effect": "tacz:victor45/victor_inspect_lower"
				},
				"2.1667": {
					"effect": "tacz:victor45/victor_inspect_rotate"
				},
				"3.0333": {
					"effect": "tacz:victor45/victor_inspect_lower"
				}
			}
		},
		"inspect_empty_1": {
			"animation_length": 4.9,
			"bones": {
				"root": {
					"position": [-2, 0, -2]
				},
				"lefthand_default": {
					"rotation": {
						"0.0": {
							"post": [0, 0, 0],
							"lerp_mode": "catmullrom"
						},
						"0.4": {
							"post": [0, 0, 0],
							"lerp_mode": "catmullrom"
						},
						"0.5333": {
							"post": [0, 15, 17.5],
							"lerp_mode": "catmullrom"
						},
						"1.2": {
							"post": [0, 15, 17.5],
							"lerp_mode": "catmullrom"
						},
						"1.3667": [13.52316, 39.10933, 57.00365],
						"2.2333": [2.97194, 38.43236, 40.65941],
						"2.4667": {
							"pre": [-14.65993, -3.21132, -84.58681],
							"post": [-14.65993, -3.21132, -84.58681],
							"lerp_mode": "catmullrom"
						},
						"3.1": {
							"post": [-14.65993, -3.21132, -84.58681],
							"lerp_mode": "catmullrom"
						},
						"3.3": {
							"post": [-19.54061, -19.46849, -69.00924],
							"lerp_mode": "catmullrom"
						},
						"4.2": {
							"post": [-19.54061, -19.46849, -69.00924],
							"lerp_mode": "catmullrom"
						},
						"4.6": {
							"post": [-4, 0, 0],
							"lerp_mode": "catmullrom"
						},
						"4.8333": {
							"post": [0, 0, 0],
							"lerp_mode": "catmullrom"
						}
					},
					"position": {
						"0.0": {
							"post": [14.88, -0.52, 9.23],
							"lerp_mode": "catmullrom"
						},
						"0.4": {
							"post": [14.88, -0.52, 9.23],
							"lerp_mode": "catmullrom"
						},
						"4.2": {
							"post": [14.88, -0.52, 9.23],
							"lerp_mode": "catmullrom"
						},
						"4.4333": {
							"post": [14.88, -1.035, 8.83],
							"lerp_mode": "catmullrom"
						},
						"4.6": {
							"post": [14.88, -0.615, 8.43],
							"lerp_mode": "catmullrom"
						},
						"4.8333": {
							"post": [14.88, -0.52, 9.23],
							"lerp_mode": "catmullrom"
						}
					}
				},
				"lefthand": {
					"rotation": [92.63084, 0.03425, -174.36226],
					"position": [6.7, -14.2125, 0.1125],
					"scale": [1, 1.5, 1]
				},
				"righthand_default": {
					"rotation": {
						"0.0": {
							"post": [0, 0, -2.5],
							"lerp_mode": "catmullrom"
						},
						"0.3": {
							"post": [0, 0, -2.5],
							"lerp_mode": "catmullrom"
						},
						"0.5333": {
							"post": [0, 0, -25],
							"lerp_mode": "catmullrom"
						},
						"1.2": {
							"post": [0, 0, -25],
							"lerp_mode": "catmullrom"
						},
						"1.3667": {
							"post": [0, -12.5, -37.5],
							"lerp_mode": "catmullrom"
						},
						"2.2333": {
							"post": [0, -12.5, -37.5],
							"lerp_mode": "catmullrom"
						},
						"2.4667": {
							"post": [-11.93845, 3.73171, 69.60967],
							"lerp_mode": "catmullrom"
						},
						"3.1": {
							"post": [-11.94, 3.73, 69.61],
							"lerp_mode": "catmullrom"
						},
						"3.3": {
							"post": [-18.62316, 19.15649, 49.70763],
							"lerp_mode": "catmullrom"
						},
						"4.2": {
							"post": [-18.62316, 19.15649, 49.70763],
							"lerp_mode": "catmullrom"
						},
						"4.6667": {
							"post": [3, 0, -2.5],
							"lerp_mode": "catmullrom"
						},
						"4.8333": {
							"post": [0, 0, -2.5],
							"lerp_mode": "catmullrom"
						}
					},
					"position": {
						"0.0": {
							"post": [-2, 0, 0],
							"lerp_mode": "catmullrom"
						},
						"0.3": {
							"post": [-2, 0, 0],
							"lerp_mode": "catmullrom"
						},
						"4.2": {
							"post": [-2, 0, 0],
							"lerp_mode": "catmullrom"
						},
						"4.4333": {
							"post": [-2, -2, 0],
							"lerp_mode": "catmullrom"
						},
						"4.6667": {
							"post": [-2, 0.175, 0],
							"lerp_mode": "catmullrom"
						},
						"4.8333": {
							"post": [-2, 0, 0],
							"lerp_mode": "catmullrom"
						}
					}
				},
				"righthand": {
					"rotation": [89.48883, 11.99954, -180.10627],
					"position": [-6.85, -14.075, 9.0875],
					"scale": [1, 1.5, 1]
				},
				"camera": {
					"rotation": {
						"0.0667": {
							"pre": [0, 0, 0],
							"post": [0, 0, 0],
							"lerp_mode": "catmullrom"
						},
						"0.3333": {
							"post": [-1.25, 0, -0.04],
							"lerp_mode": "catmullrom"
						},
						"0.6333": {
							"post": [-1.53, 0, -0.05],
							"lerp_mode": "catmullrom"
						},
						"0.8333": {
							"post": [-1.9, 0, -0.05],
							"lerp_mode": "catmullrom"
						},
						"1.1333": {
							"post": [-2.6, 0, -0.05],
							"lerp_mode": "catmullrom"
						},
						"1.3333": {
							"post": [-2.45, 0, -0.05],
							"lerp_mode": "catmullrom"
						},
						"1.5333": {
							"post": [-2.62, 0, -0.05],
							"lerp_mode": "catmullrom"
						},
						"2.3": {
							"post": [-3, 0, -0.05],
							"lerp_mode": "catmullrom"
						},
						"2.4333": {
							"post": [-0.74, 0, 0.02],
							"lerp_mode": "catmullrom"
						},
						"2.5333": {
							"post": [0.26, 0, 0.06],
							"lerp_mode": "catmullrom"
						},
						"2.6333": {
							"post": [0.76, 0, 0.08],
							"lerp_mode": "catmullrom"
						},
						"2.8333": {
							"post": [1.76, 0, 0.08],
							"lerp_mode": "catmullrom"
						},
						"2.9333": {
							"post": [1.47, 0, 0.08],
							"lerp_mode": "catmullrom"
						},
						"3.0333": {
							"post": [1.4, 0, 0.08],
							"lerp_mode": "catmullrom"
						},
						"3.2": {
							"post": [1.32, 0, 0.08],
							"lerp_mode": "catmullrom"
						},
						"3.4": {
							"post": [1.06, 0, 0.08],
							"lerp_mode": "catmullrom"
						},
						"3.7333": {
							"post": [0.36, 0, 0.08],
							"lerp_mode": "catmullrom"
						},
						"3.8333": {
							"post": [0.04, 0, 0.08],
							"lerp_mode": "catmullrom"
						},
						"3.9333": {
							"post": [-0.41, 0, 0.08],
							"lerp_mode": "catmullrom"
						},
						"4.1": {
							"post": [-0.82, 0, 0.08],
							"lerp_mode": "catmullrom"
						},
						"4.5333": {
							"post": [0.39, 0, -0.13],
							"lerp_mode": "catmullrom"
						},
						"4.8": {
							"post": [0, 0, 0],
							"lerp_mode": "catmullrom"
						}
					}
				}
			},
			"sound_effects": {
				"0.3": {
					"effect": "tacz:victor45/victor_inspect_moveclose"
				},
				"1.1333": {
					"effect": "tacz:victor45/victor_inspect_lower"
				},
				"2.1667": {
					"effect": "tacz:victor45/victor_inspect_rotate"
				},
				"3.0333": {
					"effect": "tacz:victor45/victor_inspect_lower"
				}
			}
		}
	}
}