{
	"format_version": "1.8.0",
	"animations": {
		"static_idle": {
			"loop": true,
			"animation_length": 0.125,
			"bones": {
				"righthand": {
					"rotation": [95.04292, 367.4713, 180.6574],
					"position": [-7, -14.275, 7],
					"scale": [1, 1.5, 1]
				},
				"lefthand": {
					"rotation": [100.36601, 316.5798, -142.78527],
					"position": [7.775, -13, -6],
					"scale": [1, 1.5, 1]
				},
				"constraint": {
					"rotation": [0.2, 0.2, 0.1],
					"position": [0.2, 0.2, 0.3]
				}
			}
		},
		"static_bolt_caught": {
			"loop": true,
			"animation_length": 0.25,
			"bones": {
				"bolt": {
					"position": [0, 0, 4]
				}
			}
		},
		"shoot": {
			"animation_length": 0.8333,
			"bones": {
				"root": {
					"rotation": {
						"0.0": {
							"post": [0, 0, 0],
							"lerp_mode": "catmullrom"
						},
						"0.0333": {
							"post": [0.203, -0.00709, 0.42499],
							"lerp_mode": "catmullrom"
						},
						"0.0667": {
							"post": [-1.03676, -0.22272, -1.1938],
							"lerp_mode": "catmullrom"
						},
						"0.1333": {
							"post": [-0.49333, 0.0345, -0.46515],
							"lerp_mode": "catmullrom"
						},
						"0.2333": {
							"post": [0.26625, 0.0093, 0.5883],
							"lerp_mode": "catmullrom"
						},
						"0.3": {
							"post": [0.05, 0.15, -0.175],
							"lerp_mode": "catmullrom"
						},
						"0.3667": {
							"post": [-0.175, 0.13, -0.265],
							"lerp_mode": "catmullrom"
						},
						"0.4667": {
							"post": [0, -0.075, 0.35],
							"lerp_mode": "catmullrom"
						},
						"0.5333": {
							"post": [0.05, -0.075, 0.24],
							"lerp_mode": "catmullrom"
						},
						"0.6": {
							"post": [0.15, -0.05, -0.3],
							"lerp_mode": "catmullrom"
						},
						"0.7": {
							"post": [0.03, 0, -0.065],
							"lerp_mode": "catmullrom"
						},
						"0.8333": {
							"post": [0, 0, 0],
							"lerp_mode": "catmullrom"
						}
					},
					"position": {
						"0.0": {
							"post": [0, 0, 0],
							"lerp_mode": "catmullrom"
						},
						"0.0333": {
							"post": [0, -0.16875, 1.42734],
							"lerp_mode": "catmullrom"
						},
						"0.1": {
							"post": [0, -0.015, 1.14],
							"lerp_mode": "catmullrom"
						},
						"0.2": {
							"post": [0, -0.00156, -0.09609],
							"lerp_mode": "catmullrom"
						},
						"0.3": {
							"post": [0, -0.075, 0.05703],
							"lerp_mode": "catmullrom"
						},
						"0.4": {
							"post": [0, 0.005, 0.04],
							"lerp_mode": "catmullrom"
						},
						"0.4667": {
							"post": [0, 0.05, 0],
							"lerp_mode": "catmullrom"
						},
						"0.5667": {
							"post": [0, 0.03, 0],
							"lerp_mode": "catmullrom"
						},
						"0.6667": {
							"post": [0, 0, 0],
							"lerp_mode": "catmullrom"
						},
						"0.7667": {
							"post": [0, 0, 0],
							"lerp_mode": "catmullrom"
						}
					}
				},
				"bolt": {
					"position": {
						"0.0": [0, 0, 0],
						"0.0333": [0.00074, -0.02126, 5.99996],
						"0.0667": [0, 0, 0]
					}
				},
				"camera": {
					"rotation": {
						"0.0": {
							"post": [0, 0, 0],
							"lerp_mode": "catmullrom"
						},
						"0.0333": {
							"post": [0, 0, 0.7],
							"lerp_mode": "catmullrom"
						},
						"0.0667": {
							"post": [0, 0, -0.425],
							"lerp_mode": "catmullrom"
						},
						"0.1333": {
							"post": [0, 0, 0.375],
							"lerp_mode": "catmullrom"
						},
						"0.1667": {
							"post": [0, 0, -0.15],
							"lerp_mode": "catmullrom"
						},
						"0.2333": {
							"post": [0, 0, 0.125],
							"lerp_mode": "catmullrom"
						},
						"0.3333": {
							"post": [0, 0, -0.075],
							"lerp_mode": "catmullrom"
						},
						"0.4333": {
							"post": [0, 0, 0],
							"lerp_mode": "catmullrom"
						}
					}
				}
			}
		},
		"draw": {
			"animation_length": 0.7333,
			"bones": {
				"root": {
					"rotation": {
						"0.0": {
							"post": [0, -35, 57.5],
							"lerp_mode": "catmullrom"
						},
						"0.1667": {
							"post": [2.7348, -8.92512, 37.89727],
							"lerp_mode": "catmullrom"
						},
						"0.3333": {
							"post": [0.64547, -1.47247, 6.10117],
							"lerp_mode": "catmullrom"
						},
						"0.4333": {
							"post": [1.37749, -0.08367, -1.55166],
							"lerp_mode": "catmullrom"
						},
						"0.5": {
							"post": [-0.45456, -0.10457, 0.82333],
							"lerp_mode": "catmullrom"
						},
						"0.6": [-0.065, -0.44, -0.27],
						"0.7": [0, 0, 0]
					},
					"position": {
						"0.0": {
							"post": [0, -8, 2],
							"lerp_mode": "catmullrom"
						},
						"0.1667": {
							"post": [-0.14, -2.41, -0.195],
							"lerp_mode": "catmullrom"
						},
						"0.2333": {
							"post": [-0.22, -0.29, -1.425],
							"lerp_mode": "catmullrom"
						},
						"0.3333": {
							"post": [-0.125, -0.385, -1.975],
							"lerp_mode": "catmullrom"
						},
						"0.4333": {
							"post": [0, -0.305, 0.05],
							"lerp_mode": "catmullrom"
						},
						"0.5333": {
							"post": [0.05, 0, -0.15],
							"lerp_mode": "catmullrom"
						},
						"0.6333": {
							"post": [-0.025, 0, 0.05],
							"lerp_mode": "catmullrom"
						},
						"0.7333": {
							"post": [0, 0, 0],
							"lerp_mode": "catmullrom"
						}
					}
				},
				"lefthand": {
					"rotation": [100.36601, 316.5798, -142.78527],
					"position": [7.775, -13, -6],
					"scale": [1, 1.5, 1]
				},
				"righthand": {
					"rotation": [95.04292, 367.4713, 180.6574],
					"position": [-7, -14.275, 7],
					"scale": [1, 1.5, 1]
				},
				"camera": {
					"rotation": {
						"0.0": {
							"post": [0, 0, 0],
							"lerp_mode": "catmullrom"
						},
						"0.2": {
							"post": [1.00016, 0.00436, 0.75027],
							"lerp_mode": "catmullrom"
						},
						"0.4333": {
							"post": [0, 0, -0.75],
							"lerp_mode": "catmullrom"
						},
						"0.5333": {
							"post": [0, 0, 0],
							"lerp_mode": "catmullrom"
						},
						"0.6333": {
							"post": [0, 0, -0.3],
							"lerp_mode": "catmullrom"
						},
						"0.7333": {
							"post": [0, 0, 0],
							"lerp_mode": "catmullrom"
						}
					}
				}
			}
		},
		"put_away": {
			"animation_length": 0.4667,
			"bones": {
				"root": {
					"rotation": {
						"0.0": {
							"post": [0, 0, 0],
							"lerp_mode": "catmullrom"
						},
						"0.0667": {
							"post": [-0.51171, -3.6801, -4.19401],
							"lerp_mode": "catmullrom"
						},
						"0.1667": {
							"post": [4.36882, -11.73179, -10.29382],
							"lerp_mode": "catmullrom"
						},
						"0.2667": {
							"post": [16.99835, -17.70783, -19.61271],
							"lerp_mode": "catmullrom"
						},
						"0.3333": {
							"post": [22.5, -27.4, -9.02],
							"lerp_mode": "catmullrom"
						},
						"0.4333": [38.74, -37.82, -13.36]
					},
					"position": {
						"0.0": {
							"post": [0, 0, 0],
							"lerp_mode": "catmullrom"
						},
						"0.0667": {
							"post": [-0.45, -0.49, 0.28],
							"lerp_mode": "catmullrom"
						},
						"0.1667": {
							"post": [-0.67, -1.47, 0.34],
							"lerp_mode": "catmullrom"
						},
						"0.2667": {
							"post": [-0.435, -3.245, 0.06],
							"lerp_mode": "catmullrom"
						},
						"0.3333": {
							"post": [0.22, -5.38, -0.15],
							"lerp_mode": "catmullrom"
						},
						"0.4333": [1.49, -9.585, -0.36]
					}
				},
				"lefthand": {
					"rotation": {
						"0.0": [105.21401, -25.37935, -150.1551],
						"0.0667": [127.67152, -14.70086, -183.17363],
						"0.1333": [148.34013, 7.13088, -207.53996]
					},
					"position": {
						"0.0": [7.775, -13, -6],
						"0.1333": [8.805, -11.2, -5.57]
					},
					"scale": [1, 1.5, 1]
				},
				"righthand": {
					"rotation": [95.04292, 367.4713, 180.6574],
					"position": [-7, -14.275, 7],
					"scale": [1, 1.5, 1]
				},
				"camera": {
					"rotation": {
						"0.0": {
							"post": [0, 0, 0],
							"lerp_mode": "catmullrom"
						},
						"0.1": {
							"post": [0.3, 0, -0.125],
							"lerp_mode": "catmullrom"
						},
						"0.2667": {
							"post": [0.64, 0, 0.3],
							"lerp_mode": "catmullrom"
						},
						"0.3333": {
							"post": [0.5, 0, 0.15],
							"lerp_mode": "catmullrom"
						},
						"0.4333": {
							"post": [0, 0, 0],
							"lerp_mode": "catmullrom"
						}
					}
				}
			}
		},
		"reload_tactical": {
			"animation_length": 2.4667,
			"bones": {
				"lefthand": {
					"rotation": {
						"0.0": [100.36601, 316.5798, -142.78527],
						"0.3667": [122.97225, 316.5798, -198.95627],
						"0.8667": [122.97225, 316.5798, -198.95627],
						"1.5333": [122.97225, 316.5798, -198.95627],
						"1.6": [124.20049, 311.5798, -191.36152],
						"1.7333": [131.47243, 329.5798, -199.33131],
						"2.0333": [100.36601, 316.5798, -142.78527]
					},
					"position": {
						"0.0": [7.775, -13, -6],
						"0.3667": [8.38, -16.85, 0.905],
						"0.8667": [8.38, -16.85, 0.905],
						"1.5333": [8.38, -16.85, 0.905],
						"1.6": [8.38, -16.85, 0.905],
						"1.6667": [8.99, -17.66, 1.59],
						"1.7333": [8.99, -17.66, 1.59],
						"1.8333": [8.275, -16.815, -3.47],
						"2.0333": [7.775, -13, -6]
					},
					"scale": [1, 1.5, 1]
				},
				"righthand": {
					"rotation": [95.04292, 367.4713, 180.6574],
					"position": [-7, -14.275, 7],
					"scale": [1, 1.5, 1]
				},
				"root": {
					"rotation": {
						"0.0": {
							"post": [0, 0, 0],
							"lerp_mode": "catmullrom"
						},
						"0.1333": {
							"post": [-1.03182, -1.42177, -4.17153],
							"lerp_mode": "catmullrom"
						},
						"0.2667": {
							"post": [-4.95194, -2.84384, -12.84444],
							"lerp_mode": "catmullrom"
						},
						"0.4": {
							"post": [-5.45194, -2.84384, -12.84444],
							"lerp_mode": "catmullrom"
						},
						"0.4667": {
							"post": [-4.82859, -2.74755, -11.4531],
							"lerp_mode": "catmullrom"
						},
						"0.5667": {
							"post": [-4.10432, -2.92695, -12.98598],
							"lerp_mode": "catmullrom"
						},
						"0.6667": {
							"post": [-4.95, -2.71, -12.34],
							"lerp_mode": "catmullrom"
						},
						"0.8667": {
							"post": [-6.42554, -2.29915, -16.59998],
							"lerp_mode": "catmullrom"
						},
						"0.9": {
							"post": [-5.07812, -1.84855, -11.17408],
							"lerp_mode": "catmullrom"
						},
						"0.9667": {
							"post": [-4.17408, -1.93423, -22.78894],
							"lerp_mode": "catmullrom"
						},
						"1.0667": {
							"post": [-4.22743, -2.38507, -17.25067],
							"lerp_mode": "catmullrom"
						},
						"1.1667": {
							"post": [-7.84345, -3.0228, -18.19228],
							"lerp_mode": "catmullrom"
						},
						"1.2667": {
							"post": [-9.68856, -2.27201, -15.20868],
							"lerp_mode": "catmullrom"
						},
						"1.4333": {
							"post": [-10.74624, -2.50998, -18.47674],
							"lerp_mode": "catmullrom"
						},
						"1.4667": {
							"post": [-9.12133, -2.27319, -13.42852],
							"lerp_mode": "catmullrom"
						},
						"1.5333": {
							"post": [-7.06453, -1.80274, -19.21223],
							"lerp_mode": "catmullrom"
						},
						"1.6": {
							"post": [-6.46188, -2.15177, -13.90293],
							"lerp_mode": "catmullrom"
						},
						"1.7": {
							"post": [-7.34942, -2.20878, -12.24785],
							"lerp_mode": "catmullrom"
						},
						"1.7333": {
							"post": [-7.90533, -4.58049, -12.2478],
							"lerp_mode": "catmullrom"
						},
						"1.8333": {
							"post": [-5.13429, -3.45343, -14.2478],
							"lerp_mode": "catmullrom"
						},
						"2.0": {
							"post": [2.55926, -1.68737, 2.91454],
							"lerp_mode": "catmullrom"
						},
						"2.1": {
							"post": [0.81153, -1.33195, -2.71128],
							"lerp_mode": "catmullrom"
						},
						"2.2": {
							"post": [0.78, -0.17, -3.2],
							"lerp_mode": "catmullrom"
						},
						"2.2667": {
							"post": [0.3889, 0.15987, 0.62995],
							"lerp_mode": "catmullrom"
						},
						"2.3333": {
							"post": [0.00175, -0.19999, -0.5],
							"lerp_mode": "catmullrom"
						},
						"2.4667": {
							"post": [0, 0, 0],
							"lerp_mode": "catmullrom"
						}
					},
					"position": {
						"0.0": {
							"post": [0, 0, 0],
							"lerp_mode": "catmullrom"
						},
						"0.1": {
							"post": [0, -0.665, -0.4],
							"lerp_mode": "catmullrom"
						},
						"0.2667": {
							"post": [0, -0.1, -0.325],
							"lerp_mode": "catmullrom"
						},
						"0.4": {
							"post": [0, -0.52, 0.625],
							"lerp_mode": "catmullrom"
						},
						"0.5": {
							"post": [-0.03, -0.63, 0.365],
							"lerp_mode": "catmullrom"
						},
						"0.6333": {
							"post": [-0.1, -0.525, 0.525],
							"lerp_mode": "catmullrom"
						},
						"0.8667": {
							"post": [-0.275, -0.375, 0.6],
							"lerp_mode": "catmullrom"
						},
						"0.9333": {
							"post": [-0.105, -0.92, 0.175],
							"lerp_mode": "catmullrom"
						},
						"1.0667": {
							"post": [-0.11, -1.12, -0.105],
							"lerp_mode": "catmullrom"
						},
						"1.3": {
							"post": [-0.11, -0.89, -0.125],
							"lerp_mode": "catmullrom"
						},
						"1.4333": {
							"post": [-0.26, -0.765, -0.12],
							"lerp_mode": "catmullrom"
						},
						"1.5": {
							"post": [-0.16, -1.015, 0.03],
							"lerp_mode": "catmullrom"
						},
						"1.6": {
							"post": [-0.18, -1.125, 0.03],
							"lerp_mode": "catmullrom"
						},
						"1.7": {
							"post": [-0.19, -0.955, 0.03],
							"lerp_mode": "catmullrom"
						},
						"1.7667": {
							"post": [0.125, -0.925, 0.11],
							"lerp_mode": "catmullrom"
						},
						"1.9": {
							"post": [-0.325, -1.78, -1.23],
							"lerp_mode": "catmullrom"
						},
						"2.0667": {
							"post": [0, -0.8, -1.775],
							"lerp_mode": "catmullrom"
						},
						"2.2": {
							"post": [0, -0.15, 0.375],
							"lerp_mode": "catmullrom"
						},
						"2.3": {
							"post": [0, -0.025, -0.04375],
							"lerp_mode": "catmullrom"
						},
						"2.3667": {
							"post": [0, 0, 0.025],
							"lerp_mode": "catmullrom"
						},
						"2.4667": {
							"post": [0, 0, 0],
							"lerp_mode": "catmullrom"
						}
					}
				},
				"mag_and_bullet": {
					"scale": {
						"0.0": [0, 0, 0],
						"0.6": {
							"pre": [0, 0, 0],
							"post": [1, 1, 1]
						}
					}
				},
				"magrelease": {
					"rotation": {
						"0.8667": [0, 0, 0],
						"0.9": [-40, 0, 0],
						"0.9333": [-40, 0, 0],
						"1.0": [-12.5, 0, 0],
						"1.4333": [-12.5, 0, 0],
						"1.4667": [-40, 0, 0],
						"1.5": [-40, 0, 0],
						"1.5333": [0, 0, 0]
					}
				},
				"camera": {
					"rotation": {
						"0.0": {
							"post": [0, 0, 0],
							"lerp_mode": "catmullrom"
						},
						"0.2333": {
							"post": [1.075, 0.175, -0.8],
							"lerp_mode": "catmullrom"
						},
						"0.4333": {
							"post": [0.425, 0.25, -0.525],
							"lerp_mode": "catmullrom"
						},
						"0.6333": {
							"post": [0.145, 0.25, -1.15],
							"lerp_mode": "catmullrom"
						},
						"0.7333": {
							"post": [0.07, 0.25, -0.8],
							"lerp_mode": "catmullrom"
						},
						"0.8667": {
							"post": [0.355, 0.25, -1.275],
							"lerp_mode": "catmullrom"
						},
						"0.9333": {
							"post": [1.245, 0.2, -0.78],
							"lerp_mode": "catmullrom"
						},
						"1.0333": {
							"post": [0.665, 0.1, -1.67],
							"lerp_mode": "catmullrom"
						},
						"1.1333": {
							"post": [0.925, 0.025, -1.075],
							"lerp_mode": "catmullrom"
						},
						"1.2667": {
							"post": [0.665, 0.025, -1.415],
							"lerp_mode": "catmullrom"
						},
						"1.4": {
							"post": [0.825, 0.075, -1.25],
							"lerp_mode": "catmullrom"
						},
						"1.4667": {
							"post": [1.365, 0.125, -0.635],
							"lerp_mode": "catmullrom"
						},
						"1.5667": {
							"post": [0.335, 0.125, -1.65],
							"lerp_mode": "catmullrom"
						},
						"1.6667": {
							"post": [0.78, 0.125, -1.04],
							"lerp_mode": "catmullrom"
						},
						"1.7333": {
							"post": [0.42, 0.11, -1.485],
							"lerp_mode": "catmullrom"
						},
						"1.8333": {
							"post": [0.565, 0.08, -0.775],
							"lerp_mode": "catmullrom"
						},
						"1.9333": {
							"post": [0.25, 0.04, -0.61],
							"lerp_mode": "catmullrom"
						},
						"2.0333": {
							"post": [-0.225, 0, 0.125],
							"lerp_mode": "catmullrom"
						},
						"2.1": {
							"post": [-0.35, 0, 0.2],
							"lerp_mode": "catmullrom"
						},
						"2.2": {
							"post": [0.25, 0, -0.25],
							"lerp_mode": "catmullrom"
						},
						"2.3": {
							"post": [-0.075, 0, 0.075],
							"lerp_mode": "catmullrom"
						},
						"2.4333": {
							"post": [0, 0, 0],
							"lerp_mode": "catmullrom"
						}
					}
				},
				"lefthand_and_mag": {
					"rotation": {
						"0.0": [0, 0, 0],
						"0.1667": [-15.91527, 19.291, -55.38152],
						"0.6": [-15.91527, 19.291, -55.38152],
						"0.8": [-27.8218, -5.78326, -5.25522],
						"0.8667": [-27.8218, -5.78326, -5.25522],
						"0.9333": [-4.98507, -6.6725, -7.44948],
						"1.0": [0.78041, -6.70383, -5.43602],
						"1.1": [-4.48245, -3.04831, -17.70932],
						"1.2333": [-16.77992, -2.11859, -5.58151],
						"1.3": [-26.88285, -0.95993, -1.75154],
						"1.3667": [0, 0, 0]
					},
					"position": {
						"0.0": [0, 0, 0],
						"0.1667": [9.075, -11.85, 8.75],
						"0.6": [9.075, -11.85, 8.75],
						"0.7": [6.005, -5.855, 1.625],
						"0.7667": [3.18, -1.95, 0.42],
						"0.8": [1.725, 0.125, 1.65],
						"0.8667": [1.775, -0.3, 1],
						"0.9333": [2.275, -1.4, -3.475],
						"1.0": [2.28, -2.5, -2.945],
						"1.1": [1.295, -2.995, -2.09],
						"1.2333": [0.325, -2.15, -1.075],
						"1.3": [0, -2.075, -1.4],
						"1.3667": [0, 0, 0]
					}
				},
				"additional_magazine": {
					"rotation": {
						"0.8333": [0, 0, 0],
						"0.9": [-18.8, 0, 0],
						"0.9667": [-72.40054, -6.34462, 21.91268],
						"1.1": [-211.72283, 23.69606, 62.87892],
						"1.2333": [-335.72283, 23.69606, 62.87892],
						"1.3": [-378.06, 23.7, 62.88],
						"1.3333": [0, 0, 0]
					},
					"position": {
						"0.8333": [0, 0, 0],
						"0.9": [0, -1.835, -0.995],
						"1.0": [0, -5.53, -10.53],
						"1.1": [-1.175, -17.15, -20.425],
						"1.2": [-3.675, -33.65, -23.775],
						"1.3": [-9.05, -53.575, -24.275],
						"1.3333": [0, 0, 0]
					},
					"scale": {
						"0.0": [1, 1, 1],
						"1.3": {
							"pre": [1, 1, 1],
							"post": [0, 0, 0]
						}
					}
				}
			}
		},
		"reload_empty": {
			"animation_length": 3.2,
			"bones": {
				"lefthand": {
					"rotation": {
						"0.0": [100.36601, 316.5798, -142.78527],
						"0.3667": [122.97225, 316.5798, -198.95627],
						"0.8667": [122.97225, 316.5798, -198.95627],
						"1.5333": [122.97225, 316.5798, -198.95627],
						"1.6": [124.20049, 311.5798, -191.36152],
						"1.8": [94.91782, 284.5798, -105.91752],
						"1.9667": [146.85164, 231.1351, -140.4834],
						"2.0333": [155.48614, 227.7038, -149.25057],
						"2.1333": [155.48614, 223.7038, -149.25057],
						"2.1667": [218.82389, 256.0902, -204.32697],
						"2.2333": [226.65895, 255.1148, -217.80002],
						"2.3333": [192.45, 253.15, -208.14],
						"2.4": [106.93648, 256.7471, -183.97756],
						"2.4667": [104.63257, 252.3347, -153.86732],
						"2.5333": [100.36601, 316.5798, -142.78527]
					},
					"position": {
						"0.0": [7.775, -13, -6],
						"0.3667": [8.38, -16.85, 0.905],
						"0.8667": [8.38, -16.85, 0.905],
						"1.5333": [8.38, -16.85, 0.905],
						"1.6": [8.38, -16.85, 0.905],
						"1.6667": [8.99, -17.66, 1.59],
						"1.7667": [6.17, -19.87, 4.85],
						"1.8333": [3.32, -15.65, 2.93],
						"1.8667": [3.1, -9.535, 1.965],
						"1.9667": [3.23, -7.7, 4.225],
						"2.0333": [3.23, -7.525, 4.4],
						"2.1": [3.23, -7.52, 5.075],
						"2.1333": [3.23, -7.52, 5.075],
						"2.1667": [1.955, -12.795, 8.605],
						"2.2333": [1.96, -17.05, 11.785],
						"2.3333": [2.83, -19.14, 8.14],
						"2.4": [5, -24.35, -0.96],
						"2.4667": [8.925, -20.41, -2.51],
						"2.5333": [7.775, -13, -6]
					},
					"scale": [1, 1.5, 1]
				},
				"righthand": {
					"rotation": [95.04292, 367.4713, 180.6574],
					"position": [-7, -14.275, 7],
					"scale": [1, 1.5, 1]
				},
				"root": {
					"rotation": {
						"0.0": {
							"post": [0, 0, 0],
							"lerp_mode": "catmullrom"
						},
						"0.1333": {
							"post": [-1.03182, -1.42177, -4.17153],
							"lerp_mode": "catmullrom"
						},
						"0.2667": {
							"post": [-4.95194, -2.84384, -12.84444],
							"lerp_mode": "catmullrom"
						},
						"0.4": {
							"post": [-5.45194, -2.84384, -12.84444],
							"lerp_mode": "catmullrom"
						},
						"0.4667": {
							"post": [-4.82859, -2.74755, -11.4531],
							"lerp_mode": "catmullrom"
						},
						"0.5667": {
							"post": [-4.10432, -2.92695, -12.98598],
							"lerp_mode": "catmullrom"
						},
						"0.6667": {
							"post": [-4.95, -2.71, -12.34],
							"lerp_mode": "catmullrom"
						},
						"0.8667": {
							"post": [-6.42554, -2.29915, -16.59998],
							"lerp_mode": "catmullrom"
						},
						"0.9": {
							"post": [-5.07812, -1.84855, -11.17408],
							"lerp_mode": "catmullrom"
						},
						"0.9667": {
							"post": [-4.17408, -1.93423, -22.78894],
							"lerp_mode": "catmullrom"
						},
						"1.0667": {
							"post": [-4.22743, -2.38507, -17.25067],
							"lerp_mode": "catmullrom"
						},
						"1.1667": {
							"post": [-7.84345, -3.0228, -18.19228],
							"lerp_mode": "catmullrom"
						},
						"1.2667": {
							"post": [-9.68856, -2.27201, -15.20868],
							"lerp_mode": "catmullrom"
						},
						"1.4333": {
							"post": [-10.74624, -2.50998, -18.47674],
							"lerp_mode": "catmullrom"
						},
						"1.4667": {
							"post": [-9.12133, -2.27319, -13.42852],
							"lerp_mode": "catmullrom"
						},
						"1.5333": {
							"post": [-7.06453, -1.80274, -19.21223],
							"lerp_mode": "catmullrom"
						},
						"1.6": {
							"post": [-6.46188, -2.15177, -13.90293],
							"lerp_mode": "catmullrom"
						},
						"1.7": {
							"post": [-7.34942, -2.20878, -12.24785],
							"lerp_mode": "catmullrom"
						},
						"1.8": {
							"post": [-7.8, -2.84, -15.59],
							"lerp_mode": "catmullrom"
						},
						"1.9": {
							"post": [-7.41455, -3.48219, -23.17115],
							"lerp_mode": "catmullrom"
						},
						"2.0333": {
							"post": [-8.205, -3.71, -26.505],
							"lerp_mode": "catmullrom"
						},
						"2.1": {
							"post": [-8.42734, -4.40434, -32.8188],
							"lerp_mode": "catmullrom"
						},
						"2.1667": {
							"post": [-9.47546, -3.32825, -32.20233],
							"lerp_mode": "catmullrom"
						},
						"2.2": {
							"post": [-6.52229, -3.94546, -19.47027],
							"lerp_mode": "catmullrom"
						},
						"2.2667": {
							"post": [-2.18683, -3.43913, -29.02823],
							"lerp_mode": "catmullrom"
						},
						"2.3667": {
							"post": [-3.72949, -1.19414, -17.33538],
							"lerp_mode": "catmullrom"
						},
						"2.4667": {
							"post": [-1.14939, -1.96015, -20.96006],
							"lerp_mode": "catmullrom"
						},
						"2.6333": {
							"post": [3.96242, 1.18232, -1.59929],
							"lerp_mode": "catmullrom"
						},
						"2.7333": {
							"post": [2.6036, -1.33805, -0.60244],
							"lerp_mode": "catmullrom"
						},
						"2.8": {
							"post": [0.72, -0.49, -0.14],
							"lerp_mode": "catmullrom"
						},
						"2.8333": {
							"post": [0, 0, -2],
							"lerp_mode": "catmullrom"
						},
						"2.9": {
							"post": [-0.02618, 0.01884, 0.83852],
							"lerp_mode": "catmullrom"
						},
						"2.9667": {
							"post": [0, 0, -0.81],
							"lerp_mode": "catmullrom"
						},
						"3.0667": {
							"post": [0, 0, 0],
							"lerp_mode": "catmullrom"
						}
					},
					"position": {
						"0.0": {
							"post": [0, 0, 0],
							"lerp_mode": "catmullrom"
						},
						"0.1": {
							"post": [0, -0.665, -0.4],
							"lerp_mode": "catmullrom"
						},
						"0.2667": {
							"post": [0, -0.1, -0.325],
							"lerp_mode": "catmullrom"
						},
						"0.4": {
							"post": [0, -0.52, 0.625],
							"lerp_mode": "catmullrom"
						},
						"0.5": {
							"post": [-0.03, -0.63, 0.365],
							"lerp_mode": "catmullrom"
						},
						"0.6333": {
							"post": [-0.1, -0.525, 0.525],
							"lerp_mode": "catmullrom"
						},
						"0.8667": {
							"post": [-0.275, -0.375, 0.6],
							"lerp_mode": "catmullrom"
						},
						"0.9333": {
							"post": [-0.105, -0.92, 0.175],
							"lerp_mode": "catmullrom"
						},
						"1.0667": {
							"post": [-0.11, -1.12, -0.105],
							"lerp_mode": "catmullrom"
						},
						"1.3": {
							"post": [-0.11, -0.89, -0.125],
							"lerp_mode": "catmullrom"
						},
						"1.4333": {
							"post": [-0.26, -0.765, -0.12],
							"lerp_mode": "catmullrom"
						},
						"1.5": {
							"post": [-0.16, -1.015, 0.03],
							"lerp_mode": "catmullrom"
						},
						"1.6": {
							"post": [-0.18, -1.125, 0.03],
							"lerp_mode": "catmullrom"
						},
						"1.7": {
							"post": [-0.19, -0.955, 0.03],
							"lerp_mode": "catmullrom"
						},
						"1.8": {
							"post": [-0.21, -0.91, 0.03],
							"lerp_mode": "catmullrom"
						},
						"1.9333": {
							"post": [-0.385, -0.135, 0.03],
							"lerp_mode": "catmullrom"
						},
						"2.0333": {
							"post": [-0.39, 0.19, 0.03],
							"lerp_mode": "catmullrom"
						},
						"2.1333": {
							"post": [-0.39, -0.035, 0.03],
							"lerp_mode": "catmullrom"
						},
						"2.2": {
							"post": [-0.315, -0.96, -0.795],
							"lerp_mode": "catmullrom"
						},
						"2.3": {
							"post": [-0.31, -0.13, -0.615],
							"lerp_mode": "catmullrom"
						},
						"2.4333": {
							"post": [-0.38, -0.54, -0.64],
							"lerp_mode": "catmullrom"
						},
						"2.5667": {
							"post": [-0.435, -1.775, -0.835],
							"lerp_mode": "catmullrom"
						},
						"2.6667": {
							"post": [-0.28, -1.32, -1.78],
							"lerp_mode": "catmullrom"
						},
						"2.7333": {
							"post": [-0.21, -0.93, -1.21],
							"lerp_mode": "catmullrom"
						},
						"2.8333": {
							"post": [0, -0.275, 0.5],
							"lerp_mode": "catmullrom"
						},
						"2.9333": {
							"post": [0, -0.075, -0.2],
							"lerp_mode": "catmullrom"
						},
						"3.0333": {
							"post": [0, 0, 0],
							"lerp_mode": "catmullrom"
						}
					}
				},
				"bolt": {
					"position": {
						"0.0": [0, 0, 4],
						"2.0333": [0, 0, 4],
						"2.1": [0, 0, 4.75],
						"2.1333": [0, 0, 4.75],
						"2.1667": [0, 0, 0],
						"2.2": [0, 0, 0.3],
						"2.2333": [0, 0, 0]
					}
				},
				"mag_and_bullet": {
					"scale": {
						"0.0": [0, 0, 0],
						"0.6": {
							"pre": [0, 0, 0],
							"post": [1, 1, 1]
						}
					}
				},
				"magrelease": {
					"rotation": {
						"0.8667": [0, 0, 0],
						"0.9": [-40, 0, 0],
						"0.9333": [-40, 0, 0],
						"1.0": [-12.5, 0, 0],
						"1.4333": [-12.5, 0, 0],
						"1.4667": [-40, 0, 0],
						"1.5": [-40, 0, 0],
						"1.5333": [0, 0, 0]
					}
				},
				"camera": {
					"rotation": {
						"0.0": {
							"post": [0, 0, 0],
							"lerp_mode": "catmullrom"
						},
						"0.2333": {
							"post": [1.075, 0.175, -0.8],
							"lerp_mode": "catmullrom"
						},
						"0.4333": {
							"post": [0.425, 0.25, -0.525],
							"lerp_mode": "catmullrom"
						},
						"0.6333": {
							"post": [0.145, 0.25, -1.15],
							"lerp_mode": "catmullrom"
						},
						"0.7333": {
							"post": [0.07, 0.25, -0.8],
							"lerp_mode": "catmullrom"
						},
						"0.8667": {
							"post": [0.355, 0.25, -1.275],
							"lerp_mode": "catmullrom"
						},
						"0.9333": {
							"post": [1.245, 0.2, -0.78],
							"lerp_mode": "catmullrom"
						},
						"1.0333": {
							"post": [0.665, 0.1, -1.67],
							"lerp_mode": "catmullrom"
						},
						"1.1333": {
							"post": [0.925, 0.025, -1.075],
							"lerp_mode": "catmullrom"
						},
						"1.2667": {
							"post": [0.665, 0.025, -1.415],
							"lerp_mode": "catmullrom"
						},
						"1.4": {
							"post": [0.825, 0.075, -1.25],
							"lerp_mode": "catmullrom"
						},
						"1.4667": {
							"post": [1.365, 0.125, -0.635],
							"lerp_mode": "catmullrom"
						},
						"1.5667": {
							"post": [0.335, 0.125, -1.65],
							"lerp_mode": "catmullrom"
						},
						"1.6667": {
							"post": [0.78, 0.125, -1.04],
							"lerp_mode": "catmullrom"
						},
						"1.8": {
							"post": [0.42, 0.05, -1.335],
							"lerp_mode": "catmullrom"
						},
						"2.0": {
							"post": [0.22, 0.225, -1.625],
							"lerp_mode": "catmullrom"
						},
						"2.1333": {
							"post": [0.41, 0.35, -1.655],
							"lerp_mode": "catmullrom"
						},
						"2.2": {
							"post": [1.37, 0.35, -1.005],
							"lerp_mode": "catmullrom"
						},
						"2.3": {
							"post": [0.235, 0.35, -1.94],
							"lerp_mode": "catmullrom"
						},
						"2.4": {
							"post": [0.715, 0.15, -1.275],
							"lerp_mode": "catmullrom"
						},
						"2.5333": {
							"post": [0.175, -0.05, -1.14],
							"lerp_mode": "catmullrom"
						},
						"2.6667": {
							"post": [-0.3, 0, 0.125],
							"lerp_mode": "catmullrom"
						},
						"2.7333": {
							"post": [0.25, 0, 0.25],
							"lerp_mode": "catmullrom"
						},
						"2.8333": {
							"post": [-0.175, 0, -0.275],
							"lerp_mode": "catmullrom"
						},
						"2.9333": {
							"post": [0.15, 0, 0.125],
							"lerp_mode": "catmullrom"
						},
						"3.0667": {
							"post": [0, 0, 0],
							"lerp_mode": "catmullrom"
						}
					}
				},
				"lefthand_and_mag": {
					"rotation": {
						"0.0": [0, 0, 0],
						"0.1667": [-15.91527, 19.291, -55.38152],
						"0.6": [-15.91527, 19.291, -55.38152],
						"0.8": [-27.8218, -5.78326, -5.25522],
						"0.8667": [-27.8218, -5.78326, -5.25522],
						"0.9333": [-4.98507, -6.6725, -7.44948],
						"1.0": [0.78041, -6.70383, -5.43602],
						"1.1": [-4.48245, -3.04831, -17.70932],
						"1.2333": [-16.77992, -2.11859, -5.58151],
						"1.3": [-26.88285, -0.95993, -1.75154],
						"1.3667": [0, 0, 0]
					},
					"position": {
						"0.0": [0, 0, 0],
						"0.1667": [9.075, -11.85, 8.75],
						"0.6": [9.075, -11.85, 8.75],
						"0.7": [6.005, -5.855, 1.625],
						"0.7667": [3.18, -1.95, 0.42],
						"0.8": [1.725, 0.125, 1.65],
						"0.8667": [1.775, -0.3, 1],
						"0.9333": [2.275, -1.4, -3.475],
						"1.0": [2.28, -2.5, -2.945],
						"1.1": [1.295, -2.995, -2.09],
						"1.2333": [0.325, -2.15, -1.075],
						"1.3": [0, -2.075, -1.4],
						"1.3667": [0, 0, 0]
					}
				},
				"additional_magazine": {
					"rotation": {
						"0.8333": [0, 0, 0],
						"0.9": [-18.8, 0, 0],
						"0.9667": [-72.40054, -6.34462, 21.91268],
						"1.1": [-211.72283, 23.69606, 62.87892],
						"1.2333": [-335.72283, 23.69606, 62.87892],
						"1.3": [-378.06, 23.7, 62.88],
						"1.3333": [0, 0, 0]
					},
					"position": {
						"0.8333": [0, 0, 0],
						"0.9": [0, -1.835, -0.995],
						"1.0": [0, -5.53, -10.53],
						"1.1": [-1.175, -17.15, -20.425],
						"1.2": [-3.675, -33.65, -23.775],
						"1.3": [-9.05, -53.575, -24.275],
						"1.3333": [0, 0, 0]
					},
					"scale": {
						"0.0": [1, 1, 1],
						"1.3": {
							"pre": [1, 1, 1],
							"post": [0, 0, 0]
						}
					}
				}
			}
		},
		"inspect": {
			"animation_length": 8.3,
			"bones": {
				"root": {
					"rotation": {
						"0.0": [0, 0, 0],
						"0.1667": {
							"pre": [-3.95432, -0.35524, -7.5593],
							"post": [-3.95432, -0.35524, -7.5593],
							"lerp_mode": "catmullrom"
						},
						"0.3667": {
							"post": [-18.77487, -14.73938, -42.6554],
							"lerp_mode": "catmullrom"
						},
						"0.6333": {
							"post": [-21.52657, -15.87239, -40.05886],
							"lerp_mode": "catmullrom"
						},
						"0.7667": {
							"post": [-20.25861, -16.23715, -41.02775],
							"lerp_mode": "catmullrom"
						},
						"1.0667": {
							"post": [-20.53075, -15.90496, -40.04584],
							"lerp_mode": "catmullrom"
						},
						"1.2333": {
							"post": [-20.31, -15.97, -40.25],
							"lerp_mode": "catmullrom"
						},
						"1.3333": {
							"post": [-19.50129, -18.05893, -44.38906],
							"lerp_mode": "catmullrom"
						},
						"1.4667": {
							"post": [-19.4, -17.79, -43.96],
							"lerp_mode": "catmullrom"
						},
						"1.8": {
							"post": [-19.4, -17.79, -43.96],
							"lerp_mode": "catmullrom"
						},
						"1.9667": {
							"post": [-15.98698, -18.90273, -47.17888],
							"lerp_mode": "catmullrom"
						},
						"2.1667": [-21.03635, -12.51673, -24.54773],
						"2.2333": [-21.68509, -14.72379, -30.29289],
						"2.3333": {
							"pre": [-23.93272, -16.03986, -33.0996],
							"post": [-23.93272, -16.03986, -33.0996],
							"lerp_mode": "catmullrom"
						},
						"2.3667": {
							"post": [-23.93272, -16.03986, -33.0996],
							"lerp_mode": "catmullrom"
						},
						"2.4": {
							"post": [-23.81561, -18.75152, -38.32369],
							"lerp_mode": "catmullrom"
						},
						"2.5333": {
							"post": [-26.69287, -14.89123, -34.22797],
							"lerp_mode": "catmullrom"
						},
						"2.6333": {
							"post": [-25.15112, -14.84361, -35.22725],
							"lerp_mode": "catmullrom"
						},
						"2.7667": {
							"post": [-25.65312, -11.93302, -33.22913],
							"lerp_mode": "catmullrom"
						},
						"2.9667": {
							"post": [-26.01609, -11.05842, -29.41804],
							"lerp_mode": "catmullrom"
						},
						"3.2667": {
							"post": [-26.01964, -11.08992, -32.35272],
							"lerp_mode": "catmullrom"
						},
						"3.7333": {
							"post": [-26.1, -10.91, -32.005],
							"lerp_mode": "catmullrom"
						},
						"4.3333": {
							"post": [-25.75645, -10.60384, -32.73238],
							"lerp_mode": "catmullrom"
						},
						"4.4667": {
							"post": [-22.18, -10.23376, -28.68011],
							"lerp_mode": "catmullrom"
						},
						"4.6333": {
							"post": [-21.84032, -16.35295, -42.43734],
							"lerp_mode": "catmullrom"
						},
						"4.7667": {
							"post": [-23.01767, -14.58784, -39.21257],
							"lerp_mode": "catmullrom"
						},
						"4.8667": {
							"post": [-25.01344, -14.55583, -37.22696],
							"lerp_mode": "catmullrom"
						},
						"4.9333": {
							"post": [-20.36166, -9.80986, -25.96993],
							"lerp_mode": "catmullrom"
						},
						"4.9667": {
							"post": [-19.37742, -12.97734, -35.75689],
							"lerp_mode": "catmullrom"
						},
						"5.0333": {
							"post": [-22.53365, -10.5086, -29.93511],
							"lerp_mode": "catmullrom"
						},
						"5.1333": {
							"post": [-22.35954, -11.69417, -32.98666],
							"lerp_mode": "catmullrom"
						},
						"5.3333": {
							"post": [-24.36432, -1.6775, -11.65337],
							"lerp_mode": "catmullrom"
						},
						"5.5333": {
							"post": [-23.46652, 12.24383, 43.25953],
							"lerp_mode": "catmullrom"
						},
						"5.5667": {
							"post": [-25.38254, 14.43725, 52.36102],
							"lerp_mode": "catmullrom"
						},
						"5.7333": {
							"post": [-29.00682, 14.71279, 56.6102],
							"lerp_mode": "catmullrom"
						},
						"5.8333": {
							"post": [-29.89, 14.81, 57.05],
							"lerp_mode": "catmullrom"
						},
						"5.9333": {
							"post": [-31.3227, 15.39962, 56.65147],
							"lerp_mode": "catmullrom"
						},
						"6.1333": {
							"post": [-30.7885, 14.41418, 55.14586],
							"lerp_mode": "catmullrom"
						},
						"6.4333": {
							"post": [-30.6349, 15.48634, 57.33607],
							"lerp_mode": "catmullrom"
						},
						"6.7333": {
							"post": [-31.25052, 14.70508, 55.68418],
							"lerp_mode": "catmullrom"
						},
						"6.8667": {
							"post": [-31.42, 14.31, 55.95],
							"lerp_mode": "catmullrom"
						},
						"6.9333": {
							"post": [-32.27246, 11.64382, 51.59711],
							"lerp_mode": "catmullrom"
						},
						"7.1667": {
							"post": [-26.67396, -0.07821, 27.51275],
							"lerp_mode": "catmullrom"
						},
						"7.3": {
							"post": [-11.69726, 0.58548, 26.88017],
							"lerp_mode": "catmullrom"
						},
						"7.4333": {
							"post": [-4.92613, 0.4648, 9.54116],
							"lerp_mode": "catmullrom"
						},
						"7.6": {
							"post": [-0.48719, -2.12151, -6.94069],
							"lerp_mode": "catmullrom"
						},
						"7.7": {
							"post": [0, 0, -3],
							"lerp_mode": "catmullrom"
						},
						"7.8": [1.07546, -0.05235, 0.39954],
						"7.9": [-0.95, 0, 1.64],
						"8.0333": [0, 0, 0],
						"8.1667": [0, 0, 0]
					},
					"position": {
						"0.0": [0, 0, 0],
						"0.1667": {
							"pre": [-0.3, -0.65, 0],
							"post": [-0.3, -0.65, 0],
							"lerp_mode": "catmullrom"
						},
						"0.3667": {
							"post": [-0.6, 0.8, -0.75],
							"lerp_mode": "catmullrom"
						},
						"0.5": {
							"post": [-0.6, 1.2, -1.35],
							"lerp_mode": "catmullrom"
						},
						"0.6667": {
							"post": [-0.6, 0.835, -1.59],
							"lerp_mode": "catmullrom"
						},
						"0.8667": {
							"post": [-0.6, 0.55, -1.6],
							"lerp_mode": "catmullrom"
						},
						"1.0667": {
							"post": [-0.6, 0.98, -1.6],
							"lerp_mode": "catmullrom"
						},
						"1.3333": {
							"post": [-0.6, 3.105, -1.6],
							"lerp_mode": "catmullrom"
						},
						"1.6333": {
							"post": [-0.6, 3.33, -1.6],
							"lerp_mode": "catmullrom"
						},
						"1.8": {
							"post": [-0.6, 2.7, -1.6],
							"lerp_mode": "catmullrom"
						},
						"1.9667": {
							"post": [-0.45, -0.64, -0.8],
							"lerp_mode": "catmullrom"
						},
						"2.1667": {
							"post": [0.7, -1.3, 2.1],
							"lerp_mode": "catmullrom"
						},
						"2.2333": {
							"post": [0.7, -1.35, 2.1],
							"lerp_mode": "catmullrom"
						},
						"2.3333": {
							"post": [0.7, -1.15, 2.1],
							"lerp_mode": "catmullrom"
						},
						"2.4": {
							"post": [0.575, -0.7, 2.1],
							"lerp_mode": "catmullrom"
						},
						"2.4667": {
							"post": [0.245, -0.46, 2.1],
							"lerp_mode": "catmullrom"
						},
						"2.5667": {
							"post": [-0.05, -0.65, 2.1],
							"lerp_mode": "catmullrom"
						},
						"2.6333": {
							"post": [-0.275, -1.15, 2.1],
							"lerp_mode": "catmullrom"
						},
						"2.7333": {
							"post": [-0.2, -1.6, 2.1],
							"lerp_mode": "catmullrom"
						},
						"2.8667": {
							"post": [-0.125, -1.825, 2.1],
							"lerp_mode": "catmullrom"
						},
						"3.2333": {
							"post": [-0.4, -1.4, 2.1],
							"lerp_mode": "catmullrom"
						},
						"4.3667": {
							"post": [-0.4, -1.5, 2.1],
							"lerp_mode": "catmullrom"
						},
						"4.5333": {
							"post": [-0.21, -1.27, 2.1],
							"lerp_mode": "catmullrom"
						},
						"4.6333": {
							"post": [0.15, -0.9, 2.1],
							"lerp_mode": "catmullrom"
						},
						"4.7333": {
							"post": [0.3, -0.6, 2.1],
							"lerp_mode": "catmullrom"
						},
						"4.8333": {
							"post": [0.3, -0.5, 2.1],
							"lerp_mode": "catmullrom"
						},
						"4.8667": {
							"post": [0.2, -0.5, 2.1],
							"lerp_mode": "catmullrom"
						},
						"4.9667": [0.3, -0.8, 2.1],
						"5.1333": {
							"pre": [0.3, -1.67969, 2.1],
							"post": [0.3, -1.67969, 2.1],
							"lerp_mode": "catmullrom"
						},
						"5.3333": {
							"post": [0.7, -4.11016, 1.5],
							"lerp_mode": "catmullrom"
						},
						"5.5333": [1.425, -3.36328, 0.64141],
						"5.6667": {
							"pre": [1.87422, -2.99297, 0.30938],
							"post": [1.87422, -2.99297, 0.30938],
							"lerp_mode": "catmullrom"
						},
						"5.8333": {
							"post": [2.02656, -3.34531, 0.68047],
							"lerp_mode": "catmullrom"
						},
						"5.9333": {
							"post": [2.02656, -3.96641, 1.22516],
							"lerp_mode": "catmullrom"
						},
						"6.0333": {
							"post": [1.9975, -4.26297, 1.14094],
							"lerp_mode": "catmullrom"
						},
						"6.2667": {
							"post": [1.81, -4.12625, 1.26938],
							"lerp_mode": "catmullrom"
						},
						"6.6333": {
							"post": [1.83, -3.89797, 1.35781],
							"lerp_mode": "catmullrom"
						},
						"6.8667": {
							"post": [1.84, -3.84469, 1.24359],
							"lerp_mode": "catmullrom"
						},
						"6.9333": {
							"post": [1.84, -4.45609, 1.23],
							"lerp_mode": "catmullrom"
						},
						"7.0": {
							"post": [1.84, -4.23719, 1.23359],
							"lerp_mode": "catmullrom"
						},
						"7.1": {
							"post": [1.81, -5.45562, 0.44],
							"lerp_mode": "catmullrom"
						},
						"7.2333": {
							"post": [1.6, -6.10031, -1.06],
							"lerp_mode": "catmullrom"
						},
						"7.3667": {
							"post": [1.08, -4.20469, -4.00109],
							"lerp_mode": "catmullrom"
						},
						"7.5": {
							"post": [0.52, -0.355, -4.04109],
							"lerp_mode": "catmullrom"
						},
						"7.7": {
							"post": [0, -0.3, 0.95],
							"lerp_mode": "catmullrom"
						},
						"7.8333": [0, 0.02, -0.14],
						"7.9667": [0, 0.12, 0.08],
						"8.1333": [0, 0, 0]
					}
				},
				"lefthand_and_mag": {
					"rotation": {
						"2.1667": [0, 0, 0],
						"2.2667": [-14.87378, -0.06978, -1.99878],
						"2.3333": [-14.87378, -0.06978, -1.99878],
						"2.4": {
							"pre": [-17.58598, -4.88201, -7.06163],
							"post": [-17.58598, -4.88201, -7.06163],
							"lerp_mode": "catmullrom"
						},
						"2.5": {
							"post": [-2.54764, -3.15869, -9.15509],
							"lerp_mode": "catmullrom"
						},
						"2.6": {
							"post": [-2.29304, 0.51545, -7.03527],
							"lerp_mode": "catmullrom"
						},
						"2.7667": {
							"post": [0.11593, 1.3276, -6.41886],
							"lerp_mode": "catmullrom"
						},
						"3.1": {
							"post": [-0.56745, 0.66867, -6.29566],
							"lerp_mode": "catmullrom"
						},
						"3.2": {
							"post": [-0.73884, -4.95119, 7.1523],
							"lerp_mode": "catmullrom"
						},
						"3.3333": {
							"post": [4.57279, 13.80254, 51.68818],
							"lerp_mode": "catmullrom"
						},
						"3.4333": {
							"post": [11.39392, 23.87067, 73.5731],
							"lerp_mode": "catmullrom"
						},
						"3.6": {
							"post": [10.62198, 24.66829, 69.27027],
							"lerp_mode": "catmullrom"
						},
						"3.7": {
							"post": [10.16633, 24.85041, 68.18683],
							"lerp_mode": "catmullrom"
						},
						"3.8": {
							"post": [9.71201, 25.02264, 67.10375],
							"lerp_mode": "catmullrom"
						},
						"4.1667": [10.8, 25.61, 67.345],
						"4.2667": [11.07064, 24.47878, 61.87432],
						"4.3667": [2.6316, 9.13844, -19.76362],
						"4.5": [-9.91205, 0, -26.17873],
						"4.6": [-16.50045, 0, -1.24916],
						"4.6667": [-23.925, 0, 0],
						"4.7": [-24.5, 0, 0],
						"4.7667": [-22.5, 0, 0],
						"4.8": [-25.25, 0, 0],
						"4.8667": [0, 0, 0]
					},
					"position": {
						"2.1667": [0, 0, 0],
						"2.2667": [0, -0.3, -0.575],
						"2.3333": [0, -0.525, -0.95],
						"2.4": {
							"pre": [1.4, -6.7, -5.4],
							"post": [1.4, -6.7, -5.4],
							"lerp_mode": "catmullrom"
						},
						"2.5": {
							"post": [2.60106, -7.37564, -1.50788],
							"lerp_mode": "catmullrom"
						},
						"2.6667": {
							"post": [4.19814, -4.01898, 1.38632],
							"lerp_mode": "catmullrom"
						},
						"2.7667": {
							"post": [4.90996, -1.98517, 2.02353],
							"lerp_mode": "catmullrom"
						},
						"2.9": {
							"post": [5.13462, -1.70756, 1.84998],
							"lerp_mode": "catmullrom"
						},
						"3.1": {
							"post": [4.95, -2.2, 1.9],
							"lerp_mode": "catmullrom"
						},
						"3.2": {
							"post": [4.75, -2.8, 2.4],
							"lerp_mode": "catmullrom"
						},
						"3.3333": {
							"post": [3.61, -3.505, 2.16],
							"lerp_mode": "catmullrom"
						},
						"3.4667": {
							"post": [3.4, -3.725, 1.125],
							"lerp_mode": "catmullrom"
						},
						"3.6": {
							"post": [3.3, -3.425, 0.875],
							"lerp_mode": "catmullrom"
						},
						"3.7": {
							"post": [3.2, -3.425, 0.875],
							"lerp_mode": "catmullrom"
						},
						"3.8": {
							"post": [3.2, -3.425, 0.875],
							"lerp_mode": "catmullrom"
						},
						"4.1667": [3.165, -3.7, 0.775],
						"4.2667": [3.3, -3.85, 0.825],
						"4.3667": [2.745, -6.63, 0.885],
						"4.5": [2.05, -2, -1.95],
						"4.6": [0.4, -1, -1.525],
						"4.6667": [0.1, -1, -2.375],
						"4.7": [0.1, -1, -2.3],
						"4.7667": [0.1, -1, -1.825],
						"4.8": [0.05, -0.5, -1.75],
						"4.8667": [0, 0, 0]
					}
				},
				"lefthand": {
					"rotation": {
						"0.0": [100.36601, 316.5798, -142.78527],
						"0.1667": [120.65263, 300.35672, -200.36724],
						"0.3": [111.55615, 298.47384, -188.40898],
						"1.6667": [111.555, 298.47, -188.405],
						"1.9667": [118.83163, 326.45682, -211.14883],
						"2.0667": [128.08894, 353.56633, -232.1361],
						"2.1667": [137.90708, 352.98359, -229.17653],
						"2.2667": [136.38376, 352.2397, -227.32289],
						"2.3333": [131.92598, 335.01803, -221.25165],
						"2.4": [124.32756, 341.90777, -207.99399],
						"2.5667": [117.49784, 353.33242, -204.26761],
						"2.7": [122.57973, 353.16258, -203.63703],
						"3.0667": [122.57973, 353.16258, -203.63703],
						"3.2": [121.015, 353.92, -204.425],
						"3.3": [121.6483, 350.03872, -193.05026],
						"4.3": [121.6483, 350.03872, -193.05026],
						"4.4": [128.32432, 351.9275, -221.98264],
						"5.1": [128.32432, 351.9275, -221.98264],
						"5.2": [124.115, 332.21, -174.055],
						"5.3": [110.9783, 319.06865, -142.09861],
						"5.7": [81.9783, 319.06865, -142.09861],
						"7.3": [83.9783, 319.06865, -142.09861],
						"7.4333": [100.36601, 316.5798, -142.78527]
					},
					"position": {
						"0.0": [7.775, -13, -6],
						"0.1667": [14.3, -27.8, -3.8],
						"0.3": [9.9, -45.2, 22.9],
						"1.6667": [9.9, -45.2, 22.9],
						"1.9667": [7.18, -18.75, 1.05],
						"2.0667": [7.35, -16.5, -1.5],
						"2.2667": [7.35, -16.5, -1.5],
						"2.3333": [7.35, -16.975, -1.1],
						"2.5667": [7.31, -16.92, -0.745],
						"3.2": [7.31, -16.92, -0.745],
						"3.3": [8.54, -16.78, -1.6],
						"4.3": [8.54, -16.78, -1.6],
						"4.4": [7.65, -17.1, -1.275],
						"5.1": [7.65, -17.1, -1.275],
						"5.1667": [7.91, -15.06, -4.48],
						"5.3": [8.1, -12.1, -8.5],
						"7.3": [8.1, -12.1, -8.5],
						"7.4333": [7.775, -13, -6]
					},
					"scale": [1, 1.5, 1]
				},
				"righthand_and_gun": {
					"rotation": {
						"2.3667": {
							"pre": [0, 0, 0],
							"post": [0, 0, 0],
							"lerp_mode": "catmullrom"
						},
						"2.4667": {
							"post": [0, 0, -6],
							"lerp_mode": "catmullrom"
						},
						"2.6": {
							"post": [0, 0, 1],
							"lerp_mode": "catmullrom"
						},
						"2.8667": {
							"post": [4.25145, 1.49587, 1.11119],
							"lerp_mode": "catmullrom"
						},
						"3.3333": {
							"post": [9.7516, 3.94902, -2.77956],
							"lerp_mode": "catmullrom"
						},
						"3.6667": {
							"post": [11.0016, 3.94902, -2.77956],
							"lerp_mode": "catmullrom"
						},
						"4.3": {
							"post": [8.83657, 0.51786, 5.59603],
							"lerp_mode": "catmullrom"
						},
						"4.7": {
							"post": [0, 0, 0],
							"lerp_mode": "catmullrom"
						}
					},
					"position": {
						"2.3667": {
							"pre": [0, 0, 0],
							"post": [0, 0, 0],
							"lerp_mode": "catmullrom"
						},
						"2.7333": {
							"post": [0, 0, 0],
							"lerp_mode": "catmullrom"
						},
						"3.1": {
							"post": [-0.33567, -0.49419, 0.31421],
							"lerp_mode": "catmullrom"
						},
						"3.6667": {
							"post": [-0.40508, -0.57962, 0.36794],
							"lerp_mode": "catmullrom"
						},
						"4.1667": {
							"post": [-0.13019, -0.20715, 0.12851],
							"lerp_mode": "catmullrom"
						},
						"4.6667": {
							"post": [0, 0, 0],
							"lerp_mode": "catmullrom"
						}
					}
				},
				"bolt": {
					"position": {
						"5.7667": [0, 0, 0],
						"5.9": {
							"pre": [0, 0, 2],
							"post": [0, 0, 2],
							"lerp_mode": "catmullrom"
						},
						"6.0667": {
							"post": [0, 0, 2.25],
							"lerp_mode": "catmullrom"
						},
						"6.3": {
							"post": [0, 0, 2.17],
							"lerp_mode": "catmullrom"
						},
						"6.5667": [0, 0, 2.19938],
						"6.8667": [0, 0, 2],
						"6.9333": [0, 0, 0]
					}
				},
				"righthand": {
					"rotation": {
						"0.0": [95.04292, 367.4713, 180.6574],
						"0.1": [95.04292, 367.4713, 180.6574],
						"0.2333": [95.04292, 367.4713, 180.6574],
						"1.9667": [95.04292, 367.4713, 180.6574],
						"2.1": [95.04292, 367.4713, 180.6574],
						"5.4667": [95.04292, 367.4713, 180.6574],
						"5.6667": [76.17064, 380.31866, 67.92926],
						"5.7667": [77.90318, 376.66785, 78.13254],
						"5.8": [79.05642, 378.34388, 85.93755],
						"5.9": {
							"pre": [83.30253, 402.22545, 102.90458],
							"post": [83.30253, 402.22545, 102.90458],
							"lerp_mode": "catmullrom"
						},
						"6.2333": {
							"post": [85.04261, 405.56628, 103.17399],
							"lerp_mode": "catmullrom"
						},
						"6.4667": {
							"post": [84.64494, 403.05678, 104.1009],
							"lerp_mode": "catmullrom"
						},
						"6.8667": [83.30253, 402.22545, 102.90458],
						"6.9333": [62.2494, 406.43748, 84.52542],
						"7.1333": [95.04292, 367.4713, 180.6574]
					},
					"position": {
						"0.0": [-7, -14.275, 7],
						"0.1": [-7, -14.275, 7],
						"0.2333": [-8.25, -14.275, 7],
						"1.9667": [-8.25, -14.275, 7],
						"2.1": [-7, -14.275, 7],
						"5.4667": [-7, -14.275, 7],
						"5.5": [-8.015, -13.35, 5.48],
						"5.6": [-9.43141, -12.18, 0.80187],
						"5.6667": [-9.05, -11.675, -0.15],
						"5.7667": [-9.05, -11.525, -0.625],
						"5.9": {
							"pre": [-9.05, -11.57, 0.65],
							"post": [-9.05, -11.57, 0.65],
							"lerp_mode": "catmullrom"
						},
						"6.1333": {
							"post": [-9.05, -11.615, 0.74719],
							"lerp_mode": "catmullrom"
						},
						"6.3667": {
							"post": [-9.05, -11.615, 0.79703],
							"lerp_mode": "catmullrom"
						},
						"6.6333": [-9.05, -11.64, 0.93234],
						"6.8667": [-9.05, -11.62859, 0.72266],
						"6.9333": [-9.05, -11.94, 1.58],
						"7.1333": [-7, -14.275, 7]
					},
					"scale": [1, 1.5, 1]
				},
				"camera": {
					"rotation": {
						"0.0": {
							"post": [0, 0, 0],
							"lerp_mode": "catmullrom"
						},
						"0.1667": {
							"post": [1.72, 0.5, -0.45],
							"lerp_mode": "catmullrom"
						},
						"0.3667": {
							"post": [3.175, 0.8, -1.1],
							"lerp_mode": "catmullrom"
						},
						"0.7333": {
							"post": [3.125, 0.8, -1.1],
							"lerp_mode": "catmullrom"
						},
						"0.9333": {
							"post": [3.585, 0.8, -1.1],
							"lerp_mode": "catmullrom"
						},
						"1.1667": {
							"post": [5.295, 1.625, -1.55],
							"lerp_mode": "catmullrom"
						},
						"1.3333": {
							"post": [7.335, 2.7, -1.55],
							"lerp_mode": "catmullrom"
						},
						"1.5667": {
							"post": [8.425, 3.1, -1.55],
							"lerp_mode": "catmullrom"
						},
						"2.0": {
							"post": [2.7, 1.7, -1.55],
							"lerp_mode": "catmullrom"
						},
						"2.1667": {
							"post": [0.9, 0.8, -1.1],
							"lerp_mode": "catmullrom"
						},
						"2.3333": {
							"post": [1, 0.5, -1.1],
							"lerp_mode": "catmullrom"
						},
						"2.4": {
							"post": [1.5, -0.3, 1.2],
							"lerp_mode": "catmullrom"
						},
						"2.5": {
							"post": [0.7, -0.5, -2.95],
							"lerp_mode": "catmullrom"
						},
						"2.6": {
							"post": [0.9, -0.8, -1.1],
							"lerp_mode": "catmullrom"
						},
						"2.8": {
							"post": [2.3, -1.6, -1.55],
							"lerp_mode": "catmullrom"
						},
						"3.0": {
							"post": [3, -2, -1.55],
							"lerp_mode": "catmullrom"
						},
						"3.2": {
							"post": [3.09, -2, -1.55],
							"lerp_mode": "catmullrom"
						},
						"3.4667": {
							"post": [3.2, -4.1, -2.125],
							"lerp_mode": "catmullrom"
						},
						"3.7": {
							"post": [3.11, -4.8, -2.125],
							"lerp_mode": "catmullrom"
						},
						"4.0": {
							"post": [3, -4.8, -2.125],
							"lerp_mode": "catmullrom"
						},
						"4.3": {
							"post": [2.6, -4.5, -2.125],
							"lerp_mode": "catmullrom"
						},
						"4.5667": {
							"post": [0.8, 0.2, -2],
							"lerp_mode": "catmullrom"
						},
						"4.8": {
							"post": [0.4, 0.8, -1.55],
							"lerp_mode": "catmullrom"
						},
						"4.8667": {
							"post": [1.5, 0.8, 0.02344],
							"lerp_mode": "catmullrom"
						},
						"4.9667": {
							"post": [0.7, 0.8, -2.32578],
							"lerp_mode": "catmullrom"
						},
						"5.0667": {
							"post": [1.1, 0.8, -1.2],
							"lerp_mode": "catmullrom"
						},
						"5.2": {
							"post": [1.3, 0, -1.55],
							"lerp_mode": "catmullrom"
						},
						"5.5": {
							"post": [3.1, -0.4, -1.55],
							"lerp_mode": "catmullrom"
						},
						"5.7667": {
							"post": [3.5, -0.5, -1.55],
							"lerp_mode": "catmullrom"
						},
						"5.8667": {
							"post": [4.71, -0.5, -1.52],
							"lerp_mode": "catmullrom"
						},
						"6.0": {
							"post": [3.79, -0.49, -1.47],
							"lerp_mode": "catmullrom"
						},
						"6.2667": {
							"post": [4.22, -0.46, -1.35],
							"lerp_mode": "catmullrom"
						},
						"6.7": {
							"post": [3.85, -0.4, -1.1],
							"lerp_mode": "catmullrom"
						},
						"6.8": {
							"post": [3.27031, -0.41, -1.06],
							"lerp_mode": "catmullrom"
						},
						"6.8667": {
							"post": [3.72688, -0.42, -0.43672],
							"lerp_mode": "catmullrom"
						},
						"6.9667": {
							"post": [2.48891, -0.43, -1.10766],
							"lerp_mode": "catmullrom"
						},
						"7.1": {
							"post": [2.37781, -0.43, -0.99],
							"lerp_mode": "catmullrom"
						},
						"7.2667": {
							"post": [2.54953, -0.40234, -0.88672],
							"lerp_mode": "catmullrom"
						},
						"7.3667": {
							"post": [2.92234, -0.25734, 0.51859],
							"lerp_mode": "catmullrom"
						},
						"7.4667": {
							"post": [1.97109, -0.1775, 0.57359],
							"lerp_mode": "catmullrom"
						},
						"7.6667": {
							"post": [0.03, 0, 0],
							"lerp_mode": "catmullrom"
						},
						"7.7": {
							"post": [-0.15, 0, 1.6],
							"lerp_mode": "catmullrom"
						},
						"7.8": {
							"post": [0.05, 0, -0.63984],
							"lerp_mode": "catmullrom"
						},
						"7.9667": {
							"post": [0, 0, 0.09375],
							"lerp_mode": "catmullrom"
						},
						"8.2": {
							"post": [0, 0, 0],
							"lerp_mode": "catmullrom"
						}
					}
				}
			},
			"sound_effects": {
				"0.0": {
					"effect": "ar_akilo_inspect_up"
				},
				"2.0333": {
					"effect": "ar_akilo_raise_grab"
				},
				"2.1333": {
					"effect": "ar_akilo_inspect_magout"
				},
				"2.9667": {
					"effect": "p04_ar_akilo_inspect_mvt"
				},
				"4.4333": {
					"effect": "ar_akilo_inspect_magbump"
				},
				"4.7667": {
					"effect": "ar_akilo_inspect_magin"
				},
				"5.0667": {
					"effect": "ar_akilo_inspect_turn"
				},
				"5.6333": {
					"effect": "ar_akilo_inspect_pull"
				},
				"6.7667": {
					"effect": "ar_akilo_inspect_release"
				},
				"7.3667": {
					"effect": "ar_akilo_inspect_over"
				}
			}
		},
		"inspect_empty": {
			"animation_length": 8.3,
			"bones": {
				"root": {
					"rotation": {
						"0.0": [0, 0, 0],
						"0.1667": {
							"pre": [-3.95432, -0.35524, -7.5593],
							"post": [-3.95432, -0.35524, -7.5593],
							"lerp_mode": "catmullrom"
						},
						"0.3667": {
							"post": [-18.77487, -14.73938, -42.6554],
							"lerp_mode": "catmullrom"
						},
						"0.6333": {
							"post": [-21.52657, -15.87239, -40.05886],
							"lerp_mode": "catmullrom"
						},
						"0.7667": {
							"post": [-20.25861, -16.23715, -41.02775],
							"lerp_mode": "catmullrom"
						},
						"1.0667": {
							"post": [-20.53075, -15.90496, -40.04584],
							"lerp_mode": "catmullrom"
						},
						"1.2333": {
							"post": [-20.31, -15.97, -40.25],
							"lerp_mode": "catmullrom"
						},
						"1.3333": {
							"post": [-19.50129, -18.05893, -44.38906],
							"lerp_mode": "catmullrom"
						},
						"1.4667": {
							"post": [-19.4, -17.79, -43.96],
							"lerp_mode": "catmullrom"
						},
						"1.8": {
							"post": [-19.4, -17.79, -43.96],
							"lerp_mode": "catmullrom"
						},
						"1.9667": {
							"post": [-15.98698, -18.90273, -47.17888],
							"lerp_mode": "catmullrom"
						},
						"2.1667": [-21.03635, -12.51673, -24.54773],
						"2.2333": [-21.68509, -14.72379, -30.29289],
						"2.3333": {
							"pre": [-23.93272, -16.03986, -33.0996],
							"post": [-23.93272, -16.03986, -33.0996],
							"lerp_mode": "catmullrom"
						},
						"2.3667": {
							"post": [-23.93272, -16.03986, -33.0996],
							"lerp_mode": "catmullrom"
						},
						"2.4": {
							"post": [-23.81561, -18.75152, -38.32369],
							"lerp_mode": "catmullrom"
						},
						"2.5333": {
							"post": [-26.69287, -14.89123, -34.22797],
							"lerp_mode": "catmullrom"
						},
						"2.6333": {
							"post": [-25.15112, -14.84361, -35.22725],
							"lerp_mode": "catmullrom"
						},
						"2.7667": {
							"post": [-25.65312, -11.93302, -33.22913],
							"lerp_mode": "catmullrom"
						},
						"2.9667": {
							"post": [-26.01609, -11.05842, -29.41804],
							"lerp_mode": "catmullrom"
						},
						"3.2667": {
							"post": [-26.01964, -11.08992, -32.35272],
							"lerp_mode": "catmullrom"
						},
						"3.7333": {
							"post": [-26.1, -10.91, -32.005],
							"lerp_mode": "catmullrom"
						},
						"4.3333": {
							"post": [-25.75645, -10.60384, -32.73238],
							"lerp_mode": "catmullrom"
						},
						"4.4667": {
							"post": [-22.18, -10.23376, -28.68011],
							"lerp_mode": "catmullrom"
						},
						"4.6333": {
							"post": [-21.84032, -16.35295, -42.43734],
							"lerp_mode": "catmullrom"
						},
						"4.7667": {
							"post": [-23.01767, -14.58784, -39.21257],
							"lerp_mode": "catmullrom"
						},
						"4.8667": {
							"post": [-25.01344, -14.55583, -37.22696],
							"lerp_mode": "catmullrom"
						},
						"4.9333": {
							"post": [-20.36166, -9.80986, -25.96993],
							"lerp_mode": "catmullrom"
						},
						"4.9667": {
							"post": [-19.37742, -12.97734, -35.75689],
							"lerp_mode": "catmullrom"
						},
						"5.0333": {
							"post": [-22.53365, -10.5086, -29.93511],
							"lerp_mode": "catmullrom"
						},
						"5.1333": {
							"post": [-22.35954, -11.69417, -32.98666],
							"lerp_mode": "catmullrom"
						},
						"5.3333": {
							"post": [-24.36432, -1.6775, -11.65337],
							"lerp_mode": "catmullrom"
						},
						"5.5333": {
							"post": [-23.46652, 12.24383, 43.25953],
							"lerp_mode": "catmullrom"
						},
						"5.5667": {
							"post": [-25.38254, 14.43725, 52.36102],
							"lerp_mode": "catmullrom"
						},
						"5.7333": {
							"post": [-29.00682, 14.71279, 56.6102],
							"lerp_mode": "catmullrom"
						},
						"5.8333": {
							"post": [-29.89, 14.81, 57.05],
							"lerp_mode": "catmullrom"
						},
						"5.9333": {
							"post": [-31.3227, 15.39962, 56.65147],
							"lerp_mode": "catmullrom"
						},
						"6.1333": {
							"post": [-30.7885, 14.41418, 55.14586],
							"lerp_mode": "catmullrom"
						},
						"6.4333": {
							"post": [-30.6349, 15.48634, 57.33607],
							"lerp_mode": "catmullrom"
						},
						"6.7333": {
							"post": [-31.25052, 14.70508, 55.68418],
							"lerp_mode": "catmullrom"
						},
						"6.8667": {
							"post": [-31.42, 14.31, 55.95],
							"lerp_mode": "catmullrom"
						},
						"6.9333": {
							"post": [-32.27246, 11.64382, 51.59711],
							"lerp_mode": "catmullrom"
						},
						"7.1667": {
							"post": [-26.67396, -0.07821, 27.51275],
							"lerp_mode": "catmullrom"
						},
						"7.3": {
							"post": [-11.69726, 0.58548, 26.88017],
							"lerp_mode": "catmullrom"
						},
						"7.4333": {
							"post": [-4.92613, 0.4648, 9.54116],
							"lerp_mode": "catmullrom"
						},
						"7.6": {
							"post": [-0.48719, -2.12151, -6.94069],
							"lerp_mode": "catmullrom"
						},
						"7.7": {
							"post": [0, 0, -3],
							"lerp_mode": "catmullrom"
						},
						"7.8": [1.07546, -0.05235, 0.39954],
						"7.9": [-0.95, 0, 1.64],
						"8.0333": [0, 0, 0],
						"8.1667": [0, 0, 0]
					},
					"position": {
						"0.0": [0, 0, 0],
						"0.1667": {
							"pre": [-0.3, -0.65, 0],
							"post": [-0.3, -0.65, 0],
							"lerp_mode": "catmullrom"
						},
						"0.3667": {
							"post": [-0.6, 0.8, -0.75],
							"lerp_mode": "catmullrom"
						},
						"0.5": {
							"post": [-0.6, 1.2, -1.35],
							"lerp_mode": "catmullrom"
						},
						"0.6667": {
							"post": [-0.6, 0.835, -1.59],
							"lerp_mode": "catmullrom"
						},
						"0.8667": {
							"post": [-0.6, 0.55, -1.6],
							"lerp_mode": "catmullrom"
						},
						"1.0667": {
							"post": [-0.6, 0.98, -1.6],
							"lerp_mode": "catmullrom"
						},
						"1.3333": {
							"post": [-0.6, 3.105, -1.6],
							"lerp_mode": "catmullrom"
						},
						"1.6333": {
							"post": [-0.6, 3.33, -1.6],
							"lerp_mode": "catmullrom"
						},
						"1.8": {
							"post": [-0.6, 2.7, -1.6],
							"lerp_mode": "catmullrom"
						},
						"1.9667": {
							"post": [-0.45, -0.64, -0.8],
							"lerp_mode": "catmullrom"
						},
						"2.1667": {
							"post": [0.7, -1.3, 2.1],
							"lerp_mode": "catmullrom"
						},
						"2.2333": {
							"post": [0.7, -1.35, 2.1],
							"lerp_mode": "catmullrom"
						},
						"2.3333": {
							"post": [0.7, -1.15, 2.1],
							"lerp_mode": "catmullrom"
						},
						"2.4": {
							"post": [0.575, -0.7, 2.1],
							"lerp_mode": "catmullrom"
						},
						"2.4667": {
							"post": [0.245, -0.46, 2.1],
							"lerp_mode": "catmullrom"
						},
						"2.5667": {
							"post": [-0.05, -0.65, 2.1],
							"lerp_mode": "catmullrom"
						},
						"2.6333": {
							"post": [-0.275, -1.15, 2.1],
							"lerp_mode": "catmullrom"
						},
						"2.7333": {
							"post": [-0.2, -1.6, 2.1],
							"lerp_mode": "catmullrom"
						},
						"2.8667": {
							"post": [-0.125, -1.825, 2.1],
							"lerp_mode": "catmullrom"
						},
						"3.2333": {
							"post": [-0.4, -1.4, 2.1],
							"lerp_mode": "catmullrom"
						},
						"4.3667": {
							"post": [-0.4, -1.5, 2.1],
							"lerp_mode": "catmullrom"
						},
						"4.5333": {
							"post": [-0.21, -1.27, 2.1],
							"lerp_mode": "catmullrom"
						},
						"4.6333": {
							"post": [0.15, -0.9, 2.1],
							"lerp_mode": "catmullrom"
						},
						"4.7333": {
							"post": [0.3, -0.6, 2.1],
							"lerp_mode": "catmullrom"
						},
						"4.8333": {
							"post": [0.3, -0.5, 2.1],
							"lerp_mode": "catmullrom"
						},
						"4.8667": {
							"post": [0.2, -0.5, 2.1],
							"lerp_mode": "catmullrom"
						},
						"4.9667": [0.3, -0.8, 2.1],
						"5.1333": {
							"pre": [0.3, -1.67969, 2.1],
							"post": [0.3, -1.67969, 2.1],
							"lerp_mode": "catmullrom"
						},
						"5.3333": {
							"post": [0.7, -4.11016, 1.5],
							"lerp_mode": "catmullrom"
						},
						"5.5333": [1.425, -3.36328, 0.64141],
						"5.6667": {
							"pre": [1.87422, -2.99297, 0.30938],
							"post": [1.87422, -2.99297, 0.30938],
							"lerp_mode": "catmullrom"
						},
						"5.8333": {
							"post": [2.02656, -3.34531, 0.68047],
							"lerp_mode": "catmullrom"
						},
						"5.9333": {
							"post": [2.02656, -3.96641, 1.22516],
							"lerp_mode": "catmullrom"
						},
						"6.0333": {
							"post": [1.9975, -4.26297, 1.14094],
							"lerp_mode": "catmullrom"
						},
						"6.2667": {
							"post": [1.81, -4.12625, 1.26938],
							"lerp_mode": "catmullrom"
						},
						"6.6333": {
							"post": [1.83, -3.89797, 1.35781],
							"lerp_mode": "catmullrom"
						},
						"6.8667": {
							"post": [1.84, -3.84469, 1.24359],
							"lerp_mode": "catmullrom"
						},
						"6.9333": {
							"post": [1.84, -4.45609, 1.23],
							"lerp_mode": "catmullrom"
						},
						"7.0": {
							"post": [1.84, -4.23719, 1.23359],
							"lerp_mode": "catmullrom"
						},
						"7.1": {
							"post": [1.81, -5.45562, 0.44],
							"lerp_mode": "catmullrom"
						},
						"7.2333": {
							"post": [1.6, -6.10031, -1.06],
							"lerp_mode": "catmullrom"
						},
						"7.3667": {
							"post": [1.08, -4.20469, -4.00109],
							"lerp_mode": "catmullrom"
						},
						"7.5": {
							"post": [0.52, -0.355, -4.04109],
							"lerp_mode": "catmullrom"
						},
						"7.7": {
							"post": [0, -0.3, 0.95],
							"lerp_mode": "catmullrom"
						},
						"7.8333": [0, 0.02, -0.14],
						"7.9667": [0, 0.12, 0.08],
						"8.1333": [0, 0, 0]
					}
				},
				"lefthand_and_mag": {
					"rotation": {
						"2.1667": [0, 0, 0],
						"2.2667": [-14.87378, -0.06978, -1.99878],
						"2.3333": [-14.87378, -0.06978, -1.99878],
						"2.4": {
							"pre": [-17.58598, -4.88201, -7.06163],
							"post": [-17.58598, -4.88201, -7.06163],
							"lerp_mode": "catmullrom"
						},
						"2.5": {
							"post": [-2.54764, -3.15869, -9.15509],
							"lerp_mode": "catmullrom"
						},
						"2.6": {
							"post": [-2.29304, 0.51545, -7.03527],
							"lerp_mode": "catmullrom"
						},
						"2.7667": {
							"post": [0.11593, 1.3276, -6.41886],
							"lerp_mode": "catmullrom"
						},
						"3.1": {
							"post": [-0.56745, 0.66867, -6.29566],
							"lerp_mode": "catmullrom"
						},
						"3.2": {
							"post": [-0.73884, -4.95119, 7.1523],
							"lerp_mode": "catmullrom"
						},
						"3.3333": {
							"post": [4.57279, 13.80254, 51.68818],
							"lerp_mode": "catmullrom"
						},
						"3.4333": {
							"post": [11.39392, 23.87067, 73.5731],
							"lerp_mode": "catmullrom"
						},
						"3.6": {
							"post": [10.62198, 24.66829, 69.27027],
							"lerp_mode": "catmullrom"
						},
						"3.7": {
							"post": [10.16633, 24.85041, 68.18683],
							"lerp_mode": "catmullrom"
						},
						"3.8": {
							"post": [9.71201, 25.02264, 67.10375],
							"lerp_mode": "catmullrom"
						},
						"4.1667": [10.8, 25.61, 67.345],
						"4.2667": [11.07064, 24.47878, 61.87432],
						"4.3667": [2.6316, 9.13844, -19.76362],
						"4.5": [-9.91205, 0, -26.17873],
						"4.6": [-16.50045, 0, -1.24916],
						"4.6667": [-23.925, 0, 0],
						"4.7": [-24.5, 0, 0],
						"4.7667": [-22.5, 0, 0],
						"4.8": [-25.25, 0, 0],
						"4.8667": [0, 0, 0]
					},
					"position": {
						"2.1667": [0, 0, 0],
						"2.2667": [0, -0.3, -0.575],
						"2.3333": [0, -0.525, -0.95],
						"2.4": {
							"pre": [1.4, -6.7, -5.4],
							"post": [1.4, -6.7, -5.4],
							"lerp_mode": "catmullrom"
						},
						"2.5": {
							"post": [2.60106, -7.37564, -1.50788],
							"lerp_mode": "catmullrom"
						},
						"2.6667": {
							"post": [4.19814, -4.01898, 1.38632],
							"lerp_mode": "catmullrom"
						},
						"2.7667": {
							"post": [4.90996, -1.98517, 2.02353],
							"lerp_mode": "catmullrom"
						},
						"2.9": {
							"post": [5.13462, -1.70756, 1.84998],
							"lerp_mode": "catmullrom"
						},
						"3.1": {
							"post": [4.95, -2.2, 1.9],
							"lerp_mode": "catmullrom"
						},
						"3.2": {
							"post": [4.75, -2.8, 2.4],
							"lerp_mode": "catmullrom"
						},
						"3.3333": {
							"post": [3.61, -3.505, 2.16],
							"lerp_mode": "catmullrom"
						},
						"3.4667": {
							"post": [3.4, -3.725, 1.125],
							"lerp_mode": "catmullrom"
						},
						"3.6": {
							"post": [3.3, -3.425, 0.875],
							"lerp_mode": "catmullrom"
						},
						"3.7": {
							"post": [3.2, -3.425, 0.875],
							"lerp_mode": "catmullrom"
						},
						"3.8": {
							"post": [3.2, -3.425, 0.875],
							"lerp_mode": "catmullrom"
						},
						"4.1667": [3.165, -3.7, 0.775],
						"4.2667": [3.3, -3.85, 0.825],
						"4.3667": [2.745, -6.63, 0.885],
						"4.5": [2.05, -2, -1.95],
						"4.6": [0.4, -1, -1.525],
						"4.6667": [0.1, -1, -2.375],
						"4.7": [0.1, -1, -2.3],
						"4.7667": [0.1, -1, -1.825],
						"4.8": [0.05, -0.5, -1.75],
						"4.8667": [0, 0, 0]
					}
				},
				"lefthand": {
					"rotation": {
						"0.0": [100.36601, 316.5798, -142.78527],
						"0.1667": [120.65263, 300.35672, -200.36724],
						"0.3": [111.55615, 298.47384, -188.40898],
						"1.6667": [111.555, 298.47, -188.405],
						"1.9667": [118.83163, 326.45682, -211.14883],
						"2.0667": [128.08894, 353.56633, -232.1361],
						"2.1667": [137.90708, 352.98359, -229.17653],
						"2.2667": [136.38376, 352.2397, -227.32289],
						"2.3333": [131.92598, 335.01803, -221.25165],
						"2.4": [124.32756, 341.90777, -207.99399],
						"2.5667": [117.49784, 353.33242, -204.26761],
						"2.7": [122.57973, 353.16258, -203.63703],
						"3.0667": [122.57973, 353.16258, -203.63703],
						"3.2": [121.015, 353.92, -204.425],
						"3.3": [121.6483, 350.03872, -193.05026],
						"4.3": [121.6483, 350.03872, -193.05026],
						"4.4": [128.32432, 351.9275, -221.98264],
						"5.1": [128.32432, 351.9275, -221.98264],
						"5.2": [124.115, 332.21, -174.055],
						"5.3": [110.9783, 319.06865, -142.09861],
						"5.7": [81.9783, 319.06865, -142.09861],
						"7.3": [83.9783, 319.06865, -142.09861],
						"7.4333": [100.36601, 316.5798, -142.78527]
					},
					"position": {
						"0.0": [7.775, -13, -6],
						"0.1667": [14.3, -27.8, -3.8],
						"0.3": [9.9, -45.2, 22.9],
						"1.6667": [9.9, -45.2, 22.9],
						"1.9667": [7.18, -18.75, 1.05],
						"2.0667": [7.35, -16.5, -1.5],
						"2.2667": [7.35, -16.5, -1.5],
						"2.3333": [7.35, -16.975, -1.1],
						"2.5667": [7.31, -16.92, -0.745],
						"3.2": [7.31, -16.92, -0.745],
						"3.3": [8.54, -16.78, -1.6],
						"4.3": [8.54, -16.78, -1.6],
						"4.4": [7.65, -17.1, -1.275],
						"5.1": [7.65, -17.1, -1.275],
						"5.1667": [7.91, -15.06, -4.48],
						"5.3": [8.1, -12.1, -8.5],
						"7.3": [8.1, -12.1, -8.5],
						"7.4333": [7.775, -13, -6]
					},
					"scale": [1, 1.5, 1]
				},
				"righthand_and_gun": {
					"rotation": {
						"2.3667": {
							"pre": [0, 0, 0],
							"post": [0, 0, 0],
							"lerp_mode": "catmullrom"
						},
						"2.4667": {
							"post": [0, 0, -6],
							"lerp_mode": "catmullrom"
						},
						"2.6": {
							"post": [0, 0, 1],
							"lerp_mode": "catmullrom"
						},
						"2.8667": {
							"post": [4.25145, 1.49587, 1.11119],
							"lerp_mode": "catmullrom"
						},
						"3.3333": {
							"post": [9.7516, 3.94902, -2.77956],
							"lerp_mode": "catmullrom"
						},
						"3.6667": {
							"post": [11.0016, 3.94902, -2.77956],
							"lerp_mode": "catmullrom"
						},
						"4.3": {
							"post": [8.83657, 0.51786, 5.59603],
							"lerp_mode": "catmullrom"
						},
						"4.7": {
							"post": [0, 0, 0],
							"lerp_mode": "catmullrom"
						}
					},
					"position": {
						"2.3667": {
							"pre": [0, 0, 0],
							"post": [0, 0, 0],
							"lerp_mode": "catmullrom"
						},
						"2.7333": {
							"post": [0, 0, 0],
							"lerp_mode": "catmullrom"
						},
						"3.1": {
							"post": [-0.33567, -0.49419, 0.31421],
							"lerp_mode": "catmullrom"
						},
						"3.6667": {
							"post": [-0.40508, -0.57962, 0.36794],
							"lerp_mode": "catmullrom"
						},
						"4.1667": {
							"post": [-0.13019, -0.20715, 0.12851],
							"lerp_mode": "catmullrom"
						},
						"4.6667": {
							"post": [0, 0, 0],
							"lerp_mode": "catmullrom"
						}
					}
				},
				"bolt": {
					"position": {
						"5.7667": [0, 0, 0],
						"5.9": {
							"pre": [0, 0, 2],
							"post": [0, 0, 2],
							"lerp_mode": "catmullrom"
						},
						"6.0667": {
							"post": [0, 0, 2.25],
							"lerp_mode": "catmullrom"
						},
						"6.3": {
							"post": [0, 0, 2.17],
							"lerp_mode": "catmullrom"
						},
						"6.5667": [0, 0, 2.19938],
						"6.8667": [0, 0, 2],
						"6.9333": [0, 0, 0]
					}
				},
				"righthand": {
					"rotation": {
						"0.0": [95.04292, 367.4713, 180.6574],
						"0.1": [95.04292, 367.4713, 180.6574],
						"0.2333": [95.04292, 367.4713, 180.6574],
						"1.9667": [95.04292, 367.4713, 180.6574],
						"2.1": [95.04292, 367.4713, 180.6574],
						"5.4667": [95.04292, 367.4713, 180.6574],
						"5.6667": [76.17064, 380.31866, 67.92926],
						"5.7667": [77.90318, 376.66785, 78.13254],
						"5.8": [79.05642, 378.34388, 85.93755],
						"5.9": {
							"pre": [83.30253, 402.22545, 102.90458],
							"post": [83.30253, 402.22545, 102.90458],
							"lerp_mode": "catmullrom"
						},
						"6.2333": {
							"post": [85.04261, 405.56628, 103.17399],
							"lerp_mode": "catmullrom"
						},
						"6.4667": {
							"post": [84.64494, 403.05678, 104.1009],
							"lerp_mode": "catmullrom"
						},
						"6.8667": [83.30253, 402.22545, 102.90458],
						"6.9333": [62.2494, 406.43748, 84.52542],
						"7.1333": [95.04292, 367.4713, 180.6574]
					},
					"position": {
						"0.0": [-7, -14.275, 7],
						"0.1": [-7, -14.275, 7],
						"0.2333": [-8.25, -14.275, 7],
						"1.9667": [-8.25, -14.275, 7],
						"2.1": [-7, -14.275, 7],
						"5.4667": [-7, -14.275, 7],
						"5.5": [-8.015, -13.35, 5.48],
						"5.6": [-9.43141, -12.18, 0.80187],
						"5.6667": [-9.05, -11.675, -0.15],
						"5.7667": [-9.05, -11.525, -0.625],
						"5.9": {
							"pre": [-9.05, -11.57, 0.65],
							"post": [-9.05, -11.57, 0.65],
							"lerp_mode": "catmullrom"
						},
						"6.1333": {
							"post": [-9.05, -11.615, 0.74719],
							"lerp_mode": "catmullrom"
						},
						"6.3667": {
							"post": [-9.05, -11.615, 0.79703],
							"lerp_mode": "catmullrom"
						},
						"6.6333": [-9.05, -11.64, 0.93234],
						"6.8667": [-9.05, -11.62859, 0.72266],
						"6.9333": [-9.05, -11.94, 1.58],
						"7.1333": [-7, -14.275, 7]
					},
					"scale": [1, 1.5, 1]
				},
				"camera": {
					"rotation": {
						"0.0": {
							"post": [0, 0, 0],
							"lerp_mode": "catmullrom"
						},
						"0.1667": {
							"post": [1.72, 0.5, -0.45],
							"lerp_mode": "catmullrom"
						},
						"0.3667": {
							"post": [3.175, 0.8, -1.1],
							"lerp_mode": "catmullrom"
						},
						"0.7333": {
							"post": [3.125, 0.8, -1.1],
							"lerp_mode": "catmullrom"
						},
						"0.9333": {
							"post": [3.585, 0.8, -1.1],
							"lerp_mode": "catmullrom"
						},
						"1.1667": {
							"post": [5.295, 1.625, -1.55],
							"lerp_mode": "catmullrom"
						},
						"1.3333": {
							"post": [7.335, 2.7, -1.55],
							"lerp_mode": "catmullrom"
						},
						"1.5667": {
							"post": [8.425, 3.1, -1.55],
							"lerp_mode": "catmullrom"
						},
						"2.0": {
							"post": [2.7, 1.7, -1.55],
							"lerp_mode": "catmullrom"
						},
						"2.1667": {
							"post": [0.9, 0.8, -1.1],
							"lerp_mode": "catmullrom"
						},
						"2.3333": {
							"post": [1, 0.5, -1.1],
							"lerp_mode": "catmullrom"
						},
						"2.4": {
							"post": [1.5, -0.3, 1.2],
							"lerp_mode": "catmullrom"
						},
						"2.5": {
							"post": [0.7, -0.5, -2.95],
							"lerp_mode": "catmullrom"
						},
						"2.6": {
							"post": [0.9, -0.8, -1.1],
							"lerp_mode": "catmullrom"
						},
						"2.8": {
							"post": [2.3, -1.6, -1.55],
							"lerp_mode": "catmullrom"
						},
						"3.0": {
							"post": [3, -2, -1.55],
							"lerp_mode": "catmullrom"
						},
						"3.2": {
							"post": [3.09, -2, -1.55],
							"lerp_mode": "catmullrom"
						},
						"3.4667": {
							"post": [3.2, -4.1, -2.125],
							"lerp_mode": "catmullrom"
						},
						"3.7": {
							"post": [3.11, -4.8, -2.125],
							"lerp_mode": "catmullrom"
						},
						"4.0": {
							"post": [3, -4.8, -2.125],
							"lerp_mode": "catmullrom"
						},
						"4.3": {
							"post": [2.6, -4.5, -2.125],
							"lerp_mode": "catmullrom"
						},
						"4.5667": {
							"post": [0.8, 0.2, -2],
							"lerp_mode": "catmullrom"
						},
						"4.8": {
							"post": [0.4, 0.8, -1.55],
							"lerp_mode": "catmullrom"
						},
						"4.8667": {
							"post": [1.5, 0.8, 0.02344],
							"lerp_mode": "catmullrom"
						},
						"4.9667": {
							"post": [0.7, 0.8, -2.32578],
							"lerp_mode": "catmullrom"
						},
						"5.0667": {
							"post": [1.1, 0.8, -1.2],
							"lerp_mode": "catmullrom"
						},
						"5.2": {
							"post": [1.3, 0, -1.55],
							"lerp_mode": "catmullrom"
						},
						"5.5": {
							"post": [3.1, -0.4, -1.55],
							"lerp_mode": "catmullrom"
						},
						"5.7667": {
							"post": [3.5, -0.5, -1.55],
							"lerp_mode": "catmullrom"
						},
						"5.8667": {
							"post": [4.71, -0.5, -1.52],
							"lerp_mode": "catmullrom"
						},
						"6.0": {
							"post": [3.79, -0.49, -1.47],
							"lerp_mode": "catmullrom"
						},
						"6.2667": {
							"post": [4.22, -0.46, -1.35],
							"lerp_mode": "catmullrom"
						},
						"6.7": {
							"post": [3.85, -0.4, -1.1],
							"lerp_mode": "catmullrom"
						},
						"6.8": {
							"post": [3.27031, -0.41, -1.06],
							"lerp_mode": "catmullrom"
						},
						"6.8667": {
							"post": [3.72688, -0.42, -0.43672],
							"lerp_mode": "catmullrom"
						},
						"6.9667": {
							"post": [2.48891, -0.43, -1.10766],
							"lerp_mode": "catmullrom"
						},
						"7.1": {
							"post": [2.37781, -0.43, -0.99],
							"lerp_mode": "catmullrom"
						},
						"7.2667": {
							"post": [2.54953, -0.40234, -0.88672],
							"lerp_mode": "catmullrom"
						},
						"7.3667": {
							"post": [2.92234, -0.25734, 0.51859],
							"lerp_mode": "catmullrom"
						},
						"7.4667": {
							"post": [1.97109, -0.1775, 0.57359],
							"lerp_mode": "catmullrom"
						},
						"7.6667": {
							"post": [0.03, 0, 0],
							"lerp_mode": "catmullrom"
						},
						"7.7": {
							"post": [-0.15, 0, 1.6],
							"lerp_mode": "catmullrom"
						},
						"7.8": {
							"post": [0.05, 0, -0.63984],
							"lerp_mode": "catmullrom"
						},
						"7.9667": {
							"post": [0, 0, 0.09375],
							"lerp_mode": "catmullrom"
						},
						"8.2": {
							"post": [0, 0, 0],
							"lerp_mode": "catmullrom"
						}
					}
				}
			},
			"sound_effects": {
				"0.0": {
					"effect": "ar_akilo_inspect_up"
				},
				"2.0333": {
					"effect": "ar_akilo_raise_grab"
				},
				"2.1333": {
					"effect": "ar_akilo_inspect_magout"
				},
				"2.9667": {
					"effect": "p04_ar_akilo_inspect_mvt"
				},
				"4.4333": {
					"effect": "ar_akilo_inspect_magbump"
				},
				"4.7667": {
					"effect": "ar_akilo_inspect_magin"
				},
				"5.0667": {
					"effect": "ar_akilo_inspect_turn"
				},
				"5.6333": {
					"effect": "ar_akilo_inspect_pull"
				},
				"6.7667": {
					"effect": "ar_akilo_inspect_release"
				},
				"7.3667": {
					"effect": "ar_akilo_inspect_over"
				}
			}
		}
	}
}