{
	"format_version": "1.8.0",
	"animations": {
		"static_idle": {
			"animation_length": 0.1,
			"bones": {
				"lefthand": {
					"rotation": [107.69108, -32.75736, -156.00452],
					"position": [8.2, -11.9, -2.2],
					"scale": [1, 1.5, 1]
				},
				"righthand": {
					"rotation": [89.49625, 6.99973, -180.06139],
					"position": [-6.85, -14.075, 7.775],
					"scale": [1, 1.5, 1]
				},
				"refit_view": {
					"position": [0, -1, 11]
				},
				"constraint": {
					"rotation": [0.2, 0.1, 0.2],
					"position": [0.2, 0.2, 0.4]
				},
				"bone2": {
					"rotation": [0, 0, 0]
				}
			}
		},
		"shoot": {
			"animation_length": 0.6667,
			"bones": {
				"root": {
					"rotation": {
						"0.0": {
							"post": [0, 0, 0],
							"lerp_mode": "catmullrom"
						},
						"0.0333": {
							"post": [0.16986, -0.11208, 2.14881],
							"lerp_mode": "catmullrom"
						},
						"0.0667": {
							"post": [-0.96137, -0.23295, -1.21862],
							"lerp_mode": "catmullrom"
						},
						"0.1": {
							"post": [-0.99135, 0.12866, 1.12246],
							"lerp_mode": "catmullrom"
						},
						"0.1667": {
							"post": [0.77838, 0.0674, -0.52417],
							"lerp_mode": "catmullrom"
						},
						"0.2333": {
							"post": [0.27498, -0.0036, 0.17499],
							"lerp_mode": "catmullrom"
						},
						"0.3667": {
							"post": [0.425, -0.2, 0.525],
							"lerp_mode": "catmullrom"
						},
						"0.5": {
							"post": [-0.07, -0.075, -0.05],
							"lerp_mode": "catmullrom"
						},
						"0.6333": {
							"post": [0, 0, 0],
							"lerp_mode": "catmullrom"
						}
					},
					"position": {
						"0.0": {
							"post": [0, 0, 0],
							"lerp_mode": "catmullrom"
						},
						"0.0333": {
							"post": [0, -0.025, 1.7],
							"lerp_mode": "catmullrom"
						},
						"0.0667": {
							"post": [0, -0.075, 1.555],
							"lerp_mode": "catmullrom"
						},
						"0.1667": {
							"post": [0, -0.175, -0.12],
							"lerp_mode": "catmullrom"
						},
						"0.2667": {
							"post": [0, -0.025, 0.1],
							"lerp_mode": "catmullrom"
						},
						"0.3667": {
							"post": [0, 0, 0],
							"lerp_mode": "catmullrom"
						}
					}
				},
				"camera": {
					"rotation": {
						"0.0": {
							"post": [0, 0, 0],
							"lerp_mode": "catmullrom"
						},
						"0.0333": {
							"post": [0, 0, 0.6],
							"lerp_mode": "catmullrom"
						},
						"0.0667": {
							"post": [0, 0, -0.4],
							"lerp_mode": "catmullrom"
						},
						"0.1333": {
							"post": [0, 0, 0.325],
							"lerp_mode": "catmullrom"
						},
						"0.2": {
							"post": [0, 0, -0.225],
							"lerp_mode": "catmullrom"
						},
						"0.2667": {
							"post": [0, 0, 0],
							"lerp_mode": "catmullrom"
						},
						"0.3667": {
							"post": [0, 0, 0],
							"lerp_mode": "catmullrom"
						}
					}
				},
				"constraint": {
					"rotation": {
						"0.1667": [0.002, 0.05, 0.006],
						"0.3333": [0, 0, 0]
					},
					"position": {
						"0.1667": [0.01, 0.01, 0.25],
						"0.3333": [0, 0, 0]
					}
				},
				"barrel": {
					"position": {
						"0.0": [0, 0, 0],
						"0.0333": [0, 0, 6],
						"0.1": [0, 0, 0],
						"0.1667": [0, 0, 0.45],
						"0.2333": [0, 0, 0],
						"0.3": [0, 0, 0.175],
						"0.3667": [0, 0, 0]
					}
				}
			}
		},
		"draw": {
			"animation_length": 0.7333,
			"bones": {
				"lefthand": {
					"rotation": [107.69108, -32.75736, -156.00452],
					"position": [8.2, -11.9, -2.2],
					"scale": [1, 1.5, 1]
				},
				"righthand": {
					"rotation": [89.49625, 6.99973, -180.06139],
					"position": {
						"0.0": [-6.85, -14.075, 8.775],
						"0.3333": [-6.85, -14.07, 7.78]
					},
					"scale": [1, 1.5, 1]
				},
				"root": {
					"rotation": {
						"0.0": {
							"post": [0.811, -32.64455, 33.95463],
							"lerp_mode": "catmullrom"
						},
						"0.1": {
							"post": [5.88301, -29.75023, 5.08656],
							"lerp_mode": "catmullrom"
						},
						"0.2667": {
							"post": [0.28514, -4.44535, -0.52252],
							"lerp_mode": "catmullrom"
						},
						"0.3667": {
							"post": [-0.8526, -0.39013, -4.13439],
							"lerp_mode": "catmullrom"
						},
						"0.4333": {
							"post": [-0.01, -0.435, -0.76],
							"lerp_mode": "catmullrom"
						},
						"0.5": {
							"post": [1.01337, -0.38036, -1.29904],
							"lerp_mode": "catmullrom"
						},
						"0.6333": {
							"post": [0, 0.25, -1.25],
							"lerp_mode": "catmullrom"
						},
						"0.7333": {
							"post": [0, 0, 0],
							"lerp_mode": "catmullrom"
						}
					},
					"position": {
						"0.0": {
							"post": [-3.18, -5.58, 13.525],
							"lerp_mode": "catmullrom"
						},
						"0.1": {
							"post": [-0.9, -2.45, 2.7],
							"lerp_mode": "catmullrom"
						},
						"0.2333": {
							"post": [-0.25, -0.9425, -1.14],
							"lerp_mode": "catmullrom"
						},
						"0.3": {
							"post": [-0.03, -0.3025, -0.8],
							"lerp_mode": "catmullrom"
						},
						"0.4": {
							"post": [-0.03, -0.1475, -0.145],
							"lerp_mode": "catmullrom"
						},
						"0.5": {
							"post": [-0.01, -0.2, 0.065],
							"lerp_mode": "catmullrom"
						},
						"0.5667": {
							"post": [0, -0.08125, 0],
							"lerp_mode": "catmullrom"
						},
						"0.7333": {
							"post": [0, 0, 0],
							"lerp_mode": "catmullrom"
						}
					}
				},
				"camera": {
					"rotation": {
						"0.0": {
							"post": [0, 0, 0],
							"lerp_mode": "catmullrom"
						},
						"0.1667": {
							"post": [0.45, -0.175, 0.6],
							"lerp_mode": "catmullrom"
						},
						"0.4": {
							"post": [-0.1, 0.05, -0.175],
							"lerp_mode": "catmullrom"
						},
						"0.5": {
							"post": [0.05, 0, 0.05],
							"lerp_mode": "catmullrom"
						},
						"0.6667": {
							"post": [0, 0, 0],
							"lerp_mode": "catmullrom"
						}
					}
				}
			},
			"sound_effects": {
				"0.0667": {
					"effect": "tacz:scar_h/p05_ar_schotel_reload_raise"
				}
			}
		},
		"put_away": {
			"animation_length": 0.4333,
			"bones": {
				"lefthand": {
					"rotation": {
						"0.0": [107.69108, -32.75736, -156.00452],
						"0.1333": [169.13843, 3.15772, -219.72112],
						"0.2667": [168.76095, 1.2363, -229.54249]
					},
					"position": {
						"0.0": [8.2, -11.9, -2.2],
						"0.0667": [8.66185, -10.53957, -1.25509],
						"0.1333": [8.08317, -8.39052, 0.52034],
						"0.2667": [8.08317, -8.39052, 0.52034]
					},
					"scale": [1, 1.5, 1]
				},
				"righthand": {
					"rotation": [89.49625, 6.99973, -180.06139],
					"position": [-6.85, -14.075, 7.775],
					"scale": [1, 1.5, 1]
				},
				"root": {
					"rotation": {
						"0.0": {
							"post": [0, 0, 0],
							"lerp_mode": "catmullrom"
						},
						"0.0667": {
							"post": [-0.51171, -3.6801, -4.19401],
							"lerp_mode": "catmullrom"
						},
						"0.1667": {
							"post": [4.36882, -11.73179, -10.29382],
							"lerp_mode": "catmullrom"
						},
						"0.2333": {
							"post": [11.60471, -21.56305, -3.66288],
							"lerp_mode": "catmullrom"
						},
						"0.3333": {
							"post": [16.97, -33.62, 3.38],
							"lerp_mode": "catmullrom"
						},
						"0.4333": {
							"post": [34.73, -44.04, -3.09],
							"lerp_mode": "catmullrom"
						}
					},
					"position": {
						"0.0": {
							"post": [0, 0, 0],
							"lerp_mode": "catmullrom"
						},
						"0.0667": {
							"post": [0, -0.49, -0.02],
							"lerp_mode": "catmullrom"
						},
						"0.1667": {
							"post": [-0.52, -1.47, -0.56],
							"lerp_mode": "catmullrom"
						},
						"0.2333": {
							"post": [-0.36, -2.92, -0.84],
							"lerp_mode": "catmullrom"
						},
						"0.3333": {
							"post": [0.13, -5.86, -0.16],
							"lerp_mode": "catmullrom"
						},
						"0.4333": {
							"post": [1.72, -9.68, 0.16],
							"lerp_mode": "catmullrom"
						}
					}
				},
				"camera": {
					"rotation": {
						"0.0": {
							"post": [0, 0, 0],
							"lerp_mode": "catmullrom"
						},
						"0.1333": {
							"post": [0.35, 0.025, -0.225],
							"lerp_mode": "catmullrom"
						},
						"0.3": {
							"post": [0.1, 0.025, 0.075],
							"lerp_mode": "catmullrom"
						},
						"0.4333": {
							"post": [0, 0, 0],
							"lerp_mode": "catmullrom"
						}
					}
				}
			},
			"sound_effects": {
				"0.0333": {
					"effect": "tacz:scar_h/p05_ar_schotel_ubgl_drop_rattle"
				}
			}
		},
		"reload_tactical": {
			"loop": "hold_on_last_frame",
			"animation_length": 2.2,
			"bones": {
				"lefthand": {
					"rotation": {
						"0.0": [107.69, -32.76, -156],
						"0.0667": [105.46, -30.93, -146.07],
						"0.1333": [103.23, -29.11, -136.13],
						"0.2": [101, -27.29, -126.19],
						"0.2667": [98.77, -25.47, -116.26],
						"0.3": [97.65, -24.56, -111.29],
						"0.3333": [97.65, -24.56, -111.29],
						"0.4": [97.65, -24.56, -111.29],
						"0.4667": [97.65, -24.56, -111.29],
						"0.5333": [97.65, -24.56, -111.29],
						"0.6": [97.65, -24.56, -111.29],
						"0.6667": [97.65, -24.56, -111.29],
						"0.7333": [97.65, -24.56, -111.29],
						"0.8": [97.65, -24.56, -111.29],
						"0.8667": [97.65, -24.56, -111.29],
						"0.9333": [97.65, -24.56, -111.29],
						"1.0": [97.65, -24.56, -111.29],
						"1.0333": [97.65, -24.56, -111.29],
						"1.0667": [97.65, -24.56, -111.29],
						"1.1333": [97.65, -24.56, -111.29],
						"1.2": [97.65, -24.56, -111.29],
						"1.3": [97.65, -24.56, -111.29],
						"1.3667": [97.65, -24.56, -111.29],
						"1.4333": [97.65, -24.56, -111.29],
						"1.4667": [97.65, -24.56, -111.29],
						"1.5": [109.2, -26.65, -126.96],
						"1.7333": [113.51, -39.33, -179.9],
						"1.8": [107.69108, -32.75736, -156.00452]
					},
					"position": {
						"0.0": [8.2, -11.9, -2.2],
						"0.0667": [7.97, -13.15, -1.01],
						"0.1333": [7.73, -14.41, 0.19],
						"0.2": [7.5, -15.66, 1.38],
						"0.2667": [7.27, -16.92, 2.58],
						"0.3": [7.15, -17.55, 3.18],
						"0.3333": [7.15, -17.55, 3.18],
						"0.4": [7.15, -17.55, 3.18],
						"0.4667": [7.15, -17.55, 3.18],
						"0.5333": [7.15, -17.55, 3.18],
						"0.6": [7.15, -17.55, 3.18],
						"0.6667": [7.15, -17.55, 3.18],
						"0.7333": [7.15, -17.55, 3.18],
						"0.8": [7.15, -17.55, 3.18],
						"0.8667": [7.15, -17.55, 3.18],
						"0.9333": [7.15, -17.55, 3.18],
						"1.0": [7.15, -17.55, 3.18],
						"1.0333": [7.15, -17.55, 3.18],
						"1.0667": [7.15, -17.55, 3.18],
						"1.1333": [7.15, -17.55, 3.18],
						"1.2": [7.15, -17.55, 3.18],
						"1.3": [7.15, -17.55, 3.18],
						"1.3667": [7.15, -17.55, 3.18],
						"1.4333": [7.15, -17.55, 3.18],
						"1.4667": [7.15, -17.55, 3.18],
						"1.8": [8.2, -11.9, -2.2]
					},
					"scale": [1, 1.5, 1]
				},
				"righthand": {
					"rotation": [89.49625, 6.99973, -180.06139],
					"position": [-6.85, -14.075, 7.775],
					"scale": [1, 1.5, 1]
				},
				"root": {
					"rotation": {
						"0.0": {
							"post": [0, 0, 0],
							"lerp_mode": "catmullrom"
						},
						"0.1333": {
							"post": [-3.49555, -0.81508, 3.05538],
							"lerp_mode": "catmullrom"
						},
						"0.3": {
							"post": [-6.77915, -2.53345, -7.84739],
							"lerp_mode": "catmullrom"
						},
						"0.3667": {
							"post": [-7.87862, -3.64818, -10.52572],
							"lerp_mode": "catmullrom"
						},
						"0.4333": {
							"post": [-8.8603, -3.86241, -6.62741],
							"lerp_mode": "catmullrom"
						},
						"0.5333": {
							"post": [-8.73621, -2.74727, -1.87501],
							"lerp_mode": "catmullrom"
						},
						"0.6333": {
							"post": [-13.09623, -8.67173, -8.11656],
							"lerp_mode": "catmullrom"
						},
						"0.7333": {
							"post": [-20.6171, -14.2888, -17.82616],
							"lerp_mode": "catmullrom"
						},
						"0.8333": {
							"post": [-25.76586, -33.00324, -29.70148],
							"lerp_mode": "catmullrom"
						},
						"0.9333": {
							"post": [-22.19264, -39.63697, -39.91232],
							"lerp_mode": "catmullrom"
						},
						"1.1": {
							"post": [-21.42948, -38.12554, -39.74042],
							"lerp_mode": "catmullrom"
						},
						"1.2333": {
							"post": [-21.29159, -38.96497, -41.45368],
							"lerp_mode": "catmullrom"
						},
						"1.2667": {
							"post": [-23.69501, -38.86025, -37.53157],
							"lerp_mode": "catmullrom"
						},
						"1.3": {
							"post": [-21.33661, -40.67129, -43.33577],
							"lerp_mode": "catmullrom"
						},
						"1.3333": {
							"post": [-17.51248, -42.17814, -48.55021],
							"lerp_mode": "catmullrom"
						},
						"1.4333": {
							"post": [-19.96251, -40.11132, -38.41785],
							"lerp_mode": "catmullrom"
						},
						"1.8": {
							"post": [-1.17724, -0.52456, -3.81208],
							"lerp_mode": "catmullrom"
						},
						"1.9": {
							"post": [-1.53169, -1.64259, -5.70459],
							"lerp_mode": "catmullrom"
						},
						"2.0": {
							"post": [-0.27794, 0.48501, -1.00445],
							"lerp_mode": "catmullrom"
						},
						"2.1": {
							"post": [0, 0, 1.25],
							"lerp_mode": "catmullrom"
						},
						"2.2": {
							"post": [0, 0, 0],
							"lerp_mode": "catmullrom"
						}
					},
					"position": {
						"0.0": {
							"post": [0, 0, 0],
							"lerp_mode": "catmullrom"
						},
						"0.1333": {
							"post": [0, -0.025, 0.35],
							"lerp_mode": "catmullrom"
						},
						"0.3": {
							"post": [-0.1, 0.6, 0.425],
							"lerp_mode": "catmullrom"
						},
						"0.4333": {
							"post": [-0.225, -0.725, 0.42],
							"lerp_mode": "catmullrom"
						},
						"0.5667": {
							"post": [-0.505, 0.03125, 0.12],
							"lerp_mode": "catmullrom"
						},
						"0.7": {
							"post": [-1.075, 0.315, -0.43],
							"lerp_mode": "catmullrom"
						},
						"0.8667": {
							"post": [-1.48, 2.11, -0.08],
							"lerp_mode": "catmullrom"
						},
						"0.9667": {
							"post": [-1.255, 2.635, -0.005],
							"lerp_mode": "catmullrom"
						},
						"1.1": {
							"post": [-1.155, 2.34, -0.13],
							"lerp_mode": "catmullrom"
						},
						"1.2333": {
							"post": [-1.28, 2.04, -0.13],
							"lerp_mode": "catmullrom"
						},
						"1.2667": {
							"post": [-1.33, 2.165, -0.13],
							"lerp_mode": "catmullrom"
						},
						"1.3": {
							"post": [-0.81, 1.13, -0.03],
							"lerp_mode": "catmullrom"
						},
						"1.3333": {
							"post": [-0.88, 0.965, 0.045],
							"lerp_mode": "catmullrom"
						},
						"1.4333": {
							"post": [-1.185, 0.97, -0.09],
							"lerp_mode": "catmullrom"
						},
						"1.7667": {
							"post": [-0.25, -0.73, -1.27],
							"lerp_mode": "catmullrom"
						},
						"1.9": {
							"post": [0.095, -0.15, -1.225],
							"lerp_mode": "catmullrom"
						},
						"2.0": {
							"post": [0, -0.175, 0.5],
							"lerp_mode": "catmullrom"
						},
						"2.1": {
							"post": [0, 0, -0.175],
							"lerp_mode": "catmullrom"
						},
						"2.2": {
							"post": [0, 0, 0],
							"lerp_mode": "catmullrom"
						}
					}
				},
				"mag_and_lh": {
					"rotation": {
						"0.0": {
							"post": [0, 0, 0],
							"lerp_mode": "catmullrom"
						},
						"0.2": {
							"post": [-0.7061, 20.27135, -25.65768],
							"lerp_mode": "catmullrom"
						},
						"0.7667": {
							"post": [-0.7061, 20.27135, -25.65768],
							"lerp_mode": "catmullrom"
						},
						"0.9": {
							"post": [9.33, 1.83, -0.24],
							"lerp_mode": "catmullrom"
						},
						"0.9667": {
							"post": [7.38011, -2.97237, -2.71019],
							"lerp_mode": "catmullrom"
						},
						"1.0333": [-3, 0, -11],
						"1.1667": [0, 0, -6.67],
						"1.3": [0, 0, 0]
					},
					"position": {
						"0.0": {
							"post": [0, 0, 0],
							"lerp_mode": "catmullrom"
						},
						"0.1": {
							"post": [5.22, -1.29, 1.71],
							"lerp_mode": "catmullrom"
						},
						"0.2333": {
							"post": [8.19702, -13.17286, 5.1424],
							"lerp_mode": "catmullrom"
						},
						"0.7667": {
							"post": [-0.25298, -13.17286, 5.1424],
							"lerp_mode": "catmullrom"
						},
						"0.9": {
							"post": [0.75881, -5.98048, -0.23633],
							"lerp_mode": "catmullrom"
						},
						"0.9667": {
							"post": [0.39861, -4.5891, -0.99821],
							"lerp_mode": "catmullrom"
						},
						"1.0333": [0.775, -3.1, -1.025],
						"1.1667": [0.52, -2.83, -0.53],
						"1.3": [0, 0, 0]
					}
				},
				"lefthand_pos": {
					"rotation": [0, 0, 0]
				},
				"mag_and_bullet": {
					"scale": {
						"0.0": [0, 0, 0],
						"0.7": [0, 0, 0],
						"0.7333": [1, 1, 1]
					}
				},
				"additional_magazine": {
					"rotation": [0, 0, 0],
					"position": {
						"0.3333": [0, 0, 0],
						"0.4333": [0, -11, 0]
					},
					"scale": {
						"0.4667": [1, 1, 1],
						"0.5": [0, 0, 0]
					}
				},
				"camera": {
					"rotation": {
						"0.0": {
							"post": [0, 0, 0],
							"lerp_mode": "catmullrom"
						},
						"0.2667": {
							"post": [-0.575, 0, 0.475],
							"lerp_mode": "catmullrom"
						},
						"0.4": {
							"post": [0.305, 0.125, -0.4],
							"lerp_mode": "catmullrom"
						},
						"0.5333": {
							"post": [0.65, 0.125, 0.825],
							"lerp_mode": "catmullrom"
						},
						"0.6667": {
							"post": [0.51, 0.04, -0.07],
							"lerp_mode": "catmullrom"
						},
						"0.8": {
							"post": [0.455, 0, 0.275],
							"lerp_mode": "catmullrom"
						},
						"1.1333": {
							"post": [1.51, 0.35, -0.6],
							"lerp_mode": "catmullrom"
						},
						"1.2667": {
							"post": [1.435, 0.5, -0.725],
							"lerp_mode": "catmullrom"
						},
						"1.3667": {
							"post": [2.49, 0.5, 0.125],
							"lerp_mode": "catmullrom"
						},
						"1.5": {
							"post": [1.51, 0.5, -1],
							"lerp_mode": "catmullrom"
						},
						"1.7667": {
							"post": [0.94, 0.1, -0.15],
							"lerp_mode": "catmullrom"
						},
						"1.9": {
							"post": [0.27, 0.04, -0.215],
							"lerp_mode": "catmullrom"
						},
						"2.0": {
							"post": [-0.2, 0, 0.15],
							"lerp_mode": "catmullrom"
						},
						"2.1": {
							"post": [0.15, 0, -0.225],
							"lerp_mode": "catmullrom"
						},
						"2.2": {
							"post": [-0.1, 0, 0.125],
							"lerp_mode": "catmullrom"
						},
						"2.3": {
							"post": [0, 0, 0],
							"lerp_mode": "catmullrom"
						}
					}
				},
				"constraint": {
					"rotation": {
						"0.3": [0.2, 0.1, 0.2],
						"0.7333": [0.01, 0.02, 0.04],
						"1.6333": [0.01, 0.02, 0.04],
						"2.0": [0.2, 0.1, 0.2]
					},
					"position": {
						"0.3": [0.2, 0.2, 0.4],
						"0.7333": [0.05, 0.05, 0.1],
						"1.6333": [0.05, 0.05, 0.1],
						"2.0": [0.2, 0.2, 0.4]
					}
				}
			},
			"sound_effects": {
				"0.0": {
					"effect": "iw:xeon/xeon_vrgun_reload_lift_v1"
				},
				"0.0333": {
					"effect": "iw:xeon/xeon_reload_lift_v1"
				},
				"0.2667": {
					"effect": "iw:xeon/xeon_vrgun_reload_clipout_v1"
				},
				"0.3": {
					"effect": "iw:xeon/xeon_reload_clipout_v1"
				},
				"0.6": {
					"effect": "iw8_phys_mag_drop_ar_metal_dirt_04"
				},
				"0.7333": {
					"effect": "iw:xeon/xeon_reload_mag_drop"
				},
				"1.2": {
					"effect": "iw:xeon/xeon_vrgun_reload_clipin_v1"
				},
				"1.2333": {
					"effect": "iw:xeon/xeon_reload_clipin_v1"
				},
				"1.6667": {
					"effect": "iw:xeon/xeon_vrgun_reload_end_v1"
				},
				"1.7": {
					"effect": "iw:xeon/xeon_reload_end_v1"
				}
			}
		},
		"reload_empty": {
			"loop": "hold_on_last_frame",
			"animation_length": 2.2,
			"bones": {
				"lefthand": {
					"rotation": {
						"0.0": [107.69, -32.76, -156],
						"0.0667": [105.46, -30.93, -146.07],
						"0.1333": [103.23, -29.11, -136.13],
						"0.2": [101, -27.29, -126.19],
						"0.2667": [98.77, -25.47, -116.26],
						"0.3": [97.65, -24.56, -111.29],
						"0.3333": [97.65, -24.56, -111.29],
						"0.4": [97.65, -24.56, -111.29],
						"0.4667": [97.65, -24.56, -111.29],
						"0.5333": [97.65, -24.56, -111.29],
						"0.6": [97.65, -24.56, -111.29],
						"0.6667": [97.65, -24.56, -111.29],
						"0.7333": [97.65, -24.56, -111.29],
						"0.8": [97.65, -24.56, -111.29],
						"0.8667": [97.65, -24.56, -111.29],
						"0.9333": [97.65, -24.56, -111.29],
						"1.0": [97.65, -24.56, -111.29],
						"1.0333": [97.65, -24.56, -111.29],
						"1.0667": [97.65, -24.56, -111.29],
						"1.1333": [97.65, -24.56, -111.29],
						"1.2": [97.65, -24.56, -111.29],
						"1.3": [97.65, -24.56, -111.29],
						"1.3667": [97.65, -24.56, -111.29],
						"1.4333": [97.65, -24.56, -111.29],
						"1.4667": [97.65, -24.56, -111.29],
						"1.5": [109.2, -26.65, -126.96],
						"1.7333": [113.51, -39.33, -179.9],
						"1.8": [107.69108, -32.75736, -156.00452]
					},
					"position": {
						"0.0": [8.2, -11.9, -2.2],
						"0.0667": [7.97, -13.15, -1.01],
						"0.1333": [7.73, -14.41, 0.19],
						"0.2": [7.5, -15.66, 1.38],
						"0.2667": [7.27, -16.92, 2.58],
						"0.3": [7.15, -17.55, 3.18],
						"0.3333": [7.15, -17.55, 3.18],
						"0.4": [7.15, -17.55, 3.18],
						"0.4667": [7.15, -17.55, 3.18],
						"0.5333": [7.15, -17.55, 3.18],
						"0.6": [7.15, -17.55, 3.18],
						"0.6667": [7.15, -17.55, 3.18],
						"0.7333": [7.15, -17.55, 3.18],
						"0.8": [7.15, -17.55, 3.18],
						"0.8667": [7.15, -17.55, 3.18],
						"0.9333": [7.15, -17.55, 3.18],
						"1.0": [7.15, -17.55, 3.18],
						"1.0333": [7.15, -17.55, 3.18],
						"1.0667": [7.15, -17.55, 3.18],
						"1.1333": [7.15, -17.55, 3.18],
						"1.2": [7.15, -17.55, 3.18],
						"1.3": [7.15, -17.55, 3.18],
						"1.3667": [7.15, -17.55, 3.18],
						"1.4333": [7.15, -17.55, 3.18],
						"1.4667": [7.15, -17.55, 3.18],
						"1.8": [8.2, -11.9, -2.2]
					},
					"scale": [1, 1.5, 1]
				},
				"righthand": {
					"rotation": [89.49625, 6.99973, -180.06139],
					"position": [-6.85, -14.075, 7.775],
					"scale": [1, 1.5, 1]
				},
				"root": {
					"rotation": {
						"0.0": {
							"post": [0, 0, 0],
							"lerp_mode": "catmullrom"
						},
						"0.1333": {
							"post": [-3.49555, -0.81508, 3.05538],
							"lerp_mode": "catmullrom"
						},
						"0.3": {
							"post": [-6.77915, -2.53345, -7.84739],
							"lerp_mode": "catmullrom"
						},
						"0.3667": {
							"post": [-7.87862, -3.64818, -10.52572],
							"lerp_mode": "catmullrom"
						},
						"0.4333": {
							"post": [-8.8603, -3.86241, -6.62741],
							"lerp_mode": "catmullrom"
						},
						"0.5333": {
							"post": [-8.73621, -2.74727, -1.87501],
							"lerp_mode": "catmullrom"
						},
						"0.6333": {
							"post": [-13.09623, -8.67173, -8.11656],
							"lerp_mode": "catmullrom"
						},
						"0.7333": {
							"post": [-20.6171, -14.2888, -17.82616],
							"lerp_mode": "catmullrom"
						},
						"0.8333": {
							"post": [-25.76586, -33.00324, -29.70148],
							"lerp_mode": "catmullrom"
						},
						"0.9333": {
							"post": [-22.19264, -39.63697, -39.91232],
							"lerp_mode": "catmullrom"
						},
						"1.1": {
							"post": [-21.42948, -38.12554, -39.74042],
							"lerp_mode": "catmullrom"
						},
						"1.2333": {
							"post": [-21.29159, -38.96497, -41.45368],
							"lerp_mode": "catmullrom"
						},
						"1.2667": {
							"post": [-23.69501, -38.86025, -37.53157],
							"lerp_mode": "catmullrom"
						},
						"1.3": {
							"post": [-21.33661, -40.67129, -43.33577],
							"lerp_mode": "catmullrom"
						},
						"1.3333": {
							"post": [-17.51248, -42.17814, -48.55021],
							"lerp_mode": "catmullrom"
						},
						"1.4333": {
							"post": [-19.96251, -40.11132, -38.41785],
							"lerp_mode": "catmullrom"
						},
						"1.8": {
							"post": [-1.17724, -0.52456, -3.81208],
							"lerp_mode": "catmullrom"
						},
						"1.9": {
							"post": [-1.53169, -1.64259, -5.70459],
							"lerp_mode": "catmullrom"
						},
						"2.0": {
							"post": [-0.27794, 0.48501, -1.00445],
							"lerp_mode": "catmullrom"
						},
						"2.1": {
							"post": [0, 0, 1.25],
							"lerp_mode": "catmullrom"
						},
						"2.2": {
							"post": [0, 0, 0],
							"lerp_mode": "catmullrom"
						}
					},
					"position": {
						"0.0": {
							"post": [0, 0, 0],
							"lerp_mode": "catmullrom"
						},
						"0.1333": {
							"post": [0, -0.025, 0.35],
							"lerp_mode": "catmullrom"
						},
						"0.3": {
							"post": [-0.1, 0.6, 0.425],
							"lerp_mode": "catmullrom"
						},
						"0.4333": {
							"post": [-0.225, -0.725, 0.42],
							"lerp_mode": "catmullrom"
						},
						"0.5667": {
							"post": [-0.505, 0.03125, 0.12],
							"lerp_mode": "catmullrom"
						},
						"0.7": {
							"post": [-1.075, 0.315, -0.43],
							"lerp_mode": "catmullrom"
						},
						"0.8667": {
							"post": [-1.48, 2.11, -0.08],
							"lerp_mode": "catmullrom"
						},
						"0.9667": {
							"post": [-1.255, 2.635, -0.005],
							"lerp_mode": "catmullrom"
						},
						"1.1": {
							"post": [-1.155, 2.34, -0.13],
							"lerp_mode": "catmullrom"
						},
						"1.2333": {
							"post": [-1.28, 2.04, -0.13],
							"lerp_mode": "catmullrom"
						},
						"1.2667": {
							"post": [-1.33, 2.165, -0.13],
							"lerp_mode": "catmullrom"
						},
						"1.3": {
							"post": [-0.81, 1.13, -0.03],
							"lerp_mode": "catmullrom"
						},
						"1.3333": {
							"post": [-0.88, 0.965, 0.045],
							"lerp_mode": "catmullrom"
						},
						"1.4333": {
							"post": [-1.185, 0.97, -0.09],
							"lerp_mode": "catmullrom"
						},
						"1.7667": {
							"post": [-0.25, -0.73, -1.27],
							"lerp_mode": "catmullrom"
						},
						"1.9": {
							"post": [0.095, -0.15, -1.225],
							"lerp_mode": "catmullrom"
						},
						"2.0": {
							"post": [0, -0.175, 0.5],
							"lerp_mode": "catmullrom"
						},
						"2.1": {
							"post": [0, 0, -0.175],
							"lerp_mode": "catmullrom"
						},
						"2.2": {
							"post": [0, 0, 0],
							"lerp_mode": "catmullrom"
						}
					}
				},
				"mag_and_lh": {
					"rotation": {
						"0.0": {
							"post": [0, 0, 0],
							"lerp_mode": "catmullrom"
						},
						"0.2": {
							"post": [-0.7061, 20.27135, -25.65768],
							"lerp_mode": "catmullrom"
						},
						"0.7667": {
							"post": [-0.7061, 20.27135, -25.65768],
							"lerp_mode": "catmullrom"
						},
						"0.9": {
							"post": [9.33, 1.83, -0.24],
							"lerp_mode": "catmullrom"
						},
						"0.9667": {
							"post": [7.38011, -2.97237, -2.71019],
							"lerp_mode": "catmullrom"
						},
						"1.0333": [-3, 0, -11],
						"1.1667": [0, 0, -6.67],
						"1.3": [0, 0, 0]
					},
					"position": {
						"0.0": {
							"post": [0, 0, 0],
							"lerp_mode": "catmullrom"
						},
						"0.1": {
							"post": [5.22, -1.29, 1.71],
							"lerp_mode": "catmullrom"
						},
						"0.2333": {
							"post": [8.19702, -13.17286, 5.1424],
							"lerp_mode": "catmullrom"
						},
						"0.7667": {
							"post": [-0.25298, -13.17286, 5.1424],
							"lerp_mode": "catmullrom"
						},
						"0.9": {
							"post": [0.75881, -5.98048, -0.23633],
							"lerp_mode": "catmullrom"
						},
						"0.9667": {
							"post": [0.39861, -4.5891, -0.99821],
							"lerp_mode": "catmullrom"
						},
						"1.0333": [0.775, -3.1, -1.025],
						"1.1667": [0.52, -2.83, -0.53],
						"1.3": [0, 0, 0]
					}
				},
				"lefthand_pos": {
					"rotation": [0, 0, 0]
				},
				"mag_and_bullet": {
					"scale": {
						"0.0": [0, 0, 0],
						"0.7": [0, 0, 0],
						"0.7333": [1, 1, 1]
					}
				},
				"additional_magazine": {
					"rotation": [0, 0, 0],
					"position": {
						"0.3333": [0, 0, 0],
						"0.4333": [0, -11, 0]
					},
					"scale": {
						"0.4667": [1, 1, 1],
						"0.5": [0, 0, 0]
					}
				},
				"camera": {
					"rotation": {
						"0.0": {
							"post": [0, 0, 0],
							"lerp_mode": "catmullrom"
						},
						"0.2667": {
							"post": [-0.575, 0, 0.475],
							"lerp_mode": "catmullrom"
						},
						"0.4": {
							"post": [0.305, 0.125, -0.4],
							"lerp_mode": "catmullrom"
						},
						"0.5333": {
							"post": [0.65, 0.125, 0.825],
							"lerp_mode": "catmullrom"
						},
						"0.6667": {
							"post": [0.51, 0.04, -0.07],
							"lerp_mode": "catmullrom"
						},
						"0.8": {
							"post": [0.455, 0, 0.275],
							"lerp_mode": "catmullrom"
						},
						"1.1333": {
							"post": [1.51, 0.35, -0.6],
							"lerp_mode": "catmullrom"
						},
						"1.2667": {
							"post": [1.435, 0.5, -0.725],
							"lerp_mode": "catmullrom"
						},
						"1.3667": {
							"post": [2.49, 0.5, 0.125],
							"lerp_mode": "catmullrom"
						},
						"1.5": {
							"post": [1.51, 0.5, -1],
							"lerp_mode": "catmullrom"
						},
						"1.7667": {
							"post": [0.94, 0.1, -0.15],
							"lerp_mode": "catmullrom"
						},
						"1.9": {
							"post": [0.27, 0.04, -0.215],
							"lerp_mode": "catmullrom"
						},
						"2.0": {
							"post": [-0.2, 0, 0.15],
							"lerp_mode": "catmullrom"
						},
						"2.1": {
							"post": [0.15, 0, -0.225],
							"lerp_mode": "catmullrom"
						},
						"2.2": {
							"post": [-0.1, 0, 0.125],
							"lerp_mode": "catmullrom"
						},
						"2.3": {
							"post": [0, 0, 0],
							"lerp_mode": "catmullrom"
						}
					}
				},
				"constraint": {
					"rotation": {
						"0.3": [0.2, 0.1, 0.2],
						"0.7333": [0.01, 0.02, 0.04],
						"1.6333": [0.01, 0.02, 0.04],
						"2.0": [0.2, 0.1, 0.2]
					},
					"position": {
						"0.3": [0.2, 0.2, 0.4],
						"0.7333": [0.05, 0.05, 0.1],
						"1.6333": [0.05, 0.05, 0.1],
						"2.0": [0.2, 0.2, 0.4]
					}
				}
			},
			"sound_effects": {
				"0.0": {
					"effect": "iw:xeon/xeon_vrgun_reload_lift_v1"
				},
				"0.0333": {
					"effect": "iw:xeon/xeon_reload_lift_v1"
				},
				"0.2667": {
					"effect": "iw:xeon/xeon_vrgun_reload_clipout_v1"
				},
				"0.3": {
					"effect": "iw:xeon/xeon_reload_clipout_v1"
				},
				"0.6": {
					"effect": "iw8_phys_mag_drop_ar_metal_dirt_04"
				},
				"0.7333": {
					"effect": "iw:xeon/xeon_reload_mag_drop"
				},
				"1.2": {
					"effect": "iw:xeon/xeon_vrgun_reload_clipin_v1"
				},
				"1.2333": {
					"effect": "iw:xeon/xeon_reload_clipin_v1"
				},
				"1.6667": {
					"effect": "iw:xeon/xeon_vrgun_reload_end_v1"
				},
				"1.7": {
					"effect": "iw:xeon/xeon_reload_end_v1"
				}
			}
		},
		"inspect": {
			"animation_length": 5.1333,
			"bones": {
				"lefthand": {
					"rotation": {
						"0.0": [107.69108, -32.75736, -156.00452],
						"0.0667": [113.84399, -28.84087, -167.98195],
						"0.2": [115.13774, -50.87624, -183.69084],
						"2.4333": [115.13774, -50.87624, -183.69084],
						"2.6667": [96.05402, -23.77546, -135.39325],
						"2.7333": [96.05402, -23.77546, -135.39325],
						"4.3667": [97.65, -24.56, -111.29],
						"4.4333": [97.65, -24.56, -111.29],
						"4.4667": [97.65, -24.56, -111.29],
						"4.6667": [113.51, -39.33, -179.9],
						"4.7333": [107.69108, -32.75736, -156.00452]
					},
					"position": {
						"0.0": [8.2, -11.9, -2.2],
						"0.0667": [8.55, -11.425, -2.2],
						"0.2": [7.675, -12.82, 0.275],
						"2.4333": [7.675, -12.82, 0.275],
						"2.5667": [8.755, -15.77, 1.64],
						"2.6667": [8.2, -16.97, 3],
						"2.7333": [8.175, -16.62, 3],
						"4.3667": [7.15, -17.55, 3.18],
						"4.4333": [7.15, -17.55, 3.18],
						"4.4667": [7.15, -17.55, 3.18],
						"4.7333": [8.2, -11.9, -2.2]
					},
					"scale": [1, 1.5, 1]
				},
				"righthand": {
					"rotation": {
						"0.0": [89.49625, 6.99973, -180.06139],
						"0.2": [89.5, 7, -180.06],
						"0.3667": [89.5, 7, -180.06],
						"2.3667": [89.5, 7, -180.06],
						"2.5333": [89.5, 7, -180.06]
					},
					"position": {
						"0.0": [-6.85, -14.075, 7.775],
						"0.2": [-6.85, -14.07, 7.78],
						"0.3667": [-8.325, -14.07, 7.78],
						"2.3667": [-8.325, -14.07, 7.78],
						"2.5333": [-6.85, -14.07, 7.78]
					},
					"scale": [1, 1.5, 1]
				},
				"root": {
					"rotation": {
						"0.0": {
							"post": [0, 0, 0],
							"lerp_mode": "catmullrom"
						},
						"0.1": {
							"post": [-1.57552, -4.18517, -5.87258],
							"lerp_mode": "catmullrom"
						},
						"0.2333": {
							"post": [-4.02414, -13.28009, -10.40473],
							"lerp_mode": "catmullrom"
						},
						"0.5": {
							"post": [-12.85629, -43.05513, -11.98818],
							"lerp_mode": "catmullrom"
						},
						"0.6333": {
							"post": [-14.81181, -47.20625, -10.13088],
							"lerp_mode": "catmullrom"
						},
						"0.8": {
							"post": [-14.99109, -47.47374, -9.10282],
							"lerp_mode": "catmullrom"
						},
						"1.3667": {
							"post": [-17.06722, -46.91834, -6.27058],
							"lerp_mode": "catmullrom"
						},
						"1.5333": {
							"post": [-11.77121, -50.35486, -8.4078],
							"lerp_mode": "catmullrom"
						},
						"1.6667": {
							"post": [-2.48632, -55.49611, -13.34944],
							"lerp_mode": "catmullrom"
						},
						"1.8333": {
							"post": [0.79794, -56.84607, -14.39354],
							"lerp_mode": "catmullrom"
						},
						"2.0333": {
							"post": [-1.48956, -56.78982, -13.34354],
							"lerp_mode": "catmullrom"
						},
						"2.2667": {
							"post": [-2.98956, -53.78982, -13.33104],
							"lerp_mode": "catmullrom"
						},
						"2.4": {
							"post": [-10.67, -46.585, -14.92],
							"lerp_mode": "catmullrom"
						},
						"2.5333": {
							"post": [-30.11122, -26.09675, -11.89334],
							"lerp_mode": "catmullrom"
						},
						"2.6667": {
							"post": [-34.29063, -30.84703, -23.03454],
							"lerp_mode": "catmullrom"
						},
						"2.8": {
							"post": [-33.63149, -29.74839, -27.2996],
							"lerp_mode": "catmullrom"
						},
						"3.0667": [-33.63, -29.75, -24.72],
						"3.7667": [-33.58, -29.81, -24.69],
						"4.1": {
							"pre": [-33.63, -29.75, -24.72],
							"post": [-33.63, -29.75, -24.72],
							"lerp_mode": "catmullrom"
						},
						"4.1667": {
							"post": [-31.13018, -37.2508, -35.73132],
							"lerp_mode": "catmullrom"
						},
						"4.2667": {
							"post": [-39.13662, -28.77784, -21.5149],
							"lerp_mode": "catmullrom"
						},
						"4.4333": {
							"post": [-19.96251, -40.11132, -38.41785],
							"lerp_mode": "catmullrom"
						},
						"4.7333": {
							"post": [-1.17724, -0.52456, -3.81208],
							"lerp_mode": "catmullrom"
						},
						"4.8333": {
							"post": [-1.53169, -1.64259, -5.70459],
							"lerp_mode": "catmullrom"
						},
						"4.9333": {
							"post": [-0.27794, 0.48501, -1.00445],
							"lerp_mode": "catmullrom"
						},
						"5.0333": {
							"post": [0, 0, 1.25],
							"lerp_mode": "catmullrom"
						},
						"5.1333": {
							"post": [0, 0, 0],
							"lerp_mode": "catmullrom"
						}
					},
					"position": {
						"0.0": {
							"post": [0, 0, 0],
							"lerp_mode": "catmullrom"
						},
						"0.1": {
							"post": [0.2, -0.725, 0.7],
							"lerp_mode": "catmullrom"
						},
						"0.2333": {
							"post": [0.725, -0.47, 0.55],
							"lerp_mode": "catmullrom"
						},
						"0.5": {
							"post": [1.55, 1.955, -0.10625],
							"lerp_mode": "catmullrom"
						},
						"0.7667": {
							"post": [1.95, 1.83, -0.125],
							"lerp_mode": "catmullrom"
						},
						"1.0667": {
							"post": [2.025, 1.88, -0.16],
							"lerp_mode": "catmullrom"
						},
						"1.3333": {
							"post": [2.05, 1.83, -0.2],
							"lerp_mode": "catmullrom"
						},
						"1.5": {
							"post": [2.705, 1.625, -0.39],
							"lerp_mode": "catmullrom"
						},
						"1.6667": {
							"post": [3.805, 1.625, -0.58],
							"lerp_mode": "catmullrom"
						},
						"1.8333": {
							"post": [4.58625, 1.91125, -0.77],
							"lerp_mode": "catmullrom"
						},
						"2.0333": {
							"post": [4.705, 2.0125, -0.77],
							"lerp_mode": "catmullrom"
						},
						"2.2": {
							"post": [4.53, 2.01125, -0.81],
							"lerp_mode": "catmullrom"
						},
						"2.3": {
							"post": [3.8175, 1.68125, -0.67],
							"lerp_mode": "catmullrom"
						},
						"2.4": {
							"post": [1.95, 0.98, -0.245],
							"lerp_mode": "catmullrom"
						},
						"2.5333": {
							"post": [0.555, 1.38, 0.075],
							"lerp_mode": "catmullrom"
						},
						"2.6667": {
							"post": [-0.625, 2.655, 0.78],
							"lerp_mode": "catmullrom"
						},
						"2.8": {
							"post": [-0.945, 2.58, 0.78],
							"lerp_mode": "catmullrom"
						},
						"2.9": {
							"post": [-0.99, 2.465, 0.78],
							"lerp_mode": "catmullrom"
						},
						"3.0": {
							"post": [-0.97625, 2.4175, 0.78],
							"lerp_mode": "catmullrom"
						},
						"3.0667": [-0.76, 1.985, 0.78],
						"3.7667": [-1, 2.04, 0.78],
						"3.8667": [-1.025, 1.76, 0.78],
						"4.0667": {
							"pre": [-0.79375, 1.775, 0.78],
							"post": [-0.79375, 1.775, 0.78],
							"lerp_mode": "catmullrom"
						},
						"4.1333": {
							"post": [-0.3425, 0.92, 0.78],
							"lerp_mode": "catmullrom"
						},
						"4.3333": {
							"post": [-0.82, 0.98625, 0.78],
							"lerp_mode": "catmullrom"
						},
						"4.4333": {
							"post": [-1.185, 0.97, -0.09],
							"lerp_mode": "catmullrom"
						},
						"4.7": {
							"post": [-0.25, -0.73, -1.27],
							"lerp_mode": "catmullrom"
						},
						"4.8333": {
							"post": [0.095, -0.15, -1.225],
							"lerp_mode": "catmullrom"
						},
						"4.9333": {
							"post": [0, -0.175, 0.5],
							"lerp_mode": "catmullrom"
						},
						"5.0333": {
							"post": [0, 0, -0.175],
							"lerp_mode": "catmullrom"
						},
						"5.1333": {
							"post": [0, 0, 0],
							"lerp_mode": "catmullrom"
						}
					}
				},
				"mag_and_lh": {
					"rotation": {
						"2.9667": {
							"pre": [0, 0, 0],
							"post": [0, 0, 0],
							"lerp_mode": "catmullrom"
						},
						"3.0667": {
							"post": [0, 0, 0],
							"lerp_mode": "catmullrom"
						},
						"3.2": {
							"post": [-9.98938, -1.44898, 15.30138],
							"lerp_mode": "catmullrom"
						},
						"3.6": {
							"post": [-9.98938, -1.44898, 15.30138],
							"lerp_mode": "catmullrom"
						},
						"3.7667": [-4.92442, -0.86717, -9.96271],
						"3.8": [-4.92442, -0.86717, -9.96271],
						"3.8667": [-1.93953, -0.69374, -7.97017],
						"3.9333": [-1.93953, -0.69374, -7.97017],
						"4.0333": [0, 0, 0],
						"4.1333": [0, 0, 0]
					},
					"position": {
						"2.9667": {
							"pre": [0, 0, 0],
							"post": [0, 0, 0],
							"lerp_mode": "catmullrom"
						},
						"3.0667": {
							"post": [0, -2.85, 0],
							"lerp_mode": "catmullrom"
						},
						"3.2": {
							"post": [1.15, -3.65, -0.475],
							"lerp_mode": "catmullrom"
						},
						"3.3667": {
							"post": [1.375, -3.45, -0.645],
							"lerp_mode": "catmullrom"
						},
						"3.5": {
							"post": [1.25, -3.56, -0.725],
							"lerp_mode": "catmullrom"
						},
						"3.6": {
							"post": [1.15, -3.65, -0.475],
							"lerp_mode": "catmullrom"
						},
						"3.6667": {
							"post": [0.63, -4.055, -0.56],
							"lerp_mode": "catmullrom"
						},
						"3.7667": [0.6, -3.15, -0.8],
						"3.8": [0.6, -3.325, -0.8],
						"3.8667": [0.53, -3.325, -0.605],
						"3.9333": [0.53, -3.025, -0.23],
						"4.0333": [0, -2.75, 0],
						"4.1333": [0, 0, 0]
					}
				},
				"gun_and_rh": {
					"rotation": {
						"3.0667": {
							"pre": [0, 0, 0],
							"post": [0, 0, 0],
							"lerp_mode": "catmullrom"
						},
						"3.1": {
							"post": [0.24769, 0.05884, -4.49962],
							"lerp_mode": "catmullrom"
						},
						"3.2333": {
							"post": [-3.25006, -0.00982, 0.74994],
							"lerp_mode": "catmullrom"
						},
						"3.4": {
							"post": [-3.07127, -1.97943, -3.14676],
							"lerp_mode": "catmullrom"
						},
						"3.6333": {
							"post": [-0.27223, -0.23014, -3.09702],
							"lerp_mode": "catmullrom"
						},
						"3.7333": {
							"post": [0.02917, -0.08324, -3.23879],
							"lerp_mode": "catmullrom"
						},
						"3.8": {
							"post": [0, 0, 0],
							"lerp_mode": "catmullrom"
						}
					},
					"position": {
						"3.0667": {
							"pre": [0, 0, 0],
							"post": [0, 0, 0],
							"lerp_mode": "catmullrom"
						},
						"3.2333": {
							"post": [-0.48875, 0.46625, 0.005],
							"lerp_mode": "catmullrom"
						},
						"3.4333": {
							"post": [-0.75875, 0.235, 0.005],
							"lerp_mode": "catmullrom"
						},
						"3.6333": {
							"post": [-0.4575, 0.22, 0.005],
							"lerp_mode": "catmullrom"
						},
						"3.8": {
							"post": [0, 0, 0],
							"lerp_mode": "catmullrom"
						}
					}
				},
				"camera": {
					"rotation": {
						"0.0": {
							"post": [0, 0, 0],
							"lerp_mode": "catmullrom"
						},
						"0.2": {
							"post": [0.455, -0.05, -0.4],
							"lerp_mode": "catmullrom"
						},
						"0.5333": {
							"post": [2.75, -1.15, -1.9],
							"lerp_mode": "catmullrom"
						},
						"1.0": {
							"post": [3.4, -1.2, -2.1],
							"lerp_mode": "catmullrom"
						},
						"1.4667": {
							"post": [3.25, -0.425, -2.35],
							"lerp_mode": "catmullrom"
						},
						"1.8": {
							"post": [5.8, 2.35, -2.075],
							"lerp_mode": "catmullrom"
						},
						"2.3667": {
							"post": [6.2, 2.875, -2.15],
							"lerp_mode": "catmullrom"
						},
						"2.6667": {
							"post": [1.24, 0.84, -1.33],
							"lerp_mode": "catmullrom"
						},
						"2.8": {
							"post": [1.025, 0.35, -1.15],
							"lerp_mode": "catmullrom"
						},
						"2.9": {
							"post": [1.02, 0.18, -1.14],
							"lerp_mode": "catmullrom"
						},
						"3.0": {
							"post": [1.435, 0.07, -1.16],
							"lerp_mode": "catmullrom"
						},
						"3.0667": {
							"post": [2.97, 0, 0.175],
							"lerp_mode": "catmullrom"
						},
						"3.2": {
							"post": [2.785, -0.33, -1.48],
							"lerp_mode": "catmullrom"
						},
						"3.3333": {
							"post": [4.17, -0.825, -0.125],
							"lerp_mode": "catmullrom"
						},
						"3.5667": {
							"post": [3.75, -1, -0.775],
							"lerp_mode": "catmullrom"
						},
						"3.8667": {
							"post": [2.025, -0.25, -1.325],
							"lerp_mode": "catmullrom"
						},
						"4.1": {
							"post": [1.48, 0.06, -1.71],
							"lerp_mode": "catmullrom"
						},
						"4.2": {
							"post": [3.43, 0.425, -0.35],
							"lerp_mode": "catmullrom"
						},
						"4.3": {
							"post": [1.825, 0.71, -2.015],
							"lerp_mode": "catmullrom"
						},
						"4.3667": {
							"post": [2.49, 0.5, 0.125],
							"lerp_mode": "catmullrom"
						},
						"4.7": {
							"post": [0.94, 0.1, -0.15],
							"lerp_mode": "catmullrom"
						},
						"4.8333": {
							"post": [0.27, 0.04, -0.215],
							"lerp_mode": "catmullrom"
						},
						"4.9333": {
							"post": [-0.2, 0, 0.15],
							"lerp_mode": "catmullrom"
						},
						"5.0333": {
							"post": [0.15, 0, -0.225],
							"lerp_mode": "catmullrom"
						},
						"5.1333": {
							"post": [-0.1, 0, 0.125],
							"lerp_mode": "catmullrom"
						},
						"5.2333": {
							"post": [0, 0, 0],
							"lerp_mode": "catmullrom"
						}
					}
				},
				"additional_magazine": {
					"scale": 0
				}
			},
			"sound_effects": {
				"0.0": {
					"effect": "xeon_vrgun_fast_lift_v1"
				},
				"0.0333": {
					"effect": "iw:xeon/xeon_fast_lift_v1"
				},
				"1.4333": {
					"effect": "iw:xeon/xeon_inspect_magrattle"
				},
				"2.9333": {
					"effect": "iw:xeon/xeon_vrgun_fast_clipout_v1"
				},
				"2.9667": {
					"effect": "iw:xeon/xeon_fast_clipout_v1"
				},
				"4.0": {
					"effect": "iw:xeon/xeon_vrgun_fast_clipin_v1"
				},
				"4.0333": {
					"effect": "iw:xeon/xeon_fast_clipin_v1"
				},
				"4.6667": {
					"effect": "iw:xeon/xeon_vrgun_fast_end_v1"
				},
				"4.7": {
					"effect": "iw:xeon/xeon_fast_end_v1"
				}
			}
		},
		"inspect_empty": {
			"animation_length": 5.1333,
			"bones": {
				"lefthand": {
					"rotation": {
						"0.0": [107.69108, -32.75736, -156.00452],
						"0.0667": [113.84399, -28.84087, -167.98195],
						"0.2": [115.13774, -50.87624, -183.69084],
						"2.4333": [115.13774, -50.87624, -183.69084],
						"2.6667": [96.05402, -23.77546, -135.39325],
						"2.7333": [96.05402, -23.77546, -135.39325],
						"4.3667": [97.65, -24.56, -111.29],
						"4.4333": [97.65, -24.56, -111.29],
						"4.4667": [97.65, -24.56, -111.29],
						"4.6667": [113.51, -39.33, -179.9],
						"4.7333": [107.69108, -32.75736, -156.00452]
					},
					"position": {
						"0.0": [8.2, -11.9, -2.2],
						"0.0667": [8.55, -11.425, -2.2],
						"0.2": [7.675, -12.82, 0.275],
						"2.4333": [7.675, -12.82, 0.275],
						"2.5667": [8.755, -15.77, 1.64],
						"2.6667": [8.2, -16.97, 3],
						"2.7333": [8.175, -16.62, 3],
						"4.3667": [7.15, -17.55, 3.18],
						"4.4333": [7.15, -17.55, 3.18],
						"4.4667": [7.15, -17.55, 3.18],
						"4.7333": [8.2, -11.9, -2.2]
					},
					"scale": [1, 1.5, 1]
				},
				"righthand": {
					"rotation": {
						"0.0": [89.49625, 6.99973, -180.06139],
						"0.2": [89.5, 7, -180.06],
						"0.3667": [89.5, 7, -180.06],
						"2.3667": [89.5, 7, -180.06],
						"2.5333": [89.5, 7, -180.06]
					},
					"position": {
						"0.0": [-6.85, -14.075, 7.775],
						"0.2": [-6.85, -14.07, 7.78],
						"0.3667": [-8.325, -14.07, 7.78],
						"2.3667": [-8.325, -14.07, 7.78],
						"2.5333": [-6.85, -14.07, 7.78]
					},
					"scale": [1, 1.5, 1]
				},
				"root": {
					"rotation": {
						"0.0": {
							"post": [0, 0, 0],
							"lerp_mode": "catmullrom"
						},
						"0.1": {
							"post": [-1.57552, -4.18517, -5.87258],
							"lerp_mode": "catmullrom"
						},
						"0.2333": {
							"post": [-4.02414, -13.28009, -10.40473],
							"lerp_mode": "catmullrom"
						},
						"0.5": {
							"post": [-12.85629, -43.05513, -11.98818],
							"lerp_mode": "catmullrom"
						},
						"0.6333": {
							"post": [-14.81181, -47.20625, -10.13088],
							"lerp_mode": "catmullrom"
						},
						"0.8": {
							"post": [-14.99109, -47.47374, -9.10282],
							"lerp_mode": "catmullrom"
						},
						"1.3667": {
							"post": [-17.06722, -46.91834, -6.27058],
							"lerp_mode": "catmullrom"
						},
						"1.5333": {
							"post": [-11.77121, -50.35486, -8.4078],
							"lerp_mode": "catmullrom"
						},
						"1.6667": {
							"post": [-2.48632, -55.49611, -13.34944],
							"lerp_mode": "catmullrom"
						},
						"1.8333": {
							"post": [0.79794, -56.84607, -14.39354],
							"lerp_mode": "catmullrom"
						},
						"2.0333": {
							"post": [-1.48956, -56.78982, -13.34354],
							"lerp_mode": "catmullrom"
						},
						"2.2667": {
							"post": [-2.98956, -53.78982, -13.33104],
							"lerp_mode": "catmullrom"
						},
						"2.4": {
							"post": [-10.67, -46.585, -14.92],
							"lerp_mode": "catmullrom"
						},
						"2.5333": {
							"post": [-30.11122, -26.09675, -11.89334],
							"lerp_mode": "catmullrom"
						},
						"2.6667": {
							"post": [-34.29063, -30.84703, -23.03454],
							"lerp_mode": "catmullrom"
						},
						"2.8": {
							"post": [-33.63149, -29.74839, -27.2996],
							"lerp_mode": "catmullrom"
						},
						"3.0667": [-33.63, -29.75, -24.72],
						"3.7667": [-33.58, -29.81, -24.69],
						"4.1": {
							"pre": [-33.63, -29.75, -24.72],
							"post": [-33.63, -29.75, -24.72],
							"lerp_mode": "catmullrom"
						},
						"4.1667": {
							"post": [-31.13018, -37.2508, -35.73132],
							"lerp_mode": "catmullrom"
						},
						"4.2667": {
							"post": [-39.13662, -28.77784, -21.5149],
							"lerp_mode": "catmullrom"
						},
						"4.4333": {
							"post": [-19.96251, -40.11132, -38.41785],
							"lerp_mode": "catmullrom"
						},
						"4.7333": {
							"post": [-1.17724, -0.52456, -3.81208],
							"lerp_mode": "catmullrom"
						},
						"4.8333": {
							"post": [-1.53169, -1.64259, -5.70459],
							"lerp_mode": "catmullrom"
						},
						"4.9333": {
							"post": [-0.27794, 0.48501, -1.00445],
							"lerp_mode": "catmullrom"
						},
						"5.0333": {
							"post": [0, 0, 1.25],
							"lerp_mode": "catmullrom"
						},
						"5.1333": {
							"post": [0, 0, 0],
							"lerp_mode": "catmullrom"
						}
					},
					"position": {
						"0.0": {
							"post": [0, 0, 0],
							"lerp_mode": "catmullrom"
						},
						"0.1": {
							"post": [0.2, -0.725, 0.7],
							"lerp_mode": "catmullrom"
						},
						"0.2333": {
							"post": [0.725, -0.47, 0.55],
							"lerp_mode": "catmullrom"
						},
						"0.5": {
							"post": [1.55, 1.955, -0.10625],
							"lerp_mode": "catmullrom"
						},
						"0.7667": {
							"post": [1.95, 1.83, -0.125],
							"lerp_mode": "catmullrom"
						},
						"1.0667": {
							"post": [2.025, 1.88, -0.16],
							"lerp_mode": "catmullrom"
						},
						"1.3333": {
							"post": [2.05, 1.83, -0.2],
							"lerp_mode": "catmullrom"
						},
						"1.5": {
							"post": [2.705, 1.625, -0.39],
							"lerp_mode": "catmullrom"
						},
						"1.6667": {
							"post": [3.805, 1.625, -0.58],
							"lerp_mode": "catmullrom"
						},
						"1.8333": {
							"post": [4.58625, 1.91125, -0.77],
							"lerp_mode": "catmullrom"
						},
						"2.0333": {
							"post": [4.705, 2.0125, -0.77],
							"lerp_mode": "catmullrom"
						},
						"2.2": {
							"post": [4.53, 2.01125, -0.81],
							"lerp_mode": "catmullrom"
						},
						"2.3": {
							"post": [3.8175, 1.68125, -0.67],
							"lerp_mode": "catmullrom"
						},
						"2.4": {
							"post": [1.95, 0.98, -0.245],
							"lerp_mode": "catmullrom"
						},
						"2.5333": {
							"post": [0.555, 1.38, 0.075],
							"lerp_mode": "catmullrom"
						},
						"2.6667": {
							"post": [-0.625, 2.655, 0.78],
							"lerp_mode": "catmullrom"
						},
						"2.8": {
							"post": [-0.945, 2.58, 0.78],
							"lerp_mode": "catmullrom"
						},
						"2.9": {
							"post": [-0.99, 2.465, 0.78],
							"lerp_mode": "catmullrom"
						},
						"3.0": {
							"post": [-0.97625, 2.4175, 0.78],
							"lerp_mode": "catmullrom"
						},
						"3.0667": [-0.76, 1.985, 0.78],
						"3.7667": [-1, 2.04, 0.78],
						"3.8667": [-1.025, 1.76, 0.78],
						"4.0667": {
							"pre": [-0.79375, 1.775, 0.78],
							"post": [-0.79375, 1.775, 0.78],
							"lerp_mode": "catmullrom"
						},
						"4.1333": {
							"post": [-0.3425, 0.92, 0.78],
							"lerp_mode": "catmullrom"
						},
						"4.3333": {
							"post": [-0.82, 0.98625, 0.78],
							"lerp_mode": "catmullrom"
						},
						"4.4333": {
							"post": [-1.185, 0.97, -0.09],
							"lerp_mode": "catmullrom"
						},
						"4.7": {
							"post": [-0.25, -0.73, -1.27],
							"lerp_mode": "catmullrom"
						},
						"4.8333": {
							"post": [0.095, -0.15, -1.225],
							"lerp_mode": "catmullrom"
						},
						"4.9333": {
							"post": [0, -0.175, 0.5],
							"lerp_mode": "catmullrom"
						},
						"5.0333": {
							"post": [0, 0, -0.175],
							"lerp_mode": "catmullrom"
						},
						"5.1333": {
							"post": [0, 0, 0],
							"lerp_mode": "catmullrom"
						}
					}
				},
				"mag_and_lh": {
					"rotation": {
						"2.9667": {
							"pre": [0, 0, 0],
							"post": [0, 0, 0],
							"lerp_mode": "catmullrom"
						},
						"3.0667": {
							"post": [0, 0, 0],
							"lerp_mode": "catmullrom"
						},
						"3.2": {
							"post": [-9.98938, -1.44898, 15.30138],
							"lerp_mode": "catmullrom"
						},
						"3.6": {
							"post": [-9.98938, -1.44898, 15.30138],
							"lerp_mode": "catmullrom"
						},
						"3.7667": [-4.92442, -0.86717, -9.96271],
						"3.8": [-4.92442, -0.86717, -9.96271],
						"3.8667": [-1.93953, -0.69374, -7.97017],
						"3.9333": [-1.93953, -0.69374, -7.97017],
						"4.0333": [0, 0, 0],
						"4.1333": [0, 0, 0]
					},
					"position": {
						"2.9667": {
							"pre": [0, 0, 0],
							"post": [0, 0, 0],
							"lerp_mode": "catmullrom"
						},
						"3.0667": {
							"post": [0, -2.85, 0],
							"lerp_mode": "catmullrom"
						},
						"3.2": {
							"post": [1.15, -3.65, -0.475],
							"lerp_mode": "catmullrom"
						},
						"3.3667": {
							"post": [1.375, -3.45, -0.645],
							"lerp_mode": "catmullrom"
						},
						"3.5": {
							"post": [1.25, -3.56, -0.725],
							"lerp_mode": "catmullrom"
						},
						"3.6": {
							"post": [1.15, -3.65, -0.475],
							"lerp_mode": "catmullrom"
						},
						"3.6667": {
							"post": [0.63, -4.055, -0.56],
							"lerp_mode": "catmullrom"
						},
						"3.7667": [0.6, -3.15, -0.8],
						"3.8": [0.6, -3.325, -0.8],
						"3.8667": [0.53, -3.325, -0.605],
						"3.9333": [0.53, -3.025, -0.23],
						"4.0333": [0, -2.75, 0],
						"4.1333": [0, 0, 0]
					}
				},
				"gun_and_rh": {
					"rotation": {
						"3.0667": {
							"pre": [0, 0, 0],
							"post": [0, 0, 0],
							"lerp_mode": "catmullrom"
						},
						"3.1": {
							"post": [0.24769, 0.05884, -4.49962],
							"lerp_mode": "catmullrom"
						},
						"3.2333": {
							"post": [-3.25006, -0.00982, 0.74994],
							"lerp_mode": "catmullrom"
						},
						"3.4": {
							"post": [-3.07127, -1.97943, -3.14676],
							"lerp_mode": "catmullrom"
						},
						"3.6333": {
							"post": [-0.27223, -0.23014, -3.09702],
							"lerp_mode": "catmullrom"
						},
						"3.7333": {
							"post": [0.02917, -0.08324, -3.23879],
							"lerp_mode": "catmullrom"
						},
						"3.8": {
							"post": [0, 0, 0],
							"lerp_mode": "catmullrom"
						}
					},
					"position": {
						"3.0667": {
							"pre": [0, 0, 0],
							"post": [0, 0, 0],
							"lerp_mode": "catmullrom"
						},
						"3.2333": {
							"post": [-0.48875, 0.46625, 0.005],
							"lerp_mode": "catmullrom"
						},
						"3.4333": {
							"post": [-0.75875, 0.235, 0.005],
							"lerp_mode": "catmullrom"
						},
						"3.6333": {
							"post": [-0.4575, 0.22, 0.005],
							"lerp_mode": "catmullrom"
						},
						"3.8": {
							"post": [0, 0, 0],
							"lerp_mode": "catmullrom"
						}
					}
				},
				"camera": {
					"rotation": {
						"0.0": {
							"post": [0, 0, 0],
							"lerp_mode": "catmullrom"
						},
						"0.2": {
							"post": [0.455, -0.05, -0.4],
							"lerp_mode": "catmullrom"
						},
						"0.5333": {
							"post": [2.75, -1.15, -1.9],
							"lerp_mode": "catmullrom"
						},
						"1.0": {
							"post": [3.4, -1.2, -2.1],
							"lerp_mode": "catmullrom"
						},
						"1.4667": {
							"post": [3.25, -0.425, -2.35],
							"lerp_mode": "catmullrom"
						},
						"1.8": {
							"post": [5.8, 2.35, -2.075],
							"lerp_mode": "catmullrom"
						},
						"2.3667": {
							"post": [6.2, 2.875, -2.15],
							"lerp_mode": "catmullrom"
						},
						"2.6667": {
							"post": [1.24, 0.84, -1.33],
							"lerp_mode": "catmullrom"
						},
						"2.8": {
							"post": [1.025, 0.35, -1.15],
							"lerp_mode": "catmullrom"
						},
						"2.9": {
							"post": [1.02, 0.18, -1.14],
							"lerp_mode": "catmullrom"
						},
						"3.0": {
							"post": [1.435, 0.07, -1.16],
							"lerp_mode": "catmullrom"
						},
						"3.0667": {
							"post": [2.97, 0, 0.175],
							"lerp_mode": "catmullrom"
						},
						"3.2": {
							"post": [2.785, -0.33, -1.48],
							"lerp_mode": "catmullrom"
						},
						"3.3333": {
							"post": [4.17, -0.825, -0.125],
							"lerp_mode": "catmullrom"
						},
						"3.5667": {
							"post": [3.75, -1, -0.775],
							"lerp_mode": "catmullrom"
						},
						"3.8667": {
							"post": [2.025, -0.25, -1.325],
							"lerp_mode": "catmullrom"
						},
						"4.1": {
							"post": [1.48, 0.06, -1.71],
							"lerp_mode": "catmullrom"
						},
						"4.2": {
							"post": [3.43, 0.425, -0.35],
							"lerp_mode": "catmullrom"
						},
						"4.3": {
							"post": [1.825, 0.71, -2.015],
							"lerp_mode": "catmullrom"
						},
						"4.3667": {
							"post": [2.49, 0.5, 0.125],
							"lerp_mode": "catmullrom"
						},
						"4.7": {
							"post": [0.94, 0.1, -0.15],
							"lerp_mode": "catmullrom"
						},
						"4.8333": {
							"post": [0.27, 0.04, -0.215],
							"lerp_mode": "catmullrom"
						},
						"4.9333": {
							"post": [-0.2, 0, 0.15],
							"lerp_mode": "catmullrom"
						},
						"5.0333": {
							"post": [0.15, 0, -0.225],
							"lerp_mode": "catmullrom"
						},
						"5.1333": {
							"post": [-0.1, 0, 0.125],
							"lerp_mode": "catmullrom"
						},
						"5.2333": {
							"post": [0, 0, 0],
							"lerp_mode": "catmullrom"
						}
					}
				},
				"additional_magazine": {
					"scale": 0
				}
			},
			"sound_effects": {
				"0.0": {
					"effect": "xeon_vrgun_fast_lift_v1"
				},
				"0.0333": {
					"effect": "iw:xeon/xeon_fast_lift_v1"
				},
				"1.4333": {
					"effect": "iw:xeon/xeon_inspect_magrattle"
				},
				"2.9333": {
					"effect": "iw:xeon/xeon_vrgun_fast_clipout_v1"
				},
				"2.9667": {
					"effect": "iw:xeon/xeon_fast_clipout_v1"
				},
				"4.0": {
					"effect": "iw:xeon/xeon_vrgun_fast_clipin_v1"
				},
				"4.0333": {
					"effect": "iw:xeon/xeon_fast_clipin_v1"
				},
				"4.6667": {
					"effect": "iw:xeon/xeon_vrgun_fast_end_v1"
				},
				"4.7": {
					"effect": "iw:xeon/xeon_fast_end_v1"
				}
			}
		},
		"aim": {
			"loop": "hold_on_last_frame",
			"animation_length": 1,
			"bones": {
				"bone2": {
					"rotation": {
						"0.0": [0, 0, 0],
						"0.5": [90, 0, 0],
						"1.0": [90, 0, 0]
					}
				}
			}
		}
	}
}