{
  "credit": "Made with Blockbench",
  "parent": "builtin/entity",
  "texture_size": [
    512,
    512
  ],
  "display": {
    "firstperson_righthand": {
      "translation": [
        0,
        -4.75,
        -3.75
      ]
    },
    "ground": {
      "translation": [
        0,
        -3.75,
        0
      ]
    },
    "gui": {
      "rotation": [
        26,
        31,
        0
      ],
      "translation": [
        -0.25,
        -6,
        0
      ],
      "scale": [
        1.5,
        1.5,
        1.5
      ]
    }
  }
}