{
  "credit": "Made with Blockbench",
  "parent": "builtin/entity",
  "display": {
    "firstperson_righthand": {
      "translation": [
        2.75,
        -21,
        -9.25
      ],
      "scale": [
        4,
        4,
        4
      ]
    },
    "ground": {
      "translation": [
        0,
        -8,
        0
      ]
    },
    "gui": {
      "rotation": [
        21,
        53,
        0
      ],
      "translation": [
        -0.5,
        -22,
        0
      ],
      "scale": [
        4,
        4,
        4
      ]
    }
  }
}