{
  "credit": "Made with Blockbench",
  "parent": "builtin/entity",
  "texture_size": [
    32,
    32
  ],
  "display": {
    "thirdperson_righthand": {
      "translation": [
        0.25,
        -3.75,
        -0.5
      ],
      "scale": [
        0.25,
        0.25,
        0.25
      ]
    },
    "thirdperson_lefthand": {
      "translation": [
        0.25,
        -3.75,
        -0.5
      ],
      "scale": [
        0.25,
        0.25,
        0.25
      ]
    },
    "firstperson_righthand": {
      "rotation": [
        -9,
        4,
        -22
      ],
      "translation": [
        0.5,
        -16,
        -5.75
      ]
    },
    "firstperson_lefthand": {
      "rotation": [
        -9,
        4,
        -22
      ],
      "translation": [
        0.5,
        -16,
        -5.75
      ]
    },
    "ground": {
      "translation": [
        0,
        -4.25,
        -0.75
      ],
      "scale": [
        0.3,
        0.3,
        0.3
      ]
    },
    "gui": {
      "rotation": [
        44,
        50,
        -40
      ],
      "translation": [
        -6.25,
        -12.25,
        0
      ]
    },
    "fixed": {
      "rotation": [
        180,
        -90,
        180
      ],
      "translation": [
        0,
        -8.75,
        -1
      ],
      "scale": [
        0.62,
        0.62,
        0.62
      ]
    }
  }
}