{
  "credit": "Made with Blockbench",
  "parent": "builtin/entity",
  "texture_size": [
    64,
    64
  ],
  "display": {
    "firstperson_righthand": {
      "translation": [
        0,
        -8.5,
        -3
      ]
    },
    "ground": {
      "translation": [
        0,
        -14,
        0
      ]
    },
    "gui": {
      "rotation": [
        13,
        39,
        34
      ],
      "translation": [
        6.25,
        -10.5,
        0
      ],
      "scale": [
        1.3,
        1.3,
        1.3
      ]
    }
  }
}