{
	"format_version": "1.8.0",
	"animations": {
		"static_idle": {
			"loop": true,
			"animation_length": 0.5,
			"bones": {
				"lefthand": {
					"rotation": [100.36601, 316.5798, -142.78527],
					"position": [7.775, -13, -3],
					"scale": [1, 1.5, 1]
				},
				"constraint": {
					"rotation": [0.2, 0.2, 0.1],
					"position": [0.2, 0.2, 0.3]
				},
				"righthand": {
					"rotation": [95.04292, 367.4713, 180.6574],
					"position": [-7, -14.275, 7],
					"scale": [1, 1.5, 1]
				}
			}
		},
		"reload_tactical": {
			"loop": true,
			"animation_length": 2.4667,
			"bones": {
				"root": {
					"rotation": {
						"0.0": {
							"post": [0, 0, 0],
							"lerp_mode": "catmullrom"
						},
						"0.1": {
							"post": [-1.25, 0, -3.6],
							"lerp_mode": "catmullrom"
						},
						"0.2": {
							"post": [-5.37, -0.45, -5.49],
							"lerp_mode": "catmullrom"
						},
						"0.2667": {
							"post": [-9.39, -0.46, -5.81],
							"lerp_mode": "catmullrom"
						},
						"0.3333": {
							"post": [-7.79901, -0.34533, -6.8002],
							"lerp_mode": "catmullrom"
						},
						"0.4333": {
							"post": [-7.93988, -0.26802, -12.37905],
							"lerp_mode": "catmullrom"
						},
						"0.5333": {
							"post": [-5.10245, -1.66009, -21.07978],
							"lerp_mode": "catmullrom"
						},
						"0.6": {
							"post": [-7.66415, -0.35361, -15.69746],
							"lerp_mode": "catmullrom"
						},
						"0.6667": {
							"post": [-9.00696, -0.40889, -20.49759],
							"lerp_mode": "catmullrom"
						},
						"0.7667": {
							"post": [-8.88285, -1.30105, -18.91215],
							"lerp_mode": "catmullrom"
						},
						"0.8667": {
							"post": [-6.82592, -1.44935, -21.3622],
							"lerp_mode": "catmullrom"
						},
						"1.0667": {
							"post": [-9.02573, -1.32916, -18.75986],
							"lerp_mode": "catmullrom"
						},
						"1.3333": {
							"post": [-12.17757, -2.09274, -20.59958],
							"lerp_mode": "catmullrom"
						},
						"1.4": {
							"post": [-9.75, -2.32, -21.31],
							"lerp_mode": "catmullrom"
						},
						"1.4667": {
							"post": [-10.66477, -2.23004, -20.43371],
							"lerp_mode": "catmullrom"
						},
						"1.5": {
							"post": [-8.56877, -0.42303, -9.60771],
							"lerp_mode": "catmullrom"
						},
						"1.5667": {
							"post": [-11.0932, -0.4255, -16.68604],
							"lerp_mode": "catmullrom"
						},
						"1.6667": {
							"post": [-11.04212, 0.71521, -9.04441],
							"lerp_mode": "catmullrom"
						},
						"1.7667": {
							"post": [-7.45283, -0.53539, -8.27735],
							"lerp_mode": "catmullrom"
						},
						"1.8667": {
							"post": [-0.26433, -1.10299, -9.4432],
							"lerp_mode": "catmullrom"
						},
						"1.9667": {
							"post": [-0.26433, -1.10299, -9.4432],
							"lerp_mode": "catmullrom"
						},
						"2.0667": {
							"post": [0.08242, -0.19876, -2.36596],
							"lerp_mode": "catmullrom"
						},
						"2.1333": {
							"post": [-0.18865, -0.22812, 0.60001],
							"lerp_mode": "catmullrom"
						},
						"2.2": {
							"post": [0.1, 0.3125, -1.5],
							"lerp_mode": "catmullrom"
						},
						"2.2667": {
							"post": [0.41875, 0.3125, 0.775],
							"lerp_mode": "catmullrom"
						},
						"2.4": {
							"post": [0, 0, 0],
							"lerp_mode": "catmullrom"
						}
					},
					"position": {
						"0.0": {
							"post": [0, 0, 0],
							"lerp_mode": "catmullrom"
						},
						"0.0667": {
							"post": [0.025, -0.075, 0],
							"lerp_mode": "catmullrom"
						},
						"0.1667": {
							"post": [-0.58, 0.225, -0.1],
							"lerp_mode": "catmullrom"
						},
						"0.3667": {
							"post": [-0.755, -0.15, 0.55],
							"lerp_mode": "catmullrom"
						},
						"0.5": {
							"post": [-0.805, -0.15, 1.03],
							"lerp_mode": "catmullrom"
						},
						"0.6": {
							"post": [-0.705, -0.275, 1.03],
							"lerp_mode": "catmullrom"
						},
						"0.6667": {
							"post": [-0.53, -0.625, 0.98],
							"lerp_mode": "catmullrom"
						},
						"0.7667": {
							"post": [-0.83, -0.895, 0.98],
							"lerp_mode": "catmullrom"
						},
						"0.9": {
							"post": [-0.84, -0.78, 1.03],
							"lerp_mode": "catmullrom"
						},
						"1.0667": {
							"post": [-0.84, -0.67, 1.16],
							"lerp_mode": "catmullrom"
						},
						"1.3": {
							"post": [-0.825, 0.01, 1.365],
							"lerp_mode": "catmullrom"
						},
						"1.4": {
							"post": [-0.82, -0.07, 1.03],
							"lerp_mode": "catmullrom"
						},
						"1.4667": {
							"post": [-0.815, -0.22, 1.42],
							"lerp_mode": "catmullrom"
						},
						"1.5": {
							"post": [-0.84, -0.62, 1.72],
							"lerp_mode": "catmullrom"
						},
						"1.5667": {
							"post": [-0.8, -0.455, 1.595],
							"lerp_mode": "catmullrom"
						},
						"1.7": {
							"post": [-0.515, -0.52, 1.525],
							"lerp_mode": "catmullrom"
						},
						"1.8": {
							"post": [-0.39, -0.715, 1.425],
							"lerp_mode": "catmullrom"
						},
						"1.8667": {
							"post": [-0.34, -1.66, 0.75],
							"lerp_mode": "catmullrom"
						},
						"1.9667": {
							"post": [-0.34, -1.66, 0.75],
							"lerp_mode": "catmullrom"
						},
						"2.0667": {
							"post": [-0.1, -0.325, -1.125],
							"lerp_mode": "catmullrom"
						},
						"2.2": {
							"post": [0, -0.29375, 0.4875],
							"lerp_mode": "catmullrom"
						},
						"2.2667": {
							"post": [0, -0.0875, -0.06875],
							"lerp_mode": "catmullrom"
						},
						"2.3667": {
							"post": [0, 0, 0.05],
							"lerp_mode": "catmullrom"
						},
						"2.4667": [0, 0, 0]
					}
				},
				"lefthand_and_mag": {
					"rotation": {
						"0.2667": [0, 0, 0],
						"0.3333": [-5, 0, 0],
						"0.5667": [-5, 0, 0],
						"0.7333": [-32.5, 0, 0],
						"1.2333": [-32.5, 0, 0],
						"1.3333": {
							"pre": [-32.5, 0, 0],
							"post": [-32.5, 0, 0],
							"lerp_mode": "catmullrom"
						},
						"1.4333": {
							"post": [-42.5, 0, 0],
							"lerp_mode": "catmullrom"
						},
						"1.5": [0, 0, 0]
					},
					"position": {
						"0.5667": [0, 0, 0],
						"0.8333": [0, -17, 9],
						"1.1667": [0, -23, 2],
						"1.3333": [0, 0, 0],
						"1.4333": [0, 0, 0],
						"1.5": [0, 0, 0]
					}
				},
				"lefthand": {
					"rotation": {
						"0.0": [100.36601, 316.5798, -142.78527],
						"0.1": [98.37484, 333.85251, -139.33302],
						"0.1667": [114.95184, 348.3805, -187.46208],
						"0.2667": [114.95184, 348.3805, -187.46208],
						"0.3333": [103.92604, 331.33327, -191.69715],
						"0.5667": [64.3599, 340.84066, -108.72488],
						"1.7333": [64.3599, 340.84066, -108.72488],
						"1.9": [100.36601, 316.5798, -142.78527]
					},
					"position": {
						"0.0": [7.775, -13, -3],
						"0.1": [7.78, -16, -3],
						"0.1667": [7.78, -15, 3],
						"0.2667": [7.78, -15, 3],
						"0.3333": [7.78, -15, 2.29],
						"0.4333": [7.78, -18, 2.29],
						"0.5667": [7.78, -14, -1.71],
						"1.7333": [7.78, -14, -1.71],
						"1.9": [7.775, -13, -3]
					},
					"scale": [1, 1.5, 1]
				},
				"additional_magazine": {
					"scale": 0
				},
				"constraint": {
					"rotation": [0.2, 0.2, 0.1],
					"position": [0.2, 0.2, 0.3]
				},
				"righthand": {
					"rotation": [95.04292, 367.4713, 180.6574],
					"position": [-7, -14.275, 7],
					"scale": [1, 1.5, 1]
				},
				"camera": {
					"rotation": {
						"0.0": {
							"post": [0, 0, 0],
							"lerp_mode": "catmullrom"
						},
						"0.2": {
							"post": [0.425, 0.325, -0.8],
							"lerp_mode": "catmullrom"
						},
						"0.3": {
							"post": [0.19, 0.325, -1.2],
							"lerp_mode": "catmullrom"
						},
						"0.5667": {
							"post": [0.89, 0.33, -1.23],
							"lerp_mode": "catmullrom"
						},
						"0.6333": {
							"post": [1.795, 0.33, -0.595],
							"lerp_mode": "catmullrom"
						},
						"0.7667": {
							"post": [1.43, 0.31, -0.88],
							"lerp_mode": "catmullrom"
						},
						"0.8333": {
							"post": [1.24, 0.28, -1.24],
							"lerp_mode": "catmullrom"
						},
						"1.0333": {
							"post": [1.46, 0.25, -1.1],
							"lerp_mode": "catmullrom"
						},
						"1.3333": {
							"post": [0.465, 0.25, -1.1],
							"lerp_mode": "catmullrom"
						},
						"1.4667": {
							"post": [0.71, 0.25, -1.1],
							"lerp_mode": "catmullrom"
						},
						"1.5333": {
							"post": [1.46, 0.25, -0.375],
							"lerp_mode": "catmullrom"
						},
						"1.6": {
							"post": [0.755, 0.25, -1.485],
							"lerp_mode": "catmullrom"
						},
						"1.6333": {
							"post": [0.965, 0.25, -0.925],
							"lerp_mode": "catmullrom"
						},
						"1.7667": {
							"post": [0.28, 0.24, -1.11],
							"lerp_mode": "catmullrom"
						},
						"1.9333": {
							"post": [-0.56, 0.2, -1],
							"lerp_mode": "catmullrom"
						},
						"2.1333": {
							"post": [0.325, 0, 0.3],
							"lerp_mode": "catmullrom"
						},
						"2.2333": {
							"post": [-0.225, 0, -0.15],
							"lerp_mode": "catmullrom"
						},
						"2.3333": {
							"post": [0.075, 0, 0.1],
							"lerp_mode": "catmullrom"
						},
						"2.4333": {
							"post": [0, 0, 0],
							"lerp_mode": "catmullrom"
						}
					}
				}
			},
			"sound_effects": {
				"0.1333": {
					"effect": "tacz:vector/victor_reload_empty_fast_drum_hit"
				},
				"0.5333": {
					"effect": "tacz:sks/sks_reload_raise"
				},
				"1.4": {
					"effect": "tacz:vector/victor_reload_magin"
				},
				"1.7667": {
					"effect": "tacz:scar_l/p05_ar_schotel_inspect_rotate"
				}
			}
		},
		"reload_empty": {
			"animation_length": 3.3333,
			"bones": {
				"root": {
					"rotation": {
						"0.0": {
							"post": [0, 0, 0],
							"lerp_mode": "catmullrom"
						},
						"0.1333": {
							"post": [-6.36488, -0.24302, -15.67905],
							"lerp_mode": "catmullrom"
						},
						"0.2667": {
							"post": [-7.12854, -1.2661, -14.0033],
							"lerp_mode": "catmullrom"
						},
						"0.4333": {
							"post": [-6.75283, -1.67657, -15.50961],
							"lerp_mode": "catmullrom"
						},
						"0.5333": {
							"post": [-7.10809, -1.83692, -19.87223],
							"lerp_mode": "catmullrom"
						},
						"0.6": {
							"post": [-5.23381, -1.14011, -11.85078],
							"lerp_mode": "catmullrom"
						},
						"0.6667": {
							"post": [-4.45725, -1.9431, -18.02724],
							"lerp_mode": "catmullrom"
						},
						"0.8": {
							"post": [-7.95737, -0.34861, -11.38843],
							"lerp_mode": "catmullrom"
						},
						"1.0667": {
							"post": [-10.89759, -2.05396, -18.31007],
							"lerp_mode": "catmullrom"
						},
						"1.2": {
							"post": [-11.25, -1.71, -21.245],
							"lerp_mode": "catmullrom"
						},
						"1.3": {
							"post": [-11.24995, -2.39484, -22.8925],
							"lerp_mode": "catmullrom"
						},
						"1.4": {
							"post": [-8.33978, -0.75965, -13.3346],
							"lerp_mode": "catmullrom"
						},
						"1.4667": {
							"post": [-8.16038, -1.54732, -17.42649],
							"lerp_mode": "catmullrom"
						},
						"1.5667": {
							"post": [-10.82814, -0.54653, -14.25739],
							"lerp_mode": "catmullrom"
						},
						"1.7": {
							"post": [-6.5093, 0.6993, -11.32246],
							"lerp_mode": "catmullrom"
						},
						"1.8667": {
							"post": [-11.75415, -4.76828, 6.3371],
							"lerp_mode": "catmullrom"
						},
						"1.9667": {
							"post": [-7.765, -7.57, 8.88],
							"lerp_mode": "catmullrom"
						},
						"2.1333": {
							"post": [-8.84007, -6.40354, 9.93287],
							"lerp_mode": "catmullrom"
						},
						"2.2333": {
							"post": [-8.09478, -10.12929, 2.56626],
							"lerp_mode": "catmullrom"
						},
						"2.3": {
							"post": [-8.26304, -10.83854, 4.45922],
							"lerp_mode": "catmullrom"
						},
						"2.3333": {
							"post": [-8.49171, -7.41398, 9.55469],
							"lerp_mode": "catmullrom"
						},
						"2.4": {
							"post": [-7.265, -5.8, 7.225],
							"lerp_mode": "catmullrom"
						},
						"2.5": {
							"post": [-8.9418, -5.99931, 9.44808],
							"lerp_mode": "catmullrom"
						},
						"2.6": {
							"post": [-4.68649, -6.18086, 6.18938],
							"lerp_mode": "catmullrom"
						},
						"2.7": {
							"post": [-2.09003, -3.92983, 5.63078],
							"lerp_mode": "catmullrom"
						},
						"2.8333": {
							"post": [-2.95254, -1.17612, -4.88863],
							"lerp_mode": "catmullrom"
						},
						"2.9333": {
							"post": [-1.27185, 1.22333, -2.32728],
							"lerp_mode": "catmullrom"
						},
						"3.0": {
							"post": [0.54156, -0.10069, -0.24997],
							"lerp_mode": "catmullrom"
						},
						"3.0667": {
							"post": [0.84472, 0.25762, 2.475],
							"lerp_mode": "catmullrom"
						},
						"3.1333": {
							"post": [0, 0, 0],
							"lerp_mode": "catmullrom"
						}
					},
					"position": {
						"0.0": {
							"post": [0, 0, 0],
							"lerp_mode": "catmullrom"
						},
						"0.1333": {
							"post": [-1.005, -0.35, -0.15],
							"lerp_mode": "catmullrom"
						},
						"0.2667": {
							"post": [-1.205, -0.575, 0.405],
							"lerp_mode": "catmullrom"
						},
						"0.3667": {
							"post": [-1.005, -0.5, 0.33],
							"lerp_mode": "catmullrom"
						},
						"0.4667": {
							"post": [-1.03, -0.55, 0.33],
							"lerp_mode": "catmullrom"
						},
						"0.5333": {
							"post": [-0.755, -1.45, 0.28],
							"lerp_mode": "catmullrom"
						},
						"0.6333": {
							"post": [-1.105, -1.67, 0.28],
							"lerp_mode": "catmullrom"
						},
						"0.8": {
							"post": [-1.29, -1.03, 0.33],
							"lerp_mode": "catmullrom"
						},
						"1.0667": {
							"post": [-1.365, -1.11, 0.62],
							"lerp_mode": "catmullrom"
						},
						"1.3": {
							"post": [-1.415, -0.715, 0.62],
							"lerp_mode": "catmullrom"
						},
						"1.4": {
							"post": [-1.135, -1.31, 0.82],
							"lerp_mode": "catmullrom"
						},
						"1.5": {
							"post": [-1.365, -1.295, 0.95],
							"lerp_mode": "catmullrom"
						},
						"1.6333": {
							"post": [-1.365, -1.54, 1],
							"lerp_mode": "catmullrom"
						},
						"1.7667": {
							"post": [-1.33, -2.6, 1.15],
							"lerp_mode": "catmullrom"
						},
						"1.8667": {
							"post": [-0.13, -2.15, 1.51],
							"lerp_mode": "catmullrom"
						},
						"1.9333": {
							"post": [0.385, -1.62, 1.75],
							"lerp_mode": "catmullrom"
						},
						"2.0667": {
							"post": [0.405, -1.27, 1.76],
							"lerp_mode": "catmullrom"
						},
						"2.1667": {
							"post": [0.415, -2.305, 1.78],
							"lerp_mode": "catmullrom"
						},
						"2.2667": {
							"post": [0.415, -2.485, 1.79],
							"lerp_mode": "catmullrom"
						},
						"2.3333": {
							"post": [0.415, -1.915, 1.8],
							"lerp_mode": "catmullrom"
						},
						"2.3667": {
							"post": [0.285, -2.27, 1.75],
							"lerp_mode": "catmullrom"
						},
						"2.5333": {
							"post": [0.285, -3.07, 1.75],
							"lerp_mode": "catmullrom"
						},
						"2.7": {
							"post": [-0.09, -1.65, 0.935],
							"lerp_mode": "catmullrom"
						},
						"2.8333": {
							"post": [-0.06, 0.355, -0.76],
							"lerp_mode": "catmullrom"
						},
						"2.9333": {
							"post": [0.01, 0.55, -0.8],
							"lerp_mode": "catmullrom"
						},
						"3.0": {
							"post": [0.06, -0.52, -0.03],
							"lerp_mode": "catmullrom"
						},
						"3.0667": {
							"post": [0, -0.15, 0.675],
							"lerp_mode": "catmullrom"
						},
						"3.1333": {
							"post": [0, 0, 0],
							"lerp_mode": "catmullrom"
						}
					}
				},
				"lefthand_and_mag": {
					"rotation": {
						"0.0": {
							"post": [0, 0, 0],
							"lerp_mode": "catmullrom"
						},
						"0.1": {
							"post": [-0.01, -0.01, 0.23],
							"lerp_mode": "catmullrom"
						},
						"0.2333": {
							"post": [-2.5874, -18.65917, -39.03365],
							"lerp_mode": "catmullrom"
						},
						"0.3667": {
							"post": [-57.2341, -35.29241, -14.44453],
							"lerp_mode": "catmullrom"
						},
						"0.5667": {
							"post": [-20.57827, 12.54613, -16.52972],
							"lerp_mode": "catmullrom"
						},
						"0.8333": {
							"post": [-36.85816, 53.10935, -40.98803],
							"lerp_mode": "catmullrom"
						},
						"1.0": {
							"post": [-28.91868, 4.1819, -48.38004],
							"lerp_mode": "catmullrom"
						},
						"1.1667": {
							"post": [-32.27331, -6.7355, -12.30175],
							"lerp_mode": "catmullrom"
						},
						"1.2667": [-27.5, 0, 0],
						"1.3667": [-35, 0, 0],
						"1.4": [0, 0, 0],
						"1.5": [0, 0, 0]
					},
					"position": {
						"0.0": {
							"post": [0, 0, 0],
							"lerp_mode": "catmullrom"
						},
						"0.1": {
							"post": [1.97, 0.06, -0.03],
							"lerp_mode": "catmullrom"
						},
						"0.1667": {
							"post": [5.69, 0.18, 24.9],
							"lerp_mode": "catmullrom"
						},
						"0.2333": {
							"post": [5.23, 0.33, 23.65],
							"lerp_mode": "catmullrom"
						},
						"0.3667": {
							"post": [4.6, 4.29, 14.15],
							"lerp_mode": "catmullrom"
						},
						"0.4333": {
							"post": [2.56, 1.13, 13.51],
							"lerp_mode": "catmullrom"
						},
						"0.4667": {
							"post": [2.56, 1.13, 13.51],
							"lerp_mode": "catmullrom"
						},
						"0.5667": {
							"post": [2.66, -4.295, 12.87],
							"lerp_mode": "catmullrom"
						},
						"0.7": {
							"post": [2.71, -6.79, 13.33],
							"lerp_mode": "catmullrom"
						},
						"0.8667": {
							"post": [2.66, -4.295, 12.87],
							"lerp_mode": "catmullrom"
						},
						"1.0333": {
							"post": [1.8255, -2.14327, 3.75264],
							"lerp_mode": "catmullrom"
						},
						"1.1667": {
							"post": [0.75661, 0.28969, 3.38393],
							"lerp_mode": "catmullrom"
						},
						"1.2667": [0, 0, 0],
						"1.3667": [0, 0, 0],
						"1.4": [0, 0, 0],
						"1.5": [0, 0, 0]
					}
				},
				"mag_and_bullet": {
					"scale": {
						"0.2333": [0, 0, 0],
						"0.2667": [1, 1, 1]
					}
				},
				"lefthand": {
					"rotation": {
						"0.0": [100.36601, 316.5798, -142.78527],
						"0.0333": [100.36601, 316.5798, -142.78527],
						"0.1667": [112.59014, 359.11105, -202.40769],
						"0.2667": [115.27176, 366.47125, -197.18811],
						"0.3667": [115.27, 366.47, -197.19],
						"1.0667": [115.27, 366.47, -197.19],
						"1.5333": [115.27, 366.47, -197.19],
						"1.7": [100.36601, 316.5798, -142.78527]
					},
					"position": {
						"0.0": [7.775, -13, -3],
						"0.0333": [7.775, -13, -6],
						"0.1333": [8.66, -15.165, -2.18],
						"0.2667": [6.86681, -14.15031, 0.77419],
						"0.3667": [6.66536, -13.40092, -0.3775],
						"1.0667": [6.66536, -14.40092, -0.3775],
						"1.5333": [6.66036, -14.40092, -0.3775],
						"1.7": [7.775, -13, -3]
					},
					"scale": [1, 1.5, 1]
				},
				"magrelease": {
					"rotation": {
						"0.2": [0, 0, 0],
						"0.3667": [-20, 0, 0],
						"0.5333": [-20, 0, 0],
						"0.6": [0, 0, 0],
						"1.3667": [0, 0, 0],
						"1.4": [-20, 0, 0],
						"1.4667": [0, 0, 0]
					}
				},
				"bolt": {
					"position": {
						"2.0": [0, 0, 0],
						"2.1333": [0, 0, 5.55],
						"2.2333": [0, 0, 5.55],
						"2.3": [0, 0, 0]
					}
				},
				"bullet_in_barrel": {
					"scale": {
						"2.1667": [0, 0, 0],
						"2.2": [1, 1, 1]
					}
				},
				"additional_magazine": {
					"rotation": {
						"0.4": [0, 0, 0],
						"0.4667": {
							"pre": [-17.5, 0, 0],
							"post": [-17.5, 0, 0],
							"lerp_mode": "catmullrom"
						},
						"0.5333": {
							"post": [-42.5, 0, 0],
							"lerp_mode": "catmullrom"
						},
						"0.6": {
							"post": [-65.86313, -1.87691, -13.16818],
							"lerp_mode": "catmullrom"
						},
						"0.7": {
							"post": [-91.48081, 14.06173, -37.44567],
							"lerp_mode": "catmullrom"
						},
						"0.9667": {
							"post": [-199.31626, 16.10734, -35.41906],
							"lerp_mode": "catmullrom"
						},
						"1.0333": {
							"post": [-19.49529, 26.19787, -19.02592],
							"lerp_mode": "catmullrom"
						},
						"1.1": {
							"post": [-19.49529, 26.19787, -19.02592],
							"lerp_mode": "catmullrom"
						},
						"1.2333": {
							"post": [-19.49529, 26.19787, -19.02592],
							"lerp_mode": "catmullrom"
						},
						"1.2667": [0, 0, 0]
					},
					"position": {
						"0.4": [0, 0, 0],
						"0.4667": {
							"pre": [0, 0, 0],
							"post": [0, 0, 0],
							"lerp_mode": "catmullrom"
						},
						"0.5333": {
							"post": [0, 0, 0],
							"lerp_mode": "catmullrom"
						},
						"0.6": {
							"post": [0.31766, -3.90778, 1.26948],
							"lerp_mode": "catmullrom"
						},
						"0.7": {
							"post": [-0.4949, -12.68328, 6.59168],
							"lerp_mode": "catmullrom"
						},
						"0.9667": {
							"post": [6.35, -31.91, -2.67],
							"lerp_mode": "catmullrom"
						},
						"1.0333": {
							"post": [8.695, -20.95, 12.91],
							"lerp_mode": "catmullrom"
						},
						"1.1": {
							"post": [8.695, -20.95, 12.91],
							"lerp_mode": "catmullrom"
						},
						"1.2333": {
							"post": [8.695, -20.95, 12.91],
							"lerp_mode": "catmullrom"
						},
						"1.2667": [0, 0, 0]
					},
					"scale": {
						"0.0": [1, 1, 1],
						"0.9333": {
							"pre": [1, 1, 1],
							"post": [0, 0, 0]
						},
						"1.4": {
							"pre": [0, 0, 0],
							"post": [1, 1, 1]
						}
					}
				},
				"constraint": {
					"rotation": {
						"2.9667": [0.1, 0.1, 0.1],
						"3.3333": [0.2, 0.2, 0.1]
					},
					"position": {
						"2.9667": [0.05, 0.1, 0.1],
						"3.3333": [0.2, 0.2, 0.3]
					}
				},
				"righthand": {
					"rotation": {
						"0.0": [95.04292, 367.4713, 180.6574],
						"1.8": [95.04, 367.47, 180.66],
						"2.0": [108.5922, 347.81416, 258.11891],
						"2.0667": [97.35129, 355.66951, 272.61968],
						"2.1333": [110.8578, 325.95337, 268.19137],
						"2.2333": [110.8578, 325.95337, 268.19137],
						"2.3": [129.09464, 356.0725, 217.24724],
						"2.4333": [95.04, 367.47, 180.66]
					},
					"position": {
						"0.0": [-7, -14.275, 7],
						"1.8": [-7, -14.27, 7],
						"1.9": [-10.66, -11.47, 1.165],
						"2.0": [-8.45445, -10.20214, 0.2131],
						"2.0667": [-8.39718, -10.26291, 1.08048],
						"2.1333": [-8.90694, -9.68456, 6.60891],
						"2.2333": [-9.13, -9.99, 4.645],
						"2.3": [-10.38, -12.29, 7.225],
						"2.4333": [-7, -14.27, 7]
					},
					"scale": [1, 1.5, 1]
				},
				"camera": {
					"rotation": {
						"0.0": {
							"post": [0, 0, 0],
							"lerp_mode": "catmullrom"
						},
						"0.2": {
							"post": [1.5, 0.125, -0.475],
							"lerp_mode": "catmullrom"
						},
						"0.4667": {
							"post": [1.53, 0.2, -0.65],
							"lerp_mode": "catmullrom"
						},
						"0.5333": {
							"post": [2.325, 0.075, 0.19],
							"lerp_mode": "catmullrom"
						},
						"0.6333": {
							"post": [2.055, -0.075, -1.25],
							"lerp_mode": "catmullrom"
						},
						"0.7333": {
							"post": [2.655, -0.05, -0.325],
							"lerp_mode": "catmullrom"
						},
						"0.8": {
							"post": [2.645, 0.1, -0.65],
							"lerp_mode": "catmullrom"
						},
						"0.9667": {
							"post": [2.35, 0.2, -0.5],
							"lerp_mode": "catmullrom"
						},
						"1.0667": {
							"post": [0.255, 0.2, -1.125],
							"lerp_mode": "catmullrom"
						},
						"1.1667": {
							"post": [0.655, 0.2, -1.075],
							"lerp_mode": "catmullrom"
						},
						"1.3333": {
							"post": [0.85, 0.2, -0.925],
							"lerp_mode": "catmullrom"
						},
						"1.4333": {
							"post": [0.455, 0.23, -1.465],
							"lerp_mode": "catmullrom"
						},
						"1.5333": {
							"post": [1.9, 0.2, -0.5],
							"lerp_mode": "catmullrom"
						},
						"1.7": {
							"post": [2.59, 0.03, -0.215],
							"lerp_mode": "catmullrom"
						},
						"1.8667": {
							"post": [3.125, -0.15, 0.55],
							"lerp_mode": "catmullrom"
						},
						"2.1667": {
							"post": [3.07, -0.22, 1.31],
							"lerp_mode": "catmullrom"
						},
						"2.2333": {
							"post": [2.105, -0.22, 0.075],
							"lerp_mode": "catmullrom"
						},
						"2.3": {
							"post": [3.42, -0.22, 1.515],
							"lerp_mode": "catmullrom"
						},
						"2.4": {
							"post": [2.355, -0.23, -0.12],
							"lerp_mode": "catmullrom"
						},
						"2.5333": {
							"post": [3.225, -0.24, 0.985],
							"lerp_mode": "catmullrom"
						},
						"2.7": {
							"post": [2.73, -0.225, 0.475],
							"lerp_mode": "catmullrom"
						},
						"2.9667": {
							"post": [-0.6, 0, -0.35],
							"lerp_mode": "catmullrom"
						},
						"3.0667": {
							"post": [0.275, 0, 0.3],
							"lerp_mode": "catmullrom"
						},
						"3.1333": {
							"post": [0, 0, 0],
							"lerp_mode": "catmullrom"
						}
					}
				}
			},
			"sound_effects": {
				"0.2667": {
					"effect": "tacz:vector/victor_reload_empty_fast_drum_hit"
				},
				"0.8667": {
					"effect": "tacz:sks/sks_reload_raise"
				},
				"1.3333": {
					"effect": "tacz:vector/victor_reload_magin"
				},
				"1.7333": {
					"effect": "tacz:scar_l/p05_ar_schotel_inspect_rotate"
				},
				"2.2667": {
					"effect": "tacz:sks/sks_reload_empty_fast_charge"
				}
			}
		},
		"inspect": {
			"animation_length": 8.3,
			"bones": {
				"root": {
					"rotation": {
						"0.0": [0, 0, 0],
						"0.1667": {
							"pre": [-3.95432, -0.35524, -7.5593],
							"post": [-3.95432, -0.35524, -7.5593],
							"lerp_mode": "catmullrom"
						},
						"0.3667": {
							"post": [-18.77487, -14.73938, -42.6554],
							"lerp_mode": "catmullrom"
						},
						"0.6333": {
							"post": [-21.52657, -15.87239, -40.05886],
							"lerp_mode": "catmullrom"
						},
						"0.7667": {
							"post": [-20.25861, -16.23715, -41.02775],
							"lerp_mode": "catmullrom"
						},
						"1.0667": {
							"post": [-20.53075, -15.90496, -40.04584],
							"lerp_mode": "catmullrom"
						},
						"1.2333": {
							"post": [-20.31, -15.97, -40.25],
							"lerp_mode": "catmullrom"
						},
						"1.3333": {
							"post": [-19.50129, -18.05893, -44.38906],
							"lerp_mode": "catmullrom"
						},
						"1.4667": {
							"post": [-19.4, -17.79, -43.96],
							"lerp_mode": "catmullrom"
						},
						"1.8": {
							"post": [-19.4, -17.79, -43.96],
							"lerp_mode": "catmullrom"
						},
						"1.9667": {
							"post": [-15.98698, -18.90273, -47.17888],
							"lerp_mode": "catmullrom"
						},
						"2.1667": [-21.03635, -12.51673, -24.54773],
						"2.2333": [-21.68509, -14.72379, -30.29289],
						"2.3333": {
							"pre": [-23.93272, -16.03986, -33.0996],
							"post": [-23.93272, -16.03986, -33.0996],
							"lerp_mode": "catmullrom"
						},
						"2.3667": {
							"post": [-23.93272, -16.03986, -33.0996],
							"lerp_mode": "catmullrom"
						},
						"2.4": {
							"post": [-23.81561, -18.75152, -38.32369],
							"lerp_mode": "catmullrom"
						},
						"2.5333": {
							"post": [-26.69287, -14.89123, -34.22797],
							"lerp_mode": "catmullrom"
						},
						"2.6333": {
							"post": [-25.15112, -14.84361, -35.22725],
							"lerp_mode": "catmullrom"
						},
						"2.7667": {
							"post": [-25.65312, -11.93302, -33.22913],
							"lerp_mode": "catmullrom"
						},
						"2.9667": {
							"post": [-26.01609, -11.05842, -29.41804],
							"lerp_mode": "catmullrom"
						},
						"3.2667": {
							"post": [-26.01964, -11.08992, -32.35272],
							"lerp_mode": "catmullrom"
						},
						"3.7333": {
							"post": [-26.1, -10.91, -32.005],
							"lerp_mode": "catmullrom"
						},
						"4.3333": {
							"post": [-25.75645, -10.60384, -32.73238],
							"lerp_mode": "catmullrom"
						},
						"4.4667": {
							"post": [-22.18, -10.23376, -28.68011],
							"lerp_mode": "catmullrom"
						},
						"4.6333": {
							"post": [-21.84032, -16.35295, -42.43734],
							"lerp_mode": "catmullrom"
						},
						"4.7667": {
							"post": [-23.01767, -14.58784, -39.21257],
							"lerp_mode": "catmullrom"
						},
						"4.8667": {
							"post": [-25.01344, -14.55583, -37.22696],
							"lerp_mode": "catmullrom"
						},
						"4.9333": {
							"post": [-20.36166, -9.80986, -25.96993],
							"lerp_mode": "catmullrom"
						},
						"4.9667": {
							"post": [-19.37742, -12.97734, -35.75689],
							"lerp_mode": "catmullrom"
						},
						"5.0333": {
							"post": [-22.53365, -10.5086, -29.93511],
							"lerp_mode": "catmullrom"
						},
						"5.1333": {
							"post": [-22.35954, -11.69417, -32.98666],
							"lerp_mode": "catmullrom"
						},
						"5.3333": {
							"post": [-24.36432, -1.6775, -11.65337],
							"lerp_mode": "catmullrom"
						},
						"5.5333": {
							"post": [-23.46652, 12.24383, 43.25953],
							"lerp_mode": "catmullrom"
						},
						"5.5667": {
							"post": [-25.38254, 14.43725, 52.36102],
							"lerp_mode": "catmullrom"
						},
						"5.7333": {
							"post": [-29.00682, 14.71279, 56.6102],
							"lerp_mode": "catmullrom"
						},
						"5.8333": {
							"post": [-29.89, 14.81, 57.05],
							"lerp_mode": "catmullrom"
						},
						"5.9333": {
							"post": [-31.3227, 15.39962, 56.65147],
							"lerp_mode": "catmullrom"
						},
						"6.1333": {
							"post": [-30.7885, 14.41418, 55.14586],
							"lerp_mode": "catmullrom"
						},
						"6.4333": {
							"post": [-30.6349, 15.48634, 57.33607],
							"lerp_mode": "catmullrom"
						},
						"6.7333": {
							"post": [-31.25052, 14.70508, 55.68418],
							"lerp_mode": "catmullrom"
						},
						"6.8667": {
							"post": [-31.42, 14.31, 55.95],
							"lerp_mode": "catmullrom"
						},
						"6.9333": {
							"post": [-32.27246, 11.64382, 51.59711],
							"lerp_mode": "catmullrom"
						},
						"7.1667": {
							"post": [-26.67396, -0.07821, 27.51275],
							"lerp_mode": "catmullrom"
						},
						"7.3": {
							"post": [-11.69726, 0.58548, 26.88017],
							"lerp_mode": "catmullrom"
						},
						"7.4333": {
							"post": [-4.92613, 0.4648, 9.54116],
							"lerp_mode": "catmullrom"
						},
						"7.6": {
							"post": [-0.48719, -2.12151, -6.94069],
							"lerp_mode": "catmullrom"
						},
						"7.7": {
							"post": [0, 0, -3],
							"lerp_mode": "catmullrom"
						},
						"7.8": [1.07546, -0.05235, 0.39954],
						"7.9": [-0.95, 0, 1.64],
						"8.0333": [0, 0, 0],
						"8.1667": [0, 0, 0]
					},
					"position": {
						"0.0": [0, 0, 0],
						"0.1667": {
							"pre": [-0.3, -0.65, 0],
							"post": [-0.3, -0.65, 0],
							"lerp_mode": "catmullrom"
						},
						"0.3667": {
							"post": [-0.6, 0.8, -0.75],
							"lerp_mode": "catmullrom"
						},
						"0.5": {
							"post": [-0.6, 1.2, -1.35],
							"lerp_mode": "catmullrom"
						},
						"0.6667": {
							"post": [-0.6, 0.835, -1.59],
							"lerp_mode": "catmullrom"
						},
						"0.8667": {
							"post": [-0.6, 0.55, -1.6],
							"lerp_mode": "catmullrom"
						},
						"1.0667": {
							"post": [-0.6, 0.98, -1.6],
							"lerp_mode": "catmullrom"
						},
						"1.3333": {
							"post": [-0.6, 3.105, -1.6],
							"lerp_mode": "catmullrom"
						},
						"1.6333": {
							"post": [-0.6, 3.33, -1.6],
							"lerp_mode": "catmullrom"
						},
						"1.8": {
							"post": [-0.6, 2.7, -1.6],
							"lerp_mode": "catmullrom"
						},
						"1.9667": {
							"post": [-0.45, -0.64, -0.8],
							"lerp_mode": "catmullrom"
						},
						"2.1667": {
							"post": [0.7, -1.3, 2.1],
							"lerp_mode": "catmullrom"
						},
						"2.2333": {
							"post": [0.7, -1.35, 2.1],
							"lerp_mode": "catmullrom"
						},
						"2.3333": {
							"post": [0.7, -1.15, 2.1],
							"lerp_mode": "catmullrom"
						},
						"2.4": {
							"post": [0.575, -0.7, 2.1],
							"lerp_mode": "catmullrom"
						},
						"2.4667": {
							"post": [0.245, -0.46, 2.1],
							"lerp_mode": "catmullrom"
						},
						"2.5667": {
							"post": [-0.05, -0.65, 2.1],
							"lerp_mode": "catmullrom"
						},
						"2.6333": {
							"post": [-0.275, -1.15, 2.1],
							"lerp_mode": "catmullrom"
						},
						"2.7333": {
							"post": [-0.2, -1.6, 2.1],
							"lerp_mode": "catmullrom"
						},
						"2.8667": {
							"post": [-0.125, -1.825, 2.1],
							"lerp_mode": "catmullrom"
						},
						"3.2333": {
							"post": [-0.4, -1.4, 2.1],
							"lerp_mode": "catmullrom"
						},
						"4.3667": {
							"post": [-0.4, -1.5, 2.1],
							"lerp_mode": "catmullrom"
						},
						"4.5333": {
							"post": [-0.21, -1.27, 2.1],
							"lerp_mode": "catmullrom"
						},
						"4.6333": {
							"post": [0.15, -0.9, 2.1],
							"lerp_mode": "catmullrom"
						},
						"4.7333": {
							"post": [0.3, -0.6, 2.1],
							"lerp_mode": "catmullrom"
						},
						"4.8333": {
							"post": [0.3, -0.5, 2.1],
							"lerp_mode": "catmullrom"
						},
						"4.8667": {
							"post": [0.2, -0.5, 2.1],
							"lerp_mode": "catmullrom"
						},
						"4.9667": [0.3, -0.8, 2.1],
						"5.1333": {
							"pre": [0.3, -1.67969, 2.1],
							"post": [0.3, -1.67969, 2.1],
							"lerp_mode": "catmullrom"
						},
						"5.3333": {
							"post": [0.7, -4.11016, 1.5],
							"lerp_mode": "catmullrom"
						},
						"5.5333": [1.425, -3.36328, 0.64141],
						"5.6667": {
							"pre": [1.87422, -2.99297, 0.30938],
							"post": [1.87422, -2.99297, 0.30938],
							"lerp_mode": "catmullrom"
						},
						"5.8333": {
							"post": [2.02656, -3.34531, 0.68047],
							"lerp_mode": "catmullrom"
						},
						"5.9333": {
							"post": [2.02656, -3.96641, 1.22516],
							"lerp_mode": "catmullrom"
						},
						"6.0333": {
							"post": [1.9975, -4.26297, 1.14094],
							"lerp_mode": "catmullrom"
						},
						"6.2667": {
							"post": [1.81, -4.12625, 1.26938],
							"lerp_mode": "catmullrom"
						},
						"6.6333": {
							"post": [1.83, -3.89797, 1.35781],
							"lerp_mode": "catmullrom"
						},
						"6.8667": {
							"post": [1.84, -3.84469, 1.24359],
							"lerp_mode": "catmullrom"
						},
						"6.9333": {
							"post": [1.84, -4.45609, 1.23],
							"lerp_mode": "catmullrom"
						},
						"7.0": {
							"post": [1.84, -4.23719, 1.23359],
							"lerp_mode": "catmullrom"
						},
						"7.1": {
							"post": [1.81, -5.45562, 0.44],
							"lerp_mode": "catmullrom"
						},
						"7.2333": {
							"post": [1.6, -6.10031, -1.06],
							"lerp_mode": "catmullrom"
						},
						"7.3667": {
							"post": [1.08, -4.20469, -4.00109],
							"lerp_mode": "catmullrom"
						},
						"7.5": {
							"post": [0.52, -0.355, -4.04109],
							"lerp_mode": "catmullrom"
						},
						"7.7": {
							"post": [0, -0.3, 0.95],
							"lerp_mode": "catmullrom"
						},
						"7.8333": [0, 0.02, -0.14],
						"7.9667": [0, 0.12, 0.08],
						"8.1333": [0, 0, 0]
					}
				},
				"lefthand_and_mag": {
					"rotation": {
						"2.0667": [0, 0, 0],
						"2.1667": [-5.87378, -0.06978, -1.99878],
						"2.3333": [-5.87378, -0.06978, -1.99878],
						"2.4": {
							"pre": [-30.58598, -4.88201, -7.06163],
							"post": [-30.58598, -4.88201, -7.06163],
							"lerp_mode": "catmullrom"
						},
						"2.5": {
							"post": [-22.54764, -3.15869, -9.15509],
							"lerp_mode": "catmullrom"
						},
						"2.6": {
							"post": [-22.29304, 0.51545, -7.03527],
							"lerp_mode": "catmullrom"
						},
						"2.7667": {
							"post": [-19.88407, 1.3276, -6.41886],
							"lerp_mode": "catmullrom"
						},
						"3.1": {
							"post": [-23.56745, 0.66867, -6.29566],
							"lerp_mode": "catmullrom"
						},
						"3.2": {
							"post": [-23.73884, -4.95119, 7.1523],
							"lerp_mode": "catmullrom"
						},
						"3.3333": {
							"post": [-18.42721, 13.80254, 51.68818],
							"lerp_mode": "catmullrom"
						},
						"3.4333": {
							"post": [11.39392, 23.87067, 73.5731],
							"lerp_mode": "catmullrom"
						},
						"3.6": {
							"post": [10.62198, 24.66829, 69.27027],
							"lerp_mode": "catmullrom"
						},
						"3.7": {
							"post": [10.16633, 24.85041, 68.18683],
							"lerp_mode": "catmullrom"
						},
						"3.8": {
							"post": [9.71201, 25.02264, 67.10375],
							"lerp_mode": "catmullrom"
						},
						"4.1667": [10.8, 25.61, 67.345],
						"4.2667": [11.07064, 24.47878, 61.87432],
						"4.3667": {
							"pre": [2.6316, 9.13844, -19.76362],
							"post": [2.6316, 9.13844, -19.76362],
							"lerp_mode": "catmullrom"
						},
						"4.5": [-9.91205, 0, -26.17873],
						"4.6": [-16.50045, 0, -1.24916],
						"4.6667": [-23.925, 0, 0],
						"4.7": [-24.5, 0, 0],
						"4.7667": [-22.5, 0, 0],
						"4.8": [-25.25, 0, 0],
						"4.8667": [0, 0, 0]
					},
					"position": {
						"2.0667": [0, 0, 0],
						"2.1667": [-0.01361, 0.0707, -0.02381],
						"2.3333": [-0.01968, 0.00699, -0.03261],
						"2.4": {
							"pre": [0.38288, -4.15437, -0.24615],
							"post": [0.38288, -4.15437, -0.24615],
							"lerp_mode": "catmullrom"
						},
						"2.5": {
							"post": [2.60106, -7.37564, -1.50788],
							"lerp_mode": "catmullrom"
						},
						"2.6667": {
							"post": [4.19814, -4.01898, 1.38632],
							"lerp_mode": "catmullrom"
						},
						"2.7667": {
							"post": [4.90996, -1.98517, 2.02353],
							"lerp_mode": "catmullrom"
						},
						"2.9": {
							"post": [5.13462, -1.70756, 1.84998],
							"lerp_mode": "catmullrom"
						},
						"3.1": {
							"post": [4.95, -2.2, 1.9],
							"lerp_mode": "catmullrom"
						},
						"3.2": {
							"post": [4.75, -2.8, 2.4],
							"lerp_mode": "catmullrom"
						},
						"3.3333": {
							"post": [3.61, -3.505, 2.16],
							"lerp_mode": "catmullrom"
						},
						"3.4667": {
							"post": [3.4, -3.725, 1.125],
							"lerp_mode": "catmullrom"
						},
						"3.6": {
							"post": [3.3, -3.425, 0.875],
							"lerp_mode": "catmullrom"
						},
						"3.7": {
							"post": [3.2, -3.425, 0.875],
							"lerp_mode": "catmullrom"
						},
						"3.8": {
							"post": [3.2, -3.425, 0.875],
							"lerp_mode": "catmullrom"
						},
						"4.1667": [3.165, -3.7, 0.775],
						"4.2667": [3.3, -3.85, 0.825],
						"4.3667": {
							"pre": [2.745, -6.63, 0.885],
							"post": [2.745, -6.63, 0.885],
							"lerp_mode": "catmullrom"
						},
						"4.5": [2.35377, -2.61792, 1.99029],
						"4.6": [0.41858, 0, 1.35145],
						"4.6667": [0.1, 0, 0.45494],
						"4.7": [0.0375, 0.00638, 0.01311],
						"4.7667": [0.0375, 0.00638, 0.01311],
						"4.8": [0.0375, 0.00638, 0.01311],
						"4.8667": [0, 0, 0]
					}
				},
				"bullet": {
					"scale": 0
				},
				"lefthand": {
					"rotation": {
						"0.0": [100.36601, 316.5798, -142.78527],
						"0.1667": [120.65263, 300.35672, -200.36724],
						"0.3": [111.55615, 298.47384, -188.40898],
						"1.6667": [111.555, 298.47, -188.405],
						"1.9667": [118.83163, 326.45682, -211.14883],
						"2.0667": [128.08894, 353.56633, -232.1361],
						"2.1667": [137.90708, 352.98359, -229.17653],
						"2.2667": [136.38376, 352.2397, -227.32289],
						"2.3333": [131.92598, 335.01803, -221.25165],
						"2.4": [124.32756, 341.90777, -207.99399],
						"2.5667": [117.49784, 353.33242, -204.26761],
						"2.7": [122.57973, 353.16258, -203.63703],
						"3.0667": [122.57973, 353.16258, -203.63703],
						"3.2": [121.015, 353.92, -204.425],
						"3.3": [121.6483, 350.03872, -193.05026],
						"4.3": [121.6483, 350.03872, -193.05026],
						"4.4": [128.32432, 351.9275, -221.98264],
						"5.1": [128.32432, 351.9275, -221.98264],
						"5.2": [124.115, 332.21, -174.055],
						"5.3": [110.9783, 319.06865, -142.09861],
						"5.7": [81.9783, 319.06865, -142.09861],
						"7.3": [83.9783, 319.06865, -142.09861],
						"7.4333": [100.36601, 316.5798, -142.78527]
					},
					"position": {
						"0.0": [7.775, -13, -3],
						"0.1667": [14.3, -27.8, -3.8],
						"0.3": [9.9, -45.2, 22.9],
						"1.6667": [9.9, -45.2, 22.9],
						"1.9667": [7.18, -13.75, 3.05],
						"2.0667": [7.41199, -13.85569, 1.50189],
						"2.1667": [7.41, -15.86, 1.5],
						"2.2667": [7.41199, -13.85569, -0.49811],
						"2.3333": [7.41199, -13.85569, -0.49811],
						"2.5667": [7.41199, -13.85569, -0.49811],
						"3.2": [7.41199, -13.85569, -0.49811],
						"3.3": [7.41199, -13.85569, -0.49811],
						"4.3": [7.41199, -13.85569, -0.49811],
						"4.4": [8.20189, -14.49262, -0.32792],
						"5.1": [7.41199, -13.85569, -0.49811],
						"5.1667": [7.41199, -13.85569, -0.49811],
						"5.3": [7.775, -13, -3],
						"7.3": [7.775, -13, -4],
						"7.4333": [7.775, -13, -3]
					},
					"scale": [1, 1.5, 1]
				},
				"righthand_and_gun": {
					"rotation": {
						"2.3667": {
							"pre": [0, 0, 0],
							"post": [0, 0, 0],
							"lerp_mode": "catmullrom"
						},
						"2.4667": {
							"post": [0, 0, -6],
							"lerp_mode": "catmullrom"
						},
						"2.6": {
							"post": [0, 0, 1],
							"lerp_mode": "catmullrom"
						},
						"2.8667": {
							"post": [4.25145, 1.49587, 1.11119],
							"lerp_mode": "catmullrom"
						},
						"3.3333": {
							"post": [9.7516, 3.94902, -2.77956],
							"lerp_mode": "catmullrom"
						},
						"3.6667": {
							"post": [11.0016, 3.94902, -2.77956],
							"lerp_mode": "catmullrom"
						},
						"4.3": {
							"post": [8.83657, 0.51786, 5.59603],
							"lerp_mode": "catmullrom"
						},
						"4.7": {
							"post": [0, 0, 0],
							"lerp_mode": "catmullrom"
						}
					},
					"position": {
						"2.3667": {
							"pre": [0, 0, 0],
							"post": [0, 0, 0],
							"lerp_mode": "catmullrom"
						},
						"2.7333": {
							"post": [0, 0, 0],
							"lerp_mode": "catmullrom"
						},
						"3.1": {
							"post": [-0.33567, -0.49419, 0.31421],
							"lerp_mode": "catmullrom"
						},
						"3.6667": {
							"post": [-0.40508, -0.57962, 0.36794],
							"lerp_mode": "catmullrom"
						},
						"4.1667": {
							"post": [-0.13019, -0.20715, 0.12851],
							"lerp_mode": "catmullrom"
						},
						"4.6667": {
							"post": [0, 0, 0],
							"lerp_mode": "catmullrom"
						}
					}
				},
				"bolt": {
					"position": {
						"5.7667": [0, 0, 0],
						"5.9": {
							"pre": [0, 0, 1],
							"post": [0, 0, 1],
							"lerp_mode": "catmullrom"
						},
						"6.0667": {
							"post": [0, 0, 1.25],
							"lerp_mode": "catmullrom"
						},
						"6.3": {
							"post": [0, 0, 1.17],
							"lerp_mode": "catmullrom"
						},
						"6.5667": [0, 0, 1.19938],
						"6.8667": [0, 0, 1],
						"6.9333": {
							"pre": [0, 0, 0],
							"post": [0, 0, 0],
							"lerp_mode": "catmullrom"
						}
					}
				},
				"righthand": {
					"rotation": {
						"0.0": [95.04292, 367.4713, 180.6574],
						"0.1": [95.04292, 367.4713, 180.6574],
						"0.2333": [95.04292, 367.4713, 180.6574],
						"1.9667": [95.04292, 367.4713, 180.6574],
						"2.1": [95.04292, 367.4713, 180.6574],
						"5.4667": [95.04292, 367.4713, 180.6574],
						"5.6667": [76.17064, 380.31866, 67.92926],
						"5.7667": [77.90318, 376.66785, 78.13254],
						"5.8": [79.05642, 378.34388, 85.93755],
						"5.9": {
							"pre": [83.30253, 402.22545, 102.90458],
							"post": [83.30253, 402.22545, 102.90458],
							"lerp_mode": "catmullrom"
						},
						"6.2333": {
							"post": [85.04261, 405.56628, 103.17399],
							"lerp_mode": "catmullrom"
						},
						"6.4667": {
							"post": [84.64494, 403.05678, 104.1009],
							"lerp_mode": "catmullrom"
						},
						"6.8667": [83.30253, 402.22545, 102.90458],
						"6.9333": {
							"pre": [62.2494, 406.43748, 84.52542],
							"post": [62.2494, 406.43748, 84.52542],
							"lerp_mode": "catmullrom"
						},
						"7.1333": [95.04292, 367.4713, 180.6574]
					},
					"position": {
						"0.0": [-7, -14.275, 7],
						"0.1": [-7, -14.275, 7],
						"0.2333": [-8.25, -14.275, 7],
						"1.9667": [-8.25, -14.275, 7],
						"2.1": [-7, -14.275, 7],
						"5.4667": [-7, -14.275, 7],
						"5.5": {
							"pre": [-8.015, -13.35, 5.48],
							"post": [-8.015, -13.35, 5.48],
							"lerp_mode": "catmullrom"
						},
						"5.6": [-8.92141, -12.18, 1.80187],
						"5.6667": [-8.54, -11.675, 0.85],
						"5.7667": [-8.54, -11.525, 0.375],
						"5.8667": {
							"pre": [-8.54, -11.57, 1.8],
							"post": [-8.54, -11.57, 1.8],
							"lerp_mode": "catmullrom"
						},
						"6.1": {
							"post": [-8.54, -11.615, 1.89719],
							"lerp_mode": "catmullrom"
						},
						"6.3333": {
							"post": [-8.54, -11.615, 1.94703],
							"lerp_mode": "catmullrom"
						},
						"6.6": [-8.54, -11.64, 2.08234],
						"6.8667": [-8.54, -11.62859, 1.87266],
						"6.9333": {
							"pre": [-8.54, -11.94, 2.73],
							"post": [-8.54, -11.94, 2.73],
							"lerp_mode": "catmullrom"
						},
						"7.1333": [-7, -14.275, 7]
					},
					"scale": [1, 1.5, 1]
				},
				"camera": {
					"rotation": {
						"0.0": {
							"post": [0, 0, 0],
							"lerp_mode": "catmullrom"
						},
						"0.1667": {
							"post": [1.72, 0.5, -0.45],
							"lerp_mode": "catmullrom"
						},
						"0.3667": {
							"post": [3.175, 0.8, -1.1],
							"lerp_mode": "catmullrom"
						},
						"0.7333": {
							"post": [3.125, 0.8, -1.1],
							"lerp_mode": "catmullrom"
						},
						"0.9333": {
							"post": [3.585, 0.8, -1.1],
							"lerp_mode": "catmullrom"
						},
						"1.1667": {
							"post": [5.295, 1.625, -1.55],
							"lerp_mode": "catmullrom"
						},
						"1.3333": {
							"post": [7.335, 2.7, -1.55],
							"lerp_mode": "catmullrom"
						},
						"1.5667": {
							"post": [8.425, 3.1, -1.55],
							"lerp_mode": "catmullrom"
						},
						"2.0": {
							"post": [2.7, 1.7, -1.55],
							"lerp_mode": "catmullrom"
						},
						"2.1667": {
							"post": [0.9, 0.8, -1.1],
							"lerp_mode": "catmullrom"
						},
						"2.3333": {
							"post": [1, 0.5, -1.1],
							"lerp_mode": "catmullrom"
						},
						"2.4": {
							"post": [1.5, -0.3, 1.2],
							"lerp_mode": "catmullrom"
						},
						"2.5": {
							"post": [0.7, -0.5, -2.95],
							"lerp_mode": "catmullrom"
						},
						"2.6": {
							"post": [0.9, -0.8, -1.1],
							"lerp_mode": "catmullrom"
						},
						"2.8": {
							"post": [2.3, -1.6, -1.55],
							"lerp_mode": "catmullrom"
						},
						"3.0": {
							"post": [3, -2, -1.55],
							"lerp_mode": "catmullrom"
						},
						"3.2": {
							"post": [3.09, -2, -1.55],
							"lerp_mode": "catmullrom"
						},
						"3.4667": {
							"post": [3.2, -4.1, -2.125],
							"lerp_mode": "catmullrom"
						},
						"3.7": {
							"post": [3.11, -4.8, -2.125],
							"lerp_mode": "catmullrom"
						},
						"4.0": {
							"post": [3, -4.8, -2.125],
							"lerp_mode": "catmullrom"
						},
						"4.3": {
							"post": [2.6, -4.5, -2.125],
							"lerp_mode": "catmullrom"
						},
						"4.5667": {
							"post": [0.8, 0.2, -2],
							"lerp_mode": "catmullrom"
						},
						"4.8": {
							"post": [0.4, 0.8, -1.55],
							"lerp_mode": "catmullrom"
						},
						"4.8667": {
							"post": [1.5, 0.8, 0.02344],
							"lerp_mode": "catmullrom"
						},
						"4.9667": {
							"post": [0.7, 0.8, -2.32578],
							"lerp_mode": "catmullrom"
						},
						"5.0667": {
							"post": [1.1, 0.8, -1.2],
							"lerp_mode": "catmullrom"
						},
						"5.2": {
							"post": [1.3, 0, -1.55],
							"lerp_mode": "catmullrom"
						},
						"5.5": {
							"post": [3.1, -0.4, -1.55],
							"lerp_mode": "catmullrom"
						},
						"5.7667": {
							"post": [3.5, -0.5, -1.55],
							"lerp_mode": "catmullrom"
						},
						"5.8667": {
							"post": [4.71, -0.5, -1.52],
							"lerp_mode": "catmullrom"
						},
						"6.0": {
							"post": [3.79, -0.49, -1.47],
							"lerp_mode": "catmullrom"
						},
						"6.2667": {
							"post": [4.22, -0.46, -1.35],
							"lerp_mode": "catmullrom"
						},
						"6.7": {
							"post": [3.85, -0.4, -1.1],
							"lerp_mode": "catmullrom"
						},
						"6.8": {
							"post": [3.27031, -0.41, -1.06],
							"lerp_mode": "catmullrom"
						},
						"6.8667": {
							"post": [3.72688, -0.42, -0.43672],
							"lerp_mode": "catmullrom"
						},
						"6.9667": {
							"post": [2.48891, -0.43, -1.10766],
							"lerp_mode": "catmullrom"
						},
						"7.1": {
							"post": [2.37781, -0.43, -0.99],
							"lerp_mode": "catmullrom"
						},
						"7.2667": {
							"post": [2.54953, -0.40234, -0.88672],
							"lerp_mode": "catmullrom"
						},
						"7.3667": {
							"post": [2.92234, -0.25734, 0.51859],
							"lerp_mode": "catmullrom"
						},
						"7.4667": {
							"post": [1.97109, -0.1775, 0.57359],
							"lerp_mode": "catmullrom"
						},
						"7.6667": {
							"post": [0.03, 0, 0],
							"lerp_mode": "catmullrom"
						},
						"7.7": {
							"post": [-0.15, 0, 1.6],
							"lerp_mode": "catmullrom"
						},
						"7.8": {
							"post": [0.05, 0, -0.63984],
							"lerp_mode": "catmullrom"
						},
						"7.9667": {
							"post": [0, 0, 0.09375],
							"lerp_mode": "catmullrom"
						},
						"8.2": {
							"post": [0, 0, 0],
							"lerp_mode": "catmullrom"
						}
					}
				},
				"additional_magazine": {
					"scale": 0
				}
			},
			"sound_effects": {
				"0.1333": {
					"effect": "tacz:type_81/type_81_reload_raise_quick_up"
				},
				"2.1667": {
					"effect": "tacz:type_81/type_81_reload_fast_magout"
				},
				"4.8": {
					"effect": "tacz:type_81/type_81_inspect_smag_magin"
				},
				"5.7667": {
					"effect": "tacz:type_81/type_81_inspect_smag_pull"
				},
				"6.8667": {
					"effect": "tacz:type_81/type_81_inspect_smag_release"
				}
			}
		},
		"inspect_empty": {
			"animation_length": 8.3,
			"bones": {
				"root": {
					"rotation": {
						"0.0": [0, 0, 0],
						"0.1667": {
							"pre": [-3.95432, -0.35524, -7.5593],
							"post": [-3.95432, -0.35524, -7.5593],
							"lerp_mode": "catmullrom"
						},
						"0.3667": {
							"post": [-18.77487, -14.73938, -42.6554],
							"lerp_mode": "catmullrom"
						},
						"0.6333": {
							"post": [-21.52657, -15.87239, -40.05886],
							"lerp_mode": "catmullrom"
						},
						"0.7667": {
							"post": [-20.25861, -16.23715, -41.02775],
							"lerp_mode": "catmullrom"
						},
						"1.0667": {
							"post": [-20.53075, -15.90496, -40.04584],
							"lerp_mode": "catmullrom"
						},
						"1.2333": {
							"post": [-20.31, -15.97, -40.25],
							"lerp_mode": "catmullrom"
						},
						"1.3333": {
							"post": [-19.50129, -18.05893, -44.38906],
							"lerp_mode": "catmullrom"
						},
						"1.4667": {
							"post": [-19.4, -17.79, -43.96],
							"lerp_mode": "catmullrom"
						},
						"1.8": {
							"post": [-19.4, -17.79, -43.96],
							"lerp_mode": "catmullrom"
						},
						"1.9667": {
							"post": [-15.98698, -18.90273, -47.17888],
							"lerp_mode": "catmullrom"
						},
						"2.1667": [-21.03635, -12.51673, -24.54773],
						"2.2333": [-21.68509, -14.72379, -30.29289],
						"2.3333": {
							"pre": [-23.93272, -16.03986, -33.0996],
							"post": [-23.93272, -16.03986, -33.0996],
							"lerp_mode": "catmullrom"
						},
						"2.3667": {
							"post": [-23.93272, -16.03986, -33.0996],
							"lerp_mode": "catmullrom"
						},
						"2.4": {
							"post": [-23.81561, -18.75152, -38.32369],
							"lerp_mode": "catmullrom"
						},
						"2.5333": {
							"post": [-26.69287, -14.89123, -34.22797],
							"lerp_mode": "catmullrom"
						},
						"2.6333": {
							"post": [-25.15112, -14.84361, -35.22725],
							"lerp_mode": "catmullrom"
						},
						"2.7667": {
							"post": [-25.65312, -11.93302, -33.22913],
							"lerp_mode": "catmullrom"
						},
						"2.9667": {
							"post": [-26.01609, -11.05842, -29.41804],
							"lerp_mode": "catmullrom"
						},
						"3.2667": {
							"post": [-26.01964, -11.08992, -32.35272],
							"lerp_mode": "catmullrom"
						},
						"3.7333": {
							"post": [-26.1, -10.91, -32.005],
							"lerp_mode": "catmullrom"
						},
						"4.3333": {
							"post": [-25.75645, -10.60384, -32.73238],
							"lerp_mode": "catmullrom"
						},
						"4.4667": {
							"post": [-22.18, -10.23376, -28.68011],
							"lerp_mode": "catmullrom"
						},
						"4.6333": {
							"post": [-21.84032, -16.35295, -42.43734],
							"lerp_mode": "catmullrom"
						},
						"4.7667": {
							"post": [-23.01767, -14.58784, -39.21257],
							"lerp_mode": "catmullrom"
						},
						"4.8667": {
							"post": [-25.01344, -14.55583, -37.22696],
							"lerp_mode": "catmullrom"
						},
						"4.9333": {
							"post": [-20.36166, -9.80986, -25.96993],
							"lerp_mode": "catmullrom"
						},
						"4.9667": {
							"post": [-19.37742, -12.97734, -35.75689],
							"lerp_mode": "catmullrom"
						},
						"5.0333": {
							"post": [-22.53365, -10.5086, -29.93511],
							"lerp_mode": "catmullrom"
						},
						"5.1333": {
							"post": [-22.35954, -11.69417, -32.98666],
							"lerp_mode": "catmullrom"
						},
						"5.3333": {
							"post": [-24.36432, -1.6775, -11.65337],
							"lerp_mode": "catmullrom"
						},
						"5.5333": {
							"post": [-23.46652, 12.24383, 43.25953],
							"lerp_mode": "catmullrom"
						},
						"5.5667": {
							"post": [-25.38254, 14.43725, 52.36102],
							"lerp_mode": "catmullrom"
						},
						"5.7333": {
							"post": [-29.00682, 14.71279, 56.6102],
							"lerp_mode": "catmullrom"
						},
						"5.8333": {
							"post": [-29.89, 14.81, 57.05],
							"lerp_mode": "catmullrom"
						},
						"5.9333": {
							"post": [-31.3227, 15.39962, 56.65147],
							"lerp_mode": "catmullrom"
						},
						"6.1333": {
							"post": [-30.7885, 14.41418, 55.14586],
							"lerp_mode": "catmullrom"
						},
						"6.4333": {
							"post": [-30.6349, 15.48634, 57.33607],
							"lerp_mode": "catmullrom"
						},
						"6.7333": {
							"post": [-31.25052, 14.70508, 55.68418],
							"lerp_mode": "catmullrom"
						},
						"6.8667": {
							"post": [-31.42, 14.31, 55.95],
							"lerp_mode": "catmullrom"
						},
						"6.9333": {
							"post": [-32.27246, 11.64382, 51.59711],
							"lerp_mode": "catmullrom"
						},
						"7.1667": {
							"post": [-26.67396, -0.07821, 27.51275],
							"lerp_mode": "catmullrom"
						},
						"7.3": {
							"post": [-11.69726, 0.58548, 26.88017],
							"lerp_mode": "catmullrom"
						},
						"7.4333": {
							"post": [-4.92613, 0.4648, 9.54116],
							"lerp_mode": "catmullrom"
						},
						"7.6": {
							"post": [-0.48719, -2.12151, -6.94069],
							"lerp_mode": "catmullrom"
						},
						"7.7": {
							"post": [0, 0, -3],
							"lerp_mode": "catmullrom"
						},
						"7.8": [1.07546, -0.05235, 0.39954],
						"7.9": [-0.95, 0, 1.64],
						"8.0333": [0, 0, 0],
						"8.1667": [0, 0, 0]
					},
					"position": {
						"0.0": [0, 0, 0],
						"0.1667": {
							"pre": [-0.3, -0.65, 0],
							"post": [-0.3, -0.65, 0],
							"lerp_mode": "catmullrom"
						},
						"0.3667": {
							"post": [-0.6, 0.8, -0.75],
							"lerp_mode": "catmullrom"
						},
						"0.5": {
							"post": [-0.6, 1.2, -1.35],
							"lerp_mode": "catmullrom"
						},
						"0.6667": {
							"post": [-0.6, 0.835, -1.59],
							"lerp_mode": "catmullrom"
						},
						"0.8667": {
							"post": [-0.6, 0.55, -1.6],
							"lerp_mode": "catmullrom"
						},
						"1.0667": {
							"post": [-0.6, 0.98, -1.6],
							"lerp_mode": "catmullrom"
						},
						"1.3333": {
							"post": [-0.6, 3.105, -1.6],
							"lerp_mode": "catmullrom"
						},
						"1.6333": {
							"post": [-0.6, 3.33, -1.6],
							"lerp_mode": "catmullrom"
						},
						"1.8": {
							"post": [-0.6, 2.7, -1.6],
							"lerp_mode": "catmullrom"
						},
						"1.9667": {
							"post": [-0.45, -0.64, -0.8],
							"lerp_mode": "catmullrom"
						},
						"2.1667": {
							"post": [0.7, -1.3, 2.1],
							"lerp_mode": "catmullrom"
						},
						"2.2333": {
							"post": [0.7, -1.35, 2.1],
							"lerp_mode": "catmullrom"
						},
						"2.3333": {
							"post": [0.7, -1.15, 2.1],
							"lerp_mode": "catmullrom"
						},
						"2.4": {
							"post": [0.575, -0.7, 2.1],
							"lerp_mode": "catmullrom"
						},
						"2.4667": {
							"post": [0.245, -0.46, 2.1],
							"lerp_mode": "catmullrom"
						},
						"2.5667": {
							"post": [-0.05, -0.65, 2.1],
							"lerp_mode": "catmullrom"
						},
						"2.6333": {
							"post": [-0.275, -1.15, 2.1],
							"lerp_mode": "catmullrom"
						},
						"2.7333": {
							"post": [-0.2, -1.6, 2.1],
							"lerp_mode": "catmullrom"
						},
						"2.8667": {
							"post": [-0.125, -1.825, 2.1],
							"lerp_mode": "catmullrom"
						},
						"3.2333": {
							"post": [-0.4, -1.4, 2.1],
							"lerp_mode": "catmullrom"
						},
						"4.3667": {
							"post": [-0.4, -1.5, 2.1],
							"lerp_mode": "catmullrom"
						},
						"4.5333": {
							"post": [-0.21, -1.27, 2.1],
							"lerp_mode": "catmullrom"
						},
						"4.6333": {
							"post": [0.15, -0.9, 2.1],
							"lerp_mode": "catmullrom"
						},
						"4.7333": {
							"post": [0.3, -0.6, 2.1],
							"lerp_mode": "catmullrom"
						},
						"4.8333": {
							"post": [0.3, -0.5, 2.1],
							"lerp_mode": "catmullrom"
						},
						"4.8667": {
							"post": [0.2, -0.5, 2.1],
							"lerp_mode": "catmullrom"
						},
						"4.9667": [0.3, -0.8, 2.1],
						"5.1333": {
							"pre": [0.3, -1.67969, 2.1],
							"post": [0.3, -1.67969, 2.1],
							"lerp_mode": "catmullrom"
						},
						"5.3333": {
							"post": [0.7, -4.11016, 1.5],
							"lerp_mode": "catmullrom"
						},
						"5.5333": [1.425, -3.36328, 0.64141],
						"5.6667": {
							"pre": [1.87422, -2.99297, 0.30938],
							"post": [1.87422, -2.99297, 0.30938],
							"lerp_mode": "catmullrom"
						},
						"5.8333": {
							"post": [2.02656, -3.34531, 0.68047],
							"lerp_mode": "catmullrom"
						},
						"5.9333": {
							"post": [2.02656, -3.96641, 1.22516],
							"lerp_mode": "catmullrom"
						},
						"6.0333": {
							"post": [1.9975, -4.26297, 1.14094],
							"lerp_mode": "catmullrom"
						},
						"6.2667": {
							"post": [1.81, -4.12625, 1.26938],
							"lerp_mode": "catmullrom"
						},
						"6.6333": {
							"post": [1.83, -3.89797, 1.35781],
							"lerp_mode": "catmullrom"
						},
						"6.8667": {
							"post": [1.84, -3.84469, 1.24359],
							"lerp_mode": "catmullrom"
						},
						"6.9333": {
							"post": [1.84, -4.45609, 1.23],
							"lerp_mode": "catmullrom"
						},
						"7.0": {
							"post": [1.84, -4.23719, 1.23359],
							"lerp_mode": "catmullrom"
						},
						"7.1": {
							"post": [1.81, -5.45562, 0.44],
							"lerp_mode": "catmullrom"
						},
						"7.2333": {
							"post": [1.6, -6.10031, -1.06],
							"lerp_mode": "catmullrom"
						},
						"7.3667": {
							"post": [1.08, -4.20469, -4.00109],
							"lerp_mode": "catmullrom"
						},
						"7.5": {
							"post": [0.52, -0.355, -4.04109],
							"lerp_mode": "catmullrom"
						},
						"7.7": {
							"post": [0, -0.3, 0.95],
							"lerp_mode": "catmullrom"
						},
						"7.8333": [0, 0.02, -0.14],
						"7.9667": [0, 0.12, 0.08],
						"8.1333": [0, 0, 0]
					}
				},
				"lefthand_and_mag": {
					"rotation": {
						"2.1667": [0, 0, 0],
						"2.2667": [-5.87378, -0.06978, -1.99878],
						"2.4333": [-5.87378, -0.06978, -1.99878],
						"2.5": {
							"pre": [-30.58598, -4.88201, -7.06163],
							"post": [-30.58598, -4.88201, -7.06163],
							"lerp_mode": "catmullrom"
						},
						"2.6": {
							"post": [-22.54764, -3.15869, -9.15509],
							"lerp_mode": "catmullrom"
						},
						"2.7": {
							"post": [-22.29304, 0.51545, -7.03527],
							"lerp_mode": "catmullrom"
						},
						"2.8667": {
							"post": [-19.88407, 1.3276, -6.41886],
							"lerp_mode": "catmullrom"
						},
						"3.2": {
							"post": [-23.56745, 0.66867, -6.29566],
							"lerp_mode": "catmullrom"
						},
						"3.3": {
							"post": [-23.73884, -4.95119, 7.1523],
							"lerp_mode": "catmullrom"
						},
						"3.4333": {
							"post": [-18.42721, 13.80254, 51.68818],
							"lerp_mode": "catmullrom"
						},
						"3.5333": {
							"post": [11.39392, 23.87067, 73.5731],
							"lerp_mode": "catmullrom"
						},
						"3.7": {
							"post": [10.62198, 24.66829, 69.27027],
							"lerp_mode": "catmullrom"
						},
						"3.8": {
							"post": [10.16633, 24.85041, 68.18683],
							"lerp_mode": "catmullrom"
						},
						"3.9": {
							"post": [9.71201, 25.02264, 67.10375],
							"lerp_mode": "catmullrom"
						},
						"4.2667": [10.8, 25.61, 67.345],
						"4.3667": [11.07064, 24.47878, 61.87432],
						"4.4667": {
							"pre": [2.6316, 9.13844, -19.76362],
							"post": [2.6316, 9.13844, -19.76362],
							"lerp_mode": "catmullrom"
						},
						"4.6": [-9.91205, 0, -26.17873],
						"4.7": [-16.50045, 0, -1.24916],
						"4.7667": [-23.925, 0, 0],
						"4.8": [-24.5, 0, 0],
						"4.8667": [-22.5, 0, 0],
						"4.9": [-25.25, 0, 0],
						"4.9667": [0, 0, 0]
					},
					"position": {
						"2.1667": [0, 0, 0],
						"2.2667": [-0.01361, 0.0707, -0.02381],
						"2.4333": [-0.01968, 0.00699, -0.03261],
						"2.5": {
							"pre": [0.38288, -4.15437, -0.24615],
							"post": [0.38288, -4.15437, -0.24615],
							"lerp_mode": "catmullrom"
						},
						"2.6": {
							"post": [2.60106, -7.37564, -1.50788],
							"lerp_mode": "catmullrom"
						},
						"2.7667": {
							"post": [4.19814, -4.01898, 1.38632],
							"lerp_mode": "catmullrom"
						},
						"2.8667": {
							"post": [4.90996, -1.98517, 2.02353],
							"lerp_mode": "catmullrom"
						},
						"3.0": {
							"post": [5.13462, -1.70756, 1.84998],
							"lerp_mode": "catmullrom"
						},
						"3.2": {
							"post": [4.95, -2.2, 1.9],
							"lerp_mode": "catmullrom"
						},
						"3.3": {
							"post": [4.75, -2.8, 2.4],
							"lerp_mode": "catmullrom"
						},
						"3.4333": {
							"post": [3.61, -3.505, 2.16],
							"lerp_mode": "catmullrom"
						},
						"3.5667": {
							"post": [3.4, -3.725, 1.125],
							"lerp_mode": "catmullrom"
						},
						"3.7": {
							"post": [3.3, -3.425, 0.875],
							"lerp_mode": "catmullrom"
						},
						"3.8": {
							"post": [3.2, -3.425, 0.875],
							"lerp_mode": "catmullrom"
						},
						"3.9": {
							"post": [3.2, -3.425, 0.875],
							"lerp_mode": "catmullrom"
						},
						"4.2667": [3.165, -3.7, 0.775],
						"4.3667": [3.3, -3.85, 0.825],
						"4.4667": {
							"pre": [2.745, -6.63, 0.885],
							"post": [2.745, -6.63, 0.885],
							"lerp_mode": "catmullrom"
						},
						"4.6": [2.35377, -2.61792, 1.99029],
						"4.7": [0.41858, 0, 1.35145],
						"4.7667": [0.1, 0, 0.45494],
						"4.8": [0.0375, 0.00638, 0.01311],
						"4.8667": [0.0375, 0.00638, 0.01311],
						"4.9": [0.0375, 0.00638, 0.01311],
						"4.9667": [0, 0, 0]
					}
				},
				"bullet": {
					"scale": 0
				},
				"lefthand": {
					"rotation": {
						"0.0": [100.36601, 316.5798, -142.78527],
						"0.1667": [120.65263, 300.35672, -200.36724],
						"0.3": [111.55615, 298.47384, -188.40898],
						"1.6667": [111.555, 298.47, -188.405],
						"1.9667": [118.83163, 326.45682, -211.14883],
						"2.0667": [128.08894, 353.56633, -232.1361],
						"2.1667": [137.90708, 352.98359, -229.17653],
						"2.2667": [136.38376, 352.2397, -227.32289],
						"2.3333": [131.92598, 335.01803, -221.25165],
						"2.4": [124.32756, 341.90777, -207.99399],
						"2.5667": [117.49784, 353.33242, -204.26761],
						"2.7": [122.57973, 353.16258, -203.63703],
						"3.0667": [122.57973, 353.16258, -203.63703],
						"3.2": [121.015, 353.92, -204.425],
						"3.3": [121.6483, 350.03872, -193.05026],
						"4.3": [121.6483, 350.03872, -193.05026],
						"4.4": [128.32432, 351.9275, -221.98264],
						"5.1": [128.32432, 351.9275, -221.98264],
						"5.2": [124.115, 332.21, -174.055],
						"5.3": [110.9783, 319.06865, -142.09861],
						"5.7": [81.9783, 319.06865, -142.09861],
						"7.3": [83.9783, 319.06865, -142.09861],
						"7.4333": [100.36601, 316.5798, -142.78527]
					},
					"position": {
						"0.0": [7.775, -13, -3],
						"0.1667": [14.3, -27.8, -3.8],
						"0.3": [9.9, -45.2, 22.9],
						"1.6667": [9.9, -45.2, 22.9],
						"1.9667": [7.18, -13.75, 3.05],
						"2.0667": [7.41199, -13.85569, 1.50189],
						"2.1667": [7.41, -15.86, 1.5],
						"2.2667": [7.41199, -13.85569, -0.49811],
						"2.3333": [7.41199, -13.85569, -0.49811],
						"2.5667": [7.41199, -13.85569, -0.49811],
						"3.2": [7.41199, -13.85569, -0.49811],
						"3.3": [7.41199, -13.85569, -0.49811],
						"4.3": [7.41199, -13.85569, -0.49811],
						"4.4": [8.20189, -14.49262, -0.32792],
						"5.1": [7.41199, -13.85569, -0.49811],
						"5.1667": [7.41199, -13.85569, -0.49811],
						"5.3": [7.775, -13, -3],
						"7.3": [7.775, -13, -4],
						"7.4333": [7.775, -13, -3]
					},
					"scale": [1, 1.5, 1]
				},
				"righthand_and_gun": {
					"rotation": {
						"2.3667": {
							"pre": [0, 0, 0],
							"post": [0, 0, 0],
							"lerp_mode": "catmullrom"
						},
						"2.4667": {
							"post": [0, 0, -6],
							"lerp_mode": "catmullrom"
						},
						"2.6": {
							"post": [0, 0, 1],
							"lerp_mode": "catmullrom"
						},
						"2.8667": {
							"post": [4.25145, 1.49587, 1.11119],
							"lerp_mode": "catmullrom"
						},
						"3.3333": {
							"post": [9.7516, 3.94902, -2.77956],
							"lerp_mode": "catmullrom"
						},
						"3.6667": {
							"post": [11.0016, 3.94902, -2.77956],
							"lerp_mode": "catmullrom"
						},
						"4.3": {
							"post": [8.83657, 0.51786, 5.59603],
							"lerp_mode": "catmullrom"
						},
						"4.7": {
							"post": [0, 0, 0],
							"lerp_mode": "catmullrom"
						}
					},
					"position": {
						"2.3667": {
							"pre": [0, 0, 0],
							"post": [0, 0, 0],
							"lerp_mode": "catmullrom"
						},
						"2.7333": {
							"post": [0, 0, 0],
							"lerp_mode": "catmullrom"
						},
						"3.1": {
							"post": [-0.33567, -0.49419, 0.31421],
							"lerp_mode": "catmullrom"
						},
						"3.6667": {
							"post": [-0.40508, -0.57962, 0.36794],
							"lerp_mode": "catmullrom"
						},
						"4.1667": {
							"post": [-0.13019, -0.20715, 0.12851],
							"lerp_mode": "catmullrom"
						},
						"4.6667": {
							"post": [0, 0, 0],
							"lerp_mode": "catmullrom"
						}
					}
				},
				"bolt": {
					"position": {
						"5.7667": [0, 0, 0],
						"5.9": {
							"pre": [0, 0, 2],
							"post": [0, 0, 2],
							"lerp_mode": "catmullrom"
						},
						"6.0667": {
							"post": [0, 0, 2.25],
							"lerp_mode": "catmullrom"
						},
						"6.3": {
							"post": [0, 0, 2.17],
							"lerp_mode": "catmullrom"
						},
						"6.5667": [0, 0, 2.19938],
						"6.8667": [0, 0, 2],
						"6.9333": {
							"pre": [0, 0, 0],
							"post": [0, 0, 0],
							"lerp_mode": "catmullrom"
						}
					}
				},
				"righthand": {
					"rotation": {
						"0.0": [95.04292, 367.4713, 180.6574],
						"0.1": [95.04292, 367.4713, 180.6574],
						"0.2333": [95.04292, 367.4713, 180.6574],
						"1.9667": [95.04292, 367.4713, 180.6574],
						"2.1": [95.04292, 367.4713, 180.6574],
						"5.4667": [95.04292, 367.4713, 180.6574],
						"5.6667": [76.17064, 380.31866, 67.92926],
						"5.7667": [77.90318, 376.66785, 78.13254],
						"5.8": [79.05642, 378.34388, 85.93755],
						"5.9": {
							"pre": [83.30253, 402.22545, 102.90458],
							"post": [83.30253, 402.22545, 102.90458],
							"lerp_mode": "catmullrom"
						},
						"6.2333": {
							"post": [85.04261, 405.56628, 103.17399],
							"lerp_mode": "catmullrom"
						},
						"6.4667": {
							"post": [84.64494, 403.05678, 104.1009],
							"lerp_mode": "catmullrom"
						},
						"6.8667": [83.30253, 402.22545, 102.90458],
						"6.9333": {
							"pre": [62.2494, 406.43748, 84.52542],
							"post": [62.2494, 406.43748, 84.52542],
							"lerp_mode": "catmullrom"
						},
						"7.1333": [95.04292, 367.4713, 180.6574]
					},
					"position": {
						"0.0": [-7, -14.275, 7],
						"0.1": [-7, -14.275, 7],
						"0.2333": [-8.25, -14.275, 7],
						"1.9667": [-8.25, -14.275, 7],
						"2.1": [-7, -14.275, 7],
						"5.4667": [-7, -14.275, 7],
						"5.5": {
							"pre": [-8.015, -13.35, 5.48],
							"post": [-8.015, -13.35, 5.48],
							"lerp_mode": "catmullrom"
						},
						"5.6": [-9.43141, -12.18, 0.80187],
						"5.6667": [-9.05, -11.675, -0.15],
						"5.7667": [-9.05, -11.525, -0.625],
						"5.9": {
							"pre": [-9.05, -11.57, 0.65],
							"post": [-9.05, -11.57, 0.65],
							"lerp_mode": "catmullrom"
						},
						"6.1333": {
							"post": [-9.05, -11.615, 0.74719],
							"lerp_mode": "catmullrom"
						},
						"6.3667": {
							"post": [-9.05, -11.615, 0.79703],
							"lerp_mode": "catmullrom"
						},
						"6.6333": [-9.05, -11.64, 0.93234],
						"6.8667": [-9.05, -11.62859, 0.72266],
						"6.9333": {
							"pre": [-9.05, -11.94, 1.58],
							"post": [-9.05, -11.94, 1.58],
							"lerp_mode": "catmullrom"
						},
						"7.1333": [-7, -14.275, 7]
					},
					"scale": [1, 1.5, 1]
				},
				"camera": {
					"rotation": {
						"0.0": {
							"post": [0, 0, 0],
							"lerp_mode": "catmullrom"
						},
						"0.1667": {
							"post": [1.72, 0.5, -0.45],
							"lerp_mode": "catmullrom"
						},
						"0.3667": {
							"post": [3.175, 0.8, -1.1],
							"lerp_mode": "catmullrom"
						},
						"0.7333": {
							"post": [3.125, 0.8, -1.1],
							"lerp_mode": "catmullrom"
						},
						"0.9333": {
							"post": [3.585, 0.8, -1.1],
							"lerp_mode": "catmullrom"
						},
						"1.1667": {
							"post": [5.295, 1.625, -1.55],
							"lerp_mode": "catmullrom"
						},
						"1.3333": {
							"post": [7.335, 2.7, -1.55],
							"lerp_mode": "catmullrom"
						},
						"1.5667": {
							"post": [8.425, 3.1, -1.55],
							"lerp_mode": "catmullrom"
						},
						"2.0": {
							"post": [2.7, 1.7, -1.55],
							"lerp_mode": "catmullrom"
						},
						"2.1667": {
							"post": [0.9, 0.8, -1.1],
							"lerp_mode": "catmullrom"
						},
						"2.3333": {
							"post": [1, 0.5, -1.1],
							"lerp_mode": "catmullrom"
						},
						"2.4": {
							"post": [1.5, -0.3, 1.2],
							"lerp_mode": "catmullrom"
						},
						"2.5": {
							"post": [0.7, -0.5, -2.95],
							"lerp_mode": "catmullrom"
						},
						"2.6": {
							"post": [0.9, -0.8, -1.1],
							"lerp_mode": "catmullrom"
						},
						"2.8": {
							"post": [2.3, -1.6, -1.55],
							"lerp_mode": "catmullrom"
						},
						"3.0": {
							"post": [3, -2, -1.55],
							"lerp_mode": "catmullrom"
						},
						"3.2": {
							"post": [3.09, -2, -1.55],
							"lerp_mode": "catmullrom"
						},
						"3.4667": {
							"post": [3.2, -4.1, -2.125],
							"lerp_mode": "catmullrom"
						},
						"3.7": {
							"post": [3.11, -4.8, -2.125],
							"lerp_mode": "catmullrom"
						},
						"4.0": {
							"post": [3, -4.8, -2.125],
							"lerp_mode": "catmullrom"
						},
						"4.3": {
							"post": [2.6, -4.5, -2.125],
							"lerp_mode": "catmullrom"
						},
						"4.5667": {
							"post": [0.8, 0.2, -2],
							"lerp_mode": "catmullrom"
						},
						"4.8": {
							"post": [0.4, 0.8, -1.55],
							"lerp_mode": "catmullrom"
						},
						"4.8667": {
							"post": [1.5, 0.8, 0.02344],
							"lerp_mode": "catmullrom"
						},
						"4.9667": {
							"post": [0.7, 0.8, -2.32578],
							"lerp_mode": "catmullrom"
						},
						"5.0667": {
							"post": [1.1, 0.8, -1.2],
							"lerp_mode": "catmullrom"
						},
						"5.2": {
							"post": [1.3, 0, -1.55],
							"lerp_mode": "catmullrom"
						},
						"5.5": {
							"post": [3.1, -0.4, -1.55],
							"lerp_mode": "catmullrom"
						},
						"5.7667": {
							"post": [3.5, -0.5, -1.55],
							"lerp_mode": "catmullrom"
						},
						"5.8667": {
							"post": [4.71, -0.5, -1.52],
							"lerp_mode": "catmullrom"
						},
						"6.0": {
							"post": [3.79, -0.49, -1.47],
							"lerp_mode": "catmullrom"
						},
						"6.2667": {
							"post": [4.22, -0.46, -1.35],
							"lerp_mode": "catmullrom"
						},
						"6.7": {
							"post": [3.85, -0.4, -1.1],
							"lerp_mode": "catmullrom"
						},
						"6.8": {
							"post": [3.27031, -0.41, -1.06],
							"lerp_mode": "catmullrom"
						},
						"6.8667": {
							"post": [3.72688, -0.42, -0.43672],
							"lerp_mode": "catmullrom"
						},
						"6.9667": {
							"post": [2.48891, -0.43, -1.10766],
							"lerp_mode": "catmullrom"
						},
						"7.1": {
							"post": [2.37781, -0.43, -0.99],
							"lerp_mode": "catmullrom"
						},
						"7.2667": {
							"post": [2.54953, -0.40234, -0.88672],
							"lerp_mode": "catmullrom"
						},
						"7.3667": {
							"post": [2.92234, -0.25734, 0.51859],
							"lerp_mode": "catmullrom"
						},
						"7.4667": {
							"post": [1.97109, -0.1775, 0.57359],
							"lerp_mode": "catmullrom"
						},
						"7.6667": {
							"post": [0.03, 0, 0],
							"lerp_mode": "catmullrom"
						},
						"7.7": {
							"post": [-0.15, 0, 1.6],
							"lerp_mode": "catmullrom"
						},
						"7.8": {
							"post": [0.05, 0, -0.63984],
							"lerp_mode": "catmullrom"
						},
						"7.9667": {
							"post": [0, 0, 0.09375],
							"lerp_mode": "catmullrom"
						},
						"8.2": {
							"post": [0, 0, 0],
							"lerp_mode": "catmullrom"
						}
					}
				},
				"additional_magazine": {
					"scale": 0
				}
			},
			"sound_effects": {
				"0.1333": {
					"effect": "tacz:type_81/type_81_reload_raise_quick_up"
				},
				"2.1667": {
					"effect": "tacz:type_81/type_81_reload_fast_magout"
				},
				"4.8": {
					"effect": "tacz:type_81/type_81_inspect_smag_magin"
				},
				"5.7667": {
					"effect": "tacz:type_81/type_81_inspect_smag_pull"
				},
				"6.8667": {
					"effect": "tacz:type_81/type_81_inspect_smag_release"
				}
			}
		},
		"draw": {
			"animation_length": 1.1333,
			"bones": {
				"root": {
					"rotation": {
						"0.0": [22.5, -22.5, 32.5],
						"0.1667": {
							"pre": [16.81, -14.77, 27.74],
							"post": [16.81, -14.77, 27.74],
							"lerp_mode": "catmullrom"
						},
						"0.2667": {
							"post": [10.38725, -13.74806, 10.06185],
							"lerp_mode": "catmullrom"
						},
						"0.4333": {
							"post": [-0.88995, -1.54338, 7.15196],
							"lerp_mode": "catmullrom"
						},
						"0.5667": [1.10685, 1.42586, -1.99731],
						"0.6667": {
							"pre": [0.39065, 0.294, 2.28025],
							"post": [0.39065, 0.294, 2.28025],
							"lerp_mode": "catmullrom"
						},
						"0.7667": {
							"post": [0.03946, 0.20234, -1.89002],
							"lerp_mode": "catmullrom"
						},
						"0.9": {
							"post": [0.03, 0.12, 0.67],
							"lerp_mode": "catmullrom"
						},
						"1.1333": [0, 0, 0]
					},
					"position": {
						"0.0": {
							"post": [-5, -14, 0],
							"lerp_mode": "catmullrom"
						},
						"0.2333": {
							"post": [-3.79, -7.23, -0.38],
							"lerp_mode": "catmullrom"
						},
						"0.4667": {
							"post": [-0.3, -0.975, -0.6],
							"lerp_mode": "catmullrom"
						},
						"0.6667": {
							"post": [0.01, -0.3, 0.5],
							"lerp_mode": "catmullrom"
						},
						"0.8": [-0.01, -0.07, -0.32],
						"1.0": {
							"pre": [0, 0, 0],
							"post": [0, 0, 0],
							"lerp_mode": "catmullrom"
						}
					}
				},
				"lefthand": {
					"rotation": [100.36601, 316.5798, -142.78527],
					"position": [7.775, -13, -3],
					"scale": [1, 1.5, 1]
				},
				"group2": {
					"rotation": {
						"0.2667": [0, 0, 0],
						"0.4": [1.5, 0, 0],
						"0.6": [-1, 0, 0],
						"0.7667": [0.975, 0, 0],
						"0.9": [0, 0, 0],
						"1.0667": [0, 0, 0]
					}
				},
				"righthand": {
					"rotation": [95.04292, 367.4713, 180.6574],
					"position": [-7, -14.275, 7],
					"scale": [1, 1.5, 1]
				},
				"camera": {
					"rotation": {
						"0.0": {
							"post": [0, 0, 0],
							"lerp_mode": "catmullrom"
						},
						"0.1333": {
							"post": [0.55, -0.05, 0.1],
							"lerp_mode": "catmullrom"
						},
						"0.2333": {
							"post": [1.1, -0.3, 0.7],
							"lerp_mode": "catmullrom"
						},
						"0.5": {
							"post": [0.7, -0.2, 0.3],
							"lerp_mode": "catmullrom"
						},
						"0.6": {
							"post": [-0.1, 0, 0.4],
							"lerp_mode": "catmullrom"
						},
						"0.7": {
							"post": [0.2, 0.1, -0.3],
							"lerp_mode": "catmullrom"
						},
						"0.8333": {
							"post": [0, 0, 0.1],
							"lerp_mode": "catmullrom"
						},
						"0.9333": {
							"post": [0, 0, 0],
							"lerp_mode": "catmullrom"
						}
					}
				},
				"group7": {
					"rotation": {
						"0.2333": [0, 0, 0],
						"0.3667": [1.5, 0, 0],
						"0.5667": [-1, 0, 0],
						"0.7333": [0.975, 0, 0],
						"0.8667": [0, 0, 0],
						"1.0333": [0, 0, 0]
					}
				}
			},
			"sound_effects": {
				"0.0667": {
					"effect": "lradd:pp19/p04_lm_rkilo_raise_first_end"
				}
			}
		},
		"put_away": {
			"animation_length": 0.6,
			"bones": {
				"root": {
					"rotation": {
						"0.0": {
							"post": [0, 0, 0],
							"lerp_mode": "catmullrom"
						},
						"0.0667": {
							"post": [-0.64, -3.66, -2.19],
							"lerp_mode": "catmullrom"
						},
						"0.2": {
							"post": [1.8, -12.38, 1.96],
							"lerp_mode": "catmullrom"
						},
						"0.3667": {
							"post": [6.24, -23.59, 10.25],
							"lerp_mode": "catmullrom"
						},
						"0.5333": {
							"post": [11.63972, -43.66226, 20.28897],
							"lerp_mode": "catmullrom"
						},
						"0.6": {
							"post": [13.35, -52.02, 23.22],
							"lerp_mode": "catmullrom"
						}
					},
					"position": {
						"0.0": {
							"post": [0, 0, 0],
							"lerp_mode": "catmullrom"
						},
						"0.0667": {
							"post": [-0.45, -0.49, 0.28],
							"lerp_mode": "catmullrom"
						},
						"0.2": {
							"post": [-0.67, -1.47, 0.34],
							"lerp_mode": "catmullrom"
						},
						"0.3667": {
							"post": [-0.435, -2.62, 0.06],
							"lerp_mode": "catmullrom"
						},
						"0.5333": {
							"post": [0.92, -4.65, -0.335],
							"lerp_mode": "catmullrom"
						},
						"0.6": {
							"post": [1.97, -5.47, -0.37],
							"lerp_mode": "catmullrom"
						}
					}
				},
				"lefthand": {
					"rotation": {
						"0.0": [100.36601, 316.5798, -142.78527],
						"0.2": {
							"pre": [153.89111, 367.50964, -225.61909],
							"post": [153.89111, 367.50964, -225.61909],
							"lerp_mode": "catmullrom"
						}
					},
					"position": {
						"0.0": [7.775, -13, -3],
						"0.1": {
							"pre": [9.355, -11.45, -4.2],
							"post": [9.355, -11.45, -4.2],
							"lerp_mode": "catmullrom"
						},
						"0.1667": {
							"post": [9.07, -9.445, -3.6],
							"lerp_mode": "catmullrom"
						},
						"0.2333": {
							"post": [8.78, -9, -3],
							"lerp_mode": "catmullrom"
						}
					},
					"scale": [1, 1.5, 1]
				},
				"righthand": {
					"rotation": [95.04292, 367.4713, 180.6574],
					"position": [-7, -14.275, 7],
					"scale": [1, 1.5, 1]
				},
				"camera": {
					"rotation": {
						"0.0": {
							"post": [0, 0, 0],
							"lerp_mode": "catmullrom"
						},
						"0.1667": {
							"post": [0.3, 0, -0.125],
							"lerp_mode": "catmullrom"
						},
						"0.3": {
							"post": [0.64, 0, 0.3],
							"lerp_mode": "catmullrom"
						},
						"0.4667": {
							"post": [0.5, 0, 0.15],
							"lerp_mode": "catmullrom"
						},
						"0.6": {
							"post": [0, 0, 0],
							"lerp_mode": "catmullrom"
						}
					}
				}
			},
			"sound_effects": {
				"0.0": {
					"effect": "lradd:pp19/p04_lm_rkilo_drop_rattle"
				}
			}
		},
		"shoot": {
			"animation_length": 1.1333,
			"bones": {
				"root": {
					"rotation": {
						"0.0": [0, 0, 0],
						"0.0333": [-0.586, 0.022, -0.92],
						"0.0667": [-0.504, 0.013, -0.169],
						"0.1": [-0.273, 0.009, 0.812],
						"0.1333": [-0.014, 0.047, 1.048],
						"0.1667": [0.228, 0.118, 0.927],
						"0.2": [0.343, 0.179, 0.353],
						"0.2333": [0.458, 0.242, -0.221],
						"0.2667": [0.339, 0.226, -0.463],
						"0.3": [0.129, 0.177, -0.515],
						"0.3333": [-0.064, 0.105, -0.246],
						"0.3667": [-0.257, 0.034, 0.024],
						"0.4": [-0.21, -0.019, 0.183],
						"0.4333": [-0.162, -0.071, 0.343],
						"0.4667": [-0.098, -0.04, 0.194],
						"0.5": [-0.034, -0.008, 0.045],
						"0.5333": [0.03, 0.024, -0.104],
						"0.5667": [0.094, 0.056, -0.253],
						"0.6": [0.078, 0.045, -0.164],
						"0.6333": [0.062, 0.034, -0.075],
						"0.6667": [0.047, 0.023, 0.015],
						"0.7": [0.031, 0.011, 0.104],
						"0.7333": [0.022, 0.01, 0.058],
						"0.8": [0.013, 0.009, 0.011],
						"0.9": [0.003, 0.005, -0.103],
						"1.0": [0.002, 0.004, -0.077],
						"1.1333": [0, 0, 0]
					},
					"position": {
						"0.0": [0, 0, 0],
						"0.0333": [0.002, 0.029, 1.064],
						"0.0667": [0.007, 0.059, 0.539],
						"0.1": [0.012, 0.082, 0.258],
						"0.1333": [0, 0.036, 0.272],
						"0.1667": [-0.003, -0.014, 0.11],
						"0.2": [-0.014, -0.034, 0.084],
						"0.2333": [-0.024, -0.055, 0.058],
						"0.2667": [-0.009, -0.03, 0.051],
						"0.3": [0.001, -0.014, 0.042],
						"0.3333": [0.003, 0.004, 0.034],
						"0.3667": [0.016, -0.009, 0.043],
						"0.4": [0.032, 0.003, 0.056],
						"0.4333": [0.048, 0.015, 0.069],
						"0.4667": [0.039, 0.012, 0.057],
						"0.5": [0.03, 0.01, 0.045],
						"0.5333": [0.022, 0.007, 0.034],
						"0.5667": [0.013, 0.004, 0.022],
						"0.6": [-0.003, -0.006, 0.009],
						"0.6333": [-0.005, -0.007, 0.007],
						"0.6667": [-0.007, -0.007, 0.006],
						"0.7": [-0.01, -0.007, 0.005],
						"0.7333": [-0.008, -0.008, 0.005],
						"0.8": [-0.007, -0.008, 0.004],
						"0.9": [-0.003, -0.009, 0.003],
						"1.0": [-0.003, -0.008, 0.003],
						"1.1333": [0, 0, 0]
					}
				},
				"camera": {
					"rotation": {
						"0.0": [0, 0, 0],
						"0.0333": [0, 0, 0.65],
						"0.0667": [0, 0, -0.37],
						"0.1": [0, 0, 0.41],
						"0.1333": [0, 0, -0.185],
						"0.1667": [0, 0, 0.2],
						"0.2": [0, 0, 0]
					}
				},
				"bolt": {
					"position": {
						"0.0": [0, 0, 0],
						"0.0333": [0, 0, 2.55],
						"0.0667": [0, 0, 0]
					}
				}
			}
		}
	}
}