{
  "model": "iw:gun/augershield_geo",
  "texture": "iw:gun/uv/augershield",
  "lod": {
    "model": "iw:gun/lod/augershield",
    "texture": "iw:gun/lod/augershield"
  },
  "hud": "iw:gun/hud/augershield",
  "slot": "iw:gun/slot/augershield",
  "animation": "iw:augershield",
  "use_default_animation": "rifle",
  "third_person_animation": "default",
  "player_animator_3rd": "tacz:rifle_default.player_animation",
  "show_crosshair": false,
  "transform": {
    "scale": {
      "thirdperson": [0.6, 0.6, 0.6],
      "ground": [0.6, 0.6, 0.6],
      "fixed": [1.2, 1.2, 1.2]
    }
  },
  "muzzle_flash": {
    "texture": "cod:flash/common_muzzle_flash",
    "scale": 0.6
  },
  "ammo": {
    "tracer_color": "#e3c372"
  },
  "iron_zoom": 1.2,
  "shell": {
    "initial_velocity": [5, 2, 1],
    "random_velocity": [1, 1, 0.25],
    "acceleration": [0.0, -10, 0.0],
    "angular_velocity": [360, -1200, 90],
    "living_time": 1.0
  },
  "sounds": {
    "shoot": "iw:auger/auger_shoot",
    "shoot_3p": "iw:auger/auger_shoot",
    "draw": "tacz:m16a4/m16a4_draw",
    "put_away": "tacz:m16a4/m16a4_put_away",
    "reload_empty": "iw:auger/auger_reload_empty",
    "reload_tactical": "iw:auger/auger_reload_tactical",
    "melee_bayonet": "tacz:melee_bayonet/melee_bayonet_01",
    "melee_push": "tacz:melee_stock/melee_stock_01",
    "melee_stock": "tacz:melee_stock/melee_stock_02"
  }
}