{
  "model": "iw:gun/dcm8_geo",
  "texture": "iw:gun/uv/dcm8",
  "lod": {
    "model": "iw:gun/lod/dcm8",
    "texture": "iw:gun/lod/dcm8"
  },
  "hud": "iw:gun/hud/dcm8",
  "slot": "iw:gun/slot/dcm8",
  "animation": "iw:dcm8",
  "use_default_animation": "rifle",
  "third_person_animation": "default",
  "transform": {
    "scale": {
      "thirdperson": [0.6, 0.6, 0.6],
      "ground": [0.6, 0.6, 0.6],
      "fixed": [1.2, 1.2, 1.2]
    }
  },
  "muzzle_flash": {
    "texture": "cod:flash/energy_muzzle_flash",
    "scale": 0.75
  },
  "ammo": {
    "tracer_color": "#2998de"
  },
  "shell": {
    "initial_velocity": [5, 2, 1],
    "random_velocity": [1, 1, 0.25],
    "acceleration": [0.0, -10, 0.0],
    "angular_velocity": [360, -1200, 90],
    "living_time": 1.0
  },
  "sounds": {
    "shoot": "iw:dcm8/dcm8_shoot",
    "shoot_3p": "iw:dcm8/dcm8_shoot_3p",
    "silence": "iw:dcm8/dcm8_silence",
    "silence_3p": "iw:dcm8/dcm8_silence_3p",
    "melee_push": "tacz:melee_stock/melee_stock_01",
    "melee_stock": "tacz:melee_stock/melee_stock_02"
  }
}