{
  "model": "iw:gun/ebr800_geo",
  "texture": "iw:gun/uv/ebr800",
  "state_machine": "iw:ebr800_state_machine",
  "lod": {
    "model": "iw:gun/lod/ebr800",
    "texture": "iw:gun/lod/ebr800"
  },
  "hud": "iw:gun/hud/ebr800",
  "slot": "iw:gun/slot/ebr800",
  "animation": "iw:ebr800",
  "use_default_animation": "rifle",
  "third_person_animation": "default",
  "transform": {
    "scale": {
      "thirdperson": [0.6, 0.6, 0.6],
      "ground": [0.6, 0.6, 0.6],
      "fixed": [1.2, 1.2, 1.2]
    }
  },
  "muzzle_flash": {
    "texture": "cod:flash/energy_muzzle_flash",
    "scale": 0.4
  },
  "ammo": {
    "tracer_color": "#2998de"
  },
  "iron_zoom": 1.0,
  "shell": {
    "initial_velocity": [5, 2, 1],
    "random_velocity": [1, 1, 0.25],
    "acceleration": [0.0, -10, 0.0],
    "angular_velocity": [360, -1200, 90],
    "living_time": 1.0
  },
  "sounds": {
    "shoot": "iw:ebr800/ebr800_shoot",
    "shoot_3p": "iw:ebr800/ebr800_shoot",
    "silence": "iw:ebr800/ebr800_silence",
    "silence_3p": "iw:ebr800/ebr800_silence",
    "draw": "tacz:mk14/mk14_draw",
    "put_away": "tacz:mk14/mk14_put_away",
    "melee_push": "tacz:melee_stock/melee_stock_01",
    "melee_stock": "tacz:melee_stock/melee_stock_03"
  }
}