{
  "model": "iw:gun/em3_geo",
  "texture": "iw:gun/uv/em3",
  "lod": {
    "model": "iw:gun/lod/em3",
    "texture": "iw:gun/uv/em3"
  },
  "hud": "iw:gun/hud/em3",
  "slot": "iw:gun/slot/em3",
  "animation": "iw:em3",
  "use_default_animation": "rifle",
  "transform": {
    "scale": {
      "thirdperson": [0.6, 0.6, 0.6],
      "ground": [0.6, 0.6, 0.6],
      "fixed": [1.2, 1.2, 1.2]
    }
  },
  "muzzle_flash": {
    "texture": "cod:flash/heavies_muzzle_flash",
    "scale": 2
  },
  "ammo": {
    "tracer_color": "#de004b"
  },
  "sounds": {
    "shoot": "iw:em3/em3_shoot",
    "shoot_3p": "iw:em3/em3_shoot_3p",
    "melee_push": "tacz:melee_stock/melee_stock_02",
    "melee_stock": "tacz:melee_stock/melee_stock_03"
  }
}