{
  "model": "iw:gun/eraser_geo",
  "texture": "iw:gun/uv/eraser",
  "lod": {
    "model": "iw:gun/lod/eraser",
    "texture": "iw:gun/lod/eraser"
  },
  "hud": "iw:gun/hud/eraser",
  "slot": "iw:gun/slot/eraser",
  "animation": "iw:eraser",
  "use_default_animation": "pistol",
  "player_animator_3rd": "tacz:pistol_default.player_animation",
  "transform": {
    "scale": {
      "thirdperson": [0.6, 0.6, 0.6],
      "ground": [0.6, 0.6, 0.6],
      "fixed": [1.2, 1.2, 1.2]
    }
  },
  "muzzle_flash": {
    "texture": "cod:flash/heavies_muzzle_flash",
    "scale": 0.6
  },
  "ammo": {
    "tracer_color": "#de004b"
  },
  "sounds": {
    "shoot": "iw:eraser/eraser_shoot",
    "shoot_3p": "iw:eraser/eraser_shoot_3p",
    "reload_empty": "iw:eraser/eraser_reload_empty",
    "reload_tactical": "iw:eraser/eraser_reload_tactical",
    "inspect": "iw:eraser/eraser_inspect",
    "inspect_empty": "iw:eraser/eraser_inspect_empty"
  }
}