{
  "model": "iw:gun/geneva9_geo",
  "texture": "iw:gun/uv/geneva9",
  "lod": {
    "model": "iw:gun/lod/geneva9",
    "texture": "iw:gun/lod/geneva9"
  },
  "hud": "iw:gun/hud/geneva9",
  "slot": "iw:gun/slot/geneva9",
  "animation": "iw:kendall44",
  
  "use_default_animation": "pistol",
  "player_animator_3rd": "tacz:pistol_default.player_animation",
  "transform": {
    "scale": {
      "thirdperson": [0.6, 0.6, 0.6],
      "ground": [0.6, 0.6, 0.6],
      "fixed": [1.2, 1.2, 1.2]
    }
  },
  "iron_zoom": 1.2,
  "shell": {
    "initial_velocity": [8.0, 5.0, -0.5],
    "random_velocity": [2.5, 1.5, 0.25],
    "acceleration": [0.0, -20, 0.0],
    "angular_velocity": [360, -720, 90],
    "living_time": 1.0
  },
  "muzzle_flash": {
    "texture": "cod:flash/common_muzzle_flash",
    "scale": 0.25
  },
  "ammo": {
    "tracer_color": "#e3c372"
  },
  "sounds": {
    "shoot": "iw:kendall44/kendall44_shoot",
    "shoot_3p": "iw:kendall44/kendall44_shoot",
    "silence": "iw:kendall44/kendall44_silence",
    "silence_3p": "iw:kendall44/kendall44_silence",
    "inspect": "tacz:glock_17/glock17_inspect",
    "inspect_empty": "tacz:glock_17/glock17_inspect_empty",
    "draw": "tacz:glock_17/glock17_draw"
  }
}