{
  "model": "iw:gun/karma45_geo",
  "texture": "iw:gun/uv/karma45",
  "lod": {
    "model": "iw:gun/lod/karma45",
    "texture": "iw:gun/lod/karma45"
  },
  "hud": "iw:gun/hud/karma45",
  "slot": "iw:gun/slot/karma45",
  "animation": "iw:karma45",
  "use_default_animation": "rifle",
  "third_person_animation": "default",
  "transform": {
    "scale": {
      "thirdperson": [0.6, 0.6, 0.6],
      "ground": [0.6, 0.6, 0.6],
      "fixed": [1.0, 1.0, 1.0]
    }
  },
  "muzzle_flash": {
    "texture": "cod:flash/common_muzzle_flash",
    "scale": 0.4
  },
  "shell": {
    "initial_velocity": [5, 2, 1],
    "random_velocity": [1, 1, 0.25],
    "acceleration": [0.0, -10, 0.0],
    "angular_velocity": [360, -1200, 90],
    "living_time": 1.0
  },
  "ammo": {
    "tracer_color": "#e3c372"
  },
  "sounds": {
    "shoot": "iw:karma45/karma45_shoot",
    "shoot_3p": "iw:karma45/karma45_shoot",
    "silence": "iw:karma45/karma45_silence",
    "silence_3p": "iw:karma45/karma45_silence",
    "melee_push": "tacz:melee_stock/melee_stock_03",
    "melee_stock": "tacz:melee_stock/melee_stock_01"
  }
}