{
  "model": "iw:gun/m2187_geo",
  "texture": "iw:gun/uv/m2187",
  "lod": {
    "model": "iw:gun/lod/m2187",
    "texture": "iw:gun/lod/m2187"
  },
  "hud": "iw:gun/hud/m2187",
  "slot": "iw:gun/slot/m2187",
  "animation": "iw:m2187",
  "use_default_animation": "rifle",
  "third_person_animation": "default",
  "transform": {
    "scale": {
      "thirdperson": [0.6, 0.6, 0.6],
      "ground": [0.6, 0.6, 0.6],
      "fixed": [1.2, 1.2, 1.2]
    }
  },
  "muzzle_flash": {
    "texture": "cod:flash/common_muzzle_flash",
    "scale": 0.75
  },
  "sounds": {
    "shoot": "iw:m2187/m2187_shoot",
    "shoot_3p": "iw:m2187/m2187_shoot_3p",
    "silence": "iw:m2187/m2187_silence",
    "silence_3p": "iw:m2187/m2187_silence_3p",
    "draw": "iw:m2187/m2187_draw",
    "put_away": "iw:m2187/m2187_put_away"
  }
}