{
  "model": "iw:gun/nv4_geo",
  "texture": "iw:gun/uv/nv4",
  "hud": "iw:gun/hud/nv4",
  "slot": "iw:gun/slot/nv4",
  "animation": "iw:nv4",
  "use_default_animation": "rifle",
  "third_person_animation": "default",
  "transform": {
    "scale": {
      "thirdperson": [0.6, 0.6, 0.6],
      "ground": [0.6, 0.6, 0.6],
      "fixed": [1.2, 1.2, 1.2]
    }
  },
  "muzzle_flash": {
    "texture": "cod:flash/common_muzzle_flash",
    "scale": 0.55
  },
  "ammo": {
    "tracer_color": "#e3c372"
  },
  "iron_zoom": 1.25,
  "shell": {
    "initial_velocity": [5, 2, 1],
    "random_velocity": [1, 1, 0.25],
    "acceleration": [0.0, -10, 0.0],
    "angular_velocity": [360, -1200, 90],
    "living_time": 1.0
  },
  "sounds": {
    "shoot": "iw:nv4/nv4_shoot",
    "shoot_3p": "iw:nv4/nv4_shoot",
    "silence": "iw:nv4/nv4_silence",
    "silence_3p": "iw:nv4/nv4_silence",
    "inspect": "tacz:m4a1/m4a1_inspect",
    "inspect_empty": "tacz:m4a1/m4a1_inspect_empty",
    "draw": "tacz:m4a1/m4a1_draw",
    "put_away": "tacz:m4a1/m4a1_put_away",
    "head_hit": "iw:headshothitmarker",
    "flesh_hit": "iw:hitmarker",
    "kill": "iw:killhitmarker",
    "melee_push": "tacz:melee_stock/melee_stock_01",
    "melee_stock": "tacz:melee_stock/melee_stock_02"
  },
  "text_show": {
    "ammo_count_text_pos": {
      "scale": 0.1,
      "align": "center",
      "shadow": false,
      "color": "#b9b9b9",
      "light": 15,
      "text": "%ammo_count%"
    }
  }
}