{
  "model": "iw:gun/stallion44_geo",
  "texture": "iw:gun/uv/stallion44",
  "lod": {
    "model": "iw:gun/lod/stallion44",
    "texture": "iw:gun/lod/stallion44"
  },
  "hud": "iw:gun/hud/stallion44",
  "slot": "iw:gun/slot/stallion44",
  "animation": "iw:stallion44",
  
  "use_default_animation": "pistol",
  "player_animator_3rd": "tacz:pistol_default.player_animation",
  "transform": {
    "scale": {
      "thirdperson": [0.6, 0.6, 0.6],
      "ground": [0.6, 0.6, 0.6],
      "fixed": [1.2, 1.2, 1.2]
    }
  },
  "iron_zoom": 1.2,
  "shell": {
    "initial_velocity": [8.0, 5.0, -0.5],
    "random_velocity": [2.5, 1.5, 0.25],
    "acceleration": [0.0, -20, 0.0],
    "angular_velocity": [360, -720, 90],
    "living_time": 1.0
  },
  "muzzle_flash": {
    "texture": "cod:flash/common_muzzle_flash",
    "scale": 0.75
  },
  "ammo": {
    "tracer_color": "#e3c372"
  },
  "sounds": {
    "shoot": "iw:stallion44/stallion44_shoot",
    "shoot_3p": "iw:stallion44/stallion44_shoot",
    "silence": "iw:stallion44/stallion44_silence",
    "silence_3p": "iw:stallion44/stallion44_silence",
    "inspect": "iw:stallion44/stallion44_inspect",
    "inspect_empty": "iw:stallion44/stallion44_inspect",
    "draw": "iw:stallion44/stallion44_draw"
  }
}