{
  "model": "iw:gun/type2_geo",
  "texture": "iw:gun/uv/type2",
  "lod": {
    "model": "iw:gun/lod/type2",
    "texture": "iw:gun/uv/type2"
  },
  "hud": "iw:gun/hud/type2",
  "slot": "iw:gun/slot/type2",
  "animation": "iw:type2",
  "state_machine": "iw:type2_state_machine",
  "use_default_animation": "rifle",
  "third_person_animation": "default",
  "player_animator_3rd": "tacz:rifle_default.player_animation",
  "show_crosshair": false,
  "transform": {
    "scale": {
      "thirdperson": [0.6, 0.6, 0.6],
      "ground": [0.6, 0.6, 0.6],
      "fixed": [1.2, 1.2, 1.2]
    }
  },
  "muzzle_flash": {
    "texture": "cod:flash/energy_muzzle_flash",
    "scale": 0.75
  },
  "iron_zoom": 1.2,
  "ammo": {
    "tracer_color": "#2998de"
  },
  "sounds": {
    "shoot": "iw:type2/type2_shoot",
    "shoot_3p": "iw:type2/type2_shoot",
    "silence": "iw:type2/type2_silence",
    "silence_3p": "iw:type2/type2_silence",
    "draw": "tacz:ump45/ump45_draw",
    "put_away": "tacz:ump45/ump45_put_away",
    "head_hit": "iw:headshothitmarker",
    "flesh_hit": "iw:hitmarker",
    "kill": "iw:killhitmarker",
    "fire_select": "iw:fire_select"
  },
  "text_show": {
    "ammo_count_text_pos": {
      "scale": 0.1,
      "align": "center",
      "shadow": false,
      "color": "#049400",
      "light": 15,
      "text": "%ammo_count%"
    }
  }
}