{
  "model": "iw:gun/volk_geo",
  "texture": "iw:gun/uv/volk",
  "lod": {
    "model": "iw:gun/lod/volk",
    "texture": "iw:gun/lod/volk"
  },
  "hud": "iw:gun/hud/volk",
  "slot": "iw:gun/slot/volk",
  "animation": "iw:volk",
  "use_default_animation": "rifle",
  "third_person_animation": "default",
  "show_crosshair": false,
  "transform": {
    "scale": {
      "thirdperson": [0.6, 0.6, 0.6],
      "ground": [0.6, 0.6, 0.6],
      "fixed": [1.2, 1.2, 1.2]
    }
  },
  "muzzle_flash": {
    "texture": "cod:flash/energy_muzzle_flash",
    "scale": 0.55
  },
  "iron_zoom": 1.2,
  "ammo": {
    "tracer_color": "#2998de"
  },
  "sounds": {
    "shoot": "iw:volk/volk_shoot",
    "shoot_3p": "iw:volk/volk_shoot",
    "silence": "iw:volk/volk_silence",
    "silence_3p": "iw:volk/volk_silence",
    "reload_empty": "iw:volk/volk_reload_empty",
    "reload_tactical": "iw:volk/volk_reload_tactical",
    "inspect": "iw:volk/volk_inspect",
    "inspect_empty": "iw:volk/volk_inspect_empty",
    "draw": "tacz:ump45/ump45_draw",
    "put_away": "tacz:ump45/ump45_put_away",
    "head_hit": "iw:headshothitmarker",
    "flesh_hit": "iw:hitmarker",
    "kill": "iw:killhitmarker",
    "melee_push": "tacz:melee_stock/melee_stock_02",
    "melee_stock": "tacz:melee_stock/melee_stock_03"
  }
}