{
  "model": "iw:gun/widowmakermalmstone_geo",
  "texture": "iw:gun/uv/widowmakermalmstone",
  "lod": {
    "model": "iw:gun/lod/widowmakermalmstone",
    "texture": "iw:gun/uv/widowmakermalmstone"
  },
  "hud": "iw:gun/hud/widowmakermalmstone",
  "slot": "iw:gun/slot/widowmakermalmstone",
  "animation": "iw:widowmaker",
  "use_default_animation": "rifle",
  "transform": {
    "scale": {
      "thirdperson": [0.6, 0.6, 0.6],
      "ground": [0.6, 0.6, 0.6],
      "fixed": [1.2, 1.2, 1.2]
    }
  },
  "muzzle_flash": {
    "texture": "cod:flash/common_muzzle_flash",
    "scale": 0.85
  },
  "ammo": {
    "tracer_color": "#e3c372"
  },
  "sounds": {
    "shoot": "iw:widowmaker/widowmaker_shoot",
    "shoot_3p": "iw:widowmaker/widowmaker_shoot",
    "silence": "iw:widowmaker/widowmaker_silence",
    "silence_3p": "iw:widowmaker/widowmaker_silence",
    "reload_empty": "iw:widowmaker/widowmaker_reload_empty",
    "reload_tactical": "iw:widowmaker/widowmaker_reload_tactical",
    "inspect": "iw:widowmaker/widowmaker_inspect",
    "inspect_empty": "iw:widowmaker/widowmaker_inspect_empty",
    "draw": "iw:widowmaker/widowmaker_draw",
    "put_away": "iw:widowmaker/widowmaker_put_away",
    "melee_push": "tacz:melee_stock/melee_stock_02",
    "melee_stock": "tacz:melee_stock/melee_stock_03"
  }
}