{
  "model": "iw:gun/xeon_geo",
  "texture": "iw:gun/uv/xeon",
  "state_machine": "iw:xeon_state_machine",
  "lod": {
    "model": "iw:gun/lod/xeon",
    "texture": "iw:gun/lod/xeon"
  },
  "hud": "iw:gun/hud/xeon",
  "slot": "iw:gun/slot/xeon",
  "animation": "iw:xeon",
  "use_default_animation": "rifle",
  "third_person_animation": "default",
  "transform": {
    "scale": {
      "thirdperson": [0.6, 0.6, 0.6],
      "ground": [0.6, 0.6, 0.6],
      "fixed": [1.2, 1.2, 1.2]
    }
  },
  "muzzle_flash": {
    "texture": "cod:flash/energy_muzzle_flash",
    "scale": 0.75
  },
  "iron_zoom": 1.2,
  "sounds": {
    "shoot": "iw:xeon/xeon_shoot",
    "shoot_3p": "iw:xeon/xeon_shoot_3p",
    "silence": "iw:xeon/xeon_silence",
    "silence_3p": "iw:xeon/xeon_silence_3p",
    "melee_push": "tacz:melee_stock/melee_stock_01",
    "melee_stock": "tacz:melee_stock/melee_stock_03"
  }
}