{
	"format_version": "1.12.0",
	"minecraft:geometry": [
		{
			"description": {
				"identifier": "geometry.scope_standard_8x - Converted",
				"texture_width": 512,
				"texture_height": 512,
				"visible_bounds_width": 29,
				"visible_bounds_height": 12,
				"visible_bounds_offset": [0, 2, 0]
			},
			"bones": [
				{
					"name": "root",
					"pivot": [0, -0.1, 0]
				},
				{
					"name": "scope",
					"parent": "root",
					"pivot": [0, -0.11397, -0.16875]
				},
				{
					"name": "scope_view",
					"parent": "root",
					"pivot": [0, 1.19922, 10.8]
				},
				{
					"name": "division",
					"parent": "root",
					"pivot": [0, 1.19688, -89.90625],
					"cubes": [
						{
							"origin": [-17.57836, -16.38148, -90.02719],
							"size": [35.15672, 35.15672, 0.16781],
							"uv": {
								"south": {"uv": [256, 0], "uv_size": [256, 256]}
							}
						},
						{
							"origin": [-60.53836, -46.58773, -90.02719],
							"size": [42.96, 95.56922, 0.16781],
							"uv": {
								"south": {"uv": [475, 219], "uv_size": [37, 37]}
							}
						},
						{
							"origin": [17.57836, -46.58773, -90.02719],
							"size": [42.96, 95.56922, 0.16781],
							"uv": {
								"south": {"uv": [512, 219], "uv_size": [-37, 37]}
							}
						},
						{
							"origin": [-17.57836, 18.77523, -90.02719],
							"size": [35.15672, 30.20625, 0.16781],
							"uv": {
								"south": {"uv": [475, 219], "uv_size": [37, 37]}
							}
						},
						{
							"origin": [-17.57836, -46.58773, -90.02719],
							"size": [35.15672, 30.20625, 0.16781],
							"uv": {
								"south": {"uv": [475, 219], "uv_size": [37, 37]}
							}
						},
						{
							"origin": [-0.91669, 0.86125, -89.77546],
							"size": [0.0923, 0.67125, 0],
							"pivot": [0, 1.19688, -89.85937],
							"rotation": [0, 0, -90],
							"uv": {
								"south": {"uv": [294, 15], "uv_size": [1, 1]}
							}
						},
						{
							"origin": [-1.3362, 1.02906, -89.77546],
							"size": [0.0923, 0.33562, 0],
							"pivot": [0, 1.19688, -89.85937],
							"rotation": [0, 0, -90],
							"uv": {
								"south": {"uv": [294, 15], "uv_size": [1, 1]}
							}
						},
						{
							"origin": [-1.75573, 0.86125, -89.77546],
							"size": [0.0923, 0.67125, 0],
							"pivot": [0, 1.19688, -89.85937],
							"rotation": [0, 0, -90],
							"uv": {
								"south": {"uv": [294, 15], "uv_size": [1, 1]}
							}
						},
						{
							"origin": [-2.17526, 1.02906, -89.77546],
							"size": [0.0923, 0.33562, 0],
							"pivot": [0, 1.19688, -89.85937],
							"rotation": [0, 0, -90],
							"uv": {
								"south": {"uv": [294, 15], "uv_size": [1, 1]}
							}
						},
						{
							"origin": [-2.5948, 0.86125, -89.77546],
							"size": [0.0923, 0.67125, 0],
							"pivot": [0, 1.19688, -89.85937],
							"rotation": [0, 0, -90],
							"uv": {
								"south": {"uv": [294, 15], "uv_size": [1, 1]}
							}
						},
						{
							"origin": [-3.43386, 0.86125, -89.77546],
							"size": [0.0923, 0.67125, 0],
							"pivot": [0, 1.19688, -89.85937],
							"rotation": [0, 0, -90],
							"uv": {
								"south": {"uv": [294, 15], "uv_size": [1, 1]}
							}
						},
						{
							"origin": [-3.01432, 1.02906, -89.77546],
							"size": [0.09229, 0.33562, 0],
							"pivot": [0, 1.19688, -89.85937],
							"rotation": [0, 0, -90],
							"uv": {
								"south": {"uv": [294, 15], "uv_size": [1, 1]}
							}
						},
						{
							"origin": [-3.8534, 1.02906, -89.77546],
							"size": [0.0923, 0.33562, 0],
							"pivot": [0, 1.19688, -89.85937],
							"rotation": [0, 0, -90],
							"uv": {
								"south": {"uv": [294, 15], "uv_size": [1, 1]}
							}
						},
						{
							"origin": [-4.27294, 0.86125, -89.77546],
							"size": [0.0923, 0.67125, 0],
							"pivot": [0, 1.19688, -89.85937],
							"rotation": [0, 0, -90],
							"uv": {
								"south": {"uv": [294, 15], "uv_size": [1, 1]}
							}
						},
						{
							"origin": [-5.11198, 0.86125, -89.77546],
							"size": [0.0923, 0.67125, 0],
							"pivot": [0, 1.19688, -89.85937],
							"rotation": [0, 0, -90],
							"uv": {
								"south": {"uv": [294, 15], "uv_size": [1, 1]}
							}
						},
						{
							"origin": [-4.69245, 1.02906, -89.77546],
							"size": [0.0923, 0.33562, 0],
							"pivot": [0, 1.19688, -89.85937],
							"rotation": [0, 0, -90],
							"uv": {
								"south": {"uv": [294, 15], "uv_size": [1, 1]}
							}
						},
						{
							"origin": [-6.37057, 1.02906, -89.77546],
							"size": [0.09229, 0.33562, 0],
							"pivot": [0, 1.19688, -89.85937],
							"rotation": [0, 0, -90],
							"uv": {
								"south": {"uv": [294, 15], "uv_size": [1, 1]}
							}
						},
						{
							"origin": [-6.79011, 0.86125, -89.77546],
							"size": [0.0923, 0.67125, 0],
							"pivot": [0, 1.19688, -89.85937],
							"rotation": [0, 0, -90],
							"uv": {
								"south": {"uv": [294, 15], "uv_size": [1, 1]}
							}
						},
						{
							"origin": [-5.95105, 0.86125, -89.77546],
							"size": [0.09229, 0.67125, 0],
							"pivot": [0, 1.19688, -89.85937],
							"rotation": [0, 0, -90],
							"uv": {
								"south": {"uv": [294, 15], "uv_size": [1, 1]}
							}
						},
						{
							"origin": [-5.53151, 1.02906, -89.77546],
							"size": [0.0923, 0.33562, 0],
							"pivot": [0, 1.19688, -89.85937],
							"rotation": [0, 0, -90],
							"uv": {
								"south": {"uv": [294, 15], "uv_size": [1, 1]}
							}
						},
						{
							"origin": [-7.20964, 1.02906, -89.77546],
							"size": [0.0923, 0.33562, 0],
							"pivot": [0, 1.19688, -89.85937],
							"rotation": [0, 0, -90],
							"uv": {
								"south": {"uv": [294, 15], "uv_size": [1, 1]}
							}
						},
						{
							"origin": [-7.62917, 0.86124, -89.77546],
							"size": [0.0923, 0.67125, 0],
							"pivot": [0, 1.19688, -89.85937],
							"rotation": [0, 0, -90],
							"uv": {
								"south": {"uv": [294, 15], "uv_size": [1, 1]}
							}
						},
						{
							"origin": [-8.46822, 0.86124, -89.77546],
							"size": [0.0923, 0.67125, 0],
							"pivot": [0, 1.19688, -89.85937],
							"rotation": [0, 0, -90],
							"uv": {
								"south": {"uv": [294, 15], "uv_size": [1, 1]}
							}
						},
						{
							"origin": [-8.04869, 1.02906, -89.77546],
							"size": [0.0923, 0.33562, 0],
							"pivot": [0, 1.19688, -89.85937],
							"rotation": [0, 0, -90],
							"uv": {
								"south": {"uv": [294, 15], "uv_size": [1, 1]}
							}
						},
						{
							"origin": [-8.88775, 1.02906, -89.77546],
							"size": [0.0923, 0.33562, 0],
							"pivot": [0, 1.19688, -89.85937],
							"rotation": [0, 0, -90],
							"uv": {
								"south": {"uv": [294, 15], "uv_size": [1, 1]}
							}
						},
						{
							"origin": [9.3975, 0.95565, -89.77546],
							"size": [8.72625, 0.50344, 0],
							"uv": {
								"south": {"uv": [294, 15], "uv_size": [1, 1]}
							}
						},
						{
							"origin": [9.387, 0.94516, -89.77546],
							"size": [8.72625, 0.50344, 0],
							"pivot": [0, 1.19688, -89.85937],
							"rotation": [0, 0, 90],
							"uv": {
								"south": {"uv": [294, 15], "uv_size": [1, 1]}
							}
						},
						{
							"origin": [-6.81561, -5.63356, -89.77546],
							"size": [0.35598, 0.356, 0],
							"pivot": [0, 1.19688, -89.85937],
							"rotation": [0, 0, -135],
							"uv": {
								"south": {"uv": [294, 15], "uv_size": [1, 1]}
							}
						},
						{
							"origin": [-6.81561, 7.65651, -89.77546],
							"size": [0.35598, 0.35598, 0],
							"pivot": [0, 1.19688, -89.85937],
							"rotation": [0, 0, -135],
							"uv": {
								"south": {"uv": [294, 15], "uv_size": [1, 1]}
							}
						},
						{
							"origin": [6.45963, -5.63356, -89.77546],
							"size": [0.35598, 0.356, 0],
							"pivot": [0, 1.19688, -89.85937],
							"rotation": [0, 0, 135],
							"uv": {
								"south": {"uv": [295, 15], "uv_size": [-1, 1]}
							}
						},
						{
							"origin": [-18.12375, 0.95565, -89.77546],
							"size": [8.72625, 0.50344, 0],
							"uv": {
								"south": {"uv": [295, 15], "uv_size": [-1, 1]}
							}
						},
						{
							"origin": [0.902, 1.19266, -89.77546],
							"size": [0.10907, 0.50344, 0],
							"pivot": [0, 1.19688, -89.85937],
							"rotation": [0, 0, 180],
							"uv": {
								"south": {"uv": [295, 15], "uv_size": [-1, 1]}
							}
						},
						{
							"origin": [1.40544, 1.19266, -89.77546],
							"size": [0.10907, 0.38597, 0],
							"pivot": [0, 1.19688, -89.85937],
							"rotation": [0, 0, 180],
							"uv": {
								"south": {"uv": [295, 15], "uv_size": [-1, 1]}
							}
						},
						{
							"origin": [1.90888, 1.19266, -89.77546],
							"size": [0.10907, 0.38597, 0],
							"pivot": [0, 1.19688, -89.85937],
							"rotation": [0, 0, 180],
							"uv": {
								"south": {"uv": [295, 15], "uv_size": [-1, 1]}
							}
						},
						{
							"origin": [2.41232, 1.19266, -89.77546],
							"size": [0.10907, 0.50344, 0],
							"pivot": [0, 1.19688, -89.85937],
							"rotation": [0, 0, 180],
							"uv": {
								"south": {"uv": [295, 15], "uv_size": [-1, 1]}
							}
						},
						{
							"origin": [4.42606, 1.19266, -89.77546],
							"size": [0.10907, 0.38597, 0],
							"pivot": [0, 1.19688, -89.85937],
							"rotation": [0, 0, 180],
							"uv": {
								"south": {"uv": [295, 15], "uv_size": [-1, 1]}
							}
						},
						{
							"origin": [3.92263, 1.19266, -89.77546],
							"size": [0.10907, 0.50344, 0],
							"pivot": [0, 1.19688, -89.85937],
							"rotation": [0, 0, 180],
							"uv": {
								"south": {"uv": [295, 15], "uv_size": [-1, 1]}
							}
						},
						{
							"origin": [3.41919, 1.19266, -89.77546],
							"size": [0.10907, 0.38597, 0],
							"pivot": [0, 1.19688, -89.85937],
							"rotation": [0, 0, 180],
							"uv": {
								"south": {"uv": [295, 15], "uv_size": [-1, 1]}
							}
						},
						{
							"origin": [2.91575, 1.19266, -89.77546],
							"size": [0.10907, 0.38597, 0],
							"pivot": [0, 1.19688, -89.85937],
							"rotation": [0, 0, 180],
							"uv": {
								"south": {"uv": [295, 15], "uv_size": [-1, 1]}
							}
						},
						{
							"origin": [6.94325, 1.19266, -89.77546],
							"size": [0.10907, 0.50344, 0],
							"pivot": [0, 1.19688, -89.85937],
							"rotation": [0, 0, 180],
							"uv": {
								"south": {"uv": [295, 15], "uv_size": [-1, 1]}
							}
						},
						{
							"origin": [7.44669, 1.19266, -89.77546],
							"size": [0.10907, 0.38597, 0],
							"pivot": [0, 1.19688, -89.85937],
							"rotation": [0, 0, 180],
							"uv": {
								"south": {"uv": [295, 15], "uv_size": [-1, 1]}
							}
						},
						{
							"origin": [7.95013, 1.19266, -89.77546],
							"size": [0.10907, 0.38597, 0],
							"pivot": [0, 1.19688, -89.85937],
							"rotation": [0, 0, 180],
							"uv": {
								"south": {"uv": [295, 15], "uv_size": [-1, 1]}
							}
						},
						{
							"origin": [8.45357, 1.19266, -89.77546],
							"size": [0.10907, 0.50344, 0],
							"pivot": [0, 1.19688, -89.85937],
							"rotation": [0, 0, 180],
							"uv": {
								"south": {"uv": [295, 15], "uv_size": [-1, 1]}
							}
						},
						{
							"origin": [6.43982, 1.19266, -89.77546],
							"size": [0.10907, 0.38597, 0],
							"pivot": [0, 1.19688, -89.85937],
							"rotation": [0, 0, 180],
							"uv": {
								"south": {"uv": [295, 15], "uv_size": [-1, 1]}
							}
						},
						{
							"origin": [5.93638, 1.19266, -89.77546],
							"size": [0.10907, 0.38597, 0],
							"pivot": [0, 1.19688, -89.85937],
							"rotation": [0, 0, 180],
							"uv": {
								"south": {"uv": [295, 15], "uv_size": [-1, 1]}
							}
						},
						{
							"origin": [5.43294, 1.19266, -89.77546],
							"size": [0.10907, 0.50344, 0],
							"pivot": [0, 1.19688, -89.85937],
							"rotation": [0, 0, 180],
							"uv": {
								"south": {"uv": [295, 15], "uv_size": [-1, 1]}
							}
						},
						{
							"origin": [4.9295, 1.19266, -89.77546],
							"size": [0.10907, 0.38597, 0],
							"pivot": [0, 1.19688, -89.85937],
							"rotation": [0, 0, 180],
							"uv": {
								"south": {"uv": [295, 15], "uv_size": [-1, 1]}
							}
						},
						{
							"origin": [-1.01106, 1.19266, -89.77546],
							"size": [0.10907, 0.50344, 0],
							"pivot": [0, 1.19688, -89.85937],
							"rotation": [0, 0, -180],
							"uv": {
								"south": {"uv": [294, 15], "uv_size": [1, 1]}
							}
						},
						{
							"origin": [-1.5145, 1.19266, -89.77546],
							"size": [0.10907, 0.38597, 0],
							"pivot": [0, 1.19688, -89.85937],
							"rotation": [0, 0, -180],
							"uv": {
								"south": {"uv": [294, 15], "uv_size": [1, 1]}
							}
						},
						{
							"origin": [-2.01793, 1.19266, -89.77546],
							"size": [0.10907, 0.38597, 0],
							"pivot": [0, 1.19688, -89.85937],
							"rotation": [0, 0, -180],
							"uv": {
								"south": {"uv": [294, 15], "uv_size": [1, 1]}
							}
						},
						{
							"origin": [-2.52137, 1.19266, -89.77546],
							"size": [0.10907, 0.50344, 0],
							"pivot": [0, 1.19688, -89.85937],
							"rotation": [0, 0, -180],
							"uv": {
								"south": {"uv": [294, 15], "uv_size": [1, 1]}
							}
						},
						{
							"origin": [-4.53512, 1.19266, -89.77546],
							"size": [0.10907, 0.38597, 0],
							"pivot": [0, 1.19688, -89.85937],
							"rotation": [0, 0, -180],
							"uv": {
								"south": {"uv": [294, 15], "uv_size": [1, 1]}
							}
						},
						{
							"origin": [-4.03169, 1.19266, -89.77546],
							"size": [0.10907, 0.50344, 0],
							"pivot": [0, 1.19688, -89.85937],
							"rotation": [0, 0, -180],
							"uv": {
								"south": {"uv": [294, 15], "uv_size": [1, 1]}
							}
						},
						{
							"origin": [-3.52825, 1.19266, -89.77546],
							"size": [0.10907, 0.38597, 0],
							"pivot": [0, 1.19688, -89.85937],
							"rotation": [0, 0, -180],
							"uv": {
								"south": {"uv": [294, 15], "uv_size": [1, 1]}
							}
						},
						{
							"origin": [-3.02481, 1.19266, -89.77546],
							"size": [0.10907, 0.38597, 0],
							"pivot": [0, 1.19688, -89.85937],
							"rotation": [0, 0, -180],
							"uv": {
								"south": {"uv": [294, 15], "uv_size": [1, 1]}
							}
						},
						{
							"origin": [-7.05231, 1.19266, -89.77546],
							"size": [0.10907, 0.50344, 0],
							"pivot": [0, 1.19688, -89.85937],
							"rotation": [0, 0, -180],
							"uv": {
								"south": {"uv": [294, 15], "uv_size": [1, 1]}
							}
						},
						{
							"origin": [-7.55575, 1.19266, -89.77546],
							"size": [0.10907, 0.38597, 0],
							"pivot": [0, 1.19688, -89.85937],
							"rotation": [0, 0, -180],
							"uv": {
								"south": {"uv": [294, 15], "uv_size": [1, 1]}
							}
						},
						{
							"origin": [-8.05918, 1.19266, -89.77546],
							"size": [0.10907, 0.38597, 0],
							"pivot": [0, 1.19688, -89.85937],
							"rotation": [0, 0, -180],
							"uv": {
								"south": {"uv": [294, 15], "uv_size": [1, 1]}
							}
						},
						{
							"origin": [-8.56262, 1.19266, -89.77546],
							"size": [0.10907, 0.50344, 0],
							"pivot": [0, 1.19688, -89.85937],
							"rotation": [0, 0, -180],
							"uv": {
								"south": {"uv": [294, 15], "uv_size": [1, 1]}
							}
						},
						{
							"origin": [-6.54887, 1.19266, -89.77546],
							"size": [0.10907, 0.38597, 0],
							"pivot": [0, 1.19688, -89.85937],
							"rotation": [0, 0, -180],
							"uv": {
								"south": {"uv": [294, 15], "uv_size": [1, 1]}
							}
						},
						{
							"origin": [-6.04543, 1.19266, -89.77546],
							"size": [0.10907, 0.38597, 0],
							"pivot": [0, 1.19688, -89.85937],
							"rotation": [0, 0, -180],
							"uv": {
								"south": {"uv": [294, 15], "uv_size": [1, 1]}
							}
						},
						{
							"origin": [-5.54201, 1.19266, -89.77546],
							"size": [0.10907, 0.50344, 0],
							"pivot": [0, 1.19688, -89.85937],
							"rotation": [0, 0, -180],
							"uv": {
								"south": {"uv": [294, 15], "uv_size": [1, 1]}
							}
						},
						{
							"origin": [-5.03856, 1.19266, -89.77546],
							"size": [0.10907, 0.38597, 0],
							"pivot": [0, 1.19688, -89.85937],
							"rotation": [0, 0, -180],
							"uv": {
								"south": {"uv": [294, 15], "uv_size": [1, 1]}
							}
						}
					]
				},
				{
					"name": "dot_illuminated",
					"parent": "division",
					"pivot": [0, 1.20274, -89.22656],
					"cubes": [
						{
							"origin": [-0.48038, 1.13814, -89.81742],
							"size": [0.93975, 0.11746, 0],
							"pivot": [0, 1.19688, -89.85937],
							"rotation": [0, 0, 90],
							"uv": {
								"south": {"uv": [281.5, 28], "uv_size": [3, 3]}
							}
						},
						{
							"origin": [-0.46987, 1.14864, -89.81742],
							"size": [0.93975, 0.11746, 0],
							"uv": {
								"south": {"uv": [281.5, 28], "uv_size": [3, 3]}
							}
						}
					]
				},
				{
					"name": "ocular_ring",
					"parent": "root",
					"pivot": [-12.75, 1.19685, 21.86344],
					"cubes": [
						{
							"origin": [-0.27125, 0.40057, 1.76594],
							"size": [0.5425, -0.01438, 2.8],
							"inflate": 0.1,
							"uv": {
								"north": {"uv": [176, 192], "uv_size": [2, 0.5]},
								"east": {"uv": [175, 63], "uv_size": [9, 0.5]},
								"south": {"uv": [189, 192], "uv_size": [2, 0.5]},
								"west": {"uv": [175, 140], "uv_size": [9, 0.5]},
								"up": {"uv": [140, 19], "uv_size": [2, 9]},
								"down": {"uv": [140, 102], "uv_size": [2, -9]}
							}
						},
						{
							"origin": [-0.27125, 2.0075, 1.76594],
							"size": [0.5425, -0.01438, 2.8],
							"inflate": 0.1,
							"uv": {
								"north": {"uv": [192, 192], "uv_size": [2, 0.5]},
								"east": {"uv": [176, 24], "uv_size": [9, 0.5]},
								"south": {"uv": [193, 2], "uv_size": [2, 0.5]},
								"west": {"uv": [176, 31], "uv_size": [9, 0.5]},
								"up": {"uv": [141, 63], "uv_size": [2, 9]},
								"down": {"uv": [99, 150], "uv_size": [2, -9]}
							}
						},
						{
							"origin": [0.55803, 0.3157, 1.76594],
							"size": [-0.01438, 0.5425, 2.8],
							"inflate": 0.1,
							"pivot": [0.6099, 0.58695, -11.90531],
							"rotation": [0, 0, 45],
							"uv": {
								"north": {"uv": [193, 4], "uv_size": [0.5, 2]},
								"east": {"uv": [137, 124], "uv_size": [9, 2]},
								"south": {"uv": [6, 193], "uv_size": [0.5, 2]},
								"west": {"uv": [140, 0], "uv_size": [9, 2]},
								"up": {"uv": [64, 176], "uv_size": [0.5, 9]},
								"down": {"uv": [66, 185], "uv_size": [0.5, -9]}
							}
						},
						{
							"origin": [0.81065, 0.9256, 1.76594],
							"size": [-0.01437, 0.5425, 2.8],
							"inflate": 0.1,
							"uv": {
								"north": {"uv": [8, 193], "uv_size": [0.5, 2]},
								"east": {"uv": [140, 29], "uv_size": [9, 2]},
								"south": {"uv": [10, 193], "uv_size": [0.5, 2]},
								"west": {"uv": [141, 3], "uv_size": [9, 2]},
								"up": {"uv": [68, 176], "uv_size": [0.5, 9]},
								"down": {"uv": [70, 185], "uv_size": [0.5, -9]}
							}
						},
						{
							"origin": [0.79667, 1.63435, 1.76594],
							"size": [-0.01437, 0.5425, 2.8],
							"inflate": 0.1,
							"pivot": [0.84855, 1.56809, -11.90531],
							"rotation": [0, 0, -45],
							"uv": {
								"north": {"uv": [193, 10], "uv_size": [0.5, 2]},
								"east": {"uv": [141, 6], "uv_size": [9, 2]},
								"south": {"uv": [12, 193], "uv_size": [0.5, 2]},
								"west": {"uv": [141, 129], "uv_size": [9, 2]},
								"up": {"uv": [72, 176], "uv_size": [0.5, 9]},
								"down": {"uv": [78, 185], "uv_size": [0.5, -9]}
							}
						},
						{
							"origin": [-0.54365, 0.3157, 1.76594],
							"size": [-0.01438, 0.5425, 2.8],
							"inflate": 0.1,
							"pivot": [-0.6099, 0.58695, -11.90531],
							"rotation": [0, 0, -45],
							"uv": {
								"north": {"uv": [71, 194], "uv_size": [0.5, 2]},
								"east": {"uv": [143, 108], "uv_size": [9, 2]},
								"south": {"uv": [73, 194], "uv_size": [0.5, 2]},
								"west": {"uv": [143, 111], "uv_size": [9, 2]},
								"up": {"uv": [177, 110], "uv_size": [0.5, 9]},
								"down": {"uv": [125, 186], "uv_size": [0.5, -9]}
							}
						},
						{
							"origin": [-0.79628, 0.9256, 1.76594],
							"size": [-0.01437, 0.5425, 2.8],
							"inflate": 0.1,
							"uv": {
								"north": {"uv": [75, 194], "uv_size": [0.5, 2]},
								"east": {"uv": [144, 70], "uv_size": [9, 2]},
								"south": {"uv": [77, 194], "uv_size": [0.5, 2]},
								"west": {"uv": [105, 144], "uv_size": [9, 2]},
								"up": {"uv": [127, 177], "uv_size": [0.5, 9]},
								"down": {"uv": [129, 186], "uv_size": [0.5, -9]}
							}
						},
						{
							"origin": [-0.7823, 1.63435, 1.76594],
							"size": [-0.01437, 0.5425, 2.8],
							"inflate": 0.1,
							"pivot": [-0.84855, 1.56809, -11.90531],
							"rotation": [0, 0, 45],
							"uv": {
								"north": {"uv": [79, 194], "uv_size": [0.5, 2]},
								"east": {"uv": [115, 144], "uv_size": [9, 2]},
								"south": {"uv": [81, 194], "uv_size": [0.5, 2]},
								"west": {"uv": [144, 117], "uv_size": [9, 2]},
								"up": {"uv": [131, 177], "uv_size": [0.5, 9]},
								"down": {"uv": [177, 151], "uv_size": [0.5, -9]}
							}
						},
						{
							"origin": [-0.29724, 0.33854, 3.50883],
							"size": [0.59447, -0.00138, 0.71485],
							"inflate": 0.1,
							"uv": {
								"north": {"uv": [2, 220], "uv_size": [1, 2]},
								"south": {"uv": [5, 220], "uv_size": [1, 2]},
								"down": {"uv": [3, 220], "uv_size": [1, -2]}
							}
						},
						{
							"origin": [0.86015, 0.90006, 3.50858],
							"size": [-0.00088, 0.59497, 0.71535],
							"inflate": 0.099,
							"pivot": [0, 1.19755, 3.86626],
							"rotation": [0, 0, 45],
							"uv": {
								"north": {"uv": [2, 215], "uv_size": [1, 2]},
								"south": {"uv": [5, 215], "uv_size": [1, 2]},
								"west": {"uv": [3, 215], "uv_size": [2, 2]}
							}
						},
						{
							"origin": [0.86039, 0.90031, 3.50883],
							"size": [-0.00138, 0.59447, 0.71485],
							"inflate": 0.1,
							"uv": {
								"north": {"uv": [2, 200], "uv_size": [1, 2]},
								"south": {"uv": [5, 200], "uv_size": [1, 2]},
								"west": {"uv": [3, 200], "uv_size": [2, 2]}
							}
						},
						{
							"origin": [0.86015, 0.90006, 3.50858],
							"size": [-0.00089, 0.59497, 0.71535],
							"inflate": 0.099,
							"pivot": [0, 1.19755, 3.86626],
							"rotation": [0, 0, -45],
							"uv": {
								"north": {"uv": [2, 210], "uv_size": [1, 2]},
								"south": {"uv": [5, 210], "uv_size": [1, 2]},
								"west": {"uv": [3, 210], "uv_size": [2, 2]}
							}
						},
						{
							"origin": [-0.85927, 0.90006, 3.50858],
							"size": [-0.00088, 0.59497, 0.71535],
							"inflate": 0.099,
							"pivot": [0, 1.19755, 3.86626],
							"rotation": [0, 0, -45],
							"uv": {
								"north": {"uv": [3, 215], "uv_size": [-1, 2]},
								"east": {"uv": [5, 215], "uv_size": [-2, 2]},
								"south": {"uv": [6, 215], "uv_size": [-1, 2]}
							}
						},
						{
							"origin": [-0.85901, 0.90031, 3.50883],
							"size": [-0.00138, 0.59447, 0.71485],
							"inflate": 0.1,
							"uv": {
								"north": {"uv": [3, 200], "uv_size": [-1, 2]},
								"east": {"uv": [5, 200], "uv_size": [-2, 2]},
								"south": {"uv": [6, 200], "uv_size": [-1, 2]}
							}
						},
						{
							"origin": [-0.85926, 0.90006, 3.50858],
							"size": [-0.00089, 0.59497, 0.71535],
							"inflate": 0.099,
							"pivot": [0, 1.19755, 3.86626],
							"rotation": [0, 0, 45],
							"uv": {
								"north": {"uv": [3, 210], "uv_size": [-1, 2]},
								"east": {"uv": [5, 210], "uv_size": [-2, 2]},
								"south": {"uv": [6, 210], "uv_size": [-1, 2]}
							}
						},
						{
							"origin": [0.00069, 1.76002, 3.50883],
							"size": [-0.00139, 0.59447, 0.71485],
							"inflate": 0.1,
							"pivot": [0, 2.05726, 3.86626],
							"rotation": [0, 0, -90],
							"uv": {
								"north": {"uv": [2, 205], "uv_size": [1, 2]},
								"south": {"uv": [5, 205], "uv_size": [1, 2]},
								"west": {"uv": [3, 205], "uv_size": [2, 2]}
							}
						}
					]
				},
				{
					"name": "ocular",
					"parent": "root",
					"pivot": [0, 1.19685, 4.12594],
					"cubes": [
						{
							"origin": [-0.84375, 0.3531, 3.73219],
							"size": [1.6875, 1.6875, 0],
							"pivot": [0, 1.19685, 4.12594],
							"rotation": [0, 180, 0],
							"uv": {
								"north": {"uv": [132, 9], "uv_size": [5, 5]}
							}
						}
					]
				},
				{
					"name": "scope_body",
					"parent": "root",
					"pivot": [-16.5, 0.56875, 0.65625]
				},
				{
					"name": "ads_hide",
					"parent": "scope_body",
					"pivot": [0, 0.56875, 0.65625],
					"cubes": [
						{
							"origin": [-0.40375, 0.36353, 0.44],
							"size": [0.8075, 0.30125, 1.4825],
							"inflate": -0.1,
							"uv": {
								"north": {"uv": [193, 34], "uv_size": [2, 0.5]},
								"down": {"uv": [164, 9], "uv_size": [2, -4]}
							}
						},
						{
							"origin": [-0.40375, 1.72892, 0.44],
							"size": [0.8075, 0.30125, 1.4825],
							"inflate": -0.1,
							"uv": {
								"north": {"uv": [193, 38], "uv_size": [2, 0.5]},
								"up": {"uv": [6, 164], "uv_size": [2, 4]}
							}
						},
						{
							"origin": [0.3074, 0.2507, 0.44],
							"size": [0.30125, 0.8075, 1.4825],
							"inflate": -0.1,
							"pivot": [0.5424, 0.65445, -19.40625],
							"rotation": [0, 0, 45],
							"uv": {
								"north": {"uv": [193, 40], "uv_size": [0.5, 2]},
								"west": {"uv": [31, 164], "uv_size": [4, 2]}
							}
						},
						{
							"origin": [0.53207, 0.7931, 0.44],
							"size": [0.30125, 0.8075, 1.4825],
							"inflate": -0.1,
							"uv": {
								"north": {"uv": [193, 47], "uv_size": [0.5, 2]},
								"west": {"uv": [49, 164], "uv_size": [4, 2]}
							}
						},
						{
							"origin": [0.54605, 1.43434, 0.44],
							"size": [0.30125, 0.8075, 1.4825],
							"inflate": -0.1,
							"pivot": [0.78105, 1.5006, -19.40625],
							"rotation": [0, 0, -45],
							"uv": {
								"north": {"uv": [193, 53], "uv_size": [0.5, 2]},
								"west": {"uv": [164, 127], "uv_size": [4, 2]}
							}
						},
						{
							"origin": [-0.60865, 0.2507, 0.44],
							"size": [0.30125, 0.8075, 1.4825],
							"inflate": -0.1,
							"pivot": [-0.5424, 0.65445, -19.40625],
							"rotation": [0, 0, -45],
							"uv": {
								"north": {"uv": [193.5, 40], "uv_size": [-0.5, 2]},
								"east": {"uv": [35, 164], "uv_size": [-4, 2]}
							}
						},
						{
							"origin": [-0.83332, 0.7931, 0.44],
							"size": [0.30125, 0.8075, 1.4825],
							"inflate": -0.1,
							"uv": {
								"north": {"uv": [193.5, 47], "uv_size": [-0.5, 2]},
								"east": {"uv": [53, 164], "uv_size": [-4, 2]}
							}
						},
						{
							"origin": [-0.8473, 1.43434, 0.44],
							"size": [0.30125, 0.8075, 1.4825],
							"inflate": -0.1,
							"pivot": [-0.78105, 1.5006, -19.40625],
							"rotation": [0, 0, 45],
							"uv": {
								"north": {"uv": [193.5, 53], "uv_size": [-0.5, 2]},
								"east": {"uv": [168, 127], "uv_size": [-4, 2]}
							}
						}
					]
				},
				{
					"name": "mount_hide",
					"parent": "ads_hide",
					"pivot": [0, 0.56875, 0.65625],
					"cubes": [
						{
							"origin": [0.13865, 0.2507, -5.46625],
							"size": [0.47, 0.8075, 1.145],
							"inflate": -0.1,
							"pivot": [0.5424, 0.65445, -24.6375],
							"rotation": [0, 0, 45],
							"uv": {
								"north": {"uv": [56, 188], "uv_size": [1, 2]},
								"south": {"uv": [188, 64], "uv_size": [1, 2]},
								"west": {"uv": [170, 49], "uv_size": [3, 2]}
							}
						},
						{
							"origin": [0.3773, 1.43434, -5.46625],
							"size": [0.47, 0.8075, 1.145],
							"inflate": -0.1,
							"pivot": [0.78105, 1.5006, -24.6375],
							"rotation": [0, 0, -45],
							"uv": {
								"north": {"uv": [78, 188], "uv_size": [1, 2]},
								"south": {"uv": [80, 188], "uv_size": [1, 2]},
								"west": {"uv": [170, 133], "uv_size": [3, 2]}
							}
						},
						{
							"origin": [-0.40375, 1.56016, -5.46625],
							"size": [0.8075, 0.47, 1.145],
							"inflate": -0.1,
							"uv": {
								"north": {"uv": [188, 60], "uv_size": [2, 1]},
								"south": {"uv": [93, 188], "uv_size": [2, 1]},
								"up": {"uv": [171, 0], "uv_size": [2, 3]}
							}
						},
						{
							"origin": [0.72868, 0.96373, -5.46625],
							"size": [0.47, 0.47, 1.145],
							"inflate": -0.1,
							"uv": {
								"north": {"uv": [166, 194], "uv_size": [1, 1]},
								"south": {"uv": [168, 194], "uv_size": [1, 1]},
								"west": {"uv": [108, 186], "uv_size": [3, 1]}
							}
						},
						{
							"origin": [0.3195, 0.87073, -5.46691],
							"size": [0.80882, 0.50507, 1.14633],
							"inflate": -0.101,
							"pivot": [0.8546, 1.17805, -4.89375],
							"rotation": [0, 0, -25],
							"uv": {
								"north": {"uv": [190, 30], "uv_size": [2, 1]},
								"south": {"uv": [190, 39], "uv_size": [2, 1]},
								"down": {"uv": [24, 177], "uv_size": [2, -3]}
							}
						},
						{
							"origin": [0.3195, 1.00289, -5.46691],
							"size": [0.80882, 0.52382, 1.14633],
							"inflate": -0.101,
							"pivot": [0.8546, 1.2194, -4.89375],
							"rotation": [0, 0, 25],
							"uv": {
								"north": {"uv": [190, 41], "uv_size": [2, 1]},
								"south": {"uv": [190, 47], "uv_size": [2, 1]},
								"up": {"uv": [40, 174], "uv_size": [2, 3]}
							}
						},
						{
							"origin": [-0.60865, 0.2507, -5.46625],
							"size": [0.47, 0.8075, 1.145],
							"inflate": -0.1,
							"pivot": [-0.5424, 0.65445, -24.6375],
							"rotation": [0, 0, -45],
							"uv": {
								"north": {"uv": [57, 188], "uv_size": [-1, 2]},
								"east": {"uv": [173, 49], "uv_size": [-3, 2]},
								"south": {"uv": [189, 64], "uv_size": [-1, 2]}
							}
						},
						{
							"origin": [-1.12833, 0.87073, -5.46691],
							"size": [0.80882, 0.50507, 1.14633],
							"inflate": -0.101,
							"pivot": [-0.8546, 1.17805, -4.89375],
							"rotation": [0, 0, 25],
							"uv": {
								"north": {"uv": [192, 30], "uv_size": [-2, 1]},
								"south": {"uv": [192, 39], "uv_size": [-2, 1]},
								"down": {"uv": [26, 177], "uv_size": [-2, -3]}
							}
						},
						{
							"origin": [-1.19867, 0.96373, -5.46625],
							"size": [0.47, 0.47, 1.145],
							"inflate": -0.1,
							"uv": {
								"north": {"uv": [167, 194], "uv_size": [-1, 1]},
								"east": {"uv": [111, 186], "uv_size": [-3, 1]},
								"south": {"uv": [169, 194], "uv_size": [-1, 1]}
							}
						},
						{
							"origin": [-1.12833, 1.00289, -5.46691],
							"size": [0.80882, 0.52382, 1.14633],
							"inflate": -0.101,
							"pivot": [-0.8546, 1.2194, -4.89375],
							"rotation": [0, 0, -25],
							"uv": {
								"north": {"uv": [192, 41], "uv_size": [-2, 1]},
								"south": {"uv": [192, 47], "uv_size": [-2, 1]},
								"up": {"uv": [42, 174], "uv_size": [-2, 3]}
							}
						},
						{
							"origin": [-0.8473, 1.43434, -5.46625],
							"size": [0.47, 0.8075, 1.145],
							"inflate": -0.1,
							"pivot": [-0.78105, 1.5006, -24.6375],
							"rotation": [0, 0, 45],
							"uv": {
								"north": {"uv": [79, 188], "uv_size": [-1, 2]},
								"east": {"uv": [173, 133], "uv_size": [-3, 2]},
								"south": {"uv": [81, 188], "uv_size": [-1, 2]}
							}
						},
						{
							"origin": [0.13865, 0.2507, -1.2475],
							"size": [0.47, 0.8075, 1.145],
							"inflate": -0.1,
							"pivot": [0.5424, 0.65445, -20.41875],
							"rotation": [0, 0, 45],
							"uv": {
								"north": {"uv": [56, 188], "uv_size": [1, 2]},
								"south": {"uv": [188, 64], "uv_size": [1, 2]},
								"west": {"uv": [170, 49], "uv_size": [3, 2]}
							}
						},
						{
							"origin": [0.3773, 1.43434, -1.2475],
							"size": [0.47, 0.8075, 1.145],
							"inflate": -0.1,
							"pivot": [0.78105, 1.5006, -20.41875],
							"rotation": [0, 0, -45],
							"uv": {
								"north": {"uv": [78, 188], "uv_size": [1, 2]},
								"south": {"uv": [80, 188], "uv_size": [1, 2]},
								"west": {"uv": [170, 133], "uv_size": [3, 2]}
							}
						},
						{
							"origin": [-0.40375, 1.56016, -1.2475],
							"size": [0.8075, 0.47, 1.145],
							"inflate": -0.1,
							"uv": {
								"north": {"uv": [188, 60], "uv_size": [2, 1]},
								"south": {"uv": [93, 188], "uv_size": [2, 1]},
								"up": {"uv": [171, 0], "uv_size": [2, 3]}
							}
						},
						{
							"origin": [0.72868, 0.96373, -1.2475],
							"size": [0.47, 0.47, 1.145],
							"inflate": -0.1,
							"uv": {
								"north": {"uv": [166, 194], "uv_size": [1, 1]},
								"south": {"uv": [168, 194], "uv_size": [1, 1]},
								"west": {"uv": [108, 186], "uv_size": [3, 1]}
							}
						},
						{
							"origin": [0.3195, 0.87073, -1.24816],
							"size": [0.80882, 0.50507, 1.14632],
							"inflate": -0.101,
							"pivot": [0.8546, 1.17805, -0.675],
							"rotation": [0, 0, -25],
							"uv": {
								"north": {"uv": [190, 30], "uv_size": [2, 1]},
								"south": {"uv": [190, 39], "uv_size": [2, 1]},
								"down": {"uv": [24, 177], "uv_size": [2, -3]}
							}
						},
						{
							"origin": [0.3195, 1.00289, -1.24816],
							"size": [0.80882, 0.52382, 1.14632],
							"inflate": -0.101,
							"pivot": [0.8546, 1.2194, -0.675],
							"rotation": [0, 0, 25],
							"uv": {
								"north": {"uv": [190, 41], "uv_size": [2, 1]},
								"south": {"uv": [190, 47], "uv_size": [2, 1]},
								"up": {"uv": [40, 174], "uv_size": [2, 3]}
							}
						},
						{
							"origin": [0.70933, 1.42647, -1.03541],
							"size": [0.2625, 0.1875, 0.2625],
							"pivot": [0.72335, 1.3319, -0.675],
							"rotation": [0, 0, 25],
							"uv": {
								"north": {"uv": [0, 0], "uv_size": [1, 1]},
								"east": {"uv": [0, 0], "uv_size": [1, 1]},
								"south": {"uv": [0, 0], "uv_size": [1, 1]},
								"west": {"uv": [0, 0], "uv_size": [1, 1]},
								"up": {"uv": [0, 0], "uv_size": [1, 1]}
							}
						},
						{
							"origin": [0.70933, 1.42647, -0.56666],
							"size": [0.2625, 0.1875, 0.2625],
							"pivot": [0.72335, 1.3319, -0.20625],
							"rotation": [0, 0, 25],
							"uv": {
								"north": {"uv": [0, 0], "uv_size": [1, 1]},
								"east": {"uv": [0, 0], "uv_size": [1, 1]},
								"south": {"uv": [0, 0], "uv_size": [1, 1]},
								"west": {"uv": [0, 0], "uv_size": [1, 1]},
								"up": {"uv": [0, 0], "uv_size": [1, 1]}
							}
						},
						{
							"origin": [0.70933, 1.42647, -4.78541],
							"size": [0.2625, 0.1875, 0.2625],
							"pivot": [0.72335, 1.3319, -4.425],
							"rotation": [0, 0, 25],
							"uv": {
								"north": {"uv": [0, 0], "uv_size": [1, 1]},
								"east": {"uv": [0, 0], "uv_size": [1, 1]},
								"south": {"uv": [0, 0], "uv_size": [1, 1]},
								"west": {"uv": [0, 0], "uv_size": [1, 1]},
								"up": {"uv": [0, 0], "uv_size": [1, 1]}
							}
						},
						{
							"origin": [0.70933, 1.42647, -5.25416],
							"size": [0.2625, 0.1875, 0.2625],
							"pivot": [0.72335, 1.3319, -4.89375],
							"rotation": [0, 0, 25],
							"uv": {
								"north": {"uv": [0, 0], "uv_size": [1, 1]},
								"east": {"uv": [0, 0], "uv_size": [1, 1]},
								"south": {"uv": [0, 0], "uv_size": [1, 1]},
								"west": {"uv": [0, 0], "uv_size": [1, 1]},
								"up": {"uv": [0, 0], "uv_size": [1, 1]}
							}
						},
						{
							"origin": [-0.97183, 1.42647, -4.78541],
							"size": [0.2625, 0.1875, 0.2625],
							"pivot": [-0.72335, 1.3319, -4.425],
							"rotation": [0, 0, -25],
							"uv": {
								"north": {"uv": [1, 0], "uv_size": [-1, 1]},
								"east": {"uv": [1, 0], "uv_size": [-1, 1]},
								"south": {"uv": [1, 0], "uv_size": [-1, 1]},
								"west": {"uv": [1, 0], "uv_size": [-1, 1]},
								"up": {"uv": [1, 0], "uv_size": [-1, 1]}
							}
						},
						{
							"origin": [-0.97183, 1.42647, -5.25416],
							"size": [0.2625, 0.1875, 0.2625],
							"pivot": [-0.72335, 1.3319, -4.89375],
							"rotation": [0, 0, -25],
							"uv": {
								"north": {"uv": [1, 0], "uv_size": [-1, 1]},
								"east": {"uv": [1, 0], "uv_size": [-1, 1]},
								"south": {"uv": [1, 0], "uv_size": [-1, 1]},
								"west": {"uv": [1, 0], "uv_size": [-1, 1]},
								"up": {"uv": [1, 0], "uv_size": [-1, 1]}
							}
						},
						{
							"origin": [-0.97183, 1.42647, -1.03541],
							"size": [0.2625, 0.1875, 0.2625],
							"pivot": [-0.72335, 1.3319, -0.675],
							"rotation": [0, 0, -25],
							"uv": {
								"north": {"uv": [1, 0], "uv_size": [-1, 1]},
								"east": {"uv": [1, 0], "uv_size": [-1, 1]},
								"south": {"uv": [1, 0], "uv_size": [-1, 1]},
								"west": {"uv": [1, 0], "uv_size": [-1, 1]},
								"up": {"uv": [1, 0], "uv_size": [-1, 1]}
							}
						},
						{
							"origin": [-0.97183, 1.42647, -0.56666],
							"size": [0.2625, 0.1875, 0.2625],
							"pivot": [-0.72335, 1.3319, -0.20625],
							"rotation": [0, 0, -25],
							"uv": {
								"north": {"uv": [1, 0], "uv_size": [-1, 1]},
								"east": {"uv": [1, 0], "uv_size": [-1, 1]},
								"south": {"uv": [1, 0], "uv_size": [-1, 1]},
								"west": {"uv": [1, 0], "uv_size": [-1, 1]},
								"up": {"uv": [1, 0], "uv_size": [-1, 1]}
							}
						},
						{
							"origin": [-0.8473, 1.43434, -1.2475],
							"size": [0.47, 0.8075, 1.145],
							"inflate": -0.1,
							"pivot": [-0.78105, 1.5006, -20.41875],
							"rotation": [0, 0, 45],
							"uv": {
								"north": {"uv": [79, 188], "uv_size": [-1, 2]},
								"east": {"uv": [173, 133], "uv_size": [-3, 2]},
								"south": {"uv": [81, 188], "uv_size": [-1, 2]}
							}
						},
						{
							"origin": [-1.12833, 1.00289, -1.24816],
							"size": [0.80882, 0.52382, 1.14632],
							"inflate": -0.101,
							"pivot": [-0.8546, 1.2194, -0.675],
							"rotation": [0, 0, -25],
							"uv": {
								"north": {"uv": [192, 41], "uv_size": [-2, 1]},
								"south": {"uv": [192, 47], "uv_size": [-2, 1]},
								"up": {"uv": [42, 174], "uv_size": [-2, 3]}
							}
						},
						{
							"origin": [-1.19867, 0.96373, -1.2475],
							"size": [0.47, 0.47, 1.145],
							"inflate": -0.1,
							"uv": {
								"north": {"uv": [167, 194], "uv_size": [-1, 1]},
								"east": {"uv": [111, 186], "uv_size": [-3, 1]},
								"south": {"uv": [169, 194], "uv_size": [-1, 1]}
							}
						},
						{
							"origin": [-1.12833, 0.87073, -1.24816],
							"size": [0.80882, 0.50507, 1.14632],
							"inflate": -0.101,
							"pivot": [-0.8546, 1.17805, -0.675],
							"rotation": [0, 0, 25],
							"uv": {
								"north": {"uv": [192, 30], "uv_size": [-2, 1]},
								"south": {"uv": [192, 39], "uv_size": [-2, 1]},
								"down": {"uv": [26, 177], "uv_size": [-2, -3]}
							}
						},
						{
							"origin": [-0.60865, 0.2507, -1.2475],
							"size": [0.47, 0.8075, 1.145],
							"inflate": -0.1,
							"pivot": [-0.5424, 0.65445, -20.41875],
							"rotation": [0, 0, -45],
							"uv": {
								"north": {"uv": [57, 188], "uv_size": [-1, 2]},
								"east": {"uv": [173, 49], "uv_size": [-3, 2]},
								"south": {"uv": [189, 64], "uv_size": [-1, 2]}
							}
						}
					]
				},
				{
					"name": "scope_hide",
					"parent": "ads_hide",
					"pivot": [0, 0.56875, 0.65625],
					"cubes": [
						{
							"origin": [0.97446, 0.81847, -10.38547],
							"size": [0.02841, 0.71365, 0.36458],
							"inflate": 0.1,
							"pivot": [0, 1.17529, -9.88444],
							"rotation": [0, 0, -90],
							"uv": {
								"north": {"uv": [9, 205], "uv_size": [1, 2]},
								"east": {"uv": [8, 205], "uv_size": [1, 2]},
								"south": {"uv": [11, 205], "uv_size": [1, 2]},
								"west": {"uv": [10, 205], "uv_size": [1, 2]}
							}
						},
						{
							"origin": [0.97446, 0.81847, -10.38547],
							"size": [0.02841, 0.71365, 0.36458],
							"inflate": 0.1,
							"pivot": [0, 1.17529, -9.88444],
							"rotation": [0, 0, -45],
							"uv": {
								"north": {"uv": [9, 210], "uv_size": [1, 2]},
								"east": {"uv": [8, 210], "uv_size": [1, 2]},
								"south": {"uv": [11, 210], "uv_size": [1, 2]},
								"west": {"uv": [10, 210], "uv_size": [1, 2]}
							}
						},
						{
							"origin": [0.97446, 0.81847, -10.38547],
							"size": [0.02841, 0.71364, 0.36458],
							"inflate": 0.1,
							"uv": {
								"north": {"uv": [9, 200], "uv_size": [1, 2]},
								"east": {"uv": [8, 200], "uv_size": [1, 2]},
								"south": {"uv": [11, 200], "uv_size": [1, 2]},
								"west": {"uv": [10, 200], "uv_size": [1, 2]}
							}
						},
						{
							"origin": [0.97446, 0.81847, -10.38547],
							"size": [0.02841, 0.71364, 0.36458],
							"inflate": 0.1,
							"pivot": [0, 1.17529, -9.88444],
							"rotation": [0, 0, 45],
							"uv": {
								"north": {"uv": [9, 215], "uv_size": [1, 2]},
								"east": {"uv": [8, 215], "uv_size": [1, 2]},
								"south": {"uv": [11, 215], "uv_size": [1, 2]},
								"west": {"uv": [10, 215], "uv_size": [1, 2]}
							}
						},
						{
							"origin": [-1.00287, 0.81847, -10.38547],
							"size": [0.02841, 0.71365, 0.36458],
							"inflate": 0.1,
							"pivot": [0, 1.17529, -9.88444],
							"rotation": [0, 0, 45],
							"uv": {
								"north": {"uv": [10, 210], "uv_size": [-1, 2]},
								"east": {"uv": [11, 210], "uv_size": [-1, 2]},
								"south": {"uv": [12, 210], "uv_size": [-1, 2]},
								"west": {"uv": [9, 210], "uv_size": [-1, 2]}
							}
						},
						{
							"origin": [-1.00287, 0.81847, -10.38547],
							"size": [0.02841, 0.71364, 0.36458],
							"inflate": 0.1,
							"uv": {
								"north": {"uv": [10, 200], "uv_size": [-1, 2]},
								"east": {"uv": [11, 200], "uv_size": [-1, 2]},
								"south": {"uv": [12, 200], "uv_size": [-1, 2]},
								"west": {"uv": [9, 200], "uv_size": [-1, 2]}
							}
						},
						{
							"origin": [-1.00287, 0.81847, -10.38547],
							"size": [0.02841, 0.71364, 0.36458],
							"inflate": 0.1,
							"pivot": [0, 1.17529, -9.88444],
							"rotation": [0, 0, -45],
							"uv": {
								"north": {"uv": [10, 215], "uv_size": [-1, 2]},
								"east": {"uv": [11, 215], "uv_size": [-1, 2]},
								"south": {"uv": [12, 215], "uv_size": [-1, 2]},
								"west": {"uv": [9, 215], "uv_size": [-1, 2]}
							}
						},
						{
							"origin": [-0.35682, 0.17242, -10.38547],
							"size": [0.71365, 0.02841, 0.36458],
							"inflate": 0.1,
							"uv": {
								"north": {"uv": [9, 220], "uv_size": [2, 1]},
								"south": {"uv": [12, 220], "uv_size": [2, 1]},
								"up": {"uv": [9, 219], "uv_size": [2, 1]},
								"down": {"uv": [11, 220], "uv_size": [2, -1]}
							}
						},
						{
							"origin": [-0.205, 2.15523, -10.08531],
							"size": [0.41, -0.18062, 2.7725],
							"inflate": 0.2,
							"uv": {
								"north": {"uv": [193, 13], "uv_size": [2, 0.5]},
								"south": {"uv": [14, 193], "uv_size": [2, 0.5]},
								"up": {"uv": [126, 141], "uv_size": [2, 9]},
								"down": {"uv": [129, 150], "uv_size": [2, -9]}
							}
						},
						{
							"origin": [-0.205, 0.41909, -10.08531],
							"size": [0.41, -0.18063, 2.7725],
							"inflate": 0.2,
							"uv": {
								"north": {"uv": [17, 193], "uv_size": [2, 0.5]},
								"south": {"uv": [193, 18], "uv_size": [2, 0.5]},
								"up": {"uv": [141, 132], "uv_size": [2, 9]},
								"down": {"uv": [102, 151], "uv_size": [2, -9]}
							}
						},
						{
							"origin": [0.92976, 1.73368, -10.08597],
							"size": [-0.1793, 0.41133, 2.77383],
							"inflate": 0.199,
							"pivot": [0.8823, 1.60185, -23.71781],
							"rotation": [0, 0, -45],
							"uv": {
								"north": {"uv": [20, 193], "uv_size": [0.5, 2]},
								"east": {"uv": [142, 89], "uv_size": [9, 2]},
								"south": {"uv": [22, 193], "uv_size": [0.5, 2]},
								"west": {"uv": [142, 114], "uv_size": [9, 2]}
							}
						},
						{
							"origin": [0.95839, 0.99185, -10.08531],
							"size": [-0.18063, 0.41, 2.7725],
							"inflate": 0.2,
							"uv": {
								"north": {"uv": [193, 23], "uv_size": [0.5, 2]},
								"east": {"uv": [138, 142], "uv_size": [9, 2]},
								"south": {"uv": [27, 193], "uv_size": [0.5, 2]},
								"west": {"uv": [143, 19], "uv_size": [9, 2]}
							}
						},
						{
							"origin": [0.69111, 0.34754, -10.08597],
							"size": [-0.1793, 0.41132, 2.77383],
							"inflate": 0.199,
							"pivot": [0.64365, 0.5532, -23.71781],
							"rotation": [0, 0, 45],
							"uv": {
								"north": {"uv": [193, 28], "uv_size": [0.5, 2]},
								"east": {"uv": [143, 22], "uv_size": [9, 2]},
								"south": {"uv": [193, 31], "uv_size": [0.5, 2]},
								"west": {"uv": [143, 25], "uv_size": [9, 2]}
							}
						},
						{
							"origin": [-0.51181, 0.34754, -10.08597],
							"size": [-0.1793, 0.41132, 2.77383],
							"inflate": 0.199,
							"pivot": [-0.64365, 0.5532, -23.71781],
							"rotation": [0, 0, -45],
							"uv": {
								"north": {"uv": [193.5, 28], "uv_size": [-0.5, 2]},
								"east": {"uv": [152, 25], "uv_size": [-9, 2]},
								"south": {"uv": [193.5, 31], "uv_size": [-0.5, 2]},
								"west": {"uv": [152, 22], "uv_size": [-9, 2]}
							}
						},
						{
							"origin": [-0.77776, 0.99185, -10.08531],
							"size": [-0.18063, 0.41, 2.7725],
							"inflate": 0.2,
							"uv": {
								"north": {"uv": [193.5, 23], "uv_size": [-0.5, 2]},
								"east": {"uv": [152, 19], "uv_size": [-9, 2]},
								"south": {"uv": [27.5, 193], "uv_size": [-0.5, 2]},
								"west": {"uv": [147, 142], "uv_size": [-9, 2]}
							}
						},
						{
							"origin": [-0.75046, 1.73368, -10.08597],
							"size": [-0.1793, 0.41133, 2.77383],
							"inflate": 0.199,
							"pivot": [-0.8823, 1.60185, -23.71781],
							"rotation": [0, 0, 45],
							"uv": {
								"north": {"uv": [20.5, 193], "uv_size": [-0.5, 2]},
								"east": {"uv": [151, 114], "uv_size": [-9, 2]},
								"south": {"uv": [22.5, 193], "uv_size": [-0.5, 2]},
								"west": {"uv": [151, 89], "uv_size": [-9, 2]}
							}
						},
						{
							"origin": [0.4773, 1.53434, -7.85531],
							"size": [0.3375, 0.675, 1.35],
							"pivot": [0.8148, 1.53434, -21.35531],
							"rotation": [0, 0, -45],
							"uv": {
								"south": {"uv": [187, 143], "uv_size": [1, 2]},
								"west": {"uv": [161, 122], "uv_size": [4, 2]}
							}
						},
						{
							"origin": [0.4773, 0.85935, -7.85531],
							"size": [0.3375, 0.675, 1.35],
							"uv": {
								"south": {"uv": [187, 146], "uv_size": [1, 2]},
								"west": {"uv": [161, 134], "uv_size": [4, 2]}
							}
						},
						{
							"origin": [0.23865, 0.2832, -7.85531],
							"size": [0.3375, 0.675, 1.35],
							"pivot": [0.57615, 0.6207, -21.35531],
							"rotation": [0, 0, 45],
							"uv": {
								"south": {"uv": [187, 152], "uv_size": [1, 2]},
								"west": {"uv": [162, 68], "uv_size": [4, 2]}
							}
						},
						{
							"origin": [-0.8148, 1.53434, -7.85531],
							"size": [0.3375, 0.675, 1.35],
							"pivot": [-0.8148, 1.53434, -21.35531],
							"rotation": [0, 0, 45],
							"uv": {
								"east": {"uv": [165, 122], "uv_size": [-4, 2]},
								"south": {"uv": [188, 143], "uv_size": [-1, 2]}
							}
						},
						{
							"origin": [-0.57615, 0.2832, -7.85531],
							"size": [0.3375, 0.675, 1.35],
							"pivot": [-0.57615, 0.6207, -21.35531],
							"rotation": [0, 0, -45],
							"uv": {
								"east": {"uv": [166, 68], "uv_size": [-4, 2]},
								"south": {"uv": [188, 152], "uv_size": [-1, 2]}
							}
						},
						{
							"origin": [-0.8148, 0.85935, -7.85531],
							"size": [0.3375, 0.675, 1.35],
							"uv": {
								"east": {"uv": [165, 134], "uv_size": [-4, 2]},
								"south": {"uv": [188, 146], "uv_size": [-1, 2]}
							}
						},
						{
							"origin": [-0.3375, 1.67415, -7.85531],
							"size": [0.675, 0.3375, 1.35],
							"uv": {
								"south": {"uv": [187, 155], "uv_size": [2, 1]},
								"up": {"uv": [163, 27], "uv_size": [2, 4]}
							}
						},
						{
							"origin": [-0.3375, 0.38205, -7.85531],
							"size": [0.675, 0.3375, 1.35],
							"uv": {
								"south": {"uv": [187, 166], "uv_size": [2, 1]},
								"down": {"uv": [112, 167], "uv_size": [2, -4]}
							}
						},
						{
							"origin": [0.24934, 0.72685, -6.815],
							"size": [0.6025, 0.94, 7.69],
							"inflate": -0.2,
							"pivot": [0, 1.19685, -2.97],
							"rotation": [0, 0, -45],
							"uv": {
								"west": {"uv": [82, 78], "uv_size": [22, 2]}
							}
						},
						{
							"origin": [0.24934, 0.72685, -6.815],
							"size": [0.6025, 0.94, 7.69],
							"inflate": -0.2,
							"uv": {
								"west": {"uv": [49, 84], "uv_size": [22, 2]}
							}
						},
						{
							"origin": [0.24934, 0.72685, -6.815],
							"size": [0.6025, 0.94, 7.69],
							"inflate": -0.2,
							"pivot": [0, 1.19685, -2.97],
							"rotation": [0, 0, 45],
							"uv": {
								"west": {"uv": [49, 87], "uv_size": [22, 2]}
							}
						},
						{
							"origin": [-0.85184, 0.72685, -6.815],
							"size": [0.6025, 0.94, 7.69],
							"inflate": -0.2,
							"uv": {
								"east": {"uv": [71, 84], "uv_size": [-22, 2]}
							}
						},
						{
							"origin": [-0.85184, 0.72685, -6.815],
							"size": [0.6025, 0.94, 7.69],
							"inflate": -0.2,
							"pivot": [0, 1.19685, -2.97],
							"rotation": [0, 0, -45],
							"uv": {
								"east": {"uv": [71, 87], "uv_size": [-22, 2]}
							}
						},
						{
							"origin": [-0.85184, 0.72685, -6.815],
							"size": [0.6025, 0.94, 7.69],
							"inflate": -0.2,
							"pivot": [0, 1.19685, -2.97],
							"rotation": [0, 0, 45],
							"uv": {
								"east": {"uv": [104, 78], "uv_size": [-22, 2]}
							}
						},
						{
							"origin": [-0.47, 1.44618, -6.815],
							"size": [0.94, 0.6025, 7.69],
							"inflate": -0.2,
							"uv": {
								"up": {"uv": [72, 81], "uv_size": [2, 22]}
							}
						},
						{
							"origin": [-0.47, 0.34501, -6.815],
							"size": [0.94, 0.6025, 7.69],
							"inflate": -0.2,
							"uv": {
								"down": {"uv": [82, 109], "uv_size": [2, -22]}
							}
						},
						{
							"origin": [-0.91875, 0.2781, -9.35531],
							"size": [1.8375, 1.8375, 0],
							"pivot": [0, 1.19685, -9.35531],
							"rotation": [0, 180, 0],
							"uv": {
								"north": {"uv": [132, 9], "uv_size": [5, 5]},
								"east": {"uv": [40, 84], "uv_size": [0, 5]},
								"south": {"uv": [132, 69], "uv_size": [5, 5]},
								"west": {"uv": [40, 90], "uv_size": [0, 5]},
								"up": {"uv": [38, 59], "uv_size": [5, 0]},
								"down": {"uv": [44, 59], "uv_size": [5, 0]}
							}
						}
					]
				},
				{
					"name": "knob",
					"parent": "scope_body",
					"pivot": [0, 0.56875, 0.65625],
					"cubes": [
						{
							"origin": [0.35263, 2.12372, -2.72656],
							"size": [0.03625, 0.205, 0.88],
							"inflate": 0.1,
							"pivot": [0, 2.22622, -2.37094],
							"rotation": [-90, -45, 0],
							"uv": {
								"north": {"uv": [37, 195], "uv_size": [0.5, 1]},
								"east": {"uv": [183, 166], "uv_size": [3, 1]},
								"west": {"uv": [184, 10], "uv_size": [3, 1]}
							}
						},
						{
							"origin": [0.35263, 2.12372, -2.72656],
							"size": [0.03625, 0.205, 0.88],
							"inflate": 0.1,
							"pivot": [0, 2.22622, -2.37094],
							"rotation": [-90, 45, 0],
							"uv": {
								"north": {"uv": [195, 40], "uv_size": [0.5, 1]},
								"east": {"uv": [184, 12], "uv_size": [3, 1]},
								"west": {"uv": [184, 14], "uv_size": [3, 1]}
							}
						},
						{
							"origin": [0.35263, 2.12372, -2.72656],
							"size": [0.03625, 0.205, 0.88],
							"inflate": 0.1,
							"pivot": [0, 2.22622, -2.37094],
							"rotation": [-90, 0, 0],
							"uv": {
								"north": {"uv": [195, 44], "uv_size": [0.5, 1]},
								"east": {"uv": [184, 16], "uv_size": [3, 1]},
								"west": {"uv": [184, 18], "uv_size": [3, 1]}
							}
						},
						{
							"origin": [-0.38888, 2.12372, -2.72656],
							"size": [0.03625, 0.205, 0.88],
							"inflate": 0.1,
							"pivot": [0, 2.22622, -2.37094],
							"rotation": [-90, 45, 0],
							"uv": {
								"north": {"uv": [37.5, 195], "uv_size": [-0.5, 1]},
								"east": {"uv": [187, 10], "uv_size": [-3, 1]},
								"west": {"uv": [186, 166], "uv_size": [-3, 1]}
							}
						},
						{
							"origin": [-0.38888, 2.12372, -2.72656],
							"size": [0.03625, 0.205, 0.88],
							"inflate": 0.1,
							"pivot": [0, 2.22622, -2.37094],
							"rotation": [-90, 0, 0],
							"uv": {
								"north": {"uv": [195.5, 44], "uv_size": [-0.5, 1]},
								"east": {"uv": [187, 18], "uv_size": [-3, 1]},
								"west": {"uv": [187, 16], "uv_size": [-3, 1]}
							}
						},
						{
							"origin": [-0.38888, 2.12372, -2.72656],
							"size": [0.03625, 0.205, 0.88],
							"inflate": 0.1,
							"pivot": [0, 2.22622, -2.37094],
							"rotation": [-90, -45, 0],
							"uv": {
								"north": {"uv": [195.5, 40], "uv_size": [-0.5, 1]},
								"east": {"uv": [187, 14], "uv_size": [-3, 1]},
								"west": {"uv": [187, 12], "uv_size": [-3, 1]}
							}
						},
						{
							"origin": [-0.1025, 1.83735, -2.72656],
							"size": [0.205, 0.03625, 0.88],
							"inflate": 0.1,
							"pivot": [0, 2.22622, -2.37094],
							"rotation": [-90, 0, 0],
							"uv": {
								"north": {"uv": [195, 48], "uv_size": [1, 0.5]},
								"up": {"uv": [12, 184], "uv_size": [1, 3]},
								"down": {"uv": [184, 51], "uv_size": [1, -3]}
							}
						},
						{
							"origin": [-0.1025, 2.57885, -2.72656],
							"size": [0.205, 0.03625, 0.88],
							"inflate": 0.1,
							"pivot": [0, 2.22622, -2.37094],
							"rotation": [-90, 0, 0],
							"uv": {
								"north": {"uv": [195, 52], "uv_size": [1, 0.5]},
								"up": {"uv": [184, 52], "uv_size": [1, 3]},
								"down": {"uv": [56, 187], "uv_size": [1, -3]}
							}
						},
						{
							"origin": [-0.03625, 2.69283, -2.49156],
							"size": [0.0725, -0.09625, 0.0725],
							"inflate": 0.2,
							"pivot": [0, 2.22622, -2.37094],
							"rotation": [-90, 0, 0],
							"uv": {
								"north": {"uv": [195, 56], "uv_size": [1, 0.5]},
								"south": {"uv": [62, 195], "uv_size": [1, 0.5]},
								"up": {"uv": [193, 59], "uv_size": [1, 1]},
								"down": {"uv": [63, 194], "uv_size": [1, -1]}
							}
						},
						{
							"origin": [-0.03625, 1.85587, -2.49156],
							"size": [0.0725, -0.09625, 0.0725],
							"inflate": 0.2,
							"pivot": [0, 2.22622, -2.37094],
							"rotation": [-90, 0, 0],
							"uv": {
								"north": {"uv": [64, 195], "uv_size": [1, 0.5]},
								"south": {"uv": [66, 195], "uv_size": [1, 0.5]},
								"down": {"uv": [65, 194], "uv_size": [1, -1]}
							}
						},
						{
							"origin": [0.46661, 2.18997, -2.49156],
							"size": [-0.09625, 0.0725, 0.0725],
							"inflate": 0.2,
							"pivot": [0, 2.22622, -2.37094],
							"rotation": [-90, 0, 0],
							"uv": {
								"north": {"uv": [195, 69], "uv_size": [0.5, 1]},
								"south": {"uv": [195, 71], "uv_size": [0.5, 1]},
								"west": {"uv": [67, 193], "uv_size": [1, 1]}
							}
						},
						{
							"origin": [0.46595, 2.18931, -2.49222],
							"size": [-0.09493, 0.07382, 0.07382],
							"inflate": 0.199,
							"pivot": [0, 2.22622, -2.37094],
							"rotation": [-90, 45, 0],
							"uv": {
								"north": {"uv": [195, 77], "uv_size": [0.5, 1]},
								"south": {"uv": [195, 79], "uv_size": [0.5, 1]},
								"west": {"uv": [193, 69], "uv_size": [1, 1]}
							}
						},
						{
							"origin": [0.46595, 2.18931, -2.49222],
							"size": [-0.09493, 0.07382, 0.07382],
							"inflate": 0.199,
							"pivot": [0, 2.22622, -2.37094],
							"rotation": [-90, -45, 0],
							"uv": {
								"north": {"uv": [195, 85], "uv_size": [0.5, 1]},
								"south": {"uv": [195, 87], "uv_size": [0.5, 1]},
								"west": {"uv": [193, 73], "uv_size": [1, 1]}
							}
						},
						{
							"origin": [-0.37102, 2.18931, -2.49222],
							"size": [-0.09493, 0.07382, 0.07382],
							"inflate": 0.199,
							"pivot": [0, 2.22622, -2.37094],
							"rotation": [-90, 45, 0],
							"uv": {
								"north": {"uv": [195.5, 85], "uv_size": [-0.5, 1]},
								"east": {"uv": [194, 73], "uv_size": [-1, 1]},
								"south": {"uv": [195.5, 87], "uv_size": [-0.5, 1]}
							}
						},
						{
							"origin": [-0.37036, 2.18997, -2.49156],
							"size": [-0.09625, 0.0725, 0.0725],
							"inflate": 0.2,
							"pivot": [0, 2.22622, -2.37094],
							"rotation": [-90, 0, 0],
							"uv": {
								"north": {"uv": [195.5, 69], "uv_size": [-0.5, 1]},
								"east": {"uv": [68, 193], "uv_size": [-1, 1]},
								"south": {"uv": [195.5, 71], "uv_size": [-0.5, 1]}
							}
						},
						{
							"origin": [-0.37102, 2.18931, -2.49222],
							"size": [-0.09493, 0.07382, 0.07382],
							"inflate": 0.199,
							"pivot": [0, 2.22622, -2.37094],
							"rotation": [-90, -45, 0],
							"uv": {
								"north": {"uv": [195.5, 77], "uv_size": [-0.5, 1]},
								"east": {"uv": [194, 69], "uv_size": [-1, 1]},
								"south": {"uv": [195.5, 79], "uv_size": [-0.5, 1]}
							}
						},
						{
							"origin": [-0.3375, 2.29844, -2.70844],
							"size": [0.675, 0.3375, 0.675],
							"uv": {
								"up": {"uv": [122, 179], "uv_size": [2, 2]}
							}
						},
						{
							"origin": [-0.74003, 1.10514, -2.64827],
							"size": [0.03625, 0.205, 0.88],
							"inflate": 0.1,
							"pivot": [-1.09266, 1.20764, -2.37094],
							"rotation": [-90, -45, -90],
							"uv": {
								"north": {"uv": [37, 195], "uv_size": [0.5, 1]},
								"east": {"uv": [183, 166], "uv_size": [3, 1]},
								"west": {"uv": [184, 10], "uv_size": [3, 1]}
							}
						},
						{
							"origin": [-0.74002, 1.10514, -2.64827],
							"size": [0.03625, 0.205, 0.88],
							"inflate": 0.1,
							"pivot": [-1.09266, 1.20764, -2.37094],
							"rotation": [-90, 45, -90],
							"uv": {
								"north": {"uv": [195, 40], "uv_size": [0.5, 1]},
								"east": {"uv": [184, 12], "uv_size": [3, 1]},
								"west": {"uv": [184, 14], "uv_size": [3, 1]}
							}
						},
						{
							"origin": [-0.74003, 1.10514, -2.64827],
							"size": [0.03625, 0.205, 0.88],
							"inflate": 0.1,
							"pivot": [-1.09266, 1.20764, -2.37094],
							"rotation": [-90, 0, -90],
							"uv": {
								"north": {"uv": [195, 44], "uv_size": [0.5, 1]},
								"east": {"uv": [184, 16], "uv_size": [3, 1]},
								"west": {"uv": [184, 18], "uv_size": [3, 1]}
							}
						},
						{
							"origin": [-1.19516, 0.81877, -2.64827],
							"size": [0.205, 0.03625, 0.88],
							"inflate": 0.1,
							"pivot": [-1.09266, 1.20764, -2.37094],
							"rotation": [-90, 0, -90],
							"uv": {
								"north": {"uv": [195, 48], "uv_size": [1, 0.5]},
								"up": {"uv": [12, 184], "uv_size": [1, 3]},
								"down": {"uv": [184, 51], "uv_size": [1, -3]}
							}
						},
						{
							"origin": [-1.19516, 1.56027, -2.64827],
							"size": [0.205, 0.03625, 0.88],
							"inflate": 0.1,
							"pivot": [-1.09266, 1.20764, -2.37094],
							"rotation": [-90, 0, -90],
							"uv": {
								"north": {"uv": [195, 52], "uv_size": [1, 0.5]},
								"up": {"uv": [184, 52], "uv_size": [1, 3]},
								"down": {"uv": [56, 187], "uv_size": [1, -3]}
							}
						},
						{
							"origin": [-1.12891, 1.67425, -2.41327],
							"size": [0.0725, -0.09625, 0.0725],
							"inflate": 0.2,
							"pivot": [-1.09266, 1.20764, -2.37094],
							"rotation": [-90, 0, -90],
							"uv": {
								"north": {"uv": [195, 56], "uv_size": [1, 0.5]},
								"south": {"uv": [62, 195], "uv_size": [1, 0.5]},
								"up": {"uv": [193, 59], "uv_size": [1, 1]},
								"down": {"uv": [63, 194], "uv_size": [1, -1]}
							}
						},
						{
							"origin": [-1.12891, 0.83729, -2.41327],
							"size": [0.0725, -0.09625, 0.0725],
							"inflate": 0.2,
							"pivot": [-1.09266, 1.20764, -2.37094],
							"rotation": [-90, 0, -90],
							"uv": {
								"north": {"uv": [64, 195], "uv_size": [1, 0.5]},
								"south": {"uv": [66, 195], "uv_size": [1, 0.5]},
								"down": {"uv": [65, 194], "uv_size": [1, -1]}
							}
						},
						{
							"origin": [-0.62605, 1.17139, -2.41327],
							"size": [-0.09625, 0.0725, 0.0725],
							"inflate": 0.2,
							"pivot": [-1.09266, 1.20764, -2.37094],
							"rotation": [-90, 0, -90],
							"uv": {
								"north": {"uv": [195, 69], "uv_size": [0.5, 1]},
								"south": {"uv": [195, 71], "uv_size": [0.5, 1]},
								"west": {"uv": [67, 193], "uv_size": [1, 1]}
							}
						},
						{
							"origin": [-0.62671, 1.17072, -2.41393],
							"size": [-0.09492, 0.07383, 0.07383],
							"inflate": 0.199,
							"pivot": [-1.09266, 1.20764, -2.37094],
							"rotation": [-90, 45, -90],
							"uv": {
								"north": {"uv": [195, 77], "uv_size": [0.5, 1]},
								"south": {"uv": [195, 79], "uv_size": [0.5, 1]},
								"west": {"uv": [193, 69], "uv_size": [1, 1]}
							}
						},
						{
							"origin": [-0.62671, 1.17072, -2.41393],
							"size": [-0.09492, 0.07383, 0.07383],
							"inflate": 0.199,
							"pivot": [-1.09266, 1.20764, -2.37094],
							"rotation": [-90, -45, -90],
							"uv": {
								"north": {"uv": [195, 85], "uv_size": [0.5, 1]},
								"south": {"uv": [195, 87], "uv_size": [0.5, 1]},
								"west": {"uv": [193, 73], "uv_size": [1, 1]}
							}
						},
						{
							"origin": [-1.43016, 1.20156, -2.70844],
							"size": [0.675, 0.3375, 0.675],
							"pivot": [-1.09266, 1.20764, -2.37094],
							"rotation": [0, 0, -90],
							"uv": {
								"up": {"uv": [122, 179], "uv_size": [2, 2]}
							}
						},
						{
							"origin": [-1.48154, 1.10514, -2.64827],
							"size": [0.03625, 0.205, 0.88],
							"inflate": 0.1,
							"pivot": [-1.09266, 1.20764, -2.37094],
							"rotation": [-90, -45, -90],
							"uv": {
								"north": {"uv": [195.5, 40], "uv_size": [-0.5, 1]},
								"east": {"uv": [187, 14], "uv_size": [-3, 1]},
								"west": {"uv": [187, 12], "uv_size": [-3, 1]}
							}
						},
						{
							"origin": [-1.48154, 1.10514, -2.64827],
							"size": [0.03625, 0.205, 0.88],
							"inflate": 0.1,
							"pivot": [-1.09266, 1.20764, -2.37094],
							"rotation": [-90, 0, -90],
							"uv": {
								"north": {"uv": [195.5, 44], "uv_size": [-0.5, 1]},
								"east": {"uv": [187, 18], "uv_size": [-3, 1]},
								"west": {"uv": [187, 16], "uv_size": [-3, 1]}
							}
						},
						{
							"origin": [-1.48153, 1.10514, -2.64827],
							"size": [0.03625, 0.205, 0.88],
							"inflate": 0.1,
							"pivot": [-1.09266, 1.20764, -2.37094],
							"rotation": [-90, 45, -90],
							"uv": {
								"north": {"uv": [37.5, 195], "uv_size": [-0.5, 1]},
								"east": {"uv": [187, 10], "uv_size": [-3, 1]},
								"west": {"uv": [186, 166], "uv_size": [-3, 1]}
							}
						},
						{
							"origin": [-1.46368, 1.17072, -2.41393],
							"size": [-0.09493, 0.07383, 0.07383],
							"inflate": 0.199,
							"pivot": [-1.09266, 1.20764, -2.37094],
							"rotation": [-90, -45, -90],
							"uv": {
								"north": {"uv": [195.5, 77], "uv_size": [-0.5, 1]},
								"east": {"uv": [194, 69], "uv_size": [-1, 1]},
								"south": {"uv": [195.5, 79], "uv_size": [-0.5, 1]}
							}
						},
						{
							"origin": [-1.46302, 1.17139, -2.41327],
							"size": [-0.09625, 0.0725, 0.0725],
							"inflate": 0.2,
							"pivot": [-1.09266, 1.20764, -2.37094],
							"rotation": [-90, 0, -90],
							"uv": {
								"north": {"uv": [195.5, 69], "uv_size": [-0.5, 1]},
								"east": {"uv": [68, 193], "uv_size": [-1, 1]},
								"south": {"uv": [195.5, 71], "uv_size": [-0.5, 1]}
							}
						},
						{
							"origin": [-1.46367, 1.17072, -2.41393],
							"size": [-0.09493, 0.07383, 0.07383],
							"inflate": 0.199,
							"pivot": [-1.09266, 1.20764, -2.37094],
							"rotation": [-90, 45, -90],
							"uv": {
								"north": {"uv": [195.5, 85], "uv_size": [-0.5, 1]},
								"east": {"uv": [194, 73], "uv_size": [-1, 1]},
								"south": {"uv": [195.5, 87], "uv_size": [-0.5, 1]}
							}
						}
					]
				},
				{
					"name": "mount",
					"parent": "scope_body",
					"pivot": [0, 0.56875, 0.65625],
					"cubes": [
						{
							"origin": [-0.40309, -0.14205, -5.46559],
							"size": [0.80617, 0.80618, 1.14368],
							"inflate": -0.099,
							"uv": {
								"north": {"uv": [179, 96], "uv_size": [2, 2]},
								"east": {"uv": [171, 29], "uv_size": [3, 2]},
								"south": {"uv": [179, 99], "uv_size": [2, 2]},
								"west": {"uv": [40, 171], "uv_size": [3, 2]}
							}
						},
						{
							"origin": [0.16875, -0.0385, -5.36625],
							"size": [0.3375, 0.16875, 0.945],
							"pivot": [0.50625, 0.13025, -4.89375],
							"rotation": [0, 0, 35],
							"uv": {
								"north": {"uv": [35, 195], "uv_size": [1, 0.5]},
								"south": {"uv": [195, 36], "uv_size": [1, 0.5]},
								"up": {"uv": [183, 178], "uv_size": [1, 3]}
							}
						},
						{
							"origin": [-0.50625, -0.0385, -5.36625],
							"size": [0.3375, 0.16875, 0.945],
							"pivot": [-0.50625, 0.13025, -4.89375],
							"rotation": [0, 0, -35],
							"uv": {
								"north": {"uv": [36, 195], "uv_size": [-1, 0.5]},
								"south": {"uv": [196, 36], "uv_size": [-1, 0.5]},
								"up": {"uv": [184, 178], "uv_size": [-1, 3]}
							}
						},
						{
							"origin": [-0.50625, -0.20725, -5.36625],
							"size": [1.0125, 0.3375, 0.945],
							"uv": {
								"north": {"uv": [183, 144], "uv_size": [3, 1]},
								"east": {"uv": [183, 146], "uv_size": [3, 1]},
								"south": {"uv": [183, 148], "uv_size": [3, 1]},
								"west": {"uv": [183, 150], "uv_size": [3, 1]},
								"down": {"uv": [4, 162], "uv_size": [3, -3]}
							}
						},
						{
							"origin": [-0.40309, -0.14205, -1.24684],
							"size": [0.80617, 0.80618, 1.14368],
							"inflate": -0.099,
							"uv": {
								"north": {"uv": [179, 96], "uv_size": [2, 2]},
								"east": {"uv": [171, 29], "uv_size": [3, 2]},
								"south": {"uv": [179, 99], "uv_size": [2, 2]},
								"west": {"uv": [40, 171], "uv_size": [3, 2]}
							}
						},
						{
							"origin": [0.16875, -0.0385, -1.1475],
							"size": [0.3375, 0.16875, 0.945],
							"pivot": [0.50625, 0.13025, -0.675],
							"rotation": [0, 0, 35],
							"uv": {
								"north": {"uv": [35, 195], "uv_size": [1, 0.5]},
								"south": {"uv": [195, 36], "uv_size": [1, 0.5]},
								"up": {"uv": [183, 178], "uv_size": [1, 3]}
							}
						},
						{
							"origin": [-0.50625, -0.20725, -1.1475],
							"size": [1.0125, 0.3375, 0.945],
							"uv": {
								"north": {"uv": [183, 144], "uv_size": [3, 1]},
								"east": {"uv": [183, 146], "uv_size": [3, 1]},
								"south": {"uv": [183, 148], "uv_size": [3, 1]},
								"west": {"uv": [183, 150], "uv_size": [3, 1]},
								"down": {"uv": [4, 162], "uv_size": [3, -3]}
							}
						},
						{
							"origin": [-0.50625, -0.0385, -1.1475],
							"size": [0.3375, 0.16875, 0.945],
							"pivot": [-0.50625, 0.13025, -0.675],
							"rotation": [0, 0, -35],
							"uv": {
								"north": {"uv": [36, 195], "uv_size": [-1, 0.5]},
								"south": {"uv": [196, 36], "uv_size": [-1, 0.5]},
								"up": {"uv": [184, 178], "uv_size": [-1, 3]}
							}
						}
					]
				},
				{
					"name": "clip",
					"parent": "scope_body",
					"pivot": [0.47672, 2.35, 5.95748]
				},
				{
					"name": "group",
					"parent": "clip",
					"pivot": [0.57583, -0.18125, 1.25001]
				},
				{
					"name": "rear_scope",
					"parent": "scope_body",
					"pivot": [0, 0.56875, 0.65625]
				}
			]
		}
	]
}