{
  "materials": [
    {
      "item": {
        "tag": "forge:ingots/gold"
      },
      "count": 5
    },
    {
      "item": {
        "tag": "forge:ingots/iron"
      },
      "count": 15
    },
    {
      "item": {
        "tag": "forge:dusts/redstone"
      },
      "count": 5
    },
    {
      "item": {
        "tag": "forge:gems/amethyst"
      },
      "count": 5
    }
  ],
  "result": {
    "type": "attachment",
    "id": "iw:sight_elo"
  },
  "type": "tacz:gun_smith_table_crafting"
}