{
  "materials": [
    {
      "item": {
        "tag": "forge:ingots/iron"
      },
      "count": 64
    },
    {
      "item": {
        "tag": "forge:ingots/copper"
      },
      "count": 128
    },
    {
      "item": {
        "tag": "forge:rods/blaze"
      },
      "count": 4
    },
    {
      "item": {
        "tag": "forge:gunpowder"
      },
      "count": 60
    },
    {
      "item": {
        "tag": "forge:ingots/netherite"
      },
      "count": 10
    }
  ],
  "result": {
    "type": "ammo",
    "id": "zeta:ac7_ammo",
    "count": 5
  },
  "type": "tacz:gun_smith_table_crafting"
}