{
	"format_version": "1.12.0",
	"minecraft:geometry": [
		{
			"description": {
				"identifier": "geometry.unknown",
				"texture_width": 32,
				"texture_height": 32,
				"visible_bounds_width": 2,
				"visible_bounds_height": 1.5,
				"visible_bounds_offset": [0, 0.25, 0]
			},
			"bones": [
				{
					"name": "mag_and_bullet",
					"pivot": [0, -1.1, 1.5]
				},
				{
					"name": "mag",
					"parent": "mag_and_bullet",
					"pivot": [0, 0.17572, -0.90788],
					"cubes": [
						{
							"origin": [-0.29427, -0.67104, 1.39272],
							"size": [0.58854, 1.42408, 1.63228],
							"inflate": 0.001,
							"uv": {
								"north": {"uv": [8, 10], "uv_size": [0.5, 1.5]},
								"east": {"uv": [8, 6], "uv_size": [1.5, 1.5]},
								"south": {"uv": [9, 10], "uv_size": [0.5, 1.5]},
								"west": {"uv": [8, 8], "uv_size": [1.5, 1.5]},
								"down": {"uv": [10, 10.5], "uv_size": [0.5, -1.5]}
							}
						},
						{
							"origin": [-0.29427, -0.67104, -4.13957],
							"size": [0.08854, 0.14908, 5.53229],
							"uv": {
								"east": {"uv": [2, 2], "uv_size": [5.5, 0.5]},
								"west": {"uv": [2, 3], "uv_size": [5.5, 0.5]},
								"up": {"uv": [2, 4], "uv_size": [0.5, 5.5]},
								"down": {"uv": [3, 9.5], "uv_size": [0.5, -5.5]}
							}
						},
						{
							"origin": [-0.29427, -0.67104, -4.92532],
							"size": [0.58854, 0.14908, 0.78575],
							"uv": {
								"north": {"uv": [5, 16], "uv_size": [0.5, 0.5]},
								"east": {"uv": [13, 0], "uv_size": [1, 0.5]},
								"south": {"uv": [16, 5], "uv_size": [0.5, 0.5]},
								"west": {"uv": [13, 1], "uv_size": [1, 0.5]},
								"up": {"uv": [2, 13], "uv_size": [0.5, 1]},
								"down": {"uv": [3, 14], "uv_size": [0.5, -1]}
							}
						},
						{
							"origin": [-0.29427, -0.52196, -4.92532],
							"size": [0.58854, 0.51425, 0.53575],
							"uv": {
								"north": {"uv": [6, 16], "uv_size": [0.5, 0.5]},
								"east": {"uv": [16, 6], "uv_size": [0.5, 0.5]},
								"south": {"uv": [7, 16], "uv_size": [0.5, 0.5]},
								"west": {"uv": [16, 7], "uv_size": [0.5, 0.5]},
								"up": {"uv": [8, 16], "uv_size": [0.5, 0.5]},
								"down": {"uv": [16, 8.5], "uv_size": [0.5, -0.5]}
							}
						},
						{
							"origin": [-0.29427, -0.38614, -4.54397],
							"size": [0.08854, 0.89908, 0.45729],
							"pivot": [-0.0125, 0.2634, -4.27783],
							"rotation": [-45, 0, 0],
							"uv": {
								"north": {"uv": [13, 4], "uv_size": [0.5, 1]},
								"east": {"uv": [13, 5], "uv_size": [0.5, 1]},
								"west": {"uv": [13, 6], "uv_size": [0.5, 1]}
							}
						},
						{
							"origin": [-0.29427, -0.30105, -4.34941],
							"size": [0.08854, 1.02408, 0.23229],
							"pivot": [-0.0125, 0.14849, -4.34577],
							"rotation": [-35, 0, 0],
							"uv": {
								"north": {"uv": [13, 7], "uv_size": [0.5, 1]},
								"east": {"uv": [10, 13], "uv_size": [0.5, 1]},
								"south": {"uv": [13, 10], "uv_size": [0.5, 1]},
								"west": {"uv": [11, 13], "uv_size": [0.5, 1]},
								"up": {"uv": [9, 16], "uv_size": [0.5, 0.5]},
								"down": {"uv": [16, 9.5], "uv_size": [0.5, -0.5]}
							}
						},
						{
							"origin": [-0.29427, -0.70105, -1.67441],
							"size": [0.58854, 1.39908, 0.18229],
							"pivot": [-0.0125, 0.14849, -1.64577],
							"rotation": [-35, 0, 0],
							"uv": {
								"north": {"uv": [2, 11], "uv_size": [0.5, 1.5]},
								"east": {"uv": [3, 11], "uv_size": [0.5, 1.5]},
								"west": {"uv": [11, 5], "uv_size": [0.5, 1.5]},
								"up": {"uv": [10, 16], "uv_size": [0.5, 0.5]}
							}
						},
						{
							"origin": [-0.29427, -0.75105, -1.44941],
							"size": [0.58854, 1.39908, 0.23229],
							"pivot": [-0.0125, 0.14849, -1.34577],
							"rotation": [-35, 0, 0],
							"uv": {
								"north": {"uv": [11, 7], "uv_size": [0.5, 1.5]},
								"east": {"uv": [11, 9], "uv_size": [0.5, 1.5]},
								"south": {"uv": [10, 11], "uv_size": [0.5, 1.5]},
								"west": {"uv": [11, 11], "uv_size": [0.5, 1.5]},
								"up": {"uv": [16, 10], "uv_size": [0.5, 0.5]}
							}
						},
						{
							"origin": [-0.29427, -0.75105, -0.14941],
							"size": [0.58854, 1.39908, 0.23229],
							"pivot": [-0.0125, 0.14849, -0.04577],
							"rotation": [-35, 0, 0],
							"uv": {
								"north": {"uv": [12, 0], "uv_size": [0.5, 1.5]},
								"east": {"uv": [4, 12], "uv_size": [0.5, 1.5]},
								"south": {"uv": [12, 4], "uv_size": [0.5, 1.5]},
								"west": {"uv": [5, 12], "uv_size": [0.5, 1.5]},
								"up": {"uv": [11, 16], "uv_size": [0.5, 0.5]}
							}
						},
						{
							"origin": [-0.29427, -0.70105, -0.37441],
							"size": [0.58854, 1.39908, 0.18229],
							"pivot": [-0.0125, 0.14849, -0.34577],
							"rotation": [-35, 0, 0],
							"uv": {
								"north": {"uv": [6, 12], "uv_size": [0.5, 1.5]},
								"east": {"uv": [12, 6], "uv_size": [0.5, 1.5]},
								"south": {"uv": [7, 12], "uv_size": [0.5, 1.5]},
								"west": {"uv": [8, 12], "uv_size": [0.5, 1.5]},
								"up": {"uv": [16, 11], "uv_size": [0.5, 0.5]}
							}
						},
						{
							"origin": [-0.29427, -0.52196, 1.11043],
							"size": [0.08854, 0.97592, 0.28229],
							"uv": {
								"north": {"uv": [13, 11], "uv_size": [0.5, 1]},
								"east": {"uv": [13, 12], "uv_size": [0.5, 1]},
								"west": {"uv": [13, 13], "uv_size": [0.5, 1]}
							}
						},
						{
							"origin": [-0.29427, 0.45396, -4.28957],
							"size": [0.08854, 0.17408, 5.68229],
							"uv": {
								"east": {"uv": [4, 4], "uv_size": [5.5, 0.5]},
								"west": {"uv": [4, 5], "uv_size": [5.5, 0.5]},
								"up": {"uv": [4, 6], "uv_size": [0.5, 5.5]},
								"down": {"uv": [5, 11.5], "uv_size": [0.5, -5.5]}
							}
						},
						{
							"origin": [0.20573, -0.67104, -4.13957],
							"size": [0.08854, 0.14908, 5.53229],
							"uv": {
								"east": {"uv": [6, 0], "uv_size": [5.5, 0.5]},
								"west": {"uv": [6, 1], "uv_size": [5.5, 0.5]},
								"up": {"uv": [6, 6], "uv_size": [0.5, 5.5]},
								"down": {"uv": [7, 11.5], "uv_size": [0.5, -5.5]}
							}
						},
						{
							"origin": [0.20573, -0.30105, -4.34941],
							"size": [0.08854, 1.02408, 0.23229],
							"pivot": [0.0125, 0.14849, -4.34577],
							"rotation": [-35, 0, 0],
							"uv": {
								"north": {"uv": [0, 14], "uv_size": [0.5, 1]},
								"east": {"uv": [14, 0], "uv_size": [0.5, 1]},
								"south": {"uv": [1, 14], "uv_size": [0.5, 1]},
								"west": {"uv": [14, 1], "uv_size": [0.5, 1]},
								"up": {"uv": [12, 16], "uv_size": [0.5, 0.5]},
								"down": {"uv": [16, 12.5], "uv_size": [0.5, -0.5]}
							}
						},
						{
							"origin": [0.20573, -0.38614, -4.54397],
							"size": [0.08854, 0.89908, 0.45729],
							"pivot": [0.0125, 0.2634, -4.27783],
							"rotation": [-45, 0, 0],
							"uv": {
								"north": {"uv": [2, 14], "uv_size": [0.5, 1]},
								"east": {"uv": [14, 2], "uv_size": [0.5, 1]},
								"west": {"uv": [3, 14], "uv_size": [0.5, 1]}
							}
						},
						{
							"origin": [0.20573, 0.45396, -4.28957],
							"size": [0.08854, 0.17408, 5.68229],
							"uv": {
								"east": {"uv": [8, 2], "uv_size": [5.5, 0.5]},
								"west": {"uv": [8, 3], "uv_size": [5.5, 0.5]},
								"up": {"uv": [0, 8], "uv_size": [0.5, 5.5]},
								"down": {"uv": [1, 13.5], "uv_size": [0.5, -5.5]}
							}
						},
						{
							"origin": [0.20573, -0.52196, 1.11043],
							"size": [0.08854, 0.97592, 0.28229],
							"uv": {
								"north": {"uv": [14, 3], "uv_size": [0.5, 1]},
								"east": {"uv": [4, 14], "uv_size": [0.5, 1]},
								"west": {"uv": [14, 4], "uv_size": [0.5, 1]}
							}
						},
						{
							"origin": [-0.29427, 0.63692, 1.725],
							"size": [0.58854, 0.30796, 1.3],
							"uv": {
								"east": {"uv": [12, 8], "uv_size": [1.5, 0.5]},
								"south": {"uv": [13, 16], "uv_size": [0.5, 0.5]},
								"west": {"uv": [12, 9], "uv_size": [1.5, 0.5]}
							}
						},
						{
							"origin": [-0.16408, 0.94488, 1.725],
							"size": [0.32816, 0.04738, 1.3],
							"uv": {
								"north": {"uv": [16, 13], "uv_size": [0.5, 0.5]},
								"south": {"uv": [14, 16], "uv_size": [0.5, 0.5]},
								"up": {"uv": [9, 12], "uv_size": [0.5, 1.5]}
							}
						},
						{
							"origin": [-0.2899, 0.92008, 1.725],
							"size": [0.13854, 0.05, 1.3],
							"pivot": [-0.22063, 0.94508, 2.375],
							"rotation": [0, 0, -20],
							"uv": {
								"north": {"uv": [16, 14], "uv_size": [0.5, 0.5]},
								"south": {"uv": [15, 16], "uv_size": [0.5, 0.5]},
								"up": {"uv": [12, 10], "uv_size": [0.5, 1.5]}
							}
						},
						{
							"origin": [0.15136, 0.92008, 1.725],
							"size": [0.13854, 0.05, 1.3],
							"pivot": [0.22063, 0.94508, 2.375],
							"rotation": [0, 0, 20],
							"uv": {
								"north": {"uv": [16, 15], "uv_size": [0.5, 0.5]},
								"south": {"uv": [16, 16], "uv_size": [0.5, 0.5]},
								"up": {"uv": [12, 12], "uv_size": [0.5, 1.5]}
							}
						},
						{
							"origin": [-0.29427, 0.63692, 1.425],
							"size": [0.58854, 0.31233, 0.38369],
							"pivot": [0, 0.7909, 1.775],
							"rotation": [30, 0, 0],
							"uv": {
								"east": {"uv": [0, 17], "uv_size": [0.5, 0.5]},
								"west": {"uv": [17, 0], "uv_size": [0.5, 0.5]},
								"up": {"uv": [1, 17], "uv_size": [0.5, 0.5]}
							}
						}
					]
				},
				{
					"name": "arrow1",
					"parent": "mag",
					"pivot": [0, 0.42896, -0.90366],
					"cubes": [
						{
							"origin": [-0.1, 0.32896, -4.13957],
							"size": [0.2, 0.2, 5.53229],
							"uv": {
								"north": {"uv": [5, 14], "uv_size": [0.5, 0.5]},
								"east": {"uv": [0, 0], "uv_size": [5.5, 0.5]},
								"south": {"uv": [14, 5], "uv_size": [0.5, 0.5]},
								"west": {"uv": [0, 1], "uv_size": [5.5, 0.5]},
								"up": {"uv": [0, 2], "uv_size": [0.5, 5.5]},
								"down": {"uv": [1, 7.5], "uv_size": [0.5, -5.5]}
							}
						},
						{
							"origin": [-0.25, 0.40396, 0.26043],
							"size": [0.5, 0.05, 0.73229],
							"uv": {
								"east": {"uv": [6, 14], "uv_size": [0.5, 0.5]},
								"west": {"uv": [14, 6], "uv_size": [0.5, 0.5]},
								"up": {"uv": [7, 14], "uv_size": [0.5, 0.5]},
								"down": {"uv": [14, 7.5], "uv_size": [0.5, -0.5]}
							}
						},
						{
							"origin": [-0.0308, 0.40396, 0.64381],
							"size": [0.2, 0.05, 0.43229],
							"pivot": [0, 0.42896, 0.8313],
							"rotation": [0, 22.5, -180],
							"uv": {
								"south": {"uv": [8, 14], "uv_size": [0.5, 0.5]},
								"west": {"uv": [14, 8], "uv_size": [0.5, 0.5]},
								"up": {"uv": [9, 14], "uv_size": [0.5, 0.5]},
								"down": {"uv": [14, 9.5], "uv_size": [0.5, -0.5]}
							}
						},
						{
							"origin": [-0.0308, 0.40396, 0.64381],
							"size": [0.2, 0.05, 0.43229],
							"pivot": [0, 0.42896, 0.8313],
							"rotation": [0, 22.5, -90],
							"uv": {
								"south": {"uv": [10, 14], "uv_size": [0.5, 0.5]},
								"west": {"uv": [14, 10], "uv_size": [0.5, 0.5]},
								"up": {"uv": [11, 14], "uv_size": [0.5, 0.5]},
								"down": {"uv": [14, 11.5], "uv_size": [0.5, -0.5]}
							}
						},
						{
							"origin": [-0.25, 0.40396, 0.26043],
							"size": [0.5, 0.05, 0.73229],
							"pivot": [0, 0.42896, 0.62657],
							"rotation": [0, 0, -90],
							"uv": {
								"east": {"uv": [12, 14], "uv_size": [0.5, 0.5]},
								"west": {"uv": [14, 12], "uv_size": [0.5, 0.5]},
								"up": {"uv": [13, 14], "uv_size": [0.5, 0.5]},
								"down": {"uv": [14, 13.5], "uv_size": [0.5, -0.5]}
							}
						},
						{
							"origin": [-0.1, 0.47886, -0.11714],
							"size": [0.2, 0.05, 0.43229],
							"pivot": [0, 0.50386, 0.09901],
							"rotation": [0, 22.5, -90],
							"uv": {
								"south": {"uv": [14, 14], "uv_size": [0.5, 0.5]},
								"west": {"uv": [0, 15], "uv_size": [0.5, 0.5]},
								"up": {"uv": [15, 0], "uv_size": [0.5, 0.5]},
								"down": {"uv": [1, 15.5], "uv_size": [0.5, -0.5]}
							}
						},
						{
							"origin": [-0.1, 0.32906, -0.11714],
							"size": [0.2, 0.05, 0.43229],
							"pivot": [0, 0.35406, 0.09901],
							"rotation": [0, 22.5, 90],
							"uv": {
								"south": {"uv": [15, 1], "uv_size": [0.5, 0.5]},
								"west": {"uv": [2, 15], "uv_size": [0.5, 0.5]},
								"up": {"uv": [15, 2], "uv_size": [0.5, 0.5]},
								"down": {"uv": [3, 15.5], "uv_size": [0.5, -0.5]}
							}
						},
						{
							"origin": [-0.0308, 0.40396, 0.64381],
							"size": [0.2, 0.05, 0.43229],
							"pivot": [0, 0.42896, 0.8313],
							"rotation": [0, 22.5, 90],
							"uv": {
								"south": {"uv": [15, 3], "uv_size": [0.5, 0.5]},
								"west": {"uv": [4, 15], "uv_size": [0.5, 0.5]},
								"up": {"uv": [15, 4], "uv_size": [0.5, 0.5]},
								"down": {"uv": [5, 15.5], "uv_size": [0.5, -0.5]}
							}
						},
						{
							"origin": [-0.0308, 0.40396, -0.08848],
							"size": [0.2, 0.05, 0.43229],
							"pivot": [0, 0.42896, 0.09901],
							"rotation": [0, 22.5, -180],
							"uv": {
								"south": {"uv": [15, 5], "uv_size": [0.5, 0.5]},
								"west": {"uv": [6, 15], "uv_size": [0.5, 0.5]},
								"up": {"uv": [15, 6], "uv_size": [0.5, 0.5]},
								"down": {"uv": [7, 15.5], "uv_size": [0.5, -0.5]}
							}
						},
						{
							"origin": [-0.0308, 0.40396, 0.64381],
							"size": [0.2, 0.05, 0.43229],
							"pivot": [0, 0.42896, 0.8313],
							"rotation": [0, 22.5, 0],
							"uv": {
								"south": {"uv": [15, 7], "uv_size": [0.5, 0.5]},
								"west": {"uv": [8, 15], "uv_size": [0.5, 0.5]},
								"up": {"uv": [15, 8], "uv_size": [0.5, 0.5]},
								"down": {"uv": [9, 15.5], "uv_size": [0.5, -0.5]}
							}
						},
						{
							"origin": [-0.0308, 0.40396, -0.08848],
							"size": [0.2, 0.05, 0.43229],
							"pivot": [0, 0.42896, 0.09901],
							"rotation": [0, 22.5, 0],
							"uv": {
								"south": {"uv": [15, 9], "uv_size": [0.5, 0.5]},
								"west": {"uv": [10, 15], "uv_size": [0.5, 0.5]},
								"up": {"uv": [15, 10], "uv_size": [0.5, 0.5]},
								"down": {"uv": [11, 15.5], "uv_size": [0.5, -0.5]}
							}
						},
						{
							"origin": [-0.125, 0.30396, -3.39361],
							"size": [0.25, 0.25, 1.94037],
							"uv": {
								"north": {"uv": [15, 11], "uv_size": [0.5, 0.5]},
								"east": {"uv": [2, 10], "uv_size": [2, 0.5]},
								"south": {"uv": [12, 15], "uv_size": [0.5, 0.5]},
								"west": {"uv": [10, 4], "uv_size": [2, 0.5]},
								"up": {"uv": [10, 5], "uv_size": [0.5, 2]},
								"down": {"uv": [10, 9], "uv_size": [0.5, -2]}
							}
						},
						{
							"origin": [0.0192, 0.40396, -4.08848],
							"size": [0.125, 0.05, 0.43229],
							"pivot": [-0.025, 0.42896, -3.90099],
							"rotation": [0, 17.5, 0],
							"uv": {
								"south": {"uv": [15, 12], "uv_size": [0.5, 0.5]},
								"west": {"uv": [13, 15], "uv_size": [0.5, 0.5]},
								"up": {"uv": [15, 13], "uv_size": [0.5, 0.5]},
								"down": {"uv": [14, 15.5], "uv_size": [0.5, -0.5]}
							}
						},
						{
							"origin": [0.0692, 0.40396, -4.08848],
							"size": [0.125, 0.05, 0.43229],
							"pivot": [0.025, 0.42896, -3.90099],
							"rotation": [0, 17.5, -180],
							"uv": {
								"south": {"uv": [15, 14], "uv_size": [0.5, 0.5]},
								"west": {"uv": [15, 15], "uv_size": [0.5, 0.5]},
								"up": {"uv": [0, 16], "uv_size": [0.5, 0.5]},
								"down": {"uv": [16, 0.5], "uv_size": [0.5, -0.5]}
							}
						},
						{
							"origin": [-0.025, 0.35406, -4.11714],
							"size": [0.125, 0.05, 0.43229],
							"pivot": [0, 0.37906, -3.90099],
							"rotation": [0, 17.5, 90],
							"uv": {
								"south": {"uv": [1, 16], "uv_size": [0.5, 0.5]},
								"west": {"uv": [16, 1], "uv_size": [0.5, 0.5]},
								"up": {"uv": [2, 16], "uv_size": [0.5, 0.5]},
								"down": {"uv": [16, 2.5], "uv_size": [0.5, -0.5]}
							}
						},
						{
							"origin": [-0.025, 0.45386, -4.11714],
							"size": [0.125, 0.05, 0.43229],
							"pivot": [0, 0.47886, -3.90099],
							"rotation": [0, 17.5, -90],
							"uv": {
								"south": {"uv": [3, 16], "uv_size": [0.5, 0.5]},
								"west": {"uv": [16, 3], "uv_size": [0.5, 0.5]},
								"up": {"uv": [4, 16], "uv_size": [0.5, 0.5]},
								"down": {"uv": [16, 4.5], "uv_size": [0.5, -0.5]}
							}
						}
					]
				},
				{
					"name": "arrow2",
					"parent": "mag",
					"pivot": [0, 0.17896, -0.90366],
					"cubes": [
						{
							"origin": [-0.1, 0.07896, -4.13957],
							"size": [0.2, 0.2, 5.53229],
							"uv": {
								"north": {"uv": [5, 14], "uv_size": [0.5, 0.5]},
								"east": {"uv": [0, 0], "uv_size": [5.5, 0.5]},
								"south": {"uv": [14, 5], "uv_size": [0.5, 0.5]},
								"west": {"uv": [0, 1], "uv_size": [5.5, 0.5]},
								"up": {"uv": [0.5, 7.5], "uv_size": [-0.5, -5.5]},
								"down": {"uv": [1.5, 7.5], "uv_size": [-0.5, -5.5]}
							}
						},
						{
							"origin": [-0.25, 0.15396, 0.26043],
							"size": [0.5, 0.05, 0.73229],
							"uv": {
								"east": {"uv": [6, 14], "uv_size": [0.5, 0.5]},
								"west": {"uv": [14, 6], "uv_size": [0.5, 0.5]},
								"up": {"uv": [7.5, 14.5], "uv_size": [-0.5, -0.5]},
								"down": {"uv": [14.5, 7.5], "uv_size": [-0.5, -0.5]}
							}
						},
						{
							"origin": [-0.0308, 0.15396, 0.64381],
							"size": [0.2, 0.05, 0.43229],
							"pivot": [0, 0.17896, 0.8313],
							"rotation": [0, 22.5, -180],
							"uv": {
								"south": {"uv": [8, 14], "uv_size": [0.5, 0.5]},
								"west": {"uv": [14, 8], "uv_size": [0.5, 0.5]},
								"up": {"uv": [9.5, 14.5], "uv_size": [-0.5, -0.5]},
								"down": {"uv": [14.5, 9.5], "uv_size": [-0.5, -0.5]}
							}
						},
						{
							"origin": [-0.0308, 0.15396, 0.64381],
							"size": [0.2, 0.05, 0.43229],
							"pivot": [0, 0.17896, 0.8313],
							"rotation": [0, 22.5, -90],
							"uv": {
								"south": {"uv": [10, 14], "uv_size": [0.5, 0.5]},
								"west": {"uv": [14, 10], "uv_size": [0.5, 0.5]},
								"up": {"uv": [11.5, 14.5], "uv_size": [-0.5, -0.5]},
								"down": {"uv": [14.5, 11.5], "uv_size": [-0.5, -0.5]}
							}
						},
						{
							"origin": [-0.25, 0.15396, 0.26043],
							"size": [0.5, 0.05, 0.73229],
							"pivot": [0, 0.17896, 0.62657],
							"rotation": [0, 0, -90],
							"uv": {
								"east": {"uv": [12, 14], "uv_size": [0.5, 0.5]},
								"west": {"uv": [14, 12], "uv_size": [0.5, 0.5]},
								"up": {"uv": [13.5, 14.5], "uv_size": [-0.5, -0.5]},
								"down": {"uv": [14.5, 13.5], "uv_size": [-0.5, -0.5]}
							}
						},
						{
							"origin": [-0.1, 0.22886, -0.11714],
							"size": [0.2, 0.05, 0.43229],
							"pivot": [0, 0.25386, 0.09901],
							"rotation": [0, 22.5, -90],
							"uv": {
								"south": {"uv": [14, 14], "uv_size": [0.5, 0.5]},
								"west": {"uv": [0, 15], "uv_size": [0.5, 0.5]},
								"up": {"uv": [15.5, 0.5], "uv_size": [-0.5, -0.5]},
								"down": {"uv": [1.5, 15.5], "uv_size": [-0.5, -0.5]}
							}
						},
						{
							"origin": [-0.1, 0.07906, -0.11714],
							"size": [0.2, 0.05, 0.43229],
							"pivot": [0, 0.10406, 0.09901],
							"rotation": [0, 22.5, 90],
							"uv": {
								"south": {"uv": [15, 1], "uv_size": [0.5, 0.5]},
								"west": {"uv": [2, 15], "uv_size": [0.5, 0.5]},
								"up": {"uv": [15.5, 2.5], "uv_size": [-0.5, -0.5]},
								"down": {"uv": [3.5, 15.5], "uv_size": [-0.5, -0.5]}
							}
						},
						{
							"origin": [-0.0308, 0.15396, 0.64381],
							"size": [0.2, 0.05, 0.43229],
							"pivot": [0, 0.17896, 0.8313],
							"rotation": [0, 22.5, 90],
							"uv": {
								"south": {"uv": [15, 3], "uv_size": [0.5, 0.5]},
								"west": {"uv": [4, 15], "uv_size": [0.5, 0.5]},
								"up": {"uv": [15.5, 4.5], "uv_size": [-0.5, -0.5]},
								"down": {"uv": [5.5, 15.5], "uv_size": [-0.5, -0.5]}
							}
						},
						{
							"origin": [-0.0308, 0.15396, -0.08848],
							"size": [0.2, 0.05, 0.43229],
							"pivot": [0, 0.17896, 0.09901],
							"rotation": [0, 22.5, -180],
							"uv": {
								"south": {"uv": [15, 5], "uv_size": [0.5, 0.5]},
								"west": {"uv": [6, 15], "uv_size": [0.5, 0.5]},
								"up": {"uv": [15.5, 6.5], "uv_size": [-0.5, -0.5]},
								"down": {"uv": [7.5, 15.5], "uv_size": [-0.5, -0.5]}
							}
						},
						{
							"origin": [-0.0308, 0.15396, 0.64381],
							"size": [0.2, 0.05, 0.43229],
							"pivot": [0, 0.17896, 0.8313],
							"rotation": [0, 22.5, 0],
							"uv": {
								"south": {"uv": [15, 7], "uv_size": [0.5, 0.5]},
								"west": {"uv": [8, 15], "uv_size": [0.5, 0.5]},
								"up": {"uv": [15.5, 8.5], "uv_size": [-0.5, -0.5]},
								"down": {"uv": [9.5, 15.5], "uv_size": [-0.5, -0.5]}
							}
						},
						{
							"origin": [-0.0308, 0.15396, -0.08848],
							"size": [0.2, 0.05, 0.43229],
							"pivot": [0, 0.17896, 0.09901],
							"rotation": [0, 22.5, 0],
							"uv": {
								"south": {"uv": [15, 9], "uv_size": [0.5, 0.5]},
								"west": {"uv": [10, 15], "uv_size": [0.5, 0.5]},
								"up": {"uv": [15.5, 10.5], "uv_size": [-0.5, -0.5]},
								"down": {"uv": [11.5, 15.5], "uv_size": [-0.5, -0.5]}
							}
						},
						{
							"origin": [-0.125, 0.05396, -3.39361],
							"size": [0.25, 0.25, 1.94037],
							"uv": {
								"north": {"uv": [15, 11], "uv_size": [0.5, 0.5]},
								"east": {"uv": [2, 10], "uv_size": [2, 0.5]},
								"south": {"uv": [12, 15], "uv_size": [0.5, 0.5]},
								"west": {"uv": [10, 4], "uv_size": [2, 0.5]},
								"up": {"uv": [10.5, 7], "uv_size": [-0.5, -2]},
								"down": {"uv": [10.5, 9], "uv_size": [-0.5, -2]}
							}
						},
						{
							"origin": [0.0192, 0.15396, -4.08848],
							"size": [0.125, 0.05, 0.43229],
							"pivot": [-0.025, 0.17896, -3.90099],
							"rotation": [0, 17.5, 0],
							"uv": {
								"south": {"uv": [15, 12], "uv_size": [0.5, 0.5]},
								"west": {"uv": [13, 15], "uv_size": [0.5, 0.5]},
								"up": {"uv": [15.5, 13.5], "uv_size": [-0.5, -0.5]},
								"down": {"uv": [14.5, 15.5], "uv_size": [-0.5, -0.5]}
							}
						},
						{
							"origin": [0.0692, 0.15396, -4.08848],
							"size": [0.125, 0.05, 0.43229],
							"pivot": [0.025, 0.17896, -3.90099],
							"rotation": [0, 17.5, -180],
							"uv": {
								"south": {"uv": [15, 14], "uv_size": [0.5, 0.5]},
								"west": {"uv": [15, 15], "uv_size": [0.5, 0.5]},
								"up": {"uv": [0.5, 16.5], "uv_size": [-0.5, -0.5]},
								"down": {"uv": [16.5, 0.5], "uv_size": [-0.5, -0.5]}
							}
						},
						{
							"origin": [-0.025, 0.10406, -4.11714],
							"size": [0.125, 0.05, 0.43229],
							"pivot": [0, 0.12906, -3.90099],
							"rotation": [0, 17.5, 90],
							"uv": {
								"south": {"uv": [1, 16], "uv_size": [0.5, 0.5]},
								"west": {"uv": [16, 1], "uv_size": [0.5, 0.5]},
								"up": {"uv": [2.5, 16.5], "uv_size": [-0.5, -0.5]},
								"down": {"uv": [16.5, 2.5], "uv_size": [-0.5, -0.5]}
							}
						},
						{
							"origin": [-0.025, 0.20386, -4.11714],
							"size": [0.125, 0.05, 0.43229],
							"pivot": [0, 0.22886, -3.90099],
							"rotation": [0, 17.5, -90],
							"uv": {
								"south": {"uv": [3, 16], "uv_size": [0.5, 0.5]},
								"west": {"uv": [16, 3], "uv_size": [0.5, 0.5]},
								"up": {"uv": [4.5, 16.5], "uv_size": [-0.5, -0.5]},
								"down": {"uv": [16.5, 4.5], "uv_size": [-0.5, -0.5]}
							}
						}
					]
				},
				{
					"name": "arrow3",
					"parent": "mag",
					"pivot": [0, -0.07104, -0.90366],
					"cubes": [
						{
							"origin": [-0.1, -0.17104, -4.13957],
							"size": [0.2, 0.2, 5.53229],
							"uv": {
								"north": {"uv": [5, 14], "uv_size": [0.5, 0.5]},
								"east": {"uv": [0, 0], "uv_size": [5.5, 0.5]},
								"south": {"uv": [14, 5], "uv_size": [0.5, 0.5]},
								"west": {"uv": [0, 1], "uv_size": [5.5, 0.5]},
								"up": {"uv": [0.5, 7.5], "uv_size": [-0.5, -5.5]},
								"down": {"uv": [1.5, 7.5], "uv_size": [-0.5, -5.5]}
							}
						},
						{
							"origin": [-0.25, -0.09604, 0.26043],
							"size": [0.5, 0.05, 0.73229],
							"uv": {
								"east": {"uv": [6, 14], "uv_size": [0.5, 0.5]},
								"west": {"uv": [14, 6], "uv_size": [0.5, 0.5]},
								"up": {"uv": [7.5, 14.5], "uv_size": [-0.5, -0.5]},
								"down": {"uv": [14.5, 7.5], "uv_size": [-0.5, -0.5]}
							}
						},
						{
							"origin": [-0.0308, -0.09604, 0.64381],
							"size": [0.2, 0.05, 0.43229],
							"pivot": [0, -0.07104, 0.8313],
							"rotation": [0, 22.5, -180],
							"uv": {
								"south": {"uv": [8, 14], "uv_size": [0.5, 0.5]},
								"west": {"uv": [14, 8], "uv_size": [0.5, 0.5]},
								"up": {"uv": [9.5, 14.5], "uv_size": [-0.5, -0.5]},
								"down": {"uv": [14.5, 9.5], "uv_size": [-0.5, -0.5]}
							}
						},
						{
							"origin": [-0.0308, -0.09604, 0.64381],
							"size": [0.2, 0.05, 0.43229],
							"pivot": [0, -0.07104, 0.8313],
							"rotation": [0, 22.5, -90],
							"uv": {
								"south": {"uv": [10, 14], "uv_size": [0.5, 0.5]},
								"west": {"uv": [14, 10], "uv_size": [0.5, 0.5]},
								"up": {"uv": [11.5, 14.5], "uv_size": [-0.5, -0.5]},
								"down": {"uv": [14.5, 11.5], "uv_size": [-0.5, -0.5]}
							}
						},
						{
							"origin": [-0.25, -0.09604, 0.26043],
							"size": [0.5, 0.05, 0.73229],
							"pivot": [0, -0.07104, 0.62657],
							"rotation": [0, 0, -90],
							"uv": {
								"east": {"uv": [12, 14], "uv_size": [0.5, 0.5]},
								"west": {"uv": [14, 12], "uv_size": [0.5, 0.5]},
								"up": {"uv": [13.5, 14.5], "uv_size": [-0.5, -0.5]},
								"down": {"uv": [14.5, 13.5], "uv_size": [-0.5, -0.5]}
							}
						},
						{
							"origin": [-0.1, -0.02114, -0.11714],
							"size": [0.2, 0.05, 0.43229],
							"pivot": [0, 0.00386, 0.09901],
							"rotation": [0, 22.5, -90],
							"uv": {
								"south": {"uv": [14, 14], "uv_size": [0.5, 0.5]},
								"west": {"uv": [0, 15], "uv_size": [0.5, 0.5]},
								"up": {"uv": [15.5, 0.5], "uv_size": [-0.5, -0.5]},
								"down": {"uv": [1.5, 15.5], "uv_size": [-0.5, -0.5]}
							}
						},
						{
							"origin": [-0.1, -0.17094, -0.11714],
							"size": [0.2, 0.05, 0.43229],
							"pivot": [0, -0.14594, 0.09901],
							"rotation": [0, 22.5, 90],
							"uv": {
								"south": {"uv": [15, 1], "uv_size": [0.5, 0.5]},
								"west": {"uv": [2, 15], "uv_size": [0.5, 0.5]},
								"up": {"uv": [15.5, 2.5], "uv_size": [-0.5, -0.5]},
								"down": {"uv": [3.5, 15.5], "uv_size": [-0.5, -0.5]}
							}
						},
						{
							"origin": [-0.0308, -0.09604, 0.64381],
							"size": [0.2, 0.05, 0.43229],
							"pivot": [0, -0.07104, 0.8313],
							"rotation": [0, 22.5, 90],
							"uv": {
								"south": {"uv": [15, 3], "uv_size": [0.5, 0.5]},
								"west": {"uv": [4, 15], "uv_size": [0.5, 0.5]},
								"up": {"uv": [15.5, 4.5], "uv_size": [-0.5, -0.5]},
								"down": {"uv": [5.5, 15.5], "uv_size": [-0.5, -0.5]}
							}
						},
						{
							"origin": [-0.0308, -0.09604, -0.08848],
							"size": [0.2, 0.05, 0.43229],
							"pivot": [0, -0.07104, 0.09901],
							"rotation": [0, 22.5, -180],
							"uv": {
								"south": {"uv": [15, 5], "uv_size": [0.5, 0.5]},
								"west": {"uv": [6, 15], "uv_size": [0.5, 0.5]},
								"up": {"uv": [15.5, 6.5], "uv_size": [-0.5, -0.5]},
								"down": {"uv": [7.5, 15.5], "uv_size": [-0.5, -0.5]}
							}
						},
						{
							"origin": [-0.0308, -0.09604, 0.64381],
							"size": [0.2, 0.05, 0.43229],
							"pivot": [0, -0.07104, 0.8313],
							"rotation": [0, 22.5, 0],
							"uv": {
								"south": {"uv": [15, 7], "uv_size": [0.5, 0.5]},
								"west": {"uv": [8, 15], "uv_size": [0.5, 0.5]},
								"up": {"uv": [15.5, 8.5], "uv_size": [-0.5, -0.5]},
								"down": {"uv": [9.5, 15.5], "uv_size": [-0.5, -0.5]}
							}
						},
						{
							"origin": [-0.0308, -0.09604, -0.08848],
							"size": [0.2, 0.05, 0.43229],
							"pivot": [0, -0.07104, 0.09901],
							"rotation": [0, 22.5, 0],
							"uv": {
								"south": {"uv": [15, 9], "uv_size": [0.5, 0.5]},
								"west": {"uv": [10, 15], "uv_size": [0.5, 0.5]},
								"up": {"uv": [15.5, 10.5], "uv_size": [-0.5, -0.5]},
								"down": {"uv": [11.5, 15.5], "uv_size": [-0.5, -0.5]}
							}
						},
						{
							"origin": [-0.125, -0.19604, -3.39361],
							"size": [0.25, 0.25, 1.94037],
							"uv": {
								"north": {"uv": [15, 11], "uv_size": [0.5, 0.5]},
								"east": {"uv": [2, 10], "uv_size": [2, 0.5]},
								"south": {"uv": [12, 15], "uv_size": [0.5, 0.5]},
								"west": {"uv": [10, 4], "uv_size": [2, 0.5]},
								"up": {"uv": [10.5, 7], "uv_size": [-0.5, -2]},
								"down": {"uv": [10.5, 9], "uv_size": [-0.5, -2]}
							}
						},
						{
							"origin": [0.0192, -0.09604, -4.08848],
							"size": [0.125, 0.05, 0.43229],
							"pivot": [-0.025, -0.07104, -3.90099],
							"rotation": [0, 17.5, 0],
							"uv": {
								"south": {"uv": [15, 12], "uv_size": [0.5, 0.5]},
								"west": {"uv": [13, 15], "uv_size": [0.5, 0.5]},
								"up": {"uv": [15.5, 13.5], "uv_size": [-0.5, -0.5]},
								"down": {"uv": [14.5, 15.5], "uv_size": [-0.5, -0.5]}
							}
						},
						{
							"origin": [0.0692, -0.09604, -4.08848],
							"size": [0.125, 0.05, 0.43229],
							"pivot": [0.025, -0.07104, -3.90099],
							"rotation": [0, 17.5, -180],
							"uv": {
								"south": {"uv": [15, 14], "uv_size": [0.5, 0.5]},
								"west": {"uv": [15, 15], "uv_size": [0.5, 0.5]},
								"up": {"uv": [0.5, 16.5], "uv_size": [-0.5, -0.5]},
								"down": {"uv": [16.5, 0.5], "uv_size": [-0.5, -0.5]}
							}
						},
						{
							"origin": [-0.025, -0.14594, -4.11714],
							"size": [0.125, 0.05, 0.43229],
							"pivot": [0, -0.12094, -3.90099],
							"rotation": [0, 17.5, 90],
							"uv": {
								"south": {"uv": [1, 16], "uv_size": [0.5, 0.5]},
								"west": {"uv": [16, 1], "uv_size": [0.5, 0.5]},
								"up": {"uv": [2.5, 16.5], "uv_size": [-0.5, -0.5]},
								"down": {"uv": [16.5, 2.5], "uv_size": [-0.5, -0.5]}
							}
						},
						{
							"origin": [-0.025, -0.04614, -4.11714],
							"size": [0.125, 0.05, 0.43229],
							"pivot": [0, -0.02114, -3.90099],
							"rotation": [0, 17.5, -90],
							"uv": {
								"south": {"uv": [3, 16], "uv_size": [0.5, 0.5]},
								"west": {"uv": [16, 3], "uv_size": [0.5, 0.5]},
								"up": {"uv": [4.5, 16.5], "uv_size": [-0.5, -0.5]},
								"down": {"uv": [16.5, 4.5], "uv_size": [-0.5, -0.5]}
							}
						}
					]
				},
				{
					"name": "arrow4",
					"parent": "mag",
					"pivot": [0, -0.32104, -0.90366],
					"cubes": [
						{
							"origin": [-0.1, -0.42104, -4.13957],
							"size": [0.2, 0.2, 5.53229],
							"uv": {
								"north": {"uv": [5, 14], "uv_size": [0.5, 0.5]},
								"east": {"uv": [0, 0], "uv_size": [5.5, 0.5]},
								"south": {"uv": [14, 5], "uv_size": [0.5, 0.5]},
								"west": {"uv": [0, 1], "uv_size": [5.5, 0.5]},
								"up": {"uv": [0.5, 7.5], "uv_size": [-0.5, -5.5]},
								"down": {"uv": [1.5, 7.5], "uv_size": [-0.5, -5.5]}
							}
						},
						{
							"origin": [-0.25, -0.34604, 0.26043],
							"size": [0.5, 0.05, 0.73229],
							"uv": {
								"east": {"uv": [6, 14], "uv_size": [0.5, 0.5]},
								"west": {"uv": [14, 6], "uv_size": [0.5, 0.5]},
								"up": {"uv": [7.5, 14.5], "uv_size": [-0.5, -0.5]},
								"down": {"uv": [14.5, 7.5], "uv_size": [-0.5, -0.5]}
							}
						},
						{
							"origin": [-0.0308, -0.34604, 0.64381],
							"size": [0.2, 0.05, 0.43229],
							"pivot": [0, -0.32104, 0.8313],
							"rotation": [0, 22.5, -180],
							"uv": {
								"south": {"uv": [8, 14], "uv_size": [0.5, 0.5]},
								"west": {"uv": [14, 8], "uv_size": [0.5, 0.5]},
								"up": {"uv": [9.5, 14.5], "uv_size": [-0.5, -0.5]},
								"down": {"uv": [14.5, 9.5], "uv_size": [-0.5, -0.5]}
							}
						},
						{
							"origin": [-0.0308, -0.34604, 0.64381],
							"size": [0.2, 0.05, 0.43229],
							"pivot": [0, -0.32104, 0.8313],
							"rotation": [0, 22.5, -90],
							"uv": {
								"south": {"uv": [10, 14], "uv_size": [0.5, 0.5]},
								"west": {"uv": [14, 10], "uv_size": [0.5, 0.5]},
								"up": {"uv": [11.5, 14.5], "uv_size": [-0.5, -0.5]},
								"down": {"uv": [14.5, 11.5], "uv_size": [-0.5, -0.5]}
							}
						},
						{
							"origin": [-0.25, -0.34604, 0.26043],
							"size": [0.5, 0.05, 0.73229],
							"pivot": [0, -0.32104, 0.62657],
							"rotation": [0, 0, -90],
							"uv": {
								"east": {"uv": [12, 14], "uv_size": [0.5, 0.5]},
								"west": {"uv": [14, 12], "uv_size": [0.5, 0.5]},
								"up": {"uv": [13.5, 14.5], "uv_size": [-0.5, -0.5]},
								"down": {"uv": [14.5, 13.5], "uv_size": [-0.5, -0.5]}
							}
						},
						{
							"origin": [-0.1, -0.27114, -0.11714],
							"size": [0.2, 0.05, 0.43229],
							"pivot": [0, -0.24614, 0.09901],
							"rotation": [0, 22.5, -90],
							"uv": {
								"south": {"uv": [14, 14], "uv_size": [0.5, 0.5]},
								"west": {"uv": [0, 15], "uv_size": [0.5, 0.5]},
								"up": {"uv": [15.5, 0.5], "uv_size": [-0.5, -0.5]},
								"down": {"uv": [1.5, 15.5], "uv_size": [-0.5, -0.5]}
							}
						},
						{
							"origin": [-0.1, -0.42094, -0.11714],
							"size": [0.2, 0.05, 0.43229],
							"pivot": [0, -0.39594, 0.09901],
							"rotation": [0, 22.5, 90],
							"uv": {
								"south": {"uv": [15, 1], "uv_size": [0.5, 0.5]},
								"west": {"uv": [2, 15], "uv_size": [0.5, 0.5]},
								"up": {"uv": [15.5, 2.5], "uv_size": [-0.5, -0.5]},
								"down": {"uv": [3.5, 15.5], "uv_size": [-0.5, -0.5]}
							}
						},
						{
							"origin": [-0.0308, -0.34604, 0.64381],
							"size": [0.2, 0.05, 0.43229],
							"pivot": [0, -0.32104, 0.8313],
							"rotation": [0, 22.5, 90],
							"uv": {
								"south": {"uv": [15, 3], "uv_size": [0.5, 0.5]},
								"west": {"uv": [4, 15], "uv_size": [0.5, 0.5]},
								"up": {"uv": [15.5, 4.5], "uv_size": [-0.5, -0.5]},
								"down": {"uv": [5.5, 15.5], "uv_size": [-0.5, -0.5]}
							}
						},
						{
							"origin": [-0.0308, -0.34604, -0.08848],
							"size": [0.2, 0.05, 0.43229],
							"pivot": [0, -0.32104, 0.09901],
							"rotation": [0, 22.5, -180],
							"uv": {
								"south": {"uv": [15, 5], "uv_size": [0.5, 0.5]},
								"west": {"uv": [6, 15], "uv_size": [0.5, 0.5]},
								"up": {"uv": [15.5, 6.5], "uv_size": [-0.5, -0.5]},
								"down": {"uv": [7.5, 15.5], "uv_size": [-0.5, -0.5]}
							}
						},
						{
							"origin": [-0.0308, -0.34604, 0.64381],
							"size": [0.2, 0.05, 0.43229],
							"pivot": [0, -0.32104, 0.8313],
							"rotation": [0, 22.5, 0],
							"uv": {
								"south": {"uv": [15, 7], "uv_size": [0.5, 0.5]},
								"west": {"uv": [8, 15], "uv_size": [0.5, 0.5]},
								"up": {"uv": [15.5, 8.5], "uv_size": [-0.5, -0.5]},
								"down": {"uv": [9.5, 15.5], "uv_size": [-0.5, -0.5]}
							}
						},
						{
							"origin": [-0.0308, -0.34604, -0.08848],
							"size": [0.2, 0.05, 0.43229],
							"pivot": [0, -0.32104, 0.09901],
							"rotation": [0, 22.5, 0],
							"uv": {
								"south": {"uv": [15, 9], "uv_size": [0.5, 0.5]},
								"west": {"uv": [10, 15], "uv_size": [0.5, 0.5]},
								"up": {"uv": [15.5, 10.5], "uv_size": [-0.5, -0.5]},
								"down": {"uv": [11.5, 15.5], "uv_size": [-0.5, -0.5]}
							}
						},
						{
							"origin": [-0.125, -0.44604, -3.39361],
							"size": [0.25, 0.25, 1.94037],
							"uv": {
								"north": {"uv": [15, 11], "uv_size": [0.5, 0.5]},
								"east": {"uv": [2, 10], "uv_size": [2, 0.5]},
								"south": {"uv": [12, 15], "uv_size": [0.5, 0.5]},
								"west": {"uv": [10, 4], "uv_size": [2, 0.5]},
								"up": {"uv": [10.5, 7], "uv_size": [-0.5, -2]},
								"down": {"uv": [10.5, 9], "uv_size": [-0.5, -2]}
							}
						},
						{
							"origin": [0.0192, -0.34604, -4.08848],
							"size": [0.125, 0.05, 0.43229],
							"pivot": [-0.025, -0.32104, -3.90099],
							"rotation": [0, 17.5, 0],
							"uv": {
								"south": {"uv": [15, 12], "uv_size": [0.5, 0.5]},
								"west": {"uv": [13, 15], "uv_size": [0.5, 0.5]},
								"up": {"uv": [15.5, 13.5], "uv_size": [-0.5, -0.5]},
								"down": {"uv": [14.5, 15.5], "uv_size": [-0.5, -0.5]}
							}
						},
						{
							"origin": [0.0692, -0.34604, -4.08848],
							"size": [0.125, 0.05, 0.43229],
							"pivot": [0.025, -0.32104, -3.90099],
							"rotation": [0, 17.5, -180],
							"uv": {
								"south": {"uv": [15, 14], "uv_size": [0.5, 0.5]},
								"west": {"uv": [15, 15], "uv_size": [0.5, 0.5]},
								"up": {"uv": [0.5, 16.5], "uv_size": [-0.5, -0.5]},
								"down": {"uv": [16.5, 0.5], "uv_size": [-0.5, -0.5]}
							}
						},
						{
							"origin": [-0.025, -0.39594, -4.11714],
							"size": [0.125, 0.05, 0.43229],
							"pivot": [0, -0.37094, -3.90099],
							"rotation": [0, 17.5, 90],
							"uv": {
								"south": {"uv": [1, 16], "uv_size": [0.5, 0.5]},
								"west": {"uv": [16, 1], "uv_size": [0.5, 0.5]},
								"up": {"uv": [2.5, 16.5], "uv_size": [-0.5, -0.5]},
								"down": {"uv": [16.5, 2.5], "uv_size": [-0.5, -0.5]}
							}
						},
						{
							"origin": [-0.025, -0.29614, -4.11714],
							"size": [0.125, 0.05, 0.43229],
							"pivot": [0, -0.27114, -3.90099],
							"rotation": [0, 17.5, -90],
							"uv": {
								"south": {"uv": [3, 16], "uv_size": [0.5, 0.5]},
								"west": {"uv": [16, 3], "uv_size": [0.5, 0.5]},
								"up": {"uv": [4.5, 16.5], "uv_size": [-0.5, -0.5]},
								"down": {"uv": [16.5, 4.5], "uv_size": [-0.5, -0.5]}
							}
						}
					]
				},
				{
					"name": "arrow5",
					"parent": "mag",
					"pivot": [0, -0.57104, -0.90366],
					"cubes": [
						{
							"origin": [-0.1, -0.67104, -4.13957],
							"size": [0.2, 0.2, 5.53229],
							"uv": {
								"north": {"uv": [5, 14], "uv_size": [0.5, 0.5]},
								"east": {"uv": [0, 0], "uv_size": [5.5, 0.5]},
								"south": {"uv": [14, 5], "uv_size": [0.5, 0.5]},
								"west": {"uv": [0, 1], "uv_size": [5.5, 0.5]},
								"up": {"uv": [0.5, 7.5], "uv_size": [-0.5, -5.5]},
								"down": {"uv": [1.5, 7.5], "uv_size": [-0.5, -5.5]}
							}
						},
						{
							"origin": [-0.25, -0.59604, 0.26043],
							"size": [0.5, 0.05, 0.73229],
							"uv": {
								"east": {"uv": [6, 14], "uv_size": [0.5, 0.5]},
								"west": {"uv": [14, 6], "uv_size": [0.5, 0.5]},
								"up": {"uv": [7.5, 14.5], "uv_size": [-0.5, -0.5]},
								"down": {"uv": [14.5, 7.5], "uv_size": [-0.5, -0.5]}
							}
						},
						{
							"origin": [-0.0308, -0.59604, 0.64381],
							"size": [0.2, 0.05, 0.43229],
							"pivot": [0, -0.57104, 0.8313],
							"rotation": [0, 22.5, -180],
							"uv": {
								"south": {"uv": [8, 14], "uv_size": [0.5, 0.5]},
								"west": {"uv": [14, 8], "uv_size": [0.5, 0.5]},
								"up": {"uv": [9.5, 14.5], "uv_size": [-0.5, -0.5]},
								"down": {"uv": [14.5, 9.5], "uv_size": [-0.5, -0.5]}
							}
						},
						{
							"origin": [-0.0308, -0.59604, 0.64381],
							"size": [0.2, 0.05, 0.43229],
							"pivot": [0, -0.57104, 0.8313],
							"rotation": [0, 22.5, -90],
							"uv": {
								"south": {"uv": [10, 14], "uv_size": [0.5, 0.5]},
								"west": {"uv": [14, 10], "uv_size": [0.5, 0.5]},
								"up": {"uv": [11.5, 14.5], "uv_size": [-0.5, -0.5]},
								"down": {"uv": [14.5, 11.5], "uv_size": [-0.5, -0.5]}
							}
						},
						{
							"origin": [-0.25, -0.59604, 0.26043],
							"size": [0.5, 0.05, 0.73229],
							"pivot": [0, -0.57104, 0.62657],
							"rotation": [0, 0, -90],
							"uv": {
								"east": {"uv": [12, 14], "uv_size": [0.5, 0.5]},
								"west": {"uv": [14, 12], "uv_size": [0.5, 0.5]},
								"up": {"uv": [13.5, 14.5], "uv_size": [-0.5, -0.5]},
								"down": {"uv": [14.5, 13.5], "uv_size": [-0.5, -0.5]}
							}
						},
						{
							"origin": [-0.1, -0.52114, -0.11714],
							"size": [0.2, 0.05, 0.43229],
							"pivot": [0, -0.49614, 0.09901],
							"rotation": [0, 22.5, -90],
							"uv": {
								"south": {"uv": [14, 14], "uv_size": [0.5, 0.5]},
								"west": {"uv": [0, 15], "uv_size": [0.5, 0.5]},
								"up": {"uv": [15.5, 0.5], "uv_size": [-0.5, -0.5]},
								"down": {"uv": [1.5, 15.5], "uv_size": [-0.5, -0.5]}
							}
						},
						{
							"origin": [-0.1, -0.67094, -0.11714],
							"size": [0.2, 0.05, 0.43229],
							"pivot": [0, -0.64594, 0.09901],
							"rotation": [0, 22.5, 90],
							"uv": {
								"south": {"uv": [15, 1], "uv_size": [0.5, 0.5]},
								"west": {"uv": [2, 15], "uv_size": [0.5, 0.5]},
								"up": {"uv": [15.5, 2.5], "uv_size": [-0.5, -0.5]},
								"down": {"uv": [3.5, 15.5], "uv_size": [-0.5, -0.5]}
							}
						},
						{
							"origin": [-0.0308, -0.59604, 0.64381],
							"size": [0.2, 0.05, 0.43229],
							"pivot": [0, -0.57104, 0.8313],
							"rotation": [0, 22.5, 90],
							"uv": {
								"south": {"uv": [15, 3], "uv_size": [0.5, 0.5]},
								"west": {"uv": [4, 15], "uv_size": [0.5, 0.5]},
								"up": {"uv": [15.5, 4.5], "uv_size": [-0.5, -0.5]},
								"down": {"uv": [5.5, 15.5], "uv_size": [-0.5, -0.5]}
							}
						},
						{
							"origin": [-0.0308, -0.59604, -0.08848],
							"size": [0.2, 0.05, 0.43229],
							"pivot": [0, -0.57104, 0.09901],
							"rotation": [0, 22.5, -180],
							"uv": {
								"south": {"uv": [15, 5], "uv_size": [0.5, 0.5]},
								"west": {"uv": [6, 15], "uv_size": [0.5, 0.5]},
								"up": {"uv": [15.5, 6.5], "uv_size": [-0.5, -0.5]},
								"down": {"uv": [7.5, 15.5], "uv_size": [-0.5, -0.5]}
							}
						},
						{
							"origin": [-0.0308, -0.59604, 0.64381],
							"size": [0.2, 0.05, 0.43229],
							"pivot": [0, -0.57104, 0.8313],
							"rotation": [0, 22.5, 0],
							"uv": {
								"south": {"uv": [15, 7], "uv_size": [0.5, 0.5]},
								"west": {"uv": [8, 15], "uv_size": [0.5, 0.5]},
								"up": {"uv": [15.5, 8.5], "uv_size": [-0.5, -0.5]},
								"down": {"uv": [9.5, 15.5], "uv_size": [-0.5, -0.5]}
							}
						},
						{
							"origin": [-0.0308, -0.59604, -0.08848],
							"size": [0.2, 0.05, 0.43229],
							"pivot": [0, -0.57104, 0.09901],
							"rotation": [0, 22.5, 0],
							"uv": {
								"south": {"uv": [15, 9], "uv_size": [0.5, 0.5]},
								"west": {"uv": [10, 15], "uv_size": [0.5, 0.5]},
								"up": {"uv": [15.5, 10.5], "uv_size": [-0.5, -0.5]},
								"down": {"uv": [11.5, 15.5], "uv_size": [-0.5, -0.5]}
							}
						},
						{
							"origin": [-0.125, -0.69604, -3.39361],
							"size": [0.25, 0.25, 1.94037],
							"uv": {
								"north": {"uv": [15, 11], "uv_size": [0.5, 0.5]},
								"east": {"uv": [2, 10], "uv_size": [2, 0.5]},
								"south": {"uv": [12, 15], "uv_size": [0.5, 0.5]},
								"west": {"uv": [10, 4], "uv_size": [2, 0.5]},
								"up": {"uv": [10.5, 7], "uv_size": [-0.5, -2]},
								"down": {"uv": [10.5, 9], "uv_size": [-0.5, -2]}
							}
						},
						{
							"origin": [0.0192, -0.59604, -4.08848],
							"size": [0.125, 0.05, 0.43229],
							"pivot": [-0.025, -0.57104, -3.90099],
							"rotation": [0, 17.5, 0],
							"uv": {
								"south": {"uv": [15, 12], "uv_size": [0.5, 0.5]},
								"west": {"uv": [13, 15], "uv_size": [0.5, 0.5]},
								"up": {"uv": [15.5, 13.5], "uv_size": [-0.5, -0.5]},
								"down": {"uv": [14.5, 15.5], "uv_size": [-0.5, -0.5]}
							}
						},
						{
							"origin": [0.0692, -0.59604, -4.08848],
							"size": [0.125, 0.05, 0.43229],
							"pivot": [0.025, -0.57104, -3.90099],
							"rotation": [0, 17.5, -180],
							"uv": {
								"south": {"uv": [15, 14], "uv_size": [0.5, 0.5]},
								"west": {"uv": [15, 15], "uv_size": [0.5, 0.5]},
								"up": {"uv": [0.5, 16.5], "uv_size": [-0.5, -0.5]},
								"down": {"uv": [16.5, 0.5], "uv_size": [-0.5, -0.5]}
							}
						},
						{
							"origin": [-0.025, -0.64594, -4.11714],
							"size": [0.125, 0.05, 0.43229],
							"pivot": [0, -0.62094, -3.90099],
							"rotation": [0, 17.5, 90],
							"uv": {
								"south": {"uv": [1, 16], "uv_size": [0.5, 0.5]},
								"west": {"uv": [16, 1], "uv_size": [0.5, 0.5]},
								"up": {"uv": [2.5, 16.5], "uv_size": [-0.5, -0.5]},
								"down": {"uv": [16.5, 2.5], "uv_size": [-0.5, -0.5]}
							}
						},
						{
							"origin": [-0.025, -0.54614, -4.11714],
							"size": [0.125, 0.05, 0.43229],
							"pivot": [0, -0.52114, -3.90099],
							"rotation": [0, 17.5, -90],
							"uv": {
								"south": {"uv": [3, 16], "uv_size": [0.5, 0.5]},
								"west": {"uv": [16, 3], "uv_size": [0.5, 0.5]},
								"up": {"uv": [4.5, 16.5], "uv_size": [-0.5, -0.5]},
								"down": {"uv": [16.5, 4.5], "uv_size": [-0.5, -0.5]}
							}
						}
					]
				}
			]
		}
	]
}