{
	"format_version": "1.12.0",
	"minecraft:geometry": [
		{
			"description": {
				"identifier": "geometry.unknown",
				"texture_width": 64,
				"texture_height": 64,
				"visible_bounds_width": 4,
				"visible_bounds_height": 1.5,
				"visible_bounds_offset": [0, 0.25, 0]
			},
			"bones": [
				{
					"name": "rocket",
					"pivot": [-0.00034, 0.00081, -3.38886],
					"cubes": [
						{
							"origin": [-0.41456, -1.00177, -5.64172],
							"size": [0.82843, 2.00344, 2.4052],
							"pivot": [-0.00034, 0.00081, -3.38886],
							"rotation": [0, 0, 22.5],
							"uv": {
								"north": {"uv": [9, 29], "uv_size": [1, 2]},
								"east": {"uv": [23, 10], "uv_size": [2.5, 2]},
								"south": {"uv": [10, 29], "uv_size": [1, 2]},
								"west": {"uv": [23, 12], "uv_size": [2.5, 2]},
								"up": {"uv": [3, 25], "uv_size": [1, 2.5]},
								"down": {"uv": [16, 28.5], "uv_size": [1, -2.5]}
							}
						},
						{
							"origin": [-0.41456, -1.00177, -5.64172],
							"size": [0.82843, 2.00344, 2.4052],
							"pivot": [-0.00034, 0.00081, -3.38886],
							"rotation": [0, 0, -22.5],
							"uv": {
								"north": {"uv": [29, 11], "uv_size": [1, 2]},
								"east": {"uv": [20, 24], "uv_size": [2.5, 2]},
								"south": {"uv": [14, 29], "uv_size": [1, 2]},
								"west": {"uv": [23, 24], "uv_size": [2.5, 2]},
								"up": {"uv": [3, 28], "uv_size": [1, 2.5]},
								"down": {"uv": [13, 30.5], "uv_size": [1, -2.5]}
							}
						},
						{
							"origin": [-0.41456, -1.00177, -5.64172],
							"size": [0.82843, 2.00344, 2.4052],
							"pivot": [-0.00034, 0.00081, -3.38886],
							"rotation": [0, 0, 112.5],
							"uv": {
								"north": {"uv": [15, 29], "uv_size": [1, 2]},
								"east": {"uv": [0, 25], "uv_size": [2.5, 2]},
								"south": {"uv": [16, 29], "uv_size": [1, 2]},
								"west": {"uv": [26, 0], "uv_size": [2.5, 2]},
								"up": {"uv": [2, 29], "uv_size": [1, 2.5]},
								"down": {"uv": [29, 4.5], "uv_size": [1, -2.5]}
							}
						},
						{
							"origin": [-0.41456, -1.00177, -5.64172],
							"size": [0.82843, 2.00344, 2.4052],
							"pivot": [-0.00034, 0.00081, -3.38886],
							"rotation": [0, 0, 67.5],
							"uv": {
								"north": {"uv": [20, 29], "uv_size": [1, 2]},
								"east": {"uv": [26, 2], "uv_size": [2.5, 2]},
								"south": {"uv": [21, 29], "uv_size": [1, 2]},
								"west": {"uv": [26, 4], "uv_size": [2.5, 2]},
								"up": {"uv": [29, 5], "uv_size": [1, 2.5]},
								"down": {"uv": [29, 10.5], "uv_size": [1, -2.5]}
							}
						},
						{
							"origin": [-0.41322, -1.00181, -14.60254],
							"size": [0.82843, 2.00344, 1.4052],
							"pivot": [0.00099, 0.00077, -13.34969],
							"rotation": [0, 0, 112.5],
							"uv": {
								"north": {"uv": [29, 23], "uv_size": [1, 2]},
								"east": {"uv": [28, 21], "uv_size": [1.5, 2]},
								"south": {"uv": [30, 2], "uv_size": [1, 2]},
								"west": {"uv": [22, 28], "uv_size": [1.5, 2]},
								"up": {"uv": [30, 8], "uv_size": [1, 1.5]},
								"down": {"uv": [30, 11.5], "uv_size": [1, -1.5]}
							}
						},
						{
							"origin": [-0.41322, -1.00181, -14.60254],
							"size": [0.82843, 2.00344, 1.4052],
							"pivot": [0.00099, 0.00077, -13.34969],
							"rotation": [0, 0, 67.5],
							"uv": {
								"north": {"uv": [4, 30], "uv_size": [1, 2]},
								"east": {"uv": [24, 28], "uv_size": [1.5, 2]},
								"south": {"uv": [30, 4], "uv_size": [1, 2]},
								"west": {"uv": [26, 28], "uv_size": [1.5, 2]},
								"up": {"uv": [30, 12], "uv_size": [1, 1.5]},
								"down": {"uv": [30, 19.5], "uv_size": [1, -1.5]}
							}
						},
						{
							"origin": [-0.41322, -1.00181, -14.60254],
							"size": [0.82843, 2.00344, 1.4052],
							"pivot": [0.00099, 0.00077, -13.34969],
							"rotation": [0, 0, 22.5],
							"uv": {
								"north": {"uv": [5, 30], "uv_size": [1, 2]},
								"east": {"uv": [28, 26], "uv_size": [1.5, 2]},
								"south": {"uv": [6, 30], "uv_size": [1, 2]},
								"west": {"uv": [28, 28], "uv_size": [1.5, 2]},
								"up": {"uv": [30, 20], "uv_size": [1, 1.5]},
								"down": {"uv": [22, 31.5], "uv_size": [1, -1.5]}
							}
						},
						{
							"origin": [-0.41322, -1.00181, -14.60254],
							"size": [0.82843, 2.00344, 1.4052],
							"pivot": [0.00099, 0.00077, -13.34969],
							"rotation": [0, 0, -22.5],
							"uv": {
								"north": {"uv": [30, 6], "uv_size": [1, 2]},
								"east": {"uv": [0, 29], "uv_size": [1.5, 2]},
								"south": {"uv": [7, 30], "uv_size": [1, 2]},
								"west": {"uv": [29, 0], "uv_size": [1.5, 2]},
								"up": {"uv": [30, 22], "uv_size": [1, 1.5]},
								"down": {"uv": [23, 31.5], "uv_size": [1, -1.5]}
							}
						},
						{
							"origin": [-0.04821, -0.11826, -17.24689],
							"size": [0.09847, 0.23772, 2.04954],
							"pivot": [0.00102, 0.0006, -16.22212],
							"rotation": [0, 0, -22.5],
							"uv": {
								"north": {"uv": [28, 23], "uv_size": [0.5, 0.5]},
								"east": {"uv": [30, 29], "uv_size": [2, 0.5]},
								"south": {"uv": [29, 13], "uv_size": [0.5, 0.5]},
								"west": {"uv": [31, 3], "uv_size": [2, 0.5]},
								"up": {"uv": [1, 31], "uv_size": [0.5, 2]},
								"down": {"uv": [3, 33], "uv_size": [0.5, -2]}
							}
						},
						{
							"origin": [-0.04821, -0.11826, -17.24689],
							"size": [0.09847, 0.23772, 2.04954],
							"pivot": [0.00102, 0.0006, -16.22212],
							"rotation": [0, 0, -67.5],
							"uv": {
								"north": {"uv": [29, 25], "uv_size": [0.5, 0.5]},
								"east": {"uv": [31, 4], "uv_size": [2, 0.5]},
								"south": {"uv": [32, 0], "uv_size": [0.5, 0.5]},
								"west": {"uv": [31, 5], "uv_size": [2, 0.5]},
								"up": {"uv": [31, 6], "uv_size": [0.5, 2]},
								"down": {"uv": [31, 10], "uv_size": [0.5, -2]}
							}
						},
						{
							"origin": [-0.04821, -0.11826, -17.24689],
							"size": [0.09847, 0.23772, 2.04954],
							"pivot": [0.00102, 0.0006, -16.22212],
							"rotation": [0, 0, -112.5],
							"uv": {
								"north": {"uv": [32, 1], "uv_size": [0.5, 0.5]},
								"east": {"uv": [9, 31], "uv_size": [2, 0.5]},
								"south": {"uv": [2, 32], "uv_size": [0.5, 0.5]},
								"west": {"uv": [31, 10], "uv_size": [2, 0.5]},
								"up": {"uv": [11, 31], "uv_size": [0.5, 2]},
								"down": {"uv": [31, 13], "uv_size": [0.5, -2]}
							}
						},
						{
							"origin": [-0.04821, -0.11826, -17.24689],
							"size": [0.09847, 0.23772, 2.04954],
							"pivot": [0.00102, 0.0006, -16.22212],
							"rotation": [0, 0, 22.5],
							"uv": {
								"north": {"uv": [32, 2], "uv_size": [0.5, 0.5]},
								"east": {"uv": [12, 31], "uv_size": [2, 0.5]},
								"south": {"uv": [4, 32], "uv_size": [0.5, 0.5]},
								"west": {"uv": [31, 13], "uv_size": [2, 0.5]},
								"up": {"uv": [14, 31], "uv_size": [0.5, 2]},
								"down": {"uv": [15, 33], "uv_size": [0.5, -2]}
							}
						},
						{
							"origin": [-0.6605, -1.59294, -2.64121],
							"size": [1.32031, 3.1875, 0.30469],
							"pivot": [-0.00034, 0.00081, -3.00136],
							"rotation": [0, 0, 22.5],
							"uv": {
								"north": {"uv": [2, 22], "uv_size": [1.5, 3]},
								"east": {"uv": [24, 30], "uv_size": [0.5, 3]},
								"south": {"uv": [9, 26], "uv_size": [1.5, 3]},
								"west": {"uv": [30, 24], "uv_size": [0.5, 3]},
								"up": {"uv": [31, 18], "uv_size": [1.5, 0.5]},
								"down": {"uv": [31, 19.5], "uv_size": [1.5, -0.5]}
							}
						},
						{
							"origin": [-1.59409, -0.65935, -2.64121],
							"size": [3.1875, 1.32031, 0.30469],
							"pivot": [-0.00034, 0.00081, -3.00136],
							"rotation": [0, 0, -22.5],
							"uv": {
								"north": {"uv": [26, 6], "uv_size": [3, 1.5]},
								"east": {"uv": [16, 31], "uv_size": [0.5, 1.5]},
								"south": {"uv": [26, 10], "uv_size": [3, 1.5]},
								"west": {"uv": [20, 31], "uv_size": [0.5, 1.5]},
								"up": {"uv": [25, 30], "uv_size": [3, 0.5]},
								"down": {"uv": [30, 27.5], "uv_size": [3, -0.5]}
							}
						},
						{
							"origin": [-1.59409, -0.65935, -2.64121],
							"size": [3.1875, 1.32031, 0.30469],
							"pivot": [-0.00034, 0.00081, -3.00136],
							"rotation": [0, 0, 22.5],
							"uv": {
								"north": {"uv": [11, 26], "uv_size": [3, 1.5]},
								"east": {"uv": [31, 20], "uv_size": [0.5, 1.5]},
								"south": {"uv": [26, 12], "uv_size": [3, 1.5]},
								"west": {"uv": [21, 31], "uv_size": [0.5, 1.5]},
								"up": {"uv": [28, 30], "uv_size": [3, 0.5]},
								"down": {"uv": [30, 28.5], "uv_size": [3, -0.5]}
							}
						},
						{
							"origin": [-0.6605, -1.59294, -2.64121],
							"size": [1.32031, 3.1875, 0.30469],
							"pivot": [-0.00034, 0.00081, -3.00136],
							"rotation": [0, 0, -22.5],
							"uv": {
								"north": {"uv": [14, 26], "uv_size": [1.5, 3]},
								"east": {"uv": [0, 31], "uv_size": [0.5, 3]},
								"south": {"uv": [26, 18], "uv_size": [1.5, 3]},
								"west": {"uv": [31, 0], "uv_size": [0.5, 3]},
								"up": {"uv": [31, 22], "uv_size": [1.5, 0.5]},
								"down": {"uv": [31, 23.5], "uv_size": [1.5, -0.5]}
							}
						},
						{
							"origin": [-0.79721, -0.32927, -3.3206],
							"size": [1.59375, 0.66016, 22.15234],
							"pivot": [-0.00034, 0.00081, 2.49932],
							"rotation": [0, 0, 22.5],
							"uv": {
								"north": {"uv": [31, 24], "uv_size": [1.5, 0.5]},
								"east": {"uv": [17, 14], "uv_size": [22, 0.5]},
								"south": {"uv": [25, 31], "uv_size": [1.5, 0.5]},
								"west": {"uv": [17, 15], "uv_size": [22, 0.5]},
								"up": {"uv": [2, 0], "uv_size": [1.5, 22]},
								"down": {"uv": [0, 25], "uv_size": [1.5, -22]}
							}
						},
						{
							"origin": [-0.33042, -0.79606, -3.3206],
							"size": [0.66016, 1.59375, 22.15234],
							"pivot": [-0.00034, 0.00081, 2.49932],
							"rotation": [0, 0, 22.5],
							"uv": {
								"north": {"uv": [31, 25], "uv_size": [0.5, 1.5]},
								"east": {"uv": [4, 0], "uv_size": [22, 1.5]},
								"south": {"uv": [27, 31], "uv_size": [0.5, 1.5]},
								"west": {"uv": [4, 2], "uv_size": [22, 1.5]},
								"up": {"uv": [17, 16], "uv_size": [0.5, 22]},
								"down": {"uv": [18, 38], "uv_size": [0.5, -22]}
							}
						},
						{
							"origin": [-0.33042, -0.79606, -3.3206],
							"size": [0.66016, 1.59375, 22.15234],
							"pivot": [-0.00034, 0.00081, 2.49932],
							"rotation": [0, 0, -22.5],
							"uv": {
								"north": {"uv": [28, 31], "uv_size": [0.5, 1.5]},
								"east": {"uv": [4, 4], "uv_size": [22, 1.5]},
								"south": {"uv": [29, 31], "uv_size": [0.5, 1.5]},
								"west": {"uv": [4, 6], "uv_size": [22, 1.5]},
								"up": {"uv": [19, 16], "uv_size": [0.5, 22]},
								"down": {"uv": [8, 42], "uv_size": [0.5, -22]}
							}
						},
						{
							"origin": [-0.79721, -0.32927, -3.3206],
							"size": [1.59375, 0.66016, 22.15234],
							"pivot": [-0.00034, 0.00081, 2.49932],
							"rotation": [0, 0, -22.5],
							"uv": {
								"north": {"uv": [30, 31], "uv_size": [1.5, 0.5]},
								"east": {"uv": [20, 16], "uv_size": [22, 0.5]},
								"south": {"uv": [31, 30], "uv_size": [1.5, 0.5]},
								"west": {"uv": [20, 17], "uv_size": [22, 0.5]},
								"up": {"uv": [4, 8], "uv_size": [1.5, 22]},
								"down": {"uv": [6, 30], "uv_size": [1.5, -22]}
							}
						},
						{
							"origin": [-0.66048, -1.59298, -12.19683],
							"size": [1.32031, 3.1875, 5.30469],
							"pivot": [-0.00032, 0.00077, -7.55699],
							"rotation": [0, 0, -22.5],
							"uv": {
								"north": {"uv": [20, 26], "uv_size": [1.5, 3]},
								"east": {"uv": [8, 8], "uv_size": [5.5, 3]},
								"south": {"uv": [26, 21], "uv_size": [1.5, 3]},
								"west": {"uv": [8, 11], "uv_size": [5.5, 3]},
								"up": {"uv": [9, 20], "uv_size": [1.5, 5.5]},
								"down": {"uv": [11, 25.5], "uv_size": [1.5, -5.5]}
							}
						},
						{
							"origin": [-1.59407, -0.65939, -12.19683],
							"size": [3.1875, 1.32031, 5.30469],
							"pivot": [-0.00032, 0.00077, -7.55699],
							"rotation": [0, 0, 22.5],
							"uv": {
								"north": {"uv": [22, 26], "uv_size": [3, 1.5]},
								"east": {"uv": [20, 18], "uv_size": [5.5, 1.5]},
								"south": {"uv": [26, 24], "uv_size": [3, 1.5]},
								"west": {"uv": [20, 20], "uv_size": [5.5, 1.5]},
								"up": {"uv": [8, 14], "uv_size": [3, 5.5]},
								"down": {"uv": [14, 13.5], "uv_size": [3, -5.5]}
							}
						},
						{
							"origin": [-1.59407, -0.65939, -12.19683],
							"size": [3.1875, 1.32031, 5.30469],
							"pivot": [-0.00032, 0.00077, -7.55699],
							"rotation": [0, 0, -22.5],
							"uv": {
								"north": {"uv": [25, 26], "uv_size": [3, 1.5]},
								"east": {"uv": [20, 22], "uv_size": [5.5, 1.5]},
								"south": {"uv": [0, 27], "uv_size": [3, 1.5]},
								"west": {"uv": [23, 8], "uv_size": [5.5, 1.5]},
								"up": {"uv": [11, 14], "uv_size": [3, 5.5]},
								"down": {"uv": [14, 19.5], "uv_size": [3, -5.5]}
							}
						},
						{
							"origin": [-0.66048, -1.59298, -12.19683],
							"size": [1.32031, 3.1875, 5.30469],
							"pivot": [-0.00032, 0.00077, -7.55699],
							"rotation": [0, 0, 22.5],
							"uv": {
								"north": {"uv": [11, 28], "uv_size": [1.5, 3]},
								"east": {"uv": [17, 8], "uv_size": [5.5, 3]},
								"south": {"uv": [28, 18], "uv_size": [1.5, 3]},
								"west": {"uv": [17, 11], "uv_size": [5.5, 3]},
								"up": {"uv": [13, 20], "uv_size": [1.5, 5.5]},
								"down": {"uv": [15, 25.5], "uv_size": [1.5, -5.5]}
							}
						}
					]
				},
				{
					"name": "bone55",
					"parent": "rocket",
					"pivot": [-0.00034, 0.00081, -5],
					"rotation": [90, 0, 22.5]
				},
				{
					"name": "bone56",
					"parent": "bone55",
					"pivot": [-0.00034, 0.00081, -5],
					"rotation": [-30.69972, 180, 0],
					"cubes": [
						{"origin": [0.03352, -3.21552, -5.54067], "size": [1, 1.93733, 0.75062], "inflate": -0.37431, "pivot": [0.65921, -2.84121, -5.16535], "rotation": [0, 0, -11.94054], "uv": [0, 2]},
						{"origin": [-1.04085, -3.26753, -5.54067], "size": [1, 1.93733, 0.75062], "inflate": -0.37431, "pivot": [-0.41516, -2.89322, -5.16535], "rotation": [0, 0, 11.94054], "uv": [0, 2]},
						{"origin": [-0.50094, -2.97901, -5.25314], "size": [1, 1.38657, 0.17557], "inflate": -0.08579, "uv": [0, 2]}
					]
				},
				{
					"name": "bone57",
					"parent": "bone55",
					"pivot": [-0.00034, 0.00081, -5],
					"rotation": [-30.69972, 135, 0],
					"cubes": [
						{"origin": [0.03413, -3.21539, -5.54045], "size": [1, 1.93733, 0.75062], "inflate": -0.37431, "pivot": [0.65982, -2.84108, -5.16514], "rotation": [0, 0, -11.94054], "uv": [0, 2]},
						{"origin": [-1.04024, -3.2674, -5.54045], "size": [1, 1.93733, 0.75062], "inflate": -0.37431, "pivot": [-0.41455, -2.89309, -5.16514], "rotation": [0, 0, 11.94054], "uv": [0, 2]},
						{"origin": [-0.50034, -2.97888, -5.25293], "size": [1, 1.38657, 0.17557], "inflate": -0.08579, "uv": [0, 2]}
					]
				},
				{
					"name": "bone58",
					"parent": "bone55",
					"pivot": [-0.00034, 0.00081, -5],
					"rotation": [-30.69972, 90, 0],
					"cubes": [
						{"origin": [0.03473, -3.21552, -5.54067], "size": [1, 1.93733, 0.75062], "inflate": -0.37431, "pivot": [0.66042, -2.84121, -5.16536], "rotation": [0, 0, -11.94054], "uv": [0, 2]},
						{"origin": [-1.03963, -3.26753, -5.54067], "size": [1, 1.93733, 0.75062], "inflate": -0.37431, "pivot": [-0.41395, -2.89322, -5.16536], "rotation": [0, 0, 11.94054], "uv": [0, 2]},
						{"origin": [-0.49973, -2.97901, -5.25314], "size": [1, 1.38657, 0.17557], "inflate": -0.08579, "uv": [0, 2]}
					]
				},
				{
					"name": "bone59",
					"parent": "bone55",
					"pivot": [-0.00034, 0.00081, -5],
					"rotation": [-30.69972, 45, 0],
					"cubes": [
						{"origin": [0.03498, -3.21583, -5.54119], "size": [1, 1.93733, 0.75062], "inflate": -0.37431, "pivot": [0.66067, -2.84152, -5.16588], "rotation": [0, 0, -11.94054], "uv": [0, 2]},
						{"origin": [-1.03939, -3.26784, -5.54119], "size": [1, 1.93733, 0.75062], "inflate": -0.37431, "pivot": [-0.4137, -2.89353, -5.16588], "rotation": [0, 0, 11.94054], "uv": [0, 2]},
						{"origin": [-0.49948, -2.97932, -5.25367], "size": [1, 1.38657, 0.17557], "inflate": -0.08579, "uv": [0, 2]}
					]
				},
				{
					"name": "bone60",
					"parent": "bone55",
					"pivot": [-0.00034, 0.00081, -5],
					"rotation": [-30.69972, 0, 0],
					"cubes": [
						{"origin": [0.03473, -3.21614, -5.54171], "size": [1, 1.93733, 0.75062], "inflate": -0.37431, "pivot": [0.66042, -2.84183, -5.1664], "rotation": [0, 0, -11.94054], "uv": [0, 2]},
						{"origin": [-1.03964, -3.26815, -5.54171], "size": [1, 1.93733, 0.75062], "inflate": -0.37431, "pivot": [-0.41395, -2.89384, -5.1664], "rotation": [0, 0, 11.94054], "uv": [0, 2]},
						{"origin": [-0.49974, -2.97963, -5.25419], "size": [1, 1.38657, 0.17557], "inflate": -0.08579, "uv": [0, 2]}
					]
				},
				{
					"name": "bone61",
					"parent": "bone55",
					"pivot": [-0.00034, 0.00081, -5],
					"rotation": [-30.69972, -45, 0],
					"cubes": [
						{"origin": [0.03412, -3.21627, -5.54193], "size": [1, 1.93733, 0.75062], "inflate": -0.37431, "pivot": [0.65981, -2.84196, -5.16661], "rotation": [0, 0, -11.94054], "uv": [0, 2]},
						{"origin": [-1.04025, -3.26828, -5.54193], "size": [1, 1.93733, 0.75062], "inflate": -0.37431, "pivot": [-0.41456, -2.89397, -5.16661], "rotation": [0, 0, 11.94054], "uv": [0, 2]},
						{"origin": [-0.50034, -2.97975, -5.2544], "size": [1, 1.38657, 0.17557], "inflate": -0.08579, "uv": [0, 2]}
					]
				},
				{
					"name": "bone62",
					"parent": "bone55",
					"pivot": [-0.00034, 0.00081, -5],
					"rotation": [-30.69972, -90, 0],
					"cubes": [
						{"origin": [0.03352, -3.21614, -5.54171], "size": [1, 1.93733, 0.75062], "inflate": -0.37431, "pivot": [0.6592, -2.84183, -5.1664], "rotation": [0, 0, -11.94054], "uv": [0, 2]},
						{"origin": [-1.04085, -3.26815, -5.54171], "size": [1, 1.93733, 0.75062], "inflate": -0.37431, "pivot": [-0.41516, -2.89384, -5.1664], "rotation": [0, 0, 11.94054], "uv": [0, 2]},
						{"origin": [-0.50095, -2.97962, -5.25418], "size": [1, 1.38657, 0.17557], "inflate": -0.08579, "uv": [0, 2]}
					]
				},
				{
					"name": "bone63",
					"parent": "bone55",
					"pivot": [-0.00034, 0.00081, -5],
					"rotation": [-30.69972, -135, 0],
					"cubes": [
						{"origin": [0.03327, -3.21583, -5.54119], "size": [1, 1.93733, 0.75062], "inflate": -0.37431, "pivot": [0.65896, -2.84152, -5.16588], "rotation": [0, 0, -11.94054], "uv": [0, 2]},
						{"origin": [-1.0411, -3.26784, -5.54119], "size": [1, 1.93733, 0.75062], "inflate": -0.37431, "pivot": [-0.41541, -2.89353, -5.16588], "rotation": [0, 0, 11.94054], "uv": [0, 2]},
						{"origin": [-0.5012, -2.97931, -5.25366], "size": [1, 1.38657, 0.17557], "inflate": -0.08579, "uv": [0, 2]}
					]
				},
				{
					"name": "bone73",
					"parent": "rocket",
					"pivot": [-0.00034, 0.00081, -16],
					"rotation": [90, 0, 22.5]
				},
				{
					"name": "bone74",
					"parent": "bone73",
					"pivot": [-0.00034, 0.00081, -16],
					"rotation": [-30.69972, 180, 0],
					"cubes": [
						{"origin": [0.03349, -4.45746, -15.80323], "size": [1, 1.93733, 0.75062], "inflate": -0.37431, "pivot": [0.65918, -4.08314, -15.42792], "rotation": [0, 0, -11.94054], "uv": [0, 2]},
						{"origin": [-1.04088, -4.50946, -15.80323], "size": [1, 1.93733, 0.75062], "inflate": -0.37431, "pivot": [-0.41519, -4.13515, -15.42792], "rotation": [0, 0, 11.94054], "uv": [0, 2]},
						{"origin": [-0.50097, -4.22094, -15.51571], "size": [1, 1.38657, 0.17557], "inflate": -0.08579, "uv": [0, 2]}
					]
				},
				{
					"name": "bone75",
					"parent": "bone73",
					"pivot": [-0.00034, 0.00081, -16],
					"rotation": [-30.69972, 135, 0],
					"cubes": [
						{"origin": [0.03413, -4.45732, -15.80301], "size": [1, 1.93733, 0.75062], "inflate": -0.37431, "pivot": [0.65982, -4.08301, -15.42769], "rotation": [0, 0, -11.94054], "uv": [0, 2]},
						{"origin": [-1.04024, -4.50933, -15.80301], "size": [1, 1.93733, 0.75062], "inflate": -0.37431, "pivot": [-0.41455, -4.13502, -15.42769], "rotation": [0, 0, 11.94054], "uv": [0, 2]},
						{"origin": [-0.50034, -4.22081, -15.51548], "size": [1, 1.38657, 0.17557], "inflate": -0.08579, "uv": [0, 2]}
					]
				},
				{
					"name": "bone76",
					"parent": "bone73",
					"pivot": [-0.00034, 0.00081, -16],
					"rotation": [-30.69972, 90, 0],
					"cubes": [
						{"origin": [0.03476, -4.45746, -15.80323], "size": [1, 1.93733, 0.75062], "inflate": -0.37431, "pivot": [0.66045, -4.08315, -15.42792], "rotation": [0, 0, -11.94054], "uv": [0, 2]},
						{"origin": [-1.0396, -4.50947, -15.80323], "size": [1, 1.93733, 0.75062], "inflate": -0.37431, "pivot": [-0.41391, -4.13516, -15.42792], "rotation": [0, 0, 11.94054], "uv": [0, 2]},
						{"origin": [-0.4997, -4.22094, -15.51571], "size": [1, 1.38657, 0.17557], "inflate": -0.08579, "uv": [0, 2]}
					]
				},
				{
					"name": "bone77",
					"parent": "bone73",
					"pivot": [-0.00034, 0.00081, -16],
					"rotation": [-30.69972, 45, 0],
					"cubes": [
						{"origin": [0.03502, -4.45778, -15.80378], "size": [1, 1.93733, 0.75062], "inflate": -0.37431, "pivot": [0.66071, -4.08347, -15.42847], "rotation": [0, 0, -11.94054], "uv": [0, 2]},
						{"origin": [-1.03934, -4.50979, -15.80378], "size": [1, 1.93733, 0.75062], "inflate": -0.37431, "pivot": [-0.41365, -4.13548, -15.42847], "rotation": [0, 0, 11.94054], "uv": [0, 2]},
						{"origin": [-0.49944, -4.22127, -15.51626], "size": [1, 1.38657, 0.17557], "inflate": -0.08579, "uv": [0, 2]}
					]
				},
				{
					"name": "bone78",
					"parent": "bone73",
					"pivot": [-0.00034, 0.00081, -16],
					"rotation": [-30.69972, 0, 0],
					"cubes": [
						{"origin": [0.03476, -4.45811, -15.80433], "size": [1, 1.93733, 0.75062], "inflate": -0.37431, "pivot": [0.66045, -4.0838, -15.42902], "rotation": [0, 0, -11.94054], "uv": [0, 2]},
						{"origin": [-1.03961, -4.51012, -15.80433], "size": [1, 1.93733, 0.75062], "inflate": -0.37431, "pivot": [-0.41392, -4.13581, -15.42902], "rotation": [0, 0, 11.94054], "uv": [0, 2]},
						{"origin": [-0.49971, -4.22159, -15.5168], "size": [1, 1.38657, 0.17557], "inflate": -0.08579, "uv": [0, 2]}
					]
				},
				{
					"name": "bone79",
					"parent": "bone73",
					"pivot": [-0.00034, 0.00081, -16],
					"rotation": [-30.69972, -45, 0],
					"cubes": [
						{"origin": [0.03412, -4.45824, -15.80455], "size": [1, 1.93733, 0.75062], "inflate": -0.37431, "pivot": [0.65981, -4.08393, -15.42924], "rotation": [0, 0, -11.94054], "uv": [0, 2]},
						{"origin": [-1.04025, -4.51025, -15.80455], "size": [1, 1.93733, 0.75062], "inflate": -0.37431, "pivot": [-0.41456, -4.13594, -15.42924], "rotation": [0, 0, 11.94054], "uv": [0, 2]},
						{"origin": [-0.50034, -4.22173, -15.51703], "size": [1, 1.38657, 0.17557], "inflate": -0.08579, "uv": [0, 2]}
					]
				},
				{
					"name": "bone80",
					"parent": "bone73",
					"pivot": [-0.00034, 0.00081, -16],
					"rotation": [-30.69972, -90, 0],
					"cubes": [
						{"origin": [0.03348, -4.45811, -15.80433], "size": [1, 1.93733, 0.75062], "inflate": -0.37431, "pivot": [0.65917, -4.08379, -15.42902], "rotation": [0, 0, -11.94054], "uv": [0, 2]},
						{"origin": [-1.04088, -4.51011, -15.80433], "size": [1, 1.93733, 0.75062], "inflate": -0.37431, "pivot": [-0.41519, -4.1358, -15.42902], "rotation": [0, 0, 11.94054], "uv": [0, 2]},
						{"origin": [-0.50098, -4.22159, -15.5168], "size": [1, 1.38657, 0.17557], "inflate": -0.08579, "uv": [0, 2]}
					]
				},
				{
					"name": "bone81",
					"parent": "bone73",
					"pivot": [-0.00034, 0.00081, -16],
					"rotation": [-30.69972, -135, 0],
					"cubes": [
						{"origin": [0.03322, -4.45778, -15.80378], "size": [1, 1.93733, 0.75062], "inflate": -0.37431, "pivot": [0.65891, -4.08347, -15.42847], "rotation": [0, 0, -11.94054], "uv": [0, 2]},
						{"origin": [-1.04114, -4.50979, -15.80378], "size": [1, 1.93733, 0.75062], "inflate": -0.37431, "pivot": [-0.41545, -4.13548, -15.42847], "rotation": [0, 0, 11.94054], "uv": [0, 2]},
						{"origin": [-0.50124, -4.22126, -15.51625], "size": [1, 1.38657, 0.17557], "inflate": -0.08579, "uv": [0, 2]}
					]
				},
				{
					"name": "bone64",
					"parent": "rocket",
					"pivot": [-0.00034, 0.00081, -8],
					"rotation": [-90, 0, 22.5]
				},
				{
					"name": "bone65",
					"parent": "bone64",
					"pivot": [-0.00034, 0.00081, -8],
					"rotation": [-25.40772, 180, 0],
					"cubes": [
						{"origin": [0.03425, -0.05808, -10.29145], "size": [1, 2.15574, 0.75221], "inflate": -0.3751, "pivot": [0.65915, 0.31703, -9.91535], "rotation": [0, 0, -10.07745], "uv": [0, 0]},
						{"origin": [-1.04012, -0.10179, -10.29145], "size": [1, 2.15574, 0.75221], "inflate": -0.3751, "pivot": [-0.41522, 0.27332, -9.91535], "rotation": [0, 0, 10.07745], "uv": [0, 0]},
						{"origin": [-0.50101, 0.18753, -10.00314], "size": [1, 1.59913, 0.17557], "inflate": -0.08579, "uv": [0, 2]}
					]
				},
				{
					"name": "bone66",
					"parent": "bone64",
					"pivot": [-0.00034, 0.00081, -8],
					"rotation": [-25.40772, 135, 0],
					"cubes": [
						{"origin": [0.03397, -0.05779, -10.29085], "size": [1, 2.15574, 0.75221], "inflate": -0.3751, "pivot": [0.65887, 0.31731, -9.91475], "rotation": [0, 0, -10.07745], "uv": [0, 0]},
						{"origin": [-1.04039, -0.1015, -10.29085], "size": [1, 2.15574, 0.75221], "inflate": -0.3751, "pivot": [-0.4155, 0.2736, -9.91475], "rotation": [0, 0, 10.07745], "uv": [0, 0]},
						{"origin": [-0.50128, 0.18782, -10.00254], "size": [1, 1.59913, 0.17557], "inflate": -0.08579, "uv": [0, 2]}
					]
				},
				{
					"name": "bone67",
					"parent": "bone64",
					"pivot": [-0.00034, 0.00081, -8],
					"rotation": [-25.40772, 90, 0],
					"cubes": [
						{"origin": [0.03425, -0.05751, -10.29025], "size": [1, 2.15574, 0.75221], "inflate": -0.3751, "pivot": [0.65914, 0.3176, -9.91415], "rotation": [0, 0, -10.07745], "uv": [0, 0]},
						{"origin": [-1.04012, -0.10121, -10.29025], "size": [1, 2.15574, 0.75221], "inflate": -0.3751, "pivot": [-0.41522, 0.27389, -9.91415], "rotation": [0, 0, 10.07745], "uv": [0, 0]},
						{"origin": [-0.50101, 0.1881, -10.00193], "size": [1, 1.59913, 0.17557], "inflate": -0.08579, "uv": [0, 2]}
					]
				},
				{
					"name": "bone68",
					"parent": "bone64",
					"pivot": [-0.00034, 0.00081, -8],
					"rotation": [-25.40772, 45, 0],
					"cubes": [
						{"origin": [0.03491, -0.05739, -10.29], "size": [1, 2.15574, 0.75221], "inflate": -0.3751, "pivot": [0.65981, 0.31772, -9.91389], "rotation": [0, 0, -10.07745], "uv": [0, 0]},
						{"origin": [-1.03945, -0.10109, -10.29], "size": [1, 2.15574, 0.75221], "inflate": -0.3751, "pivot": [-0.41456, 0.27401, -9.91389], "rotation": [0, 0, 10.07745], "uv": [0, 0]},
						{"origin": [-0.50034, 0.18822, -10.00168], "size": [1, 1.59913, 0.17557], "inflate": -0.08579, "uv": [0, 2]}
					]
				},
				{
					"name": "bone69",
					"parent": "bone64",
					"pivot": [-0.00034, 0.00081, -8],
					"rotation": [-25.40772, 0, 0],
					"cubes": [
						{"origin": [0.03558, -0.0575, -10.29025], "size": [1, 2.15574, 0.75221], "inflate": -0.3751, "pivot": [0.66048, 0.3176, -9.91414], "rotation": [0, 0, -10.07745], "uv": [0, 0]},
						{"origin": [-1.03878, -0.10121, -10.29025], "size": [1, 2.15574, 0.75221], "inflate": -0.3751, "pivot": [-0.41389, 0.27389, -9.91414], "rotation": [0, 0, 10.07745], "uv": [0, 0]},
						{"origin": [-0.49967, 0.1881, -10.00193], "size": [1, 1.59913, 0.17557], "inflate": -0.08579, "uv": [0, 2]}
					]
				},
				{
					"name": "bone70",
					"parent": "bone64",
					"pivot": [-0.00034, 0.00081, -8],
					"rotation": [-25.40772, -45, 0],
					"cubes": [
						{"origin": [0.03586, -0.05779, -10.29085], "size": [1, 2.15574, 0.75221], "inflate": -0.3751, "pivot": [0.66076, 0.31731, -9.91474], "rotation": [0, 0, -10.07745], "uv": [0, 0]},
						{"origin": [-1.03851, -0.1015, -10.29085], "size": [1, 2.15574, 0.75221], "inflate": -0.3751, "pivot": [-0.41361, 0.2736, -9.91474], "rotation": [0, 0, 10.07745], "uv": [0, 0]},
						{"origin": [-0.4994, 0.18782, -10.00253], "size": [1, 1.59913, 0.17557], "inflate": -0.08579, "uv": [0, 2]}
					]
				},
				{
					"name": "bone71",
					"parent": "bone64",
					"pivot": [-0.00034, 0.00081, -8],
					"rotation": [-25.40772, -90, 0],
					"cubes": [
						{"origin": [0.03559, -0.05808, -10.29145], "size": [1, 2.15574, 0.75221], "inflate": -0.3751, "pivot": [0.66048, 0.31703, -9.91535], "rotation": [0, 0, -10.07745], "uv": [0, 0]},
						{"origin": [-1.03878, -0.10179, -10.29145], "size": [1, 2.15574, 0.75221], "inflate": -0.3751, "pivot": [-0.41388, 0.27332, -9.91535], "rotation": [0, 0, 10.07745], "uv": [0, 0]},
						{"origin": [-0.49967, 0.18753, -10.00313], "size": [1, 1.59913, 0.17557], "inflate": -0.08579, "uv": [0, 2]}
					]
				},
				{
					"name": "bone72",
					"parent": "bone64",
					"pivot": [-0.00034, 0.00081, -8],
					"rotation": [-25.40772, -135, 0],
					"cubes": [
						{"origin": [0.03492, -0.0582, -10.2917], "size": [1, 2.15574, 0.75221], "inflate": -0.3751, "pivot": [0.65982, 0.31691, -9.9156], "rotation": [0, 0, -10.07745], "uv": [0, 0]},
						{"origin": [-1.03945, -0.1019, -10.2917], "size": [1, 2.15574, 0.75221], "inflate": -0.3751, "pivot": [-0.41455, 0.2732, -9.9156], "rotation": [0, 0, 10.07745], "uv": [0, 0]},
						{"origin": [-0.50034, 0.18741, -10.00339], "size": [1, 1.59913, 0.17557], "inflate": -0.08579, "uv": [0, 2]}
					]
				},
				{
					"name": "bone82",
					"parent": "rocket",
					"pivot": [-0.00034, 0.00081, -17],
					"rotation": [90, 0, 22.5]
				},
				{
					"name": "bone83",
					"parent": "bone82",
					"pivot": [-0.00034, 0.00081, -17],
					"rotation": [-18.46416, 180, 0],
					"cubes": [
						{"origin": [-0.296, -2.88105, -17.48201], "size": [1, 2.20393, 0.58253], "inflate": -0.29076, "pivot": [0.41324, -2.59028, -17.19125], "rotation": [0, 0.1, -7.47374], "uv": [0, 0]},
						{"origin": [-0.70736, -2.88105, -17.48201], "size": [1, 2.20393, 0.58253], "inflate": -0.29076, "pivot": [-0.4166, -2.59028, -17.19125], "rotation": [0, -0.1, 7.47374], "uv": [0, 0]},
						{"origin": [-0.18958, -1.36506, -17.58843], "size": [1, 1.59161, 0.79536], "inflate": -0.39718, "pivot": [0.41324, -2.59028, -17.19125], "rotation": [0, 0.1, -7.47374], "uv": [0, 2]},
						{"origin": [-0.81378, -1.36506, -17.58843], "size": [1, 1.59161, 0.79536], "inflate": -0.39718, "pivot": [-0.4166, -2.59028, -17.19125], "rotation": [0, -0.1, 7.47374], "uv": [0, 2]},
						{"origin": [-0.13729, -0.62011, -17.64072], "size": [1, 1.29071, 0.89995], "inflate": -0.44948, "pivot": [0.41324, -2.59028, -17.19125], "rotation": [0, 0.1, -7.47374], "uv": [0, 2]},
						{"origin": [-0.86607, -0.62011, -17.64072], "size": [1, 1.29071, 0.89995], "inflate": -0.44948, "pivot": [-0.4166, -2.59028, -17.19125], "rotation": [0, -0.1, 7.47374], "uv": [0, 2]}
					]
				},
				{
					"name": "bone84",
					"parent": "bone82",
					"pivot": [-0.00034, 0.00081, -17],
					"rotation": [-18.46416, 135, 0],
					"cubes": [
						{"origin": [-0.29584, -2.88072, -17.48102], "size": [1, 2.20393, 0.58253], "inflate": -0.29076, "pivot": [0.4134, -2.58995, -17.19025], "rotation": [0, 0.1, -7.47374], "uv": [0, 0]},
						{"origin": [-0.7072, -2.88072, -17.48102], "size": [1, 2.20393, 0.58253], "inflate": -0.29076, "pivot": [-0.41644, -2.58995, -17.19025], "rotation": [0, -0.1, 7.47374], "uv": [0, 0]},
						{"origin": [-0.18942, -1.36473, -17.58744], "size": [1, 1.59161, 0.79536], "inflate": -0.39718, "pivot": [0.4134, -2.58995, -17.19025], "rotation": [0, 0.1, -7.47374], "uv": [0, 2]},
						{"origin": [-0.81362, -1.36473, -17.58744], "size": [1, 1.59161, 0.79536], "inflate": -0.39718, "pivot": [-0.41644, -2.58995, -17.19025], "rotation": [0, -0.1, 7.47374], "uv": [0, 2]},
						{"origin": [-0.13713, -0.61978, -17.63973], "size": [1, 1.29071, 0.89995], "inflate": -0.44948, "pivot": [0.4134, -2.58995, -17.19025], "rotation": [0, 0.1, -7.47374], "uv": [0, 2]},
						{"origin": [-0.86591, -0.61978, -17.63973], "size": [1, 1.29071, 0.89995], "inflate": -0.44948, "pivot": [-0.41644, -2.58995, -17.19025], "rotation": [0, -0.1, 7.47374], "uv": [0, 2]}
					]
				},
				{
					"name": "bone85",
					"parent": "bone82",
					"pivot": [-0.00034, 0.00081, -17],
					"rotation": [-18.46416, 90, 0],
					"cubes": [
						{"origin": [-0.29499, -2.88052, -17.48042], "size": [1, 2.20393, 0.58253], "inflate": -0.29076, "pivot": [0.41425, -2.58976, -17.18966], "rotation": [0, 0.1, -7.47374], "uv": [0, 0]},
						{"origin": [-0.70635, -2.88052, -17.48042], "size": [1, 2.20393, 0.58253], "inflate": -0.29076, "pivot": [-0.41559, -2.58976, -17.18966], "rotation": [0, -0.1, 7.47374], "uv": [0, 0]},
						{"origin": [-0.18857, -1.36453, -17.58684], "size": [1, 1.59161, 0.79536], "inflate": -0.39718, "pivot": [0.41425, -2.58976, -17.18966], "rotation": [0, 0.1, -7.47374], "uv": [0, 2]},
						{"origin": [-0.81277, -1.36453, -17.58684], "size": [1, 1.59161, 0.79536], "inflate": -0.39718, "pivot": [-0.41559, -2.58976, -17.18966], "rotation": [0, -0.1, 7.47374], "uv": [0, 2]},
						{"origin": [-0.13628, -0.61958, -17.63914], "size": [1, 1.29071, 0.89995], "inflate": -0.44948, "pivot": [0.41425, -2.58976, -17.18966], "rotation": [0, 0.1, -7.47374], "uv": [0, 2]},
						{"origin": [-0.86506, -0.61958, -17.63914], "size": [1, 1.29071, 0.89995], "inflate": -0.44948, "pivot": [-0.41559, -2.58976, -17.18966], "rotation": [0, -0.1, 7.47374], "uv": [0, 2]}
					]
				},
				{
					"name": "bone86",
					"parent": "bone82",
					"pivot": [-0.00034, 0.00081, -17],
					"rotation": [-18.46416, 45, 0],
					"cubes": [
						{"origin": [-0.29394, -2.88057, -17.48058], "size": [1, 2.20393, 0.58253], "inflate": -0.29076, "pivot": [0.41529, -2.58981, -17.18981], "rotation": [0, 0.1, -7.47374], "uv": [0, 0]},
						{"origin": [-0.70531, -2.88057, -17.48058], "size": [1, 2.20393, 0.58253], "inflate": -0.29076, "pivot": [-0.41454, -2.58981, -17.18981], "rotation": [0, -0.1, 7.47374], "uv": [0, 0]},
						{"origin": [-0.18753, -1.36458, -17.58699], "size": [1, 1.59161, 0.79536], "inflate": -0.39718, "pivot": [0.41529, -2.58981, -17.18981], "rotation": [0, 0.1, -7.47374], "uv": [0, 2]},
						{"origin": [-0.81172, -1.36458, -17.58699], "size": [1, 1.59161, 0.79536], "inflate": -0.39718, "pivot": [-0.41454, -2.58981, -17.18981], "rotation": [0, -0.1, 7.47374], "uv": [0, 2]},
						{"origin": [-0.13523, -0.61963, -17.63929], "size": [1, 1.29071, 0.89995], "inflate": -0.44948, "pivot": [0.41529, -2.58981, -17.18981], "rotation": [0, 0.1, -7.47374], "uv": [0, 2]},
						{"origin": [-0.86402, -0.61963, -17.63929], "size": [1, 1.29071, 0.89995], "inflate": -0.44948, "pivot": [-0.41454, -2.58981, -17.18981], "rotation": [0, -0.1, 7.47374], "uv": [0, 2]}
					]
				},
				{
					"name": "bone87",
					"parent": "bone82",
					"pivot": [-0.00034, 0.00081, -17],
					"rotation": [-18.46416, 0, 0],
					"cubes": [
						{"origin": [-0.29332, -2.88084, -17.48138], "size": [1, 2.20393, 0.58253], "inflate": -0.29076, "pivot": [0.41592, -2.59008, -17.19062], "rotation": [0, 0.1, -7.47374], "uv": [0, 0]},
						{"origin": [-0.70468, -2.88084, -17.48138], "size": [1, 2.20393, 0.58253], "inflate": -0.29076, "pivot": [-0.41392, -2.59008, -17.19062], "rotation": [0, -0.1, 7.47374], "uv": [0, 0]},
						{"origin": [-0.1869, -1.36485, -17.5878], "size": [1, 1.59161, 0.79536], "inflate": -0.39718, "pivot": [0.41592, -2.59008, -17.19062], "rotation": [0, 0.1, -7.47374], "uv": [0, 2]},
						{"origin": [-0.8111, -1.36485, -17.5878], "size": [1, 1.59161, 0.79536], "inflate": -0.39718, "pivot": [-0.41392, -2.59008, -17.19062], "rotation": [0, -0.1, 7.47374], "uv": [0, 2]},
						{"origin": [-0.13461, -0.6199, -17.6401], "size": [1, 1.29071, 0.89995], "inflate": -0.44948, "pivot": [0.41592, -2.59008, -17.19062], "rotation": [0, 0.1, -7.47374], "uv": [0, 2]},
						{"origin": [-0.86339, -0.6199, -17.6401], "size": [1, 1.29071, 0.89995], "inflate": -0.44948, "pivot": [-0.41392, -2.59008, -17.19062], "rotation": [0, -0.1, 7.47374], "uv": [0, 2]}
					]
				},
				{
					"name": "bone88",
					"parent": "bone82",
					"pivot": [-0.00034, 0.00081, -17],
					"rotation": [-18.46416, -45, 0],
					"cubes": [
						{"origin": [-0.29348, -2.88117, -17.48237], "size": [1, 2.20393, 0.58253], "inflate": -0.29076, "pivot": [0.41576, -2.59041, -17.19161], "rotation": [0, 0.1, -7.47374], "uv": [0, 0]},
						{"origin": [-0.70484, -2.88117, -17.48237], "size": [1, 2.20393, 0.58253], "inflate": -0.29076, "pivot": [-0.41408, -2.59041, -17.19161], "rotation": [0, -0.1, 7.47374], "uv": [0, 0]},
						{"origin": [-0.18706, -1.36518, -17.58879], "size": [1, 1.59161, 0.79536], "inflate": -0.39718, "pivot": [0.41576, -2.59041, -17.19161], "rotation": [0, 0.1, -7.47374], "uv": [0, 2]},
						{"origin": [-0.81126, -1.36518, -17.58879], "size": [1, 1.59161, 0.79536], "inflate": -0.39718, "pivot": [-0.41408, -2.59041, -17.19161], "rotation": [0, -0.1, 7.47374], "uv": [0, 2]},
						{"origin": [-0.13477, -0.62023, -17.64109], "size": [1, 1.29071, 0.89995], "inflate": -0.44948, "pivot": [0.41576, -2.59041, -17.19161], "rotation": [0, 0.1, -7.47374], "uv": [0, 2]},
						{"origin": [-0.86355, -0.62023, -17.64109], "size": [1, 1.29071, 0.89995], "inflate": -0.44948, "pivot": [-0.41408, -2.59041, -17.19161], "rotation": [0, -0.1, 7.47374], "uv": [0, 2]}
					]
				},
				{
					"name": "bone89",
					"parent": "bone82",
					"pivot": [-0.00034, 0.00081, -17],
					"rotation": [-18.46416, -90, 0],
					"cubes": [
						{"origin": [-0.29433, -2.88137, -17.48297], "size": [1, 2.20393, 0.58253], "inflate": -0.29076, "pivot": [0.41491, -2.59061, -17.1922], "rotation": [0, 0.1, -7.47374], "uv": [0, 0]},
						{"origin": [-0.70569, -2.88137, -17.48297], "size": [1, 2.20393, 0.58253], "inflate": -0.29076, "pivot": [-0.41493, -2.59061, -17.1922], "rotation": [0, -0.1, 7.47374], "uv": [0, 0]},
						{"origin": [-0.18791, -1.36538, -17.58939], "size": [1, 1.59161, 0.79536], "inflate": -0.39718, "pivot": [0.41491, -2.59061, -17.1922], "rotation": [0, 0.1, -7.47374], "uv": [0, 2]},
						{"origin": [-0.81211, -1.36538, -17.58939], "size": [1, 1.59161, 0.79536], "inflate": -0.39718, "pivot": [-0.41493, -2.59061, -17.1922], "rotation": [0, -0.1, 7.47374], "uv": [0, 2]},
						{"origin": [-0.13562, -0.62043, -17.64168], "size": [1, 1.29071, 0.89995], "inflate": -0.44948, "pivot": [0.41491, -2.59061, -17.1922], "rotation": [0, 0.1, -7.47374], "uv": [0, 2]},
						{"origin": [-0.8644, -0.62043, -17.64168], "size": [1, 1.29071, 0.89995], "inflate": -0.44948, "pivot": [-0.41493, -2.59061, -17.1922], "rotation": [0, -0.1, 7.47374], "uv": [0, 2]}
					]
				},
				{
					"name": "bone90",
					"parent": "bone82",
					"pivot": [-0.00034, 0.00081, -17],
					"rotation": [-18.46416, -135, 0],
					"cubes": [
						{"origin": [-0.29537, -2.88132, -17.48282], "size": [1, 2.20393, 0.58253], "inflate": -0.29076, "pivot": [0.41386, -2.59055, -17.19205], "rotation": [0, 0.1, -7.47374], "uv": [0, 0]},
						{"origin": [-0.70674, -2.88132, -17.48282], "size": [1, 2.20393, 0.58253], "inflate": -0.29076, "pivot": [-0.41597, -2.59055, -17.19205], "rotation": [0, -0.1, 7.47374], "uv": [0, 0]},
						{"origin": [-0.18896, -1.36533, -17.58923], "size": [1, 1.59161, 0.79536], "inflate": -0.39718, "pivot": [0.41386, -2.59055, -17.19205], "rotation": [0, 0.1, -7.47374], "uv": [0, 2]},
						{"origin": [-0.81315, -1.36533, -17.58923], "size": [1, 1.59161, 0.79536], "inflate": -0.39718, "pivot": [-0.41597, -2.59055, -17.19205], "rotation": [0, -0.1, 7.47374], "uv": [0, 2]},
						{"origin": [-0.13666, -0.62038, -17.64153], "size": [1, 1.29071, 0.89995], "inflate": -0.44948, "pivot": [0.41386, -2.59055, -17.19205], "rotation": [0, 0.1, -7.47374], "uv": [0, 2]},
						{"origin": [-0.86545, -0.62038, -17.64153], "size": [1, 1.29071, 0.89995], "inflate": -0.44948, "pivot": [-0.41597, -2.59055, -17.19205], "rotation": [0, -0.1, 7.47374], "uv": [0, 2]}
					]
				}
			]
		}
	]
}