{
  "name": "python",
  "type": "Gun",
  "compatibleAttachments": [
    "picatinnyrail",
    "frontsightred",
    "frontsightblue",
    "frontsightyellow",
    "frontsightgreen",
    "frontsightorange",
    "frontsightwhite",
    "frontsightdefault"
  ],
  "features": [
    {
      "type": "Aiming",
      "zoom": 0.25,
      "condition": {
        "doesNotHaveAttachmentGroup": "picatinny_rail"
      }
    },
    {
      "type": "PartVisibility",
      "parts": [
        {
          "name": "rearsight",
          "visible": false,
          "condition": {
            "hasAttachmentGroup": "picatinny_rail"
          }
        }
      ]
    }
  ],
  "maxAmmoCapacity": 6,
  "compatibleAmmo": [
    "ammocreative",
    "ammo357"
  ],
  "damage": 10,
  "rpm": 450,
  "fireModes": [
    "SINGLE"
  ],
  "fireSound": "python",
  "defaultAttachments": ["frontsightdefault"],
  "drawCooldownDuration": 1250,
  "aimingZoom": 0.25,
  "prepareFireCooldownDuration": 65,
  "gunRecoilInitialAmplitude": 0.8,
  "shakeRecoilAmplitude": 0.85,
  "shakeRecoilSpeed": 3.5,
  "viewRecoilAmplitude": 8,
  "inspectCooldownDuration": 4270,
  "phasedReloads": [
    {
      "phase": "RELOADING",
      "condition": "reloadIterationIndex == 0",
      "duration": 2600,
      "animation": "animation.model.reload",
      "shakeEffects": [
        {
          "start": 0,
          "duration": 1500,
          "initialAmplitude": 0.2,
          "rateOfAmplitudeDecay": 0.8
        },
        {
          "start": 600,
          "duration": 1000,
          "initialAmplitude": 0.15,
          "rateOfAmplitudeDecay": 0.5
        },
        {
          "start": 900,
          "duration": 800,
          "initialAmplitude": 0.17,
          "rateOfAmplitudeDecay": 0.5
        },
        {
          "start": 1000,
          "duration": 600,
          "initialAmplitude": 0.22,
          "rateOfAmplitudeDecay": 0.6
        }
      ]
    },
    {
      "phase": "RELOADING",
      "condition": "reloadIterationIndex > 0",
      "duration": 2600,
      "animation": "animation.model.reload",
      "shakeEffects": [
        {
          "start": 0,
          "duration": 1500,
          "initialAmplitude": 0.2,
          "rateOfAmplitudeDecay": 0.8
        },
        {
          "start": 600,
          "duration": 1000,
          "initialAmplitude": 0.15,
          "rateOfAmplitudeDecay": 0.5
        },
        {
          "start": 900,
          "duration": 800,
          "initialAmplitude": 0.17,
          "rateOfAmplitudeDecay": 0.5
        },
        {
          "start": 1000,
          "duration": 600,
          "initialAmplitude": 0.22,
          "rateOfAmplitudeDecay": 0.6
        }
      ]
    }
  ],
  "effects": [
    {
      "phase": "hit_scan_acquired",
      "name": "tracer"
    },
    {
      "phase": "firing",
      "name": "muzzle_flash"
    }
  ]
}