{
  "materials": [
    {
      "item": {
        "tag": "forge:ingots/gold"
      },
      "count": 1
    },
    {
      "item": {
        "tag": "forge:ingots/copper"
      },
      "count": 64
    },
    {
      "item": {
        "tag": "forge:ingots/iron"
      },
      "count": 14
    },
    {
      "item": {
        "tag": "forge:gems/quartz"
      },
      "count": 62
    },
    {
      "item": {
        "tag": "forge:dusts/redstone"
      },
      "count": 52
    },
    {
      "item": {
        "tag": "forge:glass"
      },
      "count": 7
    }
  ],
  "result": {
    "type": "gun",
    "id": "daffas_arsenal:samula3"
  },
  "type": "tacz:gun_smith_table_crafting"
}