{
	"format_version": "1.8.0",
	"animations": {
		"static_idle": {
			"loop": true,
			"bones": {
				"constraint": {
					"rotation": [0.2, 0.2, 0.2],
					"position": [0.2, 0.2, 0.2]
				},
				"righthand": {
					"rotation": [96.03823, -345.55669, -174.92734],
					"position": [-6.5, -14.4, -5.2],
					"scale": [1, 1.5, 1]
				},
				"lefthand": {
					"rotation": [93.51528, -21.77761, -185.62807],
					"position": [6.7, -14.7, -13.9],
					"scale": [1, 1.5, 1]
				}
			}
		},
		"draw": {
			"animation_length": 0.75,
			"bones": {
				"root": {
					"rotation": {
						"0.0417": {
							"pre": [10.744, -46.02734, 33.2477],
							"post": [10.744, -46.02734, 33.2477],
							"lerp_mode": "catmullrom"
						},
						"0.1667": {
							"post": [7.45831, -31.98945, 30.1915],
							"lerp_mode": "catmullrom"
						},
						"0.2917": {
							"post": [2.19121, -5.40379, 16.81796],
							"lerp_mode": "catmullrom"
						},
						"0.4167": {
							"post": [0.3034, -0.48088, 5.97004],
							"lerp_mode": "catmullrom"
						},
						"0.5": {
							"post": [0, 0, 0],
							"lerp_mode": "catmullrom"
						},
						"0.5417": {
							"post": [-0.0179, 0.0307, 1.62687],
							"lerp_mode": "catmullrom"
						},
						"0.6667": {
							"post": [0, 0, 0.25],
							"lerp_mode": "catmullrom"
						},
						"0.75": {
							"post": [0, 0, 0],
							"lerp_mode": "catmullrom"
						}
					},
					"position": {
						"0.0": {
							"post": [1.5, -12.9, 0.55],
							"lerp_mode": "catmullrom"
						},
						"0.1667": {
							"post": [0.56, -5.62, -0.365],
							"lerp_mode": "catmullrom"
						},
						"0.3333": {
							"post": [0, -1.325, -1.2],
							"lerp_mode": "catmullrom"
						},
						"0.5": {
							"post": [0, -0.225, 0.35],
							"lerp_mode": "catmullrom"
						},
						"0.625": {
							"post": [0, 0, 0],
							"lerp_mode": "catmullrom"
						},
						"0.75": {
							"post": [0, 0, 0],
							"lerp_mode": "catmullrom"
						}
					}
				},
				"righthand": {
					"rotation": [96.03823, -345.55669, -174.92734],
					"position": [-6.5, -14.4, -5.2],
					"scale": [1, 1.5, 1]
				},
				"lefthand": {
					"rotation": [93.51528, -21.77761, -185.62807],
					"position": [6.7, -14.7, -13.9],
					"scale": [1, 1.5, 1]
				},
				"camera": {
					"rotation": {
						"0.0": [0, 0, 0],
						"0.0417": [0.04, 0.02, 0.04],
						"0.0833": [0.11, 0.06, 0.13],
						"0.125": [0.18, 0.11, 0.26],
						"0.1667": [0.25, 0.17, 0.43],
						"0.2083": [0.31, 0.22, 0.53],
						"0.25": [0.35, 0.23, 0.52],
						"0.2917": [0.37, 0.22, 0.45],
						"0.3333": [0.38, 0.19, 0.35],
						"0.375": [0.35, 0.13, 0.16],
						"0.4167": [0.3, 0.06, -0.05],
						"0.4583": [0.25, 0, -0.17],
						"0.5": [0.16, -0.02, -0.01],
						"0.5417": [0.07, -0.01, 0.19],
						"0.5833": [0.04, -0.01, 0.14],
						"0.625": [0.01, 0, 0.03],
						"0.6667": [0, 0, -0.05],
						"0.7083": [0, 0, -0.04],
						"0.75": [0, 0, 0]
					}
				}
			},
			"sound_effects": {
				"0.0": {
					"effect": "p07_sm_papa90_retracted_out"
				},
				"0.2917": {
					"effect": "p07_sm_papa90_inspect_tilt"
				}
			}
		},
		"put_away": {
			"animation_length": 0.375,
			"bones": {
				"root": {
					"rotation": {
						"0.0": [0, 0, 0],
						"0.0417": [-0.569, -0.003, 5.018],
						"0.0833": [-2.447, -0.087, 22.848],
						"0.125": [-1.933, -1.636, 29.538],
						"0.1667": [0.762, -5.751, 31.746],
						"0.2083": [5.23, -12.003, 33.27],
						"0.2917": [16.085, -27.043, 33.965],
						"0.3333": [21.774, -34.333, 33.206],
						"0.375": [26.956, -40.562, 32.029]
					},
					"position": {
						"0.0": [0, 0, 0],
						"0.0417": [-0.376, -0.04, -0.284],
						"0.0833": [-1.779, -0.814, -1.917],
						"0.125": [-2.511, -1.566, -2.827],
						"0.1667": [-3.188, -2.654, -3.498],
						"0.2083": [-3.808, -3.961, -3.691],
						"0.2917": [-4.788, -6.679, -1.485],
						"0.3333": [-5.106, -8.035, 0.504],
						"0.375": [-5.274, -9.371, 2.545]
					}
				},
				"righthand": {
					"rotation": [96.03823, -345.55669, -174.92734],
					"position": [-6.5, -14.4, -5.2],
					"scale": [1, 1.5, 1]
				},
				"lefthand": {
					"rotation": {
						"0.0": [93.51528, -21.77761, -185.62807],
						"0.25": [142.65227, -11.23541, -276.6025]
					},
					"position": {
						"0.0": [6.7, -14.7, -13.9],
						"0.25": [20.52184, -8.17525, 1.96457]
					},
					"scale": [1, 1.5, 1]
				},
				"camera": {
					"rotation": {
						"0.0": {
							"post": [0, 0, 0],
							"lerp_mode": "catmullrom"
						},
						"0.2083": {
							"post": [0, 0, 0.525],
							"lerp_mode": "catmullrom"
						},
						"0.375": {
							"post": [0, 0, 0],
							"lerp_mode": "catmullrom"
						}
					}
				}
			}
		},
		"shoot": {
			"loop": true,
			"animation_length": 1.1333,
			"bones": {
				"ump45_bolt": {
					"position": {
						"0.0": [0, 0, 0],
						"0.0333": [0, 0, 2.55],
						"0.0667": [0, 0, 0]
					}
				},
				"guag": {
					"rotation": {
						"0.0": [0, 0, 0],
						"0.0667": [-35, 0, 0],
						"0.1333": [17.5, 0, 0],
						"0.2333": [-10, 0, 0],
						"0.3333": [2.5, 0, 0],
						"0.4333": [0, 0, 0]
					}
				},
				"gua": {
					"rotation": {
						"0.0": [0, 0, 0],
						"0.0667": [0, 0, -17.5],
						"0.1667": [0, 0, -2.5],
						"0.2333": [0, 0, -7.5],
						"0.3333": [0, 0, 0]
					}
				},
				"guag2": {
					"rotation": {
						"0.0": {
							"post": [0, 0, 0],
							"lerp_mode": "catmullrom"
						},
						"0.0667": {
							"post": [-35, 0, 0],
							"lerp_mode": "catmullrom"
						},
						"0.1333": {
							"post": [17.5, 0, 0],
							"lerp_mode": "catmullrom"
						},
						"0.2333": {
							"post": [-10, 0, 0],
							"lerp_mode": "catmullrom"
						},
						"0.3333": {
							"post": [2.5, 0, 0],
							"lerp_mode": "catmullrom"
						},
						"0.4333": {
							"post": [0, 0, 0],
							"lerp_mode": "catmullrom"
						}
					}
				},
				"gua2": {
					"rotation": {
						"0.0": [0, 0, 0],
						"0.0667": [0, 0, -17.5],
						"0.1667": [0, 0, -2.5],
						"0.2333": [0, 0, -7.5],
						"0.3333": [0, 0, 0]
					}
				},
				"root": {
					"rotation": {
						"0.0": [0, 0, 0],
						"0.0333": [-0.586, 0.022, -0.92],
						"0.0667": [-0.504, 0.013, -0.169],
						"0.1": [-0.273, 0.009, 0.812],
						"0.1333": [-0.014, 0.047, 1.048],
						"0.1667": [0.228, 0.118, 0.927],
						"0.2": [0.343, 0.179, 0.353],
						"0.2333": [0.458, 0.242, -0.221],
						"0.2667": [0.339, 0.226, -0.463],
						"0.3": [0.129, 0.177, -0.515],
						"0.3333": [-0.064, 0.105, -0.246],
						"0.3667": [-0.257, 0.034, -0.0385],
						"0.4333": {
							"pre": [-0.162, -0.071, 0.093],
							"post": [-0.162, -0.071, 0.093],
							"lerp_mode": "catmullrom"
						},
						"0.5": [-0.034, -0.008, 0.045],
						"0.5667": {
							"pre": [0.094, 0.056, -0.0655],
							"post": [0.094, 0.056, -0.0655],
							"lerp_mode": "catmullrom"
						},
						"0.6333": [0.062, 0.034, -0.075],
						"0.6667": [0.047, 0.023, 0.015],
						"0.7": [0.031, 0.011, 0.104],
						"0.7333": [0.022, 0.01, 0.058],
						"0.8": [0.013, 0.009, 0.011],
						"0.9": [0.003, 0.005, -0.103],
						"1.0": [0.002, 0.004, -0.077],
						"1.1333": [0, 0, 0]
					},
					"position": {
						"0.0": [0, 0, 0],
						"0.0333": {
							"pre": [0.002, 0.029, 1.2515],
							"post": [0.002, 0.029, 1.2515],
							"lerp_mode": "catmullrom"
						},
						"0.0667": {
							"post": [0.01, 0.05, 1.1175],
							"lerp_mode": "catmullrom"
						},
						"0.1": {
							"post": [0.007, 0.059, 0.539],
							"lerp_mode": "catmullrom"
						},
						"0.1667": {
							"post": [-0.003, -0.014, 0.11],
							"lerp_mode": "catmullrom"
						},
						"0.2": [-0.014, -0.034, 0.084],
						"0.2333": [-0.024, -0.055, 0.058],
						"0.2667": [-0.009, -0.03, 0.051],
						"0.3": [0.001, -0.014, 0.042],
						"0.3333": [0.003, 0.004, 0.034],
						"0.3667": [0.016, -0.009, 0.043],
						"0.4": [0.032, 0.003, 0.056],
						"0.4333": [0.048, 0.015, 0.069],
						"0.4667": [0.039, 0.012, 0.057],
						"0.5": [0.03, 0.01, 0.045],
						"0.5333": [0.022, 0.007, 0.034],
						"0.5667": [0.013, 0.004, 0.022],
						"0.6": [-0.003, -0.006, 0.009],
						"0.6333": [-0.005, -0.007, 0.007],
						"0.6667": [-0.007, -0.007, 0.006],
						"0.7": [-0.01, -0.007, 0.005],
						"0.7333": [-0.008, -0.008, 0.005],
						"0.8": [-0.007, -0.008, 0.004],
						"0.9": [-0.003, -0.009, 0.003],
						"1.0": [-0.003, -0.008, 0.003],
						"1.1333": [0, 0, 0]
					}
				},
				"constraint": {
					"rotation": {
						"0.0": [0.25, 0.25, 0.55],
						"0.5667": [0, 0, 0]
					},
					"position": {
						"0.0": [0.25, 0.4, 0.4],
						"0.5667": [0, 0, 0]
					}
				},
				"camera": {
					"rotation": {
						"0.0": [0, 0, 0],
						"0.0333": [0, 0, 0.65],
						"0.0667": [0, 0, -0.37],
						"0.1": [0, 0, 0.41],
						"0.1333": [0, 0, -0.185],
						"0.1667": [0, 0, 0.2],
						"0.2": [0, 0, 0]
					}
				}
			}
		},
		"inspect": {
			"animation_length": 7.7083,
			"bones": {
				"root": {
					"rotation": {
						"0.0": {
							"post": [0, 0, 0],
							"lerp_mode": "catmullrom"
						},
						"0.0833": {
							"post": [1.81542, -14.86634, -10.39453],
							"lerp_mode": "catmullrom"
						},
						"0.3333": {
							"post": [5.82015, -51.738, -53.5966],
							"lerp_mode": "catmullrom"
						},
						"0.5": {
							"post": [14.5, -58.27, -64.68],
							"lerp_mode": "catmullrom"
						},
						"0.7083": {
							"post": [15.90743, -59.62123, -63.90118],
							"lerp_mode": "catmullrom"
						},
						"1.0833": {
							"post": [17.85, -59.13, -64.69],
							"lerp_mode": "catmullrom"
						},
						"1.2917": {
							"post": [22.955, -56.8, -69.93],
							"lerp_mode": "catmullrom"
						},
						"1.5417": {
							"post": [24.37837, -56.38544, -70.5858],
							"lerp_mode": "catmullrom"
						},
						"1.75": {
							"post": [24.13538, -56.83258, -70.94291],
							"lerp_mode": "catmullrom"
						},
						"2.0833": {
							"post": [23.7023, -56.43942, -71.22899],
							"lerp_mode": "catmullrom"
						},
						"2.25": {
							"post": [20.48529, -57.29487, -67.27249],
							"lerp_mode": "catmullrom"
						},
						"2.3333": {
							"post": [17.395, -58.095, -61.845],
							"lerp_mode": "catmullrom"
						},
						"2.5": {
							"post": [-0.22664, -57.41767, -42.86406],
							"lerp_mode": "catmullrom"
						},
						"2.625": {
							"post": [19.92, -67.68, -42.64],
							"lerp_mode": "catmullrom"
						},
						"2.75": {
							"post": [32.37448, -74.31388, -42.89562],
							"lerp_mode": "catmullrom"
						},
						"2.8333": {
							"post": [39.31031, -74.52711, -45.54817],
							"lerp_mode": "catmullrom"
						},
						"3.0": {
							"post": [36.28795, -74.86716, -43.79753],
							"lerp_mode": "catmullrom"
						},
						"3.125": {
							"post": [35.95, -75.12, -43.73],
							"lerp_mode": "catmullrom"
						},
						"3.3333": {
							"post": [35.815, -75.53, -44.055],
							"lerp_mode": "catmullrom"
						},
						"3.625": {
							"post": [37.58, -76.31, -45.065],
							"lerp_mode": "catmullrom"
						},
						"3.875": {
							"post": [51.33547, -80.5604, -51.81558],
							"lerp_mode": "catmullrom"
						},
						"4.25": {
							"post": [52.06047, -82.5354, -51.81558],
							"lerp_mode": "catmullrom"
						},
						"5.2083": {
							"post": [48.6, -82.02, -51.155],
							"lerp_mode": "catmullrom"
						},
						"5.3333": {
							"post": [32.91, -68.525, -42.625],
							"lerp_mode": "catmullrom"
						},
						"5.4583": {
							"post": [10.17, -47.41, -22.3],
							"lerp_mode": "catmullrom"
						},
						"5.5417": {
							"post": [-12.02262, -26.83616, -1.32679],
							"lerp_mode": "catmullrom"
						},
						"5.7083": {
							"post": [-20.59077, -18.37194, 6.94088],
							"lerp_mode": "catmullrom"
						},
						"5.8333": {
							"post": [-22.80267, -16.94061, 6.94387],
							"lerp_mode": "catmullrom"
						},
						"6.0833": {
							"post": [-22.96296, -17.14551, 6.6573],
							"lerp_mode": "catmullrom"
						},
						"6.2083": {
							"post": [-23.05543, -17.07115, 6.70298],
							"lerp_mode": "catmullrom"
						},
						"6.3333": {
							"post": [-23.80417, -15.97748, 9.33492],
							"lerp_mode": "catmullrom"
						},
						"6.5": {
							"post": [-23.86361, -16.11956, 10.17728],
							"lerp_mode": "catmullrom"
						},
						"6.7917": {
							"post": [-24.13012, -16.14213, 9.84782],
							"lerp_mode": "catmullrom"
						},
						"6.9583": {
							"post": [-19.78, -16.97, 5.86],
							"lerp_mode": "catmullrom"
						},
						"7.0833": {
							"post": [2.3, -9.875, 2.95],
							"lerp_mode": "catmullrom"
						},
						"7.2083": {
							"post": [4.275, -4.925, 1.975],
							"lerp_mode": "catmullrom"
						},
						"7.2917": {
							"post": [2.675, 0, 0],
							"lerp_mode": "catmullrom"
						},
						"7.3333": {
							"post": [-0.21209, 0.36471, 1.10002],
							"lerp_mode": "catmullrom"
						},
						"7.4583": {
							"post": [0, 0, -0.5],
							"lerp_mode": "catmullrom"
						},
						"7.5417": {
							"post": [-0.04, -0.02297, 0.05],
							"lerp_mode": "catmullrom"
						},
						"7.7083": {
							"post": [0, 0, 0],
							"lerp_mode": "catmullrom"
						}
					},
					"position": {
						"0.0": {
							"post": [0, 0, 0],
							"lerp_mode": "catmullrom"
						},
						"0.0833": {
							"post": [0.965, -0.54, -0.3],
							"lerp_mode": "catmullrom"
						},
						"0.2917": {
							"post": [2.675, 3.675, -0.85],
							"lerp_mode": "catmullrom"
						},
						"0.375": {
							"post": [3.12, 3.54, -0.8],
							"lerp_mode": "catmullrom"
						},
						"0.4583": {
							"post": [3.225, 3.275, -0.5],
							"lerp_mode": "catmullrom"
						},
						"0.5417": {
							"post": [3.305, 3.425, -0.275],
							"lerp_mode": "catmullrom"
						},
						"0.625": {
							"post": [3.32, 3.395, -0.175],
							"lerp_mode": "catmullrom"
						},
						"0.7917": {
							"post": [3.285, 3.29, -0.15],
							"lerp_mode": "catmullrom"
						},
						"1.2083": {
							"post": [3.15, 3.29, -0.15],
							"lerp_mode": "catmullrom"
						},
						"1.3333": {
							"post": [3.08, 3.195, -0.15],
							"lerp_mode": "catmullrom"
						},
						"1.625": {
							"post": [3.05, 3.22, 0],
							"lerp_mode": "catmullrom"
						},
						"1.875": {
							"post": [3.04, 3.235, 0],
							"lerp_mode": "catmullrom"
						},
						"2.2083": {
							"post": [3.15, 3.275, 0],
							"lerp_mode": "catmullrom"
						},
						"2.2917": {
							"post": [3.27, 3.3, 0],
							"lerp_mode": "catmullrom"
						},
						"2.375": {
							"post": [3.43, 2.455, 0],
							"lerp_mode": "catmullrom"
						},
						"2.5417": {
							"post": [3.875, 1.85, -0.225],
							"lerp_mode": "catmullrom"
						},
						"2.625": {
							"post": [4.24, 2.01, -0.675],
							"lerp_mode": "catmullrom"
						},
						"2.8333": {
							"post": [5.03, 3.465, -1.725],
							"lerp_mode": "catmullrom"
						},
						"3.0": {
							"post": [5.24, 3.58, -2],
							"lerp_mode": "catmullrom"
						},
						"3.2083": {
							"post": [5.28, 3.435, -2.125],
							"lerp_mode": "catmullrom"
						},
						"3.4583": {
							"post": [5.205, 3.49, -2.15],
							"lerp_mode": "catmullrom"
						},
						"3.5833": {
							"post": [5.555, 3.55, -2.1],
							"lerp_mode": "catmullrom"
						},
						"3.875": {
							"post": [6.975, 3.7, -1.85],
							"lerp_mode": "catmullrom"
						},
						"4.0833": {
							"post": [7.285, 3.765, -1.8],
							"lerp_mode": "catmullrom"
						},
						"4.3333": {
							"post": [7.345, 3.63, -1.8],
							"lerp_mode": "catmullrom"
						},
						"4.5417": {
							"post": [7.405, 3.62, -1.8],
							"lerp_mode": "catmullrom"
						},
						"4.8333": {
							"post": [7.595, 3.65, -1.85],
							"lerp_mode": "catmullrom"
						},
						"5.2083": {
							"post": [7.49, 3.27, -1.675],
							"lerp_mode": "catmullrom"
						},
						"5.2917": {
							"post": [6.89, 2.25, -1.36],
							"lerp_mode": "catmullrom"
						},
						"5.375": {
							"post": [5.78, -1.015, -0.17],
							"lerp_mode": "catmullrom"
						},
						"5.5": {
							"post": [3.76, -0.36, 1.13],
							"lerp_mode": "catmullrom"
						},
						"5.5833": {
							"post": [2.45, 0.06, 1.52],
							"lerp_mode": "catmullrom"
						},
						"5.7083": {
							"post": [2.21, -0.26, 1.58],
							"lerp_mode": "catmullrom"
						},
						"5.875": {
							"post": [2.09, 0.01, 1.65],
							"lerp_mode": "catmullrom"
						},
						"6.0417": {
							"post": [2.1, 0.025, 1.69],
							"lerp_mode": "catmullrom"
						},
						"6.3333": {
							"post": [2.095, 0.1, 1.775],
							"lerp_mode": "catmullrom"
						},
						"6.625": {
							"post": [2.08, 0.22, 1.79],
							"lerp_mode": "catmullrom"
						},
						"6.875": {
							"post": [2.06, 0.17, 1.86],
							"lerp_mode": "catmullrom"
						},
						"7.0": {
							"post": [2.02, 0.125, 1.8],
							"lerp_mode": "catmullrom"
						},
						"7.0833": {
							"post": [1.35, -1.295, 0.705],
							"lerp_mode": "catmullrom"
						},
						"7.2083": {
							"post": [0, -1.775, -2],
							"lerp_mode": "catmullrom"
						},
						"7.3333": {
							"post": [0, 0.075, 0.375],
							"lerp_mode": "catmullrom"
						},
						"7.4583": {
							"post": [0, 0, -0.05],
							"lerp_mode": "catmullrom"
						},
						"7.5417": {
							"post": [0, 0, 0.025],
							"lerp_mode": "catmullrom"
						},
						"7.7083": {
							"post": [0, 0, 0],
							"lerp_mode": "catmullrom"
						}
					}
				},
				"righthand": {
					"rotation": {
						"0.0": [96.03823, -345.55669, -174.92734],
						"0.2917": [98.3312, -352.9791, -176.04903],
						"2.3333": [98.3312, -352.9791, -176.04903],
						"2.5417": [106.15878, -371.54942, -176.29812],
						"2.625": [99.84846, -407.44738, -154.57573],
						"3.625": [97.35087, -417.26357, -157.72419],
						"4.0": [99.84846, -407.44738, -154.57573],
						"5.25": [99.02853, -402.51486, -153.41688],
						"5.375": [104.97439, -355.9358, -165.51259],
						"5.5": [104.73876, -327.63324, -174.88577],
						"5.5833": [98.33309, -322.82556, -184.67931],
						"5.625": [95.05778, -332.41482, -187.55264],
						"5.75": [96.03823, -345.55669, -174.92734]
					},
					"position": {
						"0.0": [-6.5, -14.4, -5.2],
						"0.2917": [-7.5, -13.4, -3.95],
						"2.3333": [-7.5, -13.4, -3.95],
						"2.4583": [-7.1075, -13.92, -1.17],
						"2.5417": [-6.99, -13.615, -0.605],
						"2.625": [-6.2, -12.7, -0.6],
						"5.25": [-6.2, -12.7, -0.6],
						"5.5": [-6.92, -13.67, -1.545],
						"5.5833": [-6.675, -13.4, -2.6],
						"5.75": [-6.5, -14.4, -5.2]
					},
					"scale": {
						"0.0": [1, 1.5, 1],
						"5.75": [1, 1.5, 1]
					}
				},
				"lefthand": {
					"rotation": {
						"0.0": [93.51528, -21.77761, -185.62807],
						"0.2917": {
							"pre": [122.42285, -27.02023, -175.7724],
							"post": [122.42285, -27.02023, -175.7724],
							"lerp_mode": "catmullrom"
						},
						"0.4583": [122.42285, -27.02023, -175.7724],
						"1.0833": [122.42285, -27.02023, -175.7724],
						"2.4583": {
							"pre": [122.42285, -27.02023, -175.7724],
							"post": [122.42285, -27.02023, -175.7724],
							"lerp_mode": "catmullrom"
						},
						"2.5833": {
							"post": [130.20457, -29.61987, -185.95057],
							"lerp_mode": "catmullrom"
						},
						"2.75": {
							"post": [145.75221, -45.62908, -207.11051],
							"lerp_mode": "catmullrom"
						},
						"2.875": [146.3082, -47.63024, -206.88985],
						"3.625": [145.24, -46.91, -205.41],
						"4.0": [149.39189, -49.2927, -210.98406],
						"5.2917": [149.39189, -49.2927, -210.98406],
						"5.5417": [93.51528, -21.77761, -185.62807]
					},
					"position": {
						"0.0": [6.7, -14.7, -13.9],
						"0.3333": {
							"pre": [6.7, -14.6, -12.8125],
							"post": [6.7, -14.6, -12.8125],
							"lerp_mode": "catmullrom"
						},
						"1.0833": [6.7, -14.6, -12.8125],
						"2.4583": {
							"pre": [6.7, -14.6, -12.8125],
							"post": [6.7, -14.6, -12.8125],
							"lerp_mode": "catmullrom"
						},
						"2.75": [6.7, -14.4, -9.9],
						"5.2917": [6.7, -14.4, -9.9],
						"5.5417": [6.7, -14.7, -13.9]
					},
					"scale": {
						"0.0": [1, 1.5, 1],
						"5.5417": [1, 1.5, 1]
					}
				},
				"camera": {
					"rotation": {
						"0.0": {
							"post": [0, 0, 0],
							"lerp_mode": "catmullrom"
						},
						"0.0833": {
							"post": [0.4, 0, 0],
							"lerp_mode": "catmullrom"
						},
						"0.2917": {
							"post": [1.30023, -0.01527, -1.74993],
							"lerp_mode": "catmullrom"
						},
						"0.3333": {
							"post": [2.01, 0.03, -1.95],
							"lerp_mode": "catmullrom"
						},
						"0.4583": {
							"post": [1.43, 0.17, -3.37],
							"lerp_mode": "catmullrom"
						},
						"0.5417": {
							"post": [1.81, 0.26, -3.125],
							"lerp_mode": "catmullrom"
						},
						"0.625": {
							"post": [1.88, 0.26, -3.42],
							"lerp_mode": "catmullrom"
						},
						"0.8333": {
							"post": [1.61, 0.16, -3.13],
							"lerp_mode": "catmullrom"
						},
						"1.0417": {
							"post": [1.24513, 0.25816, -2.73941],
							"lerp_mode": "catmullrom"
						},
						"1.4583": {
							"post": [3.03282, 1.90875, -2.00543],
							"lerp_mode": "catmullrom"
						},
						"1.7917": {
							"post": [3.25347, 2.72863, -1.39145],
							"lerp_mode": "catmullrom"
						},
						"2.4583": {
							"post": [2.19341, 2.77713, -2.64195],
							"lerp_mode": "catmullrom"
						},
						"2.5833": {
							"post": [1.79533, -1.00684, -0.70832],
							"lerp_mode": "catmullrom"
						},
						"2.8333": {
							"post": [0.70742, -4.55228, -4.03082],
							"lerp_mode": "catmullrom"
						},
						"3.0": {
							"post": [0.78, -5.51, -4.96],
							"lerp_mode": "catmullrom"
						},
						"3.2083": {
							"post": [0.425, -5.535, -4.77],
							"lerp_mode": "catmullrom"
						},
						"3.5": {
							"post": [1.16, -5.17, -3.77],
							"lerp_mode": "catmullrom"
						},
						"3.7083": {
							"post": [1.94, -2.58, -2.35],
							"lerp_mode": "catmullrom"
						},
						"4.2083": {
							"post": [4.41776, 7.9306, 2.43903],
							"lerp_mode": "catmullrom"
						},
						"4.625": {
							"post": [6.44663, 13.87798, 3.28446],
							"lerp_mode": "catmullrom"
						},
						"5.2083": {
							"post": [8.03, 13.75, 3.48],
							"lerp_mode": "catmullrom"
						},
						"5.375": {
							"post": [7.41, 9.84, 3.81],
							"lerp_mode": "catmullrom"
						},
						"5.5": {
							"post": [5.64545, 6.12649, 4.44961],
							"lerp_mode": "catmullrom"
						},
						"5.625": {
							"post": [5.02759, 2.57555, 4.76609],
							"lerp_mode": "catmullrom"
						},
						"5.7917": {
							"post": [5.64, 1.26, 3.82],
							"lerp_mode": "catmullrom"
						},
						"5.875": {
							"post": [5.30033, 0.85233, 3.77669],
							"lerp_mode": "catmullrom"
						},
						"6.0833": {
							"post": [5.835, 1.2, 3.97],
							"lerp_mode": "catmullrom"
						},
						"6.2917": {
							"post": [6.52948, 2.06599, 3.97567],
							"lerp_mode": "catmullrom"
						},
						"6.8333": {
							"post": [7.72023, 1.49264, 2.38344],
							"lerp_mode": "catmullrom"
						},
						"7.0417": {
							"post": [5.67939, 1.64162, 0.89029],
							"lerp_mode": "catmullrom"
						},
						"7.125": {
							"post": [1.995, 0.98, 0.42],
							"lerp_mode": "catmullrom"
						},
						"7.2917": {
							"post": [-0.225, 0, -0.225],
							"lerp_mode": "catmullrom"
						},
						"7.375": {
							"post": [0.23, -0.12, 0.305],
							"lerp_mode": "catmullrom"
						},
						"7.5": {
							"post": [-0.15, 0, -0.1],
							"lerp_mode": "catmullrom"
						},
						"7.625": {
							"post": [0, 0, 0],
							"lerp_mode": "catmullrom"
						}
					}
				}
			},
			"sound_effects": {
				"0.0": {
					"effect": "tacz:p90/p90_inspect_raise"
				},
				"0.875": {
					"effect": "tacz:p90/p90_inspect_rattle"
				},
				"2.2083": {
					"effect": "tacz:p90/p90_inspect_rattle"
				},
				"2.375": {
					"effect": "tacz:p90/p90_inspect_armup"
				},
				"2.625": {
					"effect": "tacz:p90/p90_inspect_grabgrip"
				},
				"3.7083": {
					"effect": "tacz:p90/p90_inspect_tilt"
				},
				"5.25": {
					"effect": "tacz:p90/p90_inspect_grabgrip"
				},
				"5.4583": {
					"effect": "tacz:p90/p90_inspect_armdown"
				},
				"6.9583": {
					"effect": "tacz:p90/p90_inspect_end"
				}
			}
		},
		"inspect_empty": {
			"animation_length": 7.7083,
			"bones": {
				"root": {
					"rotation": {
						"0.0": {
							"post": [0, 0, 0],
							"lerp_mode": "catmullrom"
						},
						"0.0833": {
							"post": [1.81542, -14.86634, -10.39453],
							"lerp_mode": "catmullrom"
						},
						"0.3333": {
							"post": [5.82015, -51.738, -53.5966],
							"lerp_mode": "catmullrom"
						},
						"0.5": {
							"post": [14.5, -58.27, -64.68],
							"lerp_mode": "catmullrom"
						},
						"0.7083": {
							"post": [15.90743, -59.62123, -63.90118],
							"lerp_mode": "catmullrom"
						},
						"1.0833": {
							"post": [17.85, -59.13, -64.69],
							"lerp_mode": "catmullrom"
						},
						"1.2917": {
							"post": [22.955, -56.8, -69.93],
							"lerp_mode": "catmullrom"
						},
						"1.5417": {
							"post": [24.37837, -56.38544, -70.5858],
							"lerp_mode": "catmullrom"
						},
						"1.75": {
							"post": [24.13538, -56.83258, -70.94291],
							"lerp_mode": "catmullrom"
						},
						"2.0833": {
							"post": [23.7023, -56.43942, -71.22899],
							"lerp_mode": "catmullrom"
						},
						"2.25": {
							"post": [20.48529, -57.29487, -67.27249],
							"lerp_mode": "catmullrom"
						},
						"2.3333": {
							"post": [17.395, -58.095, -61.845],
							"lerp_mode": "catmullrom"
						},
						"2.5": {
							"post": [-0.22664, -57.41767, -42.86406],
							"lerp_mode": "catmullrom"
						},
						"2.625": {
							"post": [19.92, -67.68, -42.64],
							"lerp_mode": "catmullrom"
						},
						"2.75": {
							"post": [32.37448, -74.31388, -42.89562],
							"lerp_mode": "catmullrom"
						},
						"2.8333": {
							"post": [39.31031, -74.52711, -45.54817],
							"lerp_mode": "catmullrom"
						},
						"3.0": {
							"post": [36.28795, -74.86716, -43.79753],
							"lerp_mode": "catmullrom"
						},
						"3.125": {
							"post": [35.95, -75.12, -43.73],
							"lerp_mode": "catmullrom"
						},
						"3.3333": {
							"post": [35.815, -75.53, -44.055],
							"lerp_mode": "catmullrom"
						},
						"3.625": {
							"post": [37.58, -76.31, -45.065],
							"lerp_mode": "catmullrom"
						},
						"3.875": {
							"post": [51.33547, -80.5604, -51.81558],
							"lerp_mode": "catmullrom"
						},
						"4.25": {
							"post": [52.06047, -82.5354, -51.81558],
							"lerp_mode": "catmullrom"
						},
						"5.2083": {
							"post": [48.6, -82.02, -51.155],
							"lerp_mode": "catmullrom"
						},
						"5.3333": {
							"post": [32.91, -68.525, -42.625],
							"lerp_mode": "catmullrom"
						},
						"5.4583": {
							"post": [10.17, -47.41, -22.3],
							"lerp_mode": "catmullrom"
						},
						"5.5417": {
							"post": [-12.02262, -26.83616, -1.32679],
							"lerp_mode": "catmullrom"
						},
						"5.7083": {
							"post": [-20.59077, -18.37194, 6.94088],
							"lerp_mode": "catmullrom"
						},
						"5.8333": {
							"post": [-22.80267, -16.94061, 6.94387],
							"lerp_mode": "catmullrom"
						},
						"6.0833": {
							"post": [-22.96296, -17.14551, 6.6573],
							"lerp_mode": "catmullrom"
						},
						"6.2083": {
							"post": [-23.05543, -17.07115, 6.70298],
							"lerp_mode": "catmullrom"
						},
						"6.3333": {
							"post": [-23.80417, -15.97748, 9.33492],
							"lerp_mode": "catmullrom"
						},
						"6.5": {
							"post": [-23.86361, -16.11956, 10.17728],
							"lerp_mode": "catmullrom"
						},
						"6.7917": {
							"post": [-24.13012, -16.14213, 9.84782],
							"lerp_mode": "catmullrom"
						},
						"6.9583": {
							"post": [-19.78, -16.97, 5.86],
							"lerp_mode": "catmullrom"
						},
						"7.0833": {
							"post": [2.3, -9.875, 2.95],
							"lerp_mode": "catmullrom"
						},
						"7.2083": {
							"post": [4.275, -4.925, 1.975],
							"lerp_mode": "catmullrom"
						},
						"7.2917": {
							"post": [2.675, 0, 0],
							"lerp_mode": "catmullrom"
						},
						"7.3333": {
							"post": [-0.21209, 0.36471, 1.10002],
							"lerp_mode": "catmullrom"
						},
						"7.4583": {
							"post": [0, 0, -0.5],
							"lerp_mode": "catmullrom"
						},
						"7.5417": {
							"post": [-0.04, -0.02297, 0.05],
							"lerp_mode": "catmullrom"
						},
						"7.7083": {
							"post": [0, 0, 0],
							"lerp_mode": "catmullrom"
						}
					},
					"position": {
						"0.0": {
							"post": [0, 0, 0],
							"lerp_mode": "catmullrom"
						},
						"0.0833": {
							"post": [0.965, -0.54, -0.3],
							"lerp_mode": "catmullrom"
						},
						"0.2917": {
							"post": [2.675, 3.675, -0.85],
							"lerp_mode": "catmullrom"
						},
						"0.375": {
							"post": [3.12, 3.54, -0.8],
							"lerp_mode": "catmullrom"
						},
						"0.4583": {
							"post": [3.225, 3.275, -0.5],
							"lerp_mode": "catmullrom"
						},
						"0.5417": {
							"post": [3.305, 3.425, -0.275],
							"lerp_mode": "catmullrom"
						},
						"0.625": {
							"post": [3.32, 3.395, -0.175],
							"lerp_mode": "catmullrom"
						},
						"0.7917": {
							"post": [3.285, 3.29, -0.15],
							"lerp_mode": "catmullrom"
						},
						"1.2083": {
							"post": [3.15, 3.29, -0.15],
							"lerp_mode": "catmullrom"
						},
						"1.3333": {
							"post": [3.08, 3.195, -0.15],
							"lerp_mode": "catmullrom"
						},
						"1.625": {
							"post": [3.05, 3.22, 0],
							"lerp_mode": "catmullrom"
						},
						"1.875": {
							"post": [3.04, 3.235, 0],
							"lerp_mode": "catmullrom"
						},
						"2.2083": {
							"post": [3.15, 3.275, 0],
							"lerp_mode": "catmullrom"
						},
						"2.2917": {
							"post": [3.27, 3.3, 0],
							"lerp_mode": "catmullrom"
						},
						"2.375": {
							"post": [3.43, 2.455, 0],
							"lerp_mode": "catmullrom"
						},
						"2.5417": {
							"post": [3.875, 1.85, -0.225],
							"lerp_mode": "catmullrom"
						},
						"2.625": {
							"post": [4.24, 2.01, -0.675],
							"lerp_mode": "catmullrom"
						},
						"2.8333": {
							"post": [5.03, 3.465, -1.725],
							"lerp_mode": "catmullrom"
						},
						"3.0": {
							"post": [5.24, 3.58, -2],
							"lerp_mode": "catmullrom"
						},
						"3.2083": {
							"post": [5.28, 3.435, -2.125],
							"lerp_mode": "catmullrom"
						},
						"3.4583": {
							"post": [5.205, 3.49, -2.15],
							"lerp_mode": "catmullrom"
						},
						"3.5833": {
							"post": [5.555, 3.55, -2.1],
							"lerp_mode": "catmullrom"
						},
						"3.875": {
							"post": [6.975, 3.7, -1.85],
							"lerp_mode": "catmullrom"
						},
						"4.0833": {
							"post": [7.285, 3.765, -1.8],
							"lerp_mode": "catmullrom"
						},
						"4.3333": {
							"post": [7.345, 3.63, -1.8],
							"lerp_mode": "catmullrom"
						},
						"4.5417": {
							"post": [7.405, 3.62, -1.8],
							"lerp_mode": "catmullrom"
						},
						"4.8333": {
							"post": [7.595, 3.65, -1.85],
							"lerp_mode": "catmullrom"
						},
						"5.2083": {
							"post": [7.49, 3.27, -1.675],
							"lerp_mode": "catmullrom"
						},
						"5.2917": {
							"post": [6.89, 2.25, -1.36],
							"lerp_mode": "catmullrom"
						},
						"5.375": {
							"post": [5.78, -1.015, -0.17],
							"lerp_mode": "catmullrom"
						},
						"5.5": {
							"post": [3.76, -0.36, 1.13],
							"lerp_mode": "catmullrom"
						},
						"5.5833": {
							"post": [2.45, 0.06, 1.52],
							"lerp_mode": "catmullrom"
						},
						"5.7083": {
							"post": [2.21, -0.26, 1.58],
							"lerp_mode": "catmullrom"
						},
						"5.875": {
							"post": [2.09, 0.01, 1.65],
							"lerp_mode": "catmullrom"
						},
						"6.0417": {
							"post": [2.1, 0.025, 1.69],
							"lerp_mode": "catmullrom"
						},
						"6.3333": {
							"post": [2.095, 0.1, 1.775],
							"lerp_mode": "catmullrom"
						},
						"6.625": {
							"post": [2.08, 0.22, 1.79],
							"lerp_mode": "catmullrom"
						},
						"6.875": {
							"post": [2.06, 0.17, 1.86],
							"lerp_mode": "catmullrom"
						},
						"7.0": {
							"post": [2.02, 0.125, 1.8],
							"lerp_mode": "catmullrom"
						},
						"7.0833": {
							"post": [1.35, -1.295, 0.705],
							"lerp_mode": "catmullrom"
						},
						"7.2083": {
							"post": [0, -1.775, -2],
							"lerp_mode": "catmullrom"
						},
						"7.3333": {
							"post": [0, 0.075, 0.375],
							"lerp_mode": "catmullrom"
						},
						"7.4583": {
							"post": [0, 0, -0.05],
							"lerp_mode": "catmullrom"
						},
						"7.5417": {
							"post": [0, 0, 0.025],
							"lerp_mode": "catmullrom"
						},
						"7.7083": {
							"post": [0, 0, 0],
							"lerp_mode": "catmullrom"
						}
					}
				},
				"righthand": {
					"rotation": {
						"0.0": [96.03823, -345.55669, -174.92734],
						"0.2917": [98.3312, -352.9791, -176.04903],
						"2.3333": [98.3312, -352.9791, -176.04903],
						"2.5417": [106.15878, -371.54942, -176.29812],
						"2.625": [99.84846, -407.44738, -154.57573],
						"3.625": [97.35087, -417.26357, -157.72419],
						"4.0": [99.84846, -407.44738, -154.57573],
						"5.25": [99.02853, -402.51486, -153.41688],
						"5.375": [104.97439, -355.9358, -165.51259],
						"5.5": [104.73876, -327.63324, -174.88577],
						"5.5833": [98.33309, -322.82556, -184.67931],
						"5.625": [95.05778, -332.41482, -187.55264],
						"5.75": [96.03823, -345.55669, -174.92734]
					},
					"position": {
						"0.0": [-6.5, -14.4, -5.2],
						"0.2917": [-7.5, -13.4, -3.95],
						"2.3333": [-7.5, -13.4, -3.95],
						"2.4583": [-7.1075, -13.92, -1.17],
						"2.5417": [-6.99, -13.615, -0.605],
						"2.625": [-6.2, -12.7, -0.6],
						"5.25": [-6.2, -12.7, -0.6],
						"5.5": [-6.92, -13.67, -1.545],
						"5.5833": [-6.675, -13.4, -2.6],
						"5.75": [-6.5, -14.4, -5.2]
					},
					"scale": {
						"0.0": [1, 1.5, 1],
						"5.75": [1, 1.5, 1]
					}
				},
				"lefthand": {
					"rotation": {
						"0.0": [93.51528, -21.77761, -185.62807],
						"0.2917": {
							"pre": [122.42285, -27.02023, -175.7724],
							"post": [122.42285, -27.02023, -175.7724],
							"lerp_mode": "catmullrom"
						},
						"0.4583": [122.42285, -27.02023, -175.7724],
						"1.0833": [122.42285, -27.02023, -175.7724],
						"2.4583": {
							"pre": [122.42285, -27.02023, -175.7724],
							"post": [122.42285, -27.02023, -175.7724],
							"lerp_mode": "catmullrom"
						},
						"2.5833": {
							"post": [130.20457, -29.61987, -185.95057],
							"lerp_mode": "catmullrom"
						},
						"2.75": {
							"post": [145.75221, -45.62908, -207.11051],
							"lerp_mode": "catmullrom"
						},
						"2.875": [146.3082, -47.63024, -206.88985],
						"3.625": [145.24, -46.91, -205.41],
						"4.0": [149.39189, -49.2927, -210.98406],
						"5.2917": [149.39189, -49.2927, -210.98406],
						"5.5417": [93.51528, -21.77761, -185.62807]
					},
					"position": {
						"0.0": [6.7, -14.7, -13.9],
						"0.3333": {
							"pre": [6.7, -14.6, -12.8125],
							"post": [6.7, -14.6, -12.8125],
							"lerp_mode": "catmullrom"
						},
						"1.0833": [6.7, -14.6, -12.8125],
						"2.4583": {
							"pre": [6.7, -14.6, -12.8125],
							"post": [6.7, -14.6, -12.8125],
							"lerp_mode": "catmullrom"
						},
						"2.75": [6.7, -14.4, -9.9],
						"5.2917": [6.7, -14.4, -9.9],
						"5.5417": [6.7, -14.7, -13.9]
					},
					"scale": {
						"0.0": [1, 1.5, 1],
						"5.5417": [1, 1.5, 1]
					}
				},
				"camera": {
					"rotation": {
						"0.0": {
							"post": [0, 0, 0],
							"lerp_mode": "catmullrom"
						},
						"0.0833": {
							"post": [0.4, 0, 0],
							"lerp_mode": "catmullrom"
						},
						"0.2917": {
							"post": [1.30023, -0.01527, -1.74993],
							"lerp_mode": "catmullrom"
						},
						"0.3333": {
							"post": [2.01, 0.03, -1.95],
							"lerp_mode": "catmullrom"
						},
						"0.4583": {
							"post": [1.43, 0.17, -3.37],
							"lerp_mode": "catmullrom"
						},
						"0.5417": {
							"post": [1.81, 0.26, -3.125],
							"lerp_mode": "catmullrom"
						},
						"0.625": {
							"post": [1.88, 0.26, -3.42],
							"lerp_mode": "catmullrom"
						},
						"0.8333": {
							"post": [1.61, 0.16, -3.13],
							"lerp_mode": "catmullrom"
						},
						"1.0417": {
							"post": [1.24513, 0.25816, -2.73941],
							"lerp_mode": "catmullrom"
						},
						"1.4583": {
							"post": [3.03282, 1.90875, -2.00543],
							"lerp_mode": "catmullrom"
						},
						"1.7917": {
							"post": [3.25347, 2.72863, -1.39145],
							"lerp_mode": "catmullrom"
						},
						"2.4583": {
							"post": [2.19341, 2.77713, -2.64195],
							"lerp_mode": "catmullrom"
						},
						"2.5833": {
							"post": [1.79533, -1.00684, -0.70832],
							"lerp_mode": "catmullrom"
						},
						"2.8333": {
							"post": [0.70742, -4.55228, -4.03082],
							"lerp_mode": "catmullrom"
						},
						"3.0": {
							"post": [0.78, -5.51, -4.96],
							"lerp_mode": "catmullrom"
						},
						"3.2083": {
							"post": [0.425, -5.535, -4.77],
							"lerp_mode": "catmullrom"
						},
						"3.5": {
							"post": [1.16, -5.17, -3.77],
							"lerp_mode": "catmullrom"
						},
						"3.7083": {
							"post": [1.94, -2.58, -2.35],
							"lerp_mode": "catmullrom"
						},
						"4.2083": {
							"post": [4.41776, 7.9306, 2.43903],
							"lerp_mode": "catmullrom"
						},
						"4.625": {
							"post": [6.44663, 13.87798, 3.28446],
							"lerp_mode": "catmullrom"
						},
						"5.2083": {
							"post": [8.03, 13.75, 3.48],
							"lerp_mode": "catmullrom"
						},
						"5.375": {
							"post": [7.41, 9.84, 3.81],
							"lerp_mode": "catmullrom"
						},
						"5.5": {
							"post": [5.64545, 6.12649, 4.44961],
							"lerp_mode": "catmullrom"
						},
						"5.625": {
							"post": [5.02759, 2.57555, 4.76609],
							"lerp_mode": "catmullrom"
						},
						"5.7917": {
							"post": [5.64, 1.26, 3.82],
							"lerp_mode": "catmullrom"
						},
						"5.875": {
							"post": [5.30033, 0.85233, 3.77669],
							"lerp_mode": "catmullrom"
						},
						"6.0833": {
							"post": [5.835, 1.2, 3.97],
							"lerp_mode": "catmullrom"
						},
						"6.2917": {
							"post": [6.52948, 2.06599, 3.97567],
							"lerp_mode": "catmullrom"
						},
						"6.8333": {
							"post": [7.72023, 1.49264, 2.38344],
							"lerp_mode": "catmullrom"
						},
						"7.0417": {
							"post": [5.67939, 1.64162, 0.89029],
							"lerp_mode": "catmullrom"
						},
						"7.125": {
							"post": [1.995, 0.98, 0.42],
							"lerp_mode": "catmullrom"
						},
						"7.2917": {
							"post": [-0.225, 0, -0.225],
							"lerp_mode": "catmullrom"
						},
						"7.375": {
							"post": [0.23, -0.12, 0.305],
							"lerp_mode": "catmullrom"
						},
						"7.5": {
							"post": [-0.15, 0, -0.1],
							"lerp_mode": "catmullrom"
						},
						"7.625": {
							"post": [0, 0, 0],
							"lerp_mode": "catmullrom"
						}
					}
				}
			},
			"sound_effects": {
				"0.0": {
					"effect": "tacz:p90/p90_inspect_raise"
				},
				"0.875": {
					"effect": "tacz:p90/p90_inspect_rattle"
				},
				"2.2083": {
					"effect": "tacz:p90/p90_inspect_rattle"
				},
				"2.375": {
					"effect": "tacz:p90/p90_inspect_armup"
				},
				"2.625": {
					"effect": "tacz:p90/p90_inspect_grabgrip"
				},
				"3.7083": {
					"effect": "tacz:p90/p90_inspect_tilt"
				},
				"5.25": {
					"effect": "tacz:p90/p90_inspect_grabgrip"
				},
				"5.4583": {
					"effect": "tacz:p90/p90_inspect_armdown"
				},
				"6.9583": {
					"effect": "tacz:p90/p90_inspect_end"
				}
			}
		},
		"reload_tactical": {
			"animation_length": 1.8667,
			"bones": {
				"bb_illuminated": {
					"scale": 0
				},
				"root": {
					"rotation": {
						"0.0": [0, 0, 0],
						"0.0333": [0, 0, 0],
						"0.1333": {
							"pre": [0, 0, -4.0625],
							"post": [0, 0, -4.0625],
							"lerp_mode": "catmullrom"
						},
						"0.2333": {
							"post": [-2.39935, 1.72092, -20.80522],
							"lerp_mode": "catmullrom"
						},
						"0.3333": {
							"post": [-16.35452, 12.53244, -24.53421],
							"lerp_mode": "catmullrom"
						},
						"0.5": {
							"post": [-17.76, 12.3125, -25.25],
							"lerp_mode": "catmullrom"
						},
						"0.6": [-17.99, 13.3125, -24.74],
						"0.6667": [-18.17, 12.8125, -24.79],
						"0.7667": [-18.38, 13.3125, -25.25],
						"0.9": {
							"pre": [-18.51, 12.3125, -24.25],
							"post": [-18.51, 12.3125, -24.25],
							"lerp_mode": "catmullrom"
						},
						"1.0667": {
							"post": [-18.57956, 12.55174, -25.25],
							"lerp_mode": "catmullrom"
						},
						"1.2": [-13.6975, 10.6825, -23.705],
						"1.3": {
							"pre": [-5.445, 2.05, -21.43],
							"post": [-5.445, 2.05, -21.43],
							"lerp_mode": "catmullrom"
						},
						"1.3667": {
							"post": [-2.48, 0.87, -14.9225],
							"lerp_mode": "catmullrom"
						},
						"1.4333": [0.71, -0.04, -2.11],
						"1.4667": [0.9, -0.45, -0.72],
						"1.5": [0.67, -0.45, 0.33],
						"1.5333": [0.12, -0.18, 0.27],
						"1.5667": [0.08, -0.49, 0.2675],
						"1.6": [0.05, -0.44, 0.985],
						"1.6333": [0.02, -0.32, 0.625],
						"1.7667": {
							"pre": [-0.01, -0.09, 0.855],
							"post": [-0.01, -0.09, 0.855],
							"lerp_mode": "catmullrom"
						},
						"1.8667": [0, 0, 0]
					},
					"position": {
						"0.0": [0, 0, 0],
						"0.0667": {
							"pre": [-0.125, 0.5, 0],
							"post": [-0.125, 0.5, 0],
							"lerp_mode": "catmullrom"
						},
						"0.1333": {
							"post": [-0.375, 0.4375, 0],
							"lerp_mode": "catmullrom"
						},
						"0.2333": {
							"post": [-1.775, -1.6125, 0.0625],
							"lerp_mode": "catmullrom"
						},
						"0.3333": {
							"post": [-1.3375, -1.1125, -0.0625],
							"lerp_mode": "catmullrom"
						},
						"0.5": {
							"post": [-1.4025, -1.1325, -0.12],
							"lerp_mode": "catmullrom"
						},
						"0.9": {
							"post": [-1.3, -1.1525, -0.16],
							"lerp_mode": "catmullrom"
						},
						"1.0667": {
							"post": [-1.15, -1.175, -0.0625],
							"lerp_mode": "catmullrom"
						},
						"1.2": {
							"post": [-0.3925, -1.3075, 0.97],
							"lerp_mode": "catmullrom"
						},
						"1.2667": [-0.3575, -1.4125, 0.5725],
						"1.3333": [-0.22, -1.0725, -0.35],
						"1.4": {
							"pre": [-0.1, -0.8125, -0.62],
							"post": [-0.1, -0.8125, -0.62],
							"lerp_mode": "catmullrom"
						},
						"1.4667": [-0.05, -0.7125, -0.31],
						"1.5333": {
							"pre": [0, -0.12, 0.57],
							"post": [0, -0.12, 0.57],
							"lerp_mode": "catmullrom"
						},
						"1.6333": [0, -0.04, -0.07],
						"1.6667": [0, -0.02, -0.11],
						"1.7": [0, -0.01, -0.07],
						"1.7333": [0, 0, -0.03],
						"1.7667": [0, 0, -0.02],
						"1.8": [0, 0, -0.01],
						"1.8333": [0, 0, -0.01],
						"1.8667": [0, 0, 0]
					}
				},
				"righthand": {
					"rotation": [96.03823, -345.55669, -174.92734],
					"position": [-6.5, -14.4, -5.2],
					"scale": [1, 1.5, 1]
				},
				"lefthand": {
					"rotation": {
						"0.0": [93.51528, -21.77761, -185.62807],
						"0.1333": [93.51528, -21.77761, -185.62807],
						"0.2667": [121.83296, -26.43263, -187.62836],
						"1.2667": [121.83296, -26.43263, -187.62836],
						"1.3333": [121.19031, -26.51193, -185.00811],
						"1.4333": [93.51528, -21.77761, -185.62807]
					},
					"position": {
						"0.0": [6.7, -14.7, -13.9],
						"0.1333": [6.7, -14.7, -13.9],
						"0.2667": [6.7, -14.7, -13.9],
						"1.2667": [6.7, -14.7, -13.9],
						"1.3333": [7.2312, -15.245, -14.2075],
						"1.4333": [6.7, -14.7, -13.9]
					},
					"scale": {
						"0.0": [1, 1.5, 1],
						"1.4333": [1, 1.5, 1]
					}
				},
				"camera": {
					"rotation": {
						"0.0": [0, 0, 0],
						"0.0333": [0.29, 0.01, -0.02],
						"0.1": {
							"pre": [0.92, 0.03, -0.06],
							"post": [0.92, 0.03, -0.06],
							"lerp_mode": "catmullrom"
						},
						"0.1667": {
							"post": [1.5375, 0.06, -0.16],
							"lerp_mode": "catmullrom"
						},
						"0.2333": [1.0175, 0.1, -0.46],
						"0.3667": {
							"pre": [1.54, 0.13, -1.12],
							"post": [1.54, 0.13, -1.12],
							"lerp_mode": "catmullrom"
						},
						"0.4667": {
							"post": [1.53, -0.2825, -0.8375],
							"lerp_mode": "catmullrom"
						},
						"0.6": {
							"post": [1.57, 0.09, -1.15],
							"lerp_mode": "catmullrom"
						},
						"0.7667": {
							"post": [1.64, -0.31, -0.9],
							"lerp_mode": "catmullrom"
						},
						"0.9": {
							"post": [1.58, 0.01, -1.2325],
							"lerp_mode": "catmullrom"
						},
						"0.9667": {
							"post": [1.6575, 0, -1.235],
							"lerp_mode": "catmullrom"
						},
						"1.1": {
							"post": [1.82, -0.28, -1.395],
							"lerp_mode": "catmullrom"
						},
						"1.2333": {
							"post": [1.8025, -0.07, -0.92],
							"lerp_mode": "catmullrom"
						},
						"1.3333": {
							"post": [1.595, -0.01, -0.63],
							"lerp_mode": "catmullrom"
						},
						"1.4": [0.42, -0.17, -0.18],
						"1.4333": [0.06, -0.09, 0.07],
						"1.4667": [-0.17, -0.04, 0.2],
						"1.5": [-0.1, 0, 0],
						"1.5333": [0.16, 0, -0.29],
						"1.5667": [0.1, 0, -0.22],
						"1.6": [-0.03, 0, -0.05],
						"1.6333": [-0.12, 0, 0.08],
						"1.6667": [-0.11, 0, 0.09],
						"1.7": [-0.08, 0, 0.06],
						"1.7333": [-0.03, 0, 0.02],
						"1.7667": [0, 0, 0]
					}
				}
			},
			"sound_effects": {
				"0.0": {
					"effect": "swb2:cr2/cr2_reload_tactical"
				}
			}
		},
		"reload_empty": {
			"animation_length": 4.5333,
			"bones": {
				"additional_magazine": {
					"rotation": {
						"0.9": [0, 0, 0],
						"0.9333": [0, 0, 0],
						"0.9667": [0, 0, 0],
						"1.0": [0, 0, 2.3],
						"1.0333": [0, 0, 4.6],
						"1.0667": [0, 0, 1.48],
						"1.1": [0, 0, -1.64],
						"1.1333": [0, 0, -4.76],
						"1.1667": [0, 0, -7.88],
						"1.2": [0, 0, -11],
						"1.2333": [0, 0, -11],
						"1.2667": [0, 0, -11],
						"1.3": [0, 0, -11],
						"1.3333": [0, 0, -11],
						"1.3667": [0, 0, -11],
						"1.4": [0, 0, -11],
						"1.4333": [0, 0, -11],
						"1.4667": [0, 0, -11],
						"1.5": [0, 0, -11],
						"1.5333": [5.52, -2.36, -16.7],
						"1.5667": [7.14, -6.86, -27.57],
						"1.6": [-1.55, -12.44, -41.07],
						"1.6333": [-14.51, -19.17, -57.34],
						"1.6667": [-24, -24, -69]
					},
					"position": {
						"0.9": [0, 0, 0],
						"0.9333": [0, -1.69, 0],
						"0.9667": [0, -3.37, 0],
						"1.0": [-0.36, -3.6, 0],
						"1.0333": [-0.72, -3.82, 0],
						"1.0667": [-1.07, -4.04, 0],
						"1.1": [-1.17, -3.91, 0],
						"1.1333": [-1.27, -3.78, 0],
						"1.1667": [-1.37, -3.65, 0],
						"1.2": [-1.47, -3.52, 0],
						"1.2333": [-1.57, -3.39, 0],
						"1.2667": [-1.66, -3.3, -0.05],
						"1.3": [-1.74, -3.21, -0.1],
						"1.3333": [-1.74, -2.02, -0.1],
						"1.3667": [-1.74, -0.82, -0.1],
						"1.4": [-1.74, -0.82, -0.1],
						"1.4333": [-1.74, -0.82, -0.1],
						"1.4667": [-1.74, -0.82, -0.1],
						"1.5": [-1.74, -0.82, -0.1],
						"1.5333": [-1.47, -3.29, 0.23],
						"1.5667": [-0.86, -5.03, 0.32],
						"1.6": [0.03, -7.33, 1.41],
						"1.6333": [2.13, -9.14, 5.07],
						"1.6667": [4.11, -10.65, 8.59]
					}
				},
				"mag_release": {
					"position": {
						"0.7667": [0, 0, 0],
						"0.8": [0.06, 0, 0],
						"0.8333": [0.13, 0, 0],
						"0.8667": [0.13, 0, 0],
						"0.9": [0.13, 0, 0],
						"0.9333": [0.13, 0, 0],
						"0.9667": [0.13, 0, 0],
						"1.0": [0.13, 0, 0],
						"1.0333": [0.13, 0, 0],
						"1.0667": [0.13, 0, 0],
						"1.1": [0.06, 0, 0],
						"1.1333": [0, 0, 0],
						"1.1667": [0, 0, 0],
						"1.2": [0, 0, 0],
						"1.2333": [0, 0, 0],
						"1.2667": [0, 0, 0],
						"1.3": [0, 0, 0],
						"1.3333": [0.06, 0, 0],
						"1.3667": [0.13, 0, 0],
						"1.4": [0.13, 0, 0],
						"1.4333": [0.13, 0, 0],
						"1.4667": [0.06, 0, 0],
						"1.5": [0, 0, 0]
					}
				},
				"1zzzz_illuminated": {
					"scale": {
						"0.0": [0, 0, 0],
						"2.7333": [0, 0, 0],
						"2.7667": {
							"pre": [0, 0, 0],
							"post": [1, 1, 1]
						}
					}
				},
				"2zzzz_illuminated": {
					"scale": {
						"0.0": [1, 1, 1],
						"2.7333": [1, 1, 1],
						"2.7667": {
							"pre": [1, 1, 1],
							"post": [0, 0, 0]
						}
					}
				},
				"bb_illuminated": {
					"scale": 0
				},
				"root": {
					"rotation": {
						"0.0": [0, 0, 0],
						"0.0333": [-3.8525, 0, -0.14],
						"0.1667": {
							"pre": [-15.3925, 1.18, -2.6825],
							"post": [-15.3925, 1.18, -2.6825],
							"lerp_mode": "catmullrom"
						},
						"0.2667": [-25.9026, 1.71286, -9.25906],
						"0.3667": {
							"pre": [-30.706, 0.39676, -13.78921],
							"post": [-30.706, 0.39676, -13.78921],
							"lerp_mode": "catmullrom"
						},
						"0.4667": {
							"post": [-30.7151, -0.78714, -14.07156],
							"lerp_mode": "catmullrom"
						},
						"0.6": {
							"post": [-29.00205, -1.99932, -16.12986],
							"lerp_mode": "catmullrom"
						},
						"0.7": {
							"post": [-29.83, -1.5725, -15.1225],
							"lerp_mode": "catmullrom"
						},
						"0.8": {
							"post": [-29.53, -1.07, -15.1825],
							"lerp_mode": "catmullrom"
						},
						"1.1": {
							"post": [-29.415, -1.4275, -15.2125],
							"lerp_mode": "catmullrom"
						},
						"1.3667": {
							"post": [-27.9725, -1.7675, -16.165],
							"lerp_mode": "catmullrom"
						},
						"1.4333": {
							"post": [-28.00706, -2.62592, -15.96135],
							"lerp_mode": "catmullrom"
						},
						"1.5333": {
							"post": [-16.82, 1.51, 10.58],
							"lerp_mode": "catmullrom"
						},
						"1.6": {
							"post": [-16.6, -1.74, 11.52],
							"lerp_mode": "catmullrom"
						},
						"1.7": {
							"post": [-24.50225, -13.86656, -6.34572],
							"lerp_mode": "catmullrom"
						},
						"1.7667": {
							"post": [-26.425, -17.7675, -13.9925],
							"lerp_mode": "catmullrom"
						},
						"1.8333": {
							"post": [-26.9651, -15.03714, -13.07156],
							"lerp_mode": "catmullrom"
						},
						"1.9333": {
							"post": [-26.08395, -12.59733, -9.99344],
							"lerp_mode": "catmullrom"
						},
						"2.0667": {
							"post": [-22.97836, -9.62824, -8.42803],
							"lerp_mode": "catmullrom"
						},
						"2.1667": {
							"post": [-22.18234, -9.71236, -6.33761],
							"lerp_mode": "catmullrom"
						},
						"2.3667": {
							"post": [-22.75551, -10.04372, -6.91655],
							"lerp_mode": "catmullrom"
						},
						"2.5333": {
							"post": [-22.75, -10.14, -7.485],
							"lerp_mode": "catmullrom"
						},
						"2.7667": {
							"post": [-22.7475, -10.17, -6.7],
							"lerp_mode": "catmullrom"
						},
						"3.0667": {
							"post": [-22.7275, -10.22, -7.7],
							"lerp_mode": "catmullrom"
						},
						"3.2": {
							"post": [-22.7275, -10.23, -7.55],
							"lerp_mode": "catmullrom"
						},
						"3.3667": {
							"post": [-22.755, -10.23, -7.65],
							"lerp_mode": "catmullrom"
						},
						"3.4333": {
							"post": [-23.1, -10.1475, -7.655],
							"lerp_mode": "catmullrom"
						},
						"3.5667": {
							"post": [-24.11155, -10.40854, -8.88737],
							"lerp_mode": "catmullrom"
						},
						"3.7": {
							"post": [-24.0375, -10.835, -7.8425],
							"lerp_mode": "catmullrom"
						},
						"3.7667": {
							"post": [-23.1, -10.1475, -7.655],
							"lerp_mode": "catmullrom"
						},
						"3.8667": {
							"post": [-27.5125, 3.6875, 0],
							"lerp_mode": "catmullrom"
						},
						"4.0": {
							"post": [-1.76, -0.63, 0],
							"lerp_mode": "catmullrom"
						},
						"4.1": {
							"post": [0.9, -0.45, -0.72],
							"lerp_mode": "catmullrom"
						},
						"4.1667": {
							"post": [0.12, -0.18, 0.27],
							"lerp_mode": "catmullrom"
						},
						"4.2333": {
							"post": [0.05, -0.44, 2.2975],
							"lerp_mode": "catmullrom"
						},
						"4.2667": {
							"post": [0.02, -0.32, 1.6875],
							"lerp_mode": "catmullrom"
						},
						"4.4": {
							"post": [0, 0, 0],
							"lerp_mode": "catmullrom"
						},
						"4.5333": [0, 0, 0]
					},
					"position": {
						"0.0": [0, 0, 0],
						"0.0333": [-0.08, 0.05, -0.21],
						"0.1333": {
							"pre": [-0.825, -0.8175, -0.34],
							"post": [-0.825, -0.8175, -0.34],
							"lerp_mode": "catmullrom"
						},
						"0.2": {
							"post": [-3.75, -2.99, -0.555],
							"lerp_mode": "catmullrom"
						},
						"0.2667": [-4.4825, -3.97, -0.9425],
						"0.3667": {
							"pre": [-4.595, -3.2325, -1.1975],
							"post": [-4.595, -3.2325, -1.1975],
							"lerp_mode": "catmullrom"
						},
						"0.4667": {
							"post": [-4.7325, -3.1575, -1.005],
							"lerp_mode": "catmullrom"
						},
						"0.6": {
							"post": [-4.5025, -3.1575, -0.6825],
							"lerp_mode": "catmullrom"
						},
						"0.7667": {
							"post": [-4.565, -3.1575, -0.6875],
							"lerp_mode": "catmullrom"
						},
						"1.0667": {
							"post": [-4.4325, -3.0775, -0.7575],
							"lerp_mode": "catmullrom"
						},
						"1.3333": {
							"post": [-4.33, -3.03, -1.03],
							"lerp_mode": "catmullrom"
						},
						"1.4333": {
							"post": [-4.71, -2.9, -0.9125],
							"lerp_mode": "catmullrom"
						},
						"1.5333": {
							"post": [-5.5475, -4.1, -1.7075],
							"lerp_mode": "catmullrom"
						},
						"1.6": {
							"post": [-5.5225, -4.335, -1.85],
							"lerp_mode": "catmullrom"
						},
						"1.7": {
							"post": [-4.3875, -3.5575, -1.9175],
							"lerp_mode": "catmullrom"
						},
						"1.7667": {
							"post": [-4.305, -2.605, -1.985],
							"lerp_mode": "catmullrom"
						},
						"1.8333": {
							"post": [-4.42, -2.5325, -2.005],
							"lerp_mode": "catmullrom"
						},
						"2.1333": {
							"post": [-4.385, -2.31, -1.9625],
							"lerp_mode": "catmullrom"
						},
						"2.3667": [-4.385, -2.1275, -1.9625],
						"2.5333": {
							"pre": [-4.42, -2.04, -2.02],
							"post": [-4.42, -2.04, -2.02],
							"lerp_mode": "catmullrom"
						},
						"2.7667": {
							"post": [-4.4275, -2.25, -2.035],
							"lerp_mode": "catmullrom"
						},
						"3.2": {
							"post": [-4.4375, -2.01, -2.055],
							"lerp_mode": "catmullrom"
						},
						"3.4333": {
							"post": [-4.415, -1.9675, -2.065],
							"lerp_mode": "catmullrom"
						},
						"3.5667": {
							"post": [-4.6975, -1.94, -2.15],
							"lerp_mode": "catmullrom"
						},
						"3.7": {
							"post": [-4.8525, -2.03, -2.065],
							"lerp_mode": "catmullrom"
						},
						"3.7667": {
							"post": [-4.415, -1.9675, -2.065],
							"lerp_mode": "catmullrom"
						},
						"3.8667": {
							"post": [-2.78, -0.6125, -2.0775],
							"lerp_mode": "catmullrom"
						},
						"3.9333": {
							"post": [-1.95, -0.295, -1.86],
							"lerp_mode": "catmullrom"
						},
						"4.0667": {
							"post": [-0.42, -0.1625, -1.115],
							"lerp_mode": "catmullrom"
						},
						"4.2667": {
							"post": [0, -0.12, 0.32],
							"lerp_mode": "catmullrom"
						},
						"4.4": {
							"post": [0, 0, -0.125],
							"lerp_mode": "catmullrom"
						},
						"4.5333": [0, 0, 0]
					}
				},
				"constraint": {
					"rotation": {
						"0.0": [0, 0, 0],
						"2.0333": [0, 0, 0],
						"2.2": [0.2, 0.2, 0.4]
					},
					"position": {
						"0.0": [0.02, 0.02, 0.02],
						"2.0333": [0.02, 0.02, 0.02],
						"2.2": [0.1, 0.1, 0.1]
					}
				},
				"righthand": {
					"rotation": [96.03823, -345.55669, -174.92734],
					"position": [-6.5, -14.4, -5.2],
					"scale": [1, 1.5, 1]
				},
				"lefthand": {
					"rotation": {
						"0.0": [93.51528, -21.77761, -185.62807],
						"0.1": [106.24222, -29.26263, -186.1537],
						"0.1333": [96.24222, -29.26263, -186.1537],
						"1.3667": [96.24222, -29.26263, -186.1537],
						"1.4333": {
							"pre": [96.9594, -36.08, -173.35684],
							"post": [96.9594, -36.08, -173.35684],
							"lerp_mode": "catmullrom"
						},
						"1.5": [87.88932, -38.05536, -172.71513],
						"1.6667": [118.28797, -21.60121, -244.52777],
						"1.8667": [74.33946, -45.38728, -125.22603],
						"1.9333": [75.0825, -36.87, -122.8],
						"2.0667": [106.11658, -31.37245, -202.43176],
						"2.1": [104.57209, -41.08299, -206.31732],
						"2.2333": [49.69831, -33.34136, -118.14995],
						"2.3": [54.97, -32.61, -125.0875],
						"2.4": [117.82876, -20.58954, -226.33883],
						"2.4333": [115.66407, -21.8197, -225.46707],
						"2.5667": [120.87, -17.76, -131.3525],
						"2.6333": [122.1742, -16.74547, -133.18622],
						"2.7667": [110.29, -29.7, -193.79],
						"3.3333": [109.68, -29.85, -188.42],
						"3.6333": [106.96, -30.5075, -164.26],
						"3.7667": [96.9594, -29.1425, -146.85684],
						"4.0667": [93.51528, -21.77761, -185.62807]
					},
					"position": {
						"0.0": [6.7, -14.7, -13.9],
						"0.1333": [6.7, -14.7, -13.9],
						"1.3667": [6.7, -14.7, -13.9],
						"1.4333": {
							"pre": [8.4187, -13.87, -13.8325],
							"post": [8.4187, -13.87, -13.8325],
							"lerp_mode": "catmullrom"
						},
						"1.5": {
							"post": [11.7975, -11.62, -11.42],
							"lerp_mode": "catmullrom"
						},
						"1.6667": {
							"post": [22.17, -9.8075, -9.2075],
							"lerp_mode": "catmullrom"
						},
						"1.9": [18.4825, -11.0575, -7.895],
						"2.0667": [22.9825, -17.0575, -9.5825],
						"2.2333": {
							"pre": [19.2325, -12.0575, -7.645],
							"post": [19.2325, -12.0575, -7.645],
							"lerp_mode": "catmullrom"
						},
						"2.4333": {
							"post": [20.6225, -16.6175, -7.4325],
							"lerp_mode": "catmullrom"
						},
						"2.6": {
							"post": [16.6675, -15.245, -5.0225],
							"lerp_mode": "catmullrom"
						},
						"2.7667": [17.04, -16.25, 6.75],
						"3.3333": [15.95, -16.43, 6.57],
						"3.6333": [11.04, -17.25, 5.75],
						"3.7667": [7.9187, -15.87, -10.02],
						"4.0667": [6.7, -14.7, -13.9]
					},
					"scale": {
						"0.0": [1, 1.5, 1],
						"4.0667": [1, 1.5, 1]
					}
				},
				"camera": {
					"rotation": {
						"0.0": [0, 0, 0],
						"0.0333": [0.04, 0.01, -0.02],
						"0.0667": [0.1, 0.02, -0.04],
						"0.1": [0.17, 0.03, -0.06],
						"0.1333": [0.25, 0.05, -0.1],
						"0.1667": [0.35, 0.06, -0.16],
						"0.2": [0.47, 0.08, -0.24],
						"0.2333": [0.67, 0.08, -0.39],
						"0.2667": [0.92, 0.09, -0.6],
						"0.3": [1.18, 0.1, -0.82],
						"0.3333": [1.4, 0.11, -1.01],
						"0.3667": {
							"pre": [1.54, 0.13, -1.12],
							"post": [1.54, 0.13, -1.12],
							"lerp_mode": "catmullrom"
						},
						"0.4667": {
							"post": [1.53, 0.2175, -1.15],
							"lerp_mode": "catmullrom"
						},
						"0.6": [1.57, 0.09, -1.15],
						"0.6333": [1.6, 0.04, -1.17],
						"0.6667": [1.63, 0, -1.19],
						"0.7": [1.65, -0.04, -1.19],
						"0.7333": [1.66, -0.06, -1.17],
						"0.7667": [1.64, -0.06, -1.15],
						"0.8": [1.59, -0.04, -1.11],
						"0.8333": [1.55, -0.01, -1.06],
						"0.8667": [1.54, 0.01, -1],
						"0.9": [1.58, 0.01, -0.92],
						"1.0333": [1.7475, -0.11, -0.82],
						"1.1333": {
							"pre": [1.7825, -0.125, -0.9225],
							"post": [1.7825, -0.125, -0.9225],
							"lerp_mode": "catmullrom"
						},
						"1.2667": [1.78, 0.0625, -0.9325],
						"1.3667": [1.8925, 0.01, -0.92],
						"1.5": {
							"pre": [2.78, -0.25, -3.745],
							"post": [2.78, -0.25, -3.745],
							"lerp_mode": "catmullrom"
						},
						"1.6": {
							"post": [2.34, -0.28, 1.345],
							"lerp_mode": "catmullrom"
						},
						"1.7": {
							"post": [1.445, -0.28, -2.0825],
							"lerp_mode": "catmullrom"
						},
						"1.8": {
							"post": [1.435, -0.24, 0.605],
							"lerp_mode": "catmullrom"
						},
						"1.9": {
							"post": [1.435, -0.12, -1.51],
							"lerp_mode": "catmullrom"
						},
						"2.0333": {
							"post": [1.435, -0.09, 0.245],
							"lerp_mode": "catmullrom"
						},
						"2.1333": {
							"post": [1.435, -0.12, -0.8225],
							"lerp_mode": "catmullrom"
						},
						"2.2333": {
							"post": [1.435, -0.09, 0],
							"lerp_mode": "catmullrom"
						},
						"2.3667": {
							"post": [1.415, -0.1, -0.4225],
							"lerp_mode": "catmullrom"
						},
						"2.4667": {
							"post": [1.39, -0.1, 0],
							"lerp_mode": "catmullrom"
						},
						"2.6667": {
							"post": [1.38, -0.1, -0.025],
							"lerp_mode": "catmullrom"
						},
						"2.9333": {
							"post": [1.37, -0.1, -0.12],
							"lerp_mode": "catmullrom"
						},
						"3.2": {
							"post": [1.35, -0.1, -0.42],
							"lerp_mode": "catmullrom"
						},
						"3.4333": {
							"post": [1.34, -0.1, -0.35],
							"lerp_mode": "catmullrom"
						},
						"3.5333": {
							"post": [1.34, -0.1, -0.35],
							"lerp_mode": "catmullrom"
						},
						"3.7": {
							"post": [1.44, -0.1, -0.35],
							"lerp_mode": "catmullrom"
						},
						"3.8": {
							"post": [1.835, -0.1, -0.3025],
							"lerp_mode": "catmullrom"
						},
						"3.9": {
							"post": [2.36366, -0.10464, -0.15498],
							"lerp_mode": "catmullrom"
						},
						"3.9667": {
							"post": [1.46, -0.11, -0.33],
							"lerp_mode": "catmullrom"
						},
						"4.0333": [0.42, -0.17, -0.18],
						"4.1": {
							"pre": [-0.17, -0.04, 0.2],
							"post": [-0.17, -0.04, 0.2],
							"lerp_mode": "catmullrom"
						},
						"4.1667": {
							"post": [0.16, 0, -0.29],
							"lerp_mode": "catmullrom"
						},
						"4.2667": {
							"post": [-0.12, 0, 0.08],
							"lerp_mode": "catmullrom"
						},
						"4.3333": [-0.08, 0, 0.06],
						"4.3667": [-0.03, 0, 0.02],
						"4.4": [0, 0, 0]
					}
				}
			},
			"sound_effects": {
				"0.0": {
					"effect": "swb2:cr2/cr2_reload_empty"
				}
			}
		},
		"run": {
			"loop": true,
			"animation_length": 0.6667,
			"override_previous_animation": true,
			"bones": {
				"lid2": {
					"rotation": {
						"0.0": [0, 0, -2],
						"0.0417": [0, 0, 0],
						"0.125": [0, 0, 0],
						"0.25": [0, 0, -4.75],
						"0.2917": [0, 0, -5.5],
						"0.375": [0, 0, 0],
						"0.4583": [0, 0, 0],
						"0.5833": [0, 0, -3.75],
						"0.625": [0, 0, -4],
						"0.6667": [0, 0, -2]
					}
				},
				"lid3": {
					"rotation": {
						"0.0": [0, 0, -2],
						"0.0417": [0, 0, 0],
						"0.125": [0, 0, 0],
						"0.25": [0, 0, -4.75],
						"0.2917": [0, 0, -5.5],
						"0.375": [0, 0, 0],
						"0.4583": [0, 0, 0],
						"0.5833": [0, 0, -3.75],
						"0.625": [0, 0, -4],
						"0.6667": [0, 0, -2]
					}
				},
				"gaiz": {
					"rotation": {
						"0.0": [0, 0, 0],
						"0.0833": [0, 0, 2.5],
						"0.1667": [0, 0, 0],
						"0.25": [0, 0, 2],
						"0.3333": [0, 0, 0],
						"0.4167": [0, 0, 3],
						"0.5": [0, 0, 0]
					}
				},
				"biaoc": {
					"rotation": {
						"0.0": [0, 0, 0],
						"0.0833": [-7.5, 0, 0],
						"0.1667": [0, 0, 0],
						"0.25": [-6.5, 0, 0],
						"0.3333": [0, 0, 0],
						"0.4167": [-5, 0, 0],
						"0.5417": [0, 0, 0]
					}
				},
				"cm2": {
					"scale": 0
				},
				"gaiz2": {
					"rotation": {
						"0.0": [0, 0, 0],
						"0.0833": [0, 0, 2.5],
						"0.1667": [0, 0, 0],
						"0.25": [0, 0, 2],
						"0.3333": [0, 0, 0],
						"0.4167": [0, 0, 3],
						"0.5": [0, 0, 0]
					}
				},
				"gaiz3": {
					"rotation": {
						"0.0": [0, 0, 0],
						"0.0833": [0, 0, 2.5],
						"0.1667": [0, 0, 0],
						"0.25": [0, 0, 2],
						"0.3333": [0, 0, 0],
						"0.4167": [0, 0, 3],
						"0.5": [0, 0, 0]
					}
				},
				"bullet": {
					"position": {
						"0.0833": [0, 0, 0],
						"0.25": [0, 0.125, 0],
						"0.3333": [0, 0, 0],
						"0.4167": [0, 0, 0],
						"0.5833": [0, -0.1875, 0],
						"0.6667": [0, 0, 0]
					}
				},
				"root": {
					"rotation": {
						"0.0": {
							"post": [17.93008, -40.72977, -0.58038],
							"lerp_mode": "catmullrom"
						},
						"0.25": {
							"post": [23.7753, -51.16211, -3.84351],
							"lerp_mode": "catmullrom"
						},
						"0.375": {
							"post": [17.06944, -53.54209, 4.22608],
							"lerp_mode": "catmullrom"
						},
						"0.5417": {
							"post": [19.24135, -41.36651, 0.44127],
							"lerp_mode": "catmullrom"
						},
						"0.6667": {
							"post": [17.93008, -40.72977, -0.58038],
							"lerp_mode": "catmullrom"
						}
					},
					"position": {
						"0.0": {
							"post": [4.315, -2.515, 3.2675],
							"lerp_mode": "catmullrom"
						},
						"0.125": {
							"post": [5.6125, -1.8325, 3.5725],
							"lerp_mode": "catmullrom"
						},
						"0.2083": {
							"post": [5.94, -1.8125, 3.5625],
							"lerp_mode": "catmullrom"
						},
						"0.25": {
							"post": [5.71, -2.515, 3.56],
							"lerp_mode": "catmullrom"
						},
						"0.3333": {
							"post": [4.845, -2.8125, 3.5625],
							"lerp_mode": "catmullrom"
						},
						"0.4583": {
							"post": [3, -1.8125, 3.5625],
							"lerp_mode": "catmullrom"
						},
						"0.5417": {
							"post": [3.125, -1.9375, 3.5625],
							"lerp_mode": "catmullrom"
						},
						"0.6667": {
							"post": [4.315, -2.515, 3.2675],
							"lerp_mode": "catmullrom"
						}
					}
				}
			}
		},
		"run_start": {
			"animation_length": 0.5,
			"bones": {
				"root": {
					"rotation": {
						"0.0": {
							"post": [0, 0, 0],
							"lerp_mode": "catmullrom"
						},
						"0.1667": {
							"post": [0.9, -8.19, 3.38],
							"lerp_mode": "catmullrom"
						},
						"0.3333": {
							"post": [14.21161, -32.4311, 11.44377],
							"lerp_mode": "catmullrom"
						},
						"0.5": {
							"post": [17.93008, -40.72977, -0.58038],
							"lerp_mode": "catmullrom"
						}
					},
					"position": {
						"0.0": {
							"post": [0, 0, 0],
							"lerp_mode": "catmullrom"
						},
						"0.1667": {
							"post": [0.1875, 0, 0.375],
							"lerp_mode": "catmullrom"
						},
						"0.3333": {
							"post": [2.7785, -1.75, 2.625],
							"lerp_mode": "catmullrom"
						},
						"0.5": {
							"post": [4.315, -2.515, 3.2675],
							"lerp_mode": "catmullrom"
						}
					}
				}
			}
		},
		"run_hold": {
			"loop": true,
			"bones": {
				"root": {
					"rotation": {
						"0.0": {
							"post": [17.93008, -40.72977, -0.58038],
							"lerp_mode": "catmullrom"
						}
					},
					"position": {
						"0.0": {
							"post": [4.315, -2.515, 3.2675],
							"lerp_mode": "catmullrom"
						}
					}
				}
			}
		}
	}
}