{
	"format_version": "1.8.0",
	"animations": {
		"shoot": {
			"animation_length": 0.6667,
			"bones": {
				"slide": {
					"position": {
						"0.0": {
							"post": [0, 0, 0],
							"lerp_mode": "catmullrom"
						},
						"0.0417": [0, 0, 2],
						"0.0833": [0, 0, 2.005],
						"0.125": {
							"pre": [0, 0, 0],
							"post": [0, 0, 0],
							"lerp_mode": "catmullrom"
						}
					}
				},
				"barrel": {
					"rotation": {
						"0.0": [0, 0, 0],
						"0.0417": [-3.005, 0, 0],
						"0.0833": [-3, 0, 0],
						"0.125": [0, 0, 0]
					},
					"position": {
						"0.0": [0, 0, 0],
						"0.0417": [0, -0.125, 0.375],
						"0.0833": [0, -0.125, 0.375],
						"0.125": [0, 0, 0]
					}
				},
				"root": {
					"rotation": {
						"0.0": {
							"post": [0, 0, 0],
							"lerp_mode": "catmullrom"
						},
						"0.0417": {
							"post": [-12, -1.30704, -2],
							"lerp_mode": "catmullrom"
						},
						"0.0833": {
							"post": [-7, 0, 0],
							"lerp_mode": "catmullrom"
						},
						"0.125": {
							"post": [1.71751, -0.98521, -1.02186],
							"lerp_mode": "catmullrom"
						},
						"0.2083": {
							"post": [-1.1, 0.2, 0],
							"lerp_mode": "catmullrom"
						},
						"0.2917": {
							"post": [1.23707, -0.09694, 0.24998],
							"lerp_mode": "catmullrom"
						},
						"0.4167": {
							"post": [0.05, 0.13, 0.1],
							"lerp_mode": "catmullrom"
						},
						"0.5833": {
							"post": [0, 0, 0],
							"lerp_mode": "catmullrom"
						}
					},
					"position": {
						"0.0": {
							"post": [0, 0, 0],
							"lerp_mode": "catmullrom"
						},
						"0.0417": {
							"post": [0, 0.25, 0.6625],
							"lerp_mode": "catmullrom"
						},
						"0.0833": {
							"post": [0, 0.285, 1.1875],
							"lerp_mode": "catmullrom"
						},
						"0.1667": {
							"post": [0, 0.1125, 0.45],
							"lerp_mode": "catmullrom"
						},
						"0.2083": {
							"post": [0, 0, 0.075],
							"lerp_mode": "catmullrom"
						},
						"0.2917": {
							"post": [0, -0.1, 0.075],
							"lerp_mode": "catmullrom"
						},
						"0.375": {
							"post": [0.0125, -0.025, 0.125],
							"lerp_mode": "catmullrom"
						},
						"0.5": {
							"post": [0, -0.005, -0.015],
							"lerp_mode": "catmullrom"
						},
						"0.6667": {
							"post": [0, 0, 0],
							"lerp_mode": "catmullrom"
						}
					}
				},
				"constraint": {
					"rotation": [0.25, 0.5, 0.5],
					"position": [0.25, 0.35, 0.35]
				},
				"camera": {
					"rotation": {
						"0.0": {
							"post": [0, 0, 0],
							"lerp_mode": "catmullrom"
						},
						"0.0417": {
							"post": [0, 0, 1.025],
							"lerp_mode": "catmullrom"
						},
						"0.0833": {
							"post": [0, 0, -0.7],
							"lerp_mode": "catmullrom"
						},
						"0.125": {
							"post": [0, 0, 0.6],
							"lerp_mode": "catmullrom"
						},
						"0.1667": {
							"post": [0, 0, -0.3],
							"lerp_mode": "catmullrom"
						},
						"0.25": {
							"post": [0, 0, 0.35],
							"lerp_mode": "catmullrom"
						},
						"0.3333": {
							"post": [0, 0, -0.15],
							"lerp_mode": "catmullrom"
						},
						"0.4583": {
							"post": [0, 0, 0],
							"lerp_mode": "catmullrom"
						}
					}
				}
			}
		},
		"static_idle": {
			"loop": "hold_on_last_frame",
			"animation_length": 0.0667,
			"bones": {
				"root": {
					"rotation": [0, 0, 0],
					"position": [0, 0, 0]
				},
				"lefthand": {
					"rotation": [-77.29, -168.44, -0.67],
					"position": [7.66, -17.5, 8.58],
					"scale": 0
				},
				"constraint": {
					"rotation": [0.2, 0.2, 0.2],
					"position": [0.025, 0.2, 0.2]
				},
				"righthand": {
					"rotation": [-83.42, 173.71, 3.34],
					"position": [-6.74, -15.83, 8.6],
					"scale": [1, 1.5, 1]
				},
				"camera": {
					"rotation": [0, 0, 0]
				}
			}
		},
		"draw": {
			"animation_length": 0.7083,
			"bones": {
				"root": {
					"rotation": {
						"0.0": [47.5, 0, 0],
						"0.0333": [40.9, -0.67, 0.98],
						"0.0667": [31.19, -1.67, 2.45],
						"0.1": [19.98, -2.83, 4.13],
						"0.1333": [8.86, -3.92, 5.74],
						"0.1667": [-0.57, -4.78, 7],
						"0.2": [-6.71, -5.19, 7.62],
						"0.2333": [-9.2, -4.82, 7.14],
						"0.2667": [-6.83, -3.71, 5.61],
						"0.3": [-2.75, -2.42, 3.8],
						"0.3333": [-0.07, -1.5, 2.5],
						"0.3667": [0.83, -0.76, 1.38],
						"0.4": [1.11, -0.29, 0.62],
						"0.4333": [1.08, 0, 0],
						"0.4667": [0.59, -0.16, -0.1],
						"0.5": [-0.1, -0.49, -0.05],
						"0.5333": [-0.55, -0.66, 0],
						"0.5667": [-0.57, -0.6, 0],
						"0.6": [-0.46, -0.46, 0],
						"0.6333": [-0.28, -0.28, 0],
						"0.6667": [-0.11, -0.11, 0],
						"0.7": [0, 0, 0]
					},
					"position": {
						"0.0": [-4.5, -9.45, 4.05],
						"0.0333": [-4.8, -4.57, 3.06],
						"0.0667": [-4.58, -2.43, 1.8],
						"0.1": [-4.24, -2.07, 1.51],
						"0.1333": [-3.76, -1.75, 1.21],
						"0.1667": [-3.18, -1.45, 0.9],
						"0.2": [-2.55, -1.19, 0.59],
						"0.2333": [-1.92, -0.95, 0.31],
						"0.2667": [-1.33, -0.75, 0.05],
						"0.3": [-0.82, -0.57, -0.15],
						"0.3333": [-0.45, -0.41, -0.3],
						"0.3667": [-0.11, -0.25, -0.39],
						"0.4": [0.03, -0.18, -0.34],
						"0.4333": [0.06, -0.17, -0.21],
						"0.4667": [0.03, -0.18, -0.08],
						"0.5": [0.04, -0.16, 0],
						"0.5333": [0.06, -0.13, 0.02],
						"0.5667": [0.06, -0.1, 0.02],
						"0.6": [0.05, -0.07, 0.02],
						"0.6333": [0.03, -0.04, 0.01],
						"0.6667": [0.01, -0.02, 0],
						"0.7": [0, 0, 0]
					}
				},
				"lefthand": {
					"rotation": {
						"0.2": [-77.289, -168.441, -0.675],
						"0.2333": [-77.289, -168.441, -0.675],
						"0.2667": [-77.289, -168.441, -0.675],
						"0.3": [-77.289, -168.441, -0.675],
						"0.3333": [-77.289, -168.441, -0.675]
					},
					"position": {
						"0.2": [12.631, -19.697, 0.58],
						"0.2333": [11.38725, -19.147, 0.58],
						"0.2667": [10.1435, -18.597, 0.58],
						"0.3": [8.89975, -18.047, 0.58],
						"0.3333": [7.656, -17.497, 0.58]
					},
					"scale": 0
				},
				"righthand": {
					"rotation": [-83.42, 173.71, 3.34],
					"position": [-6.74, -15.83, 8.6],
					"scale": [1, 1.5, 1]
				},
				"camera": {
					"rotation": {
						"0.0": {
							"post": [0, 0, 0],
							"lerp_mode": "catmullrom"
						},
						"0.0333": {
							"post": [0.1388, -0.03628, 0.05516],
							"lerp_mode": "catmullrom"
						},
						"0.0667": {
							"post": [0.34861, -0.09167, 0.13819],
							"lerp_mode": "catmullrom"
						},
						"0.1": {
							"post": [0.58828, -0.15469, 0.2332],
							"lerp_mode": "catmullrom"
						},
						"0.1333": {
							"post": [0.81667, -0.21389, 0.32431],
							"lerp_mode": "catmullrom"
						},
						"0.1667": {
							"post": [0.99262, -0.25781, 0.39562],
							"lerp_mode": "catmullrom"
						},
						"0.2": {
							"post": [1.075, -0.275, 0.43125],
							"lerp_mode": "catmullrom"
						},
						"0.2333": {
							"post": [1.0256, -0.2508, 0.4198],
							"lerp_mode": "catmullrom"
						},
						"0.2667": {
							"post": [0.8628, -0.1914, 0.36765],
							"lerp_mode": "catmullrom"
						},
						"0.3": {
							"post": [0.64345, -0.1166, 0.2931],
							"lerp_mode": "catmullrom"
						},
						"0.3333": {
							"post": [0.4244, -0.0462, 0.21445],
							"lerp_mode": "catmullrom"
						},
						"0.3667": {
							"post": [0.2625, 0, 0.15],
							"lerp_mode": "catmullrom"
						},
						"0.4": {
							"post": [0.04063, 0.01719, 0.00781],
							"lerp_mode": "catmullrom"
						},
						"0.4333": {
							"post": [-0.06875, 0, -0.08125],
							"lerp_mode": "catmullrom"
						},
						"0.4667": {
							"post": [-0.07383, 0, -0.06685],
							"lerp_mode": "catmullrom"
						},
						"0.5": {
							"post": [-0.04453, 0, -0.01992],
							"lerp_mode": "catmullrom"
						},
						"0.5333": {
							"post": [-0.00547, 0, 0.03228],
							"lerp_mode": "catmullrom"
						},
						"0.5667": {
							"post": [0.01875, 0, 0.0625],
							"lerp_mode": "catmullrom"
						},
						"0.6": {
							"post": [0.02109, 0, 0.05991],
							"lerp_mode": "catmullrom"
						},
						"0.6333": {
							"post": [0.01484, 0, 0.04023],
							"lerp_mode": "catmullrom"
						},
						"0.6667": {
							"post": [0.00586, 0, 0.01606],
							"lerp_mode": "catmullrom"
						},
						"0.7": {
							"post": [0, 0, 0],
							"lerp_mode": "catmullrom"
						}
					}
				}
			},
			"sound_effects": {
				"0.0": {
					"effect": "p24_pi_golf17_stockskel_raise"
				}
			}
		},
		"put_away": {
			"loop": "hold_on_last_frame",
			"animation_length": 0.4,
			"bones": {
				"root": {
					"rotation": {
						"0.0": [0, 0, 0],
						"0.0333": [0.94, -2.19, 3.47],
						"0.0667": [2.19, -5.68, 8.26],
						"0.1": [3.49, -10.71, 13.72],
						"0.1333": [4.6, -16.14, 18.77],
						"0.1667": [5.06, -20.55, 21.58],
						"0.2": [5.29, -25.06, 23.73],
						"0.2333": [5.56, -30.57, 26.35],
						"0.2667": [5.79, -36.3, 28.92],
						"0.3": [5.99, -41.91, 31.34],
						"0.3333": [6.15, -47.04, 33.52],
						"0.3667": [6.3, -51.41, 35.41],
						"0.4": [6.4, -54.44, 36.73]
					},
					"position": {
						"0.0": [0, 0, 0],
						"0.0333": [-0.34, 0.02, 0.04],
						"0.0667": [-0.85, -0.05, 0.14],
						"0.1": [-1.52, -0.38, 0.33],
						"0.1333": [-2.24, -0.85, 0.65],
						"0.1667": [-2.82, -1.4, 1.24],
						"0.2": [-3.41, -2.08, 1.81],
						"0.2333": [-4.13, -2.96, 2.02],
						"0.2667": [-4.88, -3.9, 2.2],
						"0.3": [-5.61, -4.81, 2.62],
						"0.3333": [-6.27, -5.65, 3.08],
						"0.3667": [-6.84, -6.36, 3.43],
						"0.4": [-7.24, -6.85, 3.68]
					}
				},
				"lefthand": {
					"rotation": {
						"0.0": [-77.29, -168.44, -0.67],
						"0.0333": [-77.29, -168.44, -0.67],
						"0.0667": [-67.66, -164.59, -17.72],
						"0.1": [-58.04, -160.74, -34.77]
					},
					"position": {
						"0.0": [7.66, -17.5, 0.58],
						"0.0333": [7.66, -17.5, 0.58],
						"0.0667": [9.53, -17.46, 0.39],
						"0.1": [11.4, -17.43, 0.21],
						"0.1333": [13.27, -17.4, 0.02],
						"0.1667": [14.73, -18.22, -0.3],
						"0.2": [16.2, -19.04, -0.63],
						"0.2333": [17.66, -19.85, -0.96]
					},
					"scale": 0
				},
				"righthand": {
					"rotation": [-83.42, 173.71, 3.34],
					"position": [-6.74, -15.83, 8.6],
					"scale": [1, 1.5, 1]
				},
				"camera": {
					"rotation": {
						"0.0": [0, 0, 0],
						"0.0333": [0.07, 0, 0.03],
						"0.0667": [0.18, 0, 0.08],
						"0.1": [0.29, 0, 0.13],
						"0.1333": [0.35, 0, 0.18],
						"0.1667": [0.34, 0, 0.26],
						"0.2": [0.28, 0, 0.35],
						"0.2333": [0.22, 0, 0.38],
						"0.2667": [0.16, 0, 0.31],
						"0.3": [0.1, 0, 0.2],
						"0.3333": [0.04, 0, 0.08],
						"0.3667": [0, 0, 0]
					}
				}
			}
		},
		"reload_tactical": {
			"animation_length": 1.7667,
			"bones": {
				"root": {
					"rotation": {
						"0.0": [0, 0, 0],
						"0.0333": [-4.8525, -0.99, -0.14],
						"0.1": [-9.0375, -2.45, -0.53],
						"0.2": {
							"pre": [-33.7675, -17.57, -5.5575],
							"post": [-33.7675, -17.57, -5.5575],
							"lerp_mode": "catmullrom"
						},
						"0.3": {
							"post": [-37.84679, -12.32475, -12.45073],
							"lerp_mode": "catmullrom"
						},
						"0.3667": {
							"post": [-38.765, -8.5, -7.5],
							"lerp_mode": "catmullrom"
						},
						"0.4333": {
							"post": [-39.0424, -10, -9.5],
							"lerp_mode": "catmullrom"
						},
						"0.5": {
							"post": [-40.355, -10, -8.5],
							"lerp_mode": "catmullrom"
						},
						"0.5667": {
							"post": [-40.90799, -10, -9.84939],
							"lerp_mode": "catmullrom"
						},
						"0.6333": {
							"post": [-40.675, -8.79, -9],
							"lerp_mode": "catmullrom"
						},
						"0.7": {
							"post": [-40.5, -9.71, -10],
							"lerp_mode": "catmullrom"
						},
						"0.7667": {
							"post": [-40.40146, -10.62596, -9],
							"lerp_mode": "catmullrom"
						},
						"0.8333": {
							"post": [-40.76582, -9.33383, -10],
							"lerp_mode": "catmullrom"
						},
						"0.9333": {
							"post": [-39.7125, -10.5825, -10.73],
							"lerp_mode": "catmullrom"
						},
						"0.9667": {
							"post": [-31.065, -9.5125, -11.0475],
							"lerp_mode": "catmullrom"
						},
						"1.0333": [-10.01, -0.63, -12.205],
						"1.1": [-3.97, 1.88, -11.1375],
						"1.1333": [-1.57, 2.05, -10.3675],
						"1.1667": [-0.65, 1.84, -8.49],
						"1.2": [0, 1.29, -6.12],
						"1.2667": [0.71, -0.04, -2.11],
						"1.3": [0.9, -0.45, -0.72],
						"1.3333": [0.67, -0.45, 0.33],
						"1.3667": [0.12, -0.18, 0.27],
						"1.4333": [0.05, -0.44, 0.985],
						"1.4667": [0.02, -0.32, 0.625],
						"1.6": {
							"pre": [-0.01, -0.09, 0.855],
							"post": [-0.01, -0.09, 0.855],
							"lerp_mode": "catmullrom"
						},
						"1.7": [0, 0, 0]
					},
					"position": {
						"0.0": [0, 0, 0],
						"0.0333": [-0.08, 0.05, -0.21],
						"0.1": {
							"pre": [-0.32, 1.065, -0.2925],
							"post": [-0.32, 1.065, -0.2925],
							"lerp_mode": "catmullrom"
						},
						"0.1667": {
							"post": [-0.975, 2.305, 0.09],
							"lerp_mode": "catmullrom"
						},
						"0.2333": {
							"post": [-1.875, 0.135, 1.07],
							"lerp_mode": "catmullrom"
						},
						"0.3": [-2.2225, -0.6875, 1.9875],
						"0.3333": [-2.4725, -0.775, 2.08],
						"0.3667": [-2.4825, -0.72, 2.245],
						"0.4333": [-2.5025, -0.7425, 2.025],
						"0.4667": [-2.5025, -0.6725, 1.935],
						"0.5": [-2.5025, -0.6225, 1.945],
						"0.5333": [-2.5025, -0.5825, 1.995],
						"0.6": [-2.5025, -0.5325, 2.005],
						"0.6333": [-2.5025, -0.5225, 1.985],
						"0.6667": [-2.5025, -0.5125, 1.955],
						"0.7": [-2.5025, -0.5025, 1.935],
						"0.7667": [-2.5025, -0.5325, 1.885],
						"0.9333": {
							"pre": [-1.74, 0.4625, -0.21],
							"post": [-1.74, 0.4625, -0.21],
							"lerp_mode": "catmullrom"
						},
						"1.0333": [-0.83, -0.87, -0.03],
						"1.1": [-0.42, -1.35, 0.26],
						"1.1333": [-0.3, -1.25, 0.03],
						"1.1667": [-0.22, -1.01, -0.35],
						"1.2": [-0.15, -0.81, -0.61],
						"1.2667": [-0.07, -0.72, -0.5],
						"1.3": [-0.05, -0.65, -0.31],
						"1.3333": [-0.02, -0.38, 0.19],
						"1.3667": [0, -0.12, 0.57],
						"1.4333": [0, -0.05, 0.15],
						"1.4667": [0, -0.04, -0.07],
						"1.5": [0, -0.02, -0.11],
						"1.5333": [0, -0.01, -0.07],
						"1.6": [0, 0, -0.02],
						"1.6333": [0, 0, -0.01],
						"1.6667": [0, 0, -0.01],
						"1.7": [0, 0, 0]
					}
				},
				"lefthand": {
					"rotation": [96.9594, -29.1425, -146.85684],
					"position": [8.4187, -17.87, 8.98],
					"scale": 0
				},
				"righthand": {
					"rotation": {
						"0.0": [-83.42, 173.71, 3.34],
						"0.2": [-83.42, 173.71, 3.34],
						"0.9667": [-83.42, 173.71, 3.34]
					},
					"position": {
						"0.0": [-6.74, -15.83, 8.6],
						"0.2": [-6.74, -16.33, 8.6],
						"0.3": [-7.74, -16.33, 8.6],
						"0.9333": [-7.74, -16.33, 8.6],
						"0.9667": [-6.74, -15.83, 8.6]
					},
					"scale": {
						"0.0": [1, 1.5, 1],
						"0.2": [1, 1.5, 1],
						"0.9667": [1, 1.5, 1]
					}
				},
				"camera": {
					"rotation": {
						"0.0": [0, 0, 0],
						"0.0333": [0.04, 0.01, -0.02],
						"0.1": [0.17, 0.03, -0.06],
						"0.1333": [0.25, 0.05, -0.1],
						"0.1667": [0.35, 0.06, -0.16],
						"0.2667": {
							"pre": [0.97, 0.08, -0.615],
							"post": [0.97, 0.08, -0.615],
							"lerp_mode": "catmullrom"
						},
						"0.3": {
							"post": [1.54, 0.13, -1.12],
							"lerp_mode": "catmullrom"
						},
						"0.4333": {
							"post": [1.53, -0.2825, -0.8375],
							"lerp_mode": "catmullrom"
						},
						"0.5333": {
							"post": [1.57, 0.09, -1.15],
							"lerp_mode": "catmullrom"
						},
						"0.7": {
							"post": [1.64, -0.31, -0.9],
							"lerp_mode": "catmullrom"
						},
						"0.8333": {
							"post": [1.58, 0.01, -1.2325],
							"lerp_mode": "catmullrom"
						},
						"0.9333": {
							"post": [1.6575, 0, -1.235],
							"lerp_mode": "catmullrom"
						},
						"1.0333": {
							"post": [1.82, -0.28, -1.395],
							"lerp_mode": "catmullrom"
						},
						"1.1667": {
							"post": [1.8025, -0.07, -0.92],
							"lerp_mode": "catmullrom"
						},
						"1.2667": {
							"post": [1.595, -0.01, -0.63],
							"lerp_mode": "catmullrom"
						},
						"1.3333": {
							"post": [1.22, -0.01, -0.505],
							"lerp_mode": "catmullrom"
						},
						"1.4333": [0.06, -0.09, 0.07],
						"1.4667": [-0.17, -0.04, 0.2],
						"1.5": [-0.1, 0, 0],
						"1.5333": [0.16, 0, -0.29],
						"1.6": [-0.03, 0, -0.05],
						"1.6333": [-0.12, 0, 0.08],
						"1.6667": [-0.11, 0, 0.09],
						"1.7": [-0.08, 0, 0.06],
						"1.7667": [0, 0, 0]
					}
				}
			},
			"sound_effects": {
				"0.0": {
					"effect": "swb2:dc17/dc17_reload_tactical"
				}
			}
		},
		"reload_empty": {
			"animation_length": 2.8,
			"bones": {
				"additional_magazine": {
					"rotation": {
						"0.9": [0, 0, 0],
						"0.9333": [0, 0, 0],
						"0.9667": [0, 0, 0],
						"1.0": [0, 0, 2.3],
						"1.0333": [0, 0, 4.6],
						"1.0667": [0, 0, 1.48],
						"1.1": [0, 0, -1.64],
						"1.1333": [0, 0, -4.76],
						"1.1667": [0, 0, -7.88],
						"1.2": [0, 0, -11],
						"1.2333": [0, 0, -11],
						"1.2667": [0, 0, -11],
						"1.3": [0, 0, -11],
						"1.3333": [0, 0, -11],
						"1.3667": [0, 0, -11],
						"1.4": [0, 0, -11],
						"1.4333": [0, 0, -11],
						"1.4667": [0, 0, -11],
						"1.5": [0, 0, -11],
						"1.5333": [5.52, -2.36, -16.7],
						"1.5667": [7.14, -6.86, -27.57],
						"1.6": [-1.55, -12.44, -41.07],
						"1.6333": [-14.51, -19.17, -57.34],
						"1.6667": [-24, -24, -69]
					},
					"position": {
						"0.9": [0, 0, 0],
						"0.9333": [0, -1.69, 0],
						"0.9667": [0, -3.37, 0],
						"1.0": [-0.36, -3.6, 0],
						"1.0333": [-0.72, -3.82, 0],
						"1.0667": [-1.07, -4.04, 0],
						"1.1": [-1.17, -3.91, 0],
						"1.1333": [-1.27, -3.78, 0],
						"1.1667": [-1.37, -3.65, 0],
						"1.2": [-1.47, -3.52, 0],
						"1.2333": [-1.57, -3.39, 0],
						"1.2667": [-1.66, -3.3, -0.05],
						"1.3": [-1.74, -3.21, -0.1],
						"1.3333": [-1.74, -2.02, -0.1],
						"1.3667": [-1.74, -0.82, -0.1],
						"1.4": [-1.74, -0.82, -0.1],
						"1.4333": [-1.74, -0.82, -0.1],
						"1.4667": [-1.74, -0.82, -0.1],
						"1.5": [-1.74, -0.82, -0.1],
						"1.5333": [-1.47, -3.29, 0.23],
						"1.5667": [-0.86, -5.03, 0.32],
						"1.6": [0.03, -7.33, 1.41],
						"1.6333": [2.13, -9.14, 5.07],
						"1.6667": [4.11, -10.65, 8.59]
					}
				},
				"mag_release": {
					"position": {
						"0.7667": [0, 0, 0],
						"0.8": [0.06, 0, 0],
						"0.8333": [0.13, 0, 0],
						"0.8667": [0.13, 0, 0],
						"0.9": [0.13, 0, 0],
						"0.9333": [0.13, 0, 0],
						"0.9667": [0.13, 0, 0],
						"1.0": [0.13, 0, 0],
						"1.0333": [0.13, 0, 0],
						"1.0667": [0.13, 0, 0],
						"1.1": [0.06, 0, 0],
						"1.1333": [0, 0, 0],
						"1.1667": [0, 0, 0],
						"1.2": [0, 0, 0],
						"1.2333": [0, 0, 0],
						"1.2667": [0, 0, 0],
						"1.3": [0, 0, 0],
						"1.3333": [0.06, 0, 0],
						"1.3667": [0.13, 0, 0],
						"1.4": [0.13, 0, 0],
						"1.4333": [0.13, 0, 0],
						"1.4667": [0.06, 0, 0],
						"1.5": [0, 0, 0]
					}
				},
				"root": {
					"rotation": {
						"0.0": [0, 0, 0],
						"0.0333": [-4.8525, -0.99, -0.14],
						"0.0667": [-9.0375, -2.45, -0.53],
						"0.2": {
							"pre": [-14.58, -10.0075, -9.6825],
							"post": [-14.58, -10.0075, -9.6825],
							"lerp_mode": "catmullrom"
						},
						"0.3": {
							"post": [-37.84679, -12.32475, -12.45073],
							"lerp_mode": "catmullrom"
						},
						"0.3333": [-41.15228, -12.43547, -12.00154],
						"0.3667": [-41.2, -11.78, -12.5925],
						"0.4": [-40.97, -10.98, -10.7025],
						"0.4333": [-40.92, -10.74, -10.9925],
						"0.4667": [-41.14, -10.78, -11.4925],
						"0.5": [-41.47, -10.92, -11.0625],
						"0.5333": [-41.92, -11.15, -10.3325],
						"0.5667": [-42.39, -11.36, -9.6425],
						"0.6": [-42.73, -11.43, -9.3425],
						"0.6333": [-42.92, -11.31, -9.5825],
						"0.6667": [-43.04, -11.04, -10.1525],
						"0.7": [-43.08, -10.76, -10.8725],
						"0.7333": [-43.05, -10.54, -11.5325],
						"0.8": {
							"pre": [-37.605, -29.4475, -27.11],
							"post": [-37.605, -29.4475, -27.11],
							"lerp_mode": "catmullrom"
						},
						"0.8667": [-29.62735, -11.17591, -0.63453],
						"0.9333": {
							"pre": [-24.6507, -0.0819, 12.68059],
							"post": [-24.6507, -0.0819, 12.68059],
							"lerp_mode": "catmullrom"
						},
						"1.0333": [-29.29174, -5.63614, 5.99941],
						"1.2": {
							"pre": [-33.96, -21.47, -20.92],
							"post": [-33.96, -21.47, -20.92],
							"lerp_mode": "catmullrom"
						},
						"1.3": {
							"post": [-34.63743, -23.08473, -15.65068],
							"lerp_mode": "catmullrom"
						},
						"1.4": {
							"post": [-34.73, -23.01, -17.95],
							"lerp_mode": "catmullrom"
						},
						"1.5333": {
							"post": [-34.63743, -23.08473, -18.65068],
							"lerp_mode": "catmullrom"
						},
						"1.7": {
							"post": [-34.37, -25.7, -18.345],
							"lerp_mode": "catmullrom"
						},
						"1.8333": {
							"post": [-34.85, -26.79, -20.21],
							"lerp_mode": "catmullrom"
						},
						"2.0": {
							"post": [-30.59, -25.39, -21.4025],
							"lerp_mode": "catmullrom"
						},
						"2.1333": {
							"post": [-10.01, -2.505, -16.705],
							"lerp_mode": "catmullrom"
						},
						"2.2333": [-1.57, 2.05, -10.3675],
						"2.2667": [-0.65, 1.84, -8.49],
						"2.3": [0, 1.29, -6.12],
						"2.3333": [0.43, 0.6, -3.95],
						"2.3667": [0.71, -0.04, -2.11],
						"2.4": [0.9, -0.45, -0.72],
						"2.4333": [0.67, -0.45, 0.33],
						"2.4667": [0.12, -0.18, 0.27],
						"2.5": [0.08, -0.49, 0.2675],
						"2.5333": [0.05, -0.44, 0.985],
						"2.5667": [0.02, -0.32, 0.625],
						"2.7": {
							"pre": [-0.01, -0.09, 0.855],
							"post": [-0.01, -0.09, 0.855],
							"lerp_mode": "catmullrom"
						},
						"2.8": [0, 0, 0]
					},
					"position": {
						"0.0": [0, 0, 0],
						"0.0333": [-0.08, 0.05, -0.21],
						"0.1": {
							"pre": [-0.32, 0.315, -0.73],
							"post": [-0.32, 0.315, -0.73],
							"lerp_mode": "catmullrom"
						},
						"0.1667": {
							"post": [-0.35, 1.055, -0.285],
							"lerp_mode": "catmullrom"
						},
						"0.2333": {
							"post": [-1.4375, 1.9475, 1.2575],
							"lerp_mode": "catmullrom"
						},
						"0.3": [-2.2225, -0.6875, 1.9875],
						"0.3333": [-2.285, -1.025, 2.08],
						"0.3667": [-2.2325, -1.095, 2.12],
						"0.4": [-2.2425, -1.1675, 2.02],
						"0.4333": [-2.2525, -1.1175, 1.9],
						"0.4667": [-2.2525, -1.0475, 1.81],
						"0.5": [-2.2525, -0.9975, 1.82],
						"0.5333": [-2.2525, -0.9575, 1.87],
						"0.5667": [-2.2525, -0.9275, 1.89],
						"0.6": [-2.2525, -0.9075, 1.88],
						"0.6333": [-2.2525, -0.8975, 1.86],
						"0.6667": [-2.2525, -0.8875, 1.83],
						"0.7": [-2.2525, -0.8775, 1.81],
						"0.7333": [-2.2525, -0.8875, 1.78],
						"0.8667": {
							"pre": [-1.94, -0.015, -0.22],
							"post": [-1.94, -0.015, -0.22],
							"lerp_mode": "catmullrom"
						},
						"0.9667": {
							"post": [-1.0275, 1.3975, 1.1425],
							"lerp_mode": "catmullrom"
						},
						"1.1333": {
							"post": [-1.4275, 1.8, 1.3775],
							"lerp_mode": "catmullrom"
						},
						"1.2667": {
							"post": [-1.94, 0.1, 0.77],
							"lerp_mode": "catmullrom"
						},
						"1.4": {
							"post": [-1.9, 0.12, 0.73],
							"lerp_mode": "catmullrom"
						},
						"1.5333": [-1.94, 0.1, 0.77],
						"1.7": {
							"pre": [-1.94, 0.1, 0.82],
							"post": [-1.94, 0.1, 0.82],
							"lerp_mode": "catmullrom"
						},
						"1.8333": {
							"post": [-1.77, 0.3, 1.23],
							"lerp_mode": "catmullrom"
						},
						"2.0": {
							"post": [-1.315, 0.0925, 0.76],
							"lerp_mode": "catmullrom"
						},
						"2.1333": {
							"post": [-0.83, -0.87, 0.1575],
							"lerp_mode": "catmullrom"
						},
						"2.2": {
							"post": [-0.42, -1.1625, -0.115],
							"lerp_mode": "catmullrom"
						},
						"2.2667": [-0.22, -1.01, -0.35],
						"2.3": [-0.15, -0.81, -0.61],
						"2.3333": [-0.1, -0.75, -0.62],
						"2.3667": [-0.07, -0.72, -0.5],
						"2.4": [-0.05, -0.65, -0.31],
						"2.4333": [-0.02, -0.38, 0.19],
						"2.4667": [0, -0.12, 0.57],
						"2.5": [0, -0.06, 0.45],
						"2.5333": [0, -0.05, 0.15],
						"2.5667": [0, -0.04, -0.07],
						"2.6": [0, -0.02, -0.11],
						"2.6333": [0, -0.01, -0.07],
						"2.6667": [0, 0, -0.03],
						"2.7": [0, 0, -0.02],
						"2.7333": [0, 0, -0.01],
						"2.7667": [0, 0, -0.01],
						"2.8": [0, 0, 0]
					}
				},
				"lefthand": {
					"rotation": [96.9594, -29.1425, -146.85684],
					"position": [8.4187, -17.87, 8.98],
					"scale": 0
				},
				"constraint": {
					"rotation": {
						"0.0": [0, 0, 0],
						"2.0333": [0, 0, 0],
						"2.2": [0.2, 0.2, 0.4]
					},
					"position": {
						"0.0": [0.02, 0.02, 0.02],
						"2.0333": [0.02, 0.02, 0.02],
						"2.2": [0.1, 0.1, 0.1]
					}
				},
				"righthand": {
					"rotation": {
						"0.0": [-83.42, 173.71, 3.34],
						"0.2": [-83.42, 173.71, 3.34],
						"0.8667": [-83.42, 173.71, 3.34],
						"1.0333": [-83.42, 173.71, 3.34],
						"2.1": [-83.42, 173.71, 3.34]
					},
					"position": {
						"0.0": [-6.74, -15.83, 8.6],
						"0.2": [-6.74, -16.33, 8.6],
						"0.3": [-7.74, -16.33, 8.6],
						"0.8": [-7.74, -16.33, 8.6],
						"0.8667": [-6.74, -16.33, 8.6],
						"1.0333": [-6.74, -16.33, 8.6],
						"1.1": [-7.74, -16.33, 8.6],
						"1.9333": [-7.74, -16.33, 8.6],
						"2.1": [-6.74, -15.83, 8.6]
					},
					"scale": {
						"0.0": [1, 1.5, 1],
						"0.2": [1, 1.5, 1],
						"0.8667": [1, 1.5, 1],
						"1.0333": [1, 1.5, 1],
						"2.1": [1, 1.5, 1]
					}
				},
				"camera": {
					"rotation": {
						"0.0": [0, 0, 0],
						"0.0333": [0.04, 0.01, -0.02],
						"0.0667": [0.1, 0.02, -0.04],
						"0.1": [0.17, 0.03, -0.06],
						"0.1333": [0.25, 0.05, -0.1],
						"0.1667": [0.35, 0.06, -0.16],
						"0.2": [0.47, 0.08, -0.24],
						"0.2333": [0.67, 0.08, -0.39],
						"0.2667": [0.92, 0.09, -0.6],
						"0.3": [1.18, 0.1, -0.82],
						"0.3333": [1.4, 0.11, -1.01],
						"0.3667": [1.54, 0.13, -1.12],
						"0.4": [1.53, 0.18, -1.12],
						"0.4333": [1.38, 0.24, -0.98],
						"0.4667": [1.28, 0.28, -0.9],
						"0.5": [1.33, 0.25, -0.95],
						"0.5333": [1.44, 0.19, -1.05],
						"0.5667": [1.54, 0.13, -1.12],
						"0.6": [1.57, 0.09, -1.15],
						"0.6333": [1.6, 0.04, -1.17],
						"0.6667": [1.63, 0, -1.19],
						"0.7": [1.65, -0.04, -1.19],
						"0.7333": [1.66, -0.06, -1.17],
						"0.8": [0.9725, 1.315, -4.17],
						"0.8667": [1.885, 0.1275, 0.0175],
						"0.9667": [1.78, 0.835, -1.9875],
						"1.0667": {
							"pre": [1.75, -0.6125, 0.495],
							"post": [1.75, -0.6125, 0.495],
							"lerp_mode": "catmullrom"
						},
						"1.1667": {
							"post": [1.72, -0.05, -1.235],
							"lerp_mode": "catmullrom"
						},
						"1.2667": [1.64, -0.06, -0.17],
						"1.4": {
							"pre": [2.015, -0.06, -0.162],
							"post": [2.015, -0.06, -0.162],
							"lerp_mode": "catmullrom"
						},
						"1.6": [1.64, -0.06, -0.15],
						"1.6333": [1.59, -0.04, -0.11],
						"1.6667": [1.55, -0.01, -0.06],
						"1.7333": [1.58, 0.01, -0.2325],
						"1.8": {
							"pre": [2.06, -0.11, -0.57],
							"post": [2.06, -0.11, -0.57],
							"lerp_mode": "catmullrom"
						},
						"1.9": {
							"post": [2.42, -0.27, -0.46],
							"lerp_mode": "catmullrom"
						},
						"2.0": {
							"post": [2.4, -0.28, -0.51],
							"lerp_mode": "catmullrom"
						},
						"2.1": [1.86, -0.18, -0.775],
						"2.2": {
							"pre": [1.21, 0.01, -0.7925],
							"post": [1.21, 0.01, -0.7925],
							"lerp_mode": "catmullrom"
						},
						"2.2667": {
							"post": [0.7475, -0.09, -0.38],
							"lerp_mode": "catmullrom"
						},
						"2.3333": [0.42, -0.17, -0.18],
						"2.3667": [0.06, -0.09, 0.07],
						"2.4": [-0.17, -0.04, 0.2],
						"2.4333": [-0.1, 0, 0],
						"2.4667": [0.16, 0, -0.29],
						"2.5": [0.1, 0, -0.22],
						"2.5333": [-0.03, 0, -0.05],
						"2.5667": [-0.12, 0, 0.08],
						"2.6": [-0.11, 0, 0.09],
						"2.6333": [-0.08, 0, 0.06],
						"2.6667": [-0.03, 0, 0.02],
						"2.7": [0, 0, 0]
					}
				}
			},
			"sound_effects": {
				"0.0": {
					"effect": "swb2:dc17/dc17_reload_tactical"
				},
				"0.9": {
					"effect": "swb2:dc17/dc17_reload_empty3"
				},
				"2.0667": {
					"effect": "swb2:dc17/dc17_reload_empty4"
				}
			}
		},
		"inspect": {
			"animation_length": 6.5,
			"bones": {
				"bullet": {
					"scale": 0
				},
				"main": {
					"rotation": {
						"2.2": {
							"pre": [0, 0, 0],
							"post": [0, 0, 0],
							"lerp_mode": "catmullrom"
						},
						"2.4": {
							"post": [-0.84, 8.57, 15.89],
							"lerp_mode": "catmullrom"
						},
						"2.55": {
							"post": [-1.44014, 14.68286, 27.51944],
							"lerp_mode": "catmullrom"
						},
						"2.9": {
							"post": [0.3847, 15.80549, 33.54395],
							"lerp_mode": "catmullrom"
						},
						"3.3": {
							"post": [-0.62866, 17.11563, 33.08116],
							"lerp_mode": "catmullrom"
						},
						"3.6": {
							"post": [-0.65248, 15.53765, 32.19561],
							"lerp_mode": "catmullrom"
						},
						"3.8": {
							"post": [-0.73445, 13.2648, 31.77578],
							"lerp_mode": "catmullrom"
						},
						"3.9": {
							"post": [-0.9, 8.14, 16.33],
							"lerp_mode": "catmullrom"
						},
						"4.05": {
							"post": [0, 0, 0],
							"lerp_mode": "catmullrom"
						}
					},
					"position": {
						"2.2": {
							"pre": [0, 0, 0],
							"post": [0, 0, 0],
							"lerp_mode": "catmullrom"
						},
						"2.35": {
							"post": [-0.216, 0.26193, 0.30274],
							"lerp_mode": "catmullrom"
						},
						"2.5": {
							"post": [-1.04729, -0.40442, 1.56498],
							"lerp_mode": "catmullrom"
						},
						"2.65": {
							"post": [-1.55596, -0.68972, 2.36642],
							"lerp_mode": "catmullrom"
						},
						"2.95": {
							"post": [-1.56803, -0.60607, 2.38997],
							"lerp_mode": "catmullrom"
						},
						"3.2": {
							"post": [-1.53577, -0.57531, 2.36734],
							"lerp_mode": "catmullrom"
						},
						"3.6": {
							"post": [-1.47957, -0.57466, 2.29538],
							"lerp_mode": "catmullrom"
						},
						"3.8": {
							"post": [-1.29125, -0.58407, 1.92015],
							"lerp_mode": "catmullrom"
						},
						"3.9": {
							"post": [-0.715, -0.225, 1.09],
							"lerp_mode": "catmullrom"
						},
						"4.05": {
							"post": [0, 0, 0],
							"lerp_mode": "catmullrom"
						}
					}
				},
				"slide": {
					"position": {
						"4.75": [0, 0, 0],
						"4.85": [0, 0, 0.665],
						"5.6": [0, 0, 0.665],
						"5.65": [0, 0, 0]
					}
				},
				"additional_magazine": {
					"scale": 0
				},
				"root": {
					"rotation": {
						"0.0": {
							"post": [0, 0, 0],
							"lerp_mode": "catmullrom"
						},
						"0.15": {
							"post": [1.41878, -32.6402, -30.55741],
							"lerp_mode": "catmullrom"
						},
						"0.3": {
							"post": [17.13043, -59.61932, -72.33833],
							"lerp_mode": "catmullrom"
						},
						"0.45": {
							"post": [28.975, -60.035, -87.94],
							"lerp_mode": "catmullrom"
						},
						"0.7": {
							"post": [30.92412, -59.90293, -87.91478],
							"lerp_mode": "catmullrom"
						},
						"1.05": {
							"post": [31.77, -60.36, -89.09],
							"lerp_mode": "catmullrom"
						},
						"1.25": {
							"post": [39.31625, -57.06039, -98.29279],
							"lerp_mode": "catmullrom"
						},
						"1.55": {
							"post": [37.75361, -58.30658, -96.72799],
							"lerp_mode": "catmullrom"
						},
						"1.9": {
							"post": [35.22935, -59.1162, -92.88548],
							"lerp_mode": "catmullrom"
						},
						"2.1": [6.69829, -58.01955, -54.35519],
						"2.2": [6.7, -58.02, -54.36],
						"2.25": [9.51803, -57.59611, -59.46144],
						"2.35": [4.71708, -58.13496, -52.02431],
						"3.4": [6.7, -58.02, -54.36],
						"4.05": [14.14703, -51.26744, -67.44698],
						"4.15": [14.15, -51.27, -67.45],
						"4.2": [-4.54367, -52.27001, -47.25437],
						"4.25": [8.03457, -51.34164, -59.11783],
						"4.35": [2.68002, -49.48579, -49.96644],
						"4.55": {
							"pre": [-27.82, 1.15, 29.9],
							"post": [-27.82, 1.15, 29.9],
							"lerp_mode": "catmullrom"
						},
						"4.75": {
							"post": [-31.8039, 22.54549, 56.40903],
							"lerp_mode": "catmullrom"
						},
						"4.95": {
							"post": [-32.99961, 23.28401, 54.00322],
							"lerp_mode": "catmullrom"
						},
						"5.4": {
							"post": [-32.99961, 23.28401, 54.00322],
							"lerp_mode": "catmullrom"
						},
						"5.55": {
							"post": [-32.84254, 18.54723, 47.52632],
							"lerp_mode": "catmullrom"
						},
						"5.65": {
							"post": [-21.10227, 5.50861, 30.65951],
							"lerp_mode": "catmullrom"
						},
						"5.85": {
							"post": [0.975, 0, 5.025],
							"lerp_mode": "catmullrom"
						},
						"5.95": {
							"post": [0.975, 0.975, -1.475],
							"lerp_mode": "catmullrom"
						},
						"6.05": {
							"post": [0, -0.975, 0.975],
							"lerp_mode": "catmullrom"
						},
						"6.2": {
							"post": [0, 0, -0.5],
							"lerp_mode": "catmullrom"
						},
						"6.4": {
							"post": [0, 0, 0],
							"lerp_mode": "catmullrom"
						}
					},
					"position": {
						"0.0": {
							"post": [0, 0, 0],
							"lerp_mode": "catmullrom"
						},
						"0.1": {
							"post": [0.025, 0.22, -0.1925],
							"lerp_mode": "catmullrom"
						},
						"0.3": {
							"post": [-0.4375, 0.8625, -0.6125],
							"lerp_mode": "catmullrom"
						},
						"0.45": {
							"post": [0.225, 1.225, -0.8],
							"lerp_mode": "catmullrom"
						},
						"0.65": {
							"post": [0.075, 1.1875, -0.9],
							"lerp_mode": "catmullrom"
						},
						"1.0": {
							"post": [0.15, 1.3625, -0.9],
							"lerp_mode": "catmullrom"
						},
						"1.2": {
							"post": [0.15, 1.6025, -0.9625],
							"lerp_mode": "catmullrom"
						},
						"1.55": {
							"post": [0.1, 1.7175, -0.9625],
							"lerp_mode": "catmullrom"
						},
						"1.9": {
							"post": [0.1, 1.6575, -0.96],
							"lerp_mode": "catmullrom"
						},
						"2.05": {
							"post": [-0.15, 0.48, -0.6475],
							"lerp_mode": "catmullrom"
						},
						"2.25": {
							"post": [-0.36885, 0.68672, -0.645],
							"lerp_mode": "catmullrom"
						},
						"2.5": {
							"post": [-0.37589, 0.55953, -0.645],
							"lerp_mode": "catmullrom"
						},
						"3.15": {
							"post": [-0.37062, 0.54409, -0.65],
							"lerp_mode": "catmullrom"
						},
						"3.8": {
							"post": [-0.50089, 0.55953, -0.645],
							"lerp_mode": "catmullrom"
						},
						"4.05": [-1.1, 1.23, -0.595],
						"4.15": [-1, 1.0925, -0.595],
						"4.2": [-0.75533, 0.1831, -0.595],
						"4.3": [-0.98034, 0.33898, -0.595],
						"4.4": [-1.20183, -0.13746, -0.39],
						"4.55": {
							"pre": [-0.7075, 0.0325, 0.25],
							"post": [-0.7075, 0.0325, 0.25],
							"lerp_mode": "catmullrom"
						},
						"4.65": {
							"post": [0.37103, 0.05433, 0.58],
							"lerp_mode": "catmullrom"
						},
						"4.95": {
							"post": [0.39647, -0.01895, 0.455],
							"lerp_mode": "catmullrom"
						},
						"5.4": {
							"post": [0.39647, -0.01895, 0.455],
							"lerp_mode": "catmullrom"
						},
						"5.55": {
							"post": [0.37103, 0.05433, 0.205],
							"lerp_mode": "catmullrom"
						},
						"5.65": {
							"post": [0.06, 0.02, -0.2025],
							"lerp_mode": "catmullrom"
						},
						"5.85": {
							"post": [0, -0.7875, -0.2625],
							"lerp_mode": "catmullrom"
						},
						"5.95": {
							"post": [-0.0375, -0.2625, 0.2375],
							"lerp_mode": "catmullrom"
						},
						"6.1": {
							"post": [0, -0.0125, -0.0375],
							"lerp_mode": "catmullrom"
						},
						"6.25": {
							"post": [0, 0, 0],
							"lerp_mode": "catmullrom"
						}
					}
				},
				"mag_and_lefthand": {
					"rotation": {
						"2.25": {
							"pre": [0, 0, 0],
							"post": [0, 0, 0],
							"lerp_mode": "catmullrom"
						},
						"2.55": {
							"post": [-21.09225, 15.09386, 33.74444],
							"lerp_mode": "catmullrom"
						},
						"2.7": {
							"post": [-24.23, 19.8, 41.69],
							"lerp_mode": "catmullrom"
						},
						"2.85": {
							"post": [-23.195, 20.19, 42.16],
							"lerp_mode": "catmullrom"
						},
						"3.05": {
							"post": [-21.145, 20, 42.63],
							"lerp_mode": "catmullrom"
						},
						"3.15": {
							"post": [-12.21, 20.45, 51.71],
							"lerp_mode": "catmullrom"
						},
						"3.25": {
							"post": [8.88595, 31.80128, 66.35745],
							"lerp_mode": "catmullrom"
						},
						"3.35": {
							"post": [12.35973, 35.20244, 71.79065],
							"lerp_mode": "catmullrom"
						},
						"3.75": {
							"post": [12.35973, 35.20244, 71.79065],
							"lerp_mode": "catmullrom"
						},
						"3.85": {
							"post": [20.29, 21.87, 80.25],
							"lerp_mode": "catmullrom"
						},
						"4.05": {
							"post": [3, 0, 7.75],
							"lerp_mode": "catmullrom"
						},
						"4.15": {
							"post": [0, 0, 0],
							"lerp_mode": "catmullrom"
						}
					},
					"position": {
						"2.1": [0, 0, 0],
						"2.25": [0, -2.625, 0],
						"2.35": {
							"pre": [0.63407, -3.66599, -1.57087],
							"post": [0.63407, -3.66599, -1.57087],
							"lerp_mode": "catmullrom"
						},
						"2.45": {
							"post": [2.79513, -1.70088, -3.63905],
							"lerp_mode": "catmullrom"
						},
						"2.65": {
							"post": [3.02047, -1.78451, -5.21581],
							"lerp_mode": "catmullrom"
						},
						"3.0": {
							"post": [3.035, -1.525, -5.24],
							"lerp_mode": "catmullrom"
						},
						"3.15": {
							"post": [3.035, -1.535, -5.24],
							"lerp_mode": "catmullrom"
						},
						"3.45": {
							"post": [3.035, -1.535, -5.24],
							"lerp_mode": "catmullrom"
						},
						"3.75": {
							"post": [-1.245, -3.38, -1.04],
							"lerp_mode": "catmullrom"
						},
						"3.9": {
							"post": [-1.71606, -2.51705, 1.23222],
							"lerp_mode": "catmullrom"
						},
						"4.05": [0, -2.6125, 1.025],
						"4.15": [0, -1.6125, 0.15],
						"4.2": {
							"pre": [0, 0, 0],
							"post": [0, 0, 0],
							"lerp_mode": "catmullrom"
						}
					}
				},
				"lefthand": {
					"rotation": {
						"0.0": [111.33, -370.95, -185.06],
						"0.1": [154.25283, -361.88285, -220.96828],
						"0.3": [156.42707, -414.79862, -211.22804],
						"1.8": [156.42707, -414.79862, -211.22804],
						"2.0": [86.4886, -395.4026, -82.6716],
						"4.4": [85.78, -395.34, -81.45],
						"4.45": [99.33, -399.66, -111.29],
						"4.5": [113.41, -404.1, -148.86],
						"4.55": [118.64, -404.62, -182.99],
						"4.6": [116.94, -405.02, -209.53],
						"4.65": [103.21, -409, -216.69],
						"4.7": [89.04, -412.87, -216.27],
						"4.75": [89.04, -412.87, -216.27],
						"5.6": [89.03621, -412.87009, -216.27166],
						"5.65": [77.83328, -392.94222, -196.2477],
						"5.85": [89.11136, -403.48204, -172.39977],
						"6.05": [111.33, -370.95, -185.06]
					},
					"position": {
						"0.0": [7.965, -17.135, 1.895],
						"0.05": [10.15649, -20.12671, 0.94958],
						"0.1": [8.73314, -26.45807, -0.28884],
						"0.3": [3.52205, -27.61835, 9.09061],
						"1.8": [3.52205, -27.61835, 9.09061],
						"2.0": [6.38269, -20.39876, 9.95709],
						"4.4": [6.38, -20.4, 9.9571],
						"4.45": {
							"pre": [8.64836, -20.04601, 4.24576],
							"post": [8.64836, -20.04601, 4.24576],
							"lerp_mode": "catmullrom"
						},
						"4.5": {
							"post": [11.905, -16.25, 2.27],
							"lerp_mode": "catmullrom"
						},
						"4.55": {
							"post": [11.61255, -13.22019, 0.46438],
							"lerp_mode": "catmullrom"
						},
						"4.6": {
							"post": [9.43234, -11.50004, -0.47581],
							"lerp_mode": "catmullrom"
						},
						"4.65": {
							"post": [8.08234, -12.10004, -0.67581],
							"lerp_mode": "catmullrom"
						},
						"4.75": [8.08234, -12.10004, -0.67581],
						"4.85": [8.08, -12.1, -0.02],
						"5.6": [8.08, -12.1, -0.02],
						"5.65": [9.355, -11.525, 2.48],
						"5.85": [10.95568, -15.01829, 3.13207],
						"6.05": [7.965, -17.135, 1.895]
					},
					"scale": {
						"0.0": [0, 0, 0],
						"1.65": [0, 0, 0],
						"1.7": [1, 1.5, 1],
						"4.3": [1, 1.5, 1],
						"4.35": [0, 0, 0]
					}
				},
				"righthand": {
					"rotation": {
						"0.0": [-83.42, 173.71, 3.34],
						"0.05": [-83.42, 173.71, 3.34],
						"4.55": [-83.42, 173.71, 3.34]
					},
					"position": {
						"0.0": [-6.74, -15.83, 8.6],
						"0.05": [-6.74, -16.33, 8.6],
						"0.2": [-8, -16.025, 8.725],
						"4.4": [-8, -16.025, 8.725],
						"4.55": [-6.74, -15.83, 8.6]
					},
					"scale": {
						"0.0": [1, 1.5, 1],
						"0.05": [1, 1.5, 1],
						"4.55": [1, 1.5, 1]
					}
				},
				"camera": {
					"rotation": {
						"0.0": {
							"post": [0, 0, 0],
							"lerp_mode": "catmullrom"
						},
						"0.15": {
							"post": [0.35, 0, -0.2],
							"lerp_mode": "catmullrom"
						},
						"0.35": {
							"post": [-0.8, 0, -0.7],
							"lerp_mode": "catmullrom"
						},
						"0.6": {
							"post": [-1.3, 0, -0.9],
							"lerp_mode": "catmullrom"
						},
						"0.95": {
							"post": [-1.2, 0, -0.7],
							"lerp_mode": "catmullrom"
						},
						"1.25": {
							"post": [3, 0, -0.7],
							"lerp_mode": "catmullrom"
						},
						"1.55": {
							"post": [4.7, 0, -0.7],
							"lerp_mode": "catmullrom"
						},
						"1.85": {
							"post": [5, 0, -0.7],
							"lerp_mode": "catmullrom"
						},
						"2.1": {
							"post": [3.2, 0, -0.7],
							"lerp_mode": "catmullrom"
						},
						"2.2": {
							"post": [4.53, -0.75, 0.525],
							"lerp_mode": "catmullrom"
						},
						"2.45": {
							"post": [5.3, -3.2, -0.325],
							"lerp_mode": "catmullrom"
						},
						"2.85": {
							"post": [5.7, -4.1, 0.6],
							"lerp_mode": "catmullrom"
						},
						"3.1": {
							"post": [5.66, -4.1, 0.6],
							"lerp_mode": "catmullrom"
						},
						"3.3": {
							"post": [4.9, -5.6, 0.6],
							"lerp_mode": "catmullrom"
						},
						"3.6": {
							"post": [4.54, -5.7, 0.3],
							"lerp_mode": "catmullrom"
						},
						"3.8": {
							"post": [4.5, -5.7, 0.2],
							"lerp_mode": "catmullrom"
						},
						"4.0": {
							"post": [2.4, -0.91, -0.6],
							"lerp_mode": "catmullrom"
						},
						"4.15": {
							"post": [1.6, 0.2, -0.7],
							"lerp_mode": "catmullrom"
						},
						"4.2": {
							"post": [1.95, 0.44, 0.205],
							"lerp_mode": "catmullrom"
						},
						"4.25": {
							"post": [2.22, 0.56, -0.575],
							"lerp_mode": "catmullrom"
						},
						"4.35": {
							"post": [0.74, 0.71, -0.175],
							"lerp_mode": "catmullrom"
						},
						"4.45": {
							"post": [1.4, 1.5, -0.05],
							"lerp_mode": "catmullrom"
						},
						"4.75": {
							"post": [9.1625, 3.8, 0.4],
							"lerp_mode": "catmullrom"
						},
						"4.95": {
							"post": [10.1425, 4.35, 0.275],
							"lerp_mode": "catmullrom"
						},
						"5.1": {
							"post": [9.645, 4.6, 0.7],
							"lerp_mode": "catmullrom"
						},
						"5.35": {
							"post": [9.2, 4.6, 0.8],
							"lerp_mode": "catmullrom"
						},
						"5.55": {
							"post": [2.5, 4.4, -0.15],
							"lerp_mode": "catmullrom"
						},
						"5.75": {
							"post": [0.61, 1, 0.225],
							"lerp_mode": "catmullrom"
						},
						"5.85": {
							"post": [0, 0.25, -0.06],
							"lerp_mode": "catmullrom"
						},
						"5.9": {
							"post": [0.375, 0.1, 0.45],
							"lerp_mode": "catmullrom"
						},
						"6.05": {
							"post": [-0.075, 0, -0.15],
							"lerp_mode": "catmullrom"
						},
						"6.2": {
							"post": [0, 0, 0],
							"lerp_mode": "catmullrom"
						},
						"6.4": {
							"post": [0, 0, 0],
							"lerp_mode": "catmullrom"
						}
					}
				}
			},
			"sound_effects": {
				"0.0": {
					"effect": "tacz:cz75/cz75_inspect_raise"
				},
				"1.75": {
					"effect": "tacz:cz75/cz75_inspect_magout"
				},
				"3.95": {
					"effect": "tacz:cz75/cz75_inspect_magin"
				},
				"4.05": {
					"effect": "tacz:cz75/cz75_inspect_maghit"
				},
				"4.45": {
					"effect": "tacz:cz75/cz75_inspect_empty_flip"
				},
				"4.75": {
					"effect": "tacz:cz75/cz75_inspect_slidepull"
				},
				"5.5": {
					"effect": "tacz:cz75/cz75_inspect_sliderelease"
				},
				"5.75": {
					"effect": "tacz:cz75/cz75_inspect_empty_end"
				}
			}
		},
		"inspect_empty": {
			"animation_length": 6.5,
			"bones": {
				"bullet": {
					"scale": 0
				},
				"main": {
					"rotation": {
						"2.2": {
							"pre": [0, 0, 0],
							"post": [0, 0, 0],
							"lerp_mode": "catmullrom"
						},
						"2.4": {
							"post": [-0.84, 8.57, 15.89],
							"lerp_mode": "catmullrom"
						},
						"2.55": {
							"post": [-1.44014, 14.68286, 27.51944],
							"lerp_mode": "catmullrom"
						},
						"2.9": {
							"post": [0.3847, 15.80549, 33.54395],
							"lerp_mode": "catmullrom"
						},
						"3.3": {
							"post": [-0.62866, 17.11563, 33.08116],
							"lerp_mode": "catmullrom"
						},
						"3.6": {
							"post": [-0.65248, 15.53765, 32.19561],
							"lerp_mode": "catmullrom"
						},
						"3.8": {
							"post": [-0.73445, 13.2648, 31.77578],
							"lerp_mode": "catmullrom"
						},
						"3.9": {
							"post": [-0.9, 8.14, 16.33],
							"lerp_mode": "catmullrom"
						},
						"4.05": {
							"post": [0, 0, 0],
							"lerp_mode": "catmullrom"
						}
					},
					"position": {
						"2.2": {
							"pre": [0, 0, 0],
							"post": [0, 0, 0],
							"lerp_mode": "catmullrom"
						},
						"2.35": {
							"post": [-0.216, 0.26193, 0.30274],
							"lerp_mode": "catmullrom"
						},
						"2.5": {
							"post": [-1.04729, -0.40442, 1.56498],
							"lerp_mode": "catmullrom"
						},
						"2.65": {
							"post": [-1.55596, -0.68972, 2.36642],
							"lerp_mode": "catmullrom"
						},
						"2.95": {
							"post": [-1.56803, -0.60607, 2.38997],
							"lerp_mode": "catmullrom"
						},
						"3.2": {
							"post": [-1.53577, -0.57531, 2.36734],
							"lerp_mode": "catmullrom"
						},
						"3.6": {
							"post": [-1.47957, -0.57466, 2.29538],
							"lerp_mode": "catmullrom"
						},
						"3.8": {
							"post": [-1.29125, -0.58407, 1.92015],
							"lerp_mode": "catmullrom"
						},
						"3.9": {
							"post": [-0.715, -0.225, 1.09],
							"lerp_mode": "catmullrom"
						},
						"4.05": {
							"post": [0, 0, 0],
							"lerp_mode": "catmullrom"
						}
					}
				},
				"slide": {
					"position": {
						"4.75": [0, 0, 0],
						"4.85": [0, 0, 0.665],
						"5.6": [0, 0, 0.665],
						"5.65": [0, 0, 0]
					}
				},
				"additional_magazine": {
					"scale": 0
				},
				"root": {
					"rotation": {
						"0.0": {
							"post": [0, 0, 0],
							"lerp_mode": "catmullrom"
						},
						"0.15": {
							"post": [1.41878, -32.6402, -30.55741],
							"lerp_mode": "catmullrom"
						},
						"0.3": {
							"post": [17.13043, -59.61932, -72.33833],
							"lerp_mode": "catmullrom"
						},
						"0.45": {
							"post": [28.975, -60.035, -87.94],
							"lerp_mode": "catmullrom"
						},
						"0.7": {
							"post": [30.92412, -59.90293, -87.91478],
							"lerp_mode": "catmullrom"
						},
						"1.05": {
							"post": [31.77, -60.36, -89.09],
							"lerp_mode": "catmullrom"
						},
						"1.25": {
							"post": [39.31625, -57.06039, -98.29279],
							"lerp_mode": "catmullrom"
						},
						"1.55": {
							"post": [37.75361, -58.30658, -96.72799],
							"lerp_mode": "catmullrom"
						},
						"1.9": {
							"post": [35.22935, -59.1162, -92.88548],
							"lerp_mode": "catmullrom"
						},
						"2.1": [6.69829, -58.01955, -54.35519],
						"2.2": [6.7, -58.02, -54.36],
						"2.25": [9.51803, -57.59611, -59.46144],
						"2.35": [4.71708, -58.13496, -52.02431],
						"3.4": [6.7, -58.02, -54.36],
						"4.05": [14.14703, -51.26744, -67.44698],
						"4.15": [14.15, -51.27, -67.45],
						"4.2": [-4.54367, -52.27001, -47.25437],
						"4.25": [8.03457, -51.34164, -59.11783],
						"4.35": [2.68002, -49.48579, -49.96644],
						"4.55": {
							"pre": [-27.82, 1.15, 29.9],
							"post": [-27.82, 1.15, 29.9],
							"lerp_mode": "catmullrom"
						},
						"4.75": {
							"post": [-31.8039, 22.54549, 56.40903],
							"lerp_mode": "catmullrom"
						},
						"4.95": {
							"post": [-32.99961, 23.28401, 54.00322],
							"lerp_mode": "catmullrom"
						},
						"5.4": {
							"post": [-32.99961, 23.28401, 54.00322],
							"lerp_mode": "catmullrom"
						},
						"5.55": {
							"post": [-32.84254, 18.54723, 47.52632],
							"lerp_mode": "catmullrom"
						},
						"5.65": {
							"post": [-21.10227, 5.50861, 30.65951],
							"lerp_mode": "catmullrom"
						},
						"5.85": {
							"post": [0.975, 0, 5.025],
							"lerp_mode": "catmullrom"
						},
						"5.95": {
							"post": [0.975, 0.975, -1.475],
							"lerp_mode": "catmullrom"
						},
						"6.05": {
							"post": [0, -0.975, 0.975],
							"lerp_mode": "catmullrom"
						},
						"6.2": {
							"post": [0, 0, -0.5],
							"lerp_mode": "catmullrom"
						},
						"6.4": {
							"post": [0, 0, 0],
							"lerp_mode": "catmullrom"
						}
					},
					"position": {
						"0.0": {
							"post": [0, 0, 0],
							"lerp_mode": "catmullrom"
						},
						"0.1": {
							"post": [0.025, 0.22, -0.1925],
							"lerp_mode": "catmullrom"
						},
						"0.3": {
							"post": [-0.4375, 0.8625, -0.6125],
							"lerp_mode": "catmullrom"
						},
						"0.45": {
							"post": [0.225, 1.225, -0.8],
							"lerp_mode": "catmullrom"
						},
						"0.65": {
							"post": [0.075, 1.1875, -0.9],
							"lerp_mode": "catmullrom"
						},
						"1.0": {
							"post": [0.15, 1.3625, -0.9],
							"lerp_mode": "catmullrom"
						},
						"1.2": {
							"post": [0.15, 1.6025, -0.9625],
							"lerp_mode": "catmullrom"
						},
						"1.55": {
							"post": [0.1, 1.7175, -0.9625],
							"lerp_mode": "catmullrom"
						},
						"1.9": {
							"post": [0.1, 1.6575, -0.96],
							"lerp_mode": "catmullrom"
						},
						"2.05": {
							"post": [-0.15, 0.48, -0.6475],
							"lerp_mode": "catmullrom"
						},
						"2.25": {
							"post": [-0.36885, 0.68672, -0.645],
							"lerp_mode": "catmullrom"
						},
						"2.5": {
							"post": [-0.37589, 0.55953, -0.645],
							"lerp_mode": "catmullrom"
						},
						"3.15": {
							"post": [-0.37062, 0.54409, -0.65],
							"lerp_mode": "catmullrom"
						},
						"3.8": {
							"post": [-0.50089, 0.55953, -0.645],
							"lerp_mode": "catmullrom"
						},
						"4.05": [-1.1, 1.23, -0.595],
						"4.15": [-1, 1.0925, -0.595],
						"4.2": [-0.75533, 0.1831, -0.595],
						"4.3": [-0.98034, 0.33898, -0.595],
						"4.4": [-1.20183, -0.13746, -0.39],
						"4.55": {
							"pre": [-0.7075, 0.0325, 0.25],
							"post": [-0.7075, 0.0325, 0.25],
							"lerp_mode": "catmullrom"
						},
						"4.65": {
							"post": [0.37103, 0.05433, 0.58],
							"lerp_mode": "catmullrom"
						},
						"4.95": {
							"post": [0.39647, -0.01895, 0.455],
							"lerp_mode": "catmullrom"
						},
						"5.4": {
							"post": [0.39647, -0.01895, 0.455],
							"lerp_mode": "catmullrom"
						},
						"5.55": {
							"post": [0.37103, 0.05433, 0.205],
							"lerp_mode": "catmullrom"
						},
						"5.65": {
							"post": [0.06, 0.02, -0.2025],
							"lerp_mode": "catmullrom"
						},
						"5.85": {
							"post": [0, -0.7875, -0.2625],
							"lerp_mode": "catmullrom"
						},
						"5.95": {
							"post": [-0.0375, -0.2625, 0.2375],
							"lerp_mode": "catmullrom"
						},
						"6.1": {
							"post": [0, -0.0125, -0.0375],
							"lerp_mode": "catmullrom"
						},
						"6.25": {
							"post": [0, 0, 0],
							"lerp_mode": "catmullrom"
						}
					}
				},
				"mag_and_lefthand": {
					"rotation": {
						"2.25": {
							"pre": [0, 0, 0],
							"post": [0, 0, 0],
							"lerp_mode": "catmullrom"
						},
						"2.55": {
							"post": [-21.09225, 15.09386, 33.74444],
							"lerp_mode": "catmullrom"
						},
						"2.7": {
							"post": [-24.23, 19.8, 41.69],
							"lerp_mode": "catmullrom"
						},
						"2.85": {
							"post": [-23.195, 20.19, 42.16],
							"lerp_mode": "catmullrom"
						},
						"3.05": {
							"post": [-21.145, 20, 42.63],
							"lerp_mode": "catmullrom"
						},
						"3.15": {
							"post": [-12.21, 20.45, 51.71],
							"lerp_mode": "catmullrom"
						},
						"3.25": {
							"post": [8.88595, 31.80128, 66.35745],
							"lerp_mode": "catmullrom"
						},
						"3.35": {
							"post": [12.35973, 35.20244, 71.79065],
							"lerp_mode": "catmullrom"
						},
						"3.75": {
							"post": [12.35973, 35.20244, 71.79065],
							"lerp_mode": "catmullrom"
						},
						"3.85": {
							"post": [20.29, 21.87, 80.25],
							"lerp_mode": "catmullrom"
						},
						"4.05": {
							"post": [3, 0, 7.75],
							"lerp_mode": "catmullrom"
						},
						"4.15": {
							"post": [0, 0, 0],
							"lerp_mode": "catmullrom"
						}
					},
					"position": {
						"2.1": [0, 0, 0],
						"2.25": [0, -2.625, 0],
						"2.35": {
							"pre": [0.63407, -3.66599, -1.57087],
							"post": [0.63407, -3.66599, -1.57087],
							"lerp_mode": "catmullrom"
						},
						"2.45": {
							"post": [2.79513, -1.70088, -3.63905],
							"lerp_mode": "catmullrom"
						},
						"2.65": {
							"post": [3.02047, -1.78451, -5.21581],
							"lerp_mode": "catmullrom"
						},
						"3.0": {
							"post": [3.035, -1.525, -5.24],
							"lerp_mode": "catmullrom"
						},
						"3.15": {
							"post": [3.035, -1.535, -5.24],
							"lerp_mode": "catmullrom"
						},
						"3.45": {
							"post": [3.035, -1.535, -5.24],
							"lerp_mode": "catmullrom"
						},
						"3.75": {
							"post": [-1.245, -3.38, -1.04],
							"lerp_mode": "catmullrom"
						},
						"3.9": {
							"post": [-1.71606, -2.51705, 1.23222],
							"lerp_mode": "catmullrom"
						},
						"4.05": [0, -2.6125, 1.025],
						"4.15": [0, -1.6125, 0.15],
						"4.2": {
							"pre": [0, 0, 0],
							"post": [0, 0, 0],
							"lerp_mode": "catmullrom"
						}
					}
				},
				"lefthand": {
					"rotation": {
						"0.0": [111.33, -370.95, -185.06],
						"0.1": [154.25283, -361.88285, -220.96828],
						"0.3": [156.42707, -414.79862, -211.22804],
						"1.8": [156.42707, -414.79862, -211.22804],
						"2.0": [86.4886, -395.4026, -82.6716],
						"4.4": [85.78, -395.34, -81.45],
						"4.45": [99.33, -399.66, -111.29],
						"4.5": [113.41, -404.1, -148.86],
						"4.55": [118.64, -404.62, -182.99],
						"4.6": [116.94, -405.02, -209.53],
						"4.65": [103.21, -409, -216.69],
						"4.7": [89.04, -412.87, -216.27],
						"4.75": [89.04, -412.87, -216.27],
						"5.6": [89.03621, -412.87009, -216.27166],
						"5.65": [77.83328, -392.94222, -196.2477],
						"5.85": [89.11136, -403.48204, -172.39977],
						"6.05": [111.33, -370.95, -185.06]
					},
					"position": {
						"0.0": [7.965, -17.135, 1.895],
						"0.05": [10.15649, -20.12671, 0.94958],
						"0.1": [8.73314, -26.45807, -0.28884],
						"0.3": [3.52205, -27.61835, 9.09061],
						"1.8": [3.52205, -27.61835, 9.09061],
						"2.0": [6.38269, -20.39876, 9.95709],
						"4.4": [6.38, -20.4, 9.9571],
						"4.45": {
							"pre": [8.64836, -20.04601, 4.24576],
							"post": [8.64836, -20.04601, 4.24576],
							"lerp_mode": "catmullrom"
						},
						"4.5": {
							"post": [11.905, -16.25, 2.27],
							"lerp_mode": "catmullrom"
						},
						"4.55": {
							"post": [11.61255, -13.22019, 0.46438],
							"lerp_mode": "catmullrom"
						},
						"4.6": {
							"post": [9.43234, -11.50004, -0.47581],
							"lerp_mode": "catmullrom"
						},
						"4.65": {
							"post": [8.08234, -12.10004, -0.67581],
							"lerp_mode": "catmullrom"
						},
						"4.75": [8.08234, -12.10004, -0.67581],
						"4.85": [8.08, -12.1, -0.02],
						"5.6": [8.08, -12.1, -0.02],
						"5.65": [9.355, -11.525, 2.48],
						"5.85": [10.95568, -15.01829, 3.13207],
						"6.05": [7.965, -17.135, 1.895]
					},
					"scale": {
						"0.0": [0, 0, 0],
						"1.65": [0, 0, 0],
						"1.7": [1, 1.5, 1],
						"4.3": [1, 1.5, 1],
						"4.35": [0, 0, 0]
					}
				},
				"righthand": {
					"rotation": {
						"0.0": [-83.42, 173.71, 3.34],
						"0.05": [-83.42, 173.71, 3.34],
						"4.55": [-83.42, 173.71, 3.34]
					},
					"position": {
						"0.0": [-6.74, -15.83, 8.6],
						"0.05": [-6.74, -16.33, 8.6],
						"0.2": [-8, -16.025, 8.725],
						"4.4": [-8, -16.025, 8.725],
						"4.55": [-6.74, -15.83, 8.6]
					},
					"scale": {
						"0.0": [1, 1.5, 1],
						"0.05": [1, 1.5, 1],
						"4.55": [1, 1.5, 1]
					}
				},
				"camera": {
					"rotation": {
						"0.0": {
							"post": [0, 0, 0],
							"lerp_mode": "catmullrom"
						},
						"0.15": {
							"post": [0.35, 0, -0.2],
							"lerp_mode": "catmullrom"
						},
						"0.35": {
							"post": [-0.8, 0, -0.7],
							"lerp_mode": "catmullrom"
						},
						"0.6": {
							"post": [-1.3, 0, -0.9],
							"lerp_mode": "catmullrom"
						},
						"0.95": {
							"post": [-1.2, 0, -0.7],
							"lerp_mode": "catmullrom"
						},
						"1.25": {
							"post": [3, 0, -0.7],
							"lerp_mode": "catmullrom"
						},
						"1.55": {
							"post": [4.7, 0, -0.7],
							"lerp_mode": "catmullrom"
						},
						"1.85": {
							"post": [5, 0, -0.7],
							"lerp_mode": "catmullrom"
						},
						"2.1": {
							"post": [3.2, 0, -0.7],
							"lerp_mode": "catmullrom"
						},
						"2.2": {
							"post": [4.53, -0.75, 0.525],
							"lerp_mode": "catmullrom"
						},
						"2.45": {
							"post": [5.3, -3.2, -0.325],
							"lerp_mode": "catmullrom"
						},
						"2.85": {
							"post": [5.7, -4.1, 0.6],
							"lerp_mode": "catmullrom"
						},
						"3.1": {
							"post": [5.66, -4.1, 0.6],
							"lerp_mode": "catmullrom"
						},
						"3.3": {
							"post": [4.9, -5.6, 0.6],
							"lerp_mode": "catmullrom"
						},
						"3.6": {
							"post": [4.54, -5.7, 0.3],
							"lerp_mode": "catmullrom"
						},
						"3.8": {
							"post": [4.5, -5.7, 0.2],
							"lerp_mode": "catmullrom"
						},
						"4.0": {
							"post": [2.4, -0.91, -0.6],
							"lerp_mode": "catmullrom"
						},
						"4.15": {
							"post": [1.6, 0.2, -0.7],
							"lerp_mode": "catmullrom"
						},
						"4.2": {
							"post": [1.95, 0.44, 0.205],
							"lerp_mode": "catmullrom"
						},
						"4.25": {
							"post": [2.22, 0.56, -0.575],
							"lerp_mode": "catmullrom"
						},
						"4.35": {
							"post": [0.74, 0.71, -0.175],
							"lerp_mode": "catmullrom"
						},
						"4.45": {
							"post": [1.4, 1.5, -0.05],
							"lerp_mode": "catmullrom"
						},
						"4.75": {
							"post": [9.1625, 3.8, 0.4],
							"lerp_mode": "catmullrom"
						},
						"4.95": {
							"post": [10.1425, 4.35, 0.275],
							"lerp_mode": "catmullrom"
						},
						"5.1": {
							"post": [9.645, 4.6, 0.7],
							"lerp_mode": "catmullrom"
						},
						"5.35": {
							"post": [9.2, 4.6, 0.8],
							"lerp_mode": "catmullrom"
						},
						"5.55": {
							"post": [2.5, 4.4, -0.15],
							"lerp_mode": "catmullrom"
						},
						"5.75": {
							"post": [0.61, 1, 0.225],
							"lerp_mode": "catmullrom"
						},
						"5.85": {
							"post": [0, 0.25, -0.06],
							"lerp_mode": "catmullrom"
						},
						"5.9": {
							"post": [0.375, 0.1, 0.45],
							"lerp_mode": "catmullrom"
						},
						"6.05": {
							"post": [-0.075, 0, -0.15],
							"lerp_mode": "catmullrom"
						},
						"6.2": {
							"post": [0, 0, 0],
							"lerp_mode": "catmullrom"
						},
						"6.4": {
							"post": [0, 0, 0],
							"lerp_mode": "catmullrom"
						}
					}
				}
			},
			"sound_effects": {
				"0.0": {
					"effect": "tacz:cz75/cz75_inspect_raise"
				},
				"1.75": {
					"effect": "tacz:cz75/cz75_inspect_magout"
				},
				"3.95": {
					"effect": "tacz:cz75/cz75_inspect_magin"
				},
				"4.05": {
					"effect": "tacz:cz75/cz75_inspect_maghit"
				},
				"4.45": {
					"effect": "tacz:cz75/cz75_inspect_empty_flip"
				},
				"4.75": {
					"effect": "tacz:cz75/cz75_inspect_slidepull"
				},
				"5.5": {
					"effect": "tacz:cz75/cz75_inspect_sliderelease"
				},
				"5.75": {
					"effect": "tacz:cz75/cz75_inspect_empty_end"
				}
			}
		},
		"run_start": {
			"animation_length": 0.4333,
			"bones": {
				"root": {
					"rotation": {
						"0.0": {
							"post": [0, 0, 0],
							"lerp_mode": "catmullrom"
						},
						"0.1667": {
							"post": [-19.5175, -0.64, -2.65],
							"lerp_mode": "catmullrom"
						},
						"0.3333": {
							"post": [-53.26, -0.59, -5.51],
							"lerp_mode": "catmullrom"
						},
						"0.4333": {
							"post": [-63.75, 5, -7.125],
							"lerp_mode": "catmullrom"
						}
					},
					"position": {
						"0.0": {
							"post": [0, 0, 0],
							"lerp_mode": "catmullrom"
						},
						"0.1": {
							"post": [-0.3, 0.1075, 0.4325],
							"lerp_mode": "catmullrom"
						},
						"0.2333": {
							"post": [-1.7225, 0.3425, 0.3825],
							"lerp_mode": "catmullrom"
						},
						"0.3333": {
							"post": [-3.4675, 1.6875, 0.4375],
							"lerp_mode": "catmullrom"
						},
						"0.4333": {
							"post": [-4.0925, 2.5625, 0.5],
							"lerp_mode": "catmullrom"
						}
					}
				}
			}
		},
		"run": {
			"loop": true,
			"animation_length": 0.7,
			"bones": {
				"root": {
					"rotation": {
						"0.0": {
							"post": [-63.75, 5, -7.125],
							"lerp_mode": "catmullrom"
						},
						"0.2667": {
							"post": [-65.83104, 1.44773, -10.70644],
							"lerp_mode": "catmullrom"
						},
						"0.4667": {
							"post": [-62.15716, 1.12692, -10.68825],
							"lerp_mode": "catmullrom"
						},
						"0.7": {
							"post": [-63.75, 5, -7.125],
							"lerp_mode": "catmullrom"
						}
					},
					"position": {
						"0.0": {
							"post": [-4.0925, 2.5625, 0.8],
							"lerp_mode": "catmullrom"
						},
						"0.1667": {
							"post": [-5.11071, 3.9625, 0.8],
							"lerp_mode": "catmullrom"
						},
						"0.3333": {
							"post": [-4.05236, 2.125, 0.8],
							"lerp_mode": "catmullrom"
						},
						"0.5": {
							"post": [-3.27365, 3.6825, 0.8],
							"lerp_mode": "catmullrom"
						},
						"0.7": {
							"post": [-4.0925, 2.5625, 0.8],
							"lerp_mode": "catmullrom"
						}
					}
				}
			}
		},
		"run_hold": {
			"loop": true,
			"bones": {
				"root": {
					"rotation": [-63.75, 5, -7.125],
					"position": [-4.0925, 2.5625, 0.5]
				}
			}
		}
	}
}