{
	"format_version": "1.8.0",
	"animations": {
		"shoot": {
			"animation_length": 0.6667,
			"bones": {
				"slide": {
					"position": {
						"0.0": {
							"post": [0, 0, 0],
							"lerp_mode": "catmullrom"
						},
						"0.0333": [0, 0, 2],
						"0.0667": [0, 0, 2.005],
						"0.1333": {
							"pre": [0, 0, 0],
							"post": [0, 0, 0],
							"lerp_mode": "catmullrom"
						}
					}
				},
				"barrel": {
					"rotation": {
						"0.0": [0, 0, 0],
						"0.0333": [-3.005, 0, 0],
						"0.0667": [-3, 0, 0],
						"0.1333": [0, 0, 0]
					},
					"position": {
						"0.0": [0, 0, 0],
						"0.0333": [0, -0.125, 0.375],
						"0.0667": [0, -0.125, 0.375],
						"0.1333": [0, 0, 0]
					}
				},
				"dc17": {
					"rotation": {
						"0.0": {
							"post": [0, 0, 0],
							"lerp_mode": "catmullrom"
						},
						"0.0333": {
							"post": [-12, -1.30704, -2],
							"lerp_mode": "catmullrom"
						},
						"0.0667": {
							"post": [-7, 0, 0],
							"lerp_mode": "catmullrom"
						},
						"0.1333": {
							"post": [1.71751, -0.98521, -1.02186],
							"lerp_mode": "catmullrom"
						},
						"0.2": {
							"post": [-1.1, 0.2, 0],
							"lerp_mode": "catmullrom"
						},
						"0.3": {
							"post": [1.23707, -0.09694, 0.24998],
							"lerp_mode": "catmullrom"
						},
						"0.4333": {
							"post": [0.05, 0.13, 0.1],
							"lerp_mode": "catmullrom"
						},
						"0.5667": {
							"post": [0, 0, 0],
							"lerp_mode": "catmullrom"
						}
					},
					"position": {
						"0.0": {
							"post": [0, 0, 0],
							"lerp_mode": "catmullrom"
						},
						"0.0333": {
							"post": [0, 0.25, 0.6],
							"lerp_mode": "catmullrom"
						},
						"0.0667": {
							"post": [0, 0.285, 0.9375],
							"lerp_mode": "catmullrom"
						},
						"0.1667": {
							"post": [0, 0.1125, 0.2],
							"lerp_mode": "catmullrom"
						},
						"0.2": {
							"post": [0, 0, 0.075],
							"lerp_mode": "catmullrom"
						},
						"0.3": {
							"post": [0, -0.1, 0.075],
							"lerp_mode": "catmullrom"
						},
						"0.3667": {
							"post": [0.0125, -0.025, 0.125],
							"lerp_mode": "catmullrom"
						},
						"0.5": {
							"post": [0, -0.005, -0.015],
							"lerp_mode": "catmullrom"
						},
						"0.6667": {
							"post": [0, 0, 0],
							"lerp_mode": "catmullrom"
						}
					}
				},
				"dc17s": {
					"rotation": {
						"0.0667": {
							"pre": [0, 0, 0],
							"post": [0, 0, 0],
							"lerp_mode": "catmullrom"
						},
						"0.1": {
							"post": [-12, -1.30704, -2],
							"lerp_mode": "catmullrom"
						},
						"0.1333": {
							"post": [-7, 0, 0],
							"lerp_mode": "catmullrom"
						},
						"0.2": {
							"post": [1.71751, -0.98521, -1.02186],
							"lerp_mode": "catmullrom"
						},
						"0.2667": {
							"post": [-1.1, 0.2, 0],
							"lerp_mode": "catmullrom"
						},
						"0.3667": {
							"post": [1.23707, -0.09694, 0.24998],
							"lerp_mode": "catmullrom"
						},
						"0.5": {
							"post": [0.05, 0.13, 0.1],
							"lerp_mode": "catmullrom"
						},
						"0.6333": {
							"post": [0, 0, 0],
							"lerp_mode": "catmullrom"
						}
					},
					"position": {
						"0.0667": {
							"pre": [0, 0, 0],
							"post": [0, 0, 0],
							"lerp_mode": "catmullrom"
						},
						"0.1": {
							"post": [0, 0.25, 0.4125],
							"lerp_mode": "catmullrom"
						},
						"0.1333": {
							"post": [0, 0.285, 0.75],
							"lerp_mode": "catmullrom"
						},
						"0.2333": {
							"post": [0, 0.1125, 0.2],
							"lerp_mode": "catmullrom"
						},
						"0.2667": {
							"post": [0, 0, 0.075],
							"lerp_mode": "catmullrom"
						},
						"0.3667": {
							"post": [0, -0.1, 0.075],
							"lerp_mode": "catmullrom"
						},
						"0.4333": {
							"post": [0.0125, -0.025, 0.125],
							"lerp_mode": "catmullrom"
						},
						"0.5667": {
							"post": [0, -0.005, -0.015],
							"lerp_mode": "catmullrom"
						},
						"0.6667": {
							"post": [0, 0, 0],
							"lerp_mode": "catmullrom"
						}
					}
				},
				"camera": {
					"rotation": {
						"0.0": {
							"post": [0, 0, 0],
							"lerp_mode": "catmullrom"
						},
						"0.0333": {
							"post": [0, 0, 1.025],
							"lerp_mode": "catmullrom"
						},
						"0.0667": {
							"post": [0, 0, -0.7],
							"lerp_mode": "catmullrom"
						},
						"0.1333": {
							"post": [0, 0, 0.6],
							"lerp_mode": "catmullrom"
						},
						"0.1667": {
							"post": [0, 0, -0.3],
							"lerp_mode": "catmullrom"
						},
						"0.2667": {
							"post": [0, 0, 0.35],
							"lerp_mode": "catmullrom"
						},
						"0.3333": {
							"post": [0, 0, -0.15],
							"lerp_mode": "catmullrom"
						},
						"0.4667": {
							"post": [0, 0, 0],
							"lerp_mode": "catmullrom"
						}
					}
				}
			}
		},
		"static_idle": {
			"loop": "hold_on_last_frame",
			"animation_length": 0.0833,
			"bones": {
				"lefthand": {
					"rotation": [-83.42, -173.71, -3.34],
					"position": [6.66, -16, 8.58],
					"scale": [1, 1.5, 1]
				},
				"righthand": {
					"rotation": [-83.42, 173.71, 3.34],
					"position": [-6.74, -15.83, 8.6],
					"scale": [1, 1.5, 1]
				},
				"camera": {
					"rotation": [0, 0, 0]
				},
				"mag_and_bullet": {
					"position": [0, 0, 0]
				},
				"dc17": {
					"rotation": [0, 0, 10],
					"position": [-6, 0, 0]
				},
				"dc17s": {
					"rotation": [0, 0, -10],
					"position": [6, 0, 0]
				}
			}
		},
		"draw": {
			"animation_length": 0.7083,
			"bones": {
				"root": {
					"position": {
						"0.0": [0, -9.45, 4.05],
						"0.0333": [0, -4.57, 3.06],
						"0.0667": [0, -2.43, 1.8],
						"0.1": [0, -2.07, 1.51],
						"0.1333": [0, -1.75, 1.21],
						"0.1667": [0, -1.45, 0.9],
						"0.2": [0, -1.19, 0.59],
						"0.2333": [0, -0.95, 0.31],
						"0.2667": [0, -0.75, 0.05],
						"0.3": [0, -0.57, -0.15],
						"0.3333": [0, -0.41, -0.3],
						"0.3667": [0, -0.25, -0.39],
						"0.4": [0, -0.18, -0.34],
						"0.4333": [0, -0.17, -0.21],
						"0.4667": [0, -0.18, -0.08],
						"0.5": [0, -0.16, 0],
						"0.5333": [0, -0.13, 0.02],
						"0.5667": [0, -0.1, 0.02],
						"0.6": [0, -0.07, 0.02],
						"0.6333": [0, -0.04, 0.01],
						"0.6667": [0, -0.02, 0],
						"0.7": [0, 0, 0]
					}
				},
				"lefthand": {
					"rotation": [-83.42, -173.71, -3.34],
					"position": [6.66, -16, 8.58],
					"scale": [1, 1.5, 1]
				},
				"righthand": {
					"rotation": [-83.42, 173.71, 3.34],
					"position": [-6.74, -15.83, 8.6],
					"scale": [1, 1.5, 1]
				},
				"camera": {
					"rotation": {
						"0.0": {
							"post": [0, 0, 0],
							"lerp_mode": "catmullrom"
						},
						"0.0333": {
							"post": [0.1388, -0.03628, 0.05516],
							"lerp_mode": "catmullrom"
						},
						"0.0667": {
							"post": [0.34861, -0.09167, 0.13819],
							"lerp_mode": "catmullrom"
						},
						"0.1": {
							"post": [0.58828, -0.15469, 0.2332],
							"lerp_mode": "catmullrom"
						},
						"0.1333": {
							"post": [0.81667, -0.21389, 0.32431],
							"lerp_mode": "catmullrom"
						},
						"0.1667": {
							"post": [0.99262, -0.25781, 0.39562],
							"lerp_mode": "catmullrom"
						},
						"0.2": {
							"post": [1.075, -0.275, 0.43125],
							"lerp_mode": "catmullrom"
						},
						"0.2333": {
							"post": [1.0256, -0.2508, 0.4198],
							"lerp_mode": "catmullrom"
						},
						"0.2667": {
							"post": [0.8628, -0.1914, 0.36765],
							"lerp_mode": "catmullrom"
						},
						"0.3": {
							"post": [0.64345, -0.1166, 0.2931],
							"lerp_mode": "catmullrom"
						},
						"0.3333": {
							"post": [0.4244, -0.0462, 0.21445],
							"lerp_mode": "catmullrom"
						},
						"0.3667": {
							"post": [0.2625, 0, 0.15],
							"lerp_mode": "catmullrom"
						},
						"0.4": {
							"post": [0.04063, 0.01719, 0.00781],
							"lerp_mode": "catmullrom"
						},
						"0.4333": {
							"post": [-0.06875, 0, -0.08125],
							"lerp_mode": "catmullrom"
						},
						"0.4667": {
							"post": [-0.07383, 0, -0.06685],
							"lerp_mode": "catmullrom"
						},
						"0.5": {
							"post": [-0.04453, 0, -0.01992],
							"lerp_mode": "catmullrom"
						},
						"0.5333": {
							"post": [-0.00547, 0, 0.03228],
							"lerp_mode": "catmullrom"
						},
						"0.5667": {
							"post": [0.01875, 0, 0.0625],
							"lerp_mode": "catmullrom"
						},
						"0.6": {
							"post": [0.02109, 0, 0.05991],
							"lerp_mode": "catmullrom"
						},
						"0.6333": {
							"post": [0.01484, 0, 0.04023],
							"lerp_mode": "catmullrom"
						},
						"0.6667": {
							"post": [0.00586, 0, 0.01606],
							"lerp_mode": "catmullrom"
						},
						"0.7": {
							"post": [0, 0, 0],
							"lerp_mode": "catmullrom"
						}
					}
				},
				"dc17": {
					"rotation": {
						"0.0": [47, 0, 10],
						"0.2333": {
							"pre": [-9.2, 0, 10],
							"post": [-9.2, 0, 10],
							"lerp_mode": "catmullrom"
						},
						"0.3667": {
							"post": [0.83, 0, 10],
							"lerp_mode": "catmullrom"
						},
						"0.5333": [0, 0, 10]
					},
					"position": {
						"0.0": [-8, 0, 0],
						"0.2": {
							"pre": [-4.9725, 0, 0],
							"post": [-4.9725, 0, 0],
							"lerp_mode": "catmullrom"
						},
						"0.3667": [-6, 0, 0]
					}
				},
				"dc17s": {
					"rotation": {
						"0.0667": [37, 0, -10],
						"0.3": {
							"pre": [-9.2, 0, -10],
							"post": [-9.2, 0, -10],
							"lerp_mode": "catmullrom"
						},
						"0.4333": {
							"post": [0.83, 0, -10],
							"lerp_mode": "catmullrom"
						},
						"0.6": [0, 0, -10]
					},
					"position": {
						"0.0": [8, 0, 0],
						"0.0333": [8, -4, 0],
						"0.0667": [8, -4, 0],
						"0.2667": {
							"pre": [5, 0, 0],
							"post": [5, 0, 0],
							"lerp_mode": "catmullrom"
						},
						"0.4333": [6, 0, 0]
					}
				}
			}
		},
		"put_away": {
			"animation_length": 0.7,
			"bones": {
				"root": {
					"position": {
						"0.0": [0, 0, 0],
						"0.0333": [0, -0.02, 0],
						"0.0667": [0, -0.04, 0.01],
						"0.1": [0, -0.07, 0.02],
						"0.1333": [0, -0.1, 0.02],
						"0.1667": [0, -0.13, 0.02],
						"0.2": [0, -0.16, 0],
						"0.2333": [0, -0.18, -0.08],
						"0.2667": [0, -0.17, -0.21],
						"0.3": [0, -0.18, -0.34],
						"0.3333": [0, -0.25, -0.39],
						"0.3667": [0, -0.41, -0.3],
						"0.4667": {
							"pre": [0, -4.95, 0.31],
							"post": [0, -4.95, 0.31],
							"lerp_mode": "catmullrom"
						},
						"0.6333": [0, -9.43, 1.8],
						"0.6667": [0, -9.57, 3.06],
						"0.7": [0, -9.45, 4.05]
					}
				},
				"lefthand": {
					"rotation": [-83.42, -173.71, -3.34],
					"position": [6.66, -16, 8.58],
					"scale": [1, 1.5, 1]
				},
				"righthand": {
					"rotation": [-83.42, 173.71, 3.34],
					"position": [-6.74, -15.83, 8.6],
					"scale": [1, 1.5, 1]
				},
				"dc17": {
					"rotation": {
						"0.0": [0, 0, 10],
						"0.1667": {
							"pre": [0.83, 0, 10],
							"post": [0.83, 0, 10],
							"lerp_mode": "catmullrom"
						},
						"0.3": {
							"post": [-9.2, 0, 10],
							"lerp_mode": "catmullrom"
						},
						"0.5333": [47, 0, 10],
						"0.7": [47, 0, 10]
					},
					"position": {
						"0.0": [-6, 0, 0],
						"0.1667": [-6, 0, 0],
						"0.3333": {
							"pre": [-4.9725, 0, 0],
							"post": [-4.9725, 0, 0],
							"lerp_mode": "catmullrom"
						},
						"0.5333": [-8, 0, 0],
						"0.6": [-8, -2, 0],
						"0.7": [-8, -2, 0]
					}
				},
				"dc17s": {
					"rotation": {
						"0.0": [0, 0, -10],
						"0.1667": {
							"pre": [0.83, 0, -10],
							"post": [0.83, 0, -10],
							"lerp_mode": "catmullrom"
						},
						"0.3": {
							"post": [-9.2, 0, -10],
							"lerp_mode": "catmullrom"
						},
						"0.5333": [37, 0, -10],
						"0.7": [37, 0, -10]
					},
					"position": {
						"0.1667": [6, 0, 0],
						"0.3333": {
							"pre": [5, 0, 0],
							"post": [5, 0, 0],
							"lerp_mode": "catmullrom"
						},
						"0.5333": [8, -4, 0],
						"0.5667": [8, -4, 0],
						"0.6": [8, -4, 0],
						"0.7": [8, -4, 0]
					}
				},
				"camera": {
					"rotation": {
						"0.0": {
							"post": [0, 0, 0],
							"lerp_mode": "catmullrom"
						},
						"0.0333": {
							"post": [0.00586, 0, 0.01606],
							"lerp_mode": "catmullrom"
						},
						"0.0667": {
							"post": [0.01484, 0, 0.04023],
							"lerp_mode": "catmullrom"
						},
						"0.1": {
							"post": [0.02109, 0, 0.05991],
							"lerp_mode": "catmullrom"
						},
						"0.1333": {
							"post": [0.01875, 0, 0.0625],
							"lerp_mode": "catmullrom"
						},
						"0.1667": {
							"post": [-0.00547, 0, 0.03228],
							"lerp_mode": "catmullrom"
						},
						"0.2": {
							"post": [-0.04453, 0, -0.01992],
							"lerp_mode": "catmullrom"
						},
						"0.2333": {
							"post": [-0.07383, 0, -0.06685],
							"lerp_mode": "catmullrom"
						},
						"0.2667": {
							"post": [-0.06875, 0, -0.08125],
							"lerp_mode": "catmullrom"
						},
						"0.3": {
							"post": [0.04063, 0.01719, 0.00781],
							"lerp_mode": "catmullrom"
						},
						"0.3333": {
							"post": [0.2625, 0, 0.15],
							"lerp_mode": "catmullrom"
						},
						"0.3667": {
							"post": [0.4244, -0.0462, 0.21445],
							"lerp_mode": "catmullrom"
						},
						"0.4": {
							"post": [0.64345, -0.1166, 0.2931],
							"lerp_mode": "catmullrom"
						},
						"0.4333": {
							"post": [0.8628, -0.1914, 0.36765],
							"lerp_mode": "catmullrom"
						},
						"0.4667": {
							"post": [1.0256, -0.2508, 0.4198],
							"lerp_mode": "catmullrom"
						},
						"0.5": {
							"post": [1.075, -0.275, 0.43125],
							"lerp_mode": "catmullrom"
						},
						"0.5333": {
							"post": [0.99262, -0.25781, 0.39562],
							"lerp_mode": "catmullrom"
						},
						"0.5667": {
							"post": [0.81667, -0.21389, 0.32431],
							"lerp_mode": "catmullrom"
						},
						"0.6": {
							"post": [0.58828, -0.15469, 0.2332],
							"lerp_mode": "catmullrom"
						},
						"0.6333": {
							"post": [0.34861, -0.09167, 0.13819],
							"lerp_mode": "catmullrom"
						},
						"0.6667": {
							"post": [0.1388, -0.03628, 0.05516],
							"lerp_mode": "catmullrom"
						},
						"0.7": {
							"post": [0, 0, 0],
							"lerp_mode": "catmullrom"
						}
					}
				}
			}
		},
		"reload_tactical": {
			"animation_length": 1.7667,
			"bones": {
				"mag_release": {
					"position": {
						"0.7667": [0, 0, 0],
						"0.8": [0.06, 0, 0],
						"0.8333": [0.13, 0, 0],
						"0.8667": [0.13, 0, 0],
						"0.9": [0.13, 0, 0],
						"0.9333": [0.13, 0, 0],
						"0.9667": [0.13, 0, 0],
						"1.0": [0.13, 0, 0],
						"1.0333": [0.13, 0, 0],
						"1.0667": [0.13, 0, 0],
						"1.1": [0.06, 0, 0],
						"1.1333": [0, 0, 0],
						"1.1667": [0, 0, 0],
						"1.2": [0, 0, 0],
						"1.2333": [0, 0, 0],
						"1.2667": [0, 0, 0],
						"1.3": [0, 0, 0],
						"1.3333": [0.06, 0, 0],
						"1.3667": [0.13, 0, 0],
						"1.4": [0.13, 0, 0],
						"1.4333": [0.13, 0, 0],
						"1.4667": [0.06, 0, 0],
						"1.5": [0, 0, 0]
					}
				},
				"root": {
					"position": {
						"0.0": [0, 0, 0],
						"0.0333": [0, 0, -0.21],
						"0.1": {
							"pre": [0, 0, -0.7925],
							"post": [0, 0, -0.7925],
							"lerp_mode": "catmullrom"
						},
						"0.1667": {
							"post": [0, 0, -1.0975],
							"lerp_mode": "catmullrom"
						},
						"0.2333": {
							"post": [0, 0, -1.1175],
							"lerp_mode": "catmullrom"
						},
						"0.3": [0, 0, -0.2],
						"0.3333": [0, 0, 0.08],
						"0.3667": [0, 0, 0.12],
						"0.4": [0, 0, 0.02],
						"0.4333": [0, 0, -0.1],
						"0.4667": [0, 0, -0.19],
						"0.5": [0, 0, -0.18],
						"0.5333": [0, 0, -0.13],
						"0.5667": [0, 0, -0.11],
						"0.6": [0, 0, -0.12],
						"0.6333": [0, 0, -0.14],
						"0.6667": [0, 0, -0.17],
						"0.7": [0, 0, -0.19],
						"0.7333": [0, 0, -0.22],
						"0.7667": [0, 0, -0.24],
						"0.9": {
							"pre": [0, 0, -0.21],
							"post": [0, 0, -0.21],
							"lerp_mode": "catmullrom"
						},
						"1.0333": [0, 0, -0.03],
						"1.0667": [0, 0, 0.19],
						"1.1": [0, 0, 0.26],
						"1.1333": [0, 0, 0.03],
						"1.1667": [0, 0, -0.35],
						"1.2": [0, 0, -0.61],
						"1.2333": [0, 0, -0.62],
						"1.2667": [0, 0, -0.5],
						"1.3": [0, 0, -0.31],
						"1.3333": [0, 0, 0.19],
						"1.3667": [0, 0, 0.57],
						"1.4": [0, 0, 0.45],
						"1.4333": [0, 0, 0.15],
						"1.4667": [0, 0, -0.07],
						"1.5": [0, 0, -0.11],
						"1.5333": [0, 0, -0.07],
						"1.5667": [0, 0, -0.03],
						"1.6": [0, 0, -0.02],
						"1.6333": [0, 0, -0.01],
						"1.6667": [0, 0, -0.01],
						"1.7": [0, 0, 0]
					}
				},
				"lefthand": {
					"rotation": {
						"0.0": [-83.42, -173.71, -3.34],
						"0.2": [-83.42, -173.71, -3.34],
						"0.9667": [-83.42, -173.71, -3.34]
					},
					"position": {
						"0.0": [6.66, -16, 8.58],
						"0.2": [6.66, -16.5, 8.58],
						"0.3": [7.91, -16.5, 8.58],
						"0.9": [7.91, -16.5, 8.58],
						"0.9667": [6.66, -16, 8.58]
					},
					"scale": {
						"0.0": [1, 1.5, 1],
						"0.9667": [1, 1.5, 1]
					}
				},
				"righthand": {
					"rotation": {
						"0.0": [-83.42, 173.71, 3.34],
						"0.2": [-83.42, 173.71, 3.34],
						"0.9667": [-83.42, 173.71, 3.34]
					},
					"position": {
						"0.0": [-6.74, -15.83, 8.6],
						"0.2": [-6.74, -16.33, 8.6],
						"0.3": [-7.74, -16.33, 8.6],
						"0.9": [-7.74, -16.33, 8.6],
						"0.9667": [-6.74, -15.83, 8.6]
					},
					"scale": {
						"0.0": [1, 1.5, 1],
						"0.2": [1, 1.5, 1],
						"0.9667": [1, 1.5, 1]
					}
				},
				"camera": {
					"rotation": {
						"0.0": [0, 0, 0],
						"0.0333": [0.04, 0.01, 0],
						"0.0667": [0.1, 0.02, 0],
						"0.1": [0.17, 0.03, 0],
						"0.1333": [0.25, 0.05, 0],
						"0.1667": [0.35, 0.06, 0],
						"0.2": [0.47, 0.08, 0],
						"0.2333": [0.67, 0.08, 0],
						"0.2667": [0.92, 0.09, 0],
						"0.3": [1.18, 0.1, 0],
						"0.3333": [1.4, 0.11, 0],
						"0.3667": [1.54, 0.13, 0],
						"0.4": [1.53, 0.18, 0],
						"0.4333": [1.38, 0.24, 0],
						"0.4667": [1.28, 0.28, 0],
						"0.5": [1.33, 0.25, 0],
						"0.5333": [1.44, 0.19, 0],
						"0.5667": [1.54, 0.13, 0],
						"0.6": [1.57, 0.09, 0],
						"0.6333": [1.6, 0.04, 0],
						"0.6667": [1.63, 0, 0],
						"0.7": [1.65, -0.04, 0],
						"0.7333": [1.66, -0.06, 0],
						"0.7667": [1.64, -0.06, 0],
						"0.8": [1.59, -0.04, 0],
						"0.8333": [1.55, -0.01, 0],
						"0.8667": [1.54, 0.01, 0],
						"0.9": [1.58, 0.01, 0],
						"0.9333": [2.06, -0.11, 0],
						"0.9667": [2.47, -0.25, 0],
						"1.0": [2.4, -0.28, 0],
						"1.0333": [2.19, -0.29, 0],
						"1.0667": [1.96, -0.29, 0],
						"1.1": [1.82, -0.28, 0],
						"1.1333": [1.81, -0.24, 0],
						"1.1667": [1.86, -0.18, 0],
						"1.2": [1.94, -0.12, 0],
						"1.2333": [1.99, -0.07, 0],
						"1.2667": [1.96, 0.01, 0],
						"1.3": [2, 0.05, 0],
						"1.3333": [2.095, -0.01, 0],
						"1.3667": [1.7475, -0.09, 0],
						"1.4": [0.42, -0.17, 0],
						"1.4333": [0.06, -0.09, 0],
						"1.4667": [-0.17, -0.04, 0],
						"1.5": [-0.1, 0, 0],
						"1.5333": [0.16, 0, 0],
						"1.5667": [0.1, 0, 0],
						"1.6": [-0.03, 0, 0],
						"1.6333": [-0.12, 0, 0],
						"1.6667": [-0.11, 0, 0],
						"1.7": [-0.08, 0, 0.06],
						"1.7333": [-0.03, 0, 0.02],
						"1.7667": [0, 0, 0]
					}
				},
				"dc17": {
					"rotation": {
						"0.0": [0, 0, 10],
						"0.0333": [-4.8525, -0.99, 6.5475],
						"0.1": [-9.0375, -2.45, -0.53],
						"0.2": {
							"pre": [-33.7675, -17.57, -5.5575],
							"post": [-33.7675, -17.57, -5.5575],
							"lerp_mode": "catmullrom"
						},
						"0.3": {
							"post": [-37.84679, -12.32475, -12.45073],
							"lerp_mode": "catmullrom"
						},
						"0.3667": {
							"post": [-38.765, -8.5, -7.5],
							"lerp_mode": "catmullrom"
						},
						"0.4333": {
							"post": [-39.0424, -10, -9.5],
							"lerp_mode": "catmullrom"
						},
						"0.5": {
							"post": [-40.355, -10, -8.5],
							"lerp_mode": "catmullrom"
						},
						"0.5667": {
							"post": [-40.90799, -10, -9.84939],
							"lerp_mode": "catmullrom"
						},
						"0.6333": {
							"post": [-40.675, -8.79, -9],
							"lerp_mode": "catmullrom"
						},
						"0.7": {
							"post": [-40.5, -9.71, -10],
							"lerp_mode": "catmullrom"
						},
						"0.7667": {
							"post": [-40.40146, -10.62596, -9],
							"lerp_mode": "catmullrom"
						},
						"0.8333": {
							"post": [-40.76582, -9.33383, -10],
							"lerp_mode": "catmullrom"
						},
						"0.9333": {
							"post": [-39.7125, -10.5825, -10.73],
							"lerp_mode": "catmullrom"
						},
						"0.9667": {
							"post": [-31.065, -9.5125, -11.0475],
							"lerp_mode": "catmullrom"
						},
						"1.0333": [-10.01, -0.63, -12.205],
						"1.1": [-3.97, 1.88, -11.1375],
						"1.1333": [-1.57, 2.05, -10.3675],
						"1.1667": [-0.65, 1.84, -8.49],
						"1.2": [0, 1.29, -6.12],
						"1.2667": [0.71, -0.04, -2.11],
						"1.3": [0.9, -0.45, -0.72],
						"1.3667": {
							"pre": [0.12, -0.18, 5.645],
							"post": [0.12, -0.18, 5.645],
							"lerp_mode": "catmullrom"
						},
						"1.4667": {
							"post": [0.05, -0.44, 9.985],
							"lerp_mode": "catmullrom"
						},
						"1.6": [0, 0, 10]
					},
					"position": {
						"0.0": [-6, 0, 0],
						"0.0333": [-7.08, 0.05, -0.21],
						"0.1": {
							"pre": [-7.32, 1.065, -0.2925],
							"post": [-7.32, 1.065, -0.2925],
							"lerp_mode": "catmullrom"
						},
						"0.1667": {
							"post": [-7.975, 2.305, 0.09],
							"lerp_mode": "catmullrom"
						},
						"0.2333": {
							"post": [-8.875, 0.135, 1.07],
							"lerp_mode": "catmullrom"
						},
						"0.3": [-9.2225, -0.6875, 1.9875],
						"0.3333": [-9.4725, -0.775, 2.08],
						"0.3667": [-9.4825, -0.72, 2.245],
						"0.4333": [-9.5025, -0.7425, 2.025],
						"0.4667": [-9.5025, -0.6725, 1.935],
						"0.5": [-9.5025, -0.6225, 1.945],
						"0.5333": [-9.5025, -0.5825, 1.995],
						"0.6": [-9.5025, -0.5325, 2.005],
						"0.6333": [-9.5025, -0.5225, 1.985],
						"0.6667": [-9.5025, -0.5125, 1.955],
						"0.7": [-9.5025, -0.5025, 1.935],
						"0.7667": [-9.5025, -0.5325, 1.885],
						"0.9333": {
							"pre": [-8.74, 0.4625, -0.21],
							"post": [-8.74, 0.4625, -0.21],
							"lerp_mode": "catmullrom"
						},
						"1.0333": [-7.83, -0.87, -0.03],
						"1.1": [-7.1075, -1.35, 0.26],
						"1.1333": [-6.7375, -1.25, 0.03],
						"1.1667": [-6.6575, -1.01, -0.35],
						"1.2": [-6.5875, -0.81, -0.61],
						"1.2667": {
							"pre": [-6.5075, -0.72, -0.5],
							"post": [-6.5075, -0.72, -0.5],
							"lerp_mode": "catmullrom"
						},
						"1.3667": {
							"post": [-6.4375, -0.12, 0.57],
							"lerp_mode": "catmullrom"
						},
						"1.5": {
							"post": [-6.18, -0.02, 0.28],
							"lerp_mode": "catmullrom"
						},
						"1.6": [-6, 0, -0.02]
					}
				},
				"dc17s": {
					"rotation": {
						"0.0": [0, 0, -10],
						"0.0333": [-4.8525, 0.99, -6.4225],
						"0.1": [-9.0375, 2.45, 0.53],
						"0.2": {
							"pre": [-33.7675, 17.57, 5.5575],
							"post": [-33.7675, 17.57, 5.5575],
							"lerp_mode": "catmullrom"
						},
						"0.3": {
							"post": [-37.84679, 12.32475, 12.45073],
							"lerp_mode": "catmullrom"
						},
						"0.3667": {
							"post": [-38.765, 8.5, 7.5],
							"lerp_mode": "catmullrom"
						},
						"0.4333": {
							"post": [-39.0424, 10, 9.5],
							"lerp_mode": "catmullrom"
						},
						"0.5": {
							"post": [-40.355, 10, 8.5],
							"lerp_mode": "catmullrom"
						},
						"0.5667": {
							"post": [-40.90799, 10, 9.84939],
							"lerp_mode": "catmullrom"
						},
						"0.6333": {
							"post": [-40.675, 8.79, 9],
							"lerp_mode": "catmullrom"
						},
						"0.7": {
							"post": [-40.5, 9.71, 10],
							"lerp_mode": "catmullrom"
						},
						"0.7667": {
							"post": [-40.40146, 10.62596, 9],
							"lerp_mode": "catmullrom"
						},
						"0.8333": {
							"post": [-40.76582, 9.33383, 10],
							"lerp_mode": "catmullrom"
						},
						"0.9333": {
							"post": [-39.7125, 10.5825, 10.73],
							"lerp_mode": "catmullrom"
						},
						"0.9667": {
							"post": [-31.065, 9.5125, 11.0475],
							"lerp_mode": "catmullrom"
						},
						"1.0333": [-10.01, 0.63, 12.205],
						"1.1": [-3.97, -1.88, 11.1375],
						"1.1333": [-1.57, -2.05, 10.3675],
						"1.1667": [-0.65, -1.84, 8.49],
						"1.2": [0, -1.29, 6.12],
						"1.2667": [0.71, 0.04, 2.11],
						"1.3": [0.9, 0.45, 0.72],
						"1.3667": {
							"pre": [0.12, 0.18, -5.645],
							"post": [0.12, 0.18, -5.645],
							"lerp_mode": "catmullrom"
						},
						"1.4667": {
							"post": [0.05, 0.44, -9.985],
							"lerp_mode": "catmullrom"
						},
						"1.6": [0, 0, -10]
					},
					"position": {
						"0.0": [6, 0, 0],
						"0.0333": [7.08, 0.05, -0.21],
						"0.1": {
							"pre": [7.32, 1.065, -0.2925],
							"post": [7.32, 1.065, -0.2925],
							"lerp_mode": "catmullrom"
						},
						"0.1667": {
							"post": [7.975, 2.305, 0.09],
							"lerp_mode": "catmullrom"
						},
						"0.2333": {
							"post": [8.875, 0.135, 1.07],
							"lerp_mode": "catmullrom"
						},
						"0.3": [9.2225, -0.6875, 1.9875],
						"0.3333": [9.4725, -0.775, 2.08],
						"0.3667": [9.4825, -0.72, 2.245],
						"0.4333": [9.5025, -0.7425, 2.025],
						"0.4667": [9.5025, -0.6725, 1.935],
						"0.5": [9.5025, -0.6225, 1.945],
						"0.5333": [9.5025, -0.5825, 1.995],
						"0.6": [9.5025, -0.5325, 2.005],
						"0.6333": [9.5025, -0.5225, 1.985],
						"0.6667": [9.5025, -0.5125, 1.955],
						"0.7": [9.5025, -0.5025, 1.935],
						"0.7667": [9.5025, -0.5325, 1.885],
						"0.9333": {
							"pre": [8.74, 0.4625, -0.21],
							"post": [8.74, 0.4625, -0.21],
							"lerp_mode": "catmullrom"
						},
						"1.0333": [7.83, -0.87, -0.03],
						"1.1": [7.1075, -1.35, 0.26],
						"1.1333": [6.7375, -1.25, 0.03],
						"1.1667": [6.6575, -1.01, -0.35],
						"1.2": [6.5875, -0.81, -0.61],
						"1.2667": {
							"pre": [6.5075, -0.72, -0.5],
							"post": [6.5075, -0.72, -0.5],
							"lerp_mode": "catmullrom"
						},
						"1.3667": {
							"post": [6.4375, -0.12, 0.57],
							"lerp_mode": "catmullrom"
						},
						"1.5": {
							"post": [6.18, -0.02, 0.28],
							"lerp_mode": "catmullrom"
						},
						"1.6": [6, 0, 0]
					}
				}
			},
			"sound_effects": {
				"0.0": {
					"effect": "swb2:dc17/dc17_reload_tactical"
				}
			}
		},
		"reload_empty": {
			"animation_length": 2.8,
			"bones": {
				"mag_release": {
					"position": {
						"0.7667": [0, 0, 0],
						"0.8": [0.06, 0, 0],
						"0.8333": [0.13, 0, 0],
						"0.8667": [0.13, 0, 0],
						"0.9": [0.13, 0, 0],
						"0.9333": [0.13, 0, 0],
						"0.9667": [0.13, 0, 0],
						"1.0": [0.13, 0, 0],
						"1.0333": [0.13, 0, 0],
						"1.0667": [0.13, 0, 0],
						"1.1": [0.06, 0, 0],
						"1.1333": [0, 0, 0],
						"1.1667": [0, 0, 0],
						"1.2": [0, 0, 0],
						"1.2333": [0, 0, 0],
						"1.2667": [0, 0, 0],
						"1.3": [0, 0, 0],
						"1.3333": [0.06, 0, 0],
						"1.3667": [0.13, 0, 0],
						"1.4": [0.13, 0, 0],
						"1.4333": [0.13, 0, 0],
						"1.4667": [0.06, 0, 0],
						"1.5": [0, 0, 0]
					}
				},
				"root": {
					"position": {
						"0.0": [0, 0, 0],
						"0.0333": [0, 0.05, -0.21],
						"0.1": {
							"pre": [0, -0.31, -0.73],
							"post": [0, -0.31, -0.73],
							"lerp_mode": "catmullrom"
						},
						"0.1667": {
							"post": [0, 0.055, -0.91],
							"lerp_mode": "catmullrom"
						},
						"0.2333": {
							"post": [0, 1.3225, -0.93],
							"lerp_mode": "catmullrom"
						},
						"0.3": [0, 1.75, -0.2],
						"0.3667": [0, 1.9675, 0.12],
						"0.4": [0, 1.895, 0.02],
						"0.4333": [0, 1.945, -0.1],
						"0.4667": [0, 2.015, -0.19],
						"0.5": [0, 2.065, -0.18],
						"0.5333": [0, 2.105, -0.13],
						"0.5667": [0, 2.135, -0.11],
						"0.6": [0, 2.155, -0.12],
						"0.6333": [0, 2.165, -0.14],
						"0.6667": [0, 2.175, -0.17],
						"0.7": [0, 2.185, -0.19],
						"0.7333": [0, 2.175, -0.22],
						"0.8667": {
							"pre": [0, 0.2975, -4.22],
							"post": [0, 0.2975, -4.22],
							"lerp_mode": "catmullrom"
						},
						"0.9667": {
							"post": [0, 0.5225, -2.42],
							"lerp_mode": "catmullrom"
						},
						"1.1333": {
							"post": [0, 1.1125, -0.4975],
							"lerp_mode": "catmullrom"
						},
						"1.2667": {
							"post": [0, 1.4125, -1.23],
							"lerp_mode": "catmullrom"
						},
						"1.4": {
							"post": [0, 1.4325, -1.27],
							"lerp_mode": "catmullrom"
						},
						"1.5333": [0, 1.4125, -1.23],
						"1.7": {
							"pre": [0, 1.4125, -1.18],
							"post": [0, 1.4125, -1.18],
							"lerp_mode": "catmullrom"
						},
						"1.8333": [0, 1.405, -0.24],
						"1.9667": {
							"pre": [0, 0.4625, -0.21],
							"post": [0, 0.4625, -0.21],
							"lerp_mode": "catmullrom"
						},
						"2.1": [0, -0.4325, -0.03],
						"2.1333": [0, -0.7425, 0.065],
						"2.1667": [0, -0.9125, -0.0525],
						"2.2": [0, -0.9375, -0.2825],
						"2.2333": [0, -0.885, -0.6],
						"2.2667": [0, -0.81, -0.61],
						"2.3": [0, -0.75, -0.62],
						"2.3333": [0, -0.72, -0.5],
						"2.3667": [0, -0.65, -0.31],
						"2.4": [0, -0.38, 0.19],
						"2.4333": [0, -0.12, 0.57],
						"2.4667": [0, -0.06, 0.45],
						"2.5": [0, -0.05, 0.15],
						"2.5333": [0, -0.04, -0.07],
						"2.5667": [0, -0.02, -0.11],
						"2.6": [0, -0.01, -0.07],
						"2.6333": [0, 0, -0.03],
						"2.6667": [0, 0, -0.02],
						"2.7": [0, 0, -0.01],
						"2.7333": [0, 0, -0.01],
						"2.7667": [0, 0, 0]
					}
				},
				"lefthand": {
					"rotation": {
						"0.0": [-83.42, -173.71, -3.34],
						"2.1": [-83.42, -173.71, -3.34]
					},
					"position": {
						"0.0": [6.66, -16, 8.58],
						"0.2": [6.66, -16.5, 8.58],
						"0.3": [8.16, -16.5, 8.58],
						"0.8": [8.16, -16.5, 8.58],
						"0.8667": [6.66, -16.5, 8.58],
						"1.0333": [6.66, -16.5, 8.58],
						"1.1": [7.66, -16.5, 8.58],
						"1.9333": [7.66, -16.5, 8.58],
						"2.1": [6.66, -16, 8.58]
					},
					"scale": {
						"0.0": [1, 1.5, 1],
						"2.1": [1, 1.5, 1]
					}
				},
				"righthand": {
					"rotation": {
						"0.0": [-83.42, 173.71, 3.34],
						"0.2": [-83.42, 173.71, 3.34],
						"0.8667": [-83.42, 173.71, 3.34],
						"1.0333": [-83.42, 173.71, 3.34],
						"2.1": [-83.42, 173.71, 3.34]
					},
					"position": {
						"0.0": [-6.74, -15.83, 8.6],
						"0.2": [-6.74, -16.33, 8.6],
						"0.3": [-7.74, -16.33, 8.6],
						"0.8": [-7.74, -16.33, 8.6],
						"0.8667": [-6.74, -16.33, 8.6],
						"1.0333": [-6.74, -16.33, 8.6],
						"1.1": [-7.74, -16.33, 8.6],
						"1.9333": [-7.74, -16.33, 8.6],
						"2.1": [-6.74, -15.83, 8.6]
					},
					"scale": {
						"0.0": [1, 1.5, 1],
						"0.2": [1, 1.5, 1],
						"0.8667": [1, 1.5, 1],
						"1.0333": [1, 1.5, 1],
						"2.1": [1, 1.5, 1]
					}
				},
				"dc17": {
					"rotation": {
						"0.0": [0, 0, 10],
						"0.0333": [-4.8525, -0.99, -0.14],
						"0.0667": [-9.0375, -2.45, -0.53],
						"0.2": {
							"pre": [-14.58, -10.0075, -9.6825],
							"post": [-14.58, -10.0075, -9.6825],
							"lerp_mode": "catmullrom"
						},
						"0.3": {
							"post": [-37.84679, -12.32475, -12.45073],
							"lerp_mode": "catmullrom"
						},
						"0.3333": [-41.15228, -12.43547, -12.00154],
						"0.3667": [-41.2, -11.78, -12.5925],
						"0.4": [-40.97, -10.98, -10.7025],
						"0.4333": [-40.92, -10.74, -10.9925],
						"0.4667": [-41.14, -10.78, -11.4925],
						"0.5": [-41.47, -10.92, -11.0625],
						"0.5333": [-41.92, -11.15, -10.3325],
						"0.5667": [-42.39, -11.36, -9.6425],
						"0.6": [-42.73, -11.43, -9.3425],
						"0.6333": [-42.92, -11.31, -9.5825],
						"0.6667": [-43.04, -11.04, -10.1525],
						"0.7": [-43.08, -10.76, -10.8725],
						"0.7333": [-43.05, -10.54, -11.5325],
						"0.8": {
							"pre": [-37.605, -29.4475, -27.11],
							"post": [-37.605, -29.4475, -27.11],
							"lerp_mode": "catmullrom"
						},
						"0.8667": [-29.62735, -11.17591, -0.63453],
						"0.9333": {
							"pre": [-24.6507, -0.0819, 12.68059],
							"post": [-24.6507, -0.0819, 12.68059],
							"lerp_mode": "catmullrom"
						},
						"1.0333": [-29.29174, -5.63614, 5.99941],
						"1.2": {
							"pre": [-33.96, -21.47, -20.92],
							"post": [-33.96, -21.47, -20.92],
							"lerp_mode": "catmullrom"
						},
						"1.3": {
							"post": [-34.63743, -23.08473, -15.65068],
							"lerp_mode": "catmullrom"
						},
						"1.4": {
							"post": [-34.73, -23.01, -17.95],
							"lerp_mode": "catmullrom"
						},
						"1.5333": {
							"post": [-34.63743, -23.08473, -18.65068],
							"lerp_mode": "catmullrom"
						},
						"1.7": {
							"post": [-34.37, -25.7, -18.345],
							"lerp_mode": "catmullrom"
						},
						"1.8333": {
							"post": [-34.85, -26.79, -20.21],
							"lerp_mode": "catmullrom"
						},
						"2.0": {
							"post": [-30.59, -25.39, -21.4025],
							"lerp_mode": "catmullrom"
						},
						"2.1333": {
							"post": [-10.01, -2.505, -16.705],
							"lerp_mode": "catmullrom"
						},
						"2.2333": [-1.57, 2.05, -10.3675],
						"2.2667": [-0.65, 1.84, -8.49],
						"2.3": [0, 1.29, -6.12],
						"2.3333": [0.43, 0.6, -3.95],
						"2.3667": [0.71, -0.04, -2.11],
						"2.4": [0.9, -0.45, -0.72],
						"2.4333": [0.67, -0.45, 0.33],
						"2.5": {
							"pre": [0.08, -0.49, 5.25],
							"post": [0.08, -0.49, 5.25],
							"lerp_mode": "catmullrom"
						},
						"2.6": {
							"post": [-0.01, -0.09, 9],
							"lerp_mode": "catmullrom"
						},
						"2.7": [0, 0, 10]
					},
					"position": {
						"0.0": [-6, 0, 0],
						"0.0333": [-6.08, 0.05, -0.21],
						"0.1": {
							"pre": [-6.32, 0.315, -0.73],
							"post": [-6.32, 0.315, -0.73],
							"lerp_mode": "catmullrom"
						},
						"0.1667": {
							"post": [-6.35, 1.055, -0.285],
							"lerp_mode": "catmullrom"
						},
						"0.2333": {
							"post": [-7.4375, 1.9475, 1.2575],
							"lerp_mode": "catmullrom"
						},
						"0.3": [-8.2225, -0.6875, 1.9875],
						"0.3333": [-8.285, -1.025, 2.08],
						"0.3667": [-8.2325, -1.095, 2.12],
						"0.4": [-8.2425, -1.1675, 2.02],
						"0.4333": [-8.2525, -1.1175, 1.9],
						"0.4667": [-8.2525, -1.0475, 1.81],
						"0.5": [-8.2525, -0.9975, 1.82],
						"0.5333": [-8.2525, -0.9575, 1.87],
						"0.5667": [-8.2525, -0.9275, 1.89],
						"0.6": [-8.2525, -0.9075, 1.88],
						"0.6333": [-8.2525, -0.8975, 1.86],
						"0.6667": [-8.2525, -0.8875, 1.83],
						"0.7": [-8.2525, -0.8775, 1.81],
						"0.7333": [-8.2525, -0.8875, 1.78],
						"0.8667": {
							"pre": [-7.94, -0.015, -0.22],
							"post": [-7.94, -0.015, -0.22],
							"lerp_mode": "catmullrom"
						},
						"0.9667": {
							"post": [-7.0275, 1.3975, 1.1425],
							"lerp_mode": "catmullrom"
						},
						"1.1333": {
							"post": [-7.4275, 1.8, 1.3775],
							"lerp_mode": "catmullrom"
						},
						"1.2667": {
							"post": [-7.94, 0.1, 0.77],
							"lerp_mode": "catmullrom"
						},
						"1.4": {
							"post": [-7.9, 0.12, 0.73],
							"lerp_mode": "catmullrom"
						},
						"1.5333": [-7.94, 0.1, 0.77],
						"1.7": {
							"pre": [-7.94, 0.1, 0.82],
							"post": [-7.94, 0.1, 0.82],
							"lerp_mode": "catmullrom"
						},
						"1.8333": {
							"post": [-7.77, 0.3, 1.23],
							"lerp_mode": "catmullrom"
						},
						"2.0": {
							"post": [-7.315, 0.0925, 0.76],
							"lerp_mode": "catmullrom"
						},
						"2.1333": {
							"post": [-6.83, -0.87, 0.1575],
							"lerp_mode": "catmullrom"
						},
						"2.2": {
							"post": [-6.42, -1.1625, -0.115],
							"lerp_mode": "catmullrom"
						},
						"2.2667": [-6.22, -1.01, -0.35],
						"2.3": [-6.15, -0.81, -0.61],
						"2.3333": [-6.1, -0.75, -0.62],
						"2.3667": [-6.07, -0.72, -0.5],
						"2.4": [-6.05, -0.65, -0.31],
						"2.4333": [-6.02, -0.38, 0.19],
						"2.4667": [-6, -0.12, 0.57],
						"2.5": [-6, -0.06, 0.45],
						"2.5333": [-6, -0.05, 0.15],
						"2.5667": [-6, -0.04, -0.07],
						"2.6": [-6, 0, -0.02],
						"2.6333": [-6, 0, -0.01],
						"2.6667": [-6, 0, -0.01],
						"2.7": [-6, 0, 0]
					}
				},
				"dc17s": {
					"rotation": {
						"0.0": [0, 0, -10],
						"0.0333": [-4.8525, 0.99, 0.14],
						"0.0667": [-9.0375, 2.45, 0.53],
						"0.2": {
							"pre": [-14.58, 10.0075, 9.6825],
							"post": [-14.58, 10.0075, 9.6825],
							"lerp_mode": "catmullrom"
						},
						"0.3": {
							"post": [-37.84679, 12.32475, 12.45073],
							"lerp_mode": "catmullrom"
						},
						"0.3333": [-41.15228, 12.43547, 12.00154],
						"0.3667": [-41.2, 11.78, 12.5925],
						"0.4": [-40.97, 10.98, 10.7025],
						"0.4333": [-40.92, 10.74, 10.9925],
						"0.4667": [-41.14, 10.78, 11.4925],
						"0.5": [-41.47, 10.92, 11.0625],
						"0.5333": [-41.92, 11.15, 10.3325],
						"0.5667": [-42.39, 11.36, 9.6425],
						"0.6": [-42.73, 11.43, 9.3425],
						"0.6333": [-42.92, 11.31, 9.5825],
						"0.6667": [-43.04, 11.04, 10.1525],
						"0.7": [-43.08, 10.76, 10.8725],
						"0.7333": [-43.05, 10.54, 11.5325],
						"0.8": {
							"pre": [-37.605, 29.4475, 27.11],
							"post": [-37.605, 29.4475, 27.11],
							"lerp_mode": "catmullrom"
						},
						"0.8667": [-29.62735, 11.17591, 0.63453],
						"0.9333": {
							"pre": [-24.6507, 0.0819, -12.68059],
							"post": [-24.6507, 0.0819, -12.68059],
							"lerp_mode": "catmullrom"
						},
						"1.0333": [-29.29174, 5.63614, -5.99941],
						"1.2": {
							"pre": [-33.96, 21.47, 20.92],
							"post": [-33.96, 21.47, 20.92],
							"lerp_mode": "catmullrom"
						},
						"1.3": {
							"post": [-34.63743, 23.08473, 15.65068],
							"lerp_mode": "catmullrom"
						},
						"1.4": {
							"post": [-34.73, 23.01, 17.95],
							"lerp_mode": "catmullrom"
						},
						"1.5333": {
							"post": [-34.63743, 23.08473, 18.65068],
							"lerp_mode": "catmullrom"
						},
						"1.7": {
							"post": [-34.37, 25.7, 18.345],
							"lerp_mode": "catmullrom"
						},
						"1.8333": {
							"post": [-34.85, 26.79, 20.21],
							"lerp_mode": "catmullrom"
						},
						"2.0": {
							"post": [-30.59, 25.39, 21.4025],
							"lerp_mode": "catmullrom"
						},
						"2.1333": {
							"post": [-10.01, 2.505, 16.705],
							"lerp_mode": "catmullrom"
						},
						"2.2333": [-1.57, -2.05, 10.3675],
						"2.2667": [-0.65, -1.84, 8.49],
						"2.3": [0, -1.29, 6.12],
						"2.3333": [0.43, -0.6, 3.95],
						"2.3667": [0.71, 0.04, 2.11],
						"2.4": [0.9, 0.45, 0.72],
						"2.4333": [0.67, 0.45, -0.33],
						"2.5": {
							"pre": [0.08, 0.49, -5.25],
							"post": [0.08, 0.49, -5.25],
							"lerp_mode": "catmullrom"
						},
						"2.6": {
							"post": [-0.01, 0.09, -9],
							"lerp_mode": "catmullrom"
						},
						"2.7": [0, 0, -10]
					},
					"position": {
						"0.0": [6, 0, 0],
						"0.0333": [6.08, 0.05, -0.21],
						"0.1": {
							"pre": [6.32, 0.315, -0.73],
							"post": [6.32, 0.315, -0.73],
							"lerp_mode": "catmullrom"
						},
						"0.1667": {
							"post": [6.35, 1.055, -0.285],
							"lerp_mode": "catmullrom"
						},
						"0.2333": {
							"post": [7.4375, 1.9475, 1.2575],
							"lerp_mode": "catmullrom"
						},
						"0.3": [8.2225, -0.6875, 1.9875],
						"0.3333": [8.285, -1.025, 2.08],
						"0.3667": [8.2325, -1.095, 2.12],
						"0.4": [8.2425, -1.1675, 2.02],
						"0.4333": [8.2525, -1.1175, 1.9],
						"0.4667": [8.2525, -1.0475, 1.81],
						"0.5": [8.2525, -0.9975, 1.82],
						"0.5333": [8.2525, -0.9575, 1.87],
						"0.5667": [8.2525, -0.9275, 1.89],
						"0.6": [8.2525, -0.9075, 1.88],
						"0.6333": [8.2525, -0.8975, 1.86],
						"0.6667": [8.2525, -0.8875, 1.83],
						"0.7": [8.2525, -0.8775, 1.81],
						"0.7333": [8.2525, -0.8875, 1.78],
						"0.8667": {
							"pre": [7.94, -0.015, -0.22],
							"post": [7.94, -0.015, -0.22],
							"lerp_mode": "catmullrom"
						},
						"0.9667": {
							"post": [7.0275, 1.3975, 1.1425],
							"lerp_mode": "catmullrom"
						},
						"1.1333": {
							"post": [7.4275, 1.8, 1.3775],
							"lerp_mode": "catmullrom"
						},
						"1.2667": {
							"post": [7.94, 0.1, 0.77],
							"lerp_mode": "catmullrom"
						},
						"1.4": {
							"post": [7.9, 0.12, 0.73],
							"lerp_mode": "catmullrom"
						},
						"1.5333": [7.94, 0.1, 0.77],
						"1.7": {
							"pre": [7.94, 0.1, 0.82],
							"post": [7.94, 0.1, 0.82],
							"lerp_mode": "catmullrom"
						},
						"1.8333": {
							"post": [7.77, 0.3, 1.23],
							"lerp_mode": "catmullrom"
						},
						"2.0": {
							"post": [7.315, 0.0925, 0.76],
							"lerp_mode": "catmullrom"
						},
						"2.1333": {
							"post": [6.83, -0.87, 0.1575],
							"lerp_mode": "catmullrom"
						},
						"2.2": {
							"post": [6.42, -1.1625, -0.115],
							"lerp_mode": "catmullrom"
						},
						"2.2667": [6.22, -1.01, -0.35],
						"2.3": [6.15, -0.81, -0.61],
						"2.3333": [6.1, -0.75, -0.62],
						"2.3667": [6.07, -0.72, -0.5],
						"2.4": [6.05, -0.65, -0.31],
						"2.4333": [6.02, -0.38, 0.19],
						"2.4667": [6, -0.12, 0.57],
						"2.5": [6, -0.06, 0.45],
						"2.5333": [6, -0.05, 0.15],
						"2.5667": [6, -0.04, -0.07],
						"2.6": [6, 0, -0.02],
						"2.6333": [6, 0, -0.01],
						"2.6667": [6, 0, -0.01],
						"2.7": [6, 0, 0]
					}
				},
				"camera": {
					"rotation": {
						"0.0": [0, 0, 0],
						"0.0333": [0.04, 0.01, -0.02],
						"0.0667": [0.1, 0.02, -0.04],
						"0.1": [0.17, 0.03, -0.06],
						"0.1333": [0.25, 0.05, -0.1],
						"0.1667": [0.35, 0.06, -0.16],
						"0.2": [0.47, 0.08, -0.24],
						"0.2333": [0.67, 0.08, -0.39],
						"0.2667": [0.92, 0.09, -0.6],
						"0.3": [1.18, 0.1, -0.82],
						"0.3333": [1.4, 0.11, -1.01],
						"0.3667": [1.54, 0.13, -1.12],
						"0.4": [1.53, 0.18, -1.12],
						"0.4333": [1.38, 0.24, -0.98],
						"0.4667": [1.28, 0.28, -0.9],
						"0.5": [1.33, 0.25, -0.95],
						"0.5333": [1.44, 0.19, -1.05],
						"0.5667": [1.54, 0.13, -1.12],
						"0.6": [1.57, 0.09, -1.15],
						"0.6333": [1.6, 0.04, -1.17],
						"0.6667": [1.63, 0, -1.19],
						"0.7": [1.65, -0.04, -1.19],
						"0.7333": [1.66, -0.06, -1.17],
						"0.8": [0.9725, 1.315, -4.17],
						"0.8667": [1.885, 0.1275, 0.0175],
						"0.9667": [1.78, 0.835, -1.9875],
						"1.0667": {
							"pre": [1.75, -0.6125, 0.495],
							"post": [1.75, -0.6125, 0.495],
							"lerp_mode": "catmullrom"
						},
						"1.1667": {
							"post": [1.72, -0.05, -1.235],
							"lerp_mode": "catmullrom"
						},
						"1.2667": [1.64, -0.06, -0.17],
						"1.4": {
							"pre": [2.015, -0.06, -0.162],
							"post": [2.015, -0.06, -0.162],
							"lerp_mode": "catmullrom"
						},
						"1.6": [1.64, -0.06, -0.15],
						"1.6333": [1.59, -0.04, -0.11],
						"1.6667": [1.55, -0.01, -0.06],
						"1.7333": [1.58, 0.01, -0.2325],
						"1.8": {
							"pre": [2.06, -0.11, -0.57],
							"post": [2.06, -0.11, -0.57],
							"lerp_mode": "catmullrom"
						},
						"1.9": {
							"post": [2.42, -0.27, -0.46],
							"lerp_mode": "catmullrom"
						},
						"2.0": {
							"post": [2.4, -0.28, -0.51],
							"lerp_mode": "catmullrom"
						},
						"2.1": [1.86, -0.18, -0.775],
						"2.2": {
							"pre": [1.21, 0.01, -0.7925],
							"post": [1.21, 0.01, -0.7925],
							"lerp_mode": "catmullrom"
						},
						"2.2667": {
							"post": [0.7475, -0.09, -0.38],
							"lerp_mode": "catmullrom"
						},
						"2.3333": [0.42, -0.17, -0.18],
						"2.3667": [0.06, -0.09, 0.07],
						"2.4": [-0.17, -0.04, 0.2],
						"2.4333": [-0.1, 0, 0],
						"2.4667": [0.16, 0, -0.29],
						"2.5": [0.1, 0, -0.22],
						"2.5333": [-0.03, 0, -0.05],
						"2.5667": [-0.12, 0, 0.08],
						"2.6": [-0.11, 0, 0.09],
						"2.6333": [-0.08, 0, 0.06],
						"2.6667": [-0.03, 0, 0.02],
						"2.7": [0, 0, 0]
					}
				}
			},
			"sound_effects": {
				"0.0": {
					"effect": "swb2:dc17/dc17_reload_tactical"
				},
				"0.9": {
					"effect": "swb2:dc17/dc17_reload_empty3"
				},
				"2.0667": {
					"effect": "swb2:dc17/dc17_reload_empty4"
				}
			}
		},
		"inspect": {
			"animation_length": 6.45,
			"bones": {
				"bullet": {
					"scale": 0
				},
				"main": {
					"rotation": {
						"2.2": {
							"pre": [0, 0, 0],
							"post": [0, 0, 0],
							"lerp_mode": "catmullrom"
						},
						"2.4": {
							"post": [-0.84, 8.57, 15.89],
							"lerp_mode": "catmullrom"
						},
						"2.55": {
							"post": [-1.44014, 14.68286, 27.51944],
							"lerp_mode": "catmullrom"
						},
						"2.9": {
							"post": [0.3847, 15.80549, 33.54395],
							"lerp_mode": "catmullrom"
						},
						"3.3": {
							"post": [-0.62866, 17.11563, 33.08116],
							"lerp_mode": "catmullrom"
						},
						"3.6": {
							"post": [-0.65248, 15.53765, 32.19561],
							"lerp_mode": "catmullrom"
						},
						"3.8": {
							"post": [-0.73445, 13.2648, 31.77578],
							"lerp_mode": "catmullrom"
						},
						"3.9": {
							"post": [-0.9, 8.14, 16.33],
							"lerp_mode": "catmullrom"
						},
						"4.05": {
							"post": [0, 0, 0],
							"lerp_mode": "catmullrom"
						}
					},
					"position": {
						"2.2": {
							"pre": [0, 0, 0],
							"post": [0, 0, 0],
							"lerp_mode": "catmullrom"
						},
						"2.35": {
							"post": [-0.216, 0.26193, 0.30274],
							"lerp_mode": "catmullrom"
						},
						"2.5": {
							"post": [-1.04729, -0.40442, 1.56498],
							"lerp_mode": "catmullrom"
						},
						"2.65": {
							"post": [-1.55596, -0.68972, 2.36642],
							"lerp_mode": "catmullrom"
						},
						"2.95": {
							"post": [-1.56803, -0.60607, 2.38997],
							"lerp_mode": "catmullrom"
						},
						"3.2": {
							"post": [-1.53577, -0.57531, 2.36734],
							"lerp_mode": "catmullrom"
						},
						"3.6": {
							"post": [-1.47957, -0.57466, 2.29538],
							"lerp_mode": "catmullrom"
						},
						"3.8": {
							"post": [-1.29125, -0.58407, 1.92015],
							"lerp_mode": "catmullrom"
						},
						"3.9": {
							"post": [-0.715, -0.225, 1.09],
							"lerp_mode": "catmullrom"
						},
						"4.05": {
							"post": [0, 0, 0],
							"lerp_mode": "catmullrom"
						}
					}
				},
				"slide": {
					"position": {
						"4.75": [0, 0, 0],
						"4.85": [0, 0, 0.665],
						"5.6": [0, 0, 0.665],
						"5.65": [0, 0, 0]
					}
				},
				"root": {
					"position": {
						"0.0": {
							"post": [0, 0, 0],
							"lerp_mode": "catmullrom"
						},
						"0.1": {
							"post": [0, -0.405, 0.245],
							"lerp_mode": "catmullrom"
						},
						"0.3": {
							"post": [0, -0.3875, 1.575],
							"lerp_mode": "catmullrom"
						},
						"0.45": {
							"post": [0, -0.025, 1.3875],
							"lerp_mode": "catmullrom"
						},
						"0.65": {
							"post": [0, -0.0625, 1.2875],
							"lerp_mode": "catmullrom"
						},
						"1.0": {
							"post": [0, 0.1125, 1.2875],
							"lerp_mode": "catmullrom"
						},
						"1.2": {
							"post": [0, 0.3525, 1.225],
							"lerp_mode": "catmullrom"
						},
						"1.55": {
							"post": [0, 0.4675, 1.225],
							"lerp_mode": "catmullrom"
						},
						"1.9": {
							"post": [0, 0.4075, 1.2275],
							"lerp_mode": "catmullrom"
						},
						"2.05": {
							"post": [0, -0.77, 1.54],
							"lerp_mode": "catmullrom"
						},
						"2.1": {
							"post": [0, -0.805, 1.565],
							"lerp_mode": "catmullrom"
						},
						"2.25": {
							"post": [0, -0.56328, 1.5425],
							"lerp_mode": "catmullrom"
						},
						"2.5": {
							"post": [0, -0.69047, 1.5425],
							"lerp_mode": "catmullrom"
						},
						"3.15": {
							"post": [0, -0.70591, 1.5375],
							"lerp_mode": "catmullrom"
						},
						"3.8": {
							"post": [0, -0.69047, 1.5425],
							"lerp_mode": "catmullrom"
						},
						"4.05": {
							"post": [0, -0.645, 1.5925],
							"lerp_mode": "catmullrom"
						},
						"4.3": {
							"post": [0, -1.47352, 1.5925],
							"lerp_mode": "catmullrom"
						},
						"4.55": {
							"post": [0, -1.4675, 1.9375],
							"lerp_mode": "catmullrom"
						},
						"4.65": {
							"post": [0, -1.63317, 2.1425],
							"lerp_mode": "catmullrom"
						},
						"4.8": {
							"post": [0, -1.70645, 2.0175],
							"lerp_mode": "catmullrom"
						},
						"5.05": {
							"post": [0, -1.72, 2.075],
							"lerp_mode": "catmullrom"
						},
						"5.6": {
							"post": [0, -1.8375, 2.075],
							"lerp_mode": "catmullrom"
						},
						"5.65": {
							"post": [0, -1.72, 2.075],
							"lerp_mode": "catmullrom"
						},
						"5.7": {
							"post": [0, -1.5514, 2.075],
							"lerp_mode": "catmullrom"
						},
						"5.85": {
							"post": [0, -1.7925, 1.6725],
							"lerp_mode": "catmullrom"
						},
						"6.05": {
							"post": [0, -1.1625, -0.2625],
							"lerp_mode": "catmullrom"
						},
						"6.15": {
							"post": [0, -0.2625, 0.2375],
							"lerp_mode": "catmullrom"
						},
						"6.3": {
							"post": [0, -0.0125, -0.0375],
							"lerp_mode": "catmullrom"
						},
						"6.45": {
							"post": [0, 0, 0],
							"lerp_mode": "catmullrom"
						}
					}
				},
				"lefthand": {
					"rotation": [-83.42, -173.71, -3.34],
					"position": [6.66, -16, 8.58],
					"scale": [1, 1.5, 1]
				},
				"righthand": {
					"rotation": [-83.42, 173.71, 3.34],
					"position": [-6.74, -15.83, 8.6],
					"scale": [1, 1.5, 1]
				},
				"camera": {
					"rotation": {
						"0.0": {
							"post": [0, 0, 0],
							"lerp_mode": "catmullrom"
						},
						"0.15": {
							"post": [0.35, 0, -0.2],
							"lerp_mode": "catmullrom"
						},
						"0.35": {
							"post": [-0.8, 0, -0.7],
							"lerp_mode": "catmullrom"
						},
						"0.6": {
							"post": [-1.3, 0, -0.9],
							"lerp_mode": "catmullrom"
						},
						"0.95": {
							"post": [-1.2, 0, -0.7],
							"lerp_mode": "catmullrom"
						},
						"1.25": {
							"post": [3, 0, -0.7],
							"lerp_mode": "catmullrom"
						},
						"1.55": {
							"post": [4.7, 0, -0.7],
							"lerp_mode": "catmullrom"
						},
						"1.85": {
							"post": [5, 0, -0.7],
							"lerp_mode": "catmullrom"
						},
						"2.1": {
							"post": [3.2, 0, -0.7],
							"lerp_mode": "catmullrom"
						},
						"2.2": {
							"post": [4.53, -0.75, 0.525],
							"lerp_mode": "catmullrom"
						},
						"2.45": {
							"post": [5.3, -3.2, -0.325],
							"lerp_mode": "catmullrom"
						},
						"2.85": {
							"post": [5.7, -4.1, 0.6],
							"lerp_mode": "catmullrom"
						},
						"3.1": {
							"post": [5.66, -4.1, 0.6],
							"lerp_mode": "catmullrom"
						},
						"3.3": {
							"post": [4.9, -5.6, 0.6],
							"lerp_mode": "catmullrom"
						},
						"3.6": {
							"post": [4.54, -5.7, 0.3],
							"lerp_mode": "catmullrom"
						},
						"3.8": {
							"post": [4.5, -5.7, 0.2],
							"lerp_mode": "catmullrom"
						},
						"4.0": {
							"post": [2.4, -0.91, -0.6],
							"lerp_mode": "catmullrom"
						},
						"4.15": {
							"post": [1.6, 0.2, -0.7],
							"lerp_mode": "catmullrom"
						},
						"4.4": {
							"post": [2.74, 0.71, -0.175],
							"lerp_mode": "catmullrom"
						},
						"4.75": {
							"post": [5.7875, 3.8, 0.4],
							"lerp_mode": "catmullrom"
						},
						"4.95": {
							"post": [5.83, 4.35, 0.275],
							"lerp_mode": "catmullrom"
						},
						"5.1": {
							"post": [6.02, 4.6, 0.7],
							"lerp_mode": "catmullrom"
						},
						"5.35": {
							"post": [6.2, 4.6, 0.8],
							"lerp_mode": "catmullrom"
						},
						"5.6": {
							"post": [4.5925, 4.72, 0.4],
							"lerp_mode": "catmullrom"
						},
						"5.75": {
							"post": [2, 4.4, -0.15],
							"lerp_mode": "catmullrom"
						},
						"5.95": {
							"post": [0.61, 1, 0.225],
							"lerp_mode": "catmullrom"
						},
						"6.05": {
							"post": [0, 0.25, -0.06],
							"lerp_mode": "catmullrom"
						},
						"6.1": {
							"post": [0.375, 0.1, 0.45],
							"lerp_mode": "catmullrom"
						},
						"6.25": {
							"post": [-0.075, 0, -0.15],
							"lerp_mode": "catmullrom"
						},
						"6.4": {
							"post": [0, 0, 0],
							"lerp_mode": "catmullrom"
						},
						"6.6": {
							"post": [0, 0, 0],
							"lerp_mode": "catmullrom"
						}
					}
				},
				"dc17": {
					"rotation": {
						"0.0": [0, 0, 10],
						"0.05": {
							"pre": [0, 0, 0],
							"post": [0, 0, 0],
							"lerp_mode": "catmullrom"
						},
						"0.2": {
							"post": [1.41878, -32.6402, -30.55741],
							"lerp_mode": "catmullrom"
						},
						"0.35": {
							"post": [17.13043, -59.61932, -72.33833],
							"lerp_mode": "catmullrom"
						},
						"0.5": {
							"post": [28.975, -60.035, -87.94],
							"lerp_mode": "catmullrom"
						},
						"0.75": {
							"post": [30.92412, -59.90293, -87.91478],
							"lerp_mode": "catmullrom"
						},
						"1.1": {
							"post": [31.77, -60.36, -89.09],
							"lerp_mode": "catmullrom"
						},
						"1.3": {
							"post": [39.31625, -57.06039, -98.29279],
							"lerp_mode": "catmullrom"
						},
						"1.6": {
							"post": [37.75361, -58.30658, -96.72799],
							"lerp_mode": "catmullrom"
						},
						"1.95": {
							"post": [35.22935, -59.1162, -92.88548],
							"lerp_mode": "catmullrom"
						},
						"2.0": {
							"post": [29.26, -58.95, -84.79],
							"lerp_mode": "catmullrom"
						},
						"2.15": [6.69829, -58.01955, -54.35519],
						"2.25": [6.7, -58.02, -54.36],
						"2.4": {
							"pre": [-4.79116, -57.89797, -49.65235],
							"post": [-4.79116, -57.89797, -49.65235],
							"lerp_mode": "catmullrom"
						},
						"2.7": {
							"post": [-26.95703, -53.8341, -14.26554],
							"lerp_mode": "catmullrom"
						},
						"3.05": {
							"post": [-26.95703, -53.8341, -14.26554],
							"lerp_mode": "catmullrom"
						},
						"3.55": [6.7, -58.02, -54.36],
						"3.8": [6.7, -58.02, -54.36],
						"4.0": [6.69829, -58.01955, -54.35519],
						"4.25": {
							"pre": [-57.59183, 5.98548, 48.09306],
							"post": [-57.59183, 5.98548, 48.09306],
							"lerp_mode": "catmullrom"
						},
						"4.7": {
							"post": [-52.6075, 10.05, 79.895],
							"lerp_mode": "catmullrom"
						},
						"5.2": {
							"post": [-50.34, 5.99, 60.09],
							"lerp_mode": "catmullrom"
						},
						"5.35": {
							"post": [-47.57521, 0, 54.6078],
							"lerp_mode": "catmullrom"
						},
						"5.5": [-30.2749, 0, 43.23281],
						"5.65": {
							"pre": [0, 0, 8],
							"post": [0, 0, 8],
							"lerp_mode": "catmullrom"
						},
						"5.8": {
							"post": [0, 0, 13],
							"lerp_mode": "catmullrom"
						},
						"5.95": [0, 0, 10]
					},
					"position": {
						"0.0": [-6, 0, 0],
						"0.05": {
							"pre": [-5.75, 0, 0],
							"post": [-5.75, 0, 0],
							"lerp_mode": "catmullrom"
						},
						"0.15": {
							"post": [-7.2875, 0.22, -2.13],
							"lerp_mode": "catmullrom"
						},
						"0.35": {
							"post": [-10.5, -2.0125, -2.9875],
							"lerp_mode": "catmullrom"
						},
						"0.5": {
							"post": [-9.8375, -1.65, -3.175],
							"lerp_mode": "catmullrom"
						},
						"0.7": {
							"post": [-9.9875, -1.6875, -3.275],
							"lerp_mode": "catmullrom"
						},
						"1.05": {
							"post": [-9.9125, -1.5125, -3.275],
							"lerp_mode": "catmullrom"
						},
						"1.25": {
							"post": [-9.9125, -1.2725, -3.3375],
							"lerp_mode": "catmullrom"
						},
						"1.6": {
							"post": [-9.9625, -1.1575, -3.3375],
							"lerp_mode": "catmullrom"
						},
						"1.95": {
							"post": [-9.9625, -1.2175, -3.335],
							"lerp_mode": "catmullrom"
						},
						"2.1": {
							"post": [-10.2125, 1.605, -3.0225],
							"lerp_mode": "catmullrom"
						},
						"2.15": [-10.27, 1.57, -2.9975],
						"2.25": [-10.27, 1.57, -3],
						"2.4": [-10.27, 1.57, -3],
						"2.6": {
							"pre": [-10.27, 1.2, -3],
							"post": [-10.27, 1.2, -3],
							"lerp_mode": "catmullrom"
						},
						"2.75": {
							"post": [-10.27, 1.57, -3],
							"lerp_mode": "catmullrom"
						},
						"3.0": {
							"post": [-10.27, 1.3, -3],
							"lerp_mode": "catmullrom"
						},
						"3.45": {
							"post": [-10.27, 1.25, -3],
							"lerp_mode": "catmullrom"
						},
						"3.8": [-10.27, 1.57, -3],
						"3.95": {
							"pre": [-9.5875, 1.605, -3.335],
							"post": [-9.5875, 1.605, -3.335],
							"lerp_mode": "catmullrom"
						},
						"4.1": [-6.3325, 0.695, -3.31],
						"4.25": {
							"pre": [-4.27, -0.43, -3.31],
							"post": [-4.27, -0.43, -3.31],
							"lerp_mode": "catmullrom"
						},
						"5.2": [-4.27, -0.2425, -3.31],
						"5.35": [-4.27, -0.2425, -3.31],
						"5.65": [-6, 0, 0],
						"5.75": {
							"pre": [-6.5, 0, 0],
							"post": [-6.5, 0, 0],
							"lerp_mode": "catmullrom"
						},
						"5.85": [-6, 0, 0]
					}
				},
				"dc17s": {
					"rotation": {
						"0.0": [0, 0, -10],
						"0.05": {
							"pre": [0, 0, 0],
							"post": [0, 0, 0],
							"lerp_mode": "catmullrom"
						},
						"0.2": {
							"post": [1.41878, 32.6402, 30.55741],
							"lerp_mode": "catmullrom"
						},
						"0.35": {
							"post": [17.13043, 59.61932, 72.33833],
							"lerp_mode": "catmullrom"
						},
						"0.5": {
							"post": [28.975, 60.035, 87.94],
							"lerp_mode": "catmullrom"
						},
						"0.75": {
							"post": [30.92412, 59.90293, 87.91478],
							"lerp_mode": "catmullrom"
						},
						"1.1": {
							"post": [31.77, 60.36, 89.09],
							"lerp_mode": "catmullrom"
						},
						"1.3": {
							"post": [39.31625, 57.06039, 98.29279],
							"lerp_mode": "catmullrom"
						},
						"1.6": {
							"post": [37.75361, 58.30658, 96.72799],
							"lerp_mode": "catmullrom"
						},
						"1.95": {
							"post": [35.22935, 59.1162, 92.88548],
							"lerp_mode": "catmullrom"
						},
						"2.15": [6.69829, 58.01955, 54.35519],
						"2.4": [-57.59183, -5.98548, -48.09306],
						"2.85": {
							"pre": [-52.6075, -10.05, -79.895],
							"post": [-52.6075, -10.05, -79.895],
							"lerp_mode": "catmullrom"
						},
						"3.35": {
							"post": [-50.34, -5.99, -60.09],
							"lerp_mode": "catmullrom"
						},
						"3.5": {
							"post": [-47.57521, 0, -54.6078],
							"lerp_mode": "catmullrom"
						},
						"3.65": [-30.2749, 0, -43.23281],
						"3.8": {
							"pre": [0, 0, -8],
							"post": [0, 0, -8],
							"lerp_mode": "catmullrom"
						},
						"3.95": {
							"post": [0, 0, -13],
							"lerp_mode": "catmullrom"
						},
						"4.1": [0, 0, -10],
						"4.2": [0, 0, -10],
						"4.45": {
							"pre": [-12.51661, 0, -21.22511],
							"post": [-12.51661, 0, -21.22511],
							"lerp_mode": "catmullrom"
						},
						"4.6": {
							"post": [-13.2775, -1.375, -22.18],
							"lerp_mode": "catmullrom"
						},
						"4.8": {
							"post": [-10.25153, 1.14096, -18.31204],
							"lerp_mode": "catmullrom"
						},
						"4.9": {
							"post": [-5.59, 0, -14.145],
							"lerp_mode": "catmullrom"
						},
						"5.15": [0, 0, -10],
						"5.45": {
							"pre": [0, 0, -11],
							"post": [0, 0, -11],
							"lerp_mode": "catmullrom"
						},
						"5.7": [0, 0, -10],
						"6.25": [0, 0, -10]
					},
					"position": {
						"0.0": [6, 0, 0],
						"0.05": {
							"pre": [5.75, 0, 0],
							"post": [5.75, 0, 0],
							"lerp_mode": "catmullrom"
						},
						"0.15": {
							"post": [6.2875, 0.22, -2.13],
							"lerp_mode": "catmullrom"
						},
						"0.35": {
							"post": [8.5, -2.0125, -3.3],
							"lerp_mode": "catmullrom"
						},
						"0.5": {
							"post": [9.8375, -1.65, -3.4875],
							"lerp_mode": "catmullrom"
						},
						"0.7": {
							"post": [9.9875, -1.6875, -3.5875],
							"lerp_mode": "catmullrom"
						},
						"1.05": {
							"post": [9.9125, -1.5125, -3.5875],
							"lerp_mode": "catmullrom"
						},
						"1.25": {
							"post": [9.9125, -1.2725, -3.65],
							"lerp_mode": "catmullrom"
						},
						"1.6": {
							"post": [9.9625, -1.1575, -3.65],
							"lerp_mode": "catmullrom"
						},
						"1.95": {
							"post": [9.9625, -1.2175, -3.6475],
							"lerp_mode": "catmullrom"
						},
						"2.1": {
							"post": [9.525, -1.145, -3.335],
							"lerp_mode": "catmullrom"
						},
						"2.2": [8.27, -1.18, -3.31],
						"2.4": {
							"pre": [4.27, -1.8675, -3.31],
							"post": [4.27, -1.8675, -3.31],
							"lerp_mode": "catmullrom"
						},
						"3.35": [4.27, -1.305, -3.31],
						"3.5": [4.27, -1.305, -3.31],
						"3.8": [6, 0, 0],
						"3.9": {
							"pre": [6.5, 0, 0],
							"post": [6.5, 0, 0],
							"lerp_mode": "catmullrom"
						},
						"4.0": [6, 0, 0],
						"4.2": [6, 0, 0],
						"4.55": {
							"pre": [6, 0, -1],
							"post": [6, 0, -1],
							"lerp_mode": "catmullrom"
						},
						"4.8": {
							"post": [6, 0, -0.65],
							"lerp_mode": "catmullrom"
						},
						"4.9": {
							"post": [6, 0, -0.45],
							"lerp_mode": "catmullrom"
						},
						"5.15": {
							"post": [6, 0.125, 0],
							"lerp_mode": "catmullrom"
						},
						"5.45": {
							"post": [6, -0.125, 0],
							"lerp_mode": "catmullrom"
						},
						"5.7": [6, 0, 0],
						"6.25": [6, 0, 0]
					}
				}
			}
		},
		"inspect_empty": {
			"animation_length": 6.45,
			"bones": {
				"bullet": {
					"scale": 0
				},
				"main": {
					"rotation": {
						"2.2": {
							"pre": [0, 0, 0],
							"post": [0, 0, 0],
							"lerp_mode": "catmullrom"
						},
						"2.4": {
							"post": [-0.84, 8.57, 15.89],
							"lerp_mode": "catmullrom"
						},
						"2.55": {
							"post": [-1.44014, 14.68286, 27.51944],
							"lerp_mode": "catmullrom"
						},
						"2.9": {
							"post": [0.3847, 15.80549, 33.54395],
							"lerp_mode": "catmullrom"
						},
						"3.3": {
							"post": [-0.62866, 17.11563, 33.08116],
							"lerp_mode": "catmullrom"
						},
						"3.6": {
							"post": [-0.65248, 15.53765, 32.19561],
							"lerp_mode": "catmullrom"
						},
						"3.8": {
							"post": [-0.73445, 13.2648, 31.77578],
							"lerp_mode": "catmullrom"
						},
						"3.9": {
							"post": [-0.9, 8.14, 16.33],
							"lerp_mode": "catmullrom"
						},
						"4.05": {
							"post": [0, 0, 0],
							"lerp_mode": "catmullrom"
						}
					},
					"position": {
						"2.2": {
							"pre": [0, 0, 0],
							"post": [0, 0, 0],
							"lerp_mode": "catmullrom"
						},
						"2.35": {
							"post": [-0.216, 0.26193, 0.30274],
							"lerp_mode": "catmullrom"
						},
						"2.5": {
							"post": [-1.04729, -0.40442, 1.56498],
							"lerp_mode": "catmullrom"
						},
						"2.65": {
							"post": [-1.55596, -0.68972, 2.36642],
							"lerp_mode": "catmullrom"
						},
						"2.95": {
							"post": [-1.56803, -0.60607, 2.38997],
							"lerp_mode": "catmullrom"
						},
						"3.2": {
							"post": [-1.53577, -0.57531, 2.36734],
							"lerp_mode": "catmullrom"
						},
						"3.6": {
							"post": [-1.47957, -0.57466, 2.29538],
							"lerp_mode": "catmullrom"
						},
						"3.8": {
							"post": [-1.29125, -0.58407, 1.92015],
							"lerp_mode": "catmullrom"
						},
						"3.9": {
							"post": [-0.715, -0.225, 1.09],
							"lerp_mode": "catmullrom"
						},
						"4.05": {
							"post": [0, 0, 0],
							"lerp_mode": "catmullrom"
						}
					}
				},
				"slide": {
					"position": {
						"4.75": [0, 0, 0],
						"4.85": [0, 0, 0.665],
						"5.6": [0, 0, 0.665],
						"5.65": [0, 0, 0]
					}
				},
				"root": {
					"position": {
						"0.0": {
							"post": [0, 0, 0],
							"lerp_mode": "catmullrom"
						},
						"0.1": {
							"post": [0, -0.405, 0.245],
							"lerp_mode": "catmullrom"
						},
						"0.3": {
							"post": [0, -0.3875, 1.575],
							"lerp_mode": "catmullrom"
						},
						"0.45": {
							"post": [0, -0.025, 1.3875],
							"lerp_mode": "catmullrom"
						},
						"0.65": {
							"post": [0, -0.0625, 1.2875],
							"lerp_mode": "catmullrom"
						},
						"1.0": {
							"post": [0, 0.1125, 1.2875],
							"lerp_mode": "catmullrom"
						},
						"1.2": {
							"post": [0, 0.3525, 1.225],
							"lerp_mode": "catmullrom"
						},
						"1.55": {
							"post": [0, 0.4675, 1.225],
							"lerp_mode": "catmullrom"
						},
						"1.9": {
							"post": [0, 0.4075, 1.2275],
							"lerp_mode": "catmullrom"
						},
						"2.05": {
							"post": [0, -0.77, 1.54],
							"lerp_mode": "catmullrom"
						},
						"2.1": {
							"post": [0, -0.805, 1.565],
							"lerp_mode": "catmullrom"
						},
						"2.25": {
							"post": [0, -0.56328, 1.5425],
							"lerp_mode": "catmullrom"
						},
						"2.5": {
							"post": [0, -0.69047, 1.5425],
							"lerp_mode": "catmullrom"
						},
						"3.15": {
							"post": [0, -0.70591, 1.5375],
							"lerp_mode": "catmullrom"
						},
						"3.8": {
							"post": [0, -0.69047, 1.5425],
							"lerp_mode": "catmullrom"
						},
						"4.05": {
							"post": [0, -0.645, 1.5925],
							"lerp_mode": "catmullrom"
						},
						"4.3": {
							"post": [0, -1.47352, 1.5925],
							"lerp_mode": "catmullrom"
						},
						"4.55": {
							"post": [0, -1.4675, 1.9375],
							"lerp_mode": "catmullrom"
						},
						"4.65": {
							"post": [0, -1.63317, 2.1425],
							"lerp_mode": "catmullrom"
						},
						"4.8": {
							"post": [0, -1.70645, 2.0175],
							"lerp_mode": "catmullrom"
						},
						"5.05": {
							"post": [0, -1.72, 2.075],
							"lerp_mode": "catmullrom"
						},
						"5.6": {
							"post": [0, -1.8375, 2.075],
							"lerp_mode": "catmullrom"
						},
						"5.65": {
							"post": [0, -1.72, 2.075],
							"lerp_mode": "catmullrom"
						},
						"5.7": {
							"post": [0, -1.5514, 2.075],
							"lerp_mode": "catmullrom"
						},
						"5.85": {
							"post": [0, -1.7925, 1.6725],
							"lerp_mode": "catmullrom"
						},
						"6.05": {
							"post": [0, -1.1625, -0.2625],
							"lerp_mode": "catmullrom"
						},
						"6.15": {
							"post": [0, -0.2625, 0.2375],
							"lerp_mode": "catmullrom"
						},
						"6.3": {
							"post": [0, -0.0125, -0.0375],
							"lerp_mode": "catmullrom"
						},
						"6.45": {
							"post": [0, 0, 0],
							"lerp_mode": "catmullrom"
						}
					}
				},
				"lefthand": {
					"rotation": [-83.42, -173.71, -3.34],
					"position": [6.66, -16, 8.58],
					"scale": [1, 1.5, 1]
				},
				"righthand": {
					"rotation": [-83.42, 173.71, 3.34],
					"position": [-6.74, -15.83, 8.6],
					"scale": [1, 1.5, 1]
				},
				"camera": {
					"rotation": {
						"0.0": {
							"post": [0, 0, 0],
							"lerp_mode": "catmullrom"
						},
						"0.15": {
							"post": [0.35, 0, -0.2],
							"lerp_mode": "catmullrom"
						},
						"0.35": {
							"post": [-0.8, 0, -0.7],
							"lerp_mode": "catmullrom"
						},
						"0.6": {
							"post": [-1.3, 0, -0.9],
							"lerp_mode": "catmullrom"
						},
						"0.95": {
							"post": [-1.2, 0, -0.7],
							"lerp_mode": "catmullrom"
						},
						"1.25": {
							"post": [3, 0, -0.7],
							"lerp_mode": "catmullrom"
						},
						"1.55": {
							"post": [4.7, 0, -0.7],
							"lerp_mode": "catmullrom"
						},
						"1.85": {
							"post": [5, 0, -0.7],
							"lerp_mode": "catmullrom"
						},
						"2.1": {
							"post": [3.2, 0, -0.7],
							"lerp_mode": "catmullrom"
						},
						"2.2": {
							"post": [4.53, -0.75, 0.525],
							"lerp_mode": "catmullrom"
						},
						"2.45": {
							"post": [5.3, -3.2, -0.325],
							"lerp_mode": "catmullrom"
						},
						"2.85": {
							"post": [5.7, -4.1, 0.6],
							"lerp_mode": "catmullrom"
						},
						"3.1": {
							"post": [5.66, -4.1, 0.6],
							"lerp_mode": "catmullrom"
						},
						"3.3": {
							"post": [4.9, -5.6, 0.6],
							"lerp_mode": "catmullrom"
						},
						"3.6": {
							"post": [4.54, -5.7, 0.3],
							"lerp_mode": "catmullrom"
						},
						"3.8": {
							"post": [4.5, -5.7, 0.2],
							"lerp_mode": "catmullrom"
						},
						"4.0": {
							"post": [2.4, -0.91, -0.6],
							"lerp_mode": "catmullrom"
						},
						"4.15": {
							"post": [1.6, 0.2, -0.7],
							"lerp_mode": "catmullrom"
						},
						"4.4": {
							"post": [2.74, 0.71, -0.175],
							"lerp_mode": "catmullrom"
						},
						"4.75": {
							"post": [5.7875, 3.8, 0.4],
							"lerp_mode": "catmullrom"
						},
						"4.95": {
							"post": [5.83, 4.35, 0.275],
							"lerp_mode": "catmullrom"
						},
						"5.1": {
							"post": [6.02, 4.6, 0.7],
							"lerp_mode": "catmullrom"
						},
						"5.35": {
							"post": [6.2, 4.6, 0.8],
							"lerp_mode": "catmullrom"
						},
						"5.6": {
							"post": [4.5925, 4.72, 0.4],
							"lerp_mode": "catmullrom"
						},
						"5.75": {
							"post": [2, 4.4, -0.15],
							"lerp_mode": "catmullrom"
						},
						"5.95": {
							"post": [0.61, 1, 0.225],
							"lerp_mode": "catmullrom"
						},
						"6.05": {
							"post": [0, 0.25, -0.06],
							"lerp_mode": "catmullrom"
						},
						"6.1": {
							"post": [0.375, 0.1, 0.45],
							"lerp_mode": "catmullrom"
						},
						"6.25": {
							"post": [-0.075, 0, -0.15],
							"lerp_mode": "catmullrom"
						},
						"6.4": {
							"post": [0, 0, 0],
							"lerp_mode": "catmullrom"
						},
						"6.6": {
							"post": [0, 0, 0],
							"lerp_mode": "catmullrom"
						}
					}
				},
				"dc17": {
					"rotation": {
						"0.0": [0, 0, 10],
						"0.05": {
							"pre": [0, 0, 0],
							"post": [0, 0, 0],
							"lerp_mode": "catmullrom"
						},
						"0.2": {
							"post": [1.41878, -32.6402, -30.55741],
							"lerp_mode": "catmullrom"
						},
						"0.35": {
							"post": [17.13043, -59.61932, -72.33833],
							"lerp_mode": "catmullrom"
						},
						"0.5": {
							"post": [28.975, -60.035, -87.94],
							"lerp_mode": "catmullrom"
						},
						"0.75": {
							"post": [30.92412, -59.90293, -87.91478],
							"lerp_mode": "catmullrom"
						},
						"1.1": {
							"post": [31.77, -60.36, -89.09],
							"lerp_mode": "catmullrom"
						},
						"1.3": {
							"post": [39.31625, -57.06039, -98.29279],
							"lerp_mode": "catmullrom"
						},
						"1.6": {
							"post": [37.75361, -58.30658, -96.72799],
							"lerp_mode": "catmullrom"
						},
						"1.95": {
							"post": [35.22935, -59.1162, -92.88548],
							"lerp_mode": "catmullrom"
						},
						"2.0": {
							"post": [29.26, -58.95, -84.79],
							"lerp_mode": "catmullrom"
						},
						"2.15": [6.69829, -58.01955, -54.35519],
						"2.25": [6.7, -58.02, -54.36],
						"2.4": {
							"pre": [-4.79116, -57.89797, -49.65235],
							"post": [-4.79116, -57.89797, -49.65235],
							"lerp_mode": "catmullrom"
						},
						"2.7": {
							"post": [-26.95703, -53.8341, -14.26554],
							"lerp_mode": "catmullrom"
						},
						"3.05": {
							"post": [-26.95703, -53.8341, -14.26554],
							"lerp_mode": "catmullrom"
						},
						"3.55": [6.7, -58.02, -54.36],
						"3.8": [6.7, -58.02, -54.36],
						"4.0": [6.69829, -58.01955, -54.35519],
						"4.25": {
							"pre": [-57.59183, 5.98548, 48.09306],
							"post": [-57.59183, 5.98548, 48.09306],
							"lerp_mode": "catmullrom"
						},
						"4.7": {
							"post": [-52.6075, 10.05, 79.895],
							"lerp_mode": "catmullrom"
						},
						"5.2": {
							"post": [-50.34, 5.99, 60.09],
							"lerp_mode": "catmullrom"
						},
						"5.35": {
							"post": [-47.57521, 0, 54.6078],
							"lerp_mode": "catmullrom"
						},
						"5.5": [-30.2749, 0, 43.23281],
						"5.65": {
							"pre": [0, 0, 8],
							"post": [0, 0, 8],
							"lerp_mode": "catmullrom"
						},
						"5.8": {
							"post": [0, 0, 13],
							"lerp_mode": "catmullrom"
						},
						"5.95": [0, 0, 10]
					},
					"position": {
						"0.0": [-6, 0, 0],
						"0.05": {
							"pre": [-5.75, 0, 0],
							"post": [-5.75, 0, 0],
							"lerp_mode": "catmullrom"
						},
						"0.15": {
							"post": [-7.2875, 0.22, -2.13],
							"lerp_mode": "catmullrom"
						},
						"0.35": {
							"post": [-10.5, -2.0125, -2.9875],
							"lerp_mode": "catmullrom"
						},
						"0.5": {
							"post": [-9.8375, -1.65, -3.175],
							"lerp_mode": "catmullrom"
						},
						"0.7": {
							"post": [-9.9875, -1.6875, -3.275],
							"lerp_mode": "catmullrom"
						},
						"1.05": {
							"post": [-9.9125, -1.5125, -3.275],
							"lerp_mode": "catmullrom"
						},
						"1.25": {
							"post": [-9.9125, -1.2725, -3.3375],
							"lerp_mode": "catmullrom"
						},
						"1.6": {
							"post": [-9.9625, -1.1575, -3.3375],
							"lerp_mode": "catmullrom"
						},
						"1.95": {
							"post": [-9.9625, -1.2175, -3.335],
							"lerp_mode": "catmullrom"
						},
						"2.1": {
							"post": [-10.2125, 1.605, -3.0225],
							"lerp_mode": "catmullrom"
						},
						"2.15": [-10.27, 1.57, -2.9975],
						"2.25": [-10.27, 1.57, -3],
						"2.4": [-10.27, 1.57, -3],
						"2.6": {
							"pre": [-10.27, 1.2, -3],
							"post": [-10.27, 1.2, -3],
							"lerp_mode": "catmullrom"
						},
						"2.75": {
							"post": [-10.27, 1.57, -3],
							"lerp_mode": "catmullrom"
						},
						"3.0": {
							"post": [-10.27, 1.3, -3],
							"lerp_mode": "catmullrom"
						},
						"3.45": {
							"post": [-10.27, 1.25, -3],
							"lerp_mode": "catmullrom"
						},
						"3.8": [-10.27, 1.57, -3],
						"3.95": {
							"pre": [-9.5875, 1.605, -3.335],
							"post": [-9.5875, 1.605, -3.335],
							"lerp_mode": "catmullrom"
						},
						"4.1": [-6.3325, 0.695, -3.31],
						"4.25": {
							"pre": [-4.27, -0.43, -3.31],
							"post": [-4.27, -0.43, -3.31],
							"lerp_mode": "catmullrom"
						},
						"5.2": [-4.27, -0.2425, -3.31],
						"5.35": [-4.27, -0.2425, -3.31],
						"5.65": [-6, 0, 0],
						"5.75": {
							"pre": [-6.5, 0, 0],
							"post": [-6.5, 0, 0],
							"lerp_mode": "catmullrom"
						},
						"5.85": [-6, 0, 0]
					}
				},
				"dc17s": {
					"rotation": {
						"0.0": [0, 0, -10],
						"0.05": {
							"pre": [0, 0, 0],
							"post": [0, 0, 0],
							"lerp_mode": "catmullrom"
						},
						"0.2": {
							"post": [1.41878, 32.6402, 30.55741],
							"lerp_mode": "catmullrom"
						},
						"0.35": {
							"post": [17.13043, 59.61932, 72.33833],
							"lerp_mode": "catmullrom"
						},
						"0.5": {
							"post": [28.975, 60.035, 87.94],
							"lerp_mode": "catmullrom"
						},
						"0.75": {
							"post": [30.92412, 59.90293, 87.91478],
							"lerp_mode": "catmullrom"
						},
						"1.1": {
							"post": [31.77, 60.36, 89.09],
							"lerp_mode": "catmullrom"
						},
						"1.3": {
							"post": [39.31625, 57.06039, 98.29279],
							"lerp_mode": "catmullrom"
						},
						"1.6": {
							"post": [37.75361, 58.30658, 96.72799],
							"lerp_mode": "catmullrom"
						},
						"1.95": {
							"post": [35.22935, 59.1162, 92.88548],
							"lerp_mode": "catmullrom"
						},
						"2.15": [6.69829, 58.01955, 54.35519],
						"2.4": [-57.59183, -5.98548, -48.09306],
						"2.85": {
							"pre": [-52.6075, -10.05, -79.895],
							"post": [-52.6075, -10.05, -79.895],
							"lerp_mode": "catmullrom"
						},
						"3.35": {
							"post": [-50.34, -5.99, -60.09],
							"lerp_mode": "catmullrom"
						},
						"3.5": {
							"post": [-47.57521, 0, -54.6078],
							"lerp_mode": "catmullrom"
						},
						"3.65": [-30.2749, 0, -43.23281],
						"3.8": {
							"pre": [0, 0, -8],
							"post": [0, 0, -8],
							"lerp_mode": "catmullrom"
						},
						"3.95": {
							"post": [0, 0, -13],
							"lerp_mode": "catmullrom"
						},
						"4.1": [0, 0, -10],
						"4.2": [0, 0, -10],
						"4.45": {
							"pre": [-12.51661, 0, -21.22511],
							"post": [-12.51661, 0, -21.22511],
							"lerp_mode": "catmullrom"
						},
						"4.6": {
							"post": [-13.2775, -1.375, -22.18],
							"lerp_mode": "catmullrom"
						},
						"4.8": {
							"post": [-10.25153, 1.14096, -18.31204],
							"lerp_mode": "catmullrom"
						},
						"4.9": {
							"post": [-5.59, 0, -14.145],
							"lerp_mode": "catmullrom"
						},
						"5.15": [0, 0, -10],
						"5.45": {
							"pre": [0, 0, -11],
							"post": [0, 0, -11],
							"lerp_mode": "catmullrom"
						},
						"5.7": [0, 0, -10],
						"6.25": [0, 0, -10]
					},
					"position": {
						"0.0": [6, 0, 0],
						"0.05": {
							"pre": [5.75, 0, 0],
							"post": [5.75, 0, 0],
							"lerp_mode": "catmullrom"
						},
						"0.15": {
							"post": [6.2875, 0.22, -2.13],
							"lerp_mode": "catmullrom"
						},
						"0.35": {
							"post": [8.5, -2.0125, -3.3],
							"lerp_mode": "catmullrom"
						},
						"0.5": {
							"post": [9.8375, -1.65, -3.4875],
							"lerp_mode": "catmullrom"
						},
						"0.7": {
							"post": [9.9875, -1.6875, -3.5875],
							"lerp_mode": "catmullrom"
						},
						"1.05": {
							"post": [9.9125, -1.5125, -3.5875],
							"lerp_mode": "catmullrom"
						},
						"1.25": {
							"post": [9.9125, -1.2725, -3.65],
							"lerp_mode": "catmullrom"
						},
						"1.6": {
							"post": [9.9625, -1.1575, -3.65],
							"lerp_mode": "catmullrom"
						},
						"1.95": {
							"post": [9.9625, -1.2175, -3.6475],
							"lerp_mode": "catmullrom"
						},
						"2.1": {
							"post": [9.525, -1.145, -3.335],
							"lerp_mode": "catmullrom"
						},
						"2.2": [8.27, -1.18, -3.31],
						"2.4": {
							"pre": [4.27, -1.8675, -3.31],
							"post": [4.27, -1.8675, -3.31],
							"lerp_mode": "catmullrom"
						},
						"3.35": [4.27, -1.305, -3.31],
						"3.5": [4.27, -1.305, -3.31],
						"3.8": [6, 0, 0],
						"3.9": {
							"pre": [6.5, 0, 0],
							"post": [6.5, 0, 0],
							"lerp_mode": "catmullrom"
						},
						"4.0": [6, 0, 0],
						"4.2": [6, 0, 0],
						"4.55": {
							"pre": [6, 0, -1],
							"post": [6, 0, -1],
							"lerp_mode": "catmullrom"
						},
						"4.8": {
							"post": [6, 0, -0.65],
							"lerp_mode": "catmullrom"
						},
						"4.9": {
							"post": [6, 0, -0.45],
							"lerp_mode": "catmullrom"
						},
						"5.15": {
							"post": [6, 0.125, 0],
							"lerp_mode": "catmullrom"
						},
						"5.45": {
							"post": [6, -0.125, 0],
							"lerp_mode": "catmullrom"
						},
						"5.7": [6, 0, 0],
						"6.25": [6, 0, 0]
					}
				}
			}
		},
		"run_start": {
			"loop": "hold_on_last_frame",
			"animation_length": 0.1333,
			"bones": {
				"mag_and_bullet": {
					"position": [0, 0, 0]
				},
				"dc17": {
					"rotation": {
						"0.0": [0, 0, 0],
						"0.0333": {
							"pre": [-13.3575, 0, -1],
							"post": [-13.3575, 0, -1],
							"lerp_mode": "catmullrom"
						},
						"0.1333": {
							"post": [-63.75, 5, -7.125],
							"lerp_mode": "catmullrom"
						}
					},
					"position": {
						"0.0": [0, 0, 0],
						"0.0667": {
							"pre": [-1.25, 0, 0],
							"post": [-1.25, 0, 0],
							"lerp_mode": "catmullrom"
						},
						"0.1333": {
							"post": [-3, 0, 0],
							"lerp_mode": "catmullrom"
						}
					}
				},
				"dc17s": {
					"rotation": {
						"0.0": [0, 0, 0],
						"0.0333": {
							"pre": [-13.3575, 0, 1],
							"post": [-13.3575, 0, 1],
							"lerp_mode": "catmullrom"
						},
						"0.1333": {
							"post": [-63.75, -5, 7.125],
							"lerp_mode": "catmullrom"
						}
					},
					"position": {
						"0.0": [0, 0, 0],
						"0.0667": {
							"pre": [1.3125, 0, 0],
							"post": [1.3125, 0, 0],
							"lerp_mode": "catmullrom"
						},
						"0.1333": {
							"post": [3, 0, 0],
							"lerp_mode": "catmullrom"
						}
					}
				},
				"camera": {
					"rotation": [0, 0, 0]
				}
			}
		},
		"run": {
			"loop": true,
			"animation_length": 0.7083,
			"bones": {
				"mag_and_bullet": {
					"position": [0, 0, 0]
				},
				"dc17": {
					"rotation": {
						"0.0": {
							"post": [-63.75, 5, -7.125],
							"lerp_mode": "catmullrom"
						},
						"0.25": {
							"post": [-65.83104, 1.44773, -10.70644],
							"lerp_mode": "catmullrom"
						},
						"0.4583": {
							"post": [-62.15716, 1.12692, -10.68825],
							"lerp_mode": "catmullrom"
						},
						"0.7083": {
							"post": [-63.75, 5, -7.125],
							"lerp_mode": "catmullrom"
						}
					},
					"position": {
						"0.0": {
							"post": [-3, 0, 0],
							"lerp_mode": "catmullrom"
						},
						"0.1667": {
							"post": [-3.48571, 0.525, 0],
							"lerp_mode": "catmullrom"
						},
						"0.3333": {
							"post": [-3, 0, 0],
							"lerp_mode": "catmullrom"
						},
						"0.5": {
							"post": [-2.39865, 0.5575, 0],
							"lerp_mode": "catmullrom"
						},
						"0.7083": {
							"post": [-3, 0, 0],
							"lerp_mode": "catmullrom"
						}
					}
				},
				"dc17s": {
					"rotation": {
						"0.0": {
							"post": [-63.75, -5, 7.125],
							"lerp_mode": "catmullrom"
						},
						"0.25": {
							"post": [-65.83104, -1.44773, 10.70644],
							"lerp_mode": "catmullrom"
						},
						"0.4583": {
							"post": [-62.15716, -1.12692, 10.68825],
							"lerp_mode": "catmullrom"
						},
						"0.7083": {
							"post": [-63.75, -5, 7.125],
							"lerp_mode": "catmullrom"
						}
					},
					"position": {
						"0.0": {
							"post": [3, 0, 0],
							"lerp_mode": "catmullrom"
						},
						"0.1667": {
							"post": [3.48571, 0.525, 0],
							"lerp_mode": "catmullrom"
						},
						"0.3333": {
							"post": [3, 0, 0],
							"lerp_mode": "catmullrom"
						},
						"0.5": {
							"post": [2.39865, 0.5575, 0],
							"lerp_mode": "catmullrom"
						},
						"0.7083": {
							"post": [3, 0, 0],
							"lerp_mode": "catmullrom"
						}
					}
				},
				"root": {
					"position": {
						"0.0": [0, 0, 2],
						"0.0833": {
							"pre": [0.1575, -0.375, 2],
							"post": [0.1575, -0.375, 2],
							"lerp_mode": "catmullrom"
						},
						"0.2083": {
							"post": [0.8775, 0.25, 2],
							"lerp_mode": "catmullrom"
						},
						"0.2917": {
							"post": [0.8775, 0.25, 2],
							"lerp_mode": "catmullrom"
						},
						"0.4167": {
							"post": [0, -0.5, 2],
							"lerp_mode": "catmullrom"
						},
						"0.5417": {
							"post": [-0.3125, 0.25, 2],
							"lerp_mode": "catmullrom"
						},
						"0.625": {
							"post": [-0.3125, 0.25, 2],
							"lerp_mode": "catmullrom"
						},
						"0.75": {
							"post": [0, 0, 2],
							"lerp_mode": "catmullrom"
						}
					}
				},
				"camera": {
					"rotation": [0, 0, 0]
				}
			}
		},
		"run_hold": {
			"animation_length": 0.0417,
			"bones": {
				"mag_and_bullet": {
					"position": [0, 0, 0]
				},
				"dc17": {
					"rotation": [-63.75, 5, -7.125],
					"position": [-2, 0, 0]
				},
				"dc17s": {
					"rotation": [-63.75, -5, 7.125],
					"position": [2, 0, 0]
				},
				"root": {
					"position": [0, 0, 2.05]
				},
				"camera": {
					"rotation": [0, 0, 0]
				}
			}
		},
		"walk_forward": {
			"animation_length": 1,
			"bones": {
				"root": {
					"rotation": {
						"0.0": [0, 0, 0.22],
						"0.0417": [0, -0.16, 0.22],
						"0.0833": [0, -0.39, 0.22],
						"0.1667": [0, -0.56, 0.2],
						"0.2083": [0, -0.65, 0.13],
						"0.25": [0, -0.69, 0.05],
						"0.2917": [0, -0.68, -0.03],
						"0.3333": [0, -0.53, -0.14],
						"0.4167": [0, -0.33, -0.21],
						"0.4583": [0, -0.18, -0.21],
						"0.5": [0, 0, -0.16],
						"0.5417": [0, 0.19, -0.1],
						"0.5833": [0, 0.4, -0.01],
						"0.6667": [0, 0.56, 0.06],
						"0.7083": [0, 0.66, 0.14],
						"0.75": [0, 0.67, 0.2],
						"0.7917": [0, 0.64, 0.24],
						"0.8333": [0, 0.52, 0.27],
						"0.9167": [0, 0.35, 0.26],
						"0.9583": [0, 0.15, 0.24],
						"1.0": [0, 0, 0.22]
					},
					"position": {
						"0.0": [0, -0.07, 0.34],
						"0.0417": [-0.03, -0.01, 0.36],
						"0.0833": [-0.07, 0.08, 0.39],
						"0.1667": [-0.11, 0.14, 0.41],
						"0.2083": [-0.11, 0.16, 0.42],
						"0.25": [-0.11, 0.16, 0.42],
						"0.2917": [-0.1, 0.14, 0.41],
						"0.3333": [-0.09, 0.07, 0.37],
						"0.4167": [-0.07, 0, 0.34],
						"0.4583": [-0.04, -0.06, 0.34],
						"0.5": [0, -0.07, 0.36],
						"0.5417": [0.03, -0.01, 0.38],
						"0.5833": [0.07, 0.08, 0.4],
						"0.6667": [0.1, 0.14, 0.41],
						"0.7083": [0.11, 0.16, 0.42],
						"0.75": [0.1, 0.16, 0.42],
						"0.7917": [0.09, 0.14, 0.41],
						"0.8333": [0.08, 0.07, 0.39],
						"0.9167": [0.06, 0, 0.36],
						"0.9583": [0.03, -0.05, 0.35],
						"1.0": [0, -0.07, 0.34]
					}
				}
			}
		}
	}
}