{
	"format_version": "1.8.0",
	"animations": {
		"static_idle": {
			"animation_length": 0.2333,
			"bones": {
				"constraint": {
					"rotation": [0.2, 0.2, 0.2],
					"position": [0.2, 0.2, 0.2]
				},
				"righthand": {
					"rotation": [-83.42, 173.71, 3.34],
					"position": [-6.74, -15.58, 6.6],
					"scale": [1, 1.5, 1]
				},
				"lefthand": {
					"rotation": [-77.29, -168.44, -0.67],
					"position": [7.66, -15.5, 6.58],
					"scale": 0
				}
			}
		},
		"draw": {
			"animation_length": 0.6333,
			"bones": {
				"root": {
					"rotation": {
						"0.0": [54.81727, -9.0095, -5.96568],
						"0.1667": {
							"pre": [8.03425, -9.61409, 8.83101],
							"post": [8.03425, -9.61409, 8.83101],
							"lerp_mode": "catmullrom"
						},
						"0.3": {
							"post": [-2.5, -2.5, -5],
							"lerp_mode": "catmullrom"
						},
						"0.4": {
							"post": [0.01745, 0.99985, -1.24985],
							"lerp_mode": "catmullrom"
						},
						"0.5": {
							"post": [0, -0.5, 0],
							"lerp_mode": "catmullrom"
						},
						"0.6": {
							"post": [0, 0, 0],
							"lerp_mode": "catmullrom"
						}
					},
					"position": {
						"0.0": {
							"post": [-8.6, -16.065, 2],
							"lerp_mode": "catmullrom"
						},
						"0.1667": {
							"post": [-1.32, -1.615, 0],
							"lerp_mode": "catmullrom"
						},
						"0.3": {
							"post": [0, -0.2875, -0.1625],
							"lerp_mode": "catmullrom"
						},
						"0.4": {
							"post": [0, 0, 0.22813],
							"lerp_mode": "catmullrom"
						},
						"0.5": {
							"post": [0, 0, 0],
							"lerp_mode": "catmullrom"
						},
						"0.6": {
							"post": [0, 0, 0],
							"lerp_mode": "catmullrom"
						}
					}
				},
				"camera": {
					"rotation": {
						"0.0": {
							"post": [0, 0, 0],
							"lerp_mode": "catmullrom"
						},
						"0.1667": {
							"post": [0.25, 0, 0.75],
							"lerp_mode": "catmullrom"
						},
						"0.3333": {
							"post": [0, 0, -0.58],
							"lerp_mode": "catmullrom"
						},
						"0.5": {
							"post": [0, 0, 0],
							"lerp_mode": "catmullrom"
						}
					}
				},
				"righthand": {
					"rotation": [-83.42, 173.71, 3.34],
					"position": [-6.74, -15.58, 6.6],
					"scale": [1, 1.5, 1]
				},
				"lefthand": {
					"scale": 0
				}
			}
		},
		"put_away": {
			"animation_length": 0.4333,
			"bones": {
				"root": {
					"rotation": {
						"0.0": [0, 0, 0],
						"0.0333": [0.13, -0.48, 2.81],
						"0.0667": [0.5, -1.35, 6.63],
						"0.1": [2.19, -3.57, 9.1],
						"0.1333": [6.11, -8.14, 8.67],
						"0.1667": [11.36, -14.05, 6.9],
						"0.2": [16.24, -19.23, 6.01],
						"0.2333": [20.48, -23.1, 7.22],
						"0.2667": [24.37, -26.23, 9.31],
						"0.3": [27.05, -28.35, 10.87]
					},
					"position": {
						"0.0": [0, 0, 0],
						"0.0333": [-0.08, 0.02, 0.06],
						"0.0667": [-0.22, 0.02, 0.15],
						"0.1": [-0.5, -0.28, 0.19],
						"0.1333": [-0.97, -1.02, 0.04],
						"0.1667": [-1.59, -2.04, -0.15],
						"0.2": [-2.32, -3.11, 0],
						"0.2333": [-3.27, -4.28, 0.85],
						"0.2667": [-4.33, -5.49, 2.05],
						"0.3": [-5.08, -6.34, 2.92]
					},
					"scale": 1
				},
				"camera": {
					"rotation": {
						"0.0": [0, 0, 0],
						"0.0333": [0, 0, -0.1],
						"0.0667": [0, 0, -0.25],
						"0.1": [0, 0, -0.4],
						"0.1333": [0, 0, -0.53],
						"0.1667": [0, 0, -0.58],
						"0.2": [0, 0, -0.5],
						"0.2333": [0, 0, -0.33],
						"0.2667": [0, 0, -0.13],
						"0.3": [0, 0, 0]
					}
				},
				"righthand": {
					"rotation": [-83.42, 173.71, 3.34],
					"position": [-6.74, -15.58, 6.6],
					"scale": [1, 1.5, 1]
				},
				"lefthand": {
					"scale": 0
				}
			}
		},
		"shoot": {
			"loop": true,
			"animation_length": 0.6,
			"bones": {
				"barrel2": {
					"rotation": {
						"0.0167": [0, 0, 0],
						"0.0333": [-1.25, 0, 0],
						"0.05": [-2.5, 0, 0],
						"0.0667": [-2.5, 0, 0],
						"0.0833": [-2.5, 0, 0],
						"0.1": [-2.5, 0, 0],
						"0.1167": [-1.25, 0, 0],
						"0.1333": [0, 0, 0]
					},
					"position": {
						"0.0167": [0, 0, 0],
						"0.0333": [0, 0, 0.325],
						"0.1167": [0, 0, 0.325],
						"0.1333": [0, 0, 0]
					}
				},
				"bullet_in_barrel": {
					"scale": {
						"0.0": [0, 0, 0],
						"0.1167": {
							"pre": [0, 0, 0],
							"post": [1, 1, 1]
						}
					}
				},
				"slide": {
					"position": {
						"0.0167": [0, 0, 0],
						"0.0333": [0, 0, 0.8],
						"0.05": [0, 0, 1.6],
						"0.0667": [0, 0, 1.6],
						"0.0833": [0, 0, 1.6],
						"0.1": [0, 0, 1.6],
						"0.1167": [0, 0, 0.8],
						"0.1333": [0, 0, 0]
					}
				},
				"constraint": {
					"rotation": {
						"0.0833": [0.4, 0.4, 0.4],
						"0.15": [0, 0, 0]
					},
					"position": {
						"0.0833": [0.5, 0.5, 0.5],
						"0.15": [0, 0, 0]
					}
				},
				"root": {
					"rotation": {
						"0.0": [0, 0, 0],
						"0.0167": [-2.6, 0.15, 1.74],
						"0.0333": [-8.995, -0.65, -0.55],
						"0.05": [-15.3975, -1.31, -2.73],
						"0.0667": [-13.9875, -0.68, -1.58],
						"0.0833": [-10.9375, 0, 0],
						"0.1": [-6.13, -0.48, -0.4],
						"0.1167": [0.84, -0.99, -1.02],
						"0.1333": [1.78, -0.86, -0.94],
						"0.15": [1.9, -0.6, -0.72],
						"0.1667": [1.53, -0.27, -0.45],
						"0.1833": [1, 0.02, -0.19],
						"0.2": [0.65, 0.2, 0],
						"0.2167": [0.48, 0.23, 0.09],
						"0.2333": [0.23, 0.2, 0.15],
						"0.25": [-0.04, 0.12, 0.19],
						"0.2667": [-0.31, 0.03, 0.22],
						"0.2833": [-0.54, -0.05, 0.23],
						"0.3": [-0.7, -0.1, 0.25],
						"0.3167": [-0.79, -0.11, 0.26],
						"0.3333": [-0.62, -0.06, 0.23],
						"0.35": [-0.51, -0.03, 0.21],
						"0.3667": [-0.36, 0.02, 0.18],
						"0.3833": [-0.19, 0.07, 0.16],
						"0.4": [-0.05, 0.11, 0.13],
						"0.4167": [0.05, 0.13, 0.1],
						"0.4333": [0.07, 0.13, 0.09],
						"0.45": [0.09, 0.12, 0.08],
						"0.4667": [0.09, 0.11, 0.06],
						"0.4833": [0.08, 0.09, 0.05],
						"0.5": [0.07, 0.08, 0.04],
						"0.5167": [0.05, 0.06, 0.03],
						"0.5333": [0.03, 0.04, 0.02],
						"0.55": [0.02, 0.02, 0.01],
						"0.5667": [0.01, 0.01, 0.01],
						"0.5833": [0, 0, 0]
					},
					"position": {
						"0.0": [0, 0, 0],
						"0.0167": [0, 0, 0.6675],
						"0.0333": [0, -0.22, 0.8375],
						"0.05": [0, -0.12, 0.8575],
						"0.0667": [0, 0.06, 0.8475],
						"0.0833": [0, 0.18, 0.7075],
						"0.1": [0, 0.15, 0.39],
						"0.1167": [0, 0.06, -0.19],
						"0.1333": [0, 0.03, -0.23],
						"0.15": [0, -0.01, -0.18],
						"0.1667": [0, -0.05, -0.09],
						"0.1833": [0, -0.08, 0.01],
						"0.2": [0, -0.1, 0.08],
						"0.2167": [0, -0.1, 0.1],
						"0.2333": [0, -0.09, 0.11],
						"0.25": [0.01, -0.07, 0.13],
						"0.2667": [0.01, -0.05, 0.13],
						"0.2833": [0.01, -0.04, 0.13],
						"0.3": [0.01, -0.02, 0.13],
						"0.3167": [0.01, -0.02, 0.11],
						"0.3333": [0.01, -0.01, 0.09],
						"0.35": [0.01, -0.01, 0.07],
						"0.3667": [0.01, -0.01, 0.04],
						"0.3833": [0, -0.01, 0.02],
						"0.4": [0, -0.01, 0],
						"0.4167": [0, 0, -0.01],
						"0.4333": [0, 0, -0.02],
						"0.45": [0, 0, -0.02],
						"0.4667": [0, 0, -0.02],
						"0.4833": [0, 0, -0.02],
						"0.5": [0, 0, -0.02],
						"0.5167": [0, 0, -0.01],
						"0.5333": [0, 0, -0.01],
						"0.55": [0, 0, 0],
						"0.5667": [0, 0, 0],
						"0.5833": [0, 0, 0]
					}
				},
				"camera": {
					"rotation": {
						"0.0": [0, 0, 0],
						"0.0167": [0, 0, 0],
						"0.0333": [0, 0, 1.02],
						"0.05": [0, 0, -0.7],
						"0.0667": [0, 0, -0.1],
						"0.0833": [0, 0, 0.6],
						"0.1": [0, 0, 0.41],
						"0.1167": [0, 0, -0.03],
						"0.1333": [0, 0, -0.3],
						"0.15": [0, 0, -0.22],
						"0.1667": [0, 0, 0],
						"0.1833": [0, 0, 0.23],
						"0.2": [0, 0, 0.35],
						"0.2167": [0, 0, 0.31],
						"0.2333": [0, 0, 0.2],
						"0.25": [0, 0, 0.06],
						"0.2667": [0, 0, -0.07],
						"0.2833": [0, 0, -0.15],
						"0.3": [0, 0, -0.16],
						"0.3167": [0, 0, -0.14],
						"0.3333": [0, 0, -0.11],
						"0.35": [0, 0, -0.06],
						"0.3667": [0, 0, -0.02],
						"0.3833": [0, 0, 0]
					}
				}
			}
		},
		"reload_tactical1": {
			"animation_length": 2.2,
			"bones": {
				"mag_release": {
					"position": {
						"0.7667": [0, 0, 0],
						"0.8": [0.06, 0, 0],
						"0.8333": [0.13, 0, 0],
						"0.8667": [0.13, 0, 0],
						"0.9": [0.13, 0, 0],
						"0.9333": [0.13, 0, 0],
						"0.9667": [0.13, 0, 0],
						"1.0": [0.13, 0, 0],
						"1.0333": [0.13, 0, 0],
						"1.0667": [0.13, 0, 0],
						"1.1": [0.06, 0, 0],
						"1.1333": [0, 0, 0],
						"1.1667": [0, 0, 0],
						"1.2": [0, 0, 0],
						"1.2333": [0, 0, 0],
						"1.2667": [0, 0, 0],
						"1.3": [0, 0, 0],
						"1.3333": [0.06, 0, 0],
						"1.3667": [0.13, 0, 0],
						"1.4": [0.13, 0, 0],
						"1.4333": [0.13, 0, 0],
						"1.4667": [0.06, 0, 0],
						"1.5": [0, 0, 0]
					}
				},
				"root": {
					"rotation": {
						"0.0": [0, 0, 0],
						"0.0333": [-4.8525, -0.99, -0.14],
						"0.0667": [-9.0375, -2.45, -0.53],
						"0.2": {
							"pre": [-24.455, -17.57, -26.5575],
							"post": [-24.455, -17.57, -26.5575],
							"lerp_mode": "catmullrom"
						},
						"0.3": [-32.445, -37.96, -35.6025],
						"0.3333": [-32.15228, -39.43547, -37.00154],
						"0.3667": [-32.2, -38.78, -37.5925],
						"0.4": [-31.97, -37.98, -35.7025],
						"0.4333": [-31.92, -37.74, -35.9925],
						"0.4667": [-32.14, -37.78, -36.4925],
						"0.5": [-32.47, -37.92, -36.0625],
						"0.5333": [-32.92, -38.15, -35.3325],
						"0.5667": [-33.39, -38.36, -34.6425],
						"0.6": [-33.73, -38.43, -34.3425],
						"0.6333": [-33.92, -38.31, -34.5825],
						"0.6667": [-34.04, -38.04, -35.1525],
						"0.7": [-34.08, -37.76, -35.8725],
						"0.7333": [-34.05, -37.54, -36.5325],
						"0.7667": [-33.84, -37.39, -37.4025],
						"0.9": {
							"pre": [-31.065, -6.45, -11.0475],
							"post": [-31.065, -6.45, -11.0475],
							"lerp_mode": "catmullrom"
						},
						"1.0333": [-10.01, -0.63, -12.205],
						"1.0667": [-7.03, 1.13, -11.8475],
						"1.1": [-3.97, 1.88, -11.1375],
						"1.1333": [-1.57, 2.05, -10.3675],
						"1.1667": [-0.65, 1.84, -8.49],
						"1.2": [0, 1.29, -6.12],
						"1.2333": [0.43, 0.6, -3.95],
						"1.2667": [0.71, -0.04, -2.11],
						"1.3": [0.9, -0.45, -0.72],
						"1.3333": [0.67, -0.45, 0.33],
						"1.3667": [0.12, -0.18, 0.27],
						"1.4": [0.08, -0.49, 0.2675],
						"1.4333": [0.05, -0.44, 0.985],
						"1.4667": [0.02, -0.32, 0.625],
						"1.6": {
							"pre": [-0.01, -0.09, 0.855],
							"post": [-0.01, -0.09, 0.855],
							"lerp_mode": "catmullrom"
						},
						"1.7": [0, 0, 0]
					},
					"position": {
						"0.0": [0, 0, 0],
						"0.0333": [-0.08, 0.05, -0.21],
						"0.1": {
							"pre": [-0.32, 0.315, -0.73],
							"post": [-0.32, 0.315, -0.73],
							"lerp_mode": "catmullrom"
						},
						"0.1667": {
							"post": [0.4, 1.8675, -0.91],
							"lerp_mode": "catmullrom"
						},
						"0.2333": {
							"post": [2.1875, 3.135, -0.93],
							"lerp_mode": "catmullrom"
						},
						"0.3": [3.465, 3.6875, -2.2],
						"0.3333": [3.59, 3.975, 0.08],
						"0.3667": [3.6425, 3.905, 0.12],
						"0.4": [3.6325, 3.8325, 0.02],
						"0.4333": [3.6225, 3.8825, -0.1],
						"0.4667": [3.6225, 3.9525, -0.19],
						"0.5": [3.6225, 4.0025, -0.18],
						"0.5333": [3.6225, 4.0425, -0.13],
						"0.5667": [3.6225, 4.0725, -0.11],
						"0.6": [3.6225, 4.0925, -0.12],
						"0.6333": [3.6225, 4.1025, -0.14],
						"0.6667": [3.6225, 4.1125, -0.17],
						"0.7": [3.6225, 4.1225, -0.19],
						"0.7333": [3.6225, 4.1125, -0.22],
						"0.7667": [3.6225, 4.0925, -0.24],
						"0.9": {
							"pre": [-0.99, 0.4625, -0.21],
							"post": [-0.99, 0.4625, -0.21],
							"lerp_mode": "catmullrom"
						},
						"1.0333": [-0.83, -0.87, -0.03],
						"1.0667": [-0.61, -1.18, 0.19],
						"1.1": [-0.42, -1.35, 0.26],
						"1.1333": [-0.3, -1.25, 0.03],
						"1.1667": [-0.22, -1.01, -0.35],
						"1.2": [-0.15, -0.81, -0.61],
						"1.2333": [-0.1, -0.75, -0.62],
						"1.2667": [-0.07, -0.72, -0.5],
						"1.3": [-0.05, -0.65, -0.31],
						"1.3333": [-0.02, -0.38, 0.19],
						"1.3667": [0, -0.12, 0.57],
						"1.4": [0, -0.06, 0.45],
						"1.4333": [0, -0.05, 0.15],
						"1.4667": [0, -0.04, -0.07],
						"1.5": [0, -0.02, -0.11],
						"1.5333": [0, -0.01, -0.07],
						"1.5667": [0, 0, -0.03],
						"1.6": [0, 0, -0.02],
						"1.6333": [0, 0, -0.01],
						"1.6667": [0, 0, -0.01],
						"1.7": [0, 0, 0]
					}
				},
				"constraint": {
					"rotation": {
						"0.0": [0, 0, 0],
						"2.0333": [0, 0, 0],
						"2.2": [0.2, 0.2, 0.4]
					},
					"position": {
						"0.0": [0.02, 0.02, 0.02],
						"2.0333": [0.02, 0.02, 0.02],
						"2.2": [0.1, 0.1, 0.1]
					}
				},
				"righthand": {
					"rotation": {
						"0.0": [-83.42, 173.71, 3.34],
						"0.2": [-83.42, 173.71, 3.34],
						"0.9667": [-83.42, 173.71, 3.34]
					},
					"position": {
						"0.0": [-6.74, -15.58, 6.6],
						"0.2": [-6.74, -15.58, 6.6],
						"0.3": [-7.74, -16.33, 6.6],
						"0.9": [-7.74, -16.33, 6.6],
						"0.9667": [-6.74, -15.58, 6.6]
					},
					"scale": {
						"0.0": [1, 1.5, 1],
						"0.2": [1, 1.5, 1],
						"0.9667": [1, 1.5, 1]
					}
				},
				"lefthand": {
					"rotation": [96.9594, -29.1425, -146.85684],
					"position": [8.4187, -17.87, 8.98],
					"scale": 0
				},
				"camera": {
					"rotation": {
						"0.0": [0, 0, 0],
						"0.0333": [0.04, 0.01, -0.02],
						"0.0667": [0.1, 0.02, -0.04],
						"0.1": [0.17, 0.03, -0.06],
						"0.1333": [0.25, 0.05, -0.1],
						"0.1667": [0.35, 0.06, -0.16],
						"0.2": [0.47, 0.08, -0.24],
						"0.2333": [0.67, 0.08, -0.39],
						"0.2667": [0.92, 0.09, -0.6],
						"0.3": [1.18, 0.1, -0.82],
						"0.3333": [1.4, 0.11, -1.01],
						"0.3667": [1.54, 0.13, -1.12],
						"0.4": [1.53, 0.18, -1.12],
						"0.4333": [1.38, 0.24, -0.98],
						"0.4667": [1.28, 0.28, -0.9],
						"0.5": [1.33, 0.25, -0.95],
						"0.5333": [1.44, 0.19, -1.05],
						"0.5667": [1.54, 0.13, -1.12],
						"0.6": [1.57, 0.09, -1.15],
						"0.6333": [1.6, 0.04, -1.17],
						"0.6667": [1.63, 0, -1.19],
						"0.7": [1.65, -0.04, -1.19],
						"0.7333": [1.66, -0.06, -1.17],
						"0.7667": [1.64, -0.06, -1.15],
						"0.8": [1.59, -0.04, -1.11],
						"0.8333": [1.55, -0.01, -1.06],
						"0.8667": [1.54, 0.01, -1],
						"0.9": [1.58, 0.01, -0.92],
						"0.9333": [2.06, -0.11, -0.57],
						"0.9667": [2.47, -0.25, -0.36],
						"1.0": [2.4, -0.28, -0.51],
						"1.0333": [2.19, -0.29, -0.8],
						"1.0667": [1.96, -0.29, -1.1],
						"1.1": [1.82, -0.28, -1.27],
						"1.1333": [1.81, -0.24, -1.27],
						"1.1667": [1.86, -0.18, -1.15],
						"1.2": [1.94, -0.12, -1.01],
						"1.2333": [1.99, -0.07, -0.92],
						"1.2667": [1.96, 0.01, -0.98],
						"1.3": [2, 0.05, -1],
						"1.3333": [2.095, -0.01, -0.63],
						"1.3667": [1.7475, -0.09, -0.38],
						"1.4": [0.42, -0.17, -0.18],
						"1.4333": [0.06, -0.09, 0.07],
						"1.4667": [-0.17, -0.04, 0.2],
						"1.5": [-0.1, 0, 0],
						"1.5333": [0.16, 0, -0.29],
						"1.5667": [0.1, 0, -0.22],
						"1.6": [-0.03, 0, -0.05],
						"1.6333": [-0.12, 0, 0.08],
						"1.6667": [-0.11, 0, 0.09],
						"1.7": [-0.08, 0, 0.06],
						"1.7333": [-0.03, 0, 0.02],
						"1.7667": [0, 0, 0]
					}
				}
			}
		},
		"reload_tactical": {
			"animation_length": 1.7667,
			"bones": {
				"root": {
					"rotation": {
						"0.0": [0, 0, 0],
						"0.0333": [-4.8525, -0.99, -0.14],
						"0.1": [-9.0375, -2.45, -0.53],
						"0.2": {
							"pre": [-33.7675, -17.57, -5.5575],
							"post": [-33.7675, -17.57, -5.5575],
							"lerp_mode": "catmullrom"
						},
						"0.3": {
							"post": [-37.84679, -12.32475, -12.45073],
							"lerp_mode": "catmullrom"
						},
						"0.3667": {
							"post": [-38.765, -8.5, -7.5],
							"lerp_mode": "catmullrom"
						},
						"0.4333": {
							"post": [-39.0424, -10, -9.5],
							"lerp_mode": "catmullrom"
						},
						"0.5": {
							"post": [-40.355, -10, -8.5],
							"lerp_mode": "catmullrom"
						},
						"0.5667": {
							"post": [-40.90799, -10, -9.84939],
							"lerp_mode": "catmullrom"
						},
						"0.6333": {
							"post": [-40.675, -8.79, -9],
							"lerp_mode": "catmullrom"
						},
						"0.7": {
							"post": [-40.5, -9.71, -10],
							"lerp_mode": "catmullrom"
						},
						"0.7667": {
							"post": [-40.40146, -10.62596, -9],
							"lerp_mode": "catmullrom"
						},
						"0.8333": {
							"post": [-40.76582, -9.33383, -10],
							"lerp_mode": "catmullrom"
						},
						"0.9333": {
							"post": [-39.7125, -10.5825, -10.73],
							"lerp_mode": "catmullrom"
						},
						"0.9667": {
							"post": [-31.065, -9.5125, -11.0475],
							"lerp_mode": "catmullrom"
						},
						"1.0333": [-10.01, -0.63, -12.205],
						"1.1": [-3.97, 1.88, -11.1375],
						"1.1333": [-1.57, 2.05, -10.3675],
						"1.1667": [-0.65, 1.84, -8.49],
						"1.2": [0, 1.29, -6.12],
						"1.2667": [0.71, -0.04, -2.11],
						"1.3": [0.9, -0.45, -0.72],
						"1.3333": [0.67, -0.45, 0.33],
						"1.3667": [0.12, -0.18, 0.27],
						"1.4333": [0.05, -0.44, 0.985],
						"1.4667": [0.02, -0.32, 0.625],
						"1.6": {
							"pre": [-0.01, -0.09, 0.855],
							"post": [-0.01, -0.09, 0.855],
							"lerp_mode": "catmullrom"
						},
						"1.7": [0, 0, 0]
					},
					"position": {
						"0.0": [0, 0, 0],
						"0.0333": [-0.08, 0.05, -0.21],
						"0.1": {
							"pre": [-0.32, 1.065, -0.2925],
							"post": [-0.32, 1.065, -0.2925],
							"lerp_mode": "catmullrom"
						},
						"0.1667": {
							"post": [-0.975, 2.305, 0.09],
							"lerp_mode": "catmullrom"
						},
						"0.2333": {
							"post": [-1.875, 0.135, 1.07],
							"lerp_mode": "catmullrom"
						},
						"0.3": [-2.2225, -0.6875, 1.9875],
						"0.3333": [-2.4725, -0.775, 2.08],
						"0.3667": [-2.4825, -0.72, 2.245],
						"0.4333": [-2.5025, -0.7425, 2.025],
						"0.4667": [-2.5025, -0.6725, 1.935],
						"0.5": [-2.5025, -0.6225, 1.945],
						"0.5333": [-2.5025, -0.5825, 1.995],
						"0.6": [-2.5025, -0.5325, 2.005],
						"0.6333": [-2.5025, -0.5225, 1.985],
						"0.6667": [-2.5025, -0.5125, 1.955],
						"0.7": [-2.5025, -0.5025, 1.935],
						"0.7667": [-2.5025, -0.5325, 1.885],
						"0.9333": {
							"pre": [-1.74, 0.4625, -0.21],
							"post": [-1.74, 0.4625, -0.21],
							"lerp_mode": "catmullrom"
						},
						"1.0333": [-0.83, -0.87, -0.03],
						"1.1": [-0.42, -1.35, 0.26],
						"1.1333": [-0.3, -1.25, 0.03],
						"1.1667": [-0.22, -1.01, -0.35],
						"1.2": [-0.15, -0.81, -0.61],
						"1.2667": [-0.07, -0.72, -0.5],
						"1.3": [-0.05, -0.65, -0.31],
						"1.3333": [-0.02, -0.38, 0.19],
						"1.3667": [0, -0.12, 0.57],
						"1.4333": [0, -0.05, 0.15],
						"1.4667": [0, -0.04, -0.07],
						"1.5": [0, -0.02, -0.11],
						"1.5333": [0, -0.01, -0.07],
						"1.6": [0, 0, -0.02],
						"1.6333": [0, 0, -0.01],
						"1.6667": [0, 0, -0.01],
						"1.7": [0, 0, 0]
					}
				},
				"lefthand": {
					"rotation": [96.9594, -29.1425, -146.85684],
					"position": [8.4187, -17.87, 8.98],
					"scale": 0
				},
				"righthand": {
					"rotation": {
						"0.0": [-83.42, 173.71, 3.34],
						"0.2": [-83.42, 173.71, 3.34],
						"0.9667": [-83.42, 173.71, 3.34]
					},
					"position": {
						"0.0": [-6.74, -15.58, 6.6],
						"0.2": [-6.74, -16.33, 6.6],
						"0.2667": [-7.74, -16.33, 6.6],
						"0.9333": [-7.74, -16.33, 6.6],
						"0.9667": [-6.74, -15.58, 6.6]
					},
					"scale": {
						"0.0": [1, 1.5, 1],
						"0.2": [1, 1.5, 1],
						"0.9667": [1, 1.5, 1]
					}
				},
				"camera": {
					"rotation": {
						"0.0": [0, 0, 0],
						"0.0333": [0.04, 0.01, -0.02],
						"0.1": [0.17, 0.03, -0.06],
						"0.1333": [0.25, 0.05, -0.1],
						"0.1667": [0.35, 0.06, -0.16],
						"0.2667": {
							"pre": [0.97, 0.08, -0.615],
							"post": [0.97, 0.08, -0.615],
							"lerp_mode": "catmullrom"
						},
						"0.3": {
							"post": [1.54, 0.13, -1.12],
							"lerp_mode": "catmullrom"
						},
						"0.4333": {
							"post": [1.53, -0.2825, -0.8375],
							"lerp_mode": "catmullrom"
						},
						"0.5333": {
							"post": [1.57, 0.09, -1.15],
							"lerp_mode": "catmullrom"
						},
						"0.7": {
							"post": [1.64, -0.31, -0.9],
							"lerp_mode": "catmullrom"
						},
						"0.8333": {
							"post": [1.58, 0.01, -1.2325],
							"lerp_mode": "catmullrom"
						},
						"0.9333": {
							"post": [1.6575, 0, -1.235],
							"lerp_mode": "catmullrom"
						},
						"1.0333": {
							"post": [1.82, -0.28, -1.395],
							"lerp_mode": "catmullrom"
						},
						"1.1667": {
							"post": [1.8025, -0.07, -0.92],
							"lerp_mode": "catmullrom"
						},
						"1.2667": {
							"post": [1.595, -0.01, -0.63],
							"lerp_mode": "catmullrom"
						},
						"1.3333": {
							"post": [1.22, -0.01, -0.505],
							"lerp_mode": "catmullrom"
						},
						"1.4333": [0.06, -0.09, 0.07],
						"1.4667": [-0.17, -0.04, 0.2],
						"1.5": [-0.1, 0, 0],
						"1.5333": [0.16, 0, -0.29],
						"1.6": [-0.03, 0, -0.05],
						"1.6333": [-0.12, 0, 0.08],
						"1.6667": [-0.11, 0, 0.09],
						"1.7": [-0.08, 0, 0.06],
						"1.7667": [0, 0, 0]
					}
				}
			},
			"sound_effects": {
				"0.0": {
					"effect": "swb2:dl44/dl44_reload_tactical"
				}
			}
		},
		"reload_empty1": {
			"animation_length": 2.8,
			"bones": {
				"additional_magazine": {
					"rotation": {
						"0.9": [0, 0, 0],
						"0.9333": [0, 0, 0],
						"0.9667": [0, 0, 0],
						"1.0": [0, 0, 2.3],
						"1.0333": [0, 0, 4.6],
						"1.0667": [0, 0, 1.48],
						"1.1": [0, 0, -1.64],
						"1.1333": [0, 0, -4.76],
						"1.1667": [0, 0, -7.88],
						"1.2": [0, 0, -11],
						"1.2333": [0, 0, -11],
						"1.2667": [0, 0, -11],
						"1.3": [0, 0, -11],
						"1.3333": [0, 0, -11],
						"1.3667": [0, 0, -11],
						"1.4": [0, 0, -11],
						"1.4333": [0, 0, -11],
						"1.4667": [0, 0, -11],
						"1.5": [0, 0, -11],
						"1.5333": [5.52, -2.36, -16.7],
						"1.5667": [7.14, -6.86, -27.57],
						"1.6": [-1.55, -12.44, -41.07],
						"1.6333": [-14.51, -19.17, -57.34],
						"1.6667": [-24, -24, -69]
					},
					"position": {
						"0.9": [0, 0, 0],
						"0.9333": [0, -1.69, 0],
						"0.9667": [0, -3.37, 0],
						"1.0": [-0.36, -3.6, 0],
						"1.0333": [-0.72, -3.82, 0],
						"1.0667": [-1.07, -4.04, 0],
						"1.1": [-1.17, -3.91, 0],
						"1.1333": [-1.27, -3.78, 0],
						"1.1667": [-1.37, -3.65, 0],
						"1.2": [-1.47, -3.52, 0],
						"1.2333": [-1.57, -3.39, 0],
						"1.2667": [-1.66, -3.3, -0.05],
						"1.3": [-1.74, -3.21, -0.1],
						"1.3333": [-1.74, -2.02, -0.1],
						"1.3667": [-1.74, -0.82, -0.1],
						"1.4": [-1.74, -0.82, -0.1],
						"1.4333": [-1.74, -0.82, -0.1],
						"1.4667": [-1.74, -0.82, -0.1],
						"1.5": [-1.74, -0.82, -0.1],
						"1.5333": [-1.47, -3.29, 0.23],
						"1.5667": [-0.86, -5.03, 0.32],
						"1.6": [0.03, -7.33, 1.41],
						"1.6333": [2.13, -9.14, 5.07],
						"1.6667": [4.11, -10.65, 8.59]
					}
				},
				"mag_release": {
					"position": {
						"0.7667": [0, 0, 0],
						"0.8": [0.06, 0, 0],
						"0.8333": [0.13, 0, 0],
						"0.8667": [0.13, 0, 0],
						"0.9": [0.13, 0, 0],
						"0.9333": [0.13, 0, 0],
						"0.9667": [0.13, 0, 0],
						"1.0": [0.13, 0, 0],
						"1.0333": [0.13, 0, 0],
						"1.0667": [0.13, 0, 0],
						"1.1": [0.06, 0, 0],
						"1.1333": [0, 0, 0],
						"1.1667": [0, 0, 0],
						"1.2": [0, 0, 0],
						"1.2333": [0, 0, 0],
						"1.2667": [0, 0, 0],
						"1.3": [0, 0, 0],
						"1.3333": [0.06, 0, 0],
						"1.3667": [0.13, 0, 0],
						"1.4": [0.13, 0, 0],
						"1.4333": [0.13, 0, 0],
						"1.4667": [0.06, 0, 0],
						"1.5": [0, 0, 0]
					}
				},
				"root": {
					"rotation": {
						"0.0": [0, 0, 0],
						"0.0333": [-4.8525, -0.99, -0.14],
						"0.0667": [-9.0375, -2.45, -0.53],
						"0.2": {
							"pre": [-14.58, -10.0075, -9.6825],
							"post": [-14.58, -10.0075, -9.6825],
							"lerp_mode": "catmullrom"
						},
						"0.3": {
							"post": [-37.84679, -12.32475, -12.45073],
							"lerp_mode": "catmullrom"
						},
						"0.3333": [-41.15228, -12.43547, -12.00154],
						"0.3667": [-41.2, -11.78, -12.5925],
						"0.4": [-40.97, -10.98, -10.7025],
						"0.4333": [-40.92, -10.74, -10.9925],
						"0.4667": [-41.14, -10.78, -11.4925],
						"0.5": [-41.47, -10.92, -11.0625],
						"0.5333": [-41.92, -11.15, -10.3325],
						"0.5667": [-42.39, -11.36, -9.6425],
						"0.6": [-42.73, -11.43, -9.3425],
						"0.6333": [-42.92, -11.31, -9.5825],
						"0.6667": [-43.04, -11.04, -10.1525],
						"0.7": [-43.08, -10.76, -10.8725],
						"0.7333": [-43.05, -10.54, -11.5325],
						"0.8": {
							"pre": [-37.605, -29.4475, -27.11],
							"post": [-37.605, -29.4475, -27.11],
							"lerp_mode": "catmullrom"
						},
						"0.8667": [-29.62735, -11.17591, -0.63453],
						"0.9333": {
							"pre": [-24.6507, -0.0819, 12.68059],
							"post": [-24.6507, -0.0819, 12.68059],
							"lerp_mode": "catmullrom"
						},
						"1.0333": [-29.29174, -5.63614, 5.99941],
						"1.2": {
							"pre": [-33.96, -21.47, -20.92],
							"post": [-33.96, -21.47, -20.92],
							"lerp_mode": "catmullrom"
						},
						"1.3": {
							"post": [-34.63743, -23.08473, -15.65068],
							"lerp_mode": "catmullrom"
						},
						"1.4": {
							"post": [-34.73, -23.01, -17.95],
							"lerp_mode": "catmullrom"
						},
						"1.5333": {
							"post": [-34.63743, -23.08473, -18.65068],
							"lerp_mode": "catmullrom"
						},
						"1.7": {
							"post": [-34.37, -25.7, -18.345],
							"lerp_mode": "catmullrom"
						},
						"1.8333": {
							"post": [-34.85, -26.79, -20.21],
							"lerp_mode": "catmullrom"
						},
						"2.0": {
							"post": [-30.59, -25.39, -21.4025],
							"lerp_mode": "catmullrom"
						},
						"2.1333": {
							"post": [-10.01, -2.505, -16.705],
							"lerp_mode": "catmullrom"
						},
						"2.2333": [-1.57, 2.05, -10.3675],
						"2.2667": [-0.65, 1.84, -8.49],
						"2.3": [0, 1.29, -6.12],
						"2.3333": [0.43, 0.6, -3.95],
						"2.3667": [0.71, -0.04, -2.11],
						"2.4": [0.9, -0.45, -0.72],
						"2.4333": [0.67, -0.45, 0.33],
						"2.4667": [0.12, -0.18, 0.27],
						"2.5": [0.08, -0.49, 0.2675],
						"2.5333": [0.05, -0.44, 0.985],
						"2.5667": [0.02, -0.32, 0.625],
						"2.7": {
							"pre": [-0.01, -0.09, 0.855],
							"post": [-0.01, -0.09, 0.855],
							"lerp_mode": "catmullrom"
						},
						"2.8": [0, 0, 0]
					},
					"position": {
						"0.0": [0, 0, 0],
						"0.0333": [-0.08, 0.05, -0.21],
						"0.1": {
							"pre": [-0.32, 0.315, -0.73],
							"post": [-0.32, 0.315, -0.73],
							"lerp_mode": "catmullrom"
						},
						"0.1667": {
							"post": [-0.35, 1.055, -0.285],
							"lerp_mode": "catmullrom"
						},
						"0.2333": {
							"post": [-1.4375, 1.9475, 1.2575],
							"lerp_mode": "catmullrom"
						},
						"0.3": [-2.2225, -0.6875, 1.9875],
						"0.3333": [-2.285, -1.025, 2.08],
						"0.3667": [-2.2325, -1.095, 2.12],
						"0.4": [-2.2425, -1.1675, 2.02],
						"0.4333": [-2.2525, -1.1175, 1.9],
						"0.4667": [-2.2525, -1.0475, 1.81],
						"0.5": [-2.2525, -0.9975, 1.82],
						"0.5333": [-2.2525, -0.9575, 1.87],
						"0.5667": [-2.2525, -0.9275, 1.89],
						"0.6": [-2.2525, -0.9075, 1.88],
						"0.6333": [-2.2525, -0.8975, 1.86],
						"0.6667": [-2.2525, -0.8875, 1.83],
						"0.7": [-2.2525, -0.8775, 1.81],
						"0.7333": [-2.2525, -0.8875, 1.78],
						"0.8667": {
							"pre": [-1.94, -0.015, -0.22],
							"post": [-1.94, -0.015, -0.22],
							"lerp_mode": "catmullrom"
						},
						"0.9667": {
							"post": [-1.0275, 1.3975, 1.1425],
							"lerp_mode": "catmullrom"
						},
						"1.1333": {
							"post": [-1.4275, 1.8, 1.3775],
							"lerp_mode": "catmullrom"
						},
						"1.2667": {
							"post": [-1.94, 0.1, 0.77],
							"lerp_mode": "catmullrom"
						},
						"1.4": {
							"post": [-1.9, 0.12, 0.73],
							"lerp_mode": "catmullrom"
						},
						"1.5333": [-1.94, 0.1, 0.77],
						"1.7": {
							"pre": [-1.94, 0.1, 0.82],
							"post": [-1.94, 0.1, 0.82],
							"lerp_mode": "catmullrom"
						},
						"1.8333": {
							"post": [-1.77, 0.3, 1.23],
							"lerp_mode": "catmullrom"
						},
						"2.0": {
							"post": [-1.315, 0.0925, 0.76],
							"lerp_mode": "catmullrom"
						},
						"2.1333": {
							"post": [-0.83, -0.87, 0.1575],
							"lerp_mode": "catmullrom"
						},
						"2.2": {
							"post": [-0.42, -1.1625, -0.115],
							"lerp_mode": "catmullrom"
						},
						"2.2667": [-0.22, -1.01, -0.35],
						"2.3": [-0.15, -0.81, -0.61],
						"2.3333": [-0.1, -0.75, -0.62],
						"2.3667": [-0.07, -0.72, -0.5],
						"2.4": [-0.05, -0.65, -0.31],
						"2.4333": [-0.02, -0.38, 0.19],
						"2.4667": [0, -0.12, 0.57],
						"2.5": [0, -0.06, 0.45],
						"2.5333": [0, -0.05, 0.15],
						"2.5667": [0, -0.04, -0.07],
						"2.6": [0, -0.02, -0.11],
						"2.6333": [0, -0.01, -0.07],
						"2.6667": [0, 0, -0.03],
						"2.7": [0, 0, -0.02],
						"2.7333": [0, 0, -0.01],
						"2.7667": [0, 0, -0.01],
						"2.8": [0, 0, 0]
					}
				},
				"lefthand": {
					"rotation": [96.9594, -29.1425, -146.85684],
					"position": [8.4187, -17.87, 8.98],
					"scale": 0
				},
				"righthand": {
					"rotation": {
						"0.0": [-83.42, 173.71, 3.34],
						"0.2": [-83.42, 173.71, 3.34],
						"0.8667": [-83.42, 173.71, 3.34],
						"1.0333": [-83.42, 173.71, 3.34],
						"2.1": [-83.42, 173.71, 3.34]
					},
					"position": {
						"0.0": [-6.74, -15.58, 6.6],
						"0.2": [-6.74, -16.33, 7.6],
						"0.3": [-7.74, -16.33, 6.6],
						"0.8": [-7.74, -16.33, 6.6],
						"0.8667": [-6.74, -16.33, 7.6],
						"1.0333": [-6.74, -16.33, 7.6],
						"1.1": [-7.74, -16.33, 6.6],
						"1.9333": [-7.74, -16.33, 6.6],
						"2.1": [-6.74, -15.58, 6.6]
					},
					"scale": {
						"0.0": [1, 1.5, 1],
						"0.2": [1, 1.5, 1],
						"0.8667": [1, 1.5, 1],
						"1.0333": [1, 1.5, 1],
						"2.1": [1, 1.5, 1]
					}
				},
				"constraint": {
					"rotation": {
						"0.0": [0, 0, 0],
						"2.0333": [0, 0, 0],
						"2.2": [0.2, 0.2, 0.4]
					},
					"position": {
						"0.0": [0.02, 0.02, 0.02],
						"2.0333": [0.02, 0.02, 0.02],
						"2.2": [0.1, 0.1, 0.1]
					}
				},
				"camera": {
					"rotation": {
						"0.0": [0, 0, 0],
						"0.0333": [0.04, 0.01, -0.02],
						"0.0667": [0.1, 0.02, -0.04],
						"0.1": [0.17, 0.03, -0.06],
						"0.1333": [0.25, 0.05, -0.1],
						"0.1667": [0.35, 0.06, -0.16],
						"0.2": [0.47, 0.08, -0.24],
						"0.2333": [0.67, 0.08, -0.39],
						"0.2667": [0.92, 0.09, -0.6],
						"0.3": [1.18, 0.1, -0.82],
						"0.3333": [1.4, 0.11, -1.01],
						"0.3667": [1.54, 0.13, -1.12],
						"0.4": [1.53, 0.18, -1.12],
						"0.4333": [1.38, 0.24, -0.98],
						"0.4667": [1.28, 0.28, -0.9],
						"0.5": [1.33, 0.25, -0.95],
						"0.5333": [1.44, 0.19, -1.05],
						"0.5667": [1.54, 0.13, -1.12],
						"0.6": [1.57, 0.09, -1.15],
						"0.6333": [1.6, 0.04, -1.17],
						"0.6667": [1.63, 0, -1.19],
						"0.7": [1.65, -0.04, -1.19],
						"0.7333": [1.66, -0.06, -1.17],
						"0.8": [0.9725, 1.315, -4.17],
						"0.8667": [1.885, 0.1275, 0.0175],
						"0.9667": [1.78, 0.835, -1.9875],
						"1.0667": {
							"pre": [1.75, -0.6125, 0.495],
							"post": [1.75, -0.6125, 0.495],
							"lerp_mode": "catmullrom"
						},
						"1.1667": {
							"post": [1.72, -0.05, -1.235],
							"lerp_mode": "catmullrom"
						},
						"1.2667": [1.64, -0.06, -0.17],
						"1.4": {
							"pre": [2.015, -0.06, -0.162],
							"post": [2.015, -0.06, -0.162],
							"lerp_mode": "catmullrom"
						},
						"1.6": [1.64, -0.06, -0.15],
						"1.6333": [1.59, -0.04, -0.11],
						"1.6667": [1.55, -0.01, -0.06],
						"1.7333": [1.58, 0.01, -0.2325],
						"1.8": {
							"pre": [2.06, -0.11, -0.57],
							"post": [2.06, -0.11, -0.57],
							"lerp_mode": "catmullrom"
						},
						"1.9": {
							"post": [2.42, -0.27, -0.46],
							"lerp_mode": "catmullrom"
						},
						"2.0": {
							"post": [2.4, -0.28, -0.51],
							"lerp_mode": "catmullrom"
						},
						"2.1": [1.86, -0.18, -0.775],
						"2.2": {
							"pre": [1.21, 0.01, -0.7925],
							"post": [1.21, 0.01, -0.7925],
							"lerp_mode": "catmullrom"
						},
						"2.2667": {
							"post": [0.7475, -0.09, -0.38],
							"lerp_mode": "catmullrom"
						},
						"2.3333": [0.42, -0.17, -0.18],
						"2.3667": [0.06, -0.09, 0.07],
						"2.4": [-0.17, -0.04, 0.2],
						"2.4333": [-0.1, 0, 0],
						"2.4667": [0.16, 0, -0.29],
						"2.5": [0.1, 0, -0.22],
						"2.5333": [-0.03, 0, -0.05],
						"2.5667": [-0.12, 0, 0.08],
						"2.6": [-0.11, 0, 0.09],
						"2.6333": [-0.08, 0, 0.06],
						"2.6667": [-0.03, 0, 0.02],
						"2.7": [0, 0, 0]
					}
				}
			},
			"sound_effects": {
				"0.0": {
					"effect": "swb2:dl44/dl44_reload_tactical"
				},
				"0.9": {
					"effect": "swb2:dl44/dl44_reload_em1"
				},
				"1.8333": {
					"effect": "swb2:dl44/dl44_reload_em2"
				}
			}
		},
		"reload_empty": {
			"animation_length": 3.5,
			"bones": {
				"additional_magazine": {
					"rotation": {
						"0.9": [0, 0, 0],
						"0.9333": [0, 0, 0],
						"0.9667": [0, 0, 0],
						"1.0": [0, 0, 2.3],
						"1.0333": [0, 0, 4.6],
						"1.0667": [0, 0, 1.48],
						"1.1": [0, 0, -1.64],
						"1.1333": [0, 0, -4.76],
						"1.1667": [0, 0, -7.88],
						"1.2": [0, 0, -11],
						"1.2333": [0, 0, -11],
						"1.2667": [0, 0, -11],
						"1.3": [0, 0, -11],
						"1.3333": [0, 0, -11],
						"1.3667": [0, 0, -11],
						"1.4": [0, 0, -11],
						"1.4333": [0, 0, -11],
						"1.4667": [0, 0, -11],
						"1.5": [0, 0, -11],
						"1.5333": [5.52, -2.36, -16.7],
						"1.5667": [7.14, -6.86, -27.57],
						"1.6": [-1.55, -12.44, -41.07],
						"1.6333": [-14.51, -19.17, -57.34],
						"1.6667": [-24, -24, -69]
					},
					"position": {
						"0.9": [0, 0, 0],
						"0.9333": [0, -1.69, 0],
						"0.9667": [0, -3.37, 0],
						"1.0": [-0.36, -3.6, 0],
						"1.0333": [-0.72, -3.82, 0],
						"1.0667": [-1.07, -4.04, 0],
						"1.1": [-1.17, -3.91, 0],
						"1.1333": [-1.27, -3.78, 0],
						"1.1667": [-1.37, -3.65, 0],
						"1.2": [-1.47, -3.52, 0],
						"1.2333": [-1.57, -3.39, 0],
						"1.2667": [-1.66, -3.3, -0.05],
						"1.3": [-1.74, -3.21, -0.1],
						"1.3333": [-1.74, -2.02, -0.1],
						"1.3667": [-1.74, -0.82, -0.1],
						"1.4": [-1.74, -0.82, -0.1],
						"1.4333": [-1.74, -0.82, -0.1],
						"1.4667": [-1.74, -0.82, -0.1],
						"1.5": [-1.74, -0.82, -0.1],
						"1.5333": [-1.47, -3.29, 0.23],
						"1.5667": [-0.86, -5.03, 0.32],
						"1.6": [0.03, -7.33, 1.41],
						"1.6333": [2.13, -9.14, 5.07],
						"1.6667": [4.11, -10.65, 8.59]
					}
				},
				"mag_release": {
					"position": {
						"0.7667": [0, 0, 0],
						"0.8": [0.06, 0, 0],
						"0.8333": [0.13, 0, 0],
						"0.8667": [0.13, 0, 0],
						"0.9": [0.13, 0, 0],
						"0.9333": [0.13, 0, 0],
						"0.9667": [0.13, 0, 0],
						"1.0": [0.13, 0, 0],
						"1.0333": [0.13, 0, 0],
						"1.0667": [0.13, 0, 0],
						"1.1": [0.06, 0, 0],
						"1.1333": [0, 0, 0],
						"1.1667": [0, 0, 0],
						"1.2": [0, 0, 0],
						"1.2333": [0, 0, 0],
						"1.2667": [0, 0, 0],
						"1.3": [0, 0, 0],
						"1.3333": [0.06, 0, 0],
						"1.3667": [0.13, 0, 0],
						"1.4": [0.13, 0, 0],
						"1.4333": [0.13, 0, 0],
						"1.4667": [0.06, 0, 0],
						"1.5": [0, 0, 0]
					}
				},
				"root": {
					"rotation": {
						"0.0": [0, 0, 0],
						"0.0333": [-4.8525, -0.99, -0.14],
						"0.0667": [-9.0375, -2.45, -0.53],
						"0.2": {
							"pre": [-14.58, -10.0075, -9.6825],
							"post": [-14.58, -10.0075, -9.6825],
							"lerp_mode": "catmullrom"
						},
						"0.3": {
							"post": [-37.84679, -22.51225, -22.07573],
							"lerp_mode": "catmullrom"
						},
						"0.3333": [-41.15228, -22.62297, -21.62654],
						"0.3667": [-41.2, -21.9675, -22.2175],
						"0.4": [-40.97, -21.1675, -20.3275],
						"0.4333": [-40.92, -20.9275, -20.6175],
						"0.4667": [-41.14, -20.9675, -21.1175],
						"0.5": [-41.47, -21.1075, -20.6875],
						"0.5333": [-41.92, -21.3375, -19.9575],
						"0.5667": [-42.39, -21.5475, -19.2675],
						"0.6": [-42.73, -21.6175, -18.9675],
						"0.6333": [-42.92, -21.4975, -19.2075],
						"0.6667": [-43.04, -21.2275, -19.7775],
						"0.7": [-43.08, -20.9475, -20.4975],
						"0.7333": [-43.05, -20.7275, -21.1575],
						"0.8": {
							"pre": [-37.605, -36.4475, -35.11],
							"post": [-37.605, -36.4475, -35.11],
							"lerp_mode": "catmullrom"
						},
						"0.8667": [-29.62735, -11.17591, -0.63453],
						"0.9333": {
							"pre": [-24.6507, -0.0819, 12.68059],
							"post": [-24.6507, -0.0819, 12.68059],
							"lerp_mode": "catmullrom"
						},
						"1.0333": [-29.29174, -5.63614, 5.99941],
						"1.2": {
							"pre": [-33.96, -21.47, -20.92],
							"post": [-33.96, -21.47, -20.92],
							"lerp_mode": "catmullrom"
						},
						"1.3": {
							"post": [-34.63743, -23.08473, -27.33818],
							"lerp_mode": "catmullrom"
						},
						"1.4": {
							"post": [-34.73, -23.01, -29.6375],
							"lerp_mode": "catmullrom"
						},
						"1.6333": {
							"post": [-42.82493, -41.02223, -31.40068],
							"lerp_mode": "catmullrom"
						},
						"1.7333": {
							"post": [-50.1675, -36.4475, -24.0475],
							"lerp_mode": "catmullrom"
						},
						"1.8": [-54.75235, -11.17591, -0.63453],
						"1.8667": {
							"pre": [-29.68184, 6.21374, 16.76465],
							"post": [-29.68184, 6.21374, 16.76465],
							"lerp_mode": "catmullrom"
						},
						"1.9667": [-31.29174, -5.63614, 5.99941],
						"2.0667": {
							"pre": [-50.43, -15.96, -6.4575],
							"post": [-50.43, -15.96, -6.4575],
							"lerp_mode": "catmullrom"
						},
						"2.1333": [-51.87735, -11.17591, -0.63453],
						"2.2": {
							"pre": [-29.68184, 6.21374, 16.76465],
							"post": [-29.68184, 6.21374, 16.76465],
							"lerp_mode": "catmullrom"
						},
						"2.3": [-31.29174, -5.63614, 5.99941],
						"2.4": {
							"pre": [-38.43, -15.96, -11.52],
							"post": [-38.43, -15.96, -11.52],
							"lerp_mode": "catmullrom"
						},
						"2.4667": {
							"post": [-37.85, -26.79, -20.21],
							"lerp_mode": "catmullrom"
						},
						"2.7": {
							"post": [-30.59, -25.39, -21.4025],
							"lerp_mode": "catmullrom"
						},
						"2.8333": {
							"post": [-10.01, -2.505, -16.705],
							"lerp_mode": "catmullrom"
						},
						"2.9333": [-1.57, 2.05, -10.3675],
						"2.9667": [-0.65, 1.84, -8.49],
						"3.0": [0, 1.29, -6.12],
						"3.0333": [0.43, 0.6, -3.95],
						"3.0667": [0.71, -0.04, -2.11],
						"3.1": [0.9, -0.45, -0.72],
						"3.1333": [0.67, -0.45, 0.33],
						"3.1667": [0.12, -0.18, 0.27],
						"3.2": [0.08, -0.49, 0.2675],
						"3.2333": [0.05, -0.44, 0.985],
						"3.2667": [0.02, -0.32, 0.625],
						"3.4": {
							"pre": [-0.01, -0.09, 0.855],
							"post": [-0.01, -0.09, 0.855],
							"lerp_mode": "catmullrom"
						},
						"3.5": [0, 0, 0]
					},
					"position": {
						"0.0": [0, 0, 0],
						"0.0333": [-0.08, 0.05, -0.21],
						"0.1": {
							"pre": [-0.32, 0.315, -0.73],
							"post": [-0.32, 0.315, -0.73],
							"lerp_mode": "catmullrom"
						},
						"0.1667": {
							"post": [-0.35, 1.055, -0.285],
							"lerp_mode": "catmullrom"
						},
						"0.2333": {
							"post": [-1.4375, 1.9475, 0.8825],
							"lerp_mode": "catmullrom"
						},
						"0.3": [-2.2225, 0.0625, 1.425],
						"0.3333": [-2.285, -0.275, 1.5175],
						"0.3667": [-2.2325, -0.345, 1.5575],
						"0.4": [-2.2425, -0.4175, 1.4575],
						"0.4333": [-2.2525, -0.3675, 1.3375],
						"0.4667": [-2.2525, -0.2975, 1.2475],
						"0.5": [-2.2525, -0.2475, 1.2575],
						"0.5333": [-2.2525, -0.2075, 1.3075],
						"0.5667": [-2.2525, -0.1775, 1.3275],
						"0.6": [-2.2525, -0.1575, 1.3175],
						"0.6333": [-2.2525, -0.1475, 1.2975],
						"0.6667": [-2.2525, -0.1375, 1.2675],
						"0.7": [-2.2525, -0.1275, 1.2475],
						"0.7333": [-2.2525, -0.1375, 1.2175],
						"0.8667": {
							"pre": [-1.94, -0.015, -0.22],
							"post": [-1.94, -0.015, -0.22],
							"lerp_mode": "catmullrom"
						},
						"0.9667": {
							"post": [-1.0275, 1.3975, 1.1425],
							"lerp_mode": "catmullrom"
						},
						"1.1333": {
							"post": [-1.4275, 1.8, 1.3775],
							"lerp_mode": "catmullrom"
						},
						"1.2667": {
							"post": [-1.94, 0.1, 0.77],
							"lerp_mode": "catmullrom"
						},
						"1.4": {
							"post": [-1.9, 0.12, 0.73],
							"lerp_mode": "catmullrom"
						},
						"1.5333": [-1.94, 0.1, -0.0425],
						"1.7": {
							"pre": [-1.92, 0.1, -0.17],
							"post": [-1.92, 0.1, -0.17],
							"lerp_mode": "catmullrom"
						},
						"1.8": {
							"post": [-1.94, -0.015, -0.22],
							"lerp_mode": "catmullrom"
						},
						"1.9": {
							"post": [-2.2775, 1.3975, 1.1425],
							"lerp_mode": "catmullrom"
						},
						"1.9667": {
							"post": [-2.1175, 1.535, 1.41],
							"lerp_mode": "catmullrom"
						},
						"2.0667": {
							"post": [-1.4875, 0.555, 0.38],
							"lerp_mode": "catmullrom"
						},
						"2.1333": {
							"post": [-1.5025, 0.7975, 0.3425],
							"lerp_mode": "catmullrom"
						},
						"2.2333": {
							"post": [-1.965, 1.3975, 1.1425],
							"lerp_mode": "catmullrom"
						},
						"2.3": {
							"post": [-2.065, 1.4525, 1.34],
							"lerp_mode": "catmullrom"
						},
						"2.4": {
							"post": [-1.8, 0.43, 1.38],
							"lerp_mode": "catmullrom"
						},
						"2.4667": {
							"post": [-1.77, 0.3, 1.23],
							"lerp_mode": "catmullrom"
						},
						"2.7": {
							"post": [-1.315, -0.1575, 0.76],
							"lerp_mode": "catmullrom"
						},
						"2.8333": {
							"post": [-0.83, -0.87, 0.1575],
							"lerp_mode": "catmullrom"
						},
						"2.9": {
							"post": [-0.42, -1.1625, -0.115],
							"lerp_mode": "catmullrom"
						},
						"2.9667": [-0.22, -1.01, -0.35],
						"3.0": [-0.15, -0.81, -0.61],
						"3.0333": [-0.1, -0.75, -0.62],
						"3.0667": [-0.07, -0.72, -0.5],
						"3.1": [-0.05, -0.65, -0.31],
						"3.1333": [-0.02, -0.38, 0.19],
						"3.1667": [0, -0.12, 0.57],
						"3.2": [0, -0.06, 0.45],
						"3.2333": [0, -0.05, 0.15],
						"3.2667": [0, -0.04, -0.07],
						"3.3": [0, -0.02, -0.11],
						"3.3333": [0, -0.01, -0.07],
						"3.3667": [0, 0, -0.03],
						"3.4": [0, 0, -0.02],
						"3.4333": [0, 0, -0.01],
						"3.4667": [0, 0, -0.01],
						"3.5": [0, 0, 0]
					}
				},
				"lefthand": {
					"rotation": [96.9594, -29.1425, -146.85684],
					"position": [8.4187, -17.87, 8.98],
					"scale": 0
				},
				"righthand": {
					"rotation": {
						"0.0": [-83.42, 173.71, 3.34],
						"0.2": [-83.42, 173.71, 3.34],
						"0.8667": [-83.42, 173.71, 3.34],
						"1.0333": [-83.42, 173.71, 3.34],
						"1.7": [-83.42, 173.71, 3.34],
						"2.4": [-83.42, 173.71, 3.34],
						"2.8": [-83.42, 173.71, 3.34]
					},
					"position": {
						"0.0": [-6.74, -15.58, 6.6],
						"0.2": [-6.74, -16.33, 7.6],
						"0.3": [-7.74, -16.33, 6.6],
						"0.8": [-7.74, -16.33, 6.6],
						"0.8667": [-6.74, -16.33, 7.6],
						"1.0333": [-6.74, -16.33, 7.6],
						"1.1": [-7.74, -16.33, 6.6],
						"1.7": [-7.74, -16.33, 6.6],
						"2.4": [-7.74, -16.33, 6.6],
						"2.6333": [-7.74, -16.33, 6.6],
						"2.8": [-6.74, -15.58, 6.6]
					},
					"scale": {
						"0.0": [1, 1.5, 1],
						"0.2": [1, 1.5, 1],
						"0.8667": [1, 1.5, 1],
						"1.0333": [1, 1.5, 1],
						"2.8": [1, 1.5, 1]
					}
				},
				"constraint": {
					"rotation": {
						"0.0": [0, 0, 0],
						"2.0333": [0, 0, 0],
						"2.2": [0.2, 0.2, 0.4]
					},
					"position": {
						"0.0": [0.02, 0.02, 0.02],
						"2.0333": [0.02, 0.02, 0.02],
						"2.2": [0.1, 0.1, 0.1]
					}
				},
				"camera": {
					"rotation": {
						"0.0": [0, 0, 0],
						"0.0333": [0.04, 0.01, -0.02],
						"0.0667": [0.1, 0.02, -0.04],
						"0.1": [0.17, 0.03, -0.06],
						"0.1333": [0.25, 0.05, -0.1],
						"0.1667": [0.35, 0.06, -0.16],
						"0.2": [0.47, 0.08, -0.24],
						"0.2333": [0.67, 0.08, -0.39],
						"0.2667": [0.92, 0.09, -0.6],
						"0.3": [1.18, 0.1, -0.82],
						"0.3333": [1.4, 0.11, -1.01],
						"0.3667": [1.54, 0.13, -1.12],
						"0.4": [1.53, 0.18, -1.12],
						"0.4333": [1.38, 0.24, -0.98],
						"0.4667": [1.28, 0.28, -0.9],
						"0.5": [1.33, 0.25, -0.95],
						"0.5333": [1.44, 0.19, -1.05],
						"0.5667": [1.54, 0.13, -1.12],
						"0.6": [1.57, 0.09, -1.15],
						"0.6333": [1.6, 0.04, -1.17],
						"0.6667": [1.63, 0, -1.19],
						"0.7": [1.65, -0.04, -1.19],
						"0.7333": [1.66, -0.06, -1.17],
						"0.8": [0.9725, 1.315, -4.17],
						"0.8667": [1.885, 0.1275, 0.0175],
						"0.9667": [1.78, 0.835, -1.9875],
						"1.0667": {
							"pre": [1.75, -0.6125, 0.495],
							"post": [1.75, -0.6125, 0.495],
							"lerp_mode": "catmullrom"
						},
						"1.1667": {
							"post": [1.72, -0.05, -1.235],
							"lerp_mode": "catmullrom"
						},
						"1.2667": [1.64, -0.06, -0.17],
						"1.4": {
							"pre": [2.015, -0.06, -0.162],
							"post": [2.015, -0.06, -0.162],
							"lerp_mode": "catmullrom"
						},
						"1.6": [1.64, -0.06, -0.15],
						"1.7": {
							"pre": [1.55, -0.01, -0.06],
							"post": [1.55, -0.01, -0.06],
							"lerp_mode": "catmullrom"
						},
						"1.8": {
							"post": [1.56, 0.49, -0.6425],
							"lerp_mode": "catmullrom"
						},
						"1.8667": {
							"post": [1.56, 0.6875, -0.5275],
							"lerp_mode": "catmullrom"
						},
						"1.9667": {
							"post": [1.56, 0.05, -0.09],
							"lerp_mode": "catmullrom"
						},
						"2.1": {
							"post": [1.56, 0.065, -0.11],
							"lerp_mode": "catmullrom"
						},
						"2.2": {
							"post": [1.56, 0.7375, -0.62],
							"lerp_mode": "catmullrom"
						},
						"2.3": {
							"post": [1.56, 0.035, -0.13],
							"lerp_mode": "catmullrom"
						},
						"2.4": [1.57, 0, -0.15],
						"2.4333": [1.58, 0.01, -0.2325],
						"2.5": {
							"pre": [2.06, -0.11, -0.57],
							"post": [2.06, -0.11, -0.57],
							"lerp_mode": "catmullrom"
						},
						"2.6": {
							"post": [2.42, -0.27, -0.46],
							"lerp_mode": "catmullrom"
						},
						"2.7": {
							"post": [2.4, -0.28, -0.51],
							"lerp_mode": "catmullrom"
						},
						"2.8": [1.86, -0.18, -0.775],
						"2.9": {
							"pre": [1.21, 0.01, -0.7925],
							"post": [1.21, 0.01, -0.7925],
							"lerp_mode": "catmullrom"
						},
						"2.9667": {
							"post": [0.7475, -0.09, -0.38],
							"lerp_mode": "catmullrom"
						},
						"3.0333": [0.42, -0.17, -0.18],
						"3.0667": [0.06, -0.09, 0.07],
						"3.1": [-0.17, -0.04, 0.2],
						"3.1333": [-0.1, 0, 0],
						"3.1667": [0.16, 0, -0.29],
						"3.2": [0.1, 0, -0.22],
						"3.2333": [-0.03, 0, -0.05],
						"3.2667": [-0.12, 0, 0.08],
						"3.3": [-0.11, 0, 0.09],
						"3.3333": [-0.08, 0, 0.06],
						"3.3667": [-0.03, 0, 0.02],
						"3.4": [0, 0, 0]
					}
				}
			},
			"sound_effects": {
				"0.0": {
					"effect": "swb2:dl44/dl44_reload_tactical"
				},
				"0.9": {
					"effect": "swb2:dl44/dl44_reload_em1"
				},
				"2.5333": {
					"effect": "swb2:dl44/dl44_reload_em2"
				}
			}
		},
		"inspect": {
			"animation_length": 6.4,
			"bones": {
				"main": {
					"rotation": {
						"2.2": {
							"pre": [0, 0, 0],
							"post": [0, 0, 0],
							"lerp_mode": "catmullrom"
						},
						"2.4": {
							"post": [-0.84, 8.57, 15.89],
							"lerp_mode": "catmullrom"
						},
						"2.5667": {
							"post": [-1.44014, 14.68286, 27.51944],
							"lerp_mode": "catmullrom"
						},
						"2.9": {
							"post": [0.3847, 15.80549, 33.54395],
							"lerp_mode": "catmullrom"
						},
						"3.3": {
							"post": [-0.62866, 17.11563, 33.08116],
							"lerp_mode": "catmullrom"
						},
						"3.6": {
							"post": [-0.65248, 15.53765, 32.19561],
							"lerp_mode": "catmullrom"
						},
						"3.8": {
							"post": [-0.73445, 13.2648, 31.77578],
							"lerp_mode": "catmullrom"
						},
						"3.9": {
							"post": [-0.9, 8.14, 16.33],
							"lerp_mode": "catmullrom"
						},
						"4.0667": {
							"post": [0, 0, 0],
							"lerp_mode": "catmullrom"
						}
					},
					"position": {
						"2.2": {
							"pre": [0, 0, 0],
							"post": [0, 0, 0],
							"lerp_mode": "catmullrom"
						},
						"2.3667": {
							"post": [-0.216, 0.26193, 0.30274],
							"lerp_mode": "catmullrom"
						},
						"2.5": {
							"post": [-1.04729, -0.40442, 1.56498],
							"lerp_mode": "catmullrom"
						},
						"2.6667": {
							"post": [-1.55596, -0.68972, 2.36642],
							"lerp_mode": "catmullrom"
						},
						"2.9667": {
							"post": [-1.56803, -0.60607, 2.38997],
							"lerp_mode": "catmullrom"
						},
						"3.2": {
							"post": [-1.53577, -0.57531, 2.36734],
							"lerp_mode": "catmullrom"
						},
						"3.6": {
							"post": [-1.47957, -0.57466, 2.29538],
							"lerp_mode": "catmullrom"
						},
						"3.8": {
							"post": [-1.29125, -0.58407, 1.92015],
							"lerp_mode": "catmullrom"
						},
						"3.9": {
							"post": [-0.715, -0.225, 1.09],
							"lerp_mode": "catmullrom"
						},
						"4.0667": {
							"post": [0, 0, 0],
							"lerp_mode": "catmullrom"
						}
					}
				},
				"slide": {
					"position": {
						"4.7667": [0, 0, 0],
						"4.8667": [0, 0, 0.665],
						"5.6": [0, 0, 0.665],
						"5.6667": [0, 0, 0]
					}
				},
				"root": {
					"rotation": {
						"0.0": {
							"post": [0, 0, 0],
							"lerp_mode": "catmullrom"
						},
						"0.1667": {
							"post": [1.41878, -32.6402, -30.55741],
							"lerp_mode": "catmullrom"
						},
						"0.3": {
							"post": [17.13043, -59.61932, -72.33833],
							"lerp_mode": "catmullrom"
						},
						"0.4667": {
							"post": [28.975, -60.035, -87.94],
							"lerp_mode": "catmullrom"
						},
						"0.7": {
							"post": [30.92412, -59.90293, -87.91478],
							"lerp_mode": "catmullrom"
						},
						"1.0667": {
							"post": [31.77, -60.36, -89.09],
							"lerp_mode": "catmullrom"
						},
						"1.2667": {
							"post": [39.31625, -57.06039, -98.29279],
							"lerp_mode": "catmullrom"
						},
						"1.5667": {
							"post": [37.75361, -58.30658, -96.72799],
							"lerp_mode": "catmullrom"
						},
						"1.9": {
							"post": [35.22935, -59.1162, -92.88548],
							"lerp_mode": "catmullrom"
						},
						"2.1": [6.69829, -58.01955, -54.35519],
						"2.2": [6.7, -58.02, -54.36],
						"2.2667": [9.51803, -57.59611, -59.46144],
						"2.3667": [4.71708, -58.13496, -52.02431],
						"3.4": [6.7, -58.02, -54.36],
						"4.0667": [14.14703, -51.26744, -67.44698],
						"4.1667": [14.15, -51.27, -67.45],
						"4.2": [1.83133, -52.27001, -47.25437],
						"4.2667": [8.03457, -51.34164, -59.11783],
						"4.3667": [2.68002, -49.48579, -49.96644],
						"4.5667": {
							"pre": [-27.82, 1.15, 29.9],
							"post": [-27.82, 1.15, 29.9],
							"lerp_mode": "catmullrom"
						},
						"4.7667": {
							"post": [-31.8039, 22.54549, 56.40903],
							"lerp_mode": "catmullrom"
						},
						"4.9667": {
							"post": [-31.05659, 25.93728, 58.66551],
							"lerp_mode": "catmullrom"
						},
						"5.4333": {
							"post": [-32.99961, 23.28401, 54.00322],
							"lerp_mode": "catmullrom"
						},
						"5.5667": {
							"post": [-32.84254, 18.54723, 47.52632],
							"lerp_mode": "catmullrom"
						},
						"5.6667": {
							"post": [-21.10227, 5.50861, 30.65951],
							"lerp_mode": "catmullrom"
						},
						"5.8667": {
							"post": [0.975, 0, 5.025],
							"lerp_mode": "catmullrom"
						},
						"5.9667": {
							"post": [0.975, 0.975, -1.475],
							"lerp_mode": "catmullrom"
						},
						"6.0667": {
							"post": [0, -0.975, 0.975],
							"lerp_mode": "catmullrom"
						},
						"6.2": {
							"post": [0, 0, -0.5],
							"lerp_mode": "catmullrom"
						},
						"6.4": {
							"post": [0, 0, 0],
							"lerp_mode": "catmullrom"
						}
					},
					"position": {
						"0.0": {
							"post": [0, 0, 0],
							"lerp_mode": "catmullrom"
						},
						"0.1": {
							"post": [-0.1625, 0.22, -0.6925],
							"lerp_mode": "catmullrom"
						},
						"0.3": {
							"post": [-1.875, 0.9875, -0.8625],
							"lerp_mode": "catmullrom"
						},
						"0.4667": {
							"post": [-3.0875, 1.35, -0.425],
							"lerp_mode": "catmullrom"
						},
						"0.6667": {
							"post": [-3.2375, 1.3125, -0.525],
							"lerp_mode": "catmullrom"
						},
						"1.0": {
							"post": [-3.1625, 1.4875, -0.525],
							"lerp_mode": "catmullrom"
						},
						"1.2": {
							"post": [-3.1625, 1.7275, -0.5875],
							"lerp_mode": "catmullrom"
						},
						"1.5667": {
							"post": [-3.2125, 1.8425, -0.5875],
							"lerp_mode": "catmullrom"
						},
						"1.9": {
							"post": [-3.2125, 1.7825, -0.585],
							"lerp_mode": "catmullrom"
						},
						"2.0333": {
							"post": [-3.4625, 0.605, -0.2725],
							"lerp_mode": "catmullrom"
						},
						"2.2667": {
							"post": [-1.55635, 0.81172, -0.27],
							"lerp_mode": "catmullrom"
						},
						"2.5": {
							"post": [-1.56339, 0.68453, -0.27],
							"lerp_mode": "catmullrom"
						},
						"3.1667": {
							"post": [-1.55812, 0.66909, -0.275],
							"lerp_mode": "catmullrom"
						},
						"3.8": {
							"post": [-1.68839, 0.68453, -0.27],
							"lerp_mode": "catmullrom"
						},
						"4.0667": [-2.2875, 1.355, -0.22],
						"4.1667": [-2.1875, 1.2175, -0.22],
						"4.2": [-1.94283, 0.3081, -0.22],
						"4.3": [-2.16784, 0.46398, -0.22],
						"4.4": [-1.95183, -0.01246, -0.015],
						"4.5667": {
							"pre": [-0.7075, 0.0325, 0.25],
							"post": [-0.7075, 0.0325, 0.25],
							"lerp_mode": "catmullrom"
						},
						"4.6667": {
							"post": [0.37103, 0.05433, 0.58],
							"lerp_mode": "catmullrom"
						},
						"4.9667": {
							"post": [0.39647, -0.01895, 0.455],
							"lerp_mode": "catmullrom"
						},
						"5.4333": {
							"post": [0.39647, -0.01895, 0.455],
							"lerp_mode": "catmullrom"
						},
						"5.5667": {
							"post": [0.37103, 0.05433, 0.205],
							"lerp_mode": "catmullrom"
						},
						"5.6667": {
							"post": [0.06, 0.02, -0.2025],
							"lerp_mode": "catmullrom"
						},
						"5.8667": {
							"post": [0, -1.1625, -0.2625],
							"lerp_mode": "catmullrom"
						},
						"5.9667": {
							"post": [-0.0375, -0.2625, 0.2375],
							"lerp_mode": "catmullrom"
						},
						"6.1": {
							"post": [0, -0.0125, -0.0375],
							"lerp_mode": "catmullrom"
						},
						"6.2667": {
							"post": [0, 0, 0],
							"lerp_mode": "catmullrom"
						}
					}
				},
				"r": {
					"rotation": {
						"2.2667": {
							"pre": [0, 0, 0],
							"post": [0, 0, 0],
							"lerp_mode": "catmullrom"
						},
						"2.5667": {
							"post": [-21.09225, 15.09386, 33.74444],
							"lerp_mode": "catmullrom"
						},
						"2.7": {
							"post": [-24.23, 19.8, 41.69],
							"lerp_mode": "catmullrom"
						},
						"2.8667": {
							"post": [-23.195, 20.19, 42.16],
							"lerp_mode": "catmullrom"
						},
						"3.0667": {
							"post": [-21.145, 20, 42.63],
							"lerp_mode": "catmullrom"
						},
						"3.1667": {
							"post": [-12.21, 20.45, 51.71],
							"lerp_mode": "catmullrom"
						},
						"3.2667": {
							"post": [8.88595, 31.80128, 66.35745],
							"lerp_mode": "catmullrom"
						},
						"3.3667": {
							"post": [23.08191, 29.81439, 91.57897],
							"lerp_mode": "catmullrom"
						},
						"3.7667": {
							"post": [23.0819, 29.8144, 91.579],
							"lerp_mode": "catmullrom"
						},
						"3.8667": {
							"post": [20.29, 21.87, 80.25],
							"lerp_mode": "catmullrom"
						},
						"4.0667": {
							"post": [3, 0, 7.75],
							"lerp_mode": "catmullrom"
						},
						"4.1667": {
							"post": [0, 0, 0],
							"lerp_mode": "catmullrom"
						}
					},
					"position": {
						"2.1": {
							"pre": [0, 0, 0],
							"post": [0, 0, 0],
							"lerp_mode": "catmullrom"
						},
						"2.2667": {
							"post": [0, -3.85, 0.05],
							"lerp_mode": "catmullrom"
						},
						"2.3667": {
							"post": [5.32157, -6.66599, 0.36663],
							"lerp_mode": "catmullrom"
						},
						"2.4667": {
							"post": [7.17013, -8.07588, -0.82655],
							"lerp_mode": "catmullrom"
						},
						"2.6667": {
							"post": [6.95797, -8.47201, -0.84081],
							"lerp_mode": "catmullrom"
						},
						"3.0": {
							"post": [6.9725, -8.2125, -0.865],
							"lerp_mode": "catmullrom"
						},
						"3.1667": {
							"post": [6.9725, -8.2225, -0.865],
							"lerp_mode": "catmullrom"
						},
						"3.3667": {
							"post": [13.0475, -10.165, -2.935],
							"lerp_mode": "catmullrom"
						},
						"3.7667": {
							"post": [13.0475, -10.165, -2.935],
							"lerp_mode": "catmullrom"
						},
						"3.9": {
							"post": [6.78394, -7.29, -0.26778],
							"lerp_mode": "catmullrom"
						},
						"4.0667": [0, -2.6125, -0.225],
						"4.1": [-0.125, -2.11, -0.04],
						"4.1667": [0, -1.6125, 0.15],
						"4.2": {
							"pre": [0, 0, 0],
							"post": [0, 0, 0],
							"lerp_mode": "catmullrom"
						}
					}
				},
				"bullet": {
					"scale": 0
				},
				"righthand": {
					"rotation": {
						"0.0": [-83.42, 173.71, 3.34],
						"0.0667": [-83.42, 173.71, 3.34],
						"4.5667": [-83.42, 173.71, 3.34]
					},
					"position": {
						"0.0": [-6.74, -15.58, 6.6],
						"0.0667": [-6.74, -15.58, 6.6],
						"4.5667": [-6.74, -15.58, 6.6]
					},
					"scale": {
						"0.0": [1, 1.5, 1],
						"0.0667": [1, 1.5, 1],
						"4.5667": [1, 1.5, 1]
					}
				},
				"lefthand": {
					"rotation": {
						"0.0": [111.33, -370.95, -185.06],
						"0.1": [154.25283, -361.88285, -220.96828],
						"0.3": [156.42707, -414.79862, -211.22804],
						"1.8": [156.42707, -414.79862, -211.22804],
						"2.0": [86.46, -395.4, -82.62],
						"2.1": [86.46, -395.4, -82.62],
						"4.4": [86.46, -395.4, -82.62],
						"4.4667": [99.33, -399.66, -111.29],
						"4.5": [113.41, -404.1, -148.86],
						"4.5667": [118.64, -404.62, -182.99],
						"4.6": [116.94, -405.02, -209.53],
						"4.6667": [103.21, -409, -216.69],
						"4.7": [89.04, -412.87, -216.27],
						"4.7667": [89.04, -412.87, -216.27],
						"5.6": [89.03621, -412.87009, -216.27166],
						"5.6667": [77.83328, -392.94222, -196.2477],
						"5.8667": [89.11136, -403.48204, -172.39977],
						"6.0667": [111.33, -370.95, -185.06]
					},
					"position": {
						"0.0": [7.965, -17.135, 1.895],
						"0.0667": [10.15649, -20.12671, 0.94958],
						"0.1": [8.73314, -26.45807, -0.28884],
						"0.3": [3.52205, -27.61835, 9.09061],
						"1.8": [3.52205, -23.61835, 8.09061],
						"2.0": [6.38, -17.15, 2.96],
						"2.1": [6.38, -17.15, 2.96],
						"4.4": [6.38, -17.15, 2.96],
						"4.4667": {
							"pre": [8.64836, -20.04601, 4.24576],
							"post": [8.64836, -20.04601, 4.24576],
							"lerp_mode": "catmullrom"
						},
						"4.5": {
							"post": [11.905, -16.25, 2.27],
							"lerp_mode": "catmullrom"
						},
						"4.5667": {
							"post": [11.61255, -13.22019, 0.46438],
							"lerp_mode": "catmullrom"
						},
						"4.6": {
							"post": [9.43234, -11.50004, -0.47581],
							"lerp_mode": "catmullrom"
						},
						"4.6667": {
							"post": [8.08234, -12.10004, -0.67581],
							"lerp_mode": "catmullrom"
						},
						"4.7667": [8.08234, -12.10004, -0.67581],
						"4.8667": [8.08, -12.1, -0.02],
						"5.6": [8.08, -12.1, -0.02],
						"5.6667": [9.355, -11.525, 2.48],
						"5.8667": [10.95568, -15.01829, 3.13207],
						"6.0667": [7.965, -17.135, 1.895]
					},
					"scale": {
						"0.0": [0, 0, 0],
						"1.5667": {
							"pre": [0, 0, 0],
							"post": [1, 1.5, 1]
						},
						"4.5": {
							"pre": [1, 1.5, 1],
							"post": [0, 0, 0]
						}
					}
				},
				"camera": {
					"rotation": {
						"0.0": {
							"post": [0, 0, 0],
							"lerp_mode": "catmullrom"
						},
						"0.1667": {
							"post": [0.35, 0, -0.2],
							"lerp_mode": "catmullrom"
						},
						"0.3667": {
							"post": [-0.8, 0, -0.7],
							"lerp_mode": "catmullrom"
						},
						"0.6": {
							"post": [-1.3, 0, -0.9],
							"lerp_mode": "catmullrom"
						},
						"0.9667": {
							"post": [-1.2, 0, -0.7],
							"lerp_mode": "catmullrom"
						},
						"1.2667": {
							"post": [3, 0, -0.7],
							"lerp_mode": "catmullrom"
						},
						"1.5667": {
							"post": [4.7, 0, -0.7],
							"lerp_mode": "catmullrom"
						},
						"1.8667": {
							"post": [5, 0, -0.7],
							"lerp_mode": "catmullrom"
						},
						"2.1": {
							"post": [3.2, 0, -0.7],
							"lerp_mode": "catmullrom"
						},
						"2.2": {
							"post": [4.53, -0.75, 0.525],
							"lerp_mode": "catmullrom"
						},
						"2.4667": {
							"post": [5.3, -3.2, -0.325],
							"lerp_mode": "catmullrom"
						},
						"2.8667": {
							"post": [5.7, -4.1, 0.6],
							"lerp_mode": "catmullrom"
						},
						"3.1": {
							"post": [5.66, -4.1, 0.6],
							"lerp_mode": "catmullrom"
						},
						"3.3": {
							"post": [4.9, -5.6, 0.6],
							"lerp_mode": "catmullrom"
						},
						"3.6": {
							"post": [4.54, -5.7, 0.3],
							"lerp_mode": "catmullrom"
						},
						"3.8": {
							"post": [4.5, -5.7, 0.2],
							"lerp_mode": "catmullrom"
						},
						"4.0": {
							"post": [2.4, -0.91, -0.6],
							"lerp_mode": "catmullrom"
						},
						"4.1667": {
							"post": [1.6, 0.2, -0.7],
							"lerp_mode": "catmullrom"
						},
						"4.2": {
							"post": [1.95, 0.44, 0.205],
							"lerp_mode": "catmullrom"
						},
						"4.2667": {
							"post": [2.22, 0.56, -0.575],
							"lerp_mode": "catmullrom"
						},
						"4.3667": {
							"post": [0.74, 0.71, -0.175],
							"lerp_mode": "catmullrom"
						},
						"4.4667": {
							"post": [1.4, 1.5, -0.05],
							"lerp_mode": "catmullrom"
						},
						"4.7667": {
							"post": [7.7875, 3.8, 0.4],
							"lerp_mode": "catmullrom"
						},
						"4.9667": {
							"post": [7.83, 4.35, 0.275],
							"lerp_mode": "catmullrom"
						},
						"5.1": {
							"post": [8.02, 4.6, 0.7],
							"lerp_mode": "catmullrom"
						},
						"5.3667": {
							"post": [8.2, 4.6, 0.8],
							"lerp_mode": "catmullrom"
						},
						"5.6": {
							"post": [7.78, 4.72, 0.4],
							"lerp_mode": "catmullrom"
						},
						"5.7667": {
							"post": [6.5, 4.4, -0.15],
							"lerp_mode": "catmullrom"
						},
						"5.9667": {
							"post": [0.61, 1, 0.225],
							"lerp_mode": "catmullrom"
						},
						"6.0667": {
							"post": [0, 0.25, -0.06],
							"lerp_mode": "catmullrom"
						},
						"6.1": {
							"post": [0.375, 0.1, 0.45],
							"lerp_mode": "catmullrom"
						},
						"6.2667": {
							"post": [-0.075, 0, -0.15],
							"lerp_mode": "catmullrom"
						},
						"6.4": {
							"post": [0, 0, 0],
							"lerp_mode": "catmullrom"
						}
					}
				}
			},
			"sound_effects": {
				"0.0": {
					"effect": "tacz:cz75/cz75_inspect_raise"
				},
				"1.7667": {
					"effect": "tacz:cz75/cz75_inspect_magout"
				},
				"3.9667": {
					"effect": "tacz:cz75/cz75_inspect_magin"
				},
				"4.0667": {
					"effect": "tacz:cz75/cz75_inspect_maghit"
				},
				"4.4667": {
					"effect": "tacz:cz75/cz75_inspect_empty_flip"
				},
				"4.7667": {
					"effect": "tacz:cz75/cz75_inspect_slidepull"
				},
				"5.5": {
					"effect": "tacz:cz75/cz75_inspect_sliderelease"
				},
				"5.7667": {
					"effect": "tacz:cz75/cz75_inspect_empty_end"
				}
			}
		},
		"inspect_empty": {
			"animation_length": 6.4,
			"bones": {
				"main": {
					"rotation": {
						"2.2": {
							"pre": [0, 0, 0],
							"post": [0, 0, 0],
							"lerp_mode": "catmullrom"
						},
						"2.4": {
							"post": [-0.84, 8.57, 15.89],
							"lerp_mode": "catmullrom"
						},
						"2.5667": {
							"post": [-1.44014, 14.68286, 27.51944],
							"lerp_mode": "catmullrom"
						},
						"2.9": {
							"post": [0.3847, 15.80549, 33.54395],
							"lerp_mode": "catmullrom"
						},
						"3.3": {
							"post": [-0.62866, 17.11563, 33.08116],
							"lerp_mode": "catmullrom"
						},
						"3.6": {
							"post": [-0.65248, 15.53765, 32.19561],
							"lerp_mode": "catmullrom"
						},
						"3.8": {
							"post": [-0.73445, 13.2648, 31.77578],
							"lerp_mode": "catmullrom"
						},
						"3.9": {
							"post": [-0.9, 8.14, 16.33],
							"lerp_mode": "catmullrom"
						},
						"4.0667": {
							"post": [0, 0, 0],
							"lerp_mode": "catmullrom"
						}
					},
					"position": {
						"2.2": {
							"pre": [0, 0, 0],
							"post": [0, 0, 0],
							"lerp_mode": "catmullrom"
						},
						"2.3667": {
							"post": [-0.216, 0.26193, 0.30274],
							"lerp_mode": "catmullrom"
						},
						"2.5": {
							"post": [-1.04729, -0.40442, 1.56498],
							"lerp_mode": "catmullrom"
						},
						"2.6667": {
							"post": [-1.55596, -0.68972, 2.36642],
							"lerp_mode": "catmullrom"
						},
						"2.9667": {
							"post": [-1.56803, -0.60607, 2.38997],
							"lerp_mode": "catmullrom"
						},
						"3.2": {
							"post": [-1.53577, -0.57531, 2.36734],
							"lerp_mode": "catmullrom"
						},
						"3.6": {
							"post": [-1.47957, -0.57466, 2.29538],
							"lerp_mode": "catmullrom"
						},
						"3.8": {
							"post": [-1.29125, -0.58407, 1.92015],
							"lerp_mode": "catmullrom"
						},
						"3.9": {
							"post": [-0.715, -0.225, 1.09],
							"lerp_mode": "catmullrom"
						},
						"4.0667": {
							"post": [0, 0, 0],
							"lerp_mode": "catmullrom"
						}
					}
				},
				"slide": {
					"position": {
						"4.7667": [0, 0, 0],
						"4.8667": [0, 0, 0.665],
						"5.6": [0, 0, 0.665],
						"5.6667": [0, 0, 0]
					}
				},
				"root": {
					"rotation": {
						"0.0": {
							"post": [0, 0, 0],
							"lerp_mode": "catmullrom"
						},
						"0.1667": {
							"post": [1.41878, -32.6402, -30.55741],
							"lerp_mode": "catmullrom"
						},
						"0.3": {
							"post": [17.13043, -59.61932, -72.33833],
							"lerp_mode": "catmullrom"
						},
						"0.4667": {
							"post": [28.975, -60.035, -87.94],
							"lerp_mode": "catmullrom"
						},
						"0.7": {
							"post": [30.92412, -59.90293, -87.91478],
							"lerp_mode": "catmullrom"
						},
						"1.0667": {
							"post": [31.77, -60.36, -89.09],
							"lerp_mode": "catmullrom"
						},
						"1.2667": {
							"post": [39.31625, -57.06039, -98.29279],
							"lerp_mode": "catmullrom"
						},
						"1.5667": {
							"post": [37.75361, -58.30658, -96.72799],
							"lerp_mode": "catmullrom"
						},
						"1.9": {
							"post": [35.22935, -59.1162, -92.88548],
							"lerp_mode": "catmullrom"
						},
						"2.1": [6.69829, -58.01955, -54.35519],
						"2.2": [6.7, -58.02, -54.36],
						"2.2667": [9.51803, -57.59611, -59.46144],
						"2.3667": [4.71708, -58.13496, -52.02431],
						"3.4": [6.7, -58.02, -54.36],
						"4.0667": [14.14703, -51.26744, -67.44698],
						"4.1667": [14.15, -51.27, -67.45],
						"4.2": [1.83133, -52.27001, -47.25437],
						"4.2667": [8.03457, -51.34164, -59.11783],
						"4.3667": [2.68002, -49.48579, -49.96644],
						"4.5667": {
							"pre": [-27.82, 1.15, 29.9],
							"post": [-27.82, 1.15, 29.9],
							"lerp_mode": "catmullrom"
						},
						"4.7667": {
							"post": [-31.8039, 22.54549, 56.40903],
							"lerp_mode": "catmullrom"
						},
						"4.9667": {
							"post": [-31.05659, 25.93728, 58.66551],
							"lerp_mode": "catmullrom"
						},
						"5.4333": {
							"post": [-32.99961, 23.28401, 54.00322],
							"lerp_mode": "catmullrom"
						},
						"5.5667": {
							"post": [-32.84254, 18.54723, 47.52632],
							"lerp_mode": "catmullrom"
						},
						"5.6667": {
							"post": [-21.10227, 5.50861, 30.65951],
							"lerp_mode": "catmullrom"
						},
						"5.8667": {
							"post": [0.975, 0, 5.025],
							"lerp_mode": "catmullrom"
						},
						"5.9667": {
							"post": [0.975, 0.975, -1.475],
							"lerp_mode": "catmullrom"
						},
						"6.0667": {
							"post": [0, -0.975, 0.975],
							"lerp_mode": "catmullrom"
						},
						"6.2": {
							"post": [0, 0, -0.5],
							"lerp_mode": "catmullrom"
						},
						"6.4": {
							"post": [0, 0, 0],
							"lerp_mode": "catmullrom"
						}
					},
					"position": {
						"0.0": {
							"post": [0, 0, 0],
							"lerp_mode": "catmullrom"
						},
						"0.1": {
							"post": [-0.1625, 0.22, -0.6925],
							"lerp_mode": "catmullrom"
						},
						"0.3": {
							"post": [-1.875, 0.9875, -0.8625],
							"lerp_mode": "catmullrom"
						},
						"0.4667": {
							"post": [-3.0875, 1.35, -0.425],
							"lerp_mode": "catmullrom"
						},
						"0.6667": {
							"post": [-3.2375, 1.3125, -0.525],
							"lerp_mode": "catmullrom"
						},
						"1.0": {
							"post": [-3.1625, 1.4875, -0.525],
							"lerp_mode": "catmullrom"
						},
						"1.2": {
							"post": [-3.1625, 1.7275, -0.5875],
							"lerp_mode": "catmullrom"
						},
						"1.5667": {
							"post": [-3.2125, 1.8425, -0.5875],
							"lerp_mode": "catmullrom"
						},
						"1.9": {
							"post": [-3.2125, 1.7825, -0.585],
							"lerp_mode": "catmullrom"
						},
						"2.0333": {
							"post": [-3.4625, 0.605, -0.2725],
							"lerp_mode": "catmullrom"
						},
						"2.2667": {
							"post": [-1.55635, 0.81172, -0.27],
							"lerp_mode": "catmullrom"
						},
						"2.5": {
							"post": [-1.56339, 0.68453, -0.27],
							"lerp_mode": "catmullrom"
						},
						"3.1667": {
							"post": [-1.55812, 0.66909, -0.275],
							"lerp_mode": "catmullrom"
						},
						"3.8": {
							"post": [-1.68839, 0.68453, -0.27],
							"lerp_mode": "catmullrom"
						},
						"4.0667": [-2.2875, 1.355, -0.22],
						"4.1667": [-2.1875, 1.2175, -0.22],
						"4.2": [-1.94283, 0.3081, -0.22],
						"4.3": [-2.16784, 0.46398, -0.22],
						"4.4": [-1.95183, -0.01246, -0.015],
						"4.5667": {
							"pre": [-0.7075, 0.0325, 0.25],
							"post": [-0.7075, 0.0325, 0.25],
							"lerp_mode": "catmullrom"
						},
						"4.6667": {
							"post": [0.37103, 0.05433, 0.58],
							"lerp_mode": "catmullrom"
						},
						"4.9667": {
							"post": [0.39647, -0.01895, 0.455],
							"lerp_mode": "catmullrom"
						},
						"5.4333": {
							"post": [0.39647, -0.01895, 0.455],
							"lerp_mode": "catmullrom"
						},
						"5.5667": {
							"post": [0.37103, 0.05433, 0.205],
							"lerp_mode": "catmullrom"
						},
						"5.6667": {
							"post": [0.06, 0.02, -0.2025],
							"lerp_mode": "catmullrom"
						},
						"5.8667": {
							"post": [0, -1.1625, -0.2625],
							"lerp_mode": "catmullrom"
						},
						"5.9667": {
							"post": [-0.0375, -0.2625, 0.2375],
							"lerp_mode": "catmullrom"
						},
						"6.1": {
							"post": [0, -0.0125, -0.0375],
							"lerp_mode": "catmullrom"
						},
						"6.2667": {
							"post": [0, 0, 0],
							"lerp_mode": "catmullrom"
						}
					}
				},
				"r": {
					"rotation": {
						"2.2667": {
							"pre": [0, 0, 0],
							"post": [0, 0, 0],
							"lerp_mode": "catmullrom"
						},
						"2.5667": {
							"post": [-21.09225, 15.09386, 33.74444],
							"lerp_mode": "catmullrom"
						},
						"2.7": {
							"post": [-24.23, 19.8, 41.69],
							"lerp_mode": "catmullrom"
						},
						"2.8667": {
							"post": [-23.195, 20.19, 42.16],
							"lerp_mode": "catmullrom"
						},
						"3.0667": {
							"post": [-21.145, 20, 42.63],
							"lerp_mode": "catmullrom"
						},
						"3.1667": {
							"post": [-12.21, 20.45, 51.71],
							"lerp_mode": "catmullrom"
						},
						"3.2667": {
							"post": [8.88595, 31.80128, 66.35745],
							"lerp_mode": "catmullrom"
						},
						"3.3667": {
							"post": [23.08191, 29.81439, 91.57897],
							"lerp_mode": "catmullrom"
						},
						"3.7667": {
							"post": [23.0819, 29.8144, 91.579],
							"lerp_mode": "catmullrom"
						},
						"3.8667": {
							"post": [20.29, 21.87, 80.25],
							"lerp_mode": "catmullrom"
						},
						"4.0667": {
							"post": [3, 0, 7.75],
							"lerp_mode": "catmullrom"
						},
						"4.1667": {
							"post": [0, 0, 0],
							"lerp_mode": "catmullrom"
						}
					},
					"position": {
						"2.1": {
							"pre": [0, 0, 0],
							"post": [0, 0, 0],
							"lerp_mode": "catmullrom"
						},
						"2.2667": {
							"post": [0, -3.85, 0.05],
							"lerp_mode": "catmullrom"
						},
						"2.3667": {
							"post": [5.32157, -6.66599, 0.36663],
							"lerp_mode": "catmullrom"
						},
						"2.4667": {
							"post": [7.17013, -8.07588, -0.82655],
							"lerp_mode": "catmullrom"
						},
						"2.6667": {
							"post": [6.95797, -8.47201, -0.84081],
							"lerp_mode": "catmullrom"
						},
						"3.0": {
							"post": [6.9725, -8.2125, -0.865],
							"lerp_mode": "catmullrom"
						},
						"3.1667": {
							"post": [6.9725, -8.2225, -0.865],
							"lerp_mode": "catmullrom"
						},
						"3.3667": {
							"post": [13.0475, -10.165, -2.935],
							"lerp_mode": "catmullrom"
						},
						"3.7667": {
							"post": [13.0475, -10.165, -2.935],
							"lerp_mode": "catmullrom"
						},
						"3.9": {
							"post": [6.78394, -7.29, -0.26778],
							"lerp_mode": "catmullrom"
						},
						"4.0667": [0, -2.6125, -0.225],
						"4.1": [-0.125, -2.11, -0.04],
						"4.1667": [0, -1.6125, 0.15],
						"4.2": {
							"pre": [0, 0, 0],
							"post": [0, 0, 0],
							"lerp_mode": "catmullrom"
						}
					}
				},
				"bullet": {
					"scale": 0
				},
				"righthand": {
					"rotation": {
						"0.0": [-83.42, 173.71, 3.34],
						"0.0667": [-83.42, 173.71, 3.34],
						"4.5667": [-83.42, 173.71, 3.34]
					},
					"position": {
						"0.0": [-6.74, -15.58, 6.6],
						"0.0667": [-6.74, -15.58, 6.6],
						"4.5667": [-6.74, -15.58, 6.6]
					},
					"scale": {
						"0.0": [1, 1.5, 1],
						"0.0667": [1, 1.5, 1],
						"4.5667": [1, 1.5, 1]
					}
				},
				"lefthand": {
					"rotation": {
						"0.0": [111.33, -370.95, -185.06],
						"0.1": [154.25283, -361.88285, -220.96828],
						"0.3": [156.42707, -414.79862, -211.22804],
						"1.8": [156.42707, -414.79862, -211.22804],
						"2.0": [86.46, -395.4, -82.62],
						"2.1": [86.46, -395.4, -82.62],
						"4.4": [86.46, -395.4, -82.62],
						"4.4667": [99.33, -399.66, -111.29],
						"4.5": [113.41, -404.1, -148.86],
						"4.5667": [118.64, -404.62, -182.99],
						"4.6": [116.94, -405.02, -209.53],
						"4.6667": [103.21, -409, -216.69],
						"4.7": [89.04, -412.87, -216.27],
						"4.7667": [89.04, -412.87, -216.27],
						"5.6": [89.03621, -412.87009, -216.27166],
						"5.6667": [77.83328, -392.94222, -196.2477],
						"5.8667": [89.11136, -403.48204, -172.39977],
						"6.0667": [111.33, -370.95, -185.06]
					},
					"position": {
						"0.0": [7.965, -17.135, 1.895],
						"0.0667": [10.15649, -20.12671, 0.94958],
						"0.1": [8.73314, -26.45807, -0.28884],
						"0.3": [3.52205, -27.61835, 9.09061],
						"1.8": [3.52205, -23.61835, 8.09061],
						"2.0": [6.38, -17.15, 2.96],
						"2.1": [6.38, -17.15, 2.96],
						"4.4": [6.38, -17.15, 2.96],
						"4.4667": {
							"pre": [8.64836, -20.04601, 4.24576],
							"post": [8.64836, -20.04601, 4.24576],
							"lerp_mode": "catmullrom"
						},
						"4.5": {
							"post": [11.905, -16.25, 2.27],
							"lerp_mode": "catmullrom"
						},
						"4.5667": {
							"post": [11.61255, -13.22019, 0.46438],
							"lerp_mode": "catmullrom"
						},
						"4.6": {
							"post": [9.43234, -11.50004, -0.47581],
							"lerp_mode": "catmullrom"
						},
						"4.6667": {
							"post": [8.08234, -12.10004, -0.67581],
							"lerp_mode": "catmullrom"
						},
						"4.7667": [8.08234, -12.10004, -0.67581],
						"4.8667": [8.08, -12.1, -0.02],
						"5.6": [8.08, -12.1, -0.02],
						"5.6667": [9.355, -11.525, 2.48],
						"5.8667": [10.95568, -15.01829, 3.13207],
						"6.0667": [7.965, -17.135, 1.895]
					},
					"scale": {
						"0.0": [0, 0, 0],
						"1.5667": {
							"pre": [0, 0, 0],
							"post": [1, 1.5, 1]
						},
						"4.5": {
							"pre": [1, 1.5, 1],
							"post": [0, 0, 0]
						}
					}
				},
				"camera": {
					"rotation": {
						"0.0": {
							"post": [0, 0, 0],
							"lerp_mode": "catmullrom"
						},
						"0.1667": {
							"post": [0.35, 0, -0.2],
							"lerp_mode": "catmullrom"
						},
						"0.3667": {
							"post": [-0.8, 0, -0.7],
							"lerp_mode": "catmullrom"
						},
						"0.6": {
							"post": [-1.3, 0, -0.9],
							"lerp_mode": "catmullrom"
						},
						"0.9667": {
							"post": [-1.2, 0, -0.7],
							"lerp_mode": "catmullrom"
						},
						"1.2667": {
							"post": [3, 0, -0.7],
							"lerp_mode": "catmullrom"
						},
						"1.5667": {
							"post": [4.7, 0, -0.7],
							"lerp_mode": "catmullrom"
						},
						"1.8667": {
							"post": [5, 0, -0.7],
							"lerp_mode": "catmullrom"
						},
						"2.1": {
							"post": [3.2, 0, -0.7],
							"lerp_mode": "catmullrom"
						},
						"2.2": {
							"post": [4.53, -0.75, 0.525],
							"lerp_mode": "catmullrom"
						},
						"2.4667": {
							"post": [5.3, -3.2, -0.325],
							"lerp_mode": "catmullrom"
						},
						"2.8667": {
							"post": [5.7, -4.1, 0.6],
							"lerp_mode": "catmullrom"
						},
						"3.1": {
							"post": [5.66, -4.1, 0.6],
							"lerp_mode": "catmullrom"
						},
						"3.3": {
							"post": [4.9, -5.6, 0.6],
							"lerp_mode": "catmullrom"
						},
						"3.6": {
							"post": [4.54, -5.7, 0.3],
							"lerp_mode": "catmullrom"
						},
						"3.8": {
							"post": [4.5, -5.7, 0.2],
							"lerp_mode": "catmullrom"
						},
						"4.0": {
							"post": [2.4, -0.91, -0.6],
							"lerp_mode": "catmullrom"
						},
						"4.1667": {
							"post": [1.6, 0.2, -0.7],
							"lerp_mode": "catmullrom"
						},
						"4.2": {
							"post": [1.95, 0.44, 0.205],
							"lerp_mode": "catmullrom"
						},
						"4.2667": {
							"post": [2.22, 0.56, -0.575],
							"lerp_mode": "catmullrom"
						},
						"4.3667": {
							"post": [0.74, 0.71, -0.175],
							"lerp_mode": "catmullrom"
						},
						"4.4667": {
							"post": [1.4, 1.5, -0.05],
							"lerp_mode": "catmullrom"
						},
						"4.7667": {
							"post": [7.7875, 3.8, 0.4],
							"lerp_mode": "catmullrom"
						},
						"4.9667": {
							"post": [7.83, 4.35, 0.275],
							"lerp_mode": "catmullrom"
						},
						"5.1": {
							"post": [8.02, 4.6, 0.7],
							"lerp_mode": "catmullrom"
						},
						"5.3667": {
							"post": [8.2, 4.6, 0.8],
							"lerp_mode": "catmullrom"
						},
						"5.6": {
							"post": [7.78, 4.72, 0.4],
							"lerp_mode": "catmullrom"
						},
						"5.7667": {
							"post": [6.5, 4.4, -0.15],
							"lerp_mode": "catmullrom"
						},
						"5.9667": {
							"post": [0.61, 1, 0.225],
							"lerp_mode": "catmullrom"
						},
						"6.0667": {
							"post": [0, 0.25, -0.06],
							"lerp_mode": "catmullrom"
						},
						"6.1": {
							"post": [0.375, 0.1, 0.45],
							"lerp_mode": "catmullrom"
						},
						"6.2667": {
							"post": [-0.075, 0, -0.15],
							"lerp_mode": "catmullrom"
						},
						"6.4": {
							"post": [0, 0, 0],
							"lerp_mode": "catmullrom"
						}
					}
				}
			},
			"sound_effects": {
				"0.0": {
					"effect": "tacz:cz75/cz75_inspect_raise"
				},
				"1.7667": {
					"effect": "tacz:cz75/cz75_inspect_magout"
				},
				"3.9667": {
					"effect": "tacz:cz75/cz75_inspect_magin"
				},
				"4.0667": {
					"effect": "tacz:cz75/cz75_inspect_maghit"
				},
				"4.4667": {
					"effect": "tacz:cz75/cz75_inspect_empty_flip"
				},
				"4.7667": {
					"effect": "tacz:cz75/cz75_inspect_slidepull"
				},
				"5.5": {
					"effect": "tacz:cz75/cz75_inspect_sliderelease"
				},
				"5.7667": {
					"effect": "tacz:cz75/cz75_inspect_empty_end"
				}
			}
		},
		"run_start": {
			"animation_length": 0.4333,
			"bones": {
				"root": {
					"rotation": {
						"0.0": {
							"post": [0, 0, 0],
							"lerp_mode": "catmullrom"
						},
						"0.1667": {
							"post": [-19.5175, -0.64, -2.65],
							"lerp_mode": "catmullrom"
						},
						"0.3333": {
							"post": [-53.26, -0.59, -5.51],
							"lerp_mode": "catmullrom"
						},
						"0.4333": {
							"post": [-63.75, 5, -7.125],
							"lerp_mode": "catmullrom"
						}
					},
					"position": {
						"0.0": {
							"post": [0, 0, 0],
							"lerp_mode": "catmullrom"
						},
						"0.1": {
							"post": [-0.3, 0.1075, 0.4325],
							"lerp_mode": "catmullrom"
						},
						"0.2333": {
							"post": [-1.7225, 0.3425, 0.3825],
							"lerp_mode": "catmullrom"
						},
						"0.3333": {
							"post": [-3.4675, 1.6875, 0.4375],
							"lerp_mode": "catmullrom"
						},
						"0.4333": {
							"post": [-4.0925, 2.5625, 0.5],
							"lerp_mode": "catmullrom"
						}
					}
				}
			}
		},
		"run": {
			"loop": true,
			"animation_length": 0.7,
			"bones": {
				"root": {
					"rotation": {
						"0.0": {
							"post": [-63.75, 5, -7.125],
							"lerp_mode": "catmullrom"
						},
						"0.2667": {
							"post": [-65.83104, 1.44773, -10.70644],
							"lerp_mode": "catmullrom"
						},
						"0.4667": {
							"post": [-62.15716, 1.12692, -10.68825],
							"lerp_mode": "catmullrom"
						},
						"0.7": {
							"post": [-63.75, 5, -7.125],
							"lerp_mode": "catmullrom"
						}
					},
					"position": {
						"0.0": {
							"post": [-4.0925, 2.5625, 0.8],
							"lerp_mode": "catmullrom"
						},
						"0.1667": {
							"post": [-5.11071, 3.9625, 0.8],
							"lerp_mode": "catmullrom"
						},
						"0.3333": {
							"post": [-4.05236, 2.125, 0.8],
							"lerp_mode": "catmullrom"
						},
						"0.5": {
							"post": [-3.27365, 3.6825, 0.8],
							"lerp_mode": "catmullrom"
						},
						"0.7": {
							"post": [-4.0925, 2.5625, 0.8],
							"lerp_mode": "catmullrom"
						}
					}
				}
			}
		},
		"run_hold": {
			"loop": true,
			"bones": {
				"root": {
					"rotation": [-63.75, 5, -7.125],
					"position": [-4.0925, 2.5625, 0.5]
				}
			}
		}
	}
}