{
	"format_version": "1.8.0",
	"animations": {
		"static_idle": {
			"animation_length": 0.0417,
			"bones": {
				"constraint": {
					"rotation": [0.3, 0.2, 0.3],
					"position": [0.1, 0.1, 0.5]
				},
				"righthand": {
					"rotation": [-268.10665, 12.19069, -179.60004],
					"position": [-6.558, -14.337, -3.674],
					"scale": [1, 1.5, 1]
				},
				"lefthand": {
					"rotation": [98.40292, -37.30638, -141.89952],
					"position": [7.862, -13.319, -9.555],
					"scale": [1, 1.5, 1]
				}
			}
		},
		"shoot": {
			"animation_length": 0.6333,
			"bones": {
				"m4a1_bolt": {
					"position": {
						"0.0": [0, 0, 0],
						"0.0333": [0, 0, 5],
						"0.0667": [0, 0, 0]
					}
				},
				"bullet_in_barrel": {
					"scale": {
						"0.0": [0, 0, 0],
						"0.1667": [0, 0, 0],
						"0.2": [1, 1, 1]
					}
				},
				"root": {
					"rotation": {
						"0.0": [0, 0, 0],
						"0.0333": [1.23, 0, 0.73],
						"0.0667": [-1.87, 0, -1.17],
						"0.1": [-1.99, 0, -1.23],
						"0.1333": [-0.91, 0, -0.35],
						"0.1667": [0.18, 0, 0.53],
						"0.2": [0.27, 0, 0.27],
						"0.2333": [0.36, 0, 0.01],
						"0.2667": [0.45, 0, -0.25],
						"0.3": [0.38, -0.07, -0.08],
						"0.3333": [0.3, -0.13, 0.08],
						"0.3667": [0.23, -0.2, 0.25],
						"0.4": [0.18, -0.17, 0.17],
						"0.4333": [0.14, -0.14, 0.09],
						"0.4667": [0.1, -0.11, 0.01],
						"0.5": [0.06, -0.07, -0.07],
						"0.5333": [0.04, -0.06, -0.06],
						"0.5667": [0.03, -0.04, -0.04],
						"0.6": [0.01, -0.02, -0.02],
						"0.6333": [0, 0, 0]
					},
					"position": {
						"0.0": [0, 0, 0],
						"0.0333": [0, -0.02, 1.23],
						"0.0667": [0, -0.05, 0.88],
						"0.1": [0, -0.05, 0.42],
						"0.1333": [0, -0.05, -0.04],
						"0.1667": [0, -0.04, -0.01],
						"0.2667": {
							"pre": [0, -0.02, 0.0375],
							"post": [0, -0.02, 0.0375],
							"lerp_mode": "catmullrom"
						},
						"0.3667": [0, 0, 0]
					}
				},
				"constraint": {
					"rotation": {
						"0.1667": [0.2, 0.2, 0.2],
						"0.2333": [0.1, 0.1, 0.1],
						"0.3333": [0, 0, 0]
					},
					"position": {
						"0.1667": [0.15, 0.05, 0.25],
						"0.2333": [0.1, 0, 0.1],
						"0.3333": [0, 0, 0]
					}
				},
				"camera": {
					"rotation": {
						"0.0": [0, 0, 0],
						"0.0333": [0, 0, 0.6],
						"0.0667": [0, 0, -0.4],
						"0.1": [0, 0, -0.07],
						"0.1333": [0, 0, 0.33],
						"0.1667": [0, 0, 0.08],
						"0.2": [0, 0, -0.22],
						"0.2333": [0, 0, -0.15],
						"0.2667": [0, 0, 0],
						"0.3": [0, 0, 0.02],
						"0.3333": [0, 0, 0.01],
						"0.3667": [0, 0, 0]
					}
				},
				"bb_illuminated": {
					"position": {
						"0.0": [0, 0, 0],
						"0.0333": [0, 0, -65.42],
						"0.0667": [0, 0, -318],
						"0.1": {"pre": [0, 0, -318], "post": [0, 0, -5]},
						"0.1333": {"pre": [0, 0, -5], "post": [0, 0, 0]}
					},
					"scale": {
						"0.0": [0, 0, 0],
						"0.0333": [20, 20, 100],
						"0.0667": [15, 15, 70],
						"0.1": {"pre": [15, 15, 70], "post": [0, 0, 0]},
						"0.1333": {"pre": [0, 0, 0], "post": [1, 1, 1]}
					}
				}
			},
			"sound_effects": {
				"0.0": {
					"effect": "weap_iw9_mike4_fire_plr_02"
				}
			}
		},
		"draw": {
			"animation_length": 0.8,
			"bones": {
				"root": {
					"rotation": {
						"0.0": [0.81, -32.64, 33.95],
						"0.0333": [0.41, -32.66, 32.03],
						"0.0667": [-0.2, -32.9, 29.28],
						"0.1": [-0.85, -32.88, 26.12],
						"0.1333": [-1.39, -32.15, 22.92],
						"0.1667": [-1.65, -30.23, 20.1],
						"0.2": [-1.54, -26.5, 17.61],
						"0.2333": [-1.17, -21.25, 15.2],
						"0.2667": [-0.68, -15.46, 12.92],
						"0.3": [-0.21, -10.08, 10.79],
						"0.3333": [0.1, -6.07, 8.88],
						"0.3667": [0.23, -3.2, 6.78],
						"0.4": [0.22, -1.67, 4.97],
						"0.4333": [0.16, -0.89, 3.43],
						"0.4667": [0.11, -0.29, 2.12],
						"0.5": [0.05, -0.02, 1.275],
						"0.5333": [-0.01, -0.43, 0.9275],
						"0.5667": [-0.02, -0.32, 1.2925],
						"0.6": [-0.01, -0.17, 0.6475],
						"0.7": [0, 0, 0]
					},
					"position": {
						"0.0": [-3.18, -5.58, 13.53],
						"0.0333": [-2.73, -4.98, 11.4],
						"0.0667": [-2.08, -4.11, 8.31],
						"0.1": [-1.41, -3.19, 5.12],
						"0.1333": [-0.9, -2.45, 2.7],
						"0.1667": [-0.61, -1.94, 1.29],
						"0.2": [-0.45, -1.53, 0.43],
						"0.2333": [-0.34, -1.21, -0.1],
						"0.2667": [-0.25, -0.94, -0.49],
						"0.3": [-0.14, -0.69, -0.75],
						"0.3333": [-0.07, -0.55, -0.66],
						"0.3667": [-0.03, -0.45, -0.5],
						"0.4": [-0.01, -0.38, -0.3],
						"0.4333": [-0.02, -0.34, -0.02],
						"0.4667": [-0.03, -0.3, 0.16],
						"0.5": [-0.02, -0.21, 0.14],
						"0.5333": [-0.02, -0.12, 0.02],
						"0.5667": [-0.01, -0.05, -0.06],
						"0.6": [-0.01, -0.02, -0.06],
						"0.6333": [0, -0.01, -0.04],
						"0.6667": [0, 0, -0.02],
						"0.7": [0, 0, 0]
					}
				},
				"constraint": {
					"rotation": {
						"0.0": [1, 1, 1],
						"0.3667": [0.2, 0.2, 0.2],
						"0.8": [0.2, 0.2, 0.4]
					},
					"position": {
						"0.0": [1, 1, 1],
						"0.3667": [0.2, 0.2, 0.2],
						"0.8": [0.1, 0.1, 0.1]
					}
				},
				"righthand": {
					"rotation": [-268.10665, 12.19069, -179.60004],
					"position": [-6.558, -14.337, -3.674],
					"scale": {
						"0.0": [1, 1.5, 1],
						"0.0333": [1, 1.5, 1],
						"0.0667": [1, 1.5, 1],
						"0.1": [1, 1.5, 1],
						"0.1333": [1, 1.5, 1],
						"0.1667": [1, 1.5, 1],
						"0.2": [1, 1.5, 1],
						"0.2333": [1, 1.5, 1],
						"0.2667": [1, 1.5, 1],
						"0.3": [1, 1.5, 1],
						"0.3333": [1, 1.5, 1],
						"0.3667": [1, 1.5, 1],
						"0.4": [1, 1.5, 1],
						"0.4333": [1, 1.5, 1]
					}
				},
				"lefthand": {
					"rotation": {
						"0.2": [92.39, -41.22, -135.49],
						"0.2333": [93.54, -38.2, -138.33],
						"0.2667": [94.68, -35.18, -141.18],
						"0.3": [95.82, -32.16, -144.02],
						"0.3333": [98.40292, -37.30638, -141.89952]
					},
					"position": {
						"0.2": [10.15, -13.67, -12.82],
						"0.2333": [9.71, -13.4725, -12.62],
						"0.2667": [9.28, -13.3275, -12.42],
						"0.3": [8.85, -13.505, -11.345],
						"0.3333": [7.862, -13.319, -9.555]
					},
					"scale": {
						"0.0": [1, 1.5, 1],
						"0.3333": [1, 1.5, 1]
					}
				},
				"camera": {
					"rotation": {
						"0.0": [0, 0, 0],
						"0.0333": [0.14, -0.01, 0.01],
						"0.0667": [0.35, -0.02, 0.03],
						"0.1": [0.55, -0.05, 0.1],
						"0.1333": [0.77, -0.13, 0.3],
						"0.1667": [0.99, -0.24, 0.56],
						"0.2": [1.1, -0.3, 0.7],
						"0.2333": [1.09, -0.3, 0.68],
						"0.2667": [1.03, -0.29, 0.59],
						"0.3": [0.93, -0.26, 0.47],
						"0.3333": [0.82, -0.23, 0.36],
						"0.3667": [0.7, -0.2, 0.3],
						"0.4": [0.42, -0.14, 0.33],
						"0.4333": [0.1, -0.06, 0.41],
						"0.4667": [-0.1, 0, 0.4],
						"0.5": [0.01, 0.07, 0.03],
						"0.5333": [0.2, 0.1, -0.3],
						"0.5667": [0.16, 0.08, -0.23],
						"0.6": [0.07, 0.03, -0.04],
						"0.6333": [0, 0, 0.1],
						"0.6667": [-0.01, -0.01, 0.11],
						"0.7": [-0.01, -0.01, 0.08],
						"0.7333": [0, 0, 0.03],
						"0.7667": [0, 0, 0]
					}
				},
				"bb_illuminated": {
					"scale": 0
				}
			},
			"sound_effects": {
				"0.0": {
					"effect": "p01_ar_mike4_raise"
				}
			}
		},
		"put_away": {
			"animation_length": 0.4333,
			"bones": {
				"root": {
					"rotation": {
						"0.0": [0, 0, 0],
						"0.0333": [-0.73, -0.37, 2.96],
						"0.0667": [-1.62, -0.81, 7.37],
						"0.1": [-3.72, -1.98, 11.25],
						"0.1333": [-8.1, -4.56, 12.61],
						"0.1667": [-16.37, -9.07, 10.1],
						"0.2": [-27.52, -15.04, 5.05],
						"0.2333": [-38.69, -21.66, -0.49],
						"0.2667": [-46.98, -28.1, -4.48],
						"0.3": [-51.39, -34.85, -6.32],
						"0.3333": [-53.55, -42.12, -7.11],
						"0.3667": [-54.49, -48.64, -7.37],
						"0.4": [-55.27, -53.19, -7.61],
						"0.4333": [-55.27, -53.19, -7.61]
					},
					"position": {
						"0.0": [0, 0, 0],
						"0.0333": [0.17, -0.22, 0],
						"0.0667": [0.4, -0.52, 0],
						"0.1": [0.69, -0.93, 0],
						"0.1333": [1.05, -1.48, 0],
						"0.1667": [1.62, -2.08, 0],
						"0.2": [2.3, -2.9, 0],
						"0.2333": [3.05, -5, 0],
						"0.2667": [3.49, -7.03, 0],
						"0.3": [3.99, -9.74, 0],
						"0.3333": [4.51, -12.77, 0],
						"0.3667": [5.01, -15.76, 0],
						"0.4": [5.43, -18.32, 0],
						"0.4333": [5.73, -20.1, 0]
					}
				},
				"righthand": {
					"rotation": {
						"0.0": [-268.10665, 12.19069, -179.60004],
						"0.1": [-252.05848, 22.99469, -163.42299],
						"0.2": [-247.33843, 23.27575, -132.82994]
					},
					"position": {
						"0.0": [-6.558, -14.337, -3.674],
						"0.1": [-7.95823, -15.99396, 1.84695],
						"0.1333": [-8.89145, -16.58212, 3.16495],
						"0.2": [-12.4662, -13.51428, 7.08287],
						"0.3333": [-16.28427, -3.9932, 5.33164],
						"0.4333": [-16.28, -3.99, 5.33]
					},
					"scale": [1, 1.5, 1]
				},
				"lefthand": {
					"rotation": [98.40292, -37.30638, -141.89952],
					"position": [7.862, -13.319, -9.555],
					"scale": [1, 1.5, 1]
				},
				"camera": {
					"rotation": {
						"0.0": [0, 0, 0],
						"0.0333": [0.05, 0, -0.02],
						"0.0667": [0.12, 0, -0.04],
						"0.1": [0.18, 0, -0.07],
						"0.1333": [0.18, 0, -0.1],
						"0.1667": [0.07, 0, -0.14],
						"0.2": [-0.1, 0, -0.2],
						"0.2333": [-0.26, 0, -0.24],
						"0.2667": [-0.35, 0, -0.25],
						"0.3": [-0.32, 0, -0.21],
						"0.3333": [-0.21, 0, -0.13],
						"0.3667": [-0.08, 0, -0.05],
						"0.4": [0, 0, 0]
					}
				},
				"bb_illuminated": {
					"scale": 0
				}
			}
		},
		"reload_tactical": {
			"animation_length": 1.8667,
			"bones": {
				"root": {
					"rotation": {
						"0.0": [0, 0, 0],
						"0.0333": [0, 0, 0],
						"0.1333": {
							"pre": [0, 0, -4.0625],
							"post": [0, 0, -4.0625],
							"lerp_mode": "catmullrom"
						},
						"0.2333": {
							"post": [-2.39935, 1.72092, -20.80522],
							"lerp_mode": "catmullrom"
						},
						"0.3333": {
							"post": [-19.84728, 8.87635, -26.44594],
							"lerp_mode": "catmullrom"
						},
						"0.5": {
							"post": [-21.8225, 8, -28.4375],
							"lerp_mode": "catmullrom"
						},
						"0.6": [-22.0525, 9, -27.9275],
						"0.6667": [-22.2325, 8.5, -27.9775],
						"0.7667": [-22.4425, 9, -28.4375],
						"0.9": {
							"pre": [-22.5725, 8, -27.4375],
							"post": [-22.5725, 8, -27.4375],
							"lerp_mode": "catmullrom"
						},
						"1.0667": {
							"post": [-22.64206, 8.23924, -28.4375],
							"lerp_mode": "catmullrom"
						},
						"1.2": [-22.0725, 6.37, -20.8925],
						"1.3": {
							"pre": [-5.445, 2.05, -16.18],
							"post": [-5.445, 2.05, -16.18],
							"lerp_mode": "catmullrom"
						},
						"1.4333": [0.71, -0.04, -2.11],
						"1.4667": [0.9, -0.45, -0.72],
						"1.5": [0.67, -0.45, 0.33],
						"1.5333": [0.12, -0.18, 0.27],
						"1.5667": [0.08, -0.49, 0.2675],
						"1.6": [0.05, -0.44, 0.985],
						"1.6333": [0.02, -0.32, 0.625],
						"1.7667": {
							"pre": [-0.01, -0.09, 0.855],
							"post": [-0.01, -0.09, 0.855],
							"lerp_mode": "catmullrom"
						},
						"1.8667": [0, 0, 0]
					},
					"position": {
						"0.0": [0, 0, 0],
						"0.0667": {
							"pre": [-0.125, 0.5, 0],
							"post": [-0.125, 0.5, 0],
							"lerp_mode": "catmullrom"
						},
						"0.1333": {
							"post": [-0.375, 0.4375, 0],
							"lerp_mode": "catmullrom"
						},
						"0.2333": {
							"post": [-1.775, -1.6125, 0.0625],
							"lerp_mode": "catmullrom"
						},
						"0.3333": {
							"post": [-3.3375, -1.1125, -0.3125],
							"lerp_mode": "catmullrom"
						},
						"0.9": {
							"post": [-3.175, -1.09, -0.41],
							"lerp_mode": "catmullrom"
						},
						"1.0667": {
							"post": [-3.025, -1.1125, -0.3125],
							"lerp_mode": "catmullrom"
						},
						"1.2": {
							"post": [-1.08, -1.245, 0.97],
							"lerp_mode": "catmullrom"
						},
						"1.2667": [-0.3575, -1.35, 0.5725],
						"1.3333": [-0.22, -1.01, -0.35],
						"1.4": {
							"pre": [-0.1, -0.75, -0.62],
							"post": [-0.1, -0.75, -0.62],
							"lerp_mode": "catmullrom"
						},
						"1.4667": [-0.05, -0.65, -0.31],
						"1.5333": {
							"pre": [0, -0.12, 0.57],
							"post": [0, -0.12, 0.57],
							"lerp_mode": "catmullrom"
						},
						"1.6333": [0, -0.04, -0.07],
						"1.6667": [0, -0.02, -0.11],
						"1.7": [0, -0.01, -0.07],
						"1.7333": [0, 0, -0.03],
						"1.7667": [0, 0, -0.02],
						"1.8": [0, 0, -0.01],
						"1.8333": [0, 0, -0.01],
						"1.8667": [0, 0, 0]
					}
				},
				"righthand": {
					"rotation": [-268.10665, 12.19069, -179.60004],
					"position": [-6.558, -14.337, -3.674],
					"scale": [1, 1.5, 1]
				},
				"lefthand": {
					"rotation": {
						"0.0": [98.40292, -37.30638, -141.89952],
						"0.1333": [100.34159, -53.87734, -151.83999],
						"0.2667": [122.84, -53.88, -151.84],
						"1.1333": [122.84, -53.88, -151.84],
						"1.2": [100.34159, -53.87734, -151.83999],
						"1.3": [98.40292, -37.30638, -141.89952]
					},
					"position": {
						"0.0": [7.862, -13.319, -9.555],
						"0.1333": [8.1687, -12.87, -8.02],
						"0.2667": [6.17, -12.87, -9.02],
						"1.1333": [6.17, -12.87, -9.02],
						"1.2": [6.17, -12.87, -9.02],
						"1.3": [7.862, -13.319, -9.555]
					},
					"scale": {
						"0.0": [1, 1.5, 1],
						"0.1333": [1, 1.5, 1],
						"1.3": [1, 1.5, 1]
					}
				},
				"bb_illuminated": {
					"scale": 0
				},
				"camera": {
					"rotation": {
						"0.0": [0, 0, 0],
						"0.0333": [0.04, 0.01, -0.02],
						"0.0667": [0.1, 0.02, -0.04],
						"0.1": [0.17, 0.03, -0.06],
						"0.1333": [0.25, 0.05, -0.1],
						"0.1667": [0.35, 0.06, -0.16],
						"0.3667": {
							"pre": [1.54, 0.13, -1.12],
							"post": [1.54, 0.13, -1.12],
							"lerp_mode": "catmullrom"
						},
						"0.4667": {
							"post": [1.53, -0.2825, -0.8375],
							"lerp_mode": "catmullrom"
						},
						"0.6": {
							"post": [1.57, 0.09, -1.15],
							"lerp_mode": "catmullrom"
						},
						"0.7667": {
							"post": [1.64, -0.31, -0.9],
							"lerp_mode": "catmullrom"
						},
						"0.9": {
							"post": [1.58, 0.01, -1.2325],
							"lerp_mode": "catmullrom"
						},
						"0.9667": {
							"post": [1.6575, 0, -1.235],
							"lerp_mode": "catmullrom"
						},
						"1.1": {
							"post": [1.82, -0.28, -1.395],
							"lerp_mode": "catmullrom"
						},
						"1.2333": {
							"post": [1.8025, -0.07, -0.92],
							"lerp_mode": "catmullrom"
						},
						"1.3333": {
							"post": [1.595, -0.01, -0.63],
							"lerp_mode": "catmullrom"
						},
						"1.4": [0.42, -0.17, -0.18],
						"1.4333": [0.06, -0.09, 0.07],
						"1.4667": [-0.17, -0.04, 0.2],
						"1.5": [-0.1, 0, 0],
						"1.5333": [0.16, 0, -0.29],
						"1.5667": [0.1, 0, -0.22],
						"1.6": [-0.03, 0, -0.05],
						"1.6333": [-0.12, 0, 0.08],
						"1.6667": [-0.11, 0, 0.09],
						"1.7": [-0.08, 0, 0.06],
						"1.7333": [-0.03, 0, 0.02],
						"1.7667": [0, 0, 0]
					}
				}
			},
			"sound_effects": {
				"0.0": {
					"effect": "swb2:dc15a/dc15a_reload_tactical"
				}
			}
		},
		"reload_empty": {
			"animation_length": 3.7333,
			"bones": {
				"additional_magazine": {
					"rotation": {
						"0.9": [0, 0, 0],
						"0.9333": [0, 0, 0],
						"0.9667": [0, 0, 0],
						"1.0": [0, 0, 2.3],
						"1.0333": [0, 0, 4.6],
						"1.0667": [0, 0, 1.48],
						"1.1": [0, 0, -1.64],
						"1.1333": [0, 0, -4.76],
						"1.1667": [0, 0, -7.88],
						"1.2": [0, 0, -11],
						"1.2333": [0, 0, -11],
						"1.2667": [0, 0, -11],
						"1.3": [0, 0, -11],
						"1.3333": [0, 0, -11],
						"1.3667": [0, 0, -11],
						"1.4": [0, 0, -11],
						"1.4333": [0, 0, -11],
						"1.4667": [0, 0, -11],
						"1.5": [0, 0, -11],
						"1.5333": [5.52, -2.36, -16.7],
						"1.5667": [7.14, -6.86, -27.57],
						"1.6": [-1.55, -12.44, -41.07],
						"1.6333": [-14.51, -19.17, -57.34],
						"1.6667": [-24, -24, -69]
					},
					"position": {
						"0.9": [0, 0, 0],
						"0.9333": [0, -1.69, 0],
						"0.9667": [0, -3.37, 0],
						"1.0": [-0.36, -3.6, 0],
						"1.0333": [-0.72, -3.82, 0],
						"1.0667": [-1.07, -4.04, 0],
						"1.1": [-1.17, -3.91, 0],
						"1.1333": [-1.27, -3.78, 0],
						"1.1667": [-1.37, -3.65, 0],
						"1.2": [-1.47, -3.52, 0],
						"1.2333": [-1.57, -3.39, 0],
						"1.2667": [-1.66, -3.3, -0.05],
						"1.3": [-1.74, -3.21, -0.1],
						"1.3333": [-1.74, -2.02, -0.1],
						"1.3667": [-1.74, -0.82, -0.1],
						"1.4": [-1.74, -0.82, -0.1],
						"1.4333": [-1.74, -0.82, -0.1],
						"1.4667": [-1.74, -0.82, -0.1],
						"1.5": [-1.74, -0.82, -0.1],
						"1.5333": [-1.47, -3.29, 0.23],
						"1.5667": [-0.86, -5.03, 0.32],
						"1.6": [0.03, -7.33, 1.41],
						"1.6333": [2.13, -9.14, 5.07],
						"1.6667": [4.11, -10.65, 8.59]
					}
				},
				"mag_release": {
					"position": {
						"0.7667": [0, 0, 0],
						"0.8": [0.06, 0, 0],
						"0.8333": [0.13, 0, 0],
						"0.8667": [0.13, 0, 0],
						"0.9": [0.13, 0, 0],
						"0.9333": [0.13, 0, 0],
						"0.9667": [0.13, 0, 0],
						"1.0": [0.13, 0, 0],
						"1.0333": [0.13, 0, 0],
						"1.0667": [0.13, 0, 0],
						"1.1": [0.06, 0, 0],
						"1.1333": [0, 0, 0],
						"1.1667": [0, 0, 0],
						"1.2": [0, 0, 0],
						"1.2333": [0, 0, 0],
						"1.2667": [0, 0, 0],
						"1.3": [0, 0, 0],
						"1.3333": [0.06, 0, 0],
						"1.3667": [0.13, 0, 0],
						"1.4": [0.13, 0, 0],
						"1.4333": [0.13, 0, 0],
						"1.4667": [0.06, 0, 0],
						"1.5": [0, 0, 0]
					}
				},
				"1zzzz_illuminated": {
					"scale": {
						"0.0": [0, 0, 0],
						"2.7333": [0, 0, 0],
						"2.7667": {
							"pre": [0, 0, 0],
							"post": [1, 1, 1]
						}
					}
				},
				"2zzzz_illuminated": {
					"scale": {
						"0.0": [1, 1, 1],
						"2.7333": [1, 1, 1],
						"2.7667": {
							"pre": [1, 1, 1],
							"post": [0, 0, 0]
						}
					}
				},
				"root": {
					"rotation": {
						"0.0": [0, 0, 0],
						"0.0333": [-3.8525, 0, -0.14],
						"0.1667": {
							"pre": [-34.8925, -3.0075, -3.62],
							"post": [-34.8925, -3.0075, -3.62],
							"lerp_mode": "catmullrom"
						},
						"0.2667": [-38.3925, -9.4, -10.8125],
						"0.3333": [-39.125, -10.83, -12.3525],
						"0.3667": [-37.7625, -12.28, -12.3425],
						"0.4667": {
							"pre": [-37.7025, -11.28, -13.2425],
							"post": [-37.7025, -11.28, -13.2425],
							"lerp_mode": "catmullrom"
						},
						"0.6": {
							"post": [-39.2925, -11.93, -14.0925],
							"lerp_mode": "catmullrom"
						},
						"0.7": {
							"post": [-39.6425, -11.26, -13.4975],
							"lerp_mode": "catmullrom"
						},
						"0.8": {
							"post": [-39.3425, -10.7575, -13.5575],
							"lerp_mode": "catmullrom"
						},
						"1.1": {
							"post": [-39.2275, -11.115, -13.5875],
							"lerp_mode": "catmullrom"
						},
						"1.3667": {
							"post": [-37.785, -11.455, -14.54],
							"lerp_mode": "catmullrom"
						},
						"1.4333": {
							"post": [-29.91111, -0.353, 1.04316],
							"lerp_mode": "catmullrom"
						},
						"1.5": {
							"post": [-13.31952, 1.44794, 17.38782],
							"lerp_mode": "catmullrom"
						},
						"1.6": {
							"post": [-15.32, -15.5025, -1.26],
							"lerp_mode": "catmullrom"
						},
						"1.6667": {
							"post": [-11.3, -22.83, -13.68],
							"lerp_mode": "catmullrom"
						},
						"1.7333": {
							"post": [-8.38457, -21.45485, -16.72211],
							"lerp_mode": "catmullrom"
						},
						"1.8333": {
							"post": [-6.58395, -21.34733, -16.11844],
							"lerp_mode": "catmullrom"
						},
						"1.9667": {
							"post": [-6.91586, -20.31574, -16.49053],
							"lerp_mode": "catmullrom"
						},
						"2.0667": {
							"post": [-6.86894, -20.50437, -17.32836],
							"lerp_mode": "catmullrom"
						},
						"2.2667": {
							"post": [-7.63051, -18.79372, -17.66655],
							"lerp_mode": "catmullrom"
						},
						"2.5": {
							"post": [-7.63, -18.98, -18.4],
							"lerp_mode": "catmullrom"
						},
						"2.7": {
							"post": [-7.79905, -19.34604, -18.63737],
							"lerp_mode": "catmullrom"
						},
						"2.7667": {
							"post": [-9.815, -18.1025, -15.8475],
							"lerp_mode": "catmullrom"
						},
						"2.8333": {
							"post": [-17.4475, -15.74, -7.25],
							"lerp_mode": "catmullrom"
						},
						"2.9": {
							"post": [-32.39431, -12.78528, -3.77276],
							"lerp_mode": "catmullrom"
						},
						"2.9667": {
							"post": [-26.26931, -8.03528, -3.77276],
							"lerp_mode": "catmullrom"
						},
						"3.0667": {
							"post": [-8.76, -0.63, -12.205],
							"lerp_mode": "catmullrom"
						},
						"3.1667": {
							"post": [1.93, 2.05, -5.6175],
							"lerp_mode": "catmullrom"
						},
						"3.2667": {
							"post": [1.82, 0.62, -1.695],
							"lerp_mode": "catmullrom"
						},
						"3.3333": {
							"post": [0.9, -0.45, -0.72],
							"lerp_mode": "catmullrom"
						},
						"3.4": {
							"post": [0.12, -0.18, 0.27],
							"lerp_mode": "catmullrom"
						},
						"3.4667": {
							"post": [0.05, -0.44, 2.2975],
							"lerp_mode": "catmullrom"
						},
						"3.5": {
							"post": [0.02, -0.32, 1.6875],
							"lerp_mode": "catmullrom"
						},
						"3.6333": {
							"post": [-0.01, -0.09, 0],
							"lerp_mode": "catmullrom"
						},
						"3.7333": [0, 0, 0]
					},
					"position": {
						"0.0": [0, 0, 0],
						"0.0333": [-0.08, 0.05, -0.21],
						"0.1333": {
							"pre": [-1.45, -1.4425, -0.84],
							"post": [-1.45, -1.4425, -0.84],
							"lerp_mode": "catmullrom"
						},
						"0.2": {
							"post": [-3.25, -2.615, -0.93],
							"lerp_mode": "catmullrom"
						},
						"0.3333": [-2.91, -1.4625, 2.8925],
						"0.4667": {
							"pre": [-2.815, -2.11, 3.81],
							"post": [-2.815, -2.11, 3.81],
							"lerp_mode": "catmullrom"
						},
						"0.6": {
							"post": [-2.815, -1.97, 3.88],
							"lerp_mode": "catmullrom"
						},
						"0.7667": {
							"post": [-2.815, -1.97, 4],
							"lerp_mode": "catmullrom"
						},
						"1.0667": {
							"post": [-2.87, -1.89, 3.93],
							"lerp_mode": "catmullrom"
						},
						"1.3333": {
							"post": [-3.08, -1.8425, 3.6575],
							"lerp_mode": "catmullrom"
						},
						"1.4333": {
							"post": [-2.46, -1.0875, 2.15],
							"lerp_mode": "catmullrom"
						},
						"1.5": {
							"post": [-2.61, -1.9125, 2.73],
							"lerp_mode": "catmullrom"
						},
						"1.6": {
							"post": [-2.95, -1.995, 2.645],
							"lerp_mode": "catmullrom"
						},
						"1.6667": {
							"post": [-3.18, -1.605, 2.265],
							"lerp_mode": "catmullrom"
						},
						"1.7333": {
							"post": [-3.51, -1.6275, 1.975],
							"lerp_mode": "catmullrom"
						},
						"2.0333": {
							"post": [-3.51, -1.81, 2.0375],
							"lerp_mode": "catmullrom"
						},
						"2.2667": [-3.51, -1.6275, 2.0375],
						"2.5667": {
							"pre": [-3.54, -1.4675, 1.935],
							"post": [-3.54, -1.4675, 1.935],
							"lerp_mode": "catmullrom"
						},
						"2.7": {
							"post": [-3.51, -0.7525, 1.475],
							"lerp_mode": "catmullrom"
						},
						"2.8": {
							"post": [-3.1, -0.98, -0.1475],
							"lerp_mode": "catmullrom"
						},
						"2.9667": {
							"post": [-1.95, -0.67, 0.4525],
							"lerp_mode": "catmullrom"
						},
						"3.0667": [-0.83, -0.87, 0.5325],
						"3.1333": {
							"pre": [-0.42, -1.35, -0.24],
							"post": [-0.42, -1.35, -0.24],
							"lerp_mode": "catmullrom"
						},
						"3.2667": {
							"post": [-0.1, -0.5, -0.0575],
							"lerp_mode": "catmullrom"
						},
						"3.4": {
							"post": [0, -0.12, 0.57],
							"lerp_mode": "catmullrom"
						},
						"3.4333": [0, -0.06, 0.45],
						"3.4667": [0, -0.05, 0.15],
						"3.5": [0, -0.04, -0.07],
						"3.5333": [0, -0.02, -0.11],
						"3.5667": [0, -0.01, -0.07],
						"3.6": [0, 0, -0.03],
						"3.6333": [0, 0, -0.02],
						"3.6667": [0, 0, -0.01],
						"3.7": [0, 0, -0.01],
						"3.7333": [0, 0, 0]
					}
				},
				"constraint": {
					"rotation": {
						"0.0": [0, 0, 0],
						"2.0333": [0, 0, 0],
						"2.2": [0.2, 0.2, 0.4]
					},
					"position": {
						"0.0": [0.02, 0.02, 0.02],
						"2.0333": [0.02, 0.02, 0.02],
						"2.2": [0.1, 0.1, 0.1]
					}
				},
				"righthand": {
					"rotation": [-268.10665, 12.19069, -179.60004],
					"position": [-6.558, -14.337, -3.674],
					"scale": [1, 1.5, 1]
				},
				"lefthand": {
					"rotation": {
						"0.0": [98.40292, -37.30638, -141.89952],
						"0.1": [114.7696, -51.4157, -151.1206],
						"0.2667": [96.0383, -49.13438, -149.52003],
						"0.8333": [96.0383, -49.13438, -149.52003],
						"1.3667": [96.0383, -49.13438, -149.52003],
						"1.4333": {
							"pre": [96.9594, -36.08, -146.85684],
							"post": [96.9594, -36.08, -146.85684],
							"lerp_mode": "catmullrom"
						},
						"1.5": [87.88932, -38.05536, -131.09013],
						"1.5667": [97.45451, -31.05258, -150.05009],
						"1.6": [142.75618, -52.4974, -185.17361],
						"1.7667": [121.24446, -26.49393, -206.39364],
						"1.9333": [140.11693, -26.89393, -226.79716],
						"2.1": [80.61486, -29.58717, -150.15944],
						"2.3": [126.09251, -21.46883, -197.78575],
						"2.7": [106.96, -30.5075, -164.26],
						"2.8333": [96.9594, -29.1425, -146.85684],
						"3.1333": [98.40292, -37.30638, -141.89952]
					},
					"position": {
						"0.0": [7.862, -13.319, -9.555],
						"0.1333": [8.045, -13.1825, -10.02],
						"0.8333": [8.045, -13.1825, -10.02],
						"1.3667": [8.045, -13.1825, -10.02],
						"1.4333": {
							"pre": [8.4187, -13.87, -12.02],
							"post": [8.4187, -13.87, -12.02],
							"lerp_mode": "catmullrom"
						},
						"1.5": {
							"post": [10.86, -11.62, -12.17],
							"lerp_mode": "catmullrom"
						},
						"1.6": {
							"post": [17.42, -12.995, -10.02],
							"lerp_mode": "catmullrom"
						},
						"1.7667": {
							"post": [15.42, -14.4325, -12.02],
							"lerp_mode": "catmullrom"
						},
						"1.9": {
							"post": [14.42, -22.9325, -13.02],
							"lerp_mode": "catmullrom"
						},
						"2.0333": {
							"post": [18.9825, -14.995, -11.4575],
							"lerp_mode": "catmullrom"
						},
						"2.1667": {
							"post": [16.7925, -21.3075, -13.46],
							"lerp_mode": "catmullrom"
						},
						"2.3": {
							"post": [14.98, -15.3075, -13.46],
							"lerp_mode": "catmullrom"
						},
						"2.4333": [14.04, -24.25, -6.25],
						"2.7": [7.04, -23.25, -5.25],
						"2.8333": [8.4187, -13.87, -12.02],
						"3.1333": [7.862, -13.319, -9.555]
					},
					"scale": {
						"0.0": [1, 1.5, 1],
						"1.4333": [1, 1.5, 1],
						"2.8333": [1, 1.5, 1],
						"3.1333": [1, 1.5, 1]
					}
				},
				"bb_illuminated": {
					"scale": 0
				},
				"camera": {
					"rotation": {
						"0.0": [0, 0, 0],
						"0.0333": [0.04, 0.01, -0.02],
						"0.0667": [0.1, 0.02, -0.04],
						"0.1": [0.17, 0.03, -0.06],
						"0.1333": [0.25, 0.05, -0.1],
						"0.1667": [0.35, 0.06, -0.16],
						"0.2": [0.47, 0.08, -0.24],
						"0.2333": [0.67, 0.08, -0.39],
						"0.2667": [0.92, 0.09, -0.6],
						"0.3": [1.18, 0.1, -0.82],
						"0.3333": [1.4, 0.11, -1.01],
						"0.3667": {
							"pre": [1.54, 0.13, -1.12],
							"post": [1.54, 0.13, -1.12],
							"lerp_mode": "catmullrom"
						},
						"0.4667": {
							"post": [1.53, 0.2175, -1.15],
							"lerp_mode": "catmullrom"
						},
						"0.6": [1.57, 0.09, -1.15],
						"0.6333": [1.6, 0.04, -1.17],
						"0.6667": [1.63, 0, -1.19],
						"0.7": [1.65, -0.04, -1.19],
						"0.7333": [1.66, -0.06, -1.17],
						"0.7667": [1.64, -0.06, -1.15],
						"0.8": [1.59, -0.04, -1.11],
						"0.8333": [1.55, -0.01, -1.06],
						"0.8667": [1.54, 0.01, -1],
						"0.9": [1.58, 0.01, -0.92],
						"1.0333": [1.7475, -0.11, -0.82],
						"1.1333": {
							"pre": [1.7825, -0.125, -0.9225],
							"post": [1.7825, -0.125, -0.9225],
							"lerp_mode": "catmullrom"
						},
						"1.2667": [1.78, 0.0625, -0.9325],
						"1.3667": [1.8925, 0.01, -0.92],
						"1.4333": {
							"pre": [2.78, -0.25, -3.12],
							"post": [2.78, -0.25, -3.12],
							"lerp_mode": "catmullrom"
						},
						"1.5": {
							"post": [2.34, -0.28, 0.595],
							"lerp_mode": "catmullrom"
						},
						"1.5667": {
							"post": [1.445, -0.28, -1.27],
							"lerp_mode": "catmullrom"
						},
						"1.6333": [1.435, -0.24, -0.27],
						"1.6667": [1.485, -0.18, -0.15],
						"1.7": [1.565, -0.12, -0.01],
						"1.7667": [2.46, 0.01, 0.02],
						"1.8": [2.625, 0.05, 0],
						"1.8667": [1.81, -0.09, 0.245],
						"1.9": {
							"pre": [1.565, -0.12, -0.01],
							"post": [1.565, -0.12, -0.01],
							"lerp_mode": "catmullrom"
						},
						"1.9667": [2.46, 0.01, 0.02],
						"2.0": [2.625, 0.05, 0],
						"2.0667": {
							"pre": [1.81, -0.09, 0.12],
							"post": [1.81, -0.09, 0.12],
							"lerp_mode": "catmullrom"
						},
						"2.1333": {
							"post": [1.6475, -0.11, -0.33],
							"lerp_mode": "catmullrom"
						},
						"2.2": {
							"post": [1.415, -0.1, -0.36],
							"lerp_mode": "catmullrom"
						},
						"2.5333": {
							"post": [1.34, -0.1, -0.35],
							"lerp_mode": "catmullrom"
						},
						"2.7": {
							"post": [1.44, -0.1, -0.35],
							"lerp_mode": "catmullrom"
						},
						"2.8": {
							"post": [1.835, -0.1, -0.3025],
							"lerp_mode": "catmullrom"
						},
						"2.9": {
							"post": [2.36366, -0.10464, -0.15498],
							"lerp_mode": "catmullrom"
						},
						"2.9667": {
							"post": [1.46, -0.11, -0.33],
							"lerp_mode": "catmullrom"
						},
						"3.0333": [0.42, -0.17, -0.18],
						"3.1": {
							"pre": [-0.17, -0.04, 0.2],
							"post": [-0.17, -0.04, 0.2],
							"lerp_mode": "catmullrom"
						},
						"3.1667": {
							"post": [0.16, 0, -0.29],
							"lerp_mode": "catmullrom"
						},
						"3.2667": {
							"post": [-0.12, 0, 0.08],
							"lerp_mode": "catmullrom"
						},
						"3.3333": [-0.08, 0, 0.06],
						"3.3667": [-0.03, 0, 0.02],
						"3.4": [0, 0, 0]
					}
				}
			},
			"sound_effects": {
				"0.0": {
					"effect": "swb2:e11/e11_reload_empty"
				}
			}
		},
		"inspect": {
			"animation_length": 5.55,
			"bones": {
				"mag_and_lefthand": {
					"rotation": [0, 0, 0],
					"position": {
						"0.5": [0, 0, 0],
						"0.75": [0, 0, 0]
					}
				},
				"root": {
					"rotation": {
						"0.0": {
							"post": [0, 0, 0],
							"lerp_mode": "catmullrom"
						},
						"0.1": {
							"post": [-5.46934, -6.59483, -3.87442],
							"lerp_mode": "catmullrom"
						},
						"0.3": {
							"post": [-15.36045, -13.3372, 14.4264],
							"lerp_mode": "catmullrom"
						},
						"0.45": {
							"post": [-14.6372, -12.44434, 13.96606],
							"lerp_mode": "catmullrom"
						},
						"0.6": {
							"post": [-10.28526, -10.88253, 15.8173],
							"lerp_mode": "catmullrom"
						},
						"0.9": {
							"post": [-14.57, -13.03, 11.15453],
							"lerp_mode": "catmullrom"
						},
						"1.1": {
							"post": [-14.3872, -12.6217, 9.7372],
							"lerp_mode": "catmullrom"
						},
						"1.45": {
							"post": [-14.3872, -12.6217, 9.7372],
							"lerp_mode": "catmullrom"
						},
						"1.65": {
							"post": [-14.3872, -12.6217, 9.7372],
							"lerp_mode": "catmullrom"
						},
						"1.8": {
							"post": [-14.3872, -12.6217, 9.7372],
							"lerp_mode": "catmullrom"
						},
						"2.05": {
							"post": [-13.64, -12.92, 8.95],
							"lerp_mode": "catmullrom"
						},
						"2.1": {
							"post": [-14.11769, -16.19268, 10.44299],
							"lerp_mode": "catmullrom"
						},
						"2.2": {
							"post": [-12.01656, -13.60154, 6.71514],
							"lerp_mode": "catmullrom"
						},
						"2.3": {
							"post": [-13.60782, -11.91621, 10.68159],
							"lerp_mode": "catmullrom"
						},
						"2.45": {
							"post": [-10.87164, -10.16959, 21.43577],
							"lerp_mode": "catmullrom"
						},
						"2.75": {
							"post": [-33.43597, 2.67804, 38.4926],
							"lerp_mode": "catmullrom"
						},
						"3.0": {
							"post": [-34.83597, 5.27804, 55.3926],
							"lerp_mode": "catmullrom"
						},
						"3.25": {
							"post": [-34.91, 4.72656, 56.81],
							"lerp_mode": "catmullrom"
						},
						"3.4": {
							"post": [-34.14, 5.47656, 66.61],
							"lerp_mode": "catmullrom"
						},
						"3.55": {
							"post": [-28.1349, 15.84963, 74.7146],
							"lerp_mode": "catmullrom"
						},
						"3.8": {
							"post": [-27.50765, 25.10812, 76.87217],
							"lerp_mode": "catmullrom"
						},
						"4.2": {
							"post": [-28.75, 28.09656, 75.41],
							"lerp_mode": "catmullrom"
						},
						"4.5": {
							"post": [-35.44, 9.53656, 64.48],
							"lerp_mode": "catmullrom"
						},
						"4.95": {
							"post": [-2.49762, -11.47315, 23.75119],
							"lerp_mode": "catmullrom"
						},
						"5.1": {
							"post": [4.76155, -3.98624, 3.16823],
							"lerp_mode": "catmullrom"
						},
						"5.2": {
							"post": [-0.75, 0, -2.25],
							"lerp_mode": "catmullrom"
						},
						"5.35": {
							"post": [0.25, 0, 1.25],
							"lerp_mode": "catmullrom"
						},
						"5.55": {
							"post": [0, 0, 0],
							"lerp_mode": "catmullrom"
						}
					},
					"position": {
						"0.0": {
							"post": [0, 0, 0],
							"lerp_mode": "catmullrom"
						},
						"0.15": {
							"post": [-2.69125, -1.79141, -0.54],
							"lerp_mode": "catmullrom"
						},
						"0.35": {
							"post": [-3.07453, -2.27344, -0.64062],
							"lerp_mode": "catmullrom"
						},
						"0.45": {
							"post": [-2.97907, -2.22748, -0.6125],
							"lerp_mode": "catmullrom"
						},
						"0.6": {
							"post": [-2.85, -2.0975, -0.605],
							"lerp_mode": "catmullrom"
						},
						"0.7": {
							"post": [-2.80031, -1.93516, -0.69],
							"lerp_mode": "catmullrom"
						},
						"0.85": {
							"post": [-2.68502, -1.66155, -0.69],
							"lerp_mode": "catmullrom"
						},
						"1.1": {
							"post": [-2.32656, -1.84375, -0.7],
							"lerp_mode": "catmullrom"
						},
						"1.3": {
							"post": [-2.44297, -1.59375, -0.95],
							"lerp_mode": "catmullrom"
						},
						"1.65": {
							"post": [-2.15559, -1.59554, -0.91],
							"lerp_mode": "catmullrom"
						},
						"2.0": {
							"post": [-1.67765, -1.27578, -0.6925],
							"lerp_mode": "catmullrom"
						},
						"2.1": {
							"post": [-1.63109, -1.66531, -0.985],
							"lerp_mode": "catmullrom"
						},
						"2.2": {
							"post": [-1.51562, -1.92375, -0.985],
							"lerp_mode": "catmullrom"
						},
						"2.35": {
							"post": [-1.65359, -1.8458, -1.1375],
							"lerp_mode": "catmullrom"
						},
						"2.6": {
							"post": [-2.24263, -1.88694, -1.65],
							"lerp_mode": "catmullrom"
						},
						"2.8": {
							"post": [-1.28906, -2.98047, -2.5],
							"lerp_mode": "catmullrom"
						},
						"2.95": {
							"post": [-0.35291, -3.00292, -3.67],
							"lerp_mode": "catmullrom"
						},
						"3.15": {
							"post": [-0.46358, -3.08089, -3.65],
							"lerp_mode": "catmullrom"
						},
						"3.35": {
							"post": [-0.43906, -2.925, -3.62],
							"lerp_mode": "catmullrom"
						},
						"3.55": {
							"post": [-0.37996, -2.98334, -3.6],
							"lerp_mode": "catmullrom"
						},
						"3.8": {
							"post": [-0.18816, -2.65182, -3.25234],
							"lerp_mode": "catmullrom"
						},
						"4.05": {
							"post": [-0.15599, -1.76302, -2.96328],
							"lerp_mode": "catmullrom"
						},
						"4.35": {
							"post": [-0.15342, -1.57378, -2.96328],
							"lerp_mode": "catmullrom"
						},
						"4.5": {
							"post": [-0.14906, -1.48359, -2.96328],
							"lerp_mode": "catmullrom"
						},
						"4.65": {
							"post": [-0.27982, -1.94694, -2.96328],
							"lerp_mode": "catmullrom"
						},
						"4.8": {
							"post": [-0.15111, -2.09864, -2.96328],
							"lerp_mode": "catmullrom"
						},
						"4.95": {
							"post": [0.44921, -0.66467, -2.95328],
							"lerp_mode": "catmullrom"
						},
						"5.1": {
							"post": [0.28719, -0.43, -2.83594],
							"lerp_mode": "catmullrom"
						},
						"5.2": {
							"post": [0.47, -0.14, 0.39],
							"lerp_mode": "catmullrom"
						},
						"5.3": {
							"post": [0.19924, 0.01743, -0.13359],
							"lerp_mode": "catmullrom"
						},
						"5.4": {
							"post": [0, 0, 0],
							"lerp_mode": "catmullrom"
						}
					}
				},
				"bone5": {
					"rotation": {
						"0.6": [0, 0, 0],
						"0.7": [0, 0, -1.46094],
						"0.8": [0, 0, 1.15391],
						"0.95": [0, 0, -0.20375],
						"1.15": [0, 0, 0],
						"1.5": [0, 0, 0],
						"1.85": [0, 0, 0],
						"1.95": [0, 0, -0.22656],
						"2.1": [0, 0, 0]
					}
				},
				"bolt": {
					"position": [0, 0, 0]
				},
				"righthand": {
					"rotation": [-268.10665, 12.19069, -179.60004],
					"position": [-6.558, -14.337, -3.674],
					"scale": [1, 1.5, 1]
				},
				"lefthand_and_mag": {
					"rotation": {
						"0.5": [0, 0, 0],
						"0.65": {
							"pre": [0, 0, 5.5],
							"post": [0, 0, 5.5],
							"lerp_mode": "catmullrom"
						},
						"0.75": {
							"post": [-3.27836, 2.29305, 43.30937],
							"lerp_mode": "catmullrom"
						},
						"0.9": [-3.21132, 18.35284, 53.53873],
						"1.05": [-3.21132, 18.35284, 53.53873],
						"1.2": [-3.21132, 18.35284, 53.53873],
						"1.5": [-3.21132, 18.35284, 53.53873],
						"1.6": {
							"pre": [-4.90019, 15.83535, 46.40955],
							"post": [-4.90019, 15.83535, 46.40955],
							"lerp_mode": "catmullrom"
						},
						"1.8": {
							"post": [-4.97, 0.925, 6.03453],
							"lerp_mode": "catmullrom"
						},
						"1.9": [-2.25205, 6.40949, -1.97152],
						"2.0": [-2.25205, 6.40949, -1.97152],
						"2.15": [0, 0, 0]
					},
					"position": {
						"0.5": [0, 0, 0],
						"0.65": [3, 0, -0.25],
						"0.75": {
							"pre": [1, 4, 1.4375],
							"post": [1, 4, 1.4375],
							"lerp_mode": "catmullrom"
						},
						"0.9": [0.74, 7.66, 3.62],
						"1.05": [0.74, 8.91, 4.62],
						"1.2": [0.74, 8.91, 4.62],
						"1.5": [0.74, 8.91, 4.62],
						"1.65": {
							"pre": [2.035, 7.43, 2.32],
							"post": [2.035, 7.43, 2.32],
							"lerp_mode": "catmullrom"
						},
						"1.8": {
							"post": [4.58, 2.2275, -0.05],
							"lerp_mode": "catmullrom"
						},
						"1.9": [5.11, 0.01, -0.65],
						"2.0": [4.11, 0.01, -0.65],
						"2.15": [0, 0, 0]
					}
				},
				"lefthand": {
					"rotation": {
						"0.0": [98.40292, -37.30638, -141.89952],
						"0.35": [97.67501, -29.90812, -184.09317],
						"0.5": [97.67501, -29.90812, -184.09317],
						"2.4": [97.67501, -29.90812, -184.09317],
						"3.0": {
							"pre": [45.17834, -29.90937, -184.09106],
							"post": [45.17834, -29.90937, -184.09106],
							"lerp_mode": "catmullrom"
						},
						"3.5": [42.70123, -39.52509, -193.83934],
						"4.25": [42.70123, -39.52509, -193.83934],
						"4.5": [97.67501, -29.90812, -184.09317],
						"4.65": {
							"pre": [97.67501, -29.90812, -184.09317],
							"post": [97.67501, -29.90812, -184.09317],
							"lerp_mode": "catmullrom"
						},
						"4.9": [98.40292, -37.30638, -141.89952]
					},
					"position": {
						"0.0": [7.862, -13.319, -9.555],
						"0.35": [12.4625, -10.5, -8.2],
						"0.5": [12.4625, -10.5, -8.2],
						"2.4": [12.4625, -10.5, -8.2],
						"3.0": [12.46, -10.5, -8.2],
						"4.5": [12.4625, -10.5, -8.2],
						"4.65": {
							"pre": [12.4625, -12.5, -5.2],
							"post": [12.4625, -12.5, -5.2],
							"lerp_mode": "catmullrom"
						},
						"4.9": [7.862, -13.319, -9.555]
					},
					"scale": {
						"0.0": [1, 1.5, 1],
						"4.9": [1, 1.5, 1]
					}
				},
				"camera": {
					"rotation": {
						"0.0": {
							"post": [0, 0, 0],
							"lerp_mode": "catmullrom"
						},
						"0.2": {
							"post": [0.5, 0, -0.56641],
							"lerp_mode": "catmullrom"
						},
						"0.45": {
							"post": [-0.00016, 0.33594, -1.07031],
							"lerp_mode": "catmullrom"
						},
						"0.7": {
							"post": [0.48781, -0.29687, -1.44922],
							"lerp_mode": "catmullrom"
						},
						"0.85": {
							"post": [2.11484, -2.32031, -0.44531],
							"lerp_mode": "catmullrom"
						},
						"1.05": {
							"post": [3.09594, -3.33594, -0.82031],
							"lerp_mode": "catmullrom"
						},
						"1.3": {
							"post": [3.46, -3.53, 0.07641],
							"lerp_mode": "catmullrom"
						},
						"1.5": {
							"post": [3.61922, -3.33594, 0.125],
							"lerp_mode": "catmullrom"
						},
						"1.75": {
							"post": [3.48625, -2.73437, -0.82031],
							"lerp_mode": "catmullrom"
						},
						"1.85": {
							"post": [2.89, -1.69, -0.75469],
							"lerp_mode": "catmullrom"
						},
						"2.0": {
							"post": [1.93672, 0, -1.64062],
							"lerp_mode": "catmullrom"
						},
						"2.1": {
							"post": [1.82, 0.28, -1.31469],
							"lerp_mode": "catmullrom"
						},
						"2.2": {
							"post": [1.77, 0.45, -2.16141],
							"lerp_mode": "catmullrom"
						},
						"2.3": {
							"post": [1.72, 0.63, -1.85],
							"lerp_mode": "catmullrom"
						},
						"2.4": {
							"post": [1.96438, 0.5625, -1.64062],
							"lerp_mode": "catmullrom"
						},
						"2.75": {
							"post": [4.33984, 1.14063, 0.62891],
							"lerp_mode": "catmullrom"
						},
						"2.85": {
							"post": [4.62, 0.925, 1.65391],
							"lerp_mode": "catmullrom"
						},
						"3.0": {
							"post": [5.68453, 0.805, 0.98609],
							"lerp_mode": "catmullrom"
						},
						"3.15": {
							"post": [5.98109, 0.74609, 1.19531],
							"lerp_mode": "catmullrom"
						},
						"3.6": {
							"post": [6.60066, 1.78777, -0.71479],
							"lerp_mode": "catmullrom"
						},
						"4.1": {
							"post": [4.003, 2.02691, 1.16506],
							"lerp_mode": "catmullrom"
						},
						"4.5": {
							"post": [3.25109, 1.10938, 1.07031],
							"lerp_mode": "catmullrom"
						},
						"4.8": {
							"post": [3.77187, -0.50391, 0.62891],
							"lerp_mode": "catmullrom"
						},
						"5.05": {
							"post": [0, 0, -0.25],
							"lerp_mode": "catmullrom"
						},
						"5.15": {
							"post": [-0.55859, 0, 0.31641],
							"lerp_mode": "catmullrom"
						},
						"5.3": {
							"post": [0.29688, 0, -0.125],
							"lerp_mode": "catmullrom"
						},
						"5.5": {
							"post": [0, 0, 0],
							"lerp_mode": "catmullrom"
						}
					}
				},
				"bb_illuminated": {
					"scale": 0
				}
			},
			"sound_effects": {
				"4.1": {
					"effect": "aa12_inspect_end"
				}
			}
		},
		"inspect_empty": {
			"animation_length": 5.55,
			"bones": {
				"mag_and_lefthand": {
					"rotation": [0, 0, 0],
					"position": {
						"0.5": [0, 0, 0],
						"0.75": [0, 0, 0]
					}
				},
				"root": {
					"rotation": {
						"0.0": {
							"post": [0, 0, 0],
							"lerp_mode": "catmullrom"
						},
						"0.1": {
							"post": [-5.46934, -6.59483, -3.87442],
							"lerp_mode": "catmullrom"
						},
						"0.3": {
							"post": [-15.36045, -13.3372, 14.4264],
							"lerp_mode": "catmullrom"
						},
						"0.45": {
							"post": [-14.6372, -12.44434, 13.96606],
							"lerp_mode": "catmullrom"
						},
						"0.6": {
							"post": [-10.28526, -10.88253, 15.8173],
							"lerp_mode": "catmullrom"
						},
						"0.9": {
							"post": [-14.57, -13.03, 11.15453],
							"lerp_mode": "catmullrom"
						},
						"1.1": {
							"post": [-14.3872, -12.6217, 9.7372],
							"lerp_mode": "catmullrom"
						},
						"1.45": {
							"post": [-14.3872, -12.6217, 9.7372],
							"lerp_mode": "catmullrom"
						},
						"1.65": {
							"post": [-14.3872, -12.6217, 9.7372],
							"lerp_mode": "catmullrom"
						},
						"1.8": {
							"post": [-14.3872, -12.6217, 9.7372],
							"lerp_mode": "catmullrom"
						},
						"2.05": {
							"post": [-13.64, -12.92, 8.95],
							"lerp_mode": "catmullrom"
						},
						"2.1": {
							"post": [-14.11769, -16.19268, 10.44299],
							"lerp_mode": "catmullrom"
						},
						"2.2": {
							"post": [-12.01656, -13.60154, 6.71514],
							"lerp_mode": "catmullrom"
						},
						"2.3": {
							"post": [-13.60782, -11.91621, 10.68159],
							"lerp_mode": "catmullrom"
						},
						"2.45": {
							"post": [-10.87164, -10.16959, 21.43577],
							"lerp_mode": "catmullrom"
						},
						"2.75": {
							"post": [-33.43597, 2.67804, 38.4926],
							"lerp_mode": "catmullrom"
						},
						"3.0": {
							"post": [-34.83597, 5.27804, 55.3926],
							"lerp_mode": "catmullrom"
						},
						"3.25": {
							"post": [-34.91, 4.72656, 56.81],
							"lerp_mode": "catmullrom"
						},
						"3.4": {
							"post": [-34.14, 5.47656, 66.61],
							"lerp_mode": "catmullrom"
						},
						"3.55": {
							"post": [-28.1349, 15.84963, 74.7146],
							"lerp_mode": "catmullrom"
						},
						"3.8": {
							"post": [-27.50765, 25.10812, 76.87217],
							"lerp_mode": "catmullrom"
						},
						"4.2": {
							"post": [-28.75, 28.09656, 75.41],
							"lerp_mode": "catmullrom"
						},
						"4.5": {
							"post": [-35.44, 9.53656, 64.48],
							"lerp_mode": "catmullrom"
						},
						"4.95": {
							"post": [-2.49762, -11.47315, 23.75119],
							"lerp_mode": "catmullrom"
						},
						"5.1": {
							"post": [4.76155, -3.98624, 3.16823],
							"lerp_mode": "catmullrom"
						},
						"5.2": {
							"post": [-0.75, 0, -2.25],
							"lerp_mode": "catmullrom"
						},
						"5.35": {
							"post": [0.25, 0, 1.25],
							"lerp_mode": "catmullrom"
						},
						"5.55": {
							"post": [0, 0, 0],
							"lerp_mode": "catmullrom"
						}
					},
					"position": {
						"0.0": {
							"post": [0, 0, 0],
							"lerp_mode": "catmullrom"
						},
						"0.15": {
							"post": [-2.69125, -1.79141, -0.54],
							"lerp_mode": "catmullrom"
						},
						"0.35": {
							"post": [-3.07453, -2.27344, -0.64062],
							"lerp_mode": "catmullrom"
						},
						"0.45": {
							"post": [-2.97907, -2.22748, -0.6125],
							"lerp_mode": "catmullrom"
						},
						"0.6": {
							"post": [-2.85, -2.0975, -0.605],
							"lerp_mode": "catmullrom"
						},
						"0.7": {
							"post": [-2.80031, -1.93516, -0.69],
							"lerp_mode": "catmullrom"
						},
						"0.85": {
							"post": [-2.68502, -1.66155, -0.69],
							"lerp_mode": "catmullrom"
						},
						"1.1": {
							"post": [-2.32656, -1.84375, -0.7],
							"lerp_mode": "catmullrom"
						},
						"1.3": {
							"post": [-2.44297, -1.59375, -0.95],
							"lerp_mode": "catmullrom"
						},
						"1.65": {
							"post": [-2.15559, -1.59554, -0.91],
							"lerp_mode": "catmullrom"
						},
						"2.0": {
							"post": [-1.67765, -1.27578, -0.6925],
							"lerp_mode": "catmullrom"
						},
						"2.1": {
							"post": [-1.63109, -1.66531, -0.985],
							"lerp_mode": "catmullrom"
						},
						"2.2": {
							"post": [-1.51562, -1.92375, -0.985],
							"lerp_mode": "catmullrom"
						},
						"2.35": {
							"post": [-1.65359, -1.8458, -1.1375],
							"lerp_mode": "catmullrom"
						},
						"2.6": {
							"post": [-2.24263, -1.88694, -1.65],
							"lerp_mode": "catmullrom"
						},
						"2.8": {
							"post": [-1.28906, -2.98047, -2.5],
							"lerp_mode": "catmullrom"
						},
						"2.95": {
							"post": [-0.35291, -3.00292, -3.67],
							"lerp_mode": "catmullrom"
						},
						"3.15": {
							"post": [-0.46358, -3.08089, -3.65],
							"lerp_mode": "catmullrom"
						},
						"3.35": {
							"post": [-0.43906, -2.925, -3.62],
							"lerp_mode": "catmullrom"
						},
						"3.55": {
							"post": [-0.37996, -2.98334, -3.6],
							"lerp_mode": "catmullrom"
						},
						"3.8": {
							"post": [-0.18816, -2.65182, -3.25234],
							"lerp_mode": "catmullrom"
						},
						"4.05": {
							"post": [-0.15599, -1.76302, -2.96328],
							"lerp_mode": "catmullrom"
						},
						"4.35": {
							"post": [-0.15342, -1.57378, -2.96328],
							"lerp_mode": "catmullrom"
						},
						"4.5": {
							"post": [-0.14906, -1.48359, -2.96328],
							"lerp_mode": "catmullrom"
						},
						"4.65": {
							"post": [-0.27982, -1.94694, -2.96328],
							"lerp_mode": "catmullrom"
						},
						"4.8": {
							"post": [-0.15111, -2.09864, -2.96328],
							"lerp_mode": "catmullrom"
						},
						"4.95": {
							"post": [0.44921, -0.66467, -2.95328],
							"lerp_mode": "catmullrom"
						},
						"5.1": {
							"post": [0.28719, -0.43, -2.83594],
							"lerp_mode": "catmullrom"
						},
						"5.2": {
							"post": [0.47, -0.14, 0.39],
							"lerp_mode": "catmullrom"
						},
						"5.3": {
							"post": [0.19924, 0.01743, -0.13359],
							"lerp_mode": "catmullrom"
						},
						"5.4": {
							"post": [0, 0, 0],
							"lerp_mode": "catmullrom"
						}
					}
				},
				"bone5": {
					"rotation": {
						"0.6": [0, 0, 0],
						"0.7": [0, 0, -1.46094],
						"0.8": [0, 0, 1.15391],
						"0.95": [0, 0, -0.20375],
						"1.15": [0, 0, 0],
						"1.5": [0, 0, 0],
						"1.85": [0, 0, 0],
						"1.95": [0, 0, -0.22656],
						"2.1": [0, 0, 0]
					}
				},
				"bolt": {
					"position": [0, 0, 0]
				},
				"righthand": {
					"rotation": [-268.10665, 12.19069, -179.60004],
					"position": [-6.558, -14.337, -3.674],
					"scale": [1, 1.5, 1]
				},
				"lefthand_and_mag": {
					"rotation": {
						"0.5": [0, 0, 0],
						"0.65": {
							"pre": [0, 0, 5.5],
							"post": [0, 0, 5.5],
							"lerp_mode": "catmullrom"
						},
						"0.75": {
							"post": [-3.27836, 2.29305, 43.30937],
							"lerp_mode": "catmullrom"
						},
						"0.9": [-3.21132, 18.35284, 53.53873],
						"1.05": [-3.21132, 18.35284, 53.53873],
						"1.2": [-3.21132, 18.35284, 53.53873],
						"1.5": [-3.21132, 18.35284, 53.53873],
						"1.6": {
							"pre": [-4.90019, 15.83535, 46.40955],
							"post": [-4.90019, 15.83535, 46.40955],
							"lerp_mode": "catmullrom"
						},
						"1.8": {
							"post": [-4.97, 0.925, 6.03453],
							"lerp_mode": "catmullrom"
						},
						"1.9": [-2.25205, 6.40949, -1.97152],
						"2.0": [-2.25205, 6.40949, -1.97152],
						"2.15": [0, 0, 0]
					},
					"position": {
						"0.5": [0, 0, 0],
						"0.65": [3, 0, -0.25],
						"0.75": {
							"pre": [1, 4, 1.4375],
							"post": [1, 4, 1.4375],
							"lerp_mode": "catmullrom"
						},
						"0.9": [0.74, 7.66, 3.62],
						"1.05": [0.74, 8.91, 4.62],
						"1.2": [0.74, 8.91, 4.62],
						"1.5": [0.74, 8.91, 4.62],
						"1.65": {
							"pre": [2.035, 7.43, 2.32],
							"post": [2.035, 7.43, 2.32],
							"lerp_mode": "catmullrom"
						},
						"1.8": {
							"post": [4.58, 2.2275, -0.05],
							"lerp_mode": "catmullrom"
						},
						"1.9": [5.11, 0.01, -0.65],
						"2.0": [4.11, 0.01, -0.65],
						"2.15": [0, 0, 0]
					}
				},
				"lefthand": {
					"rotation": {
						"0.0": [98.40292, -37.30638, -141.89952],
						"0.35": [97.67501, -29.90812, -184.09317],
						"0.5": [97.67501, -29.90812, -184.09317],
						"2.4": [97.67501, -29.90812, -184.09317],
						"3.0": {
							"pre": [45.17834, -29.90937, -184.09106],
							"post": [45.17834, -29.90937, -184.09106],
							"lerp_mode": "catmullrom"
						},
						"3.5": [42.70123, -39.52509, -193.83934],
						"4.25": [42.70123, -39.52509, -193.83934],
						"4.5": [97.67501, -29.90812, -184.09317],
						"4.65": {
							"pre": [97.67501, -29.90812, -184.09317],
							"post": [97.67501, -29.90812, -184.09317],
							"lerp_mode": "catmullrom"
						},
						"4.9": [98.40292, -37.30638, -141.89952]
					},
					"position": {
						"0.0": [7.862, -13.319, -9.555],
						"0.35": [12.4625, -10.5, -8.2],
						"0.5": [12.4625, -10.5, -8.2],
						"2.4": [12.4625, -10.5, -8.2],
						"3.0": [12.46, -10.5, -8.2],
						"4.5": [12.4625, -10.5, -8.2],
						"4.65": {
							"pre": [12.4625, -12.5, -5.2],
							"post": [12.4625, -12.5, -5.2],
							"lerp_mode": "catmullrom"
						},
						"4.9": [7.862, -13.319, -9.555]
					},
					"scale": {
						"0.0": [1, 1.5, 1],
						"4.9": [1, 1.5, 1]
					}
				},
				"camera": {
					"rotation": {
						"0.0": {
							"post": [0, 0, 0],
							"lerp_mode": "catmullrom"
						},
						"0.2": {
							"post": [0.5, 0, -0.56641],
							"lerp_mode": "catmullrom"
						},
						"0.45": {
							"post": [-0.00016, 0.33594, -1.07031],
							"lerp_mode": "catmullrom"
						},
						"0.7": {
							"post": [0.48781, -0.29687, -1.44922],
							"lerp_mode": "catmullrom"
						},
						"0.85": {
							"post": [2.11484, -2.32031, -0.44531],
							"lerp_mode": "catmullrom"
						},
						"1.05": {
							"post": [3.09594, -3.33594, -0.82031],
							"lerp_mode": "catmullrom"
						},
						"1.3": {
							"post": [3.46, -3.53, 0.07641],
							"lerp_mode": "catmullrom"
						},
						"1.5": {
							"post": [3.61922, -3.33594, 0.125],
							"lerp_mode": "catmullrom"
						},
						"1.75": {
							"post": [3.48625, -2.73437, -0.82031],
							"lerp_mode": "catmullrom"
						},
						"1.85": {
							"post": [2.89, -1.69, -0.75469],
							"lerp_mode": "catmullrom"
						},
						"2.0": {
							"post": [1.93672, 0, -1.64062],
							"lerp_mode": "catmullrom"
						},
						"2.1": {
							"post": [1.82, 0.28, -1.31469],
							"lerp_mode": "catmullrom"
						},
						"2.2": {
							"post": [1.77, 0.45, -2.16141],
							"lerp_mode": "catmullrom"
						},
						"2.3": {
							"post": [1.72, 0.63, -1.85],
							"lerp_mode": "catmullrom"
						},
						"2.4": {
							"post": [1.96438, 0.5625, -1.64062],
							"lerp_mode": "catmullrom"
						},
						"2.75": {
							"post": [4.33984, 1.14063, 0.62891],
							"lerp_mode": "catmullrom"
						},
						"2.85": {
							"post": [4.62, 0.925, 1.65391],
							"lerp_mode": "catmullrom"
						},
						"3.0": {
							"post": [5.68453, 0.805, 0.98609],
							"lerp_mode": "catmullrom"
						},
						"3.15": {
							"post": [5.98109, 0.74609, 1.19531],
							"lerp_mode": "catmullrom"
						},
						"3.6": {
							"post": [6.60066, 1.78777, -0.71479],
							"lerp_mode": "catmullrom"
						},
						"4.1": {
							"post": [4.003, 2.02691, 1.16506],
							"lerp_mode": "catmullrom"
						},
						"4.5": {
							"post": [3.25109, 1.10938, 1.07031],
							"lerp_mode": "catmullrom"
						},
						"4.8": {
							"post": [3.77187, -0.50391, 0.62891],
							"lerp_mode": "catmullrom"
						},
						"5.05": {
							"post": [0, 0, -0.25],
							"lerp_mode": "catmullrom"
						},
						"5.15": {
							"post": [-0.55859, 0, 0.31641],
							"lerp_mode": "catmullrom"
						},
						"5.3": {
							"post": [0.29688, 0, -0.125],
							"lerp_mode": "catmullrom"
						},
						"5.5": {
							"post": [0, 0, 0],
							"lerp_mode": "catmullrom"
						}
					}
				},
				"bb_illuminated": {
					"scale": 0
				}
			},
			"sound_effects": {
				"4.1": {
					"effect": "aa12_inspect_end"
				}
			}
		},
		"manual_cool": {
			"animation_length": 2.2,
			"bones": {
				"additional_magazine": {
					"rotation": {
						"0.9": [0, 0, 0],
						"0.9333": [0, 0, 0],
						"0.9667": [0, 0, 0],
						"1.0": [0, 0, 2.3],
						"1.0333": [0, 0, 4.6],
						"1.0667": [0, 0, 1.48],
						"1.1": [0, 0, -1.64],
						"1.1333": [0, 0, -4.76],
						"1.1667": [0, 0, -7.88],
						"1.2": [0, 0, -11],
						"1.2333": [0, 0, -11],
						"1.2667": [0, 0, -11],
						"1.3": [0, 0, -11],
						"1.3333": [0, 0, -11],
						"1.3667": [0, 0, -11],
						"1.4": [0, 0, -11],
						"1.4333": [0, 0, -11],
						"1.4667": [0, 0, -11],
						"1.5": [0, 0, -11],
						"1.5333": [5.52, -2.36, -16.7],
						"1.5667": [7.14, -6.86, -27.57],
						"1.6": [-1.55, -12.44, -41.07],
						"1.6333": [-14.51, -19.17, -57.34],
						"1.6667": [-24, -24, -69]
					},
					"position": {
						"0.9": [0, 0, 0],
						"0.9333": [0, -1.69, 0],
						"0.9667": [0, -3.37, 0],
						"1.0": [-0.36, -3.6, 0],
						"1.0333": [-0.72, -3.82, 0],
						"1.0667": [-1.07, -4.04, 0],
						"1.1": [-1.17, -3.91, 0],
						"1.1333": [-1.27, -3.78, 0],
						"1.1667": [-1.37, -3.65, 0],
						"1.2": [-1.47, -3.52, 0],
						"1.2333": [-1.57, -3.39, 0],
						"1.2667": [-1.66, -3.3, -0.05],
						"1.3": [-1.74, -3.21, -0.1],
						"1.3333": [-1.74, -2.02, -0.1],
						"1.3667": [-1.74, -0.82, -0.1],
						"1.4": [-1.74, -0.82, -0.1],
						"1.4333": [-1.74, -0.82, -0.1],
						"1.4667": [-1.74, -0.82, -0.1],
						"1.5": [-1.74, -0.82, -0.1],
						"1.5333": [-1.47, -3.29, 0.23],
						"1.5667": [-0.86, -5.03, 0.32],
						"1.6": [0.03, -7.33, 1.41],
						"1.6333": [2.13, -9.14, 5.07],
						"1.6667": [4.11, -10.65, 8.59]
					}
				},
				"mag_release": {
					"position": {
						"0.7667": [0, 0, 0],
						"0.8": [0.06, 0, 0],
						"0.8333": [0.13, 0, 0],
						"0.8667": [0.13, 0, 0],
						"0.9": [0.13, 0, 0],
						"0.9333": [0.13, 0, 0],
						"0.9667": [0.13, 0, 0],
						"1.0": [0.13, 0, 0],
						"1.0333": [0.13, 0, 0],
						"1.0667": [0.13, 0, 0],
						"1.1": [0.06, 0, 0],
						"1.1333": [0, 0, 0],
						"1.1667": [0, 0, 0],
						"1.2": [0, 0, 0],
						"1.2333": [0, 0, 0],
						"1.2667": [0, 0, 0],
						"1.3": [0, 0, 0],
						"1.3333": [0.06, 0, 0],
						"1.3667": [0.13, 0, 0],
						"1.4": [0.13, 0, 0],
						"1.4333": [0.13, 0, 0],
						"1.4667": [0.06, 0, 0],
						"1.5": [0, 0, 0]
					}
				},
				"root": {
					"rotation": {
						"0.0": [0, 0, 0],
						"0.0333": [-4.8525, -0.99, -0.14],
						"0.0667": [-9.0375, -2.45, -0.53],
						"0.1": [-13.445, -4.15, -2.33],
						"0.1333": [-18.88, -5.73, -5.32],
						"0.2333": {
							"pre": [-35.76486, -11.64876, -7.81839],
							"post": [-35.76486, -11.64876, -7.81839],
							"lerp_mode": "catmullrom"
						},
						"0.3333": [-39.125, -10.83, -12.3525],
						"0.3667": [-38.825, -10.03, -10.3425],
						"0.4": [-38.595, -9.23, -8.4525],
						"0.4333": [-38.545, -8.99, -8.7425],
						"0.4667": [-38.765, -9.03, -9.2425],
						"0.5": [-39.095, -9.17, -8.8125],
						"0.5333": [-39.545, -9.4, -8.0825],
						"0.5667": [-40.015, -9.61, -7.3925],
						"0.6": [-40.355, -9.68, -7.0925],
						"0.6333": [-40.545, -9.56, -7.3325],
						"0.6667": [-40.665, -9.29, -7.9025],
						"0.7": [-40.705, -9.01, -8.6225],
						"0.7333": [-40.675, -8.79, -9.2825],
						"0.7667": [-40.465, -8.64, -10.1525],
						"0.9": {
							"pre": [-31.065, -6.45, -11.0475],
							"post": [-31.065, -6.45, -11.0475],
							"lerp_mode": "catmullrom"
						},
						"1.0333": [-10.01, -0.63, -12.205],
						"1.0667": [-7.03, 1.13, -11.8475],
						"1.1": [-3.97, 1.88, -11.1375],
						"1.1333": [-1.57, 2.05, -10.3675],
						"1.1667": [-0.65, 1.84, -8.49],
						"1.2": [0, 1.29, -6.12],
						"1.2333": [0.43, 0.6, -3.95],
						"1.2667": [0.71, -0.04, -2.11],
						"1.3": [0.9, -0.45, -0.72],
						"1.3333": [0.67, -0.45, 0.33],
						"1.3667": [0.12, -0.18, 0.27],
						"1.4": [0.08, -0.49, 0.2675],
						"1.4333": [0.05, -0.44, 0.985],
						"1.4667": [0.02, -0.32, 0.625],
						"1.6": {
							"pre": [-0.01, -0.09, 0.855],
							"post": [-0.01, -0.09, 0.855],
							"lerp_mode": "catmullrom"
						},
						"1.7": [0, 0, 0]
					},
					"position": {
						"0.0": [0, 0, 0],
						"0.0667": [-0.08, -0.2625, 0.3525],
						"0.1333": {
							"pre": [-0.32, -0.935, 1.77],
							"post": [-0.32, -0.935, 1.77],
							"lerp_mode": "catmullrom"
						},
						"0.2": [-0.75, -0.865, 2.07],
						"0.2333": [-0.85, -1.1125, 1.9425],
						"0.2667": [-0.91, -1.1425, 2.2125],
						"0.3": [-0.91, -1.3125, 2.6125],
						"0.3333": [-0.91, -1.4625, 2.8925],
						"0.3667": [-0.92, -1.6575, 2.9325],
						"0.4": [-0.93, -1.73, 2.8325],
						"0.4333": [-0.94, -1.68, 2.7125],
						"0.4667": [-0.94, -1.61, 2.6225],
						"0.5": [-0.94, -1.56, 2.6325],
						"0.5333": [-0.94, -1.52, 2.6825],
						"0.5667": [-0.94, -1.49, 2.7025],
						"0.6": [-0.94, -1.47, 2.6925],
						"0.6333": [-0.94, -1.46, 2.6725],
						"0.6667": [-0.94, -1.45, 2.6425],
						"0.7": [-0.94, -1.44, 2.6225],
						"0.7333": [-0.94, -1.45, 2.5925],
						"0.7667": [-0.94, -1.47, 2.5725],
						"0.9": {
							"pre": [-0.99, -1.975, 2.6025],
							"post": [-0.99, -1.975, 2.6025],
							"lerp_mode": "catmullrom"
						},
						"1.0333": [-0.83, -1.8075, 1.7825],
						"1.0667": [-0.61, -1.18, 1.19],
						"1.1": [-0.42, -1.35, 0.5725],
						"1.1333": [-0.3, -1.25, 0.03],
						"1.1667": [-0.22, -1.01, -0.35],
						"1.2": [-0.15, -0.81, -0.61],
						"1.2333": [-0.1, -0.75, -0.62],
						"1.2667": [-0.07, -0.72, -0.5],
						"1.3": [-0.05, -0.65, -0.31],
						"1.3333": [-0.02, -0.38, 0.19],
						"1.3667": [0, -0.12, 0.57],
						"1.4": [0, -0.06, 0.45],
						"1.4333": [0, -0.05, 0.15],
						"1.4667": [0, -0.04, -0.07],
						"1.5": [0, -0.02, -0.11],
						"1.5333": [0, -0.01, -0.07],
						"1.5667": [0, 0, -0.03],
						"1.6": [0, 0, -0.02],
						"1.6333": [0, 0, -0.01],
						"1.6667": [0, 0, -0.01],
						"1.7": [0, 0, 0]
					}
				},
				"constraint": {
					"rotation": {
						"0.0": [0, 0, 0],
						"2.0333": [0, 0, 0],
						"2.2": [0.2, 0.2, 0.4]
					},
					"position": {
						"0.0": [0.02, 0.02, 0.02],
						"2.0333": [0.02, 0.02, 0.02],
						"2.2": [0.1, 0.1, 0.1]
					}
				},
				"righthand": {
					"rotation": [-268.10665, 12.19069, -179.60004],
					"position": [-6.558, -14.337, -3.674],
					"scale": [1, 1.5, 1]
				},
				"lefthand": {
					"rotation": {
						"0.0": [98.40292, -37.30638, -141.89952],
						"0.0667": [114.7696, -51.4157, -151.1206],
						"0.1333": [113.5383, -49.13438, -149.52003],
						"0.9667": [113.5383, -49.13438, -149.52003],
						"1.0667": [98.40292, -37.30638, -141.89952]
					},
					"position": {
						"0.0": [7.862, -13.319, -9.555],
						"0.1333": [8.045, -13.1825, -11.02],
						"0.9667": [8.045, -13.1825, -11.02],
						"1.0667": [7.862, -13.319, -9.555]
					},
					"scale": {
						"0.0": [1, 1.5, 1],
						"1.0667": [1, 1.5, 1]
					}
				},
				"camera": {
					"rotation": {
						"0.0": [0, 0, 0],
						"0.0333": [0.04, 0.01, -0.02],
						"0.0667": [0.1, 0.02, -0.04],
						"0.1": [0.17, 0.03, -0.06],
						"0.1333": [0.25, 0.05, -0.1],
						"0.1667": [0.35, 0.06, -0.16],
						"0.2": [0.47, 0.08, -0.24],
						"0.2333": [0.67, 0.08, -0.39],
						"0.2667": [0.92, 0.09, -0.6],
						"0.3": [1.18, 0.1, -0.82],
						"0.3333": [1.4, 0.11, -1.01],
						"0.3667": [1.54, 0.13, -1.12],
						"0.4": [1.53, 0.18, -1.12],
						"0.4333": [1.38, 0.24, -0.98],
						"0.4667": [1.28, 0.28, -0.9],
						"0.5": [1.33, 0.25, -0.95],
						"0.5333": [1.44, 0.19, -1.05],
						"0.5667": [1.54, 0.13, -1.12],
						"0.6": [1.57, 0.09, -1.15],
						"0.6333": [1.6, 0.04, -1.17],
						"0.6667": [1.63, 0, -1.19],
						"0.7": [1.65, -0.04, -1.19],
						"0.7333": [1.66, -0.06, -1.17],
						"0.7667": [1.64, -0.06, -1.15],
						"0.8": [1.59, -0.04, -1.11],
						"0.8333": [1.55, -0.01, -1.06],
						"0.8667": [1.54, 0.01, -1],
						"0.9": [1.58, 0.01, -0.92],
						"0.9333": [2.06, -0.11, -0.57],
						"0.9667": [2.47, -0.25, -0.36],
						"1.0": [2.4, -0.28, -0.51],
						"1.0333": [2.19, -0.29, -0.8],
						"1.0667": [1.96, -0.29, -1.1],
						"1.1": [1.82, -0.28, -1.27],
						"1.1333": [1.81, -0.24, -1.27],
						"1.1667": [1.86, -0.18, -1.15],
						"1.2": [1.94, -0.12, -1.01],
						"1.2333": [1.99, -0.07, -0.92],
						"1.2667": [1.96, 0.01, -0.98],
						"1.3": [2, 0.05, -1],
						"1.3333": [2.095, -0.01, -0.63],
						"1.3667": [1.7475, -0.09, -0.38],
						"1.4": [0.42, -0.17, -0.18],
						"1.4333": [0.06, -0.09, 0.07],
						"1.4667": [-0.17, -0.04, 0.2],
						"1.5": [-0.1, 0, 0],
						"1.5333": [0.16, 0, -0.29],
						"1.5667": [0.1, 0, -0.22],
						"1.6": [-0.03, 0, -0.05],
						"1.6333": [-0.12, 0, 0.08],
						"1.6667": [-0.11, 0, 0.09],
						"1.7": [-0.08, 0, 0.06],
						"1.7333": [-0.03, 0, 0.02],
						"1.7667": [0, 0, 0]
					}
				},
				"bb_illuminated": {
					"scale": 0
				}
			}
		},
		"over_heat": {
			"animation_length": 2.6667,
			"bones": {
				"additional_magazine": {
					"rotation": {
						"0.9": [0, 0, 0],
						"0.9333": [0, 0, 0],
						"0.9667": [0, 0, 0],
						"1.0": [0, 0, 2.3],
						"1.0333": [0, 0, 4.6],
						"1.0667": [0, 0, 1.48],
						"1.1": [0, 0, -1.64],
						"1.1333": [0, 0, -4.76],
						"1.1667": [0, 0, -7.88],
						"1.2": [0, 0, -11],
						"1.2333": [0, 0, -11],
						"1.2667": [0, 0, -11],
						"1.3": [0, 0, -11],
						"1.3333": [0, 0, -11],
						"1.3667": [0, 0, -11],
						"1.4": [0, 0, -11],
						"1.4333": [0, 0, -11],
						"1.4667": [0, 0, -11],
						"1.5": [0, 0, -11],
						"1.5333": [5.52, -2.36, -16.7],
						"1.5667": [7.14, -6.86, -27.57],
						"1.6": [-1.55, -12.44, -41.07],
						"1.6333": [-14.51, -19.17, -57.34],
						"1.6667": [-24, -24, -69]
					},
					"position": {
						"0.9": [0, 0, 0],
						"0.9333": [0, -1.69, 0],
						"0.9667": [0, -3.37, 0],
						"1.0": [-0.36, -3.6, 0],
						"1.0333": [-0.72, -3.82, 0],
						"1.0667": [-1.07, -4.04, 0],
						"1.1": [-1.17, -3.91, 0],
						"1.1333": [-1.27, -3.78, 0],
						"1.1667": [-1.37, -3.65, 0],
						"1.2": [-1.47, -3.52, 0],
						"1.2333": [-1.57, -3.39, 0],
						"1.2667": [-1.66, -3.3, -0.05],
						"1.3": [-1.74, -3.21, -0.1],
						"1.3333": [-1.74, -2.02, -0.1],
						"1.3667": [-1.74, -0.82, -0.1],
						"1.4": [-1.74, -0.82, -0.1],
						"1.4333": [-1.74, -0.82, -0.1],
						"1.4667": [-1.74, -0.82, -0.1],
						"1.5": [-1.74, -0.82, -0.1],
						"1.5333": [-1.47, -3.29, 0.23],
						"1.5667": [-0.86, -5.03, 0.32],
						"1.6": [0.03, -7.33, 1.41],
						"1.6333": [2.13, -9.14, 5.07],
						"1.6667": [4.11, -10.65, 8.59]
					}
				},
				"mag_release": {
					"position": {
						"0.7667": [0, 0, 0],
						"0.8": [0.06, 0, 0],
						"0.8333": [0.13, 0, 0],
						"0.8667": [0.13, 0, 0],
						"0.9": [0.13, 0, 0],
						"0.9333": [0.13, 0, 0],
						"0.9667": [0.13, 0, 0],
						"1.0": [0.13, 0, 0],
						"1.0333": [0.13, 0, 0],
						"1.0667": [0.13, 0, 0],
						"1.1": [0.06, 0, 0],
						"1.1333": [0, 0, 0],
						"1.1667": [0, 0, 0],
						"1.2": [0, 0, 0],
						"1.2333": [0, 0, 0],
						"1.2667": [0, 0, 0],
						"1.3": [0, 0, 0],
						"1.3333": [0.06, 0, 0],
						"1.3667": [0.13, 0, 0],
						"1.4": [0.13, 0, 0],
						"1.4333": [0.13, 0, 0],
						"1.4667": [0.06, 0, 0],
						"1.5": [0, 0, 0]
					}
				},
				"root": {
					"rotation": {
						"0.0": [0, 0, 0],
						"0.0333": [-4.8525, -0.99, -0.14],
						"0.0667": [-9.0375, -2.45, -0.53],
						"0.1": [-13.445, -4.15, -2.33],
						"0.1333": [-18.88, -5.73, -5.32],
						"0.2333": {
							"pre": [-35.76486, -11.64876, -7.81839],
							"post": [-35.76486, -11.64876, -7.81839],
							"lerp_mode": "catmullrom"
						},
						"0.3333": [-39.125, -10.83, -12.3525],
						"0.3667": [-38.825, -10.03, -10.3425],
						"0.4": [-38.595, -9.23, -8.4525],
						"0.4333": [-38.545, -8.99, -8.7425],
						"0.4667": [-38.765, -9.03, -9.2425],
						"0.5": [-39.095, -9.17, -8.8125],
						"0.5333": [-39.545, -9.4, -8.0825],
						"0.5667": [-40.015, -9.61, -7.3925],
						"0.6": [-40.355, -9.68, -7.0925],
						"0.6333": [-40.545, -9.56, -7.3325],
						"0.6667": [-40.665, -9.29, -7.9025],
						"0.7": [-40.705, -9.01, -8.6225],
						"0.7333": [-40.675, -8.79, -9.2825],
						"0.7667": [-40.465, -8.64, -10.1525],
						"0.8": [-39.03, -8.32, -10.37],
						"0.9": {
							"pre": [-31.035, -5.08, -16.79],
							"post": [-31.035, -5.08, -16.79],
							"lerp_mode": "catmullrom"
						},
						"0.9667": {
							"post": [-13.91111, -5.1655, -19.14434],
							"lerp_mode": "catmullrom"
						},
						"1.0333": {
							"post": [-7.61436, -6.59605, -18.84544],
							"lerp_mode": "catmullrom"
						},
						"1.1333": {
							"post": [-8.83395, -6.15983, -10.74344],
							"lerp_mode": "catmullrom"
						},
						"1.2667": {
							"post": [-6.91586, -5.12824, -16.11553],
							"lerp_mode": "catmullrom"
						},
						"1.3667": {
							"post": [-10.80644, -5.31687, -16.95336],
							"lerp_mode": "catmullrom"
						},
						"1.5667": {
							"post": [-10.06801, -3.60622, -12.29155],
							"lerp_mode": "catmullrom"
						},
						"1.8667": {
							"post": [-7.79905, -4.15854, -16.26237],
							"lerp_mode": "catmullrom"
						},
						"2.0": [-8.76, -0.63, -12.205],
						"2.0333": [-7.03, 1.13, -11.8475],
						"2.0667": [-3.97, 1.88, -11.1375],
						"2.1": {
							"pre": [-1.57, 2.05, -10.3675],
							"post": [-1.57, 2.05, -10.3675],
							"lerp_mode": "catmullrom"
						},
						"2.1333": [-0.65, 1.84, -8.49],
						"2.1667": [0, 1.29, -6.12],
						"2.2": [0.43, 0.6, -3.95],
						"2.2333": [0.71, -0.04, -2.11],
						"2.2667": [0.9, -0.45, -0.72],
						"2.3": [0.67, -0.45, 0.33],
						"2.3333": [0.12, -0.18, 0.27],
						"2.3667": [0.08, -0.49, 1.58],
						"2.4": [0.05, -0.44, 2.2975],
						"2.4333": {
							"pre": [0.02, -0.32, 1.6875],
							"post": [0.02, -0.32, 1.6875],
							"lerp_mode": "catmullrom"
						},
						"2.5667": {
							"post": [-0.01, -0.09, 0],
							"lerp_mode": "catmullrom"
						},
						"2.6667": [0, 0, 0]
					},
					"position": {
						"0.0": [0, 0, 0],
						"0.0667": [-0.08, -0.2625, 0.3525],
						"0.1333": {
							"pre": [-0.32, -0.935, 1.77],
							"post": [-0.32, -0.935, 1.77],
							"lerp_mode": "catmullrom"
						},
						"0.2": [-0.75, -0.865, 2.07],
						"0.2333": [-0.85, -1.1125, 1.9425],
						"0.2667": [-0.91, -1.1425, 2.2125],
						"0.3": [-0.91, -1.3125, 2.6125],
						"0.3333": [-0.91, -1.4625, 2.8925],
						"0.3667": [-0.92, -1.6575, 2.9325],
						"0.4": [-0.93, -1.73, 2.8325],
						"0.4333": [-0.94, -1.68, 2.7125],
						"0.4667": [-0.94, -1.61, 2.6225],
						"0.5": [-0.94, -1.56, 2.6325],
						"0.5333": [-0.94, -1.52, 2.6825],
						"0.5667": [-0.94, -1.49, 2.7025],
						"0.6": [-0.94, -1.47, 2.6925],
						"0.6333": [-0.94, -1.46, 2.6725],
						"0.6667": [-0.94, -1.45, 2.6425],
						"0.7": [-0.94, -1.44, 2.6225],
						"0.7333": [-0.94, -1.45, 2.5925],
						"0.8667": {
							"pre": [-2.08, -0.5925, 2.5325],
							"post": [-2.08, -0.5925, 2.5325],
							"lerp_mode": "catmullrom"
						},
						"1.0333": {
							"post": [-2.51, -1.815, 2.1625],
							"lerp_mode": "catmullrom"
						},
						"1.3333": {
							"post": [-2.51, -1.935, 2.1625],
							"lerp_mode": "catmullrom"
						},
						"1.5667": [-2.51, -1.7525, 2.1625],
						"1.8667": {
							"pre": [-2.51, -1.7525, 2.1625],
							"post": [-2.51, -1.7525, 2.1625],
							"lerp_mode": "catmullrom"
						},
						"2.0": [-0.83, -0.87, 1.47],
						"2.0333": [-0.61, -1.18, 1.065],
						"2.0667": [-0.42, -1.35, 0.51],
						"2.1": [-0.3, -1.25, 0.03],
						"2.1333": [-0.22, -1.01, -0.35],
						"2.1667": [-0.15, -0.81, -0.61],
						"2.2": [-0.1, -0.75, -0.62],
						"2.2333": [-0.07, -0.72, -0.5],
						"2.2667": [-0.05, -0.65, -0.31],
						"2.3": [-0.02, -0.38, 0.19],
						"2.3333": [0, -0.12, 0.57],
						"2.3667": [0, -0.06, 0.45],
						"2.4": [0, -0.05, 0.15],
						"2.4333": [0, -0.04, -0.07],
						"2.4667": [0, -0.02, -0.11],
						"2.5": [0, -0.01, -0.07],
						"2.5333": [0, 0, -0.03],
						"2.5667": [0, 0, -0.02],
						"2.6": [0, 0, -0.01],
						"2.6333": [0, 0, -0.01],
						"2.6667": [0, 0, 0]
					}
				},
				"constraint": {
					"rotation": {
						"0.0": [0, 0, 0],
						"2.0333": [0, 0, 0],
						"2.2": [0.2, 0.2, 0.4]
					},
					"position": {
						"0.0": [0.02, 0.02, 0.02],
						"2.0333": [0.02, 0.02, 0.02],
						"2.2": [0.1, 0.1, 0.1]
					}
				},
				"righthand": {
					"rotation": [-268.10665, 12.19069, -179.60004],
					"position": [-6.558, -14.337, -3.674],
					"scale": [1, 1.5, 1]
				},
				"lefthand": {
					"rotation": {
						"0.0": [98.40292, -37.30638, -141.89952],
						"0.0667": [114.7696, -51.4157, -151.1206],
						"0.1333": [113.5383, -49.13438, -149.52003],
						"0.8333": [113.5383, -49.13438, -149.52003],
						"0.9333": [98.40292, -37.30638, -141.89952],
						"1.0333": [83.63798, -31.27147, -123.69411],
						"1.1333": [162.38118, -52.4974, -218.17361],
						"1.3": [121.24446, -26.49393, -206.39364],
						"1.4667": [140.11693, -26.89393, -226.79716],
						"1.6333": [80.61486, -29.58717, -150.15944],
						"1.8333": [126.09251, -21.46883, -197.78575],
						"2.1333": [98.40292, -37.30638, -141.89952]
					},
					"position": {
						"0.0": [7.862, -13.319, -9.555],
						"0.1333": [8.045, -13.1825, -11.02],
						"0.8333": [8.045, -13.1825, -11.02],
						"0.9333": {
							"pre": [7.862, -13.319, -9.555],
							"post": [7.862, -13.319, -9.555],
							"lerp_mode": "catmullrom"
						},
						"1.1333": {
							"post": [16.42, -16.995, -12.02],
							"lerp_mode": "catmullrom"
						},
						"1.3": {
							"post": [15.42, -12.745, -12.02],
							"lerp_mode": "catmullrom"
						},
						"1.4333": {
							"post": [14.42, -22.9325, -13.02],
							"lerp_mode": "catmullrom"
						},
						"1.5667": {
							"post": [15.42, -15.9325, -11.4575],
							"lerp_mode": "catmullrom"
						},
						"1.7": {
							"post": [14.98, -21.3075, -13.46],
							"lerp_mode": "catmullrom"
						},
						"1.8333": {
							"post": [14.98, -16.3075, -13.46],
							"lerp_mode": "catmullrom"
						},
						"1.9667": {
							"post": [11.1225, -13.1075, -12.6],
							"lerp_mode": "catmullrom"
						},
						"2.1333": [7.862, -13.319, -9.555]
					},
					"scale": {
						"0.0": [1, 1.5, 1],
						"0.9333": [1, 1.5, 1],
						"2.1333": [1, 1.5, 1]
					}
				},
				"camera": {
					"rotation": {
						"0.0": [0, 0, 0],
						"0.0333": [0.04, 0.01, -0.02],
						"0.0667": [0.1, 0.02, -0.04],
						"0.1": [0.17, 0.03, -0.06],
						"0.1333": [0.25, 0.05, -0.1],
						"0.1667": [0.35, 0.06, -0.16],
						"0.2": [0.47, 0.08, -0.24],
						"0.2333": [0.67, 0.08, -0.39],
						"0.2667": [0.92, 0.09, -0.6],
						"0.3": [1.18, 0.1, -0.82],
						"0.3333": [1.4, 0.11, -1.01],
						"0.3667": [1.54, 0.13, -1.12],
						"0.4": [1.53, 0.18, -1.12],
						"0.4333": [1.38, 0.24, -0.98],
						"0.4667": [1.28, 0.28, -0.9],
						"0.5": [1.33, 0.25, -0.95],
						"0.5333": [1.44, 0.19, -1.05],
						"0.5667": [1.54, 0.13, -1.12],
						"0.6": [1.57, 0.09, -1.15],
						"0.6333": [1.6, 0.04, -1.17],
						"0.6667": [1.63, 0, -1.19],
						"0.7": [1.65, -0.04, -1.19],
						"0.7333": [1.66, -0.06, -1.17],
						"0.7667": [1.64, -0.06, -1.15],
						"0.8": [1.59, -0.04, -1.11],
						"0.8333": [1.55, -0.01, -1.06],
						"0.8667": [1.54, 0.01, -1],
						"0.9": [1.8925, 0.01, -0.92],
						"0.9333": [2.3725, -0.11, -0.57],
						"0.9667": [2.7825, -0.25, -0.36],
						"1.0": [2.7125, -0.28, -0.51],
						"1.0333": [2.5025, -0.29, -0.8],
						"1.0667": [1.96, -0.29, -1.1],
						"1.1": [1.445, -0.28, -1.27],
						"1.1333": [1.435, -0.24, -1.27],
						"1.1667": [1.485, -0.18, -1.15],
						"1.2": [1.565, -0.12, -1.01],
						"1.2333": [2.0525, -0.07, -0.92],
						"1.2667": [2.46, 0.01, -0.98],
						"1.3": [2.625, 0.05, -1],
						"1.3333": [2.1575, -0.01, -0.63],
						"1.3667": [1.81, -0.09, -0.38],
						"1.4": [1.565, -0.12, -1.01],
						"1.4333": [2.0525, -0.07, -0.92],
						"1.4667": [2.46, 0.01, -0.98],
						"1.5": [2.625, 0.05, -1],
						"1.5333": [2.1575, -0.01, -0.63],
						"1.5667": [1.81, -0.09, -0.38],
						"1.6333": {
							"pre": [1.6475, -0.11, -0.33],
							"post": [1.6475, -0.11, -0.33],
							"lerp_mode": "catmullrom"
						},
						"1.7": [0.42, -0.17, -0.18],
						"1.7333": [0.06, -0.09, 0.07],
						"1.7667": [-0.17, -0.04, 0.2],
						"1.8": [-0.1, 0, 0],
						"1.8333": [0.16, 0, -0.29],
						"1.8667": [0.1, 0, -0.22],
						"1.9": [-0.03, 0, -0.05],
						"1.9333": [-0.12, 0, 0.08],
						"1.9667": [-0.11, 0, 0.09],
						"2.0": [-0.08, 0, 0.06],
						"2.0333": [-0.03, 0, 0.02],
						"2.0667": [0, 0, 0]
					}
				},
				"bb_illuminated": {
					"scale": 0
				}
			}
		},
		"run": {
			"loop": true,
			"animation_length": 0.6667,
			"override_previous_animation": true,
			"bones": {
				"lid2": {
					"rotation": {
						"0.0": [0, 0, -2],
						"0.0417": [0, 0, 0],
						"0.125": [0, 0, 0],
						"0.25": [0, 0, -4.75],
						"0.2917": [0, 0, -5.5],
						"0.375": [0, 0, 0],
						"0.4583": [0, 0, 0],
						"0.5833": [0, 0, -3.75],
						"0.625": [0, 0, -4],
						"0.6667": [0, 0, -2]
					}
				},
				"lid3": {
					"rotation": {
						"0.0": [0, 0, -2],
						"0.0417": [0, 0, 0],
						"0.125": [0, 0, 0],
						"0.25": [0, 0, -4.75],
						"0.2917": [0, 0, -5.5],
						"0.375": [0, 0, 0],
						"0.4583": [0, 0, 0],
						"0.5833": [0, 0, -3.75],
						"0.625": [0, 0, -4],
						"0.6667": [0, 0, -2]
					}
				},
				"gaiz": {
					"rotation": {
						"0.0": [0, 0, 0],
						"0.0833": [0, 0, 2.5],
						"0.1667": [0, 0, 0],
						"0.25": [0, 0, 2],
						"0.3333": [0, 0, 0],
						"0.4167": [0, 0, 3],
						"0.5": [0, 0, 0]
					}
				},
				"biaoc": {
					"rotation": {
						"0.0": [0, 0, 0],
						"0.0833": [-7.5, 0, 0],
						"0.1667": [0, 0, 0],
						"0.25": [-6.5, 0, 0],
						"0.3333": [0, 0, 0],
						"0.4167": [-5, 0, 0],
						"0.5417": [0, 0, 0]
					}
				},
				"cm2": {
					"scale": 0
				},
				"gaiz2": {
					"rotation": {
						"0.0": [0, 0, 0],
						"0.0833": [0, 0, 2.5],
						"0.1667": [0, 0, 0],
						"0.25": [0, 0, 2],
						"0.3333": [0, 0, 0],
						"0.4167": [0, 0, 3],
						"0.5": [0, 0, 0]
					}
				},
				"gaiz3": {
					"rotation": {
						"0.0": [0, 0, 0],
						"0.0833": [0, 0, 2.5],
						"0.1667": [0, 0, 0],
						"0.25": [0, 0, 2],
						"0.3333": [0, 0, 0],
						"0.4167": [0, 0, 3],
						"0.5": [0, 0, 0]
					}
				},
				"bullet": {
					"position": {
						"0.0833": [0, 0, 0],
						"0.25": [0, 0.125, 0],
						"0.3333": [0, 0, 0],
						"0.4167": [0, 0, 0],
						"0.5833": [0, -0.1875, 0],
						"0.6667": [0, 0, 0]
					}
				},
				"root": {
					"rotation": {
						"0.0": {
							"post": [-1, -42, 30],
							"lerp_mode": "catmullrom"
						},
						"0.25": {
							"post": [-5.375, -47.0625, 30.25],
							"lerp_mode": "catmullrom"
						},
						"0.375": {
							"post": [-2.875, -47.0625, 30.25],
							"lerp_mode": "catmullrom"
						},
						"0.5417": {
							"post": [-2.875, -43.0625, 30.25],
							"lerp_mode": "catmullrom"
						},
						"0.6667": {
							"post": [-1, -42, 30],
							"lerp_mode": "catmullrom"
						}
					},
					"position": {
						"0.0": {
							"post": [7.5, -4.5, 4.08],
							"lerp_mode": "catmullrom"
						},
						"0.125": {
							"post": [8.05, -4.0825, 4.0725],
							"lerp_mode": "catmullrom"
						},
						"0.2083": {
							"post": [7.94, -4.0625, 4.0625],
							"lerp_mode": "catmullrom"
						},
						"0.3333": {
							"post": [7.0325, -4.75, 4.0625],
							"lerp_mode": "catmullrom"
						},
						"0.4583": {
							"post": [6.75, -4.125, 4.0625],
							"lerp_mode": "catmullrom"
						},
						"0.5417": {
							"post": [6.8125, -4.25, 4.0625],
							"lerp_mode": "catmullrom"
						},
						"0.6667": {
							"post": [7.5, -4.5, 4.08],
							"lerp_mode": "catmullrom"
						}
					}
				},
				"bb_illuminated": {
					"scale": 0
				}
			}
		},
		"run_start": {
			"animation_length": 0.5,
			"bones": {
				"root": {
					"rotation": {
						"0.0": {
							"post": [0, 0, 0],
							"lerp_mode": "catmullrom"
						},
						"0.1667": {
							"post": [0.9, -1.19, 3.38],
							"lerp_mode": "catmullrom"
						},
						"0.3333": {
							"post": [-1.66339, -28.1811, 19.25627],
							"lerp_mode": "catmullrom"
						},
						"0.5": {
							"post": [-1, -42, 30],
							"lerp_mode": "catmullrom"
						}
					},
					"position": {
						"0.0": {
							"post": [0, 0, 0],
							"lerp_mode": "catmullrom"
						},
						"0.1667": {
							"post": [0.1875, 0, 0.6875],
							"lerp_mode": "catmullrom"
						},
						"0.3333": {
							"post": [5.1535, -2.8125, 2.6875],
							"lerp_mode": "catmullrom"
						},
						"0.5": {
							"post": [7.5, -4.5, 4.08],
							"lerp_mode": "catmullrom"
						}
					}
				},
				"bb_illuminated": {
					"scale": 0
				}
			}
		},
		"run_hold": {
			"loop": true,
			"bones": {
				"root": {
					"rotation": [-1, -42, 30],
					"position": [7.5, -4.5, 4.08]
				},
				"bb_illuminated": {
					"scale": 0
				}
			}
		}
	}
}