{
  "materials": [
    {
      "item": {
        "tag": "forge:ingots/gold"
      },
      "count": 15
    },
    {
      "item": {
        "tag": "forge:ingots/iron"
      },
      "count": 50
    },
    {
      "item": {
        "tag": "forge:dusts/redstone"
      },
      "count": 30
    },
    {
      "item": {
        "tag": "forge:gems/amethyst"
      },
      "count": 3
    },
    {
      "item": {
        "tag": "forge:rods/blaze"
      },
      "count": 5
    }
  ],
  "result": {
    "type": "gun",
    "id": "iw:ebr800turquoise"
  },
  "type": "tacz:gun_smith_table_crafting"
}