{
  "materials": [
    {
      "item": {
        "tag": "forge:gems/diamond"
      },
      "count": 10
    },
    {
      "item": {
        "tag": "forge:ingots/gold"
      },
      "count": 30
    },
    {
      "item": {
        "tag": "forge:dusts/redstone"
      },
      "count": 30
    },
    {
      "item": {
        "tag": "forge:ingots/netherite"
      },
      "count": 5
    },
    {
      "item": {
        "tag": "forge:rods/blaze"
      },
      "count": 5
    },
    {
      "item": {
        "tag": "forge:nether_stars"
      },
      "count": 1
    }
  ],
  "result": {
    "type": "gun",
    "id": "iw:eraser"
  },
  "type": "tacz:gun_smith_table_crafting"
}