{
  "materials": [
    {
      "item": {
        "tag": "forge:gems/diamond"
      },
      "count": 10
    },
    {
      "item": {
        "tag": "forge:ingots/iron"
      },
      "count": 120
    },
    {
      "item": {
        "tag": "forge:gems/lapis"
      },
      "count": 30
    },
    {
      "item": {
        "tag": "forge:rods/blaze"
      },
      "count": 5
    },
    {
      "item": {
        "tag": "forge:gems/amethyst"
      },
      "count": 3
    }
  ],
  "result": {
    "type": "gun",
    "id": "iw:widowmaker"
  },
  "type": "tacz:gun_smith_table_crafting"
}