{
  "ammo": "cod:cod_rifle",
  "ammo_amount": 128,
  "extended_mag_ammo_amount": [
    256,
    384,
    512
  ],
  "bolt": "open_bolt",
  "rpm": 969,
  "bullet": {
    "life": 1.0,
    "bullet_amount": 1,
    "damage": 11.5,
    "tracer_count_interval": 0,
    "extra_damage": {
      "armor_ignore": 0.3,
      "head_shot_multiplier": 1.65,
      "damage_adjust": [
        {"distance": 30, "damage": 10.5},
        {"distance": 45, "damage": 9.5},
        {"distance": 60, "damage": 8.5},
        {"distance": "infinite", "damage": 6.5}
      ]
    },
    "speed": 360,
    "gravity": 0.15,
    "knockback": 0,
    "friction": 0.015,
    "ignite": false,
    "pierce": 1
  },
  "reload": {
    "type": "magazine",
    "feed": {
      "empty": 3.4,
      "tactical": 3.4
    },
    "cooldown": {
      "empty": 5.6667,
      "tactical": 5.6667
    }
  },
  "draw_time": 1.233,
  "put_away_time": 0.8667,
  "aim_time": 0.3,
  "sprint_time": 0.15,
  "weight": 6,
  "movement_speed": {
    "base": 0.0,
    "aim": 0.0,
    "reload": 0.0
  },
  "crawl_recoil_multiplier": 0.1,
  "fire_mode": [
    "auto"
  ],
  "recoil": {
    "pitch": [
      {"time": 0, "value": [0.4, 0.4]},
      {"time": 0.3, "value": [0.4, 0.4]},
      {"time": 0.5, "value": [-0.15, -0.15]},
      {"time": 0.65, "value": [0, 0]}
    ],
    "yaw": [
      {"time": 0, "value": [-0.3, 0.2]},
      {"time": 0.3, "value": [-0.3, 0.2]},
      {"time": 0.5, "value": [0, 0]}
    ]
  },
  "inaccuracy": {
    "stand": 7,
    "move": 8.5,
    "sneak": 6,
    "lie": 3,
    "aim": 0.175
  },
  "melee": {
    "distance": 1,
    "cooldown": 0.8,
    "default": {
      "animation_type": "melee_stock",
      "distance": 0,
      "range_angle": 30,
      "damage": 4,
      "knockback": 0.75,
      "prep": 0.1
    }
  },
  "allow_attachment_types": [
    "scope",
    "extended_mag"
  ],
  "builtin_attachments": {
    "scope": "iw:sight_elo"
  },
  "exclusive_attachments": {
    "iw:sight_elo": {
      "weight": 0.5,
      "ads_addend": -0.15
    }
  }
}