{
  "ammo": "cod:cod_energy",
  "ammo_amount": 21,
  "extended_mag_ammo_amount": [
    28,
    35,
    42
  ],
  "bolt": "open_bolt",
  "rpm": 200,
  "bullet": {
    "life": 0.8,
    "bullet_amount": 1,
    "damage": 27,
    "tracer_count_interval": 0,
    "extra_damage": {
      "armor_ignore": 0.15,
      "head_shot_multiplier": 4.2,
      "damage_adjust": [
        {"distance": 114514, "damage": 27},
        {"distance": "infinite", "damage": 27}
      ]
    },
    "speed": 480,
    "gravity": 0.15,
    "knockback": 0,
    "friction": 0.025,
    "ignite": false,
    "pierce": 0
  },
  "fire_mode_adjust": {
    "auto": {
      "damage": -17,
      "rpm": 466,
      "speed": -120,
      "knockback": 0,
      "armor_ignore": 0,
      "head_shot_multiplier": -2.1,
      "aim_inaccuracy": 0,
      "other_inaccuracy": 0
    }
  },
  "reload": {
    "type": "fuel",
    "feed": {
      "empty": 1.43,
      "tactical": 1.43
    },
    "cooldown": {
      "empty": 2.07,
      "tactical": 2.07
    }
  },
  "draw_time": 0.35,
  "put_away_time": 0.4167,
  "aim_time": 0.36,
  "sprint_time": 0.15,
  "weight": 4,
  "movement_speed": {
    "base": 0.0,
    "aim": 0.0,
    "reload": 0.0
  },
  "fire_mode": [
    "semi",
    "auto"
  ],
  "recoil": {
    "pitch": [
      {"time": 0, "value": [0.7, 0.7]},
      {"time": 0.25, "value": [0.7, 0.7]},
      {"time": 0.45, "value": [-0.175, -0.175]},
      {"time": 0.6, "value": [0, 0]}
    ],
    "yaw": [
      {"time": 0, "value": [-0.35, 0.25]},
      {"time": 0.45, "value": [0, 0]}
    ]
  },
  "inaccuracy": {
    "stand": 5.5,
    "move": 6.5,
    "sneak": 4.5,
    "lie": 5,
    "aim": 0.05
  },
  "melee": {
    "distance": 1,
    "cooldown": 0.65,
    "default": {
      "animation_type": "melee_stock",
      "distance": 1.25,
      "range_angle": 30,
      "damage": 2,
      "knockback": 0.6,
      "prep": 0.1
    }
  },
  "allow_attachment_types": [
    "scope",
    "extended_mag"
  ],
  "builtin_attachments": {
    "scope": "iw:scope_lpvo_1_6"
  },
  "exclusive_attachments": {
    "iw:scope_lpvo_1_6": {
      "weight": 1.3,
      "ads_addend": 0.03
    }
  }
}