{
  "ammo": "cod:cod_energy",
  "ammo_amount": 30,
  "extended_mag_ammo_amount": [
    45,
    60,
    75
  ],
  "bolt": "open_bolt",
  "rpm": 666,
  "bullet": {
    "life": 0.8,
    "bullet_amount": 1,
    "damage": 10,
    "tracer_count_interval": 0,
    "extra_damage": {
      "armor_ignore": 0,
      "head_shot_multiplier": 2.2,
      "damage_adjust": [
        {"distance": 114514, "damage": 10},
        {"distance": "infinite", "damage": 10}
      ]
    },
    "speed": 300,
    "gravity": 0.15,
    "knockback": 0,
    "friction": 0.025,
    "ignite": false,
    "ignite_entity_time": 2,
    "pierce": 1
  },
  "reload": {
    "type": "fuel",
    "feed": {
      "empty": 1.43,
      "tactical": 1.43
    },
    "cooldown": {
      "empty": 2.07,
      "tactical": 2.07
    }
  },
  "draw_time": 0.35,
  "put_away_time": 0.4167,
  "aim_time": 0.26,
  "sprint_time": 0.15,
  "weight": 4,
  "movement_speed": {
    "base": 0.0,
    "aim": 0.0,
    "reload": 0.0
  },
  "fire_mode": [
    "auto",
    "burst"
  ],
  "burst_data": {
    "continuous_shoot": false,
    "count": 3,
    "bpm": 666,
    "min_interval": 0.5
  },
  "recoil": {
    "pitch": [
      {"time": 0, "value": [0.55, 0.55]},
      {"time": 0.3, "value": [0.55, 0.55]},
      {"time": 0.5, "value": [-0.125, -0.125]},
      {"time": 0.65, "value": [0, 0]}
    ],
    "yaw": [
      {"time": 0, "value": [-0.35, 0.25]},
      {"time": 0.3, "value": [-0.35, 0.25]},
      {"time": 0.5, "value": [0, 0]}
    ]
  },
  "inaccuracy": {
    "stand": 5.5,
    "move": 6.5,
    "sneak": 4.5,
    "lie": 5,
    "aim": 0.05
  },
  "melee": {
    "distance": 1,
    "cooldown": 0.65,
    "default": {
      "animation_type": "melee_stock",
      "distance": 1.25,
      "range_angle": 30,
      "damage": 2,
      "knockback": 0.6,
      "prep": 0.1
    }
  },
  "allow_attachment_types": [
    "scope",
    "grip",
    "extended_mag"
  ]
}