{
  "ammo": "cod:cod_heavies",
  "ammo_amount": 4,
  "extended_mag_ammo_amount": [
    4,
    4,
    4
  ],
  "bolt": "manual_action",
  "bolt_action_time": 1.05,
  "rpm": 324,
  "bullet": {
    "life": 1,
    "bullet_amount": 3,
    "damage": 174,
    "tracer_count_interval": 0,
    "extra_damage": {
      "armor_ignore": 1,
      "head_shot_multiplier": 2,
      "damage_adjust": [
        {"distance": 114514, "damage": 174},
        {"distance": "infinite", "damage": 174}
      ]
    },
    "speed": 360,
    "gravity": 0.15,
    "knockback": 0,
    "friction": 0.025,
    "ignite": false,
    "pierce": 3
  },
  "reload": {
    "type": "magazine",
    "feed": {
      "empty": 2.95,
      "tactical": 1.6333
    },
    "cooldown": {
      "empty": 3.35,
      "tactical": 2.0333
    }
  },
  "draw_time": 2.1,
  "put_away_time": 0.4333,
  "aim_time": 0.3,
  "sprint_time": 0.3,
  "weight": 0,
  "movement_speed": {
    "base": 0.0,
    "aim": 0.0,
    "reload": 0.0
  },
  "fire_mode": [
    "semi"
  ],
  "recoil": {
    "pitch": [
      {"time": 0, "value": [0.35, 0.35]},
      {"time": 0.05, "value": [0.35, 0.35]},
      {"time": 0.25, "value": [-0.35, -0.25]},
      {"time": 0.5, "value": [0, 0]},
      {"time": 0.7, "value": [0.15, 0.25]},
      {"time": 0.9, "value": [0, 0]}
    ],
    "yaw": [
      {"time": 0, "value": [-0.5, 0.35]},
      {"time": 0.05, "value": [-0.5, 0.35]},
      {"time": 0.25, "value": [0, 0]}
    ]
  },
  "inaccuracy": {
    "stand": 7,
    "move": 7,
    "sneak": 7,
    "lie": 7,
    "aim": 0.35
  },
  "melee": {
    "distance": 1,
    "cooldown": 0.65,
    "default": {
      "animation_type": "melee_stock",
      "distance": 1.25,
      "range_angle": 30,
      "damage": 2,
      "knockback": 0.6,
      "prep": 0.1
    }
  },
  "allow_attachment_types": [
  ]
}