{
  "ammo": "cod:cod_heavies",
  "rpm": 240,
  "bullet": {
    "life": 0.7,
    "bullet_amount": 1,
    "damage": 135,
    "tracer_count_interval": 0,
    "extra_damage": {
      "armor_ignore": 1,
      "head_shot_multiplier": 2,
      "damage_adjust": [
        {"distance": 114514, "damage": 135},
        {"distance": "infinite", "damage": 135}
      ]
    },
    "speed": 300,
    "gravity": 0.15,
    "knockback": 0.1,
    "friction": 0.03,
    "ignite": false,
    "pierce": 3,
    "explosion": {
      "explode": false,
      "damage": 30,
      "radius": 0.75,
      "knockback": true,
      "delay": 1
    }
  },
  "ammo_amount": 7,
  "extended_mag_ammo_amount": [
    7,
    7,
    7
  ],
  "bolt": "open_bolt",
  "reload": {
    "type": "fuel",
    "feed": {
      "empty": 1.7,
      "tactical": 1.7
    },
    "cooldown": {
      "empty": 2.3,
      "tactical": 2.3
    }
  },
  "draw_time": 1.125,
  "put_away_time": 1,
  "aim_time": 0.16,
  "sprint_time": 0.1,
  "weight": 1,
  "movement_speed": {
    "base": 0.0,
    "aim": 0.0,
    "reload": 0.0
  },
  "crawl_recoil_multiplier": 0.75,
  "fire_mode": [
    "semi"
  ],
  "allow_attachment_types": [
  ],
  "recoil": {
    "pitch": [
      {"time": 0, "value": [0.1, 0.1]},
      {"time": 0.4, "value": [0.1, 0.1]},
      {"time": 0.65, "value": [-0.1, -0.1]},
      {"time": 0.85, "value": [0.1, 0.1]},
      {"time": 1.1, "value": [0, 0]},
      {"time": 1.2, "value": [0, 0]}
    ],
    "yaw": [
      {"time": 0, "value": [-0.1, 0.1]},
      {"time": 0.5, "value": [0, 0]}
    ]
  },
  "inaccuracy": {
    "stand": 0.25,
    "move":0.25,
    "sneak": 0.25,
    "lie": 0.25,
    "aim": 0.25
  }
}