{
  "ammo": "cod:cod_pistol",
  "rpm": 769,
  "bullet": {
    "life": 0.8,
    "bullet_amount": 1,
    "damage": 10,
    "tracer_count_interval": 0,
    "extra_damage": {
      "armor_ignore": 0.3,
      "head_shot_multiplier": 1.65,
      "damage_adjust": [
        {"distance": 15, "damage": 9},
        {"distance": 30, "damage": 8},
        {"distance": 45, "damage": 7},
        {"distance": "infinite", "damage": 5}
      ]
    },
    "speed": 360,
    "gravity": 0.15,
    "knockback": 0,
    "friction": 0.02,
    "ignite": false,
    "pierce": 1
  },
  "ammo_amount": 42,
  "extended_mag_ammo_amount": [
    50,
    58,
    66
  ],
  "bolt": "open_bolt",
  "reload": {
    "type": "magazine",
    "feed": {
      "empty": 2.03,
      "tactical": 1.67
    },
    "cooldown": {
      "empty": 2.47,
      "tactical": 2.2
    }
  },
  "draw_time": 0.4,
  "put_away_time": 0.2,
  "sprint_time": 0.075,
  "aim_time": 0.1,
  "weight": 2,
  "movement_speed": {
    "base": 0.0,
    "aim": 0.0,
    "reload": 0
  },
  "crawl_recoil_multiplier": 0.75,
  "fire_mode": [
    "auto"
  ],
  "allow_attachment_types": [
    "scope",
    "muzzle",
    "extended_mag"
  ],
  "recoil": {
    "pitch": [
      {"time": 0, "value": [0.15, 0.15]},
      {"time": 0.12, "value": [0.15, 0.15]},
      {"time": 0.3, "value": [-0.2, -0.2]},
      {"time": 0.45, "value": [0, 0]}
    ],
    "yaw": [
      {"time": 0, "value": [-0.65, 0.5]},
      {"time": 0.12, "value": [-0.65, 0.5]},
      {"time": 0.3, "value": [0, 0]}
    ]
  },
  "inaccuracy": {
    "stand": 3.5,
    "move": 4.5,
    "sneak": 2.5,
    "lie": 2,
    "aim": 0.175
  },
  "melee": {
    "distance": 1,
    "cooldown": 0.6,
    "default": {
      "animation_type": "melee_push",
      "distance": 1,
      "range_angle": 40,
      "cooldown": 0.2,
      "damage": 1,
      "knockback": 0.4,
      "prep": 0.1
    }
  }
}