{
  "ammo": "tacz:12g",
  "rpm": 123,
  "bullet": {
    "life": 0.3,
    "bullet_amount": 8,
    "damage": 26.5,
    "tracer_count_interval": 0,
    "extra_damage": {
      "armor_ignore": 0.33,
      "head_shot_multiplier": 1.25,
      "damage_adjust": [
        {"distance": 9, "damage": 26.5},
        {"distance": 18, "damage": 11},
        {"distance": "infinite", "damage": 5.5}
      ]
    },
    "speed": 120,
    "gravity": 0.15,
    "knockback": 0.875,
    "friction": 0.05,
    "ignite": false,
    "pierce": 1
  },
  "ammo_amount": 6,
  "extended_mag_ammo_amount": [
    7,
    8,
    9
  ],
  "bolt": "manual_action",
  "bolt_action_time": 0.75,
  "reload": {
    "type": "magazine",
    "feed": {
      "empty": 1.83,
      "tactical": 1.23
    },
    "cooldown": {
      "empty": 2.3,
      "tactical": 1.6
    }
  },
  "draw_time": 0.27,
  "put_away_time": 0.203,
  "aim_time": 0.2,
  "sprint_time": 0.1,
  "weight": 2.1,
  "movement_speed": {
    "base": 0.0,
    "aim": 0,
    "reload": 0.15
  },
  "crawl_recoil_multiplier": 0.5,
  "fire_mode": [
    "semi"
  ],
  "allow_attachment_types": [
    "scope",
    "muzzle",
    "extended_mag"
  ],
  "recoil": {
    "pitch": [
      {"time": 0, "value": [3.5, 3.5]},
      {"time": 0.3, "value": [3.5, 3.5]},
      {"time": 0.5, "value": [-1.15, -1.15]},
      {"time": 0.65, "value": [0, 0]},
      {"time": 0.7, "value": [0, 0]}
    ],
    "yaw": [
      {"time": 0, "value": [-1.5, -1.5]},
      {"time": 0.3, "value": [-1.5, -1.5]},
      {"time": 0.5, "value": [0.2, 0.2]},
      {"time": 0.7, "value": [0, 0]}
    ]
  },
  "inaccuracy": {
    "stand": 5.625,
    "move": 5.75,
    "sneak": 5.25,
    "lie": 4.75,
    "aim": 4.75
  },
  "melee": {
    "distance": 1,
    "cooldown": 0.6,
    "default": {
      "animation_type": "melee_push",
      "distance": 1,
      "range_angle": 40,
      "damage": 1,
      "knockback": 0.4,
      "prep": 0.1
    }
  },
  "builtin_attachments": {
    "scope": "iw:sight_elo"
  },
  "exclusive_attachments": {
    "iw:sight_elo": {
      "weight": 0.5,
      "ads_addend": -0.15
    }
  }
}