{
  "ammo": "cod:cod_pistol",
  "rpm": 157,
  "bullet": {
    "life": 0.8,
    "bullet_amount": 1,
    "damage": 20,
    "tracer_count_interval": 0,
    "extra_damage": {
      "armor_ignore": 0.15,
      "head_shot_multiplier": 2.1,
      "damage_adjust": [
        {"distance": 30, "damage": 20},
        {"distance": 60, "damage": 17.5},
        {"distance": "infinite", "damage": 15}
      ]
    },
    "speed": 360,
    "gravity": 0.15,
    "knockback": 0,
    "friction": 0.025,
    "ignite": false,
    "pierce": 1
  },
  "ammo_amount": 6,
  "extended_mag_ammo_amount": [
    6,
    6,
    6
  ],
  "bolt": "open_bolt",
  "reload": {
    "type": "magazine",
    "feed": {
      "empty": 2.58,
      "tactical": 2.58
    },
    "cooldown": {
      "empty": 2.825,
      "tactical": 2.825
    }
  },
  "draw_time": 1,
  "put_away_time": 0.3,
  "aim_time": 0.22,
  "sprint_time": 0.075,
  "weight": 2,
  "movement_speed": {
    "base": 0.0,
    "aim": 0.0,
    "reload": 0
  },
  "fire_mode": [
    "semi"
  ],
  "allow_attachment_types": [
    "scope",
    "muzzle"
  ],
  "builtin_attachments": {
    "scope": "iw:scope_lpvo_1_6"
  },
  "exclusive_attachments": {
    "iw:scope_lpvo_1_6": {
      "weight": 1.3,
      "ads_addend": 0.03
    }
  },
  "recoil": {
    "pitch": [
      {"time": 0, "value": [0.55, 0.55]},
      {"time": 0.35, "value": [0.55, 0.55]},
      {"time": 0.6, "value": [-0.175, -0.175]},
      {"time": 0.8, "value": [0.05, 0.05]},
      {"time": 1.0, "value": [0, 0]}
    ],
    "yaw": [
      {"time": 0, "value": [-0.2, 0.2]},
      {"time": 0.45, "value": [0, 0]}
    ]
  },
  "inaccuracy": {
    "stand": 1.5,
    "move": 2,
    "sneak": 1.5,
    "lie": 0.75,
    "aim": 0.25
  }
}