{
  "ammo": "cod:cod_energy",
  "ammo_amount": 35,
  "extended_mag_ammo_amount": [
    45,
    55,
    65
  ],
  "bolt": "open_bolt",
  "rpm": 836,
  "bullet": {
    "life": 0.8,
    "bullet_amount": 1,
    "damage": 7.5,
    "tracer_count_interval": 0,
    "extra_damage": {
      "armor_ignore": 0,
      "head_shot_multiplier": 2.2,
      "damage_adjust": [
        {"distance": 114514, "damage": 7.5},
        {"distance": "infinite", "damage": 7.5}
      ]
    },
    "speed": 300,
    "gravity": 0.15,
    "knockback": 0,
    "friction": 0.02,
    "ignite": false,
    "ignite_entity_time": 2,
    "pierce": 1
  },
  "reload": {
    "type": "fuel",
    "feed": {
      "empty": 1.10,
      "tactical": 1.10
    },
    "cooldown": {
      "empty": 1.8,
      "tactical": 1.8
    }
  },
  "draw_time": 0.75,
  "put_away_time": 0.57,
  "aim_time": 0.25,
  "sprint_time": 0.075,
  "weight": 4,
  "movement_speed": {
    "base": 0.0,
    "aim": 0.0,
    "reload": 0.0
  },
  "fire_mode": [
    "auto",
    "burst"
  ],
  "burst_data": {
    "continuous_shoot": true,
    "count": 1,
    "bpm": 909,
    "min_interval": 0.075
  },
  "recoil": {
    "pitch": [
      {"time": 0, "value": [0.35, 0.35]},
      {"time": 0.25, "value": [0.35, 0.35]},
      {"time": 0.45, "value": [-0.175, -0.175]},
      {"time": 0.6, "value": [0, 0]}
    ],
    "yaw": [
      {"time": 0, "value": [-0.15, 0.15]},
      {"time": 0.45, "value": [0, 0]}
    ]
  },
  "hurt_bob_tweak_multiplier": 0.05,
  "inaccuracy": {
    "stand": 5,
    "move": 5.75,
    "sneak": 3.5,
    "lie": 2.5,
    "aim": 0.15
  },
  "allow_attachment_types": [
    "scope",
    "extended_mag"
  ]
}