{
  "ammo": "cod:cod_energy",
  "ammo_amount": 30,
  "extended_mag_ammo_amount": [
    40,
    60,
    80
  ],
  "bolt": "open_bolt",
  "rpm": 714,
  "bullet": {
    "life": 0.8,
    "bullet_amount": 1,
    "damage": 10,
    "tracer_count_interval": 0,
    "extra_damage": {
      "armor_ignore": 0,
      "head_shot_multiplier": 2.2,
      "damage_adjust": [
        {"distance": 114514, "damage": 10},
        {"distance": "infinite", "damage": 10}
      ]
    },
    "speed": 360,
    "gravity": 0.15,
    "knockback": 0,
    "friction": 0.0125,
    "ignite": false,
    "pierce": 2,
    "explosion": {
      "explode": false,
      "damage": 25,
      "radius": 0.75,
      "knockback": true,
      "delay": 1
    }
  },
  "reload": {
    "type": "magazine",
    "feed": {
      "empty": 1.4,
      "tactical": 1.4
    },
    "cooldown": {
      "empty": 2.2,
      "tactical": 2.2
    }
  },
  "draw_time": 0.7333,
  "put_away_time": 0.4333,
  "aim_time": 0.3,
  "sprint_time": 0.075,
  "weight": 4,
  "movement_speed": {
    "base": 0.0,
    "aim": -0.2,
    "reload": -0.1
  },
  "crawl_recoil_multiplier": 0.5,
  "fire_mode": [
    "auto"
  ],
  "recoil": {
    "pitch": [
      {"time": 0, "value": [0.55, 0.55]},
      {"time": 0.3, "value": [0.55, 0.55]},
      {"time": 0.5, "value": [-0.125, -0.125]},
      {"time": 0.65, "value": [0, 0]}
    ],
    "yaw": [
      {"time": 0, "value": [-0.35, 0.25]},
      {"time": 0.3, "value": [-0.35, 0.25]},
      {"time": 0.5, "value": [0, 0]}
    ]
  },
  "inaccuracy": {
    "stand": 3.5,
    "move": 4,
    "sneak": 3.25,
    "lie": 2,
    "aim": 0.075
  },
  "melee": {
    "distance": 1,
    "cooldown": 0.6,
    "default": {
      "animation_type": "melee_stock",
      "distance": 1,
      "range_angle": 30,
      "damage": 2,
      "knockback": 0.6,
      "prep": 0.1
    }
  },
  "allow_attachment_types": [
    "scope",
    "grip",
    "extended_mag"
  ],
  "exclusive_attachments": {
    "tacz:scope_standard_8x": {
      "weight": 2.0,
      "ads_addend": 0.04,
      "recoil_modifier": {
        "yaw": -0.2
      }
    }
  }
}