{
	"format_version": "1.12.0",
	"minecraft:geometry": [
		{
			"description": {
				"identifier": "geometry.sight_vortex_viper_rd_rex",
				"texture_width": 64,
				"texture_height": 64,
				"visible_bounds_width": 22,
				"visible_bounds_height": 10,
				"visible_bounds_offset": [0, 0, 0]
			},
			"bones": [
				{
					"name": "scope_view",
					"pivot": [0, 1.65, 9]
				},
				{
					"name": "scope_body",
					"pivot": [-0.00118, 1.12429, -0.06201]
				},
				{
					"name": "bone",
					"parent": "scope_body",
					"pivot": [-0.00118, 1.12429, -0.06201],
					"cubes": [
						{
							"origin": [-0.67305, -0.76633, 0.67237],
							"size": [1.34375, 0.125, 0.125],
							"pivot": [-0.00118, -0.76633, -0.20263],
							"rotation": [45, 0, 0],
							"uv": {
								"north": {"uv": [4, 10], "uv_size": [1.5, 0.5]},
								"east": {"uv": [22, 19], "uv_size": [0.5, 0.5]},
								"south": {"uv": [10, 6], "uv_size": [1.5, 0.5]},
								"west": {"uv": [20, 22], "uv_size": [0.5, 0.5]},
								"up": {"uv": [10, 7], "uv_size": [1.5, 0.5]},
								"down": {"uv": [9, 10.5], "uv_size": [1.5, -0.5]}
							}
						},
						{
							"origin": [0.62382, -0.76633, 0.54737],
							"size": [0.10938, 0.25, 0.25],
							"pivot": [0.06132, -0.76633, -0.20263],
							"rotation": [45, 0, 0],
							"uv": {
								"north": {"uv": [22, 20], "uv_size": [0.5, 0.5]},
								"east": {"uv": [21, 22], "uv_size": [0.5, 0.5]},
								"south": {"uv": [22, 21], "uv_size": [0.5, 0.5]},
								"west": {"uv": [22, 22], "uv_size": [0.5, 0.5]},
								"up": {"uv": [0, 23], "uv_size": [0.5, 0.5]},
								"down": {"uv": [23, 0.5], "uv_size": [0.5, -0.5]}
							}
						}
					]
				},
				{
					"name": "body",
					"parent": "scope_body",
					"pivot": [-0.00118, 1.12429, -0.06201],
					"cubes": [
						{
							"origin": [-0.6898, -0.27447, -3.8379],
							"size": [0.12783, 0.425, 2.90393],
							"inflate": 0.001,
							"uv": {
								"north": {"uv": [1, 23], "uv_size": [0.5, 0.5]},
								"east": {"uv": [2, 5], "uv_size": [3, 0.5]},
								"south": {"uv": [23, 1], "uv_size": [0.5, 0.5]},
								"west": {"uv": [5, 5], "uv_size": [3, 0.5]},
								"up": {"uv": [6, 0], "uv_size": [0.5, 3]},
								"down": {"uv": [2, 9], "uv_size": [0.5, -3]}
							}
						},
						{
							"origin": [-0.6135, -0.33597, -0.9629],
							"size": [0.05, 0.05, 1.50193],
							"pivot": [-0.551, -0.27347, -0.67027],
							"rotation": [0, 0, 45],
							"uv": {
								"north": {"uv": [2, 23], "uv_size": [0.5, 0.5]},
								"east": {"uv": [0, 11], "uv_size": [1.5, 0.5]},
								"south": {"uv": [23, 2], "uv_size": [0.5, 0.5]},
								"west": {"uv": [11, 0], "uv_size": [1.5, 0.5]},
								"up": {"uv": [11, 1], "uv_size": [0.5, 1.5]},
								"down": {"uv": [3, 12.5], "uv_size": [0.5, -1.5]}
							}
						},
						{
							"origin": [-0.61491, 0.08903, -0.9599],
							"size": [0.05, 0.05, 1.50193],
							"pivot": [-0.55241, 0.15153, -0.66727],
							"rotation": [0, 0, 45],
							"uv": {
								"north": {"uv": [3, 23], "uv_size": [0.5, 0.5]},
								"east": {"uv": [11, 3], "uv_size": [1.5, 0.5]},
								"south": {"uv": [23, 3], "uv_size": [0.5, 0.5]},
								"west": {"uv": [4, 11], "uv_size": [1.5, 0.5]},
								"up": {"uv": [7, 11], "uv_size": [0.5, 1.5]},
								"down": {"uv": [8, 12.5], "uv_size": [0.5, -1.5]}
							}
						},
						{
							"origin": [-0.60603, -0.31083, -0.9649],
							"size": [0.20603, 0.065, 1.50593],
							"inflate": -0.002,
							"uv": {
								"north": {"uv": [5, 23], "uv_size": [0.5, 0.5]},
								"east": {"uv": [1, 12], "uv_size": [1.5, 0.5]},
								"south": {"uv": [23, 5], "uv_size": [0.5, 0.5]},
								"west": {"uv": [12, 1], "uv_size": [1.5, 0.5]},
								"up": {"uv": [4, 12], "uv_size": [0.5, 1.5]},
								"down": {"uv": [5, 13.5], "uv_size": [0.5, -1.5]}
							}
						},
						{
							"origin": [-0.60745, 0.12389, -0.9619],
							"size": [0.5977, 0.065, 1.50593],
							"inflate": -0.002,
							"uv": {
								"north": {"uv": [6, 23], "uv_size": [0.5, 0.5]},
								"east": {"uv": [12, 2], "uv_size": [1.5, 0.5]},
								"south": {"uv": [23, 6], "uv_size": [0.5, 0.5]},
								"west": {"uv": [12, 4], "uv_size": [1.5, 0.5]},
								"up": {"uv": [6, 12], "uv_size": [0.5, 1.5]},
								"down": {"uv": [12, 7.5], "uv_size": [0.5, -1.5]}
							}
						},
						{
							"origin": [-0.6, -0.22917, -0.9639],
							"size": [0.1752, 0.09629, 1.50493],
							"inflate": -0.001,
							"pivot": [-0.5375, -0.21667, -0.66827],
							"rotation": [0, 0, 49.5],
							"uv": {
								"north": {"uv": [7, 23], "uv_size": [0.5, 0.5]},
								"east": {"uv": [12, 8], "uv_size": [1.5, 0.5]},
								"south": {"uv": [23, 7], "uv_size": [0.5, 0.5]},
								"west": {"uv": [9, 12], "uv_size": [1.5, 0.5]},
								"up": {"uv": [12, 9], "uv_size": [0.5, 1.5]},
								"down": {"uv": [11, 13.5], "uv_size": [0.5, -1.5]}
							}
						},
						{
							"origin": [-0.6398, -0.27447, -0.9629],
							"size": [0.12783, 0.425, 1.50393],
							"inflate": 0.001,
							"uv": {
								"north": {"uv": [8, 23], "uv_size": [0.5, 0.5]},
								"east": {"uv": [12, 11], "uv_size": [1.5, 0.5]},
								"south": {"uv": [23, 8], "uv_size": [0.5, 0.5]},
								"west": {"uv": [12, 12], "uv_size": [1.5, 0.5]},
								"up": {"uv": [1, 13], "uv_size": [0.5, 1.5]},
								"down": {"uv": [2, 14.5], "uv_size": [0.5, -1.5]}
							}
						},
						{
							"origin": [-0.91394, -0.34947, -1.1379],
							"size": [0.27696, 0.50731, 1.42893],
							"inflate": 0.001,
							"uv": {
								"north": {"uv": [9, 23], "uv_size": [0.5, 0.5]},
								"east": {"uv": [13, 0], "uv_size": [1.5, 0.5]},
								"south": {"uv": [23, 9], "uv_size": [0.5, 0.5]},
								"west": {"uv": [13, 3], "uv_size": [1.5, 0.5]},
								"up": {"uv": [3, 13], "uv_size": [0.5, 1.5]},
								"down": {"uv": [13, 6.5], "uv_size": [0.5, -1.5]}
							}
						},
						{
							"origin": [-0.96394, -0.34947, -0.2629],
							"size": [0.05196, 0.50731, 0.27893],
							"inflate": 0.001,
							"uv": {
								"north": {"uv": [10, 23], "uv_size": [0.5, 0.5]},
								"east": {"uv": [23, 10], "uv_size": [0.5, 0.5]},
								"south": {"uv": [11, 23], "uv_size": [0.5, 0.5]},
								"west": {"uv": [23, 11], "uv_size": [0.5, 0.5]},
								"up": {"uv": [12, 23], "uv_size": [0.5, 0.5]},
								"down": {"uv": [23, 12.5], "uv_size": [0.5, -0.5]}
							}
						},
						{
							"origin": [-0.93019, -0.34947, 0.00706],
							"size": [0.05196, 0.50731, 0.27893],
							"inflate": 0.001,
							"pivot": [-0.90421, -0.09582, 0.14653],
							"rotation": [0, 14.25, 0],
							"uv": {
								"north": {"uv": [13, 23], "uv_size": [0.5, 0.5]},
								"east": {"uv": [23, 13], "uv_size": [0.5, 0.5]},
								"south": {"uv": [14, 23], "uv_size": [0.5, 0.5]},
								"west": {"uv": [23, 14], "uv_size": [0.5, 0.5]},
								"up": {"uv": [15, 23], "uv_size": [0.5, 0.5]},
								"down": {"uv": [23, 15.5], "uv_size": [0.5, -0.5]}
							}
						},
						{
							"origin": [-1.07033, -0.34947, -0.26095],
							"size": [0.2, 0.225, 0.33726],
							"inflate": 0.001,
							"uv": {
								"north": {"uv": [16, 23], "uv_size": [0.5, 0.5]},
								"east": {"uv": [23, 16], "uv_size": [0.5, 0.5]},
								"south": {"uv": [17, 23], "uv_size": [0.5, 0.5]},
								"west": {"uv": [23, 17], "uv_size": [0.5, 0.5]},
								"up": {"uv": [18, 23], "uv_size": [0.5, 0.5]},
								"down": {"uv": [23, 18.5], "uv_size": [0.5, -0.5]}
							}
						},
						{
							"origin": [-0.9898, -0.34947, 0.0871],
							"size": [0.125, 0.225, 0.17893],
							"inflate": 0.001,
							"uv": {
								"north": {"uv": [19, 23], "uv_size": [0.5, 0.5]},
								"east": {"uv": [23, 19], "uv_size": [0.5, 0.5]},
								"south": {"uv": [20, 23], "uv_size": [0.5, 0.5]},
								"west": {"uv": [23, 20], "uv_size": [0.5, 0.5]},
								"up": {"uv": [21, 23], "uv_size": [0.5, 0.5]},
								"down": {"uv": [23, 21.5], "uv_size": [0.5, -0.5]}
							}
						},
						{
							"origin": [-1.02252, -0.34947, 0.0324],
							"size": [0.15042, 0.225, 0.2041],
							"inflate": 0.001,
							"pivot": [-0.9346, -0.23697, 0.17186],
							"rotation": [0, 23, 0],
							"uv": {
								"north": {"uv": [22, 23], "uv_size": [0.5, 0.5]},
								"east": {"uv": [23, 22], "uv_size": [0.5, 0.5]},
								"south": {"uv": [23, 23], "uv_size": [0.5, 0.5]},
								"west": {"uv": [0, 24], "uv_size": [0.5, 0.5]},
								"up": {"uv": [24, 0], "uv_size": [0.5, 0.5]},
								"down": {"uv": [1, 24.5], "uv_size": [0.5, -0.5]}
							}
						},
						{
							"origin": [-1.0648, -0.34947, -1.1379],
							"size": [0.15, 0.275, 0.87893],
							"inflate": 0.001,
							"uv": {
								"north": {"uv": [24, 1], "uv_size": [0.5, 0.5]},
								"east": {"uv": [2, 16], "uv_size": [1, 0.5]},
								"south": {"uv": [2, 24], "uv_size": [0.5, 0.5]},
								"west": {"uv": [6, 16], "uv_size": [1, 0.5]},
								"up": {"uv": [13, 16], "uv_size": [0.5, 1]},
								"down": {"uv": [14, 19], "uv_size": [0.5, -1]}
							}
						},
						{
							"origin": [-1.0898, -0.32447, -1.0879],
							"size": [0.125, 0.225, 0.80393],
							"inflate": 0.001,
							"uv": {
								"north": {"uv": [24, 2], "uv_size": [0.5, 0.5]},
								"east": {"uv": [18, 14], "uv_size": [1, 0.5]},
								"south": {"uv": [3, 24], "uv_size": [0.5, 0.5]},
								"west": {"uv": [15, 18], "uv_size": [1, 0.5]},
								"up": {"uv": [18, 15], "uv_size": [0.5, 1]},
								"down": {"uv": [16, 19], "uv_size": [0.5, -1]}
							}
						},
						{
							"origin": [-1.1148, -0.27447, -1.0379],
							"size": [0.15, 0.125, 0.70393],
							"inflate": 0.001,
							"uv": {
								"north": {"uv": [24, 3], "uv_size": [0.5, 0.5]},
								"east": {"uv": [4, 24], "uv_size": [0.5, 0.5]},
								"south": {"uv": [24, 4], "uv_size": [0.5, 0.5]},
								"west": {"uv": [5, 24], "uv_size": [0.5, 0.5]},
								"up": {"uv": [24, 5], "uv_size": [0.5, 0.5]},
								"down": {"uv": [6, 24.5], "uv_size": [0.5, -0.5]}
							}
						},
						{
							"origin": [-1.00163, -0.13621, -1.1379],
							"size": [0.15, 0.275, 0.87893],
							"inflate": 0.001,
							"pivot": [-0.92663, 0.00129, -0.69844],
							"rotation": [0, 0, 33],
							"uv": {
								"north": {"uv": [24, 6], "uv_size": [0.5, 0.5]},
								"east": {"uv": [17, 18], "uv_size": [1, 0.5]},
								"south": {"uv": [7, 24], "uv_size": [0.5, 0.5]},
								"west": {"uv": [18, 17], "uv_size": [1, 0.5]},
								"up": {"uv": [18, 18], "uv_size": [0.5, 1]},
								"down": {"uv": [19, 1], "uv_size": [0.5, -1]}
							}
						},
						{
							"origin": [0.00975, 0.12389, -0.9619],
							"size": [0.5977, 0.065, 1.50593],
							"inflate": -0.002,
							"uv": {
								"north": {"uv": [24, 7], "uv_size": [0.5, 0.5]},
								"east": {"uv": [7, 13], "uv_size": [1.5, 0.5]},
								"south": {"uv": [8, 24], "uv_size": [0.5, 0.5]},
								"west": {"uv": [13, 7], "uv_size": [1.5, 0.5]},
								"up": {"uv": [9, 13], "uv_size": [0.5, 1.5]},
								"down": {"uv": [13, 10.5], "uv_size": [0.5, -1.5]}
							}
						},
						{
							"origin": [0.00975, -0.13653, -0.9619],
							"size": [0.5977, 0.27541, 1.50593],
							"inflate": -0.002,
							"uv": {
								"north": {"uv": [24, 8], "uv_size": [0.5, 0.5]},
								"east": {"uv": [12, 13], "uv_size": [1.5, 0.5]},
								"south": {"uv": [9, 24], "uv_size": [0.5, 0.5]},
								"west": {"uv": [14, 1], "uv_size": [1.5, 0.5]},
								"up": {"uv": [10, 13], "uv_size": [0.5, 1.5]},
								"down": {"uv": [0, 15.5], "uv_size": [0.5, -1.5]}
							}
						},
						{
							"origin": [-0.60745, -0.13653, -0.9619],
							"size": [0.5977, 0.27541, 1.50593],
							"inflate": -0.002,
							"uv": {
								"north": {"uv": [24, 9], "uv_size": [0.5, 0.5]},
								"east": {"uv": [14, 2], "uv_size": [1.5, 0.5]},
								"south": {"uv": [10, 24], "uv_size": [0.5, 0.5]},
								"west": {"uv": [4, 14], "uv_size": [1.5, 0.5]},
								"up": {"uv": [14, 4], "uv_size": [0.5, 1.5]},
								"down": {"uv": [6, 15.5], "uv_size": [0.5, -1.5]}
							}
						},
						{
							"origin": [0.56491, 0.08903, 0.10677],
							"size": [0.05, 0.05, 0.43526],
							"pivot": [0.55241, 0.15153, -0.66727],
							"rotation": [0, 0, -45],
							"uv": {
								"north": {"uv": [24, 10], "uv_size": [0.5, 0.5]},
								"east": {"uv": [11, 24], "uv_size": [0.5, 0.5]},
								"south": {"uv": [24, 11], "uv_size": [0.5, 0.5]},
								"west": {"uv": [12, 24], "uv_size": [0.5, 0.5]},
								"up": {"uv": [24, 12], "uv_size": [0.5, 0.5]},
								"down": {"uv": [13, 24.5], "uv_size": [0.5, -0.5]}
							}
						},
						{
							"origin": [0.5635, -0.33597, 0.10377],
							"size": [0.05, 0.05, 0.43526],
							"pivot": [0.551, -0.27347, -0.67027],
							"rotation": [0, 0, -45],
							"uv": {
								"north": {"uv": [24, 13], "uv_size": [0.5, 0.5]},
								"east": {"uv": [14, 24], "uv_size": [0.5, 0.5]},
								"south": {"uv": [24, 14], "uv_size": [0.5, 0.5]},
								"west": {"uv": [15, 24], "uv_size": [0.5, 0.5]},
								"up": {"uv": [24, 15], "uv_size": [0.5, 0.5]},
								"down": {"uv": [16, 24.5], "uv_size": [0.5, -0.5]}
							}
						},
						{
							"origin": [0.4, -0.31083, 0.10177],
							"size": [0.20603, 0.065, 0.43926],
							"inflate": -0.002,
							"uv": {
								"north": {"uv": [24, 19], "uv_size": [0.5, 0.5]},
								"east": {"uv": [20, 24], "uv_size": [0.5, 0.5]},
								"south": {"uv": [24, 20], "uv_size": [0.5, 0.5]},
								"west": {"uv": [21, 24], "uv_size": [0.5, 0.5]},
								"up": {"uv": [24, 21], "uv_size": [0.5, 0.5]},
								"down": {"uv": [22, 24.5], "uv_size": [0.5, -0.5]}
							}
						},
						{
							"origin": [0.4248, -0.22917, 0.10277],
							"size": [0.1752, 0.09629, 0.43826],
							"inflate": -0.001,
							"pivot": [0.5375, -0.21667, -0.66827],
							"rotation": [0, 0, -49.5],
							"uv": {
								"north": {"uv": [24, 22], "uv_size": [0.5, 0.5]},
								"east": {"uv": [23, 24], "uv_size": [0.5, 0.5]},
								"south": {"uv": [24, 23], "uv_size": [0.5, 0.5]},
								"west": {"uv": [24, 24], "uv_size": [0.5, 0.5]},
								"up": {"uv": [0, 25], "uv_size": [0.5, 0.5]},
								"down": {"uv": [25, 0.5], "uv_size": [0.5, -0.5]}
							}
						},
						{
							"origin": [0.51197, -0.27447, 0.10377],
							"size": [0.12783, 0.425, 0.43726],
							"inflate": 0.001,
							"uv": {
								"north": {"uv": [1, 25], "uv_size": [0.5, 0.5]},
								"east": {"uv": [25, 1], "uv_size": [0.5, 0.5]},
								"south": {"uv": [2, 25], "uv_size": [0.5, 0.5]},
								"west": {"uv": [25, 2], "uv_size": [0.5, 0.5]},
								"up": {"uv": [3, 25], "uv_size": [0.5, 0.5]},
								"down": {"uv": [25, 3.5], "uv_size": [0.5, -0.5]}
							}
						},
						{
							"origin": [0.56197, -0.27447, -3.8379],
							"size": [0.12783, 0.425, 1.42893],
							"inflate": 0.001,
							"uv": {
								"north": {"uv": [4, 25], "uv_size": [0.5, 0.5]},
								"east": {"uv": [14, 6], "uv_size": [1.5, 0.5]},
								"south": {"uv": [25, 4], "uv_size": [0.5, 0.5]},
								"west": {"uv": [7, 14], "uv_size": [1.5, 0.5]},
								"up": {"uv": [14, 8], "uv_size": [0.5, 1.5]},
								"down": {"uv": [14, 11.5], "uv_size": [0.5, -1.5]}
							}
						},
						{
							"origin": [0.67864, -0.32447, -3.6129],
							"size": [0.15283, 0.4, 1.10393],
							"inflate": 0.001,
							"uv": {
								"north": {"uv": [5, 25], "uv_size": [0.5, 0.5]},
								"east": {"uv": [19, 2], "uv_size": [1, 0.5]},
								"south": {"uv": [25, 5], "uv_size": [0.5, 0.5]},
								"west": {"uv": [3, 19], "uv_size": [1, 0.5]},
								"up": {"uv": [19, 3], "uv_size": [0.5, 1]},
								"down": {"uv": [4, 20], "uv_size": [0.5, -1]}
							}
						},
						{
							"origin": [0.82864, -0.32447, -2.9879],
							"size": [0.12783, 0.4, 0.47893],
							"inflate": 0.001,
							"uv": {
								"north": {"uv": [6, 25], "uv_size": [0.5, 0.5]},
								"east": {"uv": [25, 6], "uv_size": [0.5, 0.5]},
								"south": {"uv": [7, 25], "uv_size": [0.5, 0.5]},
								"west": {"uv": [25, 7], "uv_size": [0.5, 0.5]},
								"up": {"uv": [8, 25], "uv_size": [0.5, 0.5]},
								"down": {"uv": [25, 8.5], "uv_size": [0.5, -0.5]}
							}
						},
						{
							"origin": [0.77198, -0.32447, -3.07822],
							"size": [0.17783, 0.4, 0.12893],
							"inflate": 0.001,
							"pivot": [0.84839, -0.12447, -3.02626],
							"rotation": [0, -46.25, 0],
							"uv": {
								"north": {"uv": [9, 25], "uv_size": [0.5, 0.5]},
								"east": {"uv": [25, 9], "uv_size": [0.5, 0.5]},
								"south": {"uv": [10, 25], "uv_size": [0.5, 0.5]},
								"west": {"uv": [25, 10], "uv_size": [0.5, 0.5]},
								"up": {"uv": [11, 25], "uv_size": [0.5, 0.5]},
								"down": {"uv": [25, 11.5], "uv_size": [0.5, -0.5]}
							}
						},
						{
							"origin": [0.67131, -0.32447, -3.70606],
							"size": [0.15283, 0.4, 0.10393],
							"inflate": 0.001,
							"pivot": [0.74772, -0.08697, -3.6541],
							"rotation": [0, 9, 0],
							"uv": {
								"north": {"uv": [12, 25], "uv_size": [0.5, 0.5]},
								"east": {"uv": [25, 12], "uv_size": [0.5, 0.5]},
								"south": {"uv": [13, 25], "uv_size": [0.5, 0.5]},
								"west": {"uv": [25, 13], "uv_size": [0.5, 0.5]},
								"up": {"uv": [14, 25], "uv_size": [0.5, 0.5]},
								"down": {"uv": [25, 14.5], "uv_size": [0.5, -0.5]}
							}
						},
						{
							"origin": [0.6135, -0.33597, -1.4879],
							"size": [0.05, 0.05, 0.55193],
							"pivot": [0.601, -0.27347, -1.97027],
							"rotation": [0, 0, -45],
							"uv": {
								"north": {"uv": [15, 25], "uv_size": [0.5, 0.5]},
								"east": {"uv": [25, 15], "uv_size": [0.5, 0.5]},
								"south": {"uv": [16, 25], "uv_size": [0.5, 0.5]},
								"west": {"uv": [25, 16], "uv_size": [0.5, 0.5]},
								"up": {"uv": [17, 25], "uv_size": [0.5, 0.5]},
								"down": {"uv": [25, 17.5], "uv_size": [0.5, -0.5]}
							}
						},
						{
							"origin": [0.45, -0.31083, -1.4899],
							"size": [0.20603, 0.065, 0.55593],
							"inflate": -0.002,
							"uv": {
								"north": {"uv": [18, 25], "uv_size": [0.5, 0.5]},
								"east": {"uv": [25, 18], "uv_size": [0.5, 0.5]},
								"south": {"uv": [19, 25], "uv_size": [0.5, 0.5]},
								"west": {"uv": [25, 19], "uv_size": [0.5, 0.5]},
								"up": {"uv": [20, 25], "uv_size": [0.5, 0.5]},
								"down": {"uv": [25, 20.5], "uv_size": [0.5, -0.5]}
							}
						},
						{
							"origin": [0.4748, -0.22917, -1.4889],
							"size": [0.1752, 0.09629, 0.55493],
							"inflate": -0.001,
							"pivot": [0.5875, -0.21667, -1.96827],
							"rotation": [0, 0, -49.5],
							"uv": {
								"north": {"uv": [21, 25], "uv_size": [0.5, 0.5]},
								"east": {"uv": [25, 21], "uv_size": [0.5, 0.5]},
								"south": {"uv": [22, 25], "uv_size": [0.5, 0.5]},
								"west": {"uv": [25, 22], "uv_size": [0.5, 0.5]},
								"up": {"uv": [23, 25], "uv_size": [0.5, 0.5]},
								"down": {"uv": [25, 23.5], "uv_size": [0.5, -0.5]}
							}
						},
						{
							"origin": [0.4748, -0.22917, -1.4889],
							"size": [0.1752, 0.09629, 0.55493],
							"inflate": -0.001,
							"pivot": [0.5875, -0.21667, -1.96827],
							"rotation": [0, 0, -49.5],
							"uv": {
								"north": {"uv": [24, 25], "uv_size": [0.5, 0.5]},
								"east": {"uv": [25, 24], "uv_size": [0.5, 0.5]},
								"south": {"uv": [25, 25], "uv_size": [0.5, 0.5]},
								"west": {"uv": [0, 26], "uv_size": [0.5, 0.5]},
								"up": {"uv": [26, 0], "uv_size": [0.5, 0.5]},
								"down": {"uv": [1, 26.5], "uv_size": [0.5, -0.5]}
							}
						},
						{
							"origin": [0.4248, -0.05879, -1.4889],
							"size": [0.2252, 0.09629, 0.55493],
							"inflate": -0.001,
							"pivot": [0.5875, 0.025, -1.96827],
							"rotation": [0, 0, 39],
							"uv": {
								"north": {"uv": [26, 1], "uv_size": [0.5, 0.5]},
								"east": {"uv": [2, 26], "uv_size": [0.5, 0.5]},
								"south": {"uv": [26, 2], "uv_size": [0.5, 0.5]},
								"west": {"uv": [3, 26], "uv_size": [0.5, 0.5]},
								"up": {"uv": [26, 3], "uv_size": [0.5, 0.5]},
								"down": {"uv": [4, 26.5], "uv_size": [0.5, -0.5]}
							}
						},
						{
							"origin": [0.56056, -0.27247, -1.4869],
							"size": [0.12783, 0.425, 0.55393],
							"inflate": 0.001,
							"uv": {
								"north": {"uv": [26, 4], "uv_size": [0.5, 0.5]},
								"east": {"uv": [5, 26], "uv_size": [0.5, 0.5]},
								"south": {"uv": [26, 5], "uv_size": [0.5, 0.5]},
								"west": {"uv": [6, 26], "uv_size": [0.5, 0.5]},
								"up": {"uv": [26, 6], "uv_size": [0.5, 0.5]},
								"down": {"uv": [7, 26.5], "uv_size": [0.5, -0.5]}
							}
						},
						{
							"origin": [0.56197, -0.09947, -2.4129],
							"size": [0.12783, 0.425, 0.92893],
							"inflate": 0.001,
							"uv": {
								"north": {"uv": [26, 7], "uv_size": [0.5, 0.5]},
								"east": {"uv": [5, 19], "uv_size": [1, 0.5]},
								"south": {"uv": [8, 26], "uv_size": [0.5, 0.5]},
								"west": {"uv": [19, 5], "uv_size": [1, 0.5]},
								"up": {"uv": [6, 19], "uv_size": [0.5, 1]},
								"down": {"uv": [7, 20], "uv_size": [0.5, -1]}
							}
						},
						{
							"origin": [-0.65, -0.22917, -3.8389],
							"size": [0.1752, 0.09629, 2.90493],
							"inflate": -0.001,
							"pivot": [-0.5875, -0.21667, -3.54327],
							"rotation": [0, 0, 49.5],
							"uv": {
								"north": {"uv": [26, 8], "uv_size": [0.5, 0.5]},
								"east": {"uv": [3, 6], "uv_size": [3, 0.5]},
								"south": {"uv": [9, 26], "uv_size": [0.5, 0.5]},
								"west": {"uv": [6, 4], "uv_size": [3, 0.5]},
								"up": {"uv": [6, 6], "uv_size": [0.5, 3]},
								"down": {"uv": [0, 10], "uv_size": [0.5, -3]}
							}
						},
						{
							"origin": [0.4748, -0.22917, -3.8389],
							"size": [0.1752, 0.09629, 1.42993],
							"inflate": -0.001,
							"pivot": [0.5875, -0.21667, -3.54327],
							"rotation": [0, 0, -49.5],
							"uv": {
								"north": {"uv": [26, 9], "uv_size": [0.5, 0.5]},
								"east": {"uv": [11, 14], "uv_size": [1.5, 0.5]},
								"south": {"uv": [10, 26], "uv_size": [0.5, 0.5]},
								"west": {"uv": [14, 12], "uv_size": [1.5, 0.5]},
								"up": {"uv": [13, 14], "uv_size": [0.5, 1.5]},
								"down": {"uv": [14, 14.5], "uv_size": [0.5, -1.5]}
							}
						},
						{
							"origin": [0.4748, -0.22917, -3.8389],
							"size": [0.1752, 0.09629, 1.42993],
							"inflate": -0.001,
							"pivot": [0.5875, -0.21667, -3.54327],
							"rotation": [0, 0, -49.5],
							"uv": {
								"north": {"uv": [26, 10], "uv_size": [0.5, 0.5]},
								"east": {"uv": [15, 0], "uv_size": [1.5, 0.5]},
								"south": {"uv": [11, 26], "uv_size": [0.5, 0.5]},
								"west": {"uv": [1, 15], "uv_size": [1.5, 0.5]},
								"up": {"uv": [3, 15], "uv_size": [0.5, 1.5]},
								"down": {"uv": [15, 4.5], "uv_size": [0.5, -1.5]}
							}
						},
						{
							"origin": [-0.65, -0.05879, -3.8389],
							"size": [0.2252, 0.09629, 2.90493],
							"inflate": -0.001,
							"pivot": [-0.5875, 0.025, -3.54327],
							"rotation": [0, 0, -39],
							"uv": {
								"north": {"uv": [26, 11], "uv_size": [0.5, 0.5]},
								"east": {"uv": [7, 0], "uv_size": [3, 0.5]},
								"south": {"uv": [12, 26], "uv_size": [0.5, 0.5]},
								"west": {"uv": [7, 1], "uv_size": [3, 0.5]},
								"up": {"uv": [1, 7], "uv_size": [0.5, 3]},
								"down": {"uv": [3, 10], "uv_size": [0.5, -3]}
							}
						},
						{
							"origin": [0.4248, -0.05879, -3.8389],
							"size": [0.2252, 0.09629, 1.32993],
							"inflate": -0.001,
							"pivot": [0.5875, 0.025, -3.54327],
							"rotation": [0, 0, 39],
							"uv": {
								"north": {"uv": [26, 12], "uv_size": [0.5, 0.5]},
								"east": {"uv": [4, 15], "uv_size": [1.5, 0.5]},
								"south": {"uv": [13, 26], "uv_size": [0.5, 0.5]},
								"west": {"uv": [15, 5], "uv_size": [1.5, 0.5]},
								"up": {"uv": [7, 15], "uv_size": [0.5, 1.5]},
								"down": {"uv": [15, 8.5], "uv_size": [0.5, -1.5]}
							}
						},
						{
							"origin": [-0.6635, 0.08903, -3.8379],
							"size": [0.05, 0.05, 2.90193],
							"inflate": 0.001,
							"pivot": [-0.601, 0.15153, -3.54527],
							"rotation": [0, 0, 45],
							"uv": {
								"north": {"uv": [26, 13], "uv_size": [0.5, 0.5]},
								"east": {"uv": [7, 2], "uv_size": [3, 0.5]},
								"south": {"uv": [14, 26], "uv_size": [0.5, 0.5]},
								"west": {"uv": [7, 6], "uv_size": [3, 0.5]},
								"up": {"uv": [4, 7], "uv_size": [0.5, 3]},
								"down": {"uv": [5, 10], "uv_size": [0.5, -3]}
							}
						},
						{
							"origin": [0.6135, 0.08903, -3.8379],
							"size": [0.05, 0.05, 1.32693],
							"inflate": 0.001,
							"pivot": [0.601, 0.15153, -3.54527],
							"rotation": [0, 0, -45],
							"uv": {
								"north": {"uv": [26, 14], "uv_size": [0.5, 0.5]},
								"east": {"uv": [8, 15], "uv_size": [1.5, 0.5]},
								"south": {"uv": [15, 26], "uv_size": [0.5, 0.5]},
								"west": {"uv": [15, 9], "uv_size": [1.5, 0.5]},
								"up": {"uv": [10, 15], "uv_size": [0.5, 1.5]},
								"down": {"uv": [15, 11.5], "uv_size": [0.5, -1.5]}
							}
						},
						{
							"origin": [-0.6635, -0.33597, -3.8379],
							"size": [0.05, 0.05, 2.90193],
							"pivot": [-0.601, -0.27347, -3.54527],
							"rotation": [0, 0, 45],
							"uv": {
								"north": {"uv": [26, 15], "uv_size": [0.5, 0.5]},
								"east": {"uv": [7, 7], "uv_size": [3, 0.5]},
								"south": {"uv": [16, 26], "uv_size": [0.5, 0.5]},
								"west": {"uv": [8, 3], "uv_size": [3, 0.5]},
								"up": {"uv": [7, 8], "uv_size": [0.5, 3]},
								"down": {"uv": [8, 11], "uv_size": [0.5, -3]}
							}
						},
						{
							"origin": [0.6135, -0.33597, -3.8379],
							"size": [0.05, 0.05, 1.42693],
							"pivot": [0.601, -0.27347, -3.54527],
							"rotation": [0, 0, -45],
							"uv": {
								"north": {"uv": [26, 16], "uv_size": [0.5, 0.5]},
								"east": {"uv": [11, 15], "uv_size": [1.5, 0.5]},
								"south": {"uv": [17, 26], "uv_size": [0.5, 0.5]},
								"west": {"uv": [15, 13], "uv_size": [1.5, 0.5]},
								"up": {"uv": [14, 15], "uv_size": [0.5, 1.5]},
								"down": {"uv": [15, 15.5], "uv_size": [0.5, -1.5]}
							}
						},
						{
							"origin": [-0.65433, -0.146, -3.8409],
							"size": [1.31037, 0.3363, 2.90293],
							"inflate": -0.002,
							"uv": {
								"north": {"uv": [0, 16], "uv_size": [1.5, 0.5]},
								"east": {"uv": [8, 5], "uv_size": [3, 0.5]},
								"south": {"uv": [16, 1], "uv_size": [1.5, 0.5]},
								"west": {"uv": [9, 4], "uv_size": [3, 0.5]},
								"up": {"uv": [0, 4], "uv_size": [1.5, 3]},
								"down": {"uv": [4, 3], "uv_size": [1.5, -3]}
							}
						},
						{
							"origin": [-0.73117, 0.23959, -3.40081],
							"size": [0.3041, 0.40412, 0.12512],
							"pivot": [-0.32417, 0.40752, -3.46711],
							"rotation": [42, 0, 0],
							"uv": {
								"north": {"uv": [26, 17], "uv_size": [0.5, 0.5]},
								"east": {"uv": [18, 26], "uv_size": [0.5, 0.5]},
								"south": {"uv": [26, 18], "uv_size": [0.5, 0.5]},
								"west": {"uv": [19, 26], "uv_size": [0.5, 0.5]},
								"up": {"uv": [26, 19], "uv_size": [0.5, 0.5]},
								"down": {"uv": [20, 26.5], "uv_size": [0.5, -0.5]}
							}
						},
						{
							"origin": [0.42509, 0.23959, -3.40081],
							"size": [0.3041, 0.40412, 0.12512],
							"pivot": [0.32326, 0.40752, -3.46711],
							"rotation": [42, 0, 0],
							"uv": {
								"north": {"uv": [26, 20], "uv_size": [0.5, 0.5]},
								"east": {"uv": [21, 26], "uv_size": [0.5, 0.5]},
								"south": {"uv": [26, 21], "uv_size": [0.5, 0.5]},
								"west": {"uv": [22, 26], "uv_size": [0.5, 0.5]},
								"up": {"uv": [26, 22], "uv_size": [0.5, 0.5]},
								"down": {"uv": [23, 26.5], "uv_size": [0.5, -0.5]}
							}
						},
						{
							"origin": [-0.73117, 0.30167, -3.48172],
							"size": [0.30409, 0.43475, 0.25316],
							"inflate": -0.001,
							"pivot": [-0.00099, 0.7167, -3.33002],
							"rotation": [9.5, 0, 0],
							"uv": {
								"north": {"uv": [26, 23], "uv_size": [0.5, 0.5]},
								"east": {"uv": [24, 26], "uv_size": [0.5, 0.5]},
								"south": {"uv": [26, 24], "uv_size": [0.5, 0.5]},
								"west": {"uv": [25, 26], "uv_size": [0.5, 0.5]},
								"up": {"uv": [26, 25], "uv_size": [0.5, 0.5]},
								"down": {"uv": [26, 26.5], "uv_size": [0.5, -0.5]}
							}
						},
						{
							"origin": [0.4251, 0.2548, -3.48172],
							"size": [0.30409, 0.48163, 0.25316],
							"pivot": [-0.00099, 0.7167, -3.33002],
							"rotation": [9.5, 0, 0],
							"uv": {
								"north": {"uv": [0, 27], "uv_size": [0.5, 0.5]},
								"east": {"uv": [27, 0], "uv_size": [0.5, 0.5]},
								"south": {"uv": [1, 27], "uv_size": [0.5, 0.5]},
								"west": {"uv": [27, 1], "uv_size": [0.5, 0.5]},
								"up": {"uv": [2, 27], "uv_size": [0.5, 0.5]},
								"down": {"uv": [27, 2.5], "uv_size": [0.5, -0.5]}
							}
						},
						{
							"origin": [-0.72484, 0.47686, -3.28906],
							"size": [0.7273, 0.26668, 0.0621],
							"pivot": [-0.37773, 0.63668, -3.24092],
							"rotation": [9.50889, 2.46569, 0.41287],
							"uv": {
								"north": {"uv": [3, 27], "uv_size": [0.5, 0.5]},
								"east": {"uv": [27, 3], "uv_size": [0.5, 0.5]},
								"south": {"uv": [4, 27], "uv_size": [0.5, 0.5]},
								"west": {"uv": [27, 4], "uv_size": [0.5, 0.5]},
								"up": {"uv": [5, 27], "uv_size": [0.5, 0.5]},
								"down": {"uv": [27, 5.5], "uv_size": [0.5, -0.5]}
							}
						},
						{
							"origin": [-0.00247, 0.47894, -3.28906],
							"size": [0.72732, 0.2646, 0.0621],
							"pivot": [0.37771, 0.63668, -3.24092],
							"rotation": [9.50889, -2.46569, -0.41287],
							"uv": {
								"north": {"uv": [6, 27], "uv_size": [0.5, 0.5]},
								"east": {"uv": [27, 6], "uv_size": [0.5, 0.5]},
								"south": {"uv": [7, 27], "uv_size": [0.5, 0.5]},
								"west": {"uv": [27, 7], "uv_size": [0.5, 0.5]},
								"up": {"uv": [8, 27], "uv_size": [0.5, 0.5]},
								"down": {"uv": [27, 8.5], "uv_size": [0.5, -0.5]}
							}
						},
						{
							"origin": [-0.73121, 0.90071, -4.06482],
							"size": [1.4604, 0.18042, 0.67366],
							"pivot": [-0.00099, 0.85673, -3.28419],
							"rotation": [138.5, 0, 0],
							"uv": {
								"north": {"uv": [16, 2], "uv_size": [1.5, 0.5]},
								"east": {"uv": [9, 27], "uv_size": [0.5, 0.5]},
								"south": {"uv": [16, 3], "uv_size": [1.5, 0.5]},
								"west": {"uv": [27, 9], "uv_size": [0.5, 0.5]},
								"up": {"uv": [4, 16], "uv_size": [1.5, 0.5]},
								"down": {"uv": [16, 4.5], "uv_size": [1.5, -0.5]}
							}
						},
						{
							"origin": [-0.72416, 0.28866, -2.96352],
							"size": [1.44832, 0.35542, 0.04866],
							"inflate": 0.001,
							"pivot": [0, 0.44136, -3.18919],
							"rotation": [156.75, 0, 0],
							"uv": {
								"north": {"uv": [16, 6], "uv_size": [1.5, 0.5]},
								"east": {"uv": [10, 27], "uv_size": [0.5, 0.5]},
								"south": {"uv": [16, 7], "uv_size": [1.5, 0.5]},
								"west": {"uv": [27, 10], "uv_size": [0.5, 0.5]},
								"up": {"uv": [8, 16], "uv_size": [1.5, 0.5]},
								"down": {"uv": [16, 8.5], "uv_size": [1.5, -0.5]}
							}
						},
						{
							"origin": [-0.72416, 0.64946, -3.35233],
							"size": [1.44832, 0.10542, 0.03303],
							"inflate": 0.001,
							"pivot": [0, 0.70216, -3.328],
							"rotation": [111.75, 0, 0],
							"uv": {
								"north": {"uv": [16, 10], "uv_size": [1.5, 0.5]},
								"east": {"uv": [11, 27], "uv_size": [0.5, 0.5]},
								"south": {"uv": [11, 16], "uv_size": [1.5, 0.5]},
								"west": {"uv": [27, 11], "uv_size": [0.5, 0.5]},
								"up": {"uv": [16, 11], "uv_size": [1.5, 0.5]},
								"down": {"uv": [16, 12.5], "uv_size": [1.5, -0.5]}
							}
						},
						{
							"origin": [-0.73018, 0.2943, -5.86472],
							"size": [1.46037, 0.1988, 3.70814],
							"inflate": 0.001,
							"pivot": [0, 0.3187, -2.96638],
							"rotation": [180, 0, 0],
							"uv": {
								"north": {"uv": [16, 14], "uv_size": [1.5, 0.5]},
								"east": {"uv": [2, 4], "uv_size": [3.5, 0.5]},
								"south": {"uv": [15, 16], "uv_size": [1.5, 0.5]},
								"west": {"uv": [4, 3], "uv_size": [3.5, 0.5]},
								"up": {"uv": [0, 0], "uv_size": [1.5, 3.5]},
								"down": {"uv": [2, 3.5], "uv_size": [1.5, -3.5]}
							}
						},
						{
							"origin": [-0.73018, 0.2717, -2.62114],
							"size": [1.46037, 0.1363, 0.66126],
							"inflate": -0.001,
							"pivot": [0, 0.3586, -2.83218],
							"rotation": [180, 0, 0],
							"uv": {
								"north": {"uv": [16, 15], "uv_size": [1.5, 0.5]},
								"east": {"uv": [12, 27], "uv_size": [0.5, 0.5]},
								"south": {"uv": [0, 17], "uv_size": [1.5, 0.5]},
								"west": {"uv": [27, 12], "uv_size": [0.5, 0.5]},
								"up": {"uv": [17, 0], "uv_size": [1.5, 0.5]},
								"down": {"uv": [2, 17.5], "uv_size": [1.5, -0.5]}
							}
						},
						{
							"origin": [-0.73018, 0.28299, -2.55864],
							"size": [1.46037, 0.1363, 0.48939],
							"pivot": [0, 0.43239, -2.83218],
							"rotation": [180, 0, 0],
							"uv": {
								"north": {"uv": [4, 17], "uv_size": [1.5, 0.5]},
								"east": {"uv": [13, 27], "uv_size": [0.5, 0.5]},
								"south": {"uv": [17, 5], "uv_size": [1.5, 0.5]},
								"west": {"uv": [27, 13], "uv_size": [0.5, 0.5]},
								"up": {"uv": [6, 17], "uv_size": [1.5, 0.5]},
								"down": {"uv": [8, 17.5], "uv_size": [1.5, -0.5]}
							}
						},
						{
							"origin": [-0.73018, 0.9721, -2.58278],
							"size": [1.46037, 0.10505, 0.34876],
							"inflate": -0.001,
							"pivot": [0, 1.059, -3.16881],
							"rotation": [-125, 0, 0],
							"uv": {
								"north": {"uv": [17, 9], "uv_size": [1.5, 0.5]},
								"east": {"uv": [14, 27], "uv_size": [0.5, 0.5]},
								"south": {"uv": [10, 17], "uv_size": [1.5, 0.5]},
								"west": {"uv": [27, 14], "uv_size": [0.5, 0.5]},
								"up": {"uv": [12, 17], "uv_size": [1.5, 0.5]},
								"down": {"uv": [17, 13.5], "uv_size": [1.5, -0.5]}
							}
						},
						{
							"origin": [-0.62703, 0.3193, -2.98034],
							"size": [0.13537, 0.1988, 0.56126],
							"inflate": -0.001,
							"pivot": [-0.47185, 0.4187, -2.69971],
							"rotation": [-117, 0, -10],
							"uv": {
								"north": {"uv": [15, 27], "uv_size": [0.5, 0.5]},
								"east": {"uv": [27, 15], "uv_size": [0.5, 0.5]},
								"south": {"uv": [16, 27], "uv_size": [0.5, 0.5]},
								"west": {"uv": [27, 16], "uv_size": [0.5, 0.5]},
								"up": {"uv": [17, 27], "uv_size": [0.5, 0.5]},
								"down": {"uv": [27, 17.5], "uv_size": [0.5, -0.5]}
							}
						},
						{
							"origin": [0.61637, 0.86729, -2.73341],
							"size": [0.13537, 0.57796, 0.13626],
							"inflate": -0.001,
							"pivot": [0.65489, 1.12085, -2.64445],
							"rotation": [-31.75, 0, 10],
							"uv": {
								"north": {"uv": [18, 27], "uv_size": [0.5, 0.5]},
								"east": {"uv": [27, 18], "uv_size": [0.5, 0.5]},
								"south": {"uv": [19, 27], "uv_size": [0.5, 0.5]},
								"west": {"uv": [27, 19], "uv_size": [0.5, 0.5]},
								"up": {"uv": [20, 27], "uv_size": [0.5, 0.5]},
								"down": {"uv": [27, 20.5], "uv_size": [0.5, -0.5]}
							}
						},
						{
							"origin": [0.70301, 1.5586, -2.46477],
							"size": [0.13537, 0.05713, 0.16126],
							"inflate": -0.001,
							"pivot": [0.74152, 1.61216, -2.38414],
							"rotation": [4.25, 0, 10],
							"uv": {
								"north": {"uv": [21, 27], "uv_size": [0.5, 0.5]},
								"east": {"uv": [27, 21], "uv_size": [0.5, 0.5]},
								"south": {"uv": [22, 27], "uv_size": [0.5, 0.5]},
								"west": {"uv": [27, 22], "uv_size": [0.5, 0.5]},
								"up": {"uv": [23, 27], "uv_size": [0.5, 0.5]},
								"down": {"uv": [27, 23.5], "uv_size": [0.5, -0.5]}
							}
						},
						{
							"origin": [0.6379, 0.77689, -2.67186],
							"size": [0.13537, 0.8238, 0.06126],
							"inflate": -0.001,
							"pivot": [0.67642, 1.24295, -2.54123],
							"rotation": [-31.75, 0, 10],
							"uv": {
								"north": {"uv": [8, 19], "uv_size": [0.5, 1]},
								"east": {"uv": [9, 19], "uv_size": [0.5, 1]},
								"south": {"uv": [19, 9], "uv_size": [0.5, 1]},
								"west": {"uv": [10, 19], "uv_size": [0.5, 1]},
								"up": {"uv": [24, 27], "uv_size": [0.5, 0.5]},
								"down": {"uv": [27, 24.5], "uv_size": [0.5, -0.5]}
							}
						},
						{
							"origin": [0.6379, 0.77689, -2.67186],
							"size": [0.13537, 0.0738, 0.31126],
							"inflate": -0.001,
							"pivot": [0.67642, 1.24295, -2.54123],
							"rotation": [-31.75, 0, 10],
							"uv": {
								"north": {"uv": [25, 27], "uv_size": [0.5, 0.5]},
								"east": {"uv": [27, 25], "uv_size": [0.5, 0.5]},
								"south": {"uv": [26, 27], "uv_size": [0.5, 0.5]},
								"west": {"uv": [27, 26], "uv_size": [0.5, 0.5]},
								"up": {"uv": [27, 27], "uv_size": [0.5, 0.5]},
								"down": {"uv": [0, 28.5], "uv_size": [0.5, -0.5]}
							}
						},
						{
							"origin": [0.62427, 0.78704, -2.54117],
							"size": [0.13537, 0.81963, 0.08626],
							"inflate": -0.001,
							"pivot": [0.66278, 1.1656, -2.46887],
							"rotation": [-20.75, 0, 10],
							"uv": {
								"north": {"uv": [11, 19], "uv_size": [0.5, 1]},
								"east": {"uv": [19, 11], "uv_size": [0.5, 1]},
								"south": {"uv": [12, 19], "uv_size": [0.5, 1]},
								"west": {"uv": [19, 12], "uv_size": [0.5, 1]},
								"up": {"uv": [28, 0], "uv_size": [0.5, 0.5]},
								"down": {"uv": [1, 28.5], "uv_size": [0.5, -0.5]}
							}
						},
						{
							"origin": [0.61637, 0.85895, -2.67508],
							"size": [0.13537, 0.7863, 0.14459],
							"inflate": -0.001,
							"pivot": [0.65489, 1.12085, -2.64445],
							"rotation": [-25.75, 0, 10],
							"uv": {
								"north": {"uv": [19, 13], "uv_size": [0.5, 1]},
								"east": {"uv": [14, 19], "uv_size": [0.5, 1]},
								"south": {"uv": [19, 14], "uv_size": [0.5, 1]},
								"west": {"uv": [15, 19], "uv_size": [0.5, 1]},
								"up": {"uv": [28, 1], "uv_size": [0.5, 0.5]},
								"down": {"uv": [2, 28.5], "uv_size": [0.5, -0.5]}
							}
						},
						{
							"origin": [0.5742, 0.80729, -2.82843],
							"size": [0.13537, 0.1988, 0.27376],
							"inflate": -0.001,
							"pivot": [0.61272, 0.88169, -2.5103],
							"rotation": [-76.25, 0, 10],
							"uv": {
								"north": {"uv": [28, 2], "uv_size": [0.5, 0.5]},
								"east": {"uv": [3, 28], "uv_size": [0.5, 0.5]},
								"south": {"uv": [28, 3], "uv_size": [0.5, 0.5]},
								"west": {"uv": [4, 28], "uv_size": [0.5, 0.5]},
								"up": {"uv": [28, 4], "uv_size": [0.5, 0.5]},
								"down": {"uv": [5, 28.5], "uv_size": [0.5, -0.5]}
							}
						},
						{
							"origin": [0.57851, 0.83169, -2.62043],
							"size": [0.13537, 0.1988, 0.36126],
							"inflate": -0.001,
							"pivot": [0.61702, 0.90609, -2.5398],
							"rotation": [-103.5, 0, 10],
							"uv": {
								"north": {"uv": [28, 5], "uv_size": [0.5, 0.5]},
								"east": {"uv": [6, 28], "uv_size": [0.5, 0.5]},
								"south": {"uv": [28, 6], "uv_size": [0.5, 0.5]},
								"west": {"uv": [7, 28], "uv_size": [0.5, 0.5]},
								"up": {"uv": [28, 7], "uv_size": [0.5, 0.5]},
								"down": {"uv": [8, 28.5], "uv_size": [0.5, -0.5]}
							}
						},
						{
							"origin": [0.49167, 0.3193, -2.98034],
							"size": [0.13537, 0.1988, 0.56126],
							"inflate": -0.001,
							"pivot": [0.47185, 0.4187, -2.69971],
							"rotation": [-117, 0, 10],
							"uv": {
								"north": {"uv": [28, 8], "uv_size": [0.5, 0.5]},
								"east": {"uv": [9, 28], "uv_size": [0.5, 0.5]},
								"south": {"uv": [28, 9], "uv_size": [0.5, 0.5]},
								"west": {"uv": [10, 28], "uv_size": [0.5, 0.5]},
								"up": {"uv": [28, 10], "uv_size": [0.5, 0.5]},
								"down": {"uv": [11, 28.5], "uv_size": [0.5, -0.5]}
							}
						},
						{
							"origin": [-0.71387, 0.83169, -2.62043],
							"size": [0.13537, 0.1988, 0.36126],
							"inflate": -0.001,
							"pivot": [-0.61702, 0.90609, -2.5398],
							"rotation": [-103.5, 0, -10],
							"uv": {
								"north": {"uv": [28, 11], "uv_size": [0.5, 0.5]},
								"east": {"uv": [12, 28], "uv_size": [0.5, 0.5]},
								"south": {"uv": [28, 12], "uv_size": [0.5, 0.5]},
								"west": {"uv": [13, 28], "uv_size": [0.5, 0.5]},
								"up": {"uv": [28, 13], "uv_size": [0.5, 0.5]},
								"down": {"uv": [14, 28.5], "uv_size": [0.5, -0.5]}
							}
						},
						{
							"origin": [-0.70957, 0.80729, -2.82843],
							"size": [0.13537, 0.1988, 0.27376],
							"inflate": -0.001,
							"pivot": [-0.61272, 0.88169, -2.5103],
							"rotation": [-76.25, 0, -10],
							"uv": {
								"north": {"uv": [28, 14], "uv_size": [0.5, 0.5]},
								"east": {"uv": [15, 28], "uv_size": [0.5, 0.5]},
								"south": {"uv": [28, 15], "uv_size": [0.5, 0.5]},
								"west": {"uv": [16, 28], "uv_size": [0.5, 0.5]},
								"up": {"uv": [28, 16], "uv_size": [0.5, 0.5]},
								"down": {"uv": [17, 28.5], "uv_size": [0.5, -0.5]}
							}
						},
						{
							"origin": [-0.75174, 0.85895, -2.67508],
							"size": [0.13537, 0.7863, 0.14459],
							"inflate": -0.001,
							"pivot": [-0.65489, 1.12085, -2.64445],
							"rotation": [-25.75, 0, -10],
							"uv": {
								"north": {"uv": [19, 15], "uv_size": [0.5, 1]},
								"east": {"uv": [16, 19], "uv_size": [0.5, 1]},
								"south": {"uv": [19, 16], "uv_size": [0.5, 1]},
								"west": {"uv": [17, 19], "uv_size": [0.5, 1]},
								"up": {"uv": [28, 17], "uv_size": [0.5, 0.5]},
								"down": {"uv": [18, 28.5], "uv_size": [0.5, -0.5]}
							}
						},
						{
							"origin": [-0.75174, 0.86729, -2.73341],
							"size": [0.13537, 0.57796, 0.13626],
							"inflate": -0.001,
							"pivot": [-0.65489, 1.12085, -2.64445],
							"rotation": [-31.75, 0, -10],
							"uv": {
								"north": {"uv": [28, 18], "uv_size": [0.5, 0.5]},
								"east": {"uv": [19, 28], "uv_size": [0.5, 0.5]},
								"south": {"uv": [28, 19], "uv_size": [0.5, 0.5]},
								"west": {"uv": [20, 28], "uv_size": [0.5, 0.5]},
								"up": {"uv": [28, 20], "uv_size": [0.5, 0.5]},
								"down": {"uv": [21, 28.5], "uv_size": [0.5, -0.5]}
							}
						},
						{
							"origin": [-0.83837, 1.5586, -2.46477],
							"size": [0.13537, 0.05713, 0.16126],
							"inflate": -0.001,
							"pivot": [-0.74152, 1.61216, -2.38414],
							"rotation": [4.25, 0, -10],
							"uv": {
								"north": {"uv": [28, 21], "uv_size": [0.5, 0.5]},
								"east": {"uv": [22, 28], "uv_size": [0.5, 0.5]},
								"south": {"uv": [28, 22], "uv_size": [0.5, 0.5]},
								"west": {"uv": [23, 28], "uv_size": [0.5, 0.5]},
								"up": {"uv": [28, 23], "uv_size": [0.5, 0.5]},
								"down": {"uv": [24, 28.5], "uv_size": [0.5, -0.5]}
							}
						},
						{
							"origin": [-0.75963, 0.78704, -2.54117],
							"size": [0.13537, 0.81963, 0.08626],
							"inflate": -0.001,
							"pivot": [-0.66278, 1.1656, -2.46887],
							"rotation": [-20.75, 0, -10],
							"uv": {
								"north": {"uv": [19, 17], "uv_size": [0.5, 1]},
								"east": {"uv": [18, 19], "uv_size": [0.5, 1]},
								"south": {"uv": [19, 18], "uv_size": [0.5, 1]},
								"west": {"uv": [19, 19], "uv_size": [0.5, 1]},
								"up": {"uv": [28, 24], "uv_size": [0.5, 0.5]},
								"down": {"uv": [25, 28.5], "uv_size": [0.5, -0.5]}
							}
						},
						{
							"origin": [-0.77327, 0.77689, -2.67186],
							"size": [0.13537, 0.8238, 0.06126],
							"inflate": -0.001,
							"pivot": [-0.67642, 1.24295, -2.54123],
							"rotation": [-31.75, 0, -10],
							"uv": {
								"north": {"uv": [0, 20], "uv_size": [0.5, 1]},
								"east": {"uv": [20, 0], "uv_size": [0.5, 1]},
								"south": {"uv": [1, 20], "uv_size": [0.5, 1]},
								"west": {"uv": [20, 1], "uv_size": [0.5, 1]},
								"up": {"uv": [28, 25], "uv_size": [0.5, 0.5]},
								"down": {"uv": [26, 28.5], "uv_size": [0.5, -0.5]}
							}
						},
						{
							"origin": [-0.77327, 0.77689, -2.67186],
							"size": [0.13537, 0.0738, 0.31126],
							"inflate": -0.001,
							"pivot": [-0.67642, 1.24295, -2.54123],
							"rotation": [-31.75, 0, -10],
							"uv": {
								"north": {"uv": [28, 26], "uv_size": [0.5, 0.5]},
								"east": {"uv": [27, 28], "uv_size": [0.5, 0.5]},
								"south": {"uv": [28, 27], "uv_size": [0.5, 0.5]},
								"west": {"uv": [28, 28], "uv_size": [0.5, 0.5]},
								"up": {"uv": [0, 29], "uv_size": [0.5, 0.5]},
								"down": {"uv": [29, 0.5], "uv_size": [0.5, -0.5]}
							}
						},
						{
							"origin": [-0.0729, 0.40234, -2.98869],
							"size": [0.12816, 0.81227, 0.45],
							"inflate": -0.001,
							"pivot": [0.00062, 0.80847, -2.98767],
							"rotation": [0, -31.3145, -90],
							"uv": {
								"north": {"uv": [2, 20], "uv_size": [0.5, 1]},
								"east": {"uv": [20, 2], "uv_size": [0.5, 1]},
								"south": {"uv": [3, 20], "uv_size": [0.5, 1]},
								"west": {"uv": [20, 3], "uv_size": [0.5, 1]},
								"up": {"uv": [1, 29], "uv_size": [0.5, 0.5]},
								"down": {"uv": [29, 1.5], "uv_size": [0.5, -0.5]}
							}
						},
						{
							"origin": [-0.39679, 0.45753, -2.65589],
							"size": [0.12816, 0.18727, 0.24167],
							"inflate": -0.001,
							"pivot": [-0.31604, 0.55533, -2.60172],
							"rotation": [0, -69.3145, -90],
							"uv": {
								"north": {"uv": [2, 29], "uv_size": [0.5, 0.5]},
								"east": {"uv": [29, 2], "uv_size": [0.5, 0.5]},
								"south": {"uv": [3, 29], "uv_size": [0.5, 0.5]},
								"west": {"uv": [29, 3], "uv_size": [0.5, 0.5]},
								"up": {"uv": [4, 29], "uv_size": [0.5, 0.5]},
								"down": {"uv": [29, 4.5], "uv_size": [0.5, -0.5]}
							}
						},
						{
							"origin": [-0.39679, 0.26043, -2.60539],
							"size": [0.12816, 0.18727, 0.24167],
							"inflate": -0.001,
							"pivot": [-0.31604, 0.35822, -2.55123],
							"rotation": [-180, -74.6855, 90],
							"uv": {
								"north": {"uv": [5, 29], "uv_size": [0.5, 0.5]},
								"east": {"uv": [29, 5], "uv_size": [0.5, 0.5]},
								"south": {"uv": [6, 29], "uv_size": [0.5, 0.5]},
								"west": {"uv": [29, 6], "uv_size": [0.5, 0.5]},
								"up": {"uv": [7, 29], "uv_size": [0.5, 0.5]},
								"down": {"uv": [29, 7.5], "uv_size": [0.5, -0.5]}
							}
						},
						{
							"origin": [0.26988, 0.26043, -2.60539],
							"size": [0.12816, 0.18727, 0.24167],
							"inflate": -0.001,
							"pivot": [0.31729, 0.35822, -2.55123],
							"rotation": [-180, 74.6855, -90],
							"uv": {
								"north": {"uv": [8, 29], "uv_size": [0.5, 0.5]},
								"east": {"uv": [29, 8], "uv_size": [0.5, 0.5]},
								"south": {"uv": [9, 29], "uv_size": [0.5, 0.5]},
								"west": {"uv": [29, 9], "uv_size": [0.5, 0.5]},
								"up": {"uv": [10, 29], "uv_size": [0.5, 0.5]},
								"down": {"uv": [29, 10.5], "uv_size": [0.5, -0.5]}
							}
						},
						{
							"origin": [0.26988, 0.45753, -2.65589],
							"size": [0.12816, 0.18727, 0.24167],
							"inflate": -0.001,
							"pivot": [0.31729, 0.55533, -2.60172],
							"rotation": [0, 69.3145, 90],
							"uv": {
								"north": {"uv": [11, 29], "uv_size": [0.5, 0.5]},
								"east": {"uv": [29, 11], "uv_size": [0.5, 0.5]},
								"south": {"uv": [12, 29], "uv_size": [0.5, 0.5]},
								"west": {"uv": [29, 12], "uv_size": [0.5, 0.5]},
								"up": {"uv": [13, 29], "uv_size": [0.5, 0.5]},
								"down": {"uv": [29, 13.5], "uv_size": [0.5, -0.5]}
							}
						},
						{
							"origin": [-0.0522, 0.26189, -2.74239],
							"size": [0.06149, 0.43727, 0.24167],
							"inflate": -0.001,
							"pivot": [-0.00479, 0.48052, -2.62156],
							"rotation": [0, 77.3145, 90],
							"uv": {
								"north": {"uv": [14, 29], "uv_size": [0.5, 0.5]},
								"east": {"uv": [29, 14], "uv_size": [0.5, 0.5]},
								"south": {"uv": [15, 29], "uv_size": [0.5, 0.5]},
								"west": {"uv": [29, 15], "uv_size": [0.5, 0.5]},
								"up": {"uv": [16, 29], "uv_size": [0.5, 0.5]},
								"down": {"uv": [29, 16.5], "uv_size": [0.5, -0.5]}
							}
						},
						{
							"origin": [-0.10991, 0.27022, -2.74239],
							"size": [0.13649, 0.37893, 0.14167],
							"inflate": -0.001,
							"pivot": [-0.0125, 0.44719, -2.62156],
							"rotation": [-180, 56.6855, -90],
							"uv": {
								"north": {"uv": [17, 29], "uv_size": [0.5, 0.5]},
								"east": {"uv": [29, 17], "uv_size": [0.5, 0.5]},
								"south": {"uv": [18, 29], "uv_size": [0.5, 0.5]},
								"west": {"uv": [29, 18], "uv_size": [0.5, 0.5]},
								"up": {"uv": [19, 29], "uv_size": [0.5, 0.5]},
								"down": {"uv": [29, 19.5], "uv_size": [0.5, -0.5]}
							}
						},
						{
							"origin": [-0.1022, 0.12856, -2.47572],
							"size": [0.13649, 0.37893, 0.14167],
							"inflate": -0.001,
							"pivot": [-0.00479, 0.30552, -2.35489],
							"rotation": [-180, 61.6855, -90],
							"uv": {
								"north": {"uv": [20, 29], "uv_size": [0.5, 0.5]},
								"east": {"uv": [29, 20], "uv_size": [0.5, 0.5]},
								"south": {"uv": [21, 29], "uv_size": [0.5, 0.5]},
								"west": {"uv": [29, 21], "uv_size": [0.5, 0.5]},
								"up": {"uv": [22, 29], "uv_size": [0.5, 0.5]},
								"down": {"uv": [29, 22.5], "uv_size": [0.5, -0.5]}
							}
						},
						{
							"origin": [-0.1022, 0.26645, -2.33546],
							"size": [0.46149, 0.37893, 0.30833],
							"inflate": -0.001,
							"pivot": [-0.00479, 0.44341, -2.23129],
							"rotation": [0, -2.6855, 90],
							"uv": {
								"north": {"uv": [23, 29], "uv_size": [0.5, 0.5]},
								"east": {"uv": [29, 23], "uv_size": [0.5, 0.5]},
								"south": {"uv": [24, 29], "uv_size": [0.5, 0.5]},
								"west": {"uv": [29, 24], "uv_size": [0.5, 0.5]},
								"up": {"uv": [25, 29], "uv_size": [0.5, 0.5]},
								"down": {"uv": [29, 25.5], "uv_size": [0.5, -0.5]}
							}
						},
						{
							"origin": [-0.1022, -0.00022, -2.09379],
							"size": [0.57816, 1.07893, 0.30833],
							"inflate": -0.001,
							"pivot": [-0.00479, 0.54341, -1.98962],
							"rotation": [0, 40.3145, 90],
							"uv": {
								"north": {"uv": [4, 20], "uv_size": [0.5, 1]},
								"east": {"uv": [20, 4], "uv_size": [0.5, 1]},
								"south": {"uv": [5, 20], "uv_size": [0.5, 1]},
								"west": {"uv": [20, 5], "uv_size": [0.5, 1]},
								"up": {"uv": [26, 29], "uv_size": [0.5, 0.5]},
								"down": {"uv": [29, 26.5], "uv_size": [0.5, -0.5]}
							}
						},
						{
							"origin": [-0.1022, 0.01117, -2.05236],
							"size": [0.57816, 1.10393, 0.30833],
							"inflate": -0.001,
							"pivot": [-0.00479, 0.5548, -1.9482],
							"rotation": [0, 22.8145, 90],
							"uv": {
								"north": {"uv": [6, 20], "uv_size": [0.5, 1]},
								"east": {"uv": [20, 6], "uv_size": [0.5, 1]},
								"south": {"uv": [7, 20], "uv_size": [0.5, 1]},
								"west": {"uv": [20, 7], "uv_size": [0.5, 1]},
								"up": {"uv": [27, 29], "uv_size": [0.5, 0.5]},
								"down": {"uv": [29, 27.5], "uv_size": [0.5, -0.5]}
							}
						},
						{
							"origin": [-0.64998, 0.08485, -1.91597],
							"size": [0.54483, 0.25393, 0.08333],
							"inflate": -0.001,
							"pivot": [-0.26507, 0.21182, -1.8743],
							"rotation": [-17, 22.8145, 90],
							"uv": {
								"north": {"uv": [28, 29], "uv_size": [0.5, 0.5]},
								"east": {"uv": [29, 28], "uv_size": [0.5, 0.5]},
								"south": {"uv": [29, 29], "uv_size": [0.5, 0.5]},
								"west": {"uv": [0, 30], "uv_size": [0.5, 0.5]},
								"up": {"uv": [30, 0], "uv_size": [0.5, 0.5]},
								"down": {"uv": [1, 30.5], "uv_size": [0.5, -0.5]}
							}
						},
						{
							"origin": [-0.41545, 0.07126, -1.88366],
							"size": [0.49483, 0.315, 0.08333],
							"inflate": -0.001,
							"pivot": [-0.03053, 0.19823, -1.84199],
							"rotation": [0, 22.8145, 90],
							"uv": {
								"north": {"uv": [30, 1], "uv_size": [0.5, 0.5]},
								"east": {"uv": [2, 30], "uv_size": [0.5, 0.5]},
								"south": {"uv": [30, 2], "uv_size": [0.5, 0.5]},
								"west": {"uv": [3, 30], "uv_size": [0.5, 0.5]},
								"up": {"uv": [30, 3], "uv_size": [0.5, 0.5]},
								"down": {"uv": [4, 30.5], "uv_size": [0.5, -0.5]}
							}
						},
						{
							"origin": [0.11349, 0.08485, -1.91597],
							"size": [0.53649, 0.25393, 0.08333],
							"inflate": -0.001,
							"pivot": [0.26507, 0.21182, -1.8743],
							"rotation": [-17, -22.8145, -90],
							"uv": {
								"north": {"uv": [30, 4], "uv_size": [0.5, 0.5]},
								"east": {"uv": [5, 30], "uv_size": [0.5, 0.5]},
								"south": {"uv": [30, 5], "uv_size": [0.5, 0.5]},
								"west": {"uv": [6, 30], "uv_size": [0.5, 0.5]},
								"up": {"uv": [30, 6], "uv_size": [0.5, 0.5]},
								"down": {"uv": [7, 30.5], "uv_size": [0.5, -0.5]}
							}
						},
						{
							"origin": [-0.13345, -0.1555, -1.84403],
							"size": [0.14274, 1.10393, 1.00833],
							"inflate": -0.001,
							"pivot": [-0.00479, 0.38814, -1.73986],
							"rotation": [0, 22.8145, 90],
							"uv": {
								"north": {"uv": [8, 20], "uv_size": [0.5, 1]},
								"east": {"uv": [0, 10], "uv_size": [1, 1]},
								"south": {"uv": [20, 8], "uv_size": [0.5, 1]},
								"west": {"uv": [10, 0], "uv_size": [1, 1]},
								"up": {"uv": [9, 20], "uv_size": [0.5, 1]},
								"down": {"uv": [20, 10], "uv_size": [0.5, -1]}
							}
						},
						{
							"origin": [-0.0522, -0.21385, -1.57584],
							"size": [0.11149, 1.10393, 0.80833],
							"inflate": -0.001,
							"pivot": [0.00354, 0.33811, -1.27167],
							"rotation": [0, -72.1855, 90],
							"uv": {
								"north": {"uv": [10, 20], "uv_size": [0.5, 1]},
								"east": {"uv": [1, 10], "uv_size": [1, 1]},
								"south": {"uv": [20, 10], "uv_size": [0.5, 1]},
								"west": {"uv": [10, 1], "uv_size": [1, 1]},
								"up": {"uv": [11, 20], "uv_size": [0.5, 1]},
								"down": {"uv": [20, 12], "uv_size": [0.5, -1]}
							}
						},
						{
							"origin": [-0.14437, -0.21388, -1.59992],
							"size": [0.46149, 0.10393, 0.74583],
							"inflate": -0.001,
							"pivot": [-0.08862, 0.33808, -1.35825],
							"rotation": [0, -72.1855, 90],
							"uv": {
								"north": {"uv": [30, 7], "uv_size": [0.5, 0.5]},
								"east": {"uv": [8, 30], "uv_size": [0.5, 0.5]},
								"south": {"uv": [30, 8], "uv_size": [0.5, 0.5]},
								"west": {"uv": [9, 30], "uv_size": [0.5, 0.5]},
								"up": {"uv": [30, 9], "uv_size": [0.5, 0.5]},
								"down": {"uv": [10, 30.5], "uv_size": [0.5, -0.5]}
							}
						},
						{
							"origin": [-0.31713, -0.21388, -1.59992],
							"size": [0.46149, 0.10393, 0.74583],
							"inflate": -0.001,
							"pivot": [0.08862, 0.33808, -1.35825],
							"rotation": [0, 72.1855, -90],
							"uv": {
								"north": {"uv": [30, 10], "uv_size": [0.5, 0.5]},
								"east": {"uv": [11, 30], "uv_size": [0.5, 0.5]},
								"south": {"uv": [30, 11], "uv_size": [0.5, 0.5]},
								"west": {"uv": [12, 30], "uv_size": [0.5, 0.5]},
								"up": {"uv": [30, 12], "uv_size": [0.5, 0.5]},
								"down": {"uv": [13, 30.5], "uv_size": [0.5, -0.5]}
							}
						},
						{
							"origin": [0.30563, -0.21388, -1.07492],
							"size": [0.83649, 0.40081, 0.22083],
							"inflate": -0.001,
							"pivot": [-0.08862, 0.33808, -1.35825],
							"rotation": [0, -72.1855, 90],
							"uv": {
								"north": {"uv": [12, 20], "uv_size": [1, 0.5]},
								"east": {"uv": [30, 13], "uv_size": [0.5, 0.5]},
								"south": {"uv": [20, 12], "uv_size": [1, 0.5]},
								"west": {"uv": [14, 30], "uv_size": [0.5, 0.5]},
								"up": {"uv": [13, 20], "uv_size": [1, 0.5]},
								"down": {"uv": [20, 13.5], "uv_size": [1, -0.5]}
							}
						},
						{
							"origin": [-1.26937, 0.45364, -0.70705],
							"size": [0.76149, 0.40081, 0.27083],
							"inflate": -0.001,
							"pivot": [-0.58862, 0.50561, -0.49039],
							"rotation": [0, -90, 90],
							"uv": {
								"north": {"uv": [14, 20], "uv_size": [1, 0.5]},
								"east": {"uv": [30, 14], "uv_size": [0.5, 0.5]},
								"south": {"uv": [20, 14], "uv_size": [1, 0.5]},
								"west": {"uv": [15, 30], "uv_size": [0.5, 0.5]},
								"up": {"uv": [15, 20], "uv_size": [1, 0.5]},
								"down": {"uv": [20, 15.5], "uv_size": [1, -0.5]}
							}
						},
						{
							"origin": [-1.14213, -0.21388, -1.07492],
							"size": [0.83649, 0.40081, 0.22083],
							"inflate": -0.001,
							"pivot": [0.08862, 0.33808, -1.35825],
							"rotation": [0, 72.1855, -90],
							"uv": {
								"north": {"uv": [16, 20], "uv_size": [1, 0.5]},
								"east": {"uv": [30, 15], "uv_size": [0.5, 0.5]},
								"south": {"uv": [20, 16], "uv_size": [1, 0.5]},
								"west": {"uv": [16, 30], "uv_size": [0.5, 0.5]},
								"up": {"uv": [17, 20], "uv_size": [1, 0.5]},
								"down": {"uv": [20, 17.5], "uv_size": [1, -0.5]}
							}
						},
						{
							"origin": [0.50787, 0.45364, -0.70705],
							"size": [0.76149, 0.40081, 0.27083],
							"inflate": -0.001,
							"pivot": [0.58862, 0.50561, -0.49039],
							"rotation": [0, 90, -90],
							"uv": {
								"north": {"uv": [18, 20], "uv_size": [1, 0.5]},
								"east": {"uv": [30, 16], "uv_size": [0.5, 0.5]},
								"south": {"uv": [20, 18], "uv_size": [1, 0.5]},
								"west": {"uv": [17, 30], "uv_size": [0.5, 0.5]},
								"up": {"uv": [19, 20], "uv_size": [1, 0.5]},
								"down": {"uv": [20, 19.5], "uv_size": [1, -0.5]}
							}
						},
						{
							"origin": [-0.20726, 0.75281, -1.59426],
							"size": [0.15316, 0.10393, 1.09271],
							"inflate": -0.001,
							"pivot": [0.02349, 0.80478, -1.02447],
							"rotation": [90, -72.1855, 90],
							"uv": {
								"north": {"uv": [30, 17], "uv_size": [0.5, 0.5]},
								"east": {"uv": [20, 20], "uv_size": [1, 0.5]},
								"south": {"uv": [18, 30], "uv_size": [0.5, 0.5]},
								"west": {"uv": [0, 21], "uv_size": [1, 0.5]},
								"up": {"uv": [21, 0], "uv_size": [0.5, 1]},
								"down": {"uv": [1, 22], "uv_size": [0.5, -1]}
							}
						},
						{
							"origin": [0.72707, 0.75281, -1.57863],
							"size": [0.26149, 0.10393, 1.09271],
							"inflate": -0.001,
							"pivot": [0.00781, 0.80478, -1.02447],
							"rotation": [90, -72.1855, 90],
							"uv": {
								"north": {"uv": [30, 18], "uv_size": [0.5, 0.5]},
								"east": {"uv": [21, 1], "uv_size": [1, 0.5]},
								"south": {"uv": [19, 30], "uv_size": [0.5, 0.5]},
								"west": {"uv": [2, 21], "uv_size": [1, 0.5]},
								"up": {"uv": [21, 2], "uv_size": [0.5, 1]},
								"down": {"uv": [3, 22], "uv_size": [0.5, -1]}
							}
						},
						{
							"origin": [-0.0146, 0.45926, -0.66582],
							"size": [0.26149, 0.10393, 1.09271],
							"inflate": -0.001,
							"pivot": [0.00781, 0.51123, -0.11166],
							"rotation": [90, -27.1855, 90],
							"uv": {
								"north": {"uv": [30, 19], "uv_size": [0.5, 0.5]},
								"east": {"uv": [21, 3], "uv_size": [1, 0.5]},
								"south": {"uv": [20, 30], "uv_size": [0.5, 0.5]},
								"west": {"uv": [4, 21], "uv_size": [1, 0.5]},
								"up": {"uv": [21, 4], "uv_size": [0.5, 1]},
								"down": {"uv": [5, 22], "uv_size": [0.5, -1]}
							}
						},
						{
							"origin": [-0.0146, 0.17435, -0.63768],
							"size": [0.21149, 0.37893, 1.09271],
							"inflate": -0.001,
							"pivot": [0.00781, 0.30132, -0.08351],
							"rotation": [90, 0, 90],
							"uv": {
								"north": {"uv": [30, 20], "uv_size": [0.5, 0.5]},
								"east": {"uv": [21, 5], "uv_size": [1, 0.5]},
								"south": {"uv": [21, 30], "uv_size": [0.5, 0.5]},
								"west": {"uv": [6, 21], "uv_size": [1, 0.5]},
								"up": {"uv": [21, 6], "uv_size": [0.5, 1]},
								"down": {"uv": [7, 22], "uv_size": [0.5, -1]}
							}
						},
						{
							"origin": [0.43805, 0.17852, -0.05517],
							"size": [0.21149, 0.07893, 0.08333],
							"inflate": -0.001,
							"pivot": [0.5438, 0.21798, -0.0135],
							"rotation": [45, 0, 90],
							"uv": {
								"north": {"uv": [30, 21], "uv_size": [0.5, 0.5]},
								"east": {"uv": [22, 30], "uv_size": [0.5, 0.5]},
								"south": {"uv": [30, 22], "uv_size": [0.5, 0.5]},
								"west": {"uv": [23, 30], "uv_size": [0.5, 0.5]},
								"up": {"uv": [30, 23], "uv_size": [0.5, 0.5]},
								"down": {"uv": [24, 30.5], "uv_size": [0.5, -0.5]}
							}
						},
						{
							"origin": [-0.64955, 0.17852, -0.05517],
							"size": [0.21149, 0.07893, 0.08333],
							"inflate": -0.001,
							"pivot": [-0.5438, 0.21798, -0.0135],
							"rotation": [45, 0, -90],
							"uv": {
								"north": {"uv": [30, 24], "uv_size": [0.5, 0.5]},
								"east": {"uv": [25, 30], "uv_size": [0.5, 0.5]},
								"south": {"uv": [30, 25], "uv_size": [0.5, 0.5]},
								"west": {"uv": [26, 30], "uv_size": [0.5, 0.5]},
								"up": {"uv": [30, 26], "uv_size": [0.5, 0.5]},
								"down": {"uv": [27, 30.5], "uv_size": [0.5, -0.5]}
							}
						},
						{
							"origin": [0.45554, 0.17852, -0.24428],
							"size": [0.21149, 0.07893, 0.23333],
							"inflate": -0.001,
							"pivot": [0.56129, 0.21798, -0.05261],
							"rotation": [0, 0, 90],
							"uv": {
								"north": {"uv": [30, 27], "uv_size": [0.5, 0.5]},
								"east": {"uv": [28, 30], "uv_size": [0.5, 0.5]},
								"south": {"uv": [30, 28], "uv_size": [0.5, 0.5]},
								"west": {"uv": [29, 30], "uv_size": [0.5, 0.5]},
								"up": {"uv": [30, 29], "uv_size": [0.5, 0.5]},
								"down": {"uv": [30, 30.5], "uv_size": [0.5, -0.5]}
							}
						},
						{
							"origin": [-0.66703, 0.17852, -0.24428],
							"size": [0.21149, 0.07893, 0.23333],
							"inflate": -0.001,
							"pivot": [-0.56129, 0.21798, -0.05261],
							"rotation": [0, 0, -90],
							"uv": {
								"north": {"uv": [0, 31], "uv_size": [0.5, 0.5]},
								"east": {"uv": [31, 0], "uv_size": [0.5, 0.5]},
								"south": {"uv": [1, 31], "uv_size": [0.5, 0.5]},
								"west": {"uv": [31, 1], "uv_size": [0.5, 0.5]},
								"up": {"uv": [2, 31], "uv_size": [0.5, 0.5]},
								"down": {"uv": [31, 2.5], "uv_size": [0.5, -0.5]}
							}
						},
						{
							"origin": [-0.11103, 0.81112, -1.59021],
							"size": [0.88649, 0.10393, 1.10833],
							"inflate": -0.001,
							"pivot": [0.01138, 0.80475, -1.03605],
							"rotation": [90, -72.1855, 90],
							"uv": {
								"north": {"uv": [21, 7], "uv_size": [1, 0.5]},
								"east": {"uv": [8, 21], "uv_size": [1, 0.5]},
								"south": {"uv": [21, 8], "uv_size": [1, 0.5]},
								"west": {"uv": [9, 21], "uv_size": [1, 0.5]},
								"up": {"uv": [10, 2], "uv_size": [1, 1]},
								"down": {"uv": [3, 11], "uv_size": [1, -1]}
							}
						},
						{
							"origin": [-0.81043, 0.7642, -1.02456],
							"size": [1.21149, 0.13526, 0.13309],
							"inflate": -0.001,
							"pivot": [-0.57969, 0.81668, -1.02064],
							"rotation": [135, -72.1855, 90],
							"uv": {
								"north": {"uv": [21, 9], "uv_size": [1, 0.5]},
								"east": {"uv": [3, 31], "uv_size": [0.5, 0.5]},
								"south": {"uv": [10, 21], "uv_size": [1, 0.5]},
								"west": {"uv": [31, 3], "uv_size": [0.5, 0.5]},
								"up": {"uv": [21, 10], "uv_size": [1, 0.5]},
								"down": {"uv": [11, 21.5], "uv_size": [1, -0.5]}
							}
						},
						{
							"origin": [-0.40106, 0.7642, -1.02456],
							"size": [1.21149, 0.13526, 0.13309],
							"inflate": -0.001,
							"pivot": [0.57969, 0.81668, -1.02064],
							"rotation": [135, 72.1855, -90],
							"uv": {
								"north": {"uv": [21, 11], "uv_size": [1, 0.5]},
								"east": {"uv": [4, 31], "uv_size": [0.5, 0.5]},
								"south": {"uv": [12, 21], "uv_size": [1, 0.5]},
								"west": {"uv": [31, 4], "uv_size": [0.5, 0.5]},
								"up": {"uv": [21, 12], "uv_size": [1, 0.5]},
								"down": {"uv": [13, 21.5], "uv_size": [1, -0.5]}
							}
						},
						{
							"origin": [0.0228, -0.1555, -1.90236],
							"size": [0.21983, 1.10393, 0.4],
							"inflate": -0.001,
							"pivot": [-0.00479, 0.38814, -2.05653],
							"rotation": [0, 0.8145, 90],
							"uv": {
								"north": {"uv": [21, 13], "uv_size": [0.5, 1]},
								"east": {"uv": [14, 21], "uv_size": [0.5, 1]},
								"south": {"uv": [21, 14], "uv_size": [0.5, 1]},
								"west": {"uv": [15, 21], "uv_size": [0.5, 1]},
								"up": {"uv": [5, 31], "uv_size": [0.5, 0.5]},
								"down": {"uv": [31, 5.5], "uv_size": [0.5, -0.5]}
							}
						},
						{
							"origin": [-0.06054, -0.1555, -1.87736],
							"size": [0.08649, 1.10393, 0.24167],
							"inflate": -0.001,
							"pivot": [-0.00479, 0.38814, -2.05653],
							"rotation": [0, 0.8145, 90],
							"uv": {
								"north": {"uv": [21, 15], "uv_size": [0.5, 1]},
								"east": {"uv": [16, 21], "uv_size": [0.5, 1]},
								"south": {"uv": [21, 16], "uv_size": [0.5, 1]},
								"west": {"uv": [17, 21], "uv_size": [0.5, 1]},
								"up": {"uv": [6, 31], "uv_size": [0.5, 0.5]},
								"down": {"uv": [31, 6.5], "uv_size": [0.5, -0.5]}
							}
						},
						{
							"origin": [0.04376, 0.244, -2.90536],
							"size": [0.27816, 1.12893, 0.25],
							"inflate": -0.001,
							"pivot": [0.00062, 0.80847, -2.98767],
							"rotation": [0, -31.3145, -90],
							"uv": {
								"north": {"uv": [21, 17], "uv_size": [0.5, 1]},
								"east": {"uv": [18, 21], "uv_size": [0.5, 1]},
								"south": {"uv": [21, 18], "uv_size": [0.5, 1]},
								"west": {"uv": [19, 21], "uv_size": [0.5, 1]},
								"up": {"uv": [7, 31], "uv_size": [0.5, 0.5]},
								"down": {"uv": [31, 7.5], "uv_size": [0.5, -0.5]}
							}
						},
						{
							"origin": [-0.61762, 0.9619, -2.76636],
							"size": [0.16983, 0.12893, 0.25],
							"inflate": -0.001,
							"pivot": [-0.54938, 0.9847, -2.66219],
							"rotation": [25.61265, -18.66178, -146.27793],
							"uv": {
								"north": {"uv": [8, 31], "uv_size": [0.5, 0.5]},
								"east": {"uv": [31, 8], "uv_size": [0.5, 0.5]},
								"south": {"uv": [9, 31], "uv_size": [0.5, 0.5]},
								"west": {"uv": [31, 9], "uv_size": [0.5, 0.5]},
								"up": {"uv": [10, 31], "uv_size": [0.5, 0.5]},
								"down": {"uv": [31, 10.5], "uv_size": [0.5, -0.5]}
							}
						},
						{
							"origin": [0.4478, 0.9619, -2.76636],
							"size": [0.16983, 0.12893, 0.25],
							"inflate": -0.001,
							"pivot": [0.54938, 0.9847, -2.66219],
							"rotation": [25.61265, 18.66178, 146.27793],
							"uv": {
								"north": {"uv": [11, 31], "uv_size": [0.5, 0.5]},
								"east": {"uv": [31, 11], "uv_size": [0.5, 0.5]},
								"south": {"uv": [12, 31], "uv_size": [0.5, 0.5]},
								"west": {"uv": [31, 12], "uv_size": [0.5, 0.5]},
								"up": {"uv": [13, 31], "uv_size": [0.5, 0.5]},
								"down": {"uv": [31, 13.5], "uv_size": [0.5, -0.5]}
							}
						},
						{
							"origin": [-0.37596, 0.07495, -3.10661],
							"size": [0.59635, 0.81227, 0.42361],
							"inflate": -0.001,
							"pivot": [0.00062, 0.48109, -2.92467],
							"rotation": [0, -18.8145, -90],
							"uv": {
								"north": {"uv": [21, 19], "uv_size": [0.5, 1]},
								"east": {"uv": [20, 21], "uv_size": [0.5, 1]},
								"south": {"uv": [21, 20], "uv_size": [0.5, 1]},
								"west": {"uv": [21, 21], "uv_size": [0.5, 1]},
								"up": {"uv": [14, 31], "uv_size": [0.5, 0.5]},
								"down": {"uv": [31, 14.5], "uv_size": [0.5, -0.5]}
							}
						},
						{
							"origin": [0.52227, 0.39521, -2.9411],
							"size": [0.16037, 0.3738, 0.46126],
							"inflate": -0.001,
							"pivot": [0.76079, 0.78627, -2.81047],
							"rotation": [-22.49301, 23.02005, 53.36244],
							"uv": {
								"north": {"uv": [15, 31], "uv_size": [0.5, 0.5]},
								"east": {"uv": [31, 15], "uv_size": [0.5, 0.5]},
								"south": {"uv": [16, 31], "uv_size": [0.5, 0.5]},
								"west": {"uv": [31, 16], "uv_size": [0.5, 0.5]},
								"up": {"uv": [17, 31], "uv_size": [0.5, 0.5]},
								"down": {"uv": [31, 17.5], "uv_size": [0.5, -0.5]}
							}
						},
						{
							"origin": [-0.68264, 0.39521, -2.9411],
							"size": [0.16037, 0.3738, 0.46126],
							"inflate": -0.001,
							"pivot": [-0.76079, 0.78627, -2.81047],
							"rotation": [-22.49301, -23.02005, -53.36244],
							"uv": {
								"north": {"uv": [18, 31], "uv_size": [0.5, 0.5]},
								"east": {"uv": [31, 18], "uv_size": [0.5, 0.5]},
								"south": {"uv": [19, 31], "uv_size": [0.5, 0.5]},
								"west": {"uv": [31, 19], "uv_size": [0.5, 0.5]},
								"up": {"uv": [20, 31], "uv_size": [0.5, 0.5]},
								"down": {"uv": [31, 20.5], "uv_size": [0.5, -0.5]}
							}
						},
						{
							"origin": [-0.3687, 0.16097, -3.06367],
							"size": [0.1687, 0.1988, 0.66126],
							"inflate": -0.001,
							"pivot": [-0.26352, 0.3187, -2.69971],
							"rotation": [-109.97212, -18.55447, -51.20505],
							"uv": {
								"north": {"uv": [21, 31], "uv_size": [0.5, 0.5]},
								"east": {"uv": [31, 21], "uv_size": [0.5, 0.5]},
								"south": {"uv": [22, 31], "uv_size": [0.5, 0.5]},
								"west": {"uv": [31, 22], "uv_size": [0.5, 0.5]},
								"up": {"uv": [23, 31], "uv_size": [0.5, 0.5]},
								"down": {"uv": [31, 23.5], "uv_size": [0.5, -0.5]}
							}
						},
						{
							"origin": [0.2, 0.16097, -3.06367],
							"size": [0.1687, 0.1988, 0.66126],
							"inflate": -0.001,
							"pivot": [0.26352, 0.3187, -2.69971],
							"rotation": [-109.97212, 18.55447, 51.20505],
							"uv": {
								"north": {"uv": [24, 31], "uv_size": [0.5, 0.5]},
								"east": {"uv": [31, 24], "uv_size": [0.5, 0.5]},
								"south": {"uv": [25, 31], "uv_size": [0.5, 0.5]},
								"west": {"uv": [31, 25], "uv_size": [0.5, 0.5]},
								"up": {"uv": [26, 31], "uv_size": [0.5, 0.5]},
								"down": {"uv": [31, 26.5], "uv_size": [0.5, -0.5]}
							}
						},
						{
							"origin": [-0.76808, 0.1443, -2.93511],
							"size": [0.28537, 0.1988, 1.26126],
							"pivot": [-0.6254, 0.2437, -2.51698],
							"rotation": [180, -3.5, 0],
							"uv": {
								"north": {"uv": [27, 31], "uv_size": [0.5, 0.5]},
								"east": {"uv": [14, 17], "uv_size": [1.5, 0.5]},
								"south": {"uv": [31, 27], "uv_size": [0.5, 0.5]},
								"west": {"uv": [16, 17], "uv_size": [1.5, 0.5]},
								"up": {"uv": [0, 18], "uv_size": [0.5, 1.5]},
								"down": {"uv": [1, 19.5], "uv_size": [0.5, -1.5]}
							}
						},
						{
							"origin": [-0.77703, 0.1443, -2.91426],
							"size": [0.28537, 0.1988, 1.63626],
							"pivot": [-0.63435, 0.2437, -1.69613],
							"rotation": [-180, 2.25, 0],
							"uv": {
								"north": {"uv": [28, 31], "uv_size": [0.5, 0.5]},
								"east": {"uv": [17, 16], "uv_size": [1.5, 0.5]},
								"south": {"uv": [31, 28], "uv_size": [0.5, 0.5]},
								"west": {"uv": [18, 1], "uv_size": [1.5, 0.5]},
								"up": {"uv": [2, 18], "uv_size": [0.5, 1.5]},
								"down": {"uv": [18, 3.5], "uv_size": [0.5, -1.5]}
							}
						},
						{
							"origin": [0.66667, -0.0307, -2.41426],
							"size": [0.16037, 0.1988, 0.93626],
							"pivot": [0.79685, 0.0437, -1.94613],
							"rotation": [-180, 0, 44.25],
							"uv": {
								"north": {"uv": [29, 31], "uv_size": [0.5, 0.5]},
								"east": {"uv": [0, 22], "uv_size": [1, 0.5]},
								"south": {"uv": [31, 29], "uv_size": [0.5, 0.5]},
								"west": {"uv": [22, 0], "uv_size": [1, 0.5]},
								"up": {"uv": [1, 22], "uv_size": [0.5, 1]},
								"down": {"uv": [22, 2], "uv_size": [0.5, -1]}
							}
						},
						{
							"origin": [0.74167, -0.01403, -2.36426],
							"size": [0.16037, 0.0488, 0.84459],
							"pivot": [0.79685, 0.0437, -1.94613],
							"rotation": [-180, 0, 44.25],
							"uv": {
								"north": {"uv": [30, 31], "uv_size": [0.5, 0.5]},
								"east": {"uv": [2, 22], "uv_size": [1, 0.5]},
								"south": {"uv": [31, 30], "uv_size": [0.5, 0.5]},
								"west": {"uv": [22, 2], "uv_size": [1, 0.5]},
								"up": {"uv": [3, 22], "uv_size": [0.5, 1]},
								"down": {"uv": [22, 4], "uv_size": [0.5, -1]}
							}
						},
						{
							"origin": [-1.95104, 1.21312, 0.25241],
							"size": [0.16037, 0.0738, 0.04459],
							"pivot": [-1.87086, 0.16044, -0.1253],
							"rotation": [-180, 0, -90],
							"uv": {
								"north": {"uv": [31, 31], "uv_size": [0.5, 0.5]},
								"east": {"uv": [0, 32], "uv_size": [0.5, 0.5]},
								"south": {"uv": [32, 0], "uv_size": [0.5, 0.5]},
								"west": {"uv": [1, 32], "uv_size": [0.5, 0.5]},
								"up": {"uv": [32, 1], "uv_size": [0.5, 0.5]},
								"down": {"uv": [2, 32.5], "uv_size": [0.5, -0.5]}
							}
						},
						{
							"origin": [-1.95104, 1.21312, -0.62259],
							"size": [0.16037, 0.0738, 0.04459],
							"pivot": [-1.87086, 0.16044, -0.2003],
							"rotation": [-180, 0, -90],
							"uv": {
								"north": {"uv": [32, 2], "uv_size": [0.5, 0.5]},
								"east": {"uv": [3, 32], "uv_size": [0.5, 0.5]},
								"south": {"uv": [32, 3], "uv_size": [0.5, 0.5]},
								"west": {"uv": [4, 32], "uv_size": [0.5, 0.5]},
								"up": {"uv": [32, 4], "uv_size": [0.5, 0.5]},
								"down": {"uv": [5, 32.5], "uv_size": [0.5, -0.5]}
							}
						},
						{
							"origin": [-1.95104, 1.27979, -0.62259],
							"size": [0.16037, 0.0488, 0.76959],
							"pivot": [-1.87086, 0.16044, -0.2003],
							"rotation": [-180, 0, -90],
							"uv": {
								"north": {"uv": [32, 5], "uv_size": [0.5, 0.5]},
								"east": {"uv": [4, 22], "uv_size": [1, 0.5]},
								"south": {"uv": [6, 32], "uv_size": [0.5, 0.5]},
								"west": {"uv": [22, 4], "uv_size": [1, 0.5]},
								"up": {"uv": [5, 22], "uv_size": [0.5, 1]},
								"down": {"uv": [22, 6], "uv_size": [0.5, -1]}
							}
						},
						{
							"origin": [-1.95104, 1.12979, 0.43574],
							"size": [0.16037, 0.0738, 0.04459],
							"pivot": [-1.87086, 0.16044, 0.1997],
							"rotation": [-180, 0, -90],
							"uv": {
								"north": {"uv": [32, 6], "uv_size": [0.5, 0.5]},
								"east": {"uv": [7, 32], "uv_size": [0.5, 0.5]},
								"south": {"uv": [32, 7], "uv_size": [0.5, 0.5]},
								"west": {"uv": [8, 32], "uv_size": [0.5, 0.5]},
								"up": {"uv": [32, 8], "uv_size": [0.5, 0.5]},
								"down": {"uv": [9, 32.5], "uv_size": [0.5, -0.5]}
							}
						},
						{
							"origin": [-1.95104, 1.12979, 0.31074],
							"size": [0.16037, 0.0738, 0.04459],
							"pivot": [-1.87086, 0.16044, 0.1997],
							"rotation": [-180, 0, -90],
							"uv": {
								"north": {"uv": [32, 9], "uv_size": [0.5, 0.5]},
								"east": {"uv": [10, 32], "uv_size": [0.5, 0.5]},
								"south": {"uv": [32, 10], "uv_size": [0.5, 0.5]},
								"west": {"uv": [11, 32], "uv_size": [0.5, 0.5]},
								"up": {"uv": [32, 11], "uv_size": [0.5, 0.5]},
								"down": {"uv": [12, 32.5], "uv_size": [0.5, -0.5]}
							}
						},
						{
							"origin": [-1.95104, 1.12979, 0.11074],
							"size": [0.16037, 0.0738, 0.04459],
							"pivot": [-1.87086, 0.16044, -0.1253],
							"rotation": [-180, 0, -90],
							"uv": {
								"north": {"uv": [32, 12], "uv_size": [0.5, 0.5]},
								"east": {"uv": [13, 32], "uv_size": [0.5, 0.5]},
								"south": {"uv": [32, 13], "uv_size": [0.5, 0.5]},
								"west": {"uv": [14, 32], "uv_size": [0.5, 0.5]},
								"up": {"uv": [32, 14], "uv_size": [0.5, 0.5]},
								"down": {"uv": [15, 32.5], "uv_size": [0.5, -0.5]}
							}
						},
						{
							"origin": [-1.95104, 1.12979, -0.01426],
							"size": [0.16037, 0.0738, 0.04459],
							"pivot": [-1.87086, 0.16044, -0.1253],
							"rotation": [-180, 0, -90],
							"uv": {
								"north": {"uv": [32, 15], "uv_size": [0.5, 0.5]},
								"east": {"uv": [16, 32], "uv_size": [0.5, 0.5]},
								"south": {"uv": [32, 16], "uv_size": [0.5, 0.5]},
								"west": {"uv": [17, 32], "uv_size": [0.5, 0.5]},
								"up": {"uv": [32, 17], "uv_size": [0.5, 0.5]},
								"down": {"uv": [18, 32.5], "uv_size": [0.5, -0.5]}
							}
						},
						{
							"origin": [-1.95104, 1.17146, -0.62259],
							"size": [0.16037, 0.0488, 0.76959],
							"pivot": [-1.87086, 0.16044, -0.2003],
							"rotation": [-180, 0, -90],
							"uv": {
								"north": {"uv": [32, 18], "uv_size": [0.5, 0.5]},
								"east": {"uv": [6, 22], "uv_size": [1, 0.5]},
								"south": {"uv": [19, 32], "uv_size": [0.5, 0.5]},
								"west": {"uv": [22, 6], "uv_size": [1, 0.5]},
								"up": {"uv": [7, 22], "uv_size": [0.5, 1]},
								"down": {"uv": [22, 8], "uv_size": [0.5, -1]}
							}
						},
						{
							"origin": [0.74167, 0.0943, -2.36426],
							"size": [0.16037, 0.0488, 0.84459],
							"pivot": [0.79685, 0.0437, -1.94613],
							"rotation": [-180, 0, 44.25],
							"uv": {
								"north": {"uv": [32, 19], "uv_size": [0.5, 0.5]},
								"east": {"uv": [8, 22], "uv_size": [1, 0.5]},
								"south": {"uv": [20, 32], "uv_size": [0.5, 0.5]},
								"west": {"uv": [22, 8], "uv_size": [1, 0.5]},
								"up": {"uv": [9, 22], "uv_size": [0.5, 1]},
								"down": {"uv": [22, 10], "uv_size": [0.5, -1]}
							}
						},
						{
							"origin": [0.74167, 0.02764, -1.56426],
							"size": [0.16037, 0.0738, 0.04459],
							"pivot": [0.79685, 0.0437, -1.94613],
							"rotation": [-180, 0, 44.25],
							"uv": {
								"north": {"uv": [32, 20], "uv_size": [0.5, 0.5]},
								"east": {"uv": [21, 32], "uv_size": [0.5, 0.5]},
								"south": {"uv": [32, 21], "uv_size": [0.5, 0.5]},
								"west": {"uv": [22, 32], "uv_size": [0.5, 0.5]},
								"up": {"uv": [32, 22], "uv_size": [0.5, 0.5]},
								"down": {"uv": [23, 32.5], "uv_size": [0.5, -0.5]}
							}
						},
						{
							"origin": [0.74167, 0.02764, -2.36426],
							"size": [0.16037, 0.0738, 0.04459],
							"pivot": [0.79685, 0.0437, -1.94613],
							"rotation": [-180, 0, 44.25],
							"uv": {
								"north": {"uv": [32, 23], "uv_size": [0.5, 0.5]},
								"east": {"uv": [24, 32], "uv_size": [0.5, 0.5]},
								"south": {"uv": [32, 24], "uv_size": [0.5, 0.5]},
								"west": {"uv": [25, 32], "uv_size": [0.5, 0.5]},
								"up": {"uv": [32, 25], "uv_size": [0.5, 0.5]},
								"down": {"uv": [26, 32.5], "uv_size": [0.5, -0.5]}
							}
						},
						{
							"origin": [0.64583, -0.2506, -0.20153],
							"size": [0.82287, 0.54046, 0.02793],
							"pivot": [0.83852, -0.08871, -0.18757],
							"rotation": [90, 45, 90],
							"uv": {
								"north": {"uv": [5, 33], "uv_size": [0.5, 0.5]},
								"east": {"uv": [33, 5], "uv_size": [0.5, 0.5]},
								"south": {"uv": [6, 33], "uv_size": [0.5, 0.5]},
								"west": {"uv": [33, 6], "uv_size": [0.5, 0.5]},
								"up": {"uv": [7, 33], "uv_size": [0.5, 0.5]},
								"down": {"uv": [33, 7.5], "uv_size": [0.5, -0.5]}
							}
						},
						{
							"origin": [0.64583, -0.64879, -0.72535],
							"size": [1.44787, 0.54046, 0.02793],
							"pivot": [0.83852, -0.4869, -0.71139],
							"rotation": [0, 90, 0],
							"uv": {
								"north": {"uv": [5, 33], "uv_size": [0.5, 0.5]},
								"east": {"uv": [33, 5], "uv_size": [0.5, 0.5]},
								"south": {"uv": [6, 33], "uv_size": [0.5, 0.5]},
								"west": {"uv": [33, 6], "uv_size": [0.5, 0.5]},
								"up": {"uv": [7, 33], "uv_size": [0.5, 0.5]},
								"down": {"uv": [33, 7.5], "uv_size": [0.5, -0.5]}
							}
						},
						{
							"origin": [1.39583, -1.09028, -1.47198],
							"size": [0.26037, 0.54046, 0.02793],
							"pivot": [0.83852, -0.92839, -1.45802],
							"rotation": [-90, 45, -90],
							"uv": {
								"north": {"uv": [5, 33], "uv_size": [0.5, 0.5]},
								"east": {"uv": [33, 5], "uv_size": [0.5, 0.5]},
								"south": {"uv": [6, 33], "uv_size": [0.5, 0.5]},
								"west": {"uv": [33, 6], "uv_size": [0.5, 0.5]},
								"up": {"uv": [7, 33], "uv_size": [0.5, 0.5]},
								"down": {"uv": [33, 7.5], "uv_size": [0.5, -0.5]}
							}
						},
						{
							"origin": [1.39583, -1.18388, -2.00275],
							"size": [0.51037, 0.54046, 0.02793],
							"pivot": [0.83852, -1.02199, -1.98879],
							"rotation": [-90, 0, -90],
							"uv": {
								"north": {"uv": [5, 33], "uv_size": [0.5, 0.5]},
								"east": {"uv": [33, 5], "uv_size": [0.5, 0.5]},
								"south": {"uv": [6, 33], "uv_size": [0.5, 0.5]},
								"west": {"uv": [33, 6], "uv_size": [0.5, 0.5]},
								"up": {"uv": [7, 33], "uv_size": [0.5, 0.5]},
								"down": {"uv": [33, 7.5], "uv_size": [0.5, -0.5]}
							}
						},
						{
							"origin": [0.01736, 0.17806, 0.63219],
							"size": [0.53537, 0.60296, 0.02793],
							"pivot": [0.02887, 0.51079, -0.1635],
							"rotation": [90, 11, 90],
							"uv": {
								"north": {"uv": [8, 33], "uv_size": [0.5, 0.5]},
								"east": {"uv": [33, 8], "uv_size": [0.5, 0.5]},
								"south": {"uv": [9, 33], "uv_size": [0.5, 0.5]},
								"west": {"uv": [33, 9], "uv_size": [0.5, 0.5]},
								"up": {"uv": [10, 33], "uv_size": [0.5, 0.5]},
								"down": {"uv": [33, 10.5], "uv_size": [0.5, -0.5]}
							}
						},
						{
							"origin": [0.36703, 0.17806, 0.3468],
							"size": [0.28537, 0.60296, 0.02793],
							"pivot": [0.02887, 0.51079, -0.1635],
							"rotation": [81.53066, 7.04505, 39.4777],
							"uv": {
								"north": {"uv": [11, 33], "uv_size": [0.5, 0.5]},
								"east": {"uv": [33, 11], "uv_size": [0.5, 0.5]},
								"south": {"uv": [12, 33], "uv_size": [0.5, 0.5]},
								"west": {"uv": [33, 12], "uv_size": [0.5, 0.5]},
								"up": {"uv": [13, 33], "uv_size": [0.5, 0.5]},
								"down": {"uv": [33, 13.5], "uv_size": [0.5, -0.5]}
							}
						},
						{
							"origin": [-0.65149, 0.17806, 0.00351],
							"size": [1.28537, 0.60296, 0.02793],
							"pivot": [0.02887, 0.51079, -0.1635],
							"rotation": [79, 0, 0],
							"uv": {
								"north": {"uv": [7, 18], "uv_size": [1.5, 0.5]},
								"east": {"uv": [14, 33], "uv_size": [0.5, 0.5]},
								"south": {"uv": [18, 7], "uv_size": [1.5, 0.5]},
								"west": {"uv": [33, 14], "uv_size": [0.5, 0.5]},
								"up": {"uv": [18, 8], "uv_size": [1.5, 0.5]},
								"down": {"uv": [9, 18.5], "uv_size": [1.5, -0.5]}
							}
						},
						{
							"origin": [-0.48199, 0.17806, 0.45506],
							"size": [0.22287, 0.60296, 0.02793],
							"pivot": [0.02887, 0.51079, -0.1635],
							"rotation": [82.87807, -8.40493, -49.47602],
							"uv": {
								"north": {"uv": [15, 33], "uv_size": [0.5, 0.5]},
								"east": {"uv": [33, 15], "uv_size": [0.5, 0.5]},
								"south": {"uv": [16, 33], "uv_size": [0.5, 0.5]},
								"west": {"uv": [33, 16], "uv_size": [0.5, 0.5]},
								"up": {"uv": [17, 33], "uv_size": [0.5, 0.5]},
								"down": {"uv": [33, 17.5], "uv_size": [0.5, -0.5]}
							}
						},
						{
							"origin": [-0.16979, 0.17806, 0.63219],
							"size": [0.22287, 0.60296, 0.02793],
							"pivot": [0.02887, 0.51079, -0.1635],
							"rotation": [90, -11, -90],
							"uv": {
								"north": {"uv": [18, 33], "uv_size": [0.5, 0.5]},
								"east": {"uv": [33, 18], "uv_size": [0.5, 0.5]},
								"south": {"uv": [19, 33], "uv_size": [0.5, 0.5]},
								"west": {"uv": [33, 19], "uv_size": [0.5, 0.5]},
								"up": {"uv": [20, 33], "uv_size": [0.5, 0.5]},
								"down": {"uv": [33, 20.5], "uv_size": [0.5, -0.5]}
							}
						},
						{
							"origin": [-0.16979, 0.0104, 0.59925],
							"size": [0.22287, 0.60296, 0.02793],
							"pivot": [0.02887, 0.34313, -0.19644],
							"rotation": [90, 0, -90],
							"uv": {
								"north": {"uv": [21, 33], "uv_size": [0.5, 0.5]},
								"east": {"uv": [33, 21], "uv_size": [0.5, 0.5]},
								"south": {"uv": [22, 33], "uv_size": [0.5, 0.5]},
								"west": {"uv": [33, 22], "uv_size": [0.5, 0.5]},
								"up": {"uv": [23, 33], "uv_size": [0.5, 0.5]},
								"down": {"uv": [33, 23.5], "uv_size": [0.5, -0.5]}
							}
						},
						{
							"origin": [0.74167, -0.0557, -1.70593],
							"size": [0.16037, 0.0738, 0.04459],
							"pivot": [0.79685, 0.0437, -1.94613],
							"rotation": [-180, 0, 44.25],
							"uv": {
								"north": {"uv": [24, 33], "uv_size": [0.5, 0.5]},
								"east": {"uv": [33, 24], "uv_size": [0.5, 0.5]},
								"south": {"uv": [25, 33], "uv_size": [0.5, 0.5]},
								"west": {"uv": [33, 25], "uv_size": [0.5, 0.5]},
								"up": {"uv": [26, 33], "uv_size": [0.5, 0.5]},
								"down": {"uv": [33, 26.5], "uv_size": [0.5, -0.5]}
							}
						},
						{
							"origin": [0.74167, -0.0557, -1.43093],
							"size": [0.16037, 0.0738, 0.04459],
							"pivot": [0.79685, 0.0437, -1.54613],
							"rotation": [-180, 0, 44.25],
							"uv": {
								"north": {"uv": [27, 33], "uv_size": [0.5, 0.5]},
								"east": {"uv": [33, 27], "uv_size": [0.5, 0.5]},
								"south": {"uv": [28, 33], "uv_size": [0.5, 0.5]},
								"west": {"uv": [33, 28], "uv_size": [0.5, 0.5]},
								"up": {"uv": [29, 33], "uv_size": [0.5, 0.5]},
								"down": {"uv": [33, 29.5], "uv_size": [0.5, -0.5]}
							}
						},
						{
							"origin": [0.74167, -0.0557, -1.30593],
							"size": [0.16037, 0.0738, 0.04459],
							"pivot": [0.79685, 0.0437, -1.54613],
							"rotation": [-180, 0, 44.25],
							"uv": {
								"north": {"uv": [30, 33], "uv_size": [0.5, 0.5]},
								"east": {"uv": [33, 30], "uv_size": [0.5, 0.5]},
								"south": {"uv": [31, 33], "uv_size": [0.5, 0.5]},
								"west": {"uv": [33, 31], "uv_size": [0.5, 0.5]},
								"up": {"uv": [32, 33], "uv_size": [0.5, 0.5]},
								"down": {"uv": [33, 32.5], "uv_size": [0.5, -0.5]}
							}
						},
						{
							"origin": [0.74167, -0.0557, -1.83093],
							"size": [0.16037, 0.0738, 0.04459],
							"pivot": [0.79685, 0.0437, -1.94613],
							"rotation": [-180, 0, 44.25],
							"uv": {
								"north": {"uv": [33, 33], "uv_size": [0.5, 0.5]},
								"east": {"uv": [0, 34], "uv_size": [0.5, 0.5]},
								"south": {"uv": [34, 0], "uv_size": [0.5, 0.5]},
								"west": {"uv": [1, 34], "uv_size": [0.5, 0.5]},
								"up": {"uv": [34, 1], "uv_size": [0.5, 0.5]},
								"down": {"uv": [2, 34.5], "uv_size": [0.5, -0.5]}
							}
						},
						{
							"origin": [0.63892, 0.15935, -0.46426],
							"size": [0.18537, 0.0488, 0.93626],
							"pivot": [0.79411, 0.18374, -0.97113],
							"rotation": [-180, 0, 45],
							"uv": {
								"north": {"uv": [34, 2], "uv_size": [0.5, 0.5]},
								"east": {"uv": [12, 22], "uv_size": [1, 0.5]},
								"south": {"uv": [3, 34], "uv_size": [0.5, 0.5]},
								"west": {"uv": [22, 12], "uv_size": [1, 0.5]},
								"up": {"uv": [13, 22], "uv_size": [0.5, 1]},
								"down": {"uv": [22, 14], "uv_size": [0.5, -1]}
							}
						},
						{
							"origin": [-0.65603, -0.31083, -3.8399],
							"size": [0.20603, 0.065, 2.90593],
							"inflate": -0.002,
							"uv": {
								"north": {"uv": [34, 3], "uv_size": [0.5, 0.5]},
								"east": {"uv": [9, 8], "uv_size": [3, 0.5]},
								"south": {"uv": [4, 34], "uv_size": [0.5, 0.5]},
								"west": {"uv": [9, 9], "uv_size": [3, 0.5]},
								"up": {"uv": [2, 9], "uv_size": [0.5, 3]},
								"down": {"uv": [6, 12], "uv_size": [0.5, -3]}
							}
						},
						{
							"origin": [0.45, -0.31083, -3.8399],
							"size": [0.20603, 0.065, 1.43093],
							"inflate": -0.002,
							"uv": {
								"north": {"uv": [34, 4], "uv_size": [0.5, 0.5]},
								"east": {"uv": [18, 10], "uv_size": [1.5, 0.5]},
								"south": {"uv": [5, 34], "uv_size": [0.5, 0.5]},
								"west": {"uv": [11, 18], "uv_size": [1.5, 0.5]},
								"up": {"uv": [18, 11], "uv_size": [0.5, 1.5]},
								"down": {"uv": [13, 19.5], "uv_size": [0.5, -1.5]}
							}
						}
					]
				},
				{
					"name": "lock",
					"parent": "scope_body",
					"pivot": [0.99797, -0.11996, -2.90647],
					"rotation": [0, 5, 0],
					"cubes": [
						{
							"origin": [0.94296, -0.16506, -3.00291],
							"size": [0.175, 0.08768, 0.66491],
							"pivot": [1.03046, -0.12121, -2.50796],
							"rotation": [20.5, 0, 90],
							"uv": {
								"north": {"uv": [34, 5], "uv_size": [0.5, 0.5]},
								"east": {"uv": [6, 34], "uv_size": [0.5, 0.5]},
								"south": {"uv": [34, 6], "uv_size": [0.5, 0.5]},
								"west": {"uv": [7, 34], "uv_size": [0.5, 0.5]},
								"up": {"uv": [34, 7], "uv_size": [0.5, 0.5]},
								"down": {"uv": [8, 34.5], "uv_size": [0.5, -0.5]}
							}
						},
						{
							"origin": [1.77908, 0.60799, -2.3637],
							"size": [0.375, 0.11268, 0.33991],
							"pivot": [1.1352, 0.71017, -2.25208],
							"rotation": [7.5, 0, 90],
							"uv": {
								"north": {"uv": [34, 8], "uv_size": [0.5, 0.5]},
								"east": {"uv": [9, 34], "uv_size": [0.5, 0.5]},
								"south": {"uv": [34, 9], "uv_size": [0.5, 0.5]},
								"west": {"uv": [10, 34], "uv_size": [0.5, 0.5]},
								"up": {"uv": [34, 10], "uv_size": [0.5, 0.5]},
								"down": {"uv": [11, 34.5], "uv_size": [0.5, -0.5]}
							}
						},
						{
							"origin": [0.87083, -0.02756, -2.39224],
							"size": [0.1, 0.08768, 0.13991],
							"pivot": [0.92083, 0.01629, -2.49728],
							"rotation": [47.5, 0, 90],
							"uv": {
								"north": {"uv": [34, 11], "uv_size": [0.5, 0.5]},
								"east": {"uv": [12, 34], "uv_size": [0.5, 0.5]},
								"south": {"uv": [34, 12], "uv_size": [0.5, 0.5]},
								"west": {"uv": [13, 34], "uv_size": [0.5, 0.5]},
								"up": {"uv": [34, 13], "uv_size": [0.5, 0.5]},
								"down": {"uv": [14, 34.5], "uv_size": [0.5, -0.5]}
							}
						},
						{
							"origin": [1.60052, 0.63299, -3.18817],
							"size": [0.1, 0.08768, 0.78991],
							"pivot": [0.95664, 0.71017, -3.07655],
							"rotation": [7.5, 0, 90],
							"uv": {
								"north": {"uv": [34, 14], "uv_size": [0.5, 0.5]},
								"east": {"uv": [14, 22], "uv_size": [1, 0.5]},
								"south": {"uv": [15, 34], "uv_size": [0.5, 0.5]},
								"west": {"uv": [22, 14], "uv_size": [1, 0.5]},
								"up": {"uv": [15, 22], "uv_size": [0.5, 1]},
								"down": {"uv": [22, 16], "uv_size": [0.5, -1]}
							}
						},
						{
							"origin": [1.60052, 0.35799, -3.18817],
							"size": [0.1, 0.08768, 0.78991],
							"pivot": [0.95664, 0.43517, -3.07655],
							"rotation": [7.5, 0, 90],
							"uv": {
								"north": {"uv": [34, 15], "uv_size": [0.5, 0.5]},
								"east": {"uv": [16, 22], "uv_size": [1, 0.5]},
								"south": {"uv": [16, 34], "uv_size": [0.5, 0.5]},
								"west": {"uv": [22, 16], "uv_size": [1, 0.5]},
								"up": {"uv": [17, 22], "uv_size": [0.5, 1]},
								"down": {"uv": [22, 18], "uv_size": [0.5, -1]}
							}
						},
						{
							"origin": [1.56011, 0.59204, -3.64569],
							"size": [0.3722, 0.05435, 0.24824],
							"pivot": [0.98218, 0.64422, -3.53407],
							"rotation": [7.5, 0, 90],
							"uv": {
								"north": {"uv": [34, 16], "uv_size": [0.5, 0.5]},
								"east": {"uv": [17, 34], "uv_size": [0.5, 0.5]},
								"south": {"uv": [34, 17], "uv_size": [0.5, 0.5]},
								"west": {"uv": [18, 34], "uv_size": [0.5, 0.5]},
								"up": {"uv": [34, 18], "uv_size": [0.5, 0.5]},
								"down": {"uv": [19, 34.5], "uv_size": [0.5, -0.5]}
							}
						},
						{
							"origin": [0.77235, -0.19559, -3.70055],
							"size": [0.3722, 0.05435, 0.09824],
							"pivot": [1.00705, -0.16841, -3.72643],
							"rotation": [-33.5, 0, 90],
							"uv": {
								"north": {"uv": [34, 19], "uv_size": [0.5, 0.5]},
								"east": {"uv": [20, 34], "uv_size": [0.5, 0.5]},
								"south": {"uv": [34, 20], "uv_size": [0.5, 0.5]},
								"west": {"uv": [21, 34], "uv_size": [0.5, 0.5]},
								"up": {"uv": [34, 21], "uv_size": [0.5, 0.5]},
								"down": {"uv": [22, 34.5], "uv_size": [0.5, -0.5]}
							}
						},
						{
							"origin": [1.71388, 0.46078, -3.39829],
							"size": [0.1, 0.05435, 0.09824],
							"pivot": [0.995, 0.51296, -3.43667],
							"rotation": [7.5, 0, 90],
							"uv": {
								"north": {"uv": [34, 22], "uv_size": [0.5, 0.5]},
								"east": {"uv": [23, 34], "uv_size": [0.5, 0.5]},
								"south": {"uv": [34, 23], "uv_size": [0.5, 0.5]},
								"west": {"uv": [24, 34], "uv_size": [0.5, 0.5]},
								"up": {"uv": [34, 24], "uv_size": [0.5, 0.5]},
								"down": {"uv": [25, 34.5], "uv_size": [0.5, -0.5]}
							}
						},
						{
							"origin": [0.87083, -0.30256, -2.39224],
							"size": [0.1, 0.08768, 0.13991],
							"pivot": [0.92083, -0.25871, -2.49728],
							"rotation": [47.5, 0, 90],
							"uv": {
								"north": {"uv": [34, 25], "uv_size": [0.5, 0.5]},
								"east": {"uv": [26, 34], "uv_size": [0.5, 0.5]},
								"south": {"uv": [34, 26], "uv_size": [0.5, 0.5]},
								"west": {"uv": [27, 34], "uv_size": [0.5, 0.5]},
								"up": {"uv": [34, 27], "uv_size": [0.5, 0.5]},
								"down": {"uv": [28, 34.5], "uv_size": [0.5, -0.5]}
							}
						},
						{
							"origin": [1.71388, 0.73299, -3.39829],
							"size": [0.1, 0.05435, 0.09824],
							"pivot": [0.995, 0.78517, -3.43667],
							"rotation": [7.5, 0, 90],
							"uv": {
								"north": {"uv": [34, 28], "uv_size": [0.5, 0.5]},
								"east": {"uv": [29, 34], "uv_size": [0.5, 0.5]},
								"south": {"uv": [34, 29], "uv_size": [0.5, 0.5]},
								"west": {"uv": [30, 34], "uv_size": [0.5, 0.5]},
								"up": {"uv": [34, 30], "uv_size": [0.5, 0.5]},
								"down": {"uv": [31, 34.5], "uv_size": [0.5, -0.5]}
							}
						}
					]
				},
				{
					"name": "x",
					"parent": "lock",
					"pivot": [0.96572, -0.05732, -3.18254],
					"cubes": [
						{
							"origin": [0.69244, -0.10659, -3.3015],
							"size": [0.41251, 0.09855, 0.23791],
							"pivot": [0.96572, -0.05732, -3.18254],
							"rotation": [-45, 0, -90],
							"uv": {
								"north": {"uv": [34, 31], "uv_size": [0.5, 0.5]},
								"east": {"uv": [32, 34], "uv_size": [0.5, 0.5]},
								"south": {"uv": [34, 32], "uv_size": [0.5, 0.5]},
								"west": {"uv": [33, 34], "uv_size": [0.5, 0.5]},
								"up": {"uv": [34, 33], "uv_size": [0.5, 0.5]},
								"down": {"uv": [34, 34.5], "uv_size": [0.5, -0.5]}
							}
						},
						{
							"origin": [0.69244, -0.10659, -3.3015],
							"size": [0.41251, 0.09855, 0.23791],
							"pivot": [0.96572, -0.05732, -3.18254],
							"rotation": [0, 0, -90],
							"uv": {
								"north": {"uv": [0, 35], "uv_size": [0.5, 0.5]},
								"east": {"uv": [35, 0], "uv_size": [0.5, 0.5]},
								"south": {"uv": [1, 35], "uv_size": [0.5, 0.5]},
								"west": {"uv": [35, 1], "uv_size": [0.5, 0.5]},
								"up": {"uv": [2, 35], "uv_size": [0.5, 0.5]},
								"down": {"uv": [35, 2.5], "uv_size": [0.5, -0.5]}
							}
						},
						{
							"origin": [0.69244, -0.17627, -3.23182],
							"size": [0.41251, 0.23791, 0.09855],
							"pivot": [0.96572, -0.05732, -3.18254],
							"rotation": [-45, 0, -90],
							"uv": {
								"north": {"uv": [3, 35], "uv_size": [0.5, 0.5]},
								"east": {"uv": [35, 3], "uv_size": [0.5, 0.5]},
								"south": {"uv": [4, 35], "uv_size": [0.5, 0.5]},
								"west": {"uv": [35, 4], "uv_size": [0.5, 0.5]},
								"up": {"uv": [5, 35], "uv_size": [0.5, 0.5]},
								"down": {"uv": [35, 5.5], "uv_size": [0.5, -0.5]}
							}
						},
						{
							"origin": [0.69244, -0.17627, -3.23182],
							"size": [0.41251, 0.23791, 0.09855],
							"pivot": [0.96572, -0.05732, -3.18254],
							"rotation": [0, 0, -90],
							"uv": {
								"north": {"uv": [6, 35], "uv_size": [0.5, 0.5]},
								"east": {"uv": [35, 6], "uv_size": [0.5, 0.5]},
								"south": {"uv": [7, 35], "uv_size": [0.5, 0.5]},
								"west": {"uv": [35, 7], "uv_size": [0.5, 0.5]},
								"up": {"uv": [8, 35], "uv_size": [0.5, 0.5]},
								"down": {"uv": [35, 8.5], "uv_size": [0.5, -0.5]}
							}
						}
					]
				}
			]
		}
	]
}