{
  "ammo": "cod:cod_sniper",
  "ammo_amount": 30,
  "extended_mag_ammo_amount": [
    45,
    60,
    75
  ],
  "bolt": "manual_action",
  "rpm": 222,
  "bullet": {
    "life": 0.8,
    "bullet_amount": 1,
    "damage": 40,
    "tracer_count_interval": 0,
    "extra_damage": {
      "armor_ignore": 0.50,
      "head_shot_multiplier": 2,
      "damage_adjust": [
        {"distance": 15, "damage": 40},
        {"distance": 30, "damage": 38},
        {"distance": 60, "damage": 36},
        {"distance": "infinite", "damage": 32}
      ]
    },
    "speed": 770,
    "gravity": 0.098,
    "knockback": 0,
    "friction": 0.015,
    "ignite": false,
    "pierce": 2
  },
  "reload": {
    "type": "magazine",
    "feed": {
      "empty": 2.85,
      "tactical": 1.6
    },
    "cooldown": {
      "empty": 3.1,
      "tactical": 2.3
    }
  },
  "draw_time": 0.85,
  "put_away_time": 0.4667,
  "aim_time": 0.251,
  "sprint_time": 0.2,
  "bolt_action_time": 0.5,
  "weight": 6.5,
  "movement_speed": {
    "base": 0.0,
    "aim": -0.5,
    "reload": -0.2
  },
  "crawl_recoil_multiplier": 0.25,
  "fire_mode": [
    "semi"
  ],
  "recoil": {
    "pitch": [
      {"time": 0, "value": [2, 2]},
      {"time": 0.25, "value": [2, 2]},
      {"time": 0.57, "value": [-0.5, -0.5]},
      {"time": 0.82, "value": [0.25, 0.25]},
      {"time": 1.17, "value": [0, 0]},
      {"time": 1.47, "value": [0, 0]}
    ],
    "yaw": [
      {"time": 0, "value": [-0.6, -0.5]},
      {"time": 0.32, "value": [-0.6, -0.5]},
      {"time": 0.57, "value": [0, 0]}
    ]
  },
  "inaccuracy": {
    "stand": 7.5,
    "move": 8,
    "sneak": 6.5,
    "lie": 4.5,
    "aim": 0.08
  },
  "melee": {
    "distance": 1,
    "cooldown": 1.0,
    "default": {
      "animation_type": "melee_stock",
      "distance": 0,
      "range_angle": 30,
      "damage": 2,
      "knockback": 0.75,
      "prep": 0.1
    }
  },
  "allow_attachment_types": [
    "extended_mag",
    "scope",
    "grip",
    "muzzle"
  ],
  "builtin_attachments": {
    "scope": "tacz:scope_lpvo_1_6"
  },
  "exclusive_attachments": {
    "tacz:scope_lpvo_1_6": {
      "weight": 2.0,
      "ads_addend": 0.04,
      "inaccuracy_addend": -0.4,
      "recoil_modifier": {
        "pitch": -0.2,
        "yaw": -0.1
      }
    }
  }
}