{
	"format_version": "1.8.0",
	"animations": {
		"animation.model.reload": {
			"loop": true,
			"animation_length": 4.7667,
			"bones": {
				"main": {
					"rotation": {
						"0.0": [0, 0, 0],
						"0.5667": [0, 0, -6.97],
						"0.6333": [0, 0, -5],
						"0.6667": [0, 0, -6.25],
						"0.7333": [0, 0, -2.5],
						"0.8": [0, 0, -1.5],
						"0.9": [0, 0, -5.46],
						"1.0": [0, 0, -5.73],
						"1.2333": [0, 0, -10],
						"1.3": [0, 0, -7.5],
						"1.4667": [0, 0, -5.5],
						"1.5667": [0, 0, -8.75],
						"1.6667": [0, 0, -7.46],
						"1.7333": [0, 0, -8.48],
						"2.0": [0, 0, -7.5],
						"2.1": [0, 0, -1],
						"2.2": [0, 0, -7.5],
						"2.3": [-0.02455, -0.0203, -9.28167],
						"2.5333": [-0.08415, -0.06478, -6.77225],
						"2.7": [0.27616, 0.23223, -9.97327],
						"2.7667": [0, 0, -7.5],
						"2.8333": [0, 0, -3.25],
						"2.9667": [0, 0, -8.03],
						"3.4": [0, 0, -3.59],
						"3.5333": [0, 0, -5.34],
						"3.6333": [0, 0, -3.65],
						"3.9333": [0, 0, -2.59],
						"4.0333": [0, 0, -4.78],
						"4.3": [0, 0, -3.28],
						"4.6667": [0, 0, 0.58],
						"4.7667": [0, 0, 0]
					},
					"position": {
						"0.0": [0, 0, 0],
						"4.7667": [0, 0, 0]
					}
				},
				"gun": {
					"rotation": {
						"0.0": [0, 0, 0],
						"0.1667": [0, 0, 15],
						"0.2667": [0, 0, -2.5],
						"0.4": [0, 0, 10.2],
						"3.7": [0, 0, 15],
						"3.8333": [0, 0, 0],
						"3.9667": [0, 0, -2.5],
						"4.0667": [0, 0, 0],
						"4.7667": [0, 0, 0]
					},
					"position": {
						"0.0": [0, 0, 0],
						"0.1333": [4, 0, 0],
						"0.2667": [2.85, 0, 0],
						"0.3": [3.5, -0.75, 0],
						"0.3667": [3.76, 0, 0],
						"3.7": [4, 0, 0],
						"3.8": [0, 0, 0],
						"3.9333": [1, 0, 0],
						"4.1333": [0, 0, 0],
						"4.7667": [0, 0, 0]
					}
				},
				"Fallingblock": {
					"position": {
						"0.0": [0, 0, 0],
						"0.5": [0, 0, 0],
						"0.6667": [0, -3, 0],
						"4.1667": [0, -3, 0],
						"4.3333": [0, 0, 0]
					}
				},
				"Hinge": {
					"rotation": {
						"0.0": [0, 0, 0],
						"0.5": [0, 0, 0],
						"0.6667": [-42.5, 0, 0],
						"4.1667": [-42.5, 0, 0],
						"4.3333": [0, 0, 0]
					},
					"position": {
						"0.0": [0, 0, 0],
						"0.5": [0, 0, 0]
					}
				},
				"rightarm": {
					"rotation": {
						"0.0": [0, 0, 0],
						"0.2667": [0, 0, 0],
						"0.4667": [-7.5, 0, 0],
						"0.6": [-32.5, 0, 0],
						"0.8333": [34.51399, 0.87338, -1.52174],
						"0.8667": [34.12467, 5.71561, 6.33046],
						"0.9333": [36.1135, 5.46281, -0.81421],
						"1.0333": [37.5, 0, 0],
						"1.2": [0, 2.5, 0],
						"1.3667": [6.94569, -7.27946, 2.16331],
						"1.6": [6.94569, -7.27946, 2.16331],
						"1.8333": [-58.34531, -16.67935, 22.83068],
						"2.1": [-58.34531, -16.67935, 22.83068],
						"2.1667": [-58.34531, -16.67935, -19.66932],
						"2.4667": [-58.34531, -16.67935, 25.33068],
						"2.7": [82.09379, -11.04144, -8.48437],
						"3.0333": [16.76649, 5.49722, 17.81197],
						"3.1": [6.76885, 4.31376, 19.71577],
						"3.2333": [10.35995, 9.00694, 21.29237],
						"3.3": [15.5731, 8.65096, 34.45781],
						"3.4667": [16.90112, 12.83071, 26.03243],
						"3.6667": [-5.25815, -7.18445, 24.25446],
						"4.1667": [22.24185, -7.18445, 24.25446],
						"4.3333": [21.6025, -8.1848, 26.68513],
						"4.5667": [22.75234, -7.67325, 25.01731],
						"4.7": [0, 0, 0]
					},
					"position": {
						"0.0": [0, 0, 0],
						"0.2667": [0, 0, 0],
						"0.5": [0, -6, -10],
						"0.6667": [0, -18, -17],
						"0.8333": [0, -5, -12],
						"1.0667": [0, -4, -12],
						"1.2333": [-2, 6, -12],
						"1.4": [1, 13, -18],
						"1.6": [1, 13, -8],
						"1.8333": [-7, 0, -13],
						"2.0667": [-7, 0, -13],
						"2.4": [-5, 0, -17],
						"2.9667": [-5, 7, -9],
						"3.1": [-4, 9, -2],
						"3.2": [-1, 14, 2],
						"3.3": [7.25, 18, -2.5],
						"3.4667": [8, 18, -16],
						"3.7333": [-6, 15, -16],
						"4.2": [-6, 1.5, -12],
						"4.3": [-4, 6, -4],
						"4.5": [-3.58, 5.37, -4.58],
						"4.7667": [0, 0, 0]
					}
				},
				"leftarm": {
					"rotation": {
						"0.0": [0, 0, 0],
						"3.8": [-3.48101, -1.52013, -8.05358],
						"3.9333": [0.10262, -0.26797, -0.31861],
						"4.0667": [0.41379, -0.24283, 0.6853],
						"4.3667": [0, 0, 0],
						"4.7667": [0, 0, 0]
					},
					"position": {
						"0.0": [0, 0, 0],
						"0.1667": [1.67, 0, 2.17],
						"0.2333": [2, 0, 5],
						"0.3": [1.73, 0, 5],
						"0.3667": [1.97, 0, 5],
						"3.7": [4.9, -0.29, 4.81],
						"3.8": [-0.16, -0.3, 4.8],
						"3.9667": [1, 0, 5],
						"4.1333": [0.7, 0, 5],
						"4.3667": [0, 0, 0],
						"4.7667": [0, 0, 0]
					}
				},
				"bullet": {
					"rotation": {
						"0.0": [0, 0, 0],
						"1.4": [0, 0, 0],
						"1.6": [0, 0, 0],
						"1.8333": [-77.5, 0, 0],
						"2.1": [-77.5, 0, 0],
						"2.1667": [-78.42482, 4.75113, -52.01816],
						"2.2": [-101.28543, 11.61481, -168.01411],
						"2.2333": [0, 0, 0],
						"4.7667": [0, 0, 0]
					},
					"position": {
						"0.0": [0, 0, 0],
						"1.4": [0, 0, 0],
						"1.6": [0, 0, 11.5],
						"1.8333": [-4, 2.8, 21.5],
						"2.1": [-4, 2.8, 21.5],
						"2.1667": [-25, 3.8, 21.5],
						"2.2": [-56, -2.2, 17.5],
						"2.2333": [-49, -31, 20],
						"2.3333": [-45, -37, 20],
						"2.3667": [3, -38, 20],
						"2.9667": [-7, -21, 11],
						"3.0333": [-8, -16, 13],
						"3.1": [-8, -10, 15],
						"3.2": [-8, -5, 19],
						"3.2333": [-8, -5, 17],
						"3.3": [-1, 0, 15],
						"3.4667": [0, 0, 0],
						"4.7667": [0, 0, 0]
					}
				},
				"_camera_": {
					"rotation": {
						"0.0": [0, 0, 0],
						"0.1333": [1.2566, 0.73888, 0.51628],
						"0.5": [4.50662, -0.75648, 0.39843],
						"1.1667": [3.26887, 0.07099, -0.55578],
						"1.6667": [2.01973, -0.48523, 0.41407],
						"1.9": [0.59, -0.14, 0.12],
						"2.0333": [0.15, -0.04, -1.41],
						"2.2333": [0, 0, 0],
						"2.4333": [0, 0, 0],
						"2.5667": [1.2566, 0.73888, 0.51628],
						"2.9333": [4.50662, -0.75648, 0.39843],
						"3.6": [3.26887, 0.07099, -0.55578],
						"4.1": [2.01973, -0.48523, 0.41407],
						"4.3333": [0.59, -0.14, 0.12],
						"4.4667": [0.15, -0.04, -1.41],
						"4.6667": [0, 0, 0],
						"4.7667": [0, 0, 0]
					}
				}
			}
		},
		"animation.model.fire": {
			"loop": true,
			"animation_length": 0.25,
			"bones": {
				"main": {
					"rotation": {
						"0.0": {
							"vector": [0, 0, 0]
						},
						"0.05": {
							"vector": [-7.5, 0, 0]
						},
						"0.0667": {
							"vector": [-11.25, 0, 0]
						},
						"0.15": {
							"vector": [0, 0, 0]
						}
					},
					"position": {
						"0.0": {
							"vector": [0, 0, 0]
						},
						"0.0333": {
							"vector": [0, 0, 14]
						},
						"0.2167": {
							"vector": [0, 0, 0]
						}
					}
				},
				"_camera_": {
					"rotation": {
						"0.0": {
							"vector": [0, 0, 0]
						},
						"0.0333": {
							"vector": [-10.75, 0, 2]
						},
						"0.1": {
							"vector": [11, 0, 4]
						},
						"0.1333": {
							"vector": [3.48185, 0.61302, -1.11678]
						},
						"0.2": {
							"vector": [3.39946, 1.19952, -5.87762]
						},
						"0.25": {
							"vector": [0, 0, 0]
						}
					}
				}
			}
		},
		"animation.model.draw": {
			"loop": true,
			"animation_length": 1.2,
			"bones": {
				"main": {
					"rotation": {
						"0.0": {
							"vector": [32.09413, -54.38778, -8.29667]
						},
						"0.3": {
							"vector": [1.77698, -9.99529, 27.44148]
						},
						"0.55": {
							"vector": [0.58201, -1.04064, 9.6563]
						},
						"0.7": {
							"vector": [0.32388, 0.39763, -2.15014]
						},
						"0.8": {
							"vector": [0, 0, 0]
						}
					},
					"position": {
						"0.0": {
							"vector": [0, -17.3, 0]
						},
						"0.4": {
							"vector": [-0.4, -1.2, -2.75]
						},
						"0.5": {
							"vector": [0.4, -0.3, -2.6]
						},
						"0.65": {
							"vector": [0.16, -0.4, 0.275]
						},
						"0.75": {
							"vector": [0, 0, 0]
						}
					}
				},
				"leftarm": {
					"rotation": {
						"0.0": {
							"vector": [0.43845, 0.69514, -16.79292]
						},
						"0.35": {
							"vector": [4.55735, -3.32393, -13.81502]
						},
						"0.6": {
							"vector": [7.05735, -3.32393, -13.81502]
						},
						"0.7": {
							"vector": [0, 0, 0]
						}
					},
					"position": {
						"0.0": {
							"vector": [3.51333, 11.0663, -0.30914]
						},
						"0.35": {
							"vector": [1.60023, 4.25091, 8.30656]
						},
						"0.6": {
							"vector": [1.09035, 3.3599, 1.48286]
						},
						"0.7": {
							"vector": [0, 0, 0]
						}
					}
				},
				"_camera_": {
					"rotation": {
						"0.0": {
							"vector": [0, 0, 0]
						},
						"0.25": {
							"vector": [1.80315, -1.89688, -1.62846],
							"easing": "easeInOutSine"
						},
						"0.45": {
							"vector": [1.24924, -0.00333, 0.0435]
						},
						"0.55": {
							"vector": [0.44082, -0.01767, 1.01624]
						},
						"0.7": {
							"vector": [0, 0, 0],
							"easing": "easeOutSine"
						}
					}
				}
			},
			"sound_effects": {
				"0.0": {
					"effect": "draw"
				}
			}
		},
		"animation.model.inspect": {
			"loop": true,
			"animation_length": 6.1167,
			"bones": {
				"main": {
					"rotation": {
						"0.0": {
							"vector": [0, 0, 0]
						},
						"0.3833": {
							"vector": [7.06156, -26.41375, -22.36547],
							"easing": "easeInOutSine"
						},
						"0.5833": {
							"vector": [8.09726, -28.29619, -23.48159],
							"easing": "easeOutSine"
						},
						"0.8": {
							"vector": [7.0567, -29.23721, -21.90019]
						},
						"1.1": {
							"vector": [7.36281, -28.62607, -22.85413]
						},
						"1.25": {
							"vector": [7.19021, -28.39831, -22.64492],
							"easing": "easeInOutSine"
						},
						"1.55": {
							"vector": [14.16854, -27.26701, -34.19134],
							"easing": "easeInOutSine"
						},
						"1.9333": {
							"vector": [14.16854, -27.26701, -34.19134],
							"easing": "easeInOutSine"
						},
						"2.2333": {
							"vector": [12.88141, -29.18447, -29.74593],
							"easing": "easeInOutSine"
						},
						"2.4667": {
							"vector": [13.28802, -29.01467, -30.58199],
							"easing": "easeOutSine"
						},
						"2.9333": {
							"vector": [-16.33619, 2.89014, 50.94927],
							"easing": "easeInOutSine"
						},
						"3.2167": {
							"vector": [-15.98525, 5.04084, 56.58652],
							"easing": "linear"
						},
						"3.4333": {
							"vector": [-16.0474, 4.83432, 55.8644]
						},
						"3.7667": {
							"vector": [-15.80629, 5.58867, 58.51834]
						},
						"4.05": {
							"vector": [-15.73437, 5.79251, 59.24369]
						},
						"4.55": {
							"vector": [-15.73437, 5.79251, 59.24369]
						},
						"4.9167": {
							"vector": [1.77698, -9.99529, 27.44148],
							"easing": "easeInOutSine"
						},
						"5.1667": {
							"vector": [0.58201, -1.04064, 9.6563]
						},
						"5.3167": {
							"vector": [0.32388, 0.39763, -2.15014]
						},
						"5.4167": {
							"vector": [0, 0, 0]
						}
					},
					"position": {
						"0.0": {
							"vector": [0, 0, 0]
						},
						"0.1333": {
							"vector": [-1.65, -2.615, -2.94],
							"easing": "easeOutSine"
						},
						"0.3": {
							"vector": [-3.625, -2.375, -6.475],
							"easing": "easeInOutSine"
						},
						"0.5667": {
							"vector": [-3.62, -1.72, -6.52]
						},
						"0.85": {
							"vector": [-3.645, -2.175, -6.5]
						},
						"1.1833": {
							"vector": [-3.625, -2.075, -6.475],
							"easing": "easeInOutSine"
						},
						"1.4833": {
							"vector": [-0.62, -0.67, -6.47],
							"easing": "easeInOutSine"
						},
						"1.7167": {
							"vector": [-0.62, -0.37, -6.47]
						},
						"1.9167": {
							"vector": [-0.62, -0.27, -6.47],
							"easing": "easeInOutSine"
						},
						"2.1333": {
							"vector": [-0.745, -0.77, -6.57]
						},
						"2.4333": {
							"vector": [-0.745, -0.72, -6.47]
						},
						"2.6333": {
							"vector": [2.99, -4.27, -7.82],
							"easing": "easeInSine"
						},
						"2.8833": {
							"vector": [6.725, -4.78, -9.17],
							"easing": "easeOutSine"
						},
						"3.1667": {
							"vector": [6.875, -4.53, -9.17],
							"easing": "easeOutSine"
						},
						"3.4333": {
							"vector": [6.88, -4.58, -9.17]
						},
						"3.6833": {
							"vector": [7.03, -5.38, -9.17]
						},
						"3.9": {
							"vector": [6.98, -5.705, -9.17]
						},
						"4.25": {
							"vector": [6.98, -5.6, -9.17]
						},
						"4.6167": {
							"vector": [6.98, -5.6, -9.17]
						},
						"5.0667": {
							"vector": [0.4, -0.3, -2.6],
							"easing": "easeInOutSine"
						},
						"5.2667": {
							"vector": [0.16, -0.4, 0.275]
						},
						"5.3667": {
							"vector": [0, 0, 0]
						}
					}
				},
				"rightarm": {
					"rotation": {
						"0.0": {
							"vector": [0, 0, 0]
						},
						"1.6833": {
							"vector": [0, 0, 0]
						},
						"1.85": {
							"vector": [-3.03125, -1.73386, -5.12329]
						},
						"2.05": {
							"vector": [-2.36078, -1.33103, -3.99466],
							"easing": "easeOutSine"
						},
						"3.2": {
							"vector": [-3.21614, -0.38546, -0.26637]
						},
						"3.4833": {
							"vector": [-2.36078, -1.33103, -3.99466],
							"easing": "easeInSine"
						},
						"3.8833": {
							"vector": [-1.94913, 13.23048, -7.62813],
							"easing": "easeInOutSine"
						},
						"4.35": {
							"vector": [-1.90134, 13.8242, -5.19917]
						},
						"4.4833": {
							"vector": [-0.9918, 10.16956, -3.42763]
						},
						"4.6333": {
							"vector": [0, 0, 0]
						}
					},
					"position": {
						"0.0": {
							"vector": [0, 0, 0]
						},
						"1.6833": {
							"vector": [0, 0, 0]
						},
						"1.85": {
							"vector": [0, -1.5, 0]
						},
						"2.05": {
							"vector": [0, -0.775, 0],
							"easing": "easeOutSine"
						},
						"3.4167": {
							"vector": [0, -0.775, 0],
							"easing": "easeOutSine"
						},
						"3.6333": {
							"vector": [-1.17454, -0.61892, 3.24778],
							"easing": "easeInSine"
						},
						"3.9": {
							"vector": [-0.95721, 1.92156, 9.52826],
							"easing": "easeOutSine"
						},
						"4.3667": {
							"vector": [-0.95721, 1.92156, 9.52826],
							"easing": "easeOutSine"
						},
						"4.4833": {
							"vector": [-0.32805, 0.52343, 3.37901]
						},
						"4.6333": {
							"vector": [0, 0, 0]
						}
					}
				},
				"leftarm": {
					"rotation": {
						"0.0": {
							"vector": [0, 0, 0]
						},
						"0.3667": {
							"vector": [-12.15512, -5.26947, 6.03509]
						},
						"1.1667": {
							"vector": [-12.15512, -5.26947, 6.03509]
						},
						"1.55": {
							"vector": [-10.68821, -9.66155, 11.22139]
						},
						"2.45": {
							"vector": [-10.68821, -9.66155, 11.22139]
						},
						"2.8667": {
							"vector": [-19.81504, 6.36231, -32.26083]
						},
						"4.5333": {
							"vector": [-19.81504, 6.36231, -32.26083]
						},
						"5.1": {
							"vector": [0, 0, 0]
						}
					},
					"position": {
						"0.0": {
							"vector": [0, 0, 0]
						},
						"0.3667": {
							"vector": [0.89858, -7.5402, -3.28884]
						},
						"1.1667": {
							"vector": [0.89858, -7.5402, -3.28884]
						},
						"1.55": {
							"vector": [-2.06554, -8.79345, -2.03001]
						},
						"2.45": {
							"vector": [-2.06554, -8.79345, -2.03001]
						},
						"2.8667": {
							"vector": [15.70124, 9.9839, 7.1462]
						},
						"4.5333": {
							"vector": [15.70124, 9.9839, 7.1462]
						},
						"5.1": {
							"vector": [0, 0, 0]
						}
					},
					"scale": {
						"0.0": {
							"vector": [1, 1, 1]
						},
						"0.3667": {
							"vector": [1.2, 1.2, 1.2]
						},
						"1.1667": {
							"vector": [1.2, 1.2, 1.2]
						},
						"4.5333": {
							"vector": [1.2, 1.2, 1.2]
						},
						"5.1": {
							"vector": [1, 1, 1]
						}
					}
				},
				"_camera_": {
					"rotation": {
						"0.0": {
							"vector": [0, 0, 0]
						},
						"0.2833": {
							"vector": [4.93762, -1.96764, -0.43816],
							"easing": "easeInOutSine"
						},
						"0.6333": {
							"vector": [4.29572, -3.39232, 0.41239],
							"easing": "easeOutSine"
						},
						"0.9833": {
							"vector": [4.57514, -2.56469, -0.53242]
						},
						"1.4333": {
							"vector": [10.3391, 6.47089, -0.2536],
							"easing": "easeInSine"
						},
						"1.8667": {
							"vector": [12.23277, 16.03328, 0.3455],
							"easing": "easeOutSine"
						},
						"2.2667": {
							"vector": [12.52304, 15.27698, 1.50198],
							"easing": "easeOutSine"
						},
						"2.6": {
							"vector": [9.40988, 6.67571, 0.24321],
							"easing": "easeInSine"
						},
						"3.0167": {
							"vector": [6.60415, -0.62351, -1.53663],
							"easing": "easeOutSine"
						},
						"3.3833": {
							"vector": [6.09509, -1.16464, -1.09602],
							"easing": "easeInOutSine"
						},
						"4.1167": {
							"vector": [12.31651, 1.97959, -1.43205],
							"easing": "easeInOutSine"
						},
						"4.4333": {
							"vector": [12.83314, 1.86712, -0.93787],
							"easing": "linear"
						},
						"4.9667": {
							"vector": [2.09575, -0.93284, -2.95994],
							"easing": "easeInSine"
						},
						"5.2333": {
							"vector": [0.49507, -0.23873, 1.04077]
						},
						"5.4167": {
							"vector": [0, 0, 0],
							"easing": "easeOutSine"
						}
					}
				}
			},
			"sound_effects": {
				"0.0": {
					"effect": "inspect_up"
				},
				"1.3167": {
					"effect": "inspect_foley"
				},
				"2.15": {
					"effect": "inspect_turn"
				},
				"4.6833": {
					"effect": "inspect_down"
				}
			}
		}
	},
	"geckolib_format_version": 2
}