{
	"format_version": "1.8.0",
	"animations": {
		"animation.model.fire": {
			"loop": true,
			"animation_length": 0.05,
			"bones": {
				"main": {
					"rotation": {
						"0.0": {
							"vector": [0, 0, 2.5]
						},
						"0.05": {
							"vector": [-8.23643, -0.69169, -0.6604]
						}
					},
					"position": {
						"0.0": {
							"vector": [0, 0, 0]
						},
						"0.05": {
							"vector": [0, 0, 2.225]
						}
					}
				},
				"slide": {
					"position": {
						"0.0": {
							"vector": [0, 0, 0]
						},
						"0.05": {
							"vector": [0, 0, 8]
						}
					}
				},
				"hammer": {
					"rotation": {
						"0.0": {
							"vector": [0, 0, 0]
						},
						"0.05": {
							"vector": [57.5, 0, 0]
						}
					},
					"position": {
						"vector": [0, 0, 0]
					}
				}
			}
		},
		"animation.model.draw": {
			"loop": true,
			"animation_length": 1.2,
			"bones": {
				"main": {
					"rotation": {
						"0.0": {
							"vector": [18.3516, -10.6923, 15.19687]
						},
						"0.2": {
							"vector": [1.75167, -2.49883, -4.07639]
						},
						"0.35": {
							"vector": [0.58201, -1.04064, 2.6563]
						},
						"0.45": {
							"vector": [0.34258, 0.38164, 0.59987]
						},
						"0.55": {
							"vector": [0, 0, 0]
						}
					},
					"position": {
						"0.0": {
							"vector": [0, -17.3, 10]
						},
						"0.1": {
							"vector": [0, -7.41, -4.07]
						},
						"0.2": {
							"vector": [-0.4, -1.2, -7.75]
						},
						"0.3": {
							"vector": [0.4, 0, 1.6]
						},
						"0.5": {
							"vector": [0, 0, 0]
						}
					}
				},
				"leftarm": {
					"rotation": {
						"0.0": {
							"vector": [0, 0, 0]
						},
						"0.2": {
							"vector": [1, 0, -22]
						},
						"0.4": {
							"vector": [0, 0, 0]
						}
					},
					"position": {
						"0.0": {
							"vector": [0, 0, 0]
						},
						"0.2": {
							"vector": [3.53901, 3.6754, 5.59783]
						},
						"0.4": {
							"vector": [0, 0, 0]
						}
					}
				},
				"_camera_": {
					"rotation": {
						"0.0": {
							"vector": [0, 0, 0]
						},
						"0.15": {
							"vector": [1.80238, -0.89738, -1.597],
							"easing": "easeInOutSine"
						},
						"0.35": {
							"vector": [0.44082, -0.01767, 1.01624]
						},
						"0.5": {
							"vector": [0, 0, 0],
							"easing": "easeOutSine"
						}
					}
				}
			},
			"sound_effects": {
				"0.0": {
					"effect": "pistol_draw"
				}
			}
		},
		"animation.model.inspect": {
			"loop": true,
			"animation_length": 4.2167,
			"bones": {
				"main": {
					"rotation": {
						"0.0": {
							"vector": [0, 0, 0]
						},
						"0.3667": {
							"vector": [-17.37578, 13.78108, 46.66933],
							"easing": "easeInOutSine"
						},
						"0.4833": {
							"vector": [-17.26197, 13.46167, 47.0306]
						},
						"0.6167": {
							"vector": [-16.57697, 14.67982, 49.76587]
						},
						"0.7167": {
							"vector": [-16.0642, 15.87827, 51.68507],
							"easing": "easeInSine"
						},
						"0.9": {
							"vector": [-16.72113, 17.76023, 54.72043],
							"easing": "easeOutSine"
						},
						"1.0333": {
							"vector": [-17.45403, 17.8596, 54.8329]
						},
						"1.1833": {
							"vector": [-18.22463, 17.46103, 53.91949]
						},
						"1.3667": {
							"vector": [-17.73291, 17.48019, 53.95302]
						},
						"1.5667": {
							"vector": [-17.50624, 17.70722, 54.70291]
						},
						"1.9667": {
							"vector": [-5.36638, -28.92213, -18.4613],
							"easing": "easeInOutSine"
						},
						"2.3667": {
							"vector": [-4.87721, -33.44469, -23.99178]
						},
						"2.5667": {
							"vector": [-3.31352, -34.20281, -25.90188]
						},
						"2.8": {
							"vector": [-5.42051, -34.62876, -23.03462]
						},
						"3.05": {
							"vector": [-7.95076, 4.6277, 48.42796]
						},
						"3.1667": {
							"vector": [0, -1.75, -2.75]
						},
						"3.3": {
							"vector": [0, 0, -13]
						},
						"3.4833": {
							"vector": [0, 0, 0]
						},
						"3.5833": {
							"vector": [0, 0, 0]
						}
					},
					"position": {
						"0.0": {
							"vector": [0, 0, 0]
						},
						"0.1667": {
							"vector": [7.36, -3.83, 0.59],
							"easing": "easeInSine"
						},
						"0.3333": {
							"vector": [15.005, -3.255, -0.095],
							"easing": "linear"
						},
						"0.6": {
							"vector": [17.18, -1.83, 1.38],
							"easing": "easeOutSine"
						},
						"0.85": {
							"vector": [17.38, -2.23, 1.38]
						},
						"1.0167": {
							"vector": [17.38, -2.105, 1.38]
						},
						"1.25": {
							"vector": [17.43, -2.1, 1.38]
						},
						"1.5": {
							"vector": [17.305, -2.375, 1.38],
							"easing": "easeInOutSine"
						},
						"1.7333": {
							"vector": [5.53, -5.025, 1.38],
							"easing": "easeInSine"
						},
						"1.9167": {
							"vector": [-0.69, -2.6, 2.18],
							"easing": "easeOutSine"
						},
						"2.1667": {
							"vector": [-0.485, -1.75, 1.41]
						},
						"2.3833": {
							"vector": [-0.21, -1.48, 1.78]
						},
						"2.6667": {
							"vector": [-0.16, -1.72, 1.38]
						},
						"3.0167": {
							"vector": [1.995, 0.115, 1.59],
							"easing": "easeInOutSine"
						},
						"3.1333": {
							"vector": [-0.25, -3.21, 4.05]
						},
						"3.25": {
							"vector": [-0.525, 1.75, 4]
						},
						"3.3333": {
							"vector": [-0.875, 2.67, 4]
						},
						"3.4167": {
							"vector": [0, -0.6, 4.475]
						},
						"3.5333": {
							"vector": [0, 0, 0]
						},
						"3.5833": {
							"vector": [0, 0, 0]
						}
					}
				},
				"rightarm": {
					"rotation": {
						"0.0": {
							"vector": [0, 0, 0]
						},
						"0.2167": {
							"vector": [-5.75, 0, 3.75]
						},
						"1.4167": {
							"vector": [-5.75, 0, 3.75]
						},
						"1.6167": {
							"vector": [0, 10, 0]
						},
						"3.3": {
							"vector": [0, 10, 0]
						},
						"3.4833": {
							"vector": [0, 0, 0]
						}
					},
					"position": {
						"0.0": {
							"vector": [0, 0, 0]
						},
						"0.2167": {
							"vector": [1.12493, -2.31326, 8.17453]
						},
						"1.4167": {
							"vector": [1.12493, -2.31326, 8.17453]
						},
						"1.6167": {
							"vector": [0, 0, 0]
						},
						"3.3": {
							"vector": [0, 0, 0]
						},
						"3.4833": {
							"vector": [0, 0, 0]
						}
					}
				},
				"leftarm": {
					"rotation": {
						"0.0": {
							"vector": [0, 0, 0]
						},
						"0.1": {
							"vector": [0, 0, 0]
						},
						"0.2667": {
							"vector": [24.94465, 10.13322, 11.35577]
						},
						"1.5667": {
							"vector": [24.94465, 10.13322, 11.35577]
						},
						"1.85": {
							"vector": [5.68, 1.43, -0.73],
							"easing": "easeInOutSine"
						},
						"1.9667": {
							"vector": [35.08227, 24.59698, 30.39865]
						},
						"2.15": {
							"vector": [6.82688, 2.44621, -0.11346]
						},
						"2.6333": {
							"vector": [7.13577, 2.92703, -1.22786],
							"easing": "easeOutSine"
						},
						"2.9833": {
							"vector": [2.74434, 2.52628, 1.54588],
							"easing": "easeInOutSine"
						},
						"3.1333": {
							"vector": [0.77544, 2.67843, -3.90372]
						},
						"3.2833": {
							"vector": [0.09637, 2.52184, 0.8769]
						},
						"3.3667": {
							"vector": [35.08227, 24.59698, 30.39865]
						},
						"3.45": {
							"vector": [-0.02345, 1.02413, -3.01969]
						},
						"3.5167": {
							"vector": [0, 0, 0]
						},
						"3.5833": {
							"vector": [0, 0, 0]
						}
					},
					"position": {
						"0.0": {
							"vector": [0, 0, 0]
						},
						"0.1": {
							"vector": [0, 0, 0]
						},
						"0.2667": {
							"vector": [1.68085, 15.74143, -2.07809]
						},
						"1.5667": {
							"vector": [1.68085, 15.74143, -2.07809]
						},
						"1.9667": {
							"vector": [17.98, -17.435, -2.08]
						},
						"3.3667": {
							"vector": [17.98, -17.435, -2.08]
						},
						"3.5167": {
							"vector": [0, 0, 0]
						}
					}
				},
				"gun": {
					"rotation": {
						"3.0667": {
							"vector": [0, 0, 0]
						},
						"3.1667": {
							"vector": [-110, 0, 0]
						},
						"3.25": {
							"vector": [-247.5, 0, 0]
						},
						"3.3833": {
							"vector": [-368.5, 0, 0]
						},
						"3.5": {
							"vector": [-360, 0, 0]
						},
						"3.5001": {
							"vector": [0, 0, 0],
							"easing": "linear"
						}
					},
					"position": {
						"3.0667": {
							"vector": [0, 0, 0]
						},
						"3.5": {
							"vector": [0, 0, 0]
						},
						"3.5001": {
							"vector": [0, 0, 0]
						}
					}
				},
				"_camera_": {
					"rotation": {
						"0.0": {
							"vector": [0, 0, 0]
						},
						"0.3333": {
							"vector": [2.72326, -4.78037, 0.52286]
						},
						"0.7": {
							"vector": [2.68123, -4.817, 1.02313],
							"easing": "easeInOutSine"
						},
						"1.15": {
							"vector": [3.47333, -4.7869, 0.52242]
						},
						"1.5167": {
							"vector": [3.4314, -4.81701, 1.02327],
							"easing": "easeInOutSine"
						},
						"1.85": {
							"vector": [5.68, 1.43, -0.73],
							"easing": "easeInOutSine"
						},
						"2.15": {
							"vector": [6.82688, 2.44621, -0.11346]
						},
						"2.6333": {
							"vector": [7.13577, 2.92703, -1.22786],
							"easing": "easeOutSine"
						},
						"2.9833": {
							"vector": [2.74434, 2.52628, 1.54588],
							"easing": "easeInOutSine"
						},
						"3.1333": {
							"vector": [0.77544, 2.67843, -3.90372]
						},
						"3.2833": {
							"vector": [0.09637, 2.52184, 0.8769]
						},
						"3.45": {
							"vector": [-0.02345, 1.02413, -3.01969]
						},
						"3.5833": {
							"vector": [0, 0, 0]
						}
					}
				}
			}
		},
		"animation.model.reload": {
			"loop": true,
			"animation_length": 2.2,
			"bones": {
				"main": {
					"rotation": {
						"0.0": {
							"vector": [0, 0, 0]
						},
						"0.1": {
							"vector": [-0.67725, -2.55586, -24.12963]
						},
						"0.2": {
							"vector": [-1.5368, 1.39534, 28.15287]
						},
						"0.3": {
							"vector": [-5.38058, -5.53583, 10.61097]
						},
						"0.5": {
							"vector": [-9.13962, -35.02048, -50.82709]
						},
						"0.6": {
							"vector": [-17.90597, -32.33716, -42.6797]
						},
						"0.6667": {
							"vector": [-12.97658, -34.40544, -51.62706]
						},
						"0.7333": {
							"vector": [-17.76255, -31.6232, -42.95049]
						},
						"0.8333": {
							"vector": [-20.11105, -27.99846, -32.85194]
						},
						"0.9167": {
							"vector": [-19.56634, -31.46156, -37.39041]
						},
						"0.9667": {
							"vector": [-18.67032, -33.08412, -40.50208]
						},
						"1.0667": {
							"vector": [-20.84529, -33.04604, -37.98054]
						},
						"1.1833": {
							"vector": [-20.11105, -27.99846, -32.85194]
						},
						"1.2833": {
							"vector": [-12.23767, -13.86757, -12.58035]
						},
						"1.3833": {
							"vector": [0, 0, 0]
						}
					},
					"position": {
						"0.0": {
							"vector": [0, 0, 0]
						},
						"0.0667": {
							"vector": [-0.225, 1.4, -4.98]
						},
						"0.1667": {
							"vector": [-1.695, -4.525, -6.355]
						},
						"0.2667": {
							"vector": [-1.99, -6.22, -6.35]
						},
						"0.4": {
							"vector": [-6.94, -1.09, -8.35]
						},
						"0.5333": {
							"vector": [-6.94, 0.235, -8.35]
						},
						"0.6667": {
							"vector": [-7.32, 1.665, -9.07]
						},
						"0.7333": {
							"vector": [-5.82, -0.535, -9.545]
						},
						"0.8": {
							"vector": [-6.17, 0.145, -9.54]
						},
						"0.8833": {
							"vector": [-6.02, -0.935, -9.54]
						},
						"0.9667": {
							"vector": [-5.74, -1.735, -9.54]
						},
						"1.0333": {
							"vector": [-5.865, -0.205, -9.54]
						},
						"1.1167": {
							"vector": [-5.86, -3.25, -9.54]
						},
						"1.2333": {
							"vector": [-2.93, -2.23, -0.045]
						},
						"1.3333": {
							"vector": [0, 0, 0]
						}
					}
				},
				"leftarm": {
					"rotation": {
						"0.0": {
							"vector": [0, 0, 0]
						},
						"0.1333": {
							"vector": [7.9251, 4.69749, -30.14925]
						},
						"0.2333": {
							"vector": [7.9251, 4.69749, -30.14925]
						},
						"0.3333": {
							"vector": [22.21291, 18.62239, 28.74197]
						},
						"0.4333": {
							"vector": [22.21291, 18.62239, 28.74197]
						},
						"0.5": {
							"vector": [-5.07442, -2.10137, 37.34794]
						},
						"0.6": {
							"vector": [-9.78905, -2.68616, 37.81886]
						},
						"0.6667": {
							"vector": [-16.15396, -4.98677, 35.52025]
						},
						"0.7333": {
							"vector": [-16.71725, -1.30656, 38.52966]
						},
						"0.8333": {
							"vector": [-16.71725, -1.30656, 38.52966]
						},
						"0.8833": {
							"vector": [-16.71725, -1.30656, 38.52966]
						},
						"0.9333": {
							"vector": [19.69637, 22.45904, 20.68205]
						},
						"0.9833": {
							"vector": [19.69637, 22.45904, 20.68205]
						},
						"1.05": {
							"vector": [12.40885, 16.00417, 22.87923]
						},
						"1.1667": {
							"vector": [12.40885, 16.00417, 22.87923]
						},
						"1.4": {
							"vector": [0, 0, 0]
						}
					},
					"position": {
						"0.0": {
							"vector": [0, 0, 0]
						},
						"0.1333": {
							"vector": [12.44153, -16.23524, 16.17273]
						},
						"0.2333": {
							"vector": [12.44153, -16.23524, 16.17273]
						},
						"0.3333": {
							"vector": [-14.19717, -27.98532, 8.20209]
						},
						"0.4333": {
							"vector": [-14.19717, -27.98532, 8.20209]
						},
						"0.5": {
							"vector": [-7.73268, -25.5219, 4.39033]
						},
						"0.6": {
							"vector": [-12.93, -26.49, 4.94]
						},
						"0.6667": {
							"vector": [-12.93, -24.34, 1.84]
						},
						"0.7333": {
							"vector": [-12.18, -14.09, -0.91]
						},
						"0.8333": {
							"vector": [-12.18, -14.09, -0.91]
						},
						"0.8833": {
							"vector": [-12.18, -14.09, -0.91]
						},
						"0.9333": {
							"vector": [2.87066, -10.26648, 10.97143]
						},
						"0.9833": {
							"vector": [2.87066, -10.26648, 10.97143]
						},
						"1.05": {
							"vector": [-1.22934, -4.34148, 4.29643]
						},
						"1.1667": {
							"vector": [-1.22934, -4.34148, 4.29643]
						},
						"1.4": {
							"vector": [0, 0, 0]
						}
					}
				},
				"rightarm": {
					"rotation": {
						"0.0": {
							"vector": [0, 0, 0]
						},
						"0.1667": {
							"vector": [0, 0, 0]
						},
						"0.2": {
							"vector": [0.49921, 4.47925, -0.00759]
						},
						"0.3333": {
							"vector": [0, 0, 0]
						},
						"0.8": {
							"vector": [3.25, 0, -6.5]
						},
						"0.9667": {
							"vector": [0, 0, 0]
						}
					},
					"position": {
						"0.0": {
							"vector": [0, 0, 0]
						},
						"0.1667": {
							"vector": [0, 0, 0]
						},
						"0.2": {
							"vector": [1.475, 0, 0]
						},
						"0.3333": {
							"vector": [0, 0, 0]
						},
						"0.8": {
							"vector": [1.39059, 1.16785, 2.67603]
						},
						"0.9667": {
							"vector": [0, 0, 0]
						}
					}
				},
				"magazine": {
					"rotation": {
						"0.0": {
							"vector": [0, 0, 0]
						},
						"0.1": {
							"vector": [0, 0, 0]
						},
						"0.1667": {
							"vector": [0, 0, 0]
						},
						"0.2333": {
							"vector": [0.54694, -0.27061, 62.91865]
						},
						"0.3333": {
							"vector": [0.25233, -0.55561, 102.16872]
						},
						"0.4": {
							"vector": [-4.69479, 2.75772, -26.39986]
						},
						"0.4667": {
							"vector": [2.63758, 1.53366, 8.10404]
						},
						"0.5": {
							"vector": [-6.40263, 3.12894, -10.63022]
						},
						"0.6": {
							"vector": [0, 0, 0]
						},
						"0.6667": {
							"vector": [0, 0, 0]
						},
						"0.7333": {
							"vector": [0, 0, 0]
						}
					},
					"position": {
						"0.0": {
							"vector": [0, 0, 0]
						},
						"0.1": {
							"vector": [0, 0, 0]
						},
						"0.1667": {
							"vector": [0, -15, 4.5]
						},
						"0.2333": {
							"vector": [-0.2252, -31.53964, 4.92585]
						},
						"0.3333": {
							"vector": [-17.76735, -36.72571, 11.62577]
						},
						"0.4": {
							"vector": [15.01742, -38.721, 5.78391]
						},
						"0.4667": {
							"vector": [-5.33004, -20.03246, 6.83409]
						},
						"0.5": {
							"vector": [3.875, -14.825, 3.275]
						},
						"0.6": {
							"vector": [0, -14.325, 4.725]
						},
						"0.6667": {
							"vector": [0, -12.2, 3.75]
						},
						"0.7333": {
							"vector": [0, 0, 0]
						}
					}
				},
				"_camera_": {
					"rotation": {
						"0.0": {
							"vector": [0, 0, 0]
						},
						"0.2": {
							"vector": [1.54021, 0.6635, 3.26874],
							"easing": "easeInOutSine"
						},
						"0.6167": {
							"vector": [1.02364, -0.06068, -1.97623],
							"easing": "easeInOutSine"
						},
						"0.6833": {
							"vector": [1.014, 0.19777, -1.61886]
						},
						"0.7667": {
							"vector": [1.01337, 0.31375, -0.69028]
						},
						"0.85": {
							"vector": [0.97987, 0.53347, -3.20175]
						},
						"0.95": {
							"vector": [0.99632, 0.67159, -0.96368]
						},
						"1.0333": {
							"vector": [1.30695, 0.62053, -0.8766]
						},
						"1.0833": {
							"vector": [1.52655, 0.49764, 2.6746]
						},
						"1.1833": {
							"vector": [1.60722, 0.60114, -1.78907]
						},
						"1.3667": {
							"vector": [0, 0, 0],
							"easing": "easeOutSine"
						}
					}
				}
			},
			"sound_effects": {
				"0.0": {
					"effect": "pistol_magout_fast"
				},
				"0.4333": {
					"effect": "pistol_magin"
				},
				"0.9333": {
					"effect": "pistol_hit"
				}
			}
		},
		"animation.model.reloadempty": {
			"loop": true,
			"animation_length": 2.2,
			"bones": {
				"main": {
					"rotation": {
						"0.0": {
							"vector": [0, 0, 0]
						},
						"0.1": {
							"vector": [-0.67725, -2.55586, -24.12963]
						},
						"0.2": {
							"vector": [-1.5368, 1.39534, 28.15287]
						},
						"0.3": {
							"vector": [-5.38058, -5.53583, 10.61097]
						},
						"0.5": {
							"vector": [-9.13962, -35.02048, -50.82709]
						},
						"0.6": {
							"vector": [-17.90597, -32.33716, -42.6797]
						},
						"0.6667": {
							"vector": [-12.97658, -34.40544, -51.62706]
						},
						"0.7333": {
							"vector": [-17.76255, -31.6232, -42.95049]
						},
						"0.8333": {
							"vector": [-20.11105, -27.99846, -32.85194]
						},
						"0.9167": {
							"vector": [-19.56634, -31.46156, -37.39041]
						},
						"0.9667": {
							"vector": [-18.67032, -33.08412, -40.50208]
						},
						"1.0667": {
							"vector": [-20.84529, -33.04604, -37.98054]
						},
						"1.3333": {
							"vector": [-11.87023, -13.4442, 14.50258],
							"easing": "easeInOutSine"
						},
						"1.3833": {
							"vector": [-12.33513, -13.30172, 11.53999]
						},
						"1.4333": {
							"vector": [-15.06771, -9.78705, 20.10623]
						},
						"1.5167": {
							"vector": [-9.46436, -11.27403, 14.29234]
						},
						"1.6": {
							"vector": [-13.56453, -9.67417, 22.26604]
						},
						"1.85": {
							"vector": [0, 0, 0],
							"easing": "easeInOutSine"
						}
					},
					"position": {
						"0.0": {
							"vector": [0, 0, 0]
						},
						"0.0667": {
							"vector": [-0.225, 1.4, -4.98]
						},
						"0.1667": {
							"vector": [-1.695, -4.525, -6.355]
						},
						"0.2667": {
							"vector": [-1.99, -6.22, -6.35]
						},
						"0.4": {
							"vector": [-6.94, -1.09, -8.35]
						},
						"0.5333": {
							"vector": [-6.94, 0.235, -8.35]
						},
						"0.6667": {
							"vector": [-7.32, 1.665, -9.07]
						},
						"0.7333": {
							"vector": [-5.82, -0.535, -9.545]
						},
						"0.8": {
							"vector": [-6.17, 0.145, -9.54]
						},
						"0.8833": {
							"vector": [-6.02, -0.935, -9.54]
						},
						"0.9667": {
							"vector": [-5.74, -1.735, -9.54]
						},
						"1.0333": {
							"vector": [-5.865, -0.205, -9.54]
						},
						"1.1167": {
							"vector": [-5.86, -3.25, -9.54]
						},
						"1.3": {
							"vector": [-0.13, -4.48, -0.765],
							"easing": "easeInOutSine"
						},
						"1.4167": {
							"vector": [0.87, -3.855, -0.04],
							"easing": "linear"
						},
						"1.4833": {
							"vector": [1.22167, -3.82336, -1.9467]
						},
						"1.6167": {
							"vector": [0.902, -4.10886, 0.03545]
						},
						"1.7833": {
							"vector": [0, 0, 0],
							"easing": "easeInOutSine"
						}
					}
				},
				"leftarm": {
					"rotation": {
						"0.0": {
							"vector": [0, 0, 0]
						},
						"0.1333": {
							"vector": [7.9251, 4.69749, -30.14925]
						},
						"0.2333": {
							"vector": [7.9251, 4.69749, -30.14925]
						},
						"0.3333": {
							"vector": [22.21291, 18.62239, 28.74197]
						},
						"0.4333": {
							"vector": [22.21291, 18.62239, 28.74197]
						},
						"0.5": {
							"vector": [-5.07442, -2.10137, 37.34794]
						},
						"0.6": {
							"vector": [-9.78905, -2.68616, 37.81886]
						},
						"0.6667": {
							"vector": [-16.15396, -4.98677, 35.52025]
						},
						"0.7333": {
							"vector": [-16.71725, -1.30656, 38.52966]
						},
						"0.8333": {
							"vector": [-16.71725, -1.30656, 38.52966]
						},
						"0.8833": {
							"vector": [-16.71725, -1.30656, 38.52966]
						},
						"0.9333": {
							"vector": [19.69637, 22.45904, 20.68205]
						},
						"0.9833": {
							"vector": [19.69637, 22.45904, 20.68205]
						},
						"1.05": {
							"vector": [12.40885, 16.00417, 22.87923]
						},
						"1.1667": {
							"vector": [12.40885, 16.00417, 22.87923]
						},
						"1.3333": {
							"vector": [-9.66451, -1.5894, -31.16217]
						},
						"1.4333": {
							"vector": [-9.94879, -6.7604, -37.59895]
						},
						"1.5": {
							"vector": [-14.62319, -3.82777, -34.52161]
						},
						"1.6167": {
							"vector": [-14.42504, -1.24679, -31.79369]
						},
						"1.85": {
							"vector": [0, 0, 0]
						}
					},
					"position": {
						"0.0": {
							"vector": [0, 0, 0]
						},
						"0.1333": {
							"vector": [12.44153, -16.23524, 16.17273]
						},
						"0.2333": {
							"vector": [12.44153, -16.23524, 16.17273]
						},
						"0.3333": {
							"vector": [-14.19717, -27.98532, 8.20209]
						},
						"0.4333": {
							"vector": [-14.19717, -27.98532, 8.20209]
						},
						"0.5": {
							"vector": [-7.73268, -25.5219, 4.39033]
						},
						"0.6": {
							"vector": [-12.93, -26.49, 4.94]
						},
						"0.6667": {
							"vector": [-12.93, -24.34, 1.84]
						},
						"0.7333": {
							"vector": [-12.18, -14.09, -0.91]
						},
						"0.8333": {
							"vector": [-12.18, -14.09, -0.91]
						},
						"0.8833": {
							"vector": [-12.18, -14.09, -0.91]
						},
						"0.9333": {
							"vector": [2.87066, -10.26648, 10.97143]
						},
						"0.9833": {
							"vector": [2.87066, -10.26648, 10.97143]
						},
						"1.05": {
							"vector": [-1.22934, -4.34148, 4.29643]
						},
						"1.1667": {
							"vector": [-1.22934, -4.34148, 4.29643]
						},
						"1.3333": {
							"vector": [6.65644, 11.45941, -9.69216],
							"easing": "linear"
						},
						"1.4333": {
							"vector": [6.44294, 12.49803, -9.31348],
							"easing": "linear"
						},
						"1.5": {
							"vector": [10.71117, 13.9846, 3.10085]
						},
						"1.6167": {
							"vector": [9.61858, 12.23158, -2.83576]
						},
						"1.85": {
							"vector": [0, 0, 0]
						}
					}
				},
				"rightarm": {
					"rotation": {
						"0.0": {
							"vector": [0, 0, 0]
						},
						"0.1667": {
							"vector": [0, 0, 0]
						},
						"0.2": {
							"vector": [0.49921, 4.47925, -0.00759]
						},
						"0.3333": {
							"vector": [0, 0, 0]
						},
						"0.8": {
							"vector": [3.25, 0, -6.5]
						},
						"0.9667": {
							"vector": [0, 0, 0]
						}
					},
					"position": {
						"0.0": {
							"vector": [0, 0, 0]
						},
						"0.1667": {
							"vector": [0, 0, 0]
						},
						"0.2": {
							"vector": [1.475, 0, 0]
						},
						"0.3333": {
							"vector": [0, 0, 0]
						},
						"0.8": {
							"vector": [1.39059, 1.16785, 2.67603]
						},
						"0.9667": {
							"vector": [0, 0, 0]
						}
					}
				},
				"magazine": {
					"rotation": {
						"0.0": {
							"vector": [0, 0, 0]
						},
						"0.1": {
							"vector": [0, 0, 0]
						},
						"0.1667": {
							"vector": [0, 0, 0]
						},
						"0.2333": {
							"vector": [0.54694, -0.27061, 62.91865]
						},
						"0.3333": {
							"vector": [0.25233, -0.55561, 102.16872]
						},
						"0.4": {
							"vector": [-4.69479, 2.75772, -26.39986]
						},
						"0.4667": {
							"vector": [2.63758, 1.53366, 8.10404]
						},
						"0.5": {
							"vector": [-6.40263, 3.12894, -10.63022]
						},
						"0.6": {
							"vector": [0, 0, 0]
						},
						"0.6667": {
							"vector": [0, 0, 0]
						},
						"0.7333": {
							"vector": [0, 0, 0]
						}
					},
					"position": {
						"0.0": {
							"vector": [0, 0, 0]
						},
						"0.1": {
							"vector": [0, 0, 0]
						},
						"0.1667": {
							"vector": [0, -15, 4.5]
						},
						"0.2333": {
							"vector": [-0.2252, -31.53964, 4.92585]
						},
						"0.3333": {
							"vector": [-17.76735, -36.72571, 11.62577]
						},
						"0.4": {
							"vector": [15.01742, -38.721, 5.78391]
						},
						"0.4667": {
							"vector": [-5.33004, -20.03246, 6.83409]
						},
						"0.5": {
							"vector": [3.875, -14.825, 3.275]
						},
						"0.6": {
							"vector": [0, -14.325, 4.725]
						},
						"0.6667": {
							"vector": [0, -12.2, 3.75]
						},
						"0.7333": {
							"vector": [0, 0, 0]
						}
					}
				},
				"_camera_": {
					"rotation": {
						"0.0": {
							"vector": [0, 0, 0]
						},
						"0.2": {
							"vector": [1.54021, 0.6635, 3.26874],
							"easing": "easeInOutSine"
						},
						"0.6167": {
							"vector": [1.02364, -0.06068, -1.97623],
							"easing": "easeInOutSine"
						},
						"0.6833": {
							"vector": [1.014, 0.19777, -1.61886]
						},
						"0.7667": {
							"vector": [1.01337, 0.31375, -0.69028]
						},
						"0.85": {
							"vector": [0.97987, 0.53347, -3.20175]
						},
						"0.95": {
							"vector": [0.99632, 0.67159, -0.96368]
						},
						"1.0333": {
							"vector": [1.30695, 0.62053, -0.8766]
						},
						"1.0833": {
							"vector": [1.52655, 0.49764, 2.6746]
						},
						"1.1833": {
							"vector": [1.60722, 0.60114, -1.78907]
						},
						"1.3833": {
							"vector": [2.07738, -1.2978, 0.62116],
							"easing": "easeInOutSine"
						},
						"1.45": {
							"vector": [1.98866, -1.15142, -2.5014]
						},
						"1.5167": {
							"vector": [1.79914, -1.27992, 2.11136]
						},
						"1.55": {
							"vector": [1.68446, -1.20902, 0.93684]
						},
						"1.85": {
							"vector": [0, 0, 0],
							"easing": "easeOutSine"
						}
					}
				},
				"slide": {
					"position": {
						"0.0": {
							"vector": [0, 0, 8]
						},
						"1.4833": {
							"vector": [0, 0, 8]
						},
						"1.5167": {
							"vector": [0, 0, 0]
						}
					}
				}
			},
			"sound_effects": {
				"0.0": {
					"effect": "pistol_magout_fast"
				},
				"0.4333": {
					"effect": "pistol_magin"
				},
				"0.9333": {
					"effect": "pistol_hit"
				},
				"1.4": {
					"effect": "pistol_slide"
				}
			}
		}
	},
	"geckolib_format_version": 2
}