{
	"format_version": "1.8.0",
	"animations": {
		"animation.model.draw": {
			"loop": true,
			"animation_length": 1.2,
			"bones": {
				"main": {
					"rotation": {
						"0.0": {
							"vector": [-50.60123, -38.99394, 92.01937]
						},
						"0.1667": {
							"vector": [-3.27585, -3.91843, 52.5061],
							"easing": "easeOutSine"
						},
						"0.4333": {
							"vector": [1.57141, -1.85374, -1.9128],
							"easing": "easeOutSine"
						},
						"0.5167": {
							"vector": [0.27288, -0.37236, 1.59554],
							"easing": "linear"
						},
						"0.6": {
							"vector": [0, 0, 0],
							"easing": "linear"
						}
					},
					"position": {
						"0.0": {
							"vector": [0, -17.3, 0]
						},
						"0.1167": {
							"vector": [-0.03, -9.09, 0.045]
						},
						"0.3167": {
							"vector": [0.02894, -1.60775, -6.90297]
						},
						"0.4": {
							"vector": [0.05077, -1.45863, -3.79557],
							"easing": "linear"
						},
						"0.5167": {
							"vector": [-0.01391, -0.26895, -0.26276]
						},
						"0.6": {
							"vector": [0, 0, 0],
							"easing": "linear"
						}
					}
				},
				"leftarm": {
					"rotation": {
						"0.0": {
							"vector": [-22, 0, 0]
						},
						"0.1167": {
							"vector": [-7, 0, -22]
						},
						"0.3667": {
							"vector": [0, 0, 0]
						}
					},
					"position": {
						"0.0": {
							"vector": [3.325, -2.275, 0]
						},
						"0.1167": {
							"vector": [6.01401, 5.6254, 6.79783]
						},
						"0.3667": {
							"vector": [0, 0, 0]
						}
					}
				},
				"_camera_": {
					"rotation": {
						"0.0": {
							"vector": [0, 0, 0]
						},
						"0.1667": {
							"vector": [1.80315, -1.89688, -1.62846],
							"easing": "easeInOutSine"
						},
						"0.2833": {
							"vector": [1.24924, -0.00333, 0.0435]
						},
						"0.3833": {
							"vector": [0.44082, -0.01767, 1.01624]
						},
						"0.5167": {
							"vector": [0, 0, 0],
							"easing": "easeOutSine"
						}
					},
					"position": {
						"vector": [0, 0, 0]
					}
				}
			},
			"sound_effects": {
				"0.0": {
					"effect": "draw"
				}
			}
		},
		"animation.model.inspect": {
			"loop": true,
			"animation_length": 6.2667,
			"bones": {
				"main": {
					"rotation": {
						"0.0": {
							"vector": [0, 0, 0]
						},
						"0.35": {
							"vector": [-26.32055, -28.95323, -38.41824],
							"easing": "easeInOutQuad"
						},
						"0.45": {
							"vector": [-25.66239, -31.53589, -44.68762]
						},
						"0.5833": {
							"vector": [-29.3192, -30.58227, -40.03448]
						},
						"0.75": {
							"vector": [-27.10413, -31.89841, -42.85878]
						},
						"0.8833": {
							"vector": [-27.78689, -31.32225, -41.55621]
						},
						"1.0333": {
							"vector": [-27.51613, -31.5543, -42.0753]
						},
						"1.2333": {
							"vector": [-23.71064, -34.36823, -49.06156],
							"easing": "easeInOutSine"
						},
						"1.4": {
							"vector": [-21.1074, -35.89402, -53.58343],
							"easing": "easeOutSine"
						},
						"1.5667": {
							"vector": [-21.94193, -35.43536, -52.15215]
						},
						"1.7833": {
							"vector": [-20.76832, -36.0727, -54.16054]
						},
						"2.55": {
							"vector": [-23.3185, -35.45401, -49.81532]
						},
						"2.75": {
							"vector": [-51.25525, -13.69623, -15.09178]
						},
						"2.8833": {
							"vector": [-65.63972, 2.32296, -3.688]
						},
						"3.0667": {
							"vector": [-74.01117, 23.8148, -0.67983]
						},
						"3.2167": {
							"vector": [-79.3734, 25.56465, -3.9573]
						},
						"3.4333": {
							"vector": [-78.98912, 24.70845, -3.62085]
						},
						"3.6667": {
							"vector": [-78.89762, 23.48902, -2.80696]
						},
						"3.9167": {
							"vector": [-78.94097, 24.0015, -2.60182]
						},
						"4.2667": {
							"vector": [-78.95092, 23.9453, -3.0957]
						},
						"4.6667": {
							"vector": [-78.95092, 23.9453, -3.0957]
						},
						"5.05": {
							"vector": [-3.27585, -3.91843, 52.5061],
							"easing": "easeOutSine"
						},
						"5.3167": {
							"vector": [1.57141, -1.85374, -1.9128],
							"easing": "easeOutSine"
						},
						"5.4": {
							"vector": [0.27288, -0.37236, 1.59554],
							"easing": "linear"
						},
						"5.4833": {
							"vector": [0, 0, 0],
							"easing": "linear"
						}
					},
					"position": {
						"0.0": {
							"vector": [0, 0, 0]
						},
						"0.3": {
							"vector": [-4.15, 1.75, -15.475],
							"easing": "easeOutQuad"
						},
						"0.4": {
							"vector": [-4.15, -0.15, -14.6],
							"easing": "easeInOutSine"
						},
						"0.5167": {
							"vector": [-4.15, -0.925, -14.6],
							"easing": "linear"
						},
						"0.7": {
							"vector": [-4.2, -0.42, -14.6]
						},
						"0.9": {
							"vector": [-4.12, -0.57, -14.6]
						},
						"1.0667": {
							"vector": [-4.15, -0.47, -14.6]
						},
						"1.3": {
							"vector": [-4.15, -0.12, -14.825],
							"easing": "easeInOutQuad"
						},
						"1.5333": {
							"vector": [-4.2, -0.12, -15.04]
						},
						"1.7": {
							"vector": [-4.2, -0.02, -15.04]
						},
						"2.3": {
							"vector": [-4.2, -1.495, -15.04],
							"easing": "easeInOutSine"
						},
						"2.4333": {
							"vector": [-4.03, -1.67, -15.04]
						},
						"2.55": {
							"vector": [-3.7, 0.08, -15.04],
							"easing": "easeInSine"
						},
						"2.65": {
							"vector": [-0.18968, 5.0153, -18.15932]
						},
						"2.75": {
							"vector": [4.78001, 6.68487, -20.58417],
							"easing": "easeInOutQuad"
						},
						"2.85": {
							"vector": [12.24, 1.085, -21.53]
						},
						"3.0333": {
							"vector": [24.8, -17.445, -24.215],
							"easing": "easeInOutSine"
						},
						"3.1667": {
							"vector": [26.05, -19.97, -23.16],
							"easing": "linear"
						},
						"3.4167": {
							"vector": [26.05, -18.915, -23.16],
							"easing": "easeInOutSine"
						},
						"3.9": {
							"vector": [26.05, -18.145, -23.16]
						},
						"4.2667": {
							"vector": [26.05, -18.34, -23.16],
							"easing": "easeInOutSine"
						},
						"4.6667": {
							"vector": [25.39, -20.09, -22.52]
						},
						"4.8167": {
							"vector": [14.76, -16.93, -12.15]
						},
						"5.0": {
							"vector": [2.27, -9.09, 0.045]
						},
						"5.2": {
							"vector": [0.02894, -1.60775, -6.90297]
						},
						"5.2833": {
							"vector": [0.05077, -1.45863, -3.79557],
							"easing": "linear"
						},
						"5.4": {
							"vector": [-0.01391, -0.26895, -0.26276]
						},
						"5.4833": {
							"vector": [0, 0, 0],
							"easing": "linear"
						}
					}
				},
				"rightarm": {
					"rotation": {
						"0.0": {
							"vector": [0, 0, 0]
						},
						"2.65": {
							"vector": [0, 0, 0]
						},
						"4.9833": {
							"vector": [0, 0, 0]
						}
					},
					"position": {
						"0.0": {
							"vector": [0, 0, 0]
						},
						"2.65": {
							"vector": [0, 0, 0]
						},
						"2.7833": {
							"vector": [-6.30177, -6.68954, 29.94651]
						},
						"4.75": {
							"vector": [-6.30177, -6.68954, 29.94651]
						},
						"4.9833": {
							"vector": [0, 0, 0]
						}
					}
				},
				"leftarm": {
					"rotation": {
						"0.0": {
							"vector": [0, 0, 0]
						},
						"0.2833": {
							"vector": [-45.13234, 71.33372, -81.76837]
						},
						"2.6333": {
							"vector": [-45.13234, 71.33372, -81.76837]
						},
						"2.6833": {
							"vector": [96.97325, 30.0031, 35.42478]
						},
						"3.0333": {
							"vector": [96.97325, 30.0031, 35.42478]
						},
						"4.6667": {
							"vector": [96.97325, 30.0031, 35.42478]
						},
						"5.1667": {
							"vector": [0, 0, 0]
						}
					},
					"position": {
						"0.0": {
							"vector": [0, 0, 0]
						},
						"0.0667": {
							"vector": [9.47769, -9.10617, 9.45309]
						},
						"0.2833": {
							"vector": [12.05588, -33.69803, 37.55014]
						},
						"2.6333": {
							"vector": [12.05588, -33.69803, 37.55014]
						},
						"2.7667": {
							"vector": [16.26701, 33.15434, 47.96913]
						},
						"3.0333": {
							"vector": [0.10728, 40.33525, 11.67686]
						},
						"4.6667": {
							"vector": [0.10728, 40.33525, 11.67686]
						},
						"5.1667": {
							"vector": [0, 0, 0]
						}
					},
					"scale": {
						"0.0": {
							"vector": [1, 1, 1]
						},
						"2.6333": {
							"vector": [1, 1, 1]
						},
						"2.7667": {
							"vector": [1.2, 1.4, 1.2]
						},
						"3.0333": {
							"vector": [1.2, 1.4, 1.2]
						},
						"4.6667": {
							"vector": [1.2, 1.4, 1.2]
						},
						"5.1667": {
							"vector": [1, 1, 1]
						}
					}
				},
				"_camera_": {
					"rotation": {
						"0.0": {
							"vector": [0, 0, 0]
						},
						"0.1333": {
							"vector": [-0.01091, 1.24995, -0.50012]
						},
						"0.2833": {
							"vector": [-1.31346, 1.78854, -1.03401]
						},
						"0.4833": {
							"vector": [-3.43914, 2.08948, 0.95199],
							"easing": "easeInOutQuad"
						},
						"0.8333": {
							"vector": [-4.99004, 2.77768, -0.09243],
							"easing": "easeInOutSine"
						},
						"1.0667": {
							"vector": [-5.49004, 2.77768, -0.09243]
						},
						"1.7333": {
							"vector": [7.44976, 9.00685, -1.60374],
							"easing": "easeInSine"
						},
						"1.95": {
							"vector": [9.88265, 9.8236, -2.03661],
							"easing": "easeOutSine"
						},
						"2.25": {
							"vector": [10.3897, 9.84427, -1.20003],
							"easing": "easeOutSine"
						},
						"2.5667": {
							"vector": [9.96385, 7.66225, 1.88547],
							"easing": "easeInSine"
						},
						"2.7833": {
							"vector": [1.24375, 5.27922, 3.31414]
						},
						"2.9667": {
							"vector": [5.41765, 2.01024, 2.19487]
						},
						"3.2167": {
							"vector": [12.17135, -3.19168, -0.93824],
							"easing": "easeOutSine"
						},
						"3.5833": {
							"vector": [9.63273, -4.12615, 0.15611]
						},
						"4.3": {
							"vector": [5.12655, -3.80897, -0.98969],
							"easing": "easeInOutSine"
						},
						"4.5167": {
							"vector": [4.61883, -3.81704, -0.95786],
							"easing": "easeInOutSine"
						},
						"4.9667": {
							"vector": [2.5026, -0.00111, -0.00518],
							"easing": "easeInOutSine"
						},
						"5.1333": {
							"vector": [1.75872, -0.39593, -1.62595],
							"easing": "easeInOutSine"
						},
						"5.25": {
							"vector": [1.24924, -0.00333, 0.0435]
						},
						"5.35": {
							"vector": [0.44082, -0.01767, 1.01624]
						},
						"5.4833": {
							"vector": [0, 0, 0],
							"easing": "easeOutSine"
						}
					},
					"position": {
						"0.0": {
							"vector": [0, 0, 0]
						},
						"4.9667": {
							"vector": [0, 0, 0]
						}
					}
				}
			},
			"sound_effects": {
				"0.0": {
					"effect": "inspect_up"
				},
				"1.0667": {
					"effect": "inspect_foley"
				},
				"2.25": {
					"effect": "inspect_turn"
				},
				"2.6667": {
					"effect": "inspect_down"
				},
				"4.95": {
					"effect": "inspect_down"
				}
			}
		},
		"animation.model.firegrenade": {
			"loop": true,
			"animation_length": 0.5833,
			"bones": {
				"main": {
					"rotation": {
						"0.0": {
							"vector": [0, 0, 0]
						},
						"0.05": {
							"vector": [-3.66206, -1.09217, -5.89975]
						},
						"0.2167": {
							"vector": [-2.8004, 0.29761, -4.49811]
						},
						"0.35": {
							"vector": [0, 0, 2]
						},
						"0.4667": {
							"vector": [0, 0, 0]
						}
					},
					"position": {
						"0.0": {
							"vector": [0, 0, 0]
						},
						"0.0333": {
							"vector": [0, -0.9, 4.875]
						},
						"0.3167": {
							"vector": [0, -1.025, 0.775],
							"easing": "easeInOutSine"
						},
						"0.4667": {
							"vector": [0, 0, 0],
							"easing": "easeOutSine"
						}
					}
				},
				"_camera_": {
					"rotation": {
						"0.0": {
							"vector": [0, 0, 0]
						},
						"0.0667": {
							"vector": [-4.74235, -0.64055, 2.99705]
						},
						"0.1667": {
							"vector": [-3.25289, -0.66995, -2.41145]
						},
						"0.35": {
							"vector": [0.5, 0, 0],
							"easing": "easeInOutSine"
						},
						"0.4667": {
							"vector": [0, 0, 0],
							"easing": "easeOutSine"
						}
					}
				}
			}
		},
		"animation.model.laserreload": {
			"loop": true,
			"animation_length": 3.3833,
			"bones": {
				"main": {
					"rotation": {
						"0.0": {
							"vector": [0, 0, 0]
						},
						"0.3167": {
							"vector": [-7.6205, -6.73099, -12.32105],
							"easing": "easeInOutSine"
						},
						"0.4333": {
							"vector": [-7.38588, -7.24004, -16.28586],
							"easing": "easeOutSine"
						},
						"0.5667": {
							"vector": [-7.38588, -7.24004, -13.01624]
						},
						"0.7167": {
							"vector": [-7.38588, -7.24004, -15.51697]
						},
						"0.9333": {
							"vector": [-7.38588, -7.24004, -14.8543]
						},
						"1.1167": {
							"vector": [-7.38588, -7.24004, -13.59679]
						},
						"1.2833": {
							"vector": [-7.51071, -7.1104, -14.8399]
						},
						"1.4167": {
							"vector": [-7.35086, -7.27555, -16.07423]
						},
						"1.5333": {
							"vector": [-7.66192, -6.947, -13.48271]
						},
						"1.6333": {
							"vector": [-7.08508, -7.53443, -17.91054]
						},
						"1.8": {
							"vector": [-7.33291, -7.29065, -15.46674]
						},
						"1.95": {
							"vector": [-7.38588, -7.24004, -14.28586],
							"easing": "easeInOutSine"
						},
						"2.0167": {
							"vector": [-6.93756, -6.54638, -10.34404]
						},
						"2.1": {
							"vector": [-5.24036, -5.82292, -8.56733]
						},
						"2.3167": {
							"vector": [-0.65144, -3.1904, 1.7667],
							"easing": "easeInOutSine"
						},
						"2.5": {
							"vector": [1.57141, -1.85374, -1.9128],
							"easing": "easeOutSine"
						},
						"2.5833": {
							"vector": [0.27288, -0.37236, 1.59554],
							"easing": "linear"
						},
						"2.6667": {
							"vector": [0, 0, 0],
							"easing": "linear"
						}
					},
					"position": {
						"0.0": {
							"vector": [0, 0, 0]
						},
						"0.15": {
							"vector": [-1.2, -1.26, 1.64]
						},
						"0.4667": {
							"vector": [-2.2, -0.53, 3],
							"easing": "easeInOutQuad"
						},
						"0.6167": {
							"vector": [-2.2, -1.53, 3]
						},
						"0.9": {
							"vector": [-2.35, -1.16, 3],
							"easing": "easeInOutSine"
						},
						"1.2167": {
							"vector": [-2.45, -1.255, 3]
						},
						"1.4333": {
							"vector": [-2.35, -0.87, 3]
						},
						"1.5333": {
							"vector": [-2.31, -0.28, 3],
							"easing": "easeInSine"
						},
						"1.7167": {
							"vector": [-2.29, -0.955, 3]
						},
						"1.8833": {
							"vector": [-2.22, -1.355, 3]
						},
						"2.0167": {
							"vector": [-2.2, -1.05, 3],
							"easing": "easeOutSine"
						},
						"2.3833": {
							"vector": [0.02894, -2.38275, -6.90297],
							"easing": "easeInOutSine"
						},
						"2.5": {
							"vector": [0.05077, -1.45863, -3.79557],
							"easing": "linear"
						},
						"2.5833": {
							"vector": [-0.01391, -0.26895, -0.26276]
						},
						"2.6667": {
							"vector": [0, 0, 0],
							"easing": "linear"
						}
					}
				},
				"leftarm": {
					"rotation": {
						"0.0": {
							"vector": [0, 0, 0]
						},
						"0.2667": {
							"vector": [-3.75883, -6.02742, -1.3097]
						},
						"0.3333": {
							"vector": [-3.75883, -6.02742, -1.3097]
						},
						"0.4167": {
							"vector": [-3.75883, -6.02742, -1.3097]
						},
						"0.4833": {
							"vector": [-3.93964, -6.03567, -2.26868]
						},
						"0.5667": {
							"vector": [-3.75883, -6.02742, -1.3097]
						},
						"1.3": {
							"vector": [-3.75883, -6.02742, -1.3097]
						},
						"1.3667": {
							"vector": [-2.98974, -6.0258, 2.766]
						},
						"1.4333": {
							"vector": [-2.98974, -6.0258, 2.766]
						},
						"1.55": {
							"vector": [-7.17681, -12.56237, 4.2713]
						},
						"1.6833": {
							"vector": [-7.36169, -12.55313, 3.33352]
						},
						"1.95": {
							"vector": [-7.87058, -12.54285, 0.75467]
						},
						"2.25": {
							"vector": [-7.87058, -12.54285, 0.75467]
						},
						"2.5333": {
							"vector": [0, 0, 0]
						}
					},
					"position": {
						"0.0": {
							"vector": [0, 0, 0]
						},
						"0.15": {
							"vector": [3.155, -11.71, -4.39]
						},
						"0.2667": {
							"vector": [0, -16.15, -6.05]
						},
						"0.3333": {
							"vector": [0, -16.15, -6.05]
						},
						"0.4167": {
							"vector": [0, -19.15, -6.05]
						},
						"0.4833": {
							"vector": [0.225, -19.15, -6.05]
						},
						"0.5667": {
							"vector": [0, -19.15, -6.05]
						},
						"0.6833": {
							"vector": [0, -24.475, -6.05]
						},
						"0.9333": {
							"vector": [4.9, -62.7, 8.8]
						},
						"1.05": {
							"vector": [4.9, -39.875, -2.2]
						},
						"1.3": {
							"vector": [0, -24.475, -6.05]
						},
						"1.3667": {
							"vector": [-1.25, -21.725, -6.05]
						},
						"1.4333": {
							"vector": [-1.25, -20.85, -5.725]
						},
						"1.55": {
							"vector": [-1.95, -16.25, -6.545]
						},
						"1.6833": {
							"vector": [-1.65, -16.25, -6.545]
						},
						"1.95": {
							"vector": [5.2, -35.75, 10.61]
						},
						"2.25": {
							"vector": [5.2, -35.75, 10.61]
						},
						"2.5333": {
							"vector": [0, 0, 0]
						}
					}
				},
				"_camera_": {
					"rotation": {
						"0.0": {
							"vector": [0, 0, 0]
						},
						"0.3": {
							"vector": [3.47806, 0.81746, -0.94096],
							"easing": "easeInOutSine"
						},
						"0.4167": {
							"vector": [3.96109, 1.36846, -1.65902]
						},
						"0.6167": {
							"vector": [4.76713, 1.19369, 0.8473],
							"easing": "linear"
						},
						"0.7667": {
							"vector": [4.96031, 0.82932, -0.74209]
						},
						"0.9167": {
							"vector": [5.18675, 0.59003, -0.81759]
						},
						"1.1": {
							"vector": [5.04799, 0.53437, -0.27586]
						},
						"1.4333": {
							"vector": [4.3224, 1.69713, -0.32674],
							"easing": "easeInOutSine"
						},
						"1.5667": {
							"vector": [4.26089, 1.76369, -1.61482]
						},
						"1.6833": {
							"vector": [4.27581, 1.60725, -0.0472]
						},
						"1.8667": {
							"vector": [3.93408, 1.51752, -0.3137],
							"easing": "easeInOutSine"
						},
						"2.0167": {
							"vector": [3.16397, 1.55905, -1.06282]
						},
						"2.1333": {
							"vector": [3.18408, 1.51752, -0.3137]
						},
						"2.35": {
							"vector": [2.53449, 0.06343, 0.79204],
							"easing": "easeInSine"
						},
						"2.6": {
							"vector": [0, 0, 0],
							"easing": "easeOutSine"
						}
					}
				},
				"leftslide": {
					"rotation": {
						"0.0": {
							"vector": [0, 0, 0]
						},
						"0.2833": {
							"vector": [0, 0, 0]
						},
						"0.4167": {
							"vector": [7.92094, 2.19248, -0.58696]
						},
						"1.9167": {
							"vector": [7.92094, 2.19248, -0.58696]
						},
						"2.0333": {
							"vector": [0, 0, 0]
						}
					},
					"position": {
						"0.0": {
							"vector": [0, 0, 0]
						},
						"0.2833": {
							"vector": [0, 0, 0]
						},
						"0.4167": {
							"vector": [0, 0, 1.2]
						},
						"1.9167": {
							"vector": [0, 0, 1.2]
						},
						"2.0333": {
							"vector": [0, 0, 0]
						}
					}
				},
				"rightslide": {
					"rotation": {
						"0.2833": {
							"vector": [0, 0, 0]
						},
						"0.4167": {
							"vector": [7.92094, 2.19248, -0.58696]
						},
						"1.9167": {
							"vector": [7.92094, 2.19248, -0.58696]
						},
						"2.0333": {
							"vector": [0, 0, 0]
						}
					},
					"position": {
						"0.2833": {
							"vector": [0, 0, 0]
						},
						"0.4167": {
							"vector": [0, 0, 1.2]
						},
						"1.9167": {
							"vector": [0, 0, 1.2]
						},
						"2.0333": {
							"vector": [0, 0, 0]
						}
					}
				},
				"left": {
					"rotation": {
						"0.0": {
							"vector": [0, 0, 0]
						},
						"0.2333": {
							"vector": [0, 0, 0]
						},
						"0.4333": {
							"vector": [-35.70996, 3.67748, -2.03953],
							"easing": "easeInOutSine"
						},
						"1.85": {
							"vector": [-35.70996, 3.67748, -2.03953],
							"easing": "easeInOutSine"
						},
						"2.0667": {
							"vector": [0, 0, 0],
							"easing": "easeInOutSine"
						}
					},
					"position": {
						"0.0": {
							"vector": [0, 0, 0]
						},
						"0.2333": {
							"vector": [0, 0, 0]
						},
						"0.4333": {
							"vector": [0.275, -1.175, 5.8],
							"easing": "easeInOutSine"
						},
						"1.85": {
							"vector": [0.275, -1.175, 5.8],
							"easing": "easeInOutSine"
						},
						"2.0667": {
							"vector": [0, 0, 0],
							"easing": "easeInOutSine"
						}
					}
				},
				"right": {
					"rotation": {
						"0.2333": {
							"vector": [0, 0, 0]
						},
						"0.4333": {
							"vector": [-33.00187, -2.53253, -0.82135],
							"easing": "easeInOutSine"
						},
						"1.85": {
							"vector": [-33.00187, -2.53253, -0.82135],
							"easing": "easeInOutSine"
						},
						"2.0667": {
							"vector": [0, 0, 0],
							"easing": "easeInOutSine"
						}
					},
					"position": {
						"0.2333": {
							"vector": [0, 0, 0]
						},
						"0.4333": {
							"vector": [-0.525, -3, 5.8],
							"easing": "easeInOutSine"
						},
						"1.85": {
							"vector": [-0.525, -3, 5.8],
							"easing": "easeInOutSine"
						},
						"2.0667": {
							"vector": [0, 0, 0],
							"easing": "easeInOutSine"
						}
					}
				},
				"lasermagazine": {
					"rotation": {
						"0.0": {
							"vector": [0, 0, 0]
						},
						"0.3": {
							"vector": [3.47806, 0.81746, -0.94096],
							"easing": "easeInOutSine"
						},
						"0.4167": {
							"vector": [3.96109, 1.36846, -1.65902]
						},
						"0.6167": {
							"vector": [4.76713, 1.19369, 0.8473],
							"easing": "linear"
						},
						"0.6833": {
							"vector": [0, 0, 0]
						},
						"0.7667": {
							"vector": [4.96031, 0.82932, -0.74209]
						},
						"0.9167": {
							"vector": [5.18675, 0.59003, -0.81759]
						},
						"0.9333": {
							"vector": [5.28231, 9.0007, -32.11834]
						},
						"1.05": {
							"vector": [5.28231, 9.0007, -32.11834]
						},
						"1.1": {
							"vector": [5.04799, 0.53437, -0.27586]
						},
						"1.3": {
							"vector": [0.54441, -0.59519, 4.42433],
							"easing": "easeInOutSine"
						},
						"1.3833": {
							"vector": [0, 0, 0],
							"easing": "easeInOutSine"
						},
						"1.4333": {
							"vector": [4.3224, 1.69713, -0.32674],
							"easing": "easeInOutSine"
						},
						"1.55": {
							"vector": [0, 0, 0],
							"easing": "linear"
						},
						"1.5667": {
							"vector": [4.26089, 1.76369, -1.61482]
						},
						"1.6833": {
							"vector": [4.27581, 1.60725, -0.0472]
						},
						"1.8667": {
							"vector": [3.93408, 1.51752, -0.3137],
							"easing": "easeInOutSine"
						},
						"2.0167": {
							"vector": [3.16397, 1.55905, -1.06282]
						},
						"2.1333": {
							"vector": [3.18408, 1.51752, -0.3137]
						},
						"2.35": {
							"vector": [2.53449, 0.06343, 0.79204],
							"easing": "easeInSine"
						},
						"2.6": {
							"vector": [0, 0, 0],
							"easing": "easeOutSine"
						}
					},
					"position": {
						"0.0": {
							"vector": [0, 0, 0]
						},
						"0.3333": {
							"vector": [0, 0, 0]
						},
						"0.4167": {
							"vector": [0, -3, 0]
						},
						"0.4667": {
							"vector": [0, -2.7, 0]
						},
						"0.5667": {
							"vector": [0, -3, 0]
						},
						"0.6833": {
							"vector": [0, -8.125, 0]
						},
						"0.9333": {
							"vector": [3.4, -50.505, 13]
						},
						"1.05": {
							"vector": [3.4, -26.505, 3]
						},
						"1.3": {
							"vector": [-0.24, -8.75, 0.1]
						},
						"1.3667": {
							"vector": [0, -6.375, 0],
							"easing": "easeInOutSine"
						},
						"1.4333": {
							"vector": [0, -5.63, 0]
						},
						"1.55": {
							"vector": [0, 0, 0],
							"easing": "easeInQuad"
						}
					}
				}
			},
			"sound_effects": {
				"0.05": {
					"effect": "laser_open"
				},
				"0.25": {
					"effect": "laser_magout"
				},
				"1.2333": {
					"effect": "laser_magin"
				},
				"1.7": {
					"effect": "laser_close"
				},
				"2.2": {
					"effect": "inspect_down"
				}
			}
		},
		"animation.model.firelaser": {
			"loop": true,
			"animation_length": 0.9,
			"bones": {
				"main": {
					"rotation": {
						"0.0": {
							"vector": [0, 0, -0.5]
						},
						"0.0556": {
							"vector": [-1.18646, -0.95601, -5.42997]
						},
						"0.1667": {
							"vector": [0.1479, 1.26531, 3.42061]
						},
						"0.3222": {
							"vector": [0.60244, 0.51183, 0.66747]
						},
						"0.5111": {
							"vector": [0.10782, 0.02014, 2.84419]
						},
						"0.7889": {
							"vector": [-0.05466, 0.00042, -0.81083],
							"easing": "easeOutSine"
						},
						"0.9": {
							"vector": [0, 0, 0],
							"easing": "easeOutSine"
						}
					},
					"position": {
						"0.0": {
							"vector": [0, 0, 2.325]
						},
						"0.0333": {
							"vector": [-0.00312, 1.99797, 3.87432]
						},
						"0.2111": {
							"vector": [-0.0826, 0.31325, 4.38304]
						},
						"0.6111": {
							"vector": [-0.0767, -1.27015, -0.4386],
							"easing": "easeInSine"
						},
						"0.9": {
							"vector": [0, 0, 0],
							"easing": "easeOutSine"
						}
					}
				},
				"loader": {
					"position": {
						"0.0": {
							"vector": [0, 0, 0]
						},
						"0.1889": {
							"vector": [0, 0, 0]
						},
						"0.2667": {
							"vector": [0, 0, -18]
						},
						"0.4556": {
							"vector": [0, 0, -18]
						},
						"0.5556": {
							"vector": [0, 0, 0]
						}
					}
				},
				"_camera_": {
					"rotation": {
						"0.0": {
							"vector": [0, 0, 0]
						},
						"0.0444": {
							"vector": [-6.48931, 0.27105, 5.49155]
						},
						"0.2333": {
							"vector": [-5.75059, -0.57493, -3.945]
						},
						"0.5778": {
							"vector": [1.31748, -0.15684, 1.03807],
							"easing": "easeInOutSine"
						},
						"0.9": {
							"vector": [0, 0, 0],
							"easing": "easeOutSine"
						}
					}
				},
				"glowy_new6": {
					"rotation": {
						"0.0": {
							"vector": [0, 0, 0]
						},
						"0.0333": {
							"vector": [0, 0, -17.5]
						},
						"0.1": {
							"vector": [0, 0, -17.5]
						},
						"0.1333": {
							"vector": [0, 0, 0]
						}
					},
					"position": {
						"0.0": {
							"vector": [0, 0, 0]
						},
						"0.0333": {
							"vector": [-1.0079, -3.8224, -160.93982]
						},
						"0.1": {
							"vector": [-1.0079, -3.8224, -160.93982]
						},
						"0.1111": {
							"vector": [0.06798, -1.58339, -24.76581]
						},
						"0.1333": {
							"vector": [0, 0, 0]
						}
					},
					"scale": {
						"0.0": {
							"vector": [0, 0, 0]
						},
						"0.0111": {
							"vector": [0, 0, 0]
						},
						"0.0333": {
							"vector": [1, 4.515, 16.48]
						},
						"0.1": {
							"vector": [1, 4.515, 16.48]
						},
						"0.1111": {
							"vector": [0, 0, 0]
						},
						"0.1333": {
							"vector": [1, 1, 1]
						}
					}
				}
			}
		},
		"animation.model.preparefire": {
			"loop": true,
			"animation_length": 0.5667,
			"bones": {
				"main": {
					"rotation": {
						"0.0": {
							"vector": [0, 0, 0]
						},
						"0.1": {
							"vector": [0, 0, -1]
						},
						"0.2333": {
							"vector": [0, 0, 0]
						},
						"0.4": {
							"vector": [0, 0.5, -0.5]
						},
						"0.5667": {
							"vector": [0, 0, -0.5]
						}
					},
					"position": {
						"0.0": {
							"vector": [0, 0, 0]
						},
						"0.5667": {
							"vector": [0, 0, 2.325]
						}
					}
				},
				"_camera_": {
					"rotation": {
						"0.0": {
							"vector": [0, 0, 0]
						},
						"0.1167": {
							"vector": [0, 0, -0.5]
						},
						"0.2333": {
							"vector": [0, 0, 0.08]
						},
						"0.35": {
							"vector": [0, 0, 1.14]
						},
						"0.4667": {
							"vector": [0, 0, -1.68]
						},
						"0.5667": {
							"vector": [0, 0, 0]
						}
					}
				}
			},
			"sound_effects": {
				"0.0": {
					"effect": "laser_charge"
				}
			}
		},
		"animation.model.fireshotgun": {
			"loop": true,
			"animation_length": 0.55,
			"bones": {
				"main": {
					"rotation": {
						"0.0": {
							"vector": [0, 0, 0]
						},
						"0.0333": {
							"vector": [-3.22497, -0.50031, -5.72827]
						},
						"0.1333": {
							"vector": [-1.44284, -0.14478, -0.74114]
						},
						"0.2333": {
							"vector": [0.80017, -0.16183, -2.89092]
						},
						"0.3667": {
							"vector": [0, 0, 0.5]
						},
						"0.4833": {
							"vector": [0, 0, -0.75]
						},
						"0.55": {
							"vector": [0, 0, 0]
						}
					},
					"position": {
						"0.0": {
							"vector": [0, 0, 0]
						},
						"0.05": {
							"vector": [0, 0, 1.425]
						},
						"0.2833": {
							"vector": [0.00635, -0.2249, 0.74196],
							"easing": "easeOutSine"
						},
						"0.5333": {
							"vector": [0, 0, 0],
							"easing": "easeInOutSine"
						}
					}
				},
				"_camera_": {
					"rotation": {
						"0.0": {
							"vector": [0, 0, 0]
						},
						"0.05": {
							"vector": [-5.25, 0, 0]
						},
						"0.2": {
							"vector": [-2.17505, 0.08083, 1.27333]
						},
						"0.3333": {
							"vector": [-0.77492, -0.01983, -0.93653]
						},
						"0.55": {
							"vector": [0, 0, 0]
						}
					}
				}
			}
		},
		"animation.model.shotgunreload": {
			"loop": true,
			"animation_length": 2.65,
			"bones": {
				"main": {
					"rotation": {
						"0.0": {
							"vector": [0, 0, 0]
						},
						"0.2333": {
							"vector": [-2.81594, -2.65024, -8.82027],
							"easing": "easeInOutSine"
						},
						"0.35": {
							"vector": [-4.48626, -1.79941, -11.37979],
							"easing": "easeInSine"
						},
						"0.4833": {
							"vector": [-4.20366, -2.84461, -17.94447],
							"easing": "easeInOutSine"
						},
						"0.6333": {
							"vector": [-5.42218, -2.97658, -14.03259]
						},
						"0.8167": {
							"vector": [-4.9418, -2.44365, -17.57462]
						},
						"1.0": {
							"vector": [-4.78339, -1.49838, -16.75521]
						},
						"1.1667": {
							"vector": [-4.85057, -2.20006, -15.17245]
						},
						"1.2667": {
							"vector": [-4.77936, -2.52989, -17.11813]
						},
						"1.3667": {
							"vector": [-4.9683, -2.35167, -13.0797],
							"easing": "easeInOutSine"
						},
						"1.4333": {
							"vector": [-4.27431, -2.53429, -14.31442]
						},
						"1.5167": {
							"vector": [-3.59953, -2.42377, -11.36645]
						},
						"1.8": {
							"vector": [1.57141, -0.85374, -1.9128],
							"easing": "easeOutSine"
						},
						"1.8833": {
							"vector": [0.27288, -0.37236, 1.59554],
							"easing": "linear"
						},
						"1.9667": {
							"vector": [0, 0, 0],
							"easing": "linear"
						}
					},
					"position": {
						"0.0": {
							"vector": [0, 0, 0]
						},
						"0.15": {
							"vector": [-0.05, -1.98, 0.99]
						},
						"0.4": {
							"vector": [-0.08, -0.785, 4.95],
							"easing": "easeInOutSine"
						},
						"0.5667": {
							"vector": [-0.08, -1.86, 4.95],
							"easing": "easeInOutSine"
						},
						"0.7833": {
							"vector": [-0.08, -2.095, 4.95]
						},
						"1.05": {
							"vector": [-0.08, -1.715, 4.95]
						},
						"1.2333": {
							"vector": [-0.08, -1.335, 4.95]
						},
						"1.3667": {
							"vector": [-0.075, -0.555, 4.95],
							"easing": "easeInOutSine"
						},
						"1.4833": {
							"vector": [-0.08, -1.7, 4.95]
						},
						"1.7667": {
							"vector": [0.05077, -1.45863, -3.79557],
							"easing": "easeInOutSine"
						},
						"1.8833": {
							"vector": [-0.01391, -0.26895, -0.26276]
						},
						"1.9667": {
							"vector": [0, 0, 0],
							"easing": "linear"
						}
					}
				},
				"bolt2": {
					"rotation": {
						"vector": [0, 0, 0]
					},
					"position": {
						"vector": [0, 0, 0]
					}
				},
				"leftarm": {
					"rotation": {
						"0.0": {
							"vector": [0, 0, 0]
						},
						"0.25": {
							"vector": [0.81217, -0.42462, 9.8999]
						},
						"0.35": {
							"vector": [-0.93783, -3.92462, 9.8999]
						},
						"0.5167": {
							"vector": [22.97723, 27.4112, 13.01485]
						},
						"0.6333": {
							"vector": [27.82065, 23.48659, 14.23335]
						},
						"0.7333": {
							"vector": [27.82065, 23.48659, 14.23335]
						},
						"1.0833": {
							"vector": [6.22855, -2.07699, 12.27202]
						},
						"1.1667": {
							"vector": [4.31101, -0.48058, 12.6793]
						},
						"1.25": {
							"vector": [5.84399, -3.10108, 10.80152]
						},
						"1.3333": {
							"vector": [1.90842, -7.726, 9.82745]
						},
						"1.4167": {
							"vector": [1.90842, -7.726, 9.82745]
						},
						"1.5": {
							"vector": [1.90842, -14.226, 9.82745]
						},
						"1.7167": {
							"vector": [0, 0, 0]
						}
					},
					"position": {
						"0.0": {
							"vector": [0, 0, 0]
						},
						"0.1167": {
							"vector": [6.17565, -12.76257, -4.15344]
						},
						"0.25": {
							"vector": [-2.09212, -15.84075, -10.59912]
						},
						"0.35": {
							"vector": [-2.66098, -16.92214, -11.79495]
						},
						"0.4167": {
							"vector": [-2.15488, -20.94518, -10.05907]
						},
						"0.5167": {
							"vector": [4.95039, -22.9485, -3.18358]
						},
						"0.6333": {
							"vector": [-2.83378, -34.34123, 7.15248]
						},
						"0.7333": {
							"vector": [-2.88483, -34.28591, 7.13435]
						},
						"1.0833": {
							"vector": [-4.01957, -19.36321, -11.03597]
						},
						"1.1667": {
							"vector": [-4.07543, -19.36264, -11.0367]
						},
						"1.25": {
							"vector": [-4.27715, -19.34284, -10.71698]
						},
						"1.3333": {
							"vector": [-3.99853, -17.19731, -10.90169]
						},
						"1.4167": {
							"vector": [-4.02285, -17.04228, -10.95111]
						},
						"1.5": {
							"vector": [-5.42721, -17.32809, -10.92755]
						},
						"1.6167": {
							"vector": [-0.03152, -7.40461, 3.5214]
						},
						"1.7167": {
							"vector": [0, 0, 0]
						}
					},
					"scale": {
						"0.0": {
							"vector": [1, 1, 1]
						},
						"0.25": {
							"vector": [1, 1, 1]
						},
						"1.5": {
							"vector": [1, 1, 1]
						},
						"1.7167": {
							"vector": [1, 1, 1]
						}
					}
				},
				"bolt": {
					"rotation": {
						"vector": [0, 0, 0]
					},
					"position": {
						"vector": [0, 0, 0]
					}
				},
				"shotgunmagazine": {
					"rotation": {
						"0.0": {
							"vector": [0, 0, 0]
						},
						"0.4167": {
							"vector": [0, 0, 0]
						},
						"0.5167": {
							"vector": [25.17625, 3.34602, -28.10325]
						},
						"1.0833": {
							"vector": [-0.92326, -2.60086, -3.98101]
						},
						"1.1667": {
							"vector": [-0.92326, -0.35086, 0.76899]
						},
						"1.25": {
							"vector": [-0.9575, -0.28772, 0.02262]
						},
						"1.3333": {
							"vector": [0, 0, 0]
						}
					},
					"position": {
						"0.0": {
							"vector": [0, 0, 0]
						},
						"0.35": {
							"vector": [0, 0, 0]
						},
						"0.4167": {
							"vector": [0, -3.96802, -0.5048]
						},
						"0.5167": {
							"vector": [8.51563, -14.24604, 4.30875]
						},
						"0.6333": {
							"vector": [2.47071, -26.33146, 13.43764]
						},
						"0.7333": {
							"vector": [2.47071, -26.33146, 13.43764]
						},
						"1.0833": {
							"vector": [1.58993, -3.45437, -0.52159]
						},
						"1.1667": {
							"vector": [-0.1878, -2.94254, -0.50712]
						},
						"1.25": {
							"vector": [0.26699, -3.0793, -0.51673]
						},
						"1.3333": {
							"vector": [0, 0, 0]
						}
					}
				},
				"_camera_": {
					"rotation": {
						"0.0": {
							"vector": [0, 0, 0]
						},
						"0.2833": {
							"vector": [2.55, 0.97, -0.71],
							"easing": "easeInOutSine"
						},
						"0.4667": {
							"vector": [2.85, -0.32, 0.85]
						},
						"0.6": {
							"vector": [3.25879, -0.73508, 0.04418],
							"easing": "easeInOutSine"
						},
						"0.7167": {
							"vector": [3.26, -0.74, -0.71]
						},
						"0.8667": {
							"vector": [3.25879, -0.73508, 0.04418]
						},
						"1.0833": {
							"vector": [2.68, 0.21, -1.98]
						},
						"1.25": {
							"vector": [2.5, 0.5, -1.46]
						},
						"1.3333": {
							"vector": [2.5, 0.5, 0.96]
						},
						"1.4167": {
							"vector": [2.5, 0.5, -1.25]
						},
						"1.5667": {
							"vector": [2.49674, 0.50226, -0.46251]
						},
						"1.7167": {
							"vector": [2, 0.25, -2.21]
						},
						"1.95": {
							"vector": [0, 0, 0],
							"easing": "easeInOutSine"
						}
					}
				}
			},
			"sound_effects": {
				"0.1833": {
					"effect": "shotgun_magout"
				},
				"0.9167": {
					"effect": "shotgun_magin"
				},
				"1.4667": {
					"effect": "foley_end"
				}
			}
		},
		"animation.model.shotgunreloadempty": {
			"loop": true,
			"animation_length": 2.65,
			"bones": {
				"main": {
					"rotation": {
						"0.0": {
							"vector": [0, 0, 0]
						},
						"0.2333": {
							"vector": [-2.81594, -2.65024, -8.82027],
							"easing": "easeInOutSine"
						},
						"0.35": {
							"vector": [-4.48626, -1.79941, -11.37979],
							"easing": "easeInSine"
						},
						"0.4833": {
							"vector": [-4.20366, -2.84461, -17.94447],
							"easing": "easeInOutSine"
						},
						"0.6333": {
							"vector": [-5.42218, -2.97658, -14.03259]
						},
						"0.8167": {
							"vector": [-4.9418, -2.44365, -17.57462]
						},
						"1.0": {
							"vector": [-4.78339, -1.49838, -16.75521]
						},
						"1.1667": {
							"vector": [-4.85057, -2.20006, -15.17245]
						},
						"1.2667": {
							"vector": [-4.77936, -2.52989, -17.11813]
						},
						"1.3667": {
							"vector": [-4.9683, -2.35167, -13.0797],
							"easing": "easeInOutSine"
						},
						"1.4333": {
							"vector": [-4.27431, -2.53429, -14.31442]
						},
						"1.5167": {
							"vector": [-3.59953, -2.42377, -11.36645]
						},
						"1.7": {
							"vector": [-4.77936, -2.52989, -17.11813]
						},
						"1.8": {
							"vector": [-4.9683, -2.35167, -13.0797],
							"easing": "easeInOutSine"
						},
						"1.8667": {
							"vector": [-4.27431, -2.53429, -14.31442]
						},
						"1.9833": {
							"vector": [-3.59953, -2.42377, -11.36645]
						},
						"2.25": {
							"vector": [1.57141, -0.85374, -1.9128],
							"easing": "easeOutSine"
						},
						"2.3333": {
							"vector": [0.27288, -0.37236, 1.59554],
							"easing": "linear"
						},
						"2.4167": {
							"vector": [0, 0, 0],
							"easing": "linear"
						}
					},
					"position": {
						"0.0": {
							"vector": [0, 0, 0]
						},
						"0.15": {
							"vector": [-0.05, -1.98, 0.99]
						},
						"0.4": {
							"vector": [-0.08, -0.785, 4.95],
							"easing": "easeInOutSine"
						},
						"0.5667": {
							"vector": [-0.08, -1.86, 4.95],
							"easing": "easeInOutSine"
						},
						"0.7833": {
							"vector": [-0.08, -2.095, 4.95]
						},
						"1.05": {
							"vector": [-0.08, -1.715, 4.95]
						},
						"1.2333": {
							"vector": [-0.08, -1.335, 4.95]
						},
						"1.3667": {
							"vector": [-0.075, -0.555, 4.95],
							"easing": "easeInOutSine"
						},
						"1.4833": {
							"vector": [-0.08, -1.7, 4.95]
						},
						"1.6667": {
							"vector": [-0.08, -1.335, 4.95]
						},
						"1.7333": {
							"vector": [-0.08, -1.23, 5.2]
						},
						"1.8": {
							"vector": [-0.075, -1.13, 3.95],
							"easing": "easeInOutSine"
						},
						"1.9167": {
							"vector": [-0.08, -1.7, 4.95]
						},
						"2.2167": {
							"vector": [0.05077, -1.45863, -3.79557],
							"easing": "easeInOutSine"
						},
						"2.3333": {
							"vector": [-0.01391, -0.26895, -0.26276]
						},
						"2.4167": {
							"vector": [0, 0, 0],
							"easing": "linear"
						}
					}
				},
				"bolt2": {
					"rotation": {
						"vector": [0, 0, 0]
					},
					"position": {
						"vector": [0, 0, 0]
					}
				},
				"leftarm": {
					"rotation": {
						"0.0": {
							"vector": [0, 0, 0]
						},
						"0.25": {
							"vector": [0.81217, -0.42462, 9.8999]
						},
						"0.35": {
							"vector": [-0.93783, -3.92462, 9.8999]
						},
						"0.5167": {
							"vector": [22.97723, 27.4112, 13.01485]
						},
						"0.6333": {
							"vector": [27.82065, 23.48659, 14.23335]
						},
						"0.7333": {
							"vector": [27.82065, 23.48659, 14.23335]
						},
						"1.0833": {
							"vector": [6.22855, -2.07699, 12.27202]
						},
						"1.1667": {
							"vector": [4.31101, -0.48058, 12.6793]
						},
						"1.25": {
							"vector": [5.84399, -3.10108, 10.80152]
						},
						"1.3333": {
							"vector": [1.90842, -7.726, 9.82745]
						},
						"1.4167": {
							"vector": [1.90842, -7.726, 9.82745]
						},
						"1.5": {
							"vector": [1.90842, -14.226, 9.82745]
						},
						"1.65": {
							"vector": [-16.21743, -29.06205, 10.5297]
						},
						"1.9167": {
							"vector": [-16.21743, -29.06205, 10.5297]
						},
						"2.25": {
							"vector": [0, 0, 0]
						}
					},
					"position": {
						"0.0": {
							"vector": [0, 0, 0]
						},
						"0.1167": {
							"vector": [6.17565, -12.76257, -4.15344]
						},
						"0.25": {
							"vector": [-2.09212, -15.84075, -10.59912]
						},
						"0.35": {
							"vector": [-2.66098, -16.92214, -11.79495]
						},
						"0.4167": {
							"vector": [-2.15488, -20.94518, -10.05907]
						},
						"0.5167": {
							"vector": [4.95039, -22.9485, -3.18358]
						},
						"0.6333": {
							"vector": [-2.83378, -34.34123, 7.15248]
						},
						"0.7333": {
							"vector": [-2.88483, -34.28591, 7.13435]
						},
						"1.0833": {
							"vector": [-4.01957, -19.36321, -11.03597]
						},
						"1.1667": {
							"vector": [-4.07543, -19.36264, -11.0367]
						},
						"1.25": {
							"vector": [-4.27715, -19.34284, -10.71698]
						},
						"1.3333": {
							"vector": [-3.99853, -17.19731, -10.90169]
						},
						"1.4167": {
							"vector": [-4.02285, -17.04228, -10.95111]
						},
						"1.5": {
							"vector": [-5.42721, -17.32809, -10.92755]
						},
						"1.65": {
							"vector": [-4.86588, -22.17621, -14.60248]
						},
						"1.9167": {
							"vector": [-4.86588, -22.17621, -14.60248]
						},
						"2.0833": {
							"vector": [2.83163, -13.02371, 4.33966]
						},
						"2.25": {
							"vector": [0, 0, 0]
						}
					},
					"scale": {
						"0.0": {
							"vector": [1, 1, 1]
						},
						"0.25": {
							"vector": [1, 1, 1]
						},
						"1.5": {
							"vector": [1, 1, 1]
						},
						"1.65": {
							"vector": [1.2, 1.2, 1.2]
						},
						"1.9167": {
							"vector": [1.2, 1.2, 1.2]
						},
						"2.25": {
							"vector": [1, 1, 1]
						}
					}
				},
				"bolt": {
					"rotation": {
						"vector": [0, 0, 0]
					},
					"position": {
						"vector": [0, 0, 0]
					}
				},
				"shotgunmagazine": {
					"rotation": {
						"0.0": {
							"vector": [0, 0, 0]
						},
						"0.4167": {
							"vector": [0, 0, 0]
						},
						"0.5167": {
							"vector": [25.17625, 3.34602, -28.10325]
						},
						"1.0833": {
							"vector": [-0.92326, -2.60086, -3.98101]
						},
						"1.1667": {
							"vector": [-0.92326, -0.35086, 0.76899]
						},
						"1.25": {
							"vector": [-0.9575, -0.28772, 0.02262]
						},
						"1.3333": {
							"vector": [0, 0, 0]
						}
					},
					"position": {
						"0.0": {
							"vector": [0, 0, 0]
						},
						"0.35": {
							"vector": [0, 0, 0]
						},
						"0.4167": {
							"vector": [0, -3.96802, -0.5048]
						},
						"0.5167": {
							"vector": [8.51563, -14.24604, 4.30875]
						},
						"0.6333": {
							"vector": [2.47071, -26.33146, 13.43764]
						},
						"0.7333": {
							"vector": [2.47071, -26.33146, 13.43764]
						},
						"1.0833": {
							"vector": [1.58993, -3.45437, -0.52159]
						},
						"1.1667": {
							"vector": [-0.1878, -2.94254, -0.50712]
						},
						"1.25": {
							"vector": [0.26699, -3.0793, -0.51673]
						},
						"1.3333": {
							"vector": [0, 0, 0]
						}
					}
				},
				"shell": {
					"position": {
						"0.0": {
							"vector": [0, -1.98289, -0.26105]
						},
						"0.75": {
							"vector": [0, -1.98289, -0.26105]
						},
						"0.7667": {
							"vector": [0, 0, 0]
						}
					}
				},
				"_camera_": {
					"rotation": {
						"0.0": {
							"vector": [0, 0, 0]
						},
						"0.2833": {
							"vector": [2.55, 0.97, -0.71],
							"easing": "easeInOutSine"
						},
						"0.4667": {
							"vector": [2.85, -0.32, 0.85]
						},
						"0.6": {
							"vector": [3.25879, -0.73508, 0.04418],
							"easing": "easeInOutSine"
						},
						"0.7167": {
							"vector": [3.26, -0.74, -0.71]
						},
						"0.8667": {
							"vector": [3.25879, -0.73508, 0.04418]
						},
						"1.0833": {
							"vector": [2.68, 0.21, -1.98]
						},
						"1.25": {
							"vector": [2.5, 0.5, -1.46]
						},
						"1.3333": {
							"vector": [2.5, 0.5, 0.96]
						},
						"1.4167": {
							"vector": [2.5, 0.5, -1.25]
						},
						"1.5667": {
							"vector": [2.49674, 0.50226, -0.46251]
						},
						"1.7333": {
							"vector": [2.5, 0.5, -1.46]
						},
						"1.8167": {
							"vector": [2.5, 0.5, 0.96]
						},
						"1.9": {
							"vector": [2.5, 0.5, -1.25]
						},
						"2.05": {
							"vector": [2.49674, 0.50226, -0.46251]
						},
						"2.3833": {
							"vector": [0, 0, 0],
							"easing": "easeInOutSine"
						}
					}
				}
			},
			"sound_effects": {
				"0.1833": {
					"effect": "shotgun_magout"
				},
				"0.9167": {
					"effect": "shotgun_magin"
				},
				"1.6833": {
					"effect": "m4_hit"
				},
				"1.8667": {
					"effect": "foley_end"
				}
			}
		},
		"animation.model.launcherreload": {
			"loop": true,
			"animation_length": 2.8167,
			"bones": {
				"main": {
					"rotation": {
						"0.0": {
							"vector": [0, 0, 0]
						},
						"0.3": {
							"vector": [-8.88128, -5.95242, -16.61835],
							"easing": "easeInOutQuad"
						},
						"0.3667": {
							"vector": [-10.13225, -4.38065, -10.65042]
						},
						"0.45": {
							"vector": [-10.93376, -5.07406, -16.02107],
							"easing": "easeOutSine"
						},
						"0.7167": {
							"vector": [-11.07148, -2.56402, -2.62434],
							"easing": "easeInOutSine"
						},
						"0.8833": {
							"vector": [-9.16927, -3.47637, -3.11429],
							"easing": "easeInSine"
						},
						"1.05": {
							"vector": [-9.81859, -4.23305, -8.27148],
							"easing": "easeInOutSine"
						},
						"1.1667": {
							"vector": [-9.6656, -3.23986, -6.91566]
						},
						"1.3": {
							"vector": [-9.29436, -4.09366, -11.69588]
						},
						"1.4333": {
							"vector": [-9.16702, -5.04422, -13.22164]
						},
						"1.5167": {
							"vector": [-7.17337, -3.12971, -5.48281]
						},
						"1.65": {
							"vector": [-7.89282, -4.90097, -10.70251]
						},
						"1.75": {
							"vector": [-5.67722, -3.40264, -3.47306]
						},
						"1.9667": {
							"vector": [1.57141, -1.85374, -1.9128],
							"easing": "easeInOutSine"
						},
						"2.05": {
							"vector": [0.27288, -0.37236, 1.59554],
							"easing": "linear"
						},
						"2.1333": {
							"vector": [0, 0, 0],
							"easing": "linear"
						}
					},
					"position": {
						"0.0": {
							"vector": [0, 0, 0]
						},
						"0.2167": {
							"vector": [-0.28, -2.89, 4.84],
							"easing": "easeOutSine"
						},
						"0.35": {
							"vector": [-0.6, -1.9, 7.9],
							"easing": "easeInOutSine"
						},
						"0.4667": {
							"vector": [-0.6, -1.855, 8.325]
						},
						"0.7833": {
							"vector": [-0.775, -3.805, 5.375],
							"easing": "easeInOutSine"
						},
						"1.0833": {
							"vector": [-0.725, -3.21, 6.7],
							"easing": "easeOutSine"
						},
						"1.1667": {
							"vector": [-0.66, -2.99, 5.69]
						},
						"1.3667": {
							"vector": [-0.6, -2.81, 5.93],
							"easing": "easeInOutSine"
						},
						"1.45": {
							"vector": [-0.6, -2.035, 7.055]
						},
						"1.55": {
							"vector": [-0.6, -1.46, 9.18],
							"easing": "easeInOutSine"
						},
						"1.6667": {
							"vector": [-0.6, -2.385, 5.805]
						},
						"1.9": {
							"vector": [0.05077, -1.45863, -3.79557],
							"easing": "easeInOutSine"
						},
						"2.05": {
							"vector": [-0.01391, -0.26895, -0.26276]
						},
						"2.1333": {
							"vector": [0, 0, 0],
							"easing": "linear"
						}
					}
				},
				"leftarm": {
					"rotation": {
						"0.0": {
							"vector": [0, 0, 0]
						},
						"0.1833": {
							"vector": [-11.01107, -8.88439, 2.17786]
						},
						"0.25": {
							"vector": [-11.32808, -4.93393, 5.65085]
						},
						"0.3333": {
							"vector": [-9.57808, -4.93393, 5.65085]
						},
						"0.4": {
							"vector": [-7.115, -7.57848, 2.98336]
						},
						"0.55": {
							"vector": [-26.35028, -0.62293, -0.59783]
						},
						"0.7": {
							"vector": [-26.35028, -0.62293, -0.59783]
						},
						"0.9833": {
							"vector": [-18.1008, -2.68866, -2.00602]
						},
						"1.05": {
							"vector": [-16.83928, -1.96205, -3.02321]
						},
						"1.0833": {
							"vector": [-16.33928, -1.96205, -3.02321]
						},
						"1.15": {
							"vector": [-10.58928, -1.96205, -3.02321]
						},
						"1.25": {
							"vector": [-10.58928, -1.96205, -3.02321]
						},
						"1.3333": {
							"vector": [-9.57808, -4.93393, 5.65085]
						},
						"1.4167": {
							"vector": [-9.57808, -4.93393, 5.65085]
						},
						"1.5167": {
							"vector": [-11.32808, -4.93393, 5.65085]
						},
						"1.5833": {
							"vector": [-11.32808, -4.93393, 5.65085]
						},
						"1.7833": {
							"vector": [0, 0, 0]
						}
					},
					"position": {
						"0.0": {
							"vector": [0, 0, 0]
						},
						"0.1833": {
							"vector": [2.1, -15.2, -6.675]
						},
						"0.25": {
							"vector": [2.1, -15.2, -6.675]
						},
						"0.3333": {
							"vector": [2.1, -16.125, -15.37]
						},
						"0.4": {
							"vector": [2.1, -15.2, -15.37]
						},
						"0.55": {
							"vector": [15.3, -45.575, 1.43]
						},
						"0.7": {
							"vector": [15.3, -45.575, 1.43]
						},
						"0.8833": {
							"vector": [12.35, -34.655, -13.145],
							"easing": "linear"
						},
						"0.9833": {
							"vector": [7.2, -14.835, -6.275]
						},
						"1.05": {
							"vector": [6.075, -14.015, -6.82]
						},
						"1.0833": {
							"vector": [6.075, -14.015, -7.695]
						},
						"1.15": {
							"vector": [5.08, -12.695, -10.315]
						},
						"1.25": {
							"vector": [5.08, -12.695, -10.315]
						},
						"1.3333": {
							"vector": [1.1, -16.2, -17.37]
						},
						"1.4167": {
							"vector": [2.1, -16.2, -17.37]
						},
						"1.5167": {
							"vector": [2.1, -16.2, -8.675]
						},
						"1.5833": {
							"vector": [2.1, -16.2, -8.675]
						},
						"1.7833": {
							"vector": [0, 0, 0]
						}
					},
					"scale": {
						"0.0": {
							"vector": [1, 1, 1]
						},
						"0.1833": {
							"vector": [1.3, 1.3, 1.3]
						},
						"0.25": {
							"vector": [1.3, 1.3, 1.3]
						},
						"1.5167": {
							"vector": [1.3, 1.3, 1.3]
						},
						"1.5833": {
							"vector": [1.3, 1.3, 1.3]
						},
						"1.7833": {
							"vector": [1, 1, 1]
						}
					}
				},
				"grenade": {
					"rotation": {
						"0.0": {
							"vector": [0, 0, 0]
						},
						"0.25": {
							"vector": [0, 0, 0]
						},
						"0.3": {
							"vector": [0, 0, 0]
						},
						"0.4167": {
							"vector": [-19.31689, -4.19428, -11.78588]
						},
						"0.4833": {
							"vector": [-37.25874, -19.602, -41.71927]
						},
						"0.6": {
							"vector": [-37.25874, -19.602, -41.71927]
						},
						"0.7": {
							"vector": [-37.25874, -19.602, -41.71927]
						},
						"0.8833": {
							"vector": [-37.25034, -6.59336, -27.77077]
						},
						"0.9833": {
							"vector": [-6.5973, 8.47914, -4.04428]
						},
						"1.05": {
							"vector": [0, 0, 0]
						},
						"1.0833": {
							"vector": [0, 0, 0]
						},
						"1.4167": {
							"vector": [0, 0, 0]
						},
						"1.4833": {
							"vector": [0, 0, 0]
						}
					},
					"position": {
						"0.0": {
							"vector": [0, 0, 0]
						},
						"0.25": {
							"vector": [0, 0, 0]
						},
						"0.3": {
							"vector": [0, 0, -1.85]
						},
						"0.3333": {
							"vector": [0.60955, -0.51862, -0.51838]
						},
						"0.3667": {
							"vector": [-1.39171, -6.38499, -1.18461]
						},
						"0.4167": {
							"vector": [-3.91877, -11.59205, -3.67822]
						},
						"0.4833": {
							"vector": [-8.57106, -28.7846, 0.35316]
						},
						"0.6": {
							"vector": [8.34936, -30.34027, 14.37011]
						},
						"0.7": {
							"vector": [8.34936, -30.34027, 14.37011]
						},
						"0.8833": {
							"vector": [5.58723, -18.68184, -0.22285]
						},
						"0.9833": {
							"vector": [1.24553, -0.67946, 0.01021]
						},
						"1.05": {
							"vector": [0, 0, -2.025]
						},
						"1.0833": {
							"vector": [0, 0, -2.825]
						},
						"1.15": {
							"vector": [0, 0, -9.745]
						},
						"1.25": {
							"vector": [0, 0, -9.745]
						},
						"1.4167": {
							"vector": [0, 0, -8.25]
						},
						"1.4833": {
							"vector": [0, 0, 0]
						}
					}
				},
				"launcherchamber": {
					"rotation": {
						"0.0": {
							"vector": [0, 0, 0]
						},
						"0.25": {
							"vector": [0, 0, 0]
						},
						"1.5167": {
							"vector": [0, 0, 0]
						}
					},
					"position": {
						"0.0": {
							"vector": [0, 0, 0]
						},
						"0.25": {
							"vector": [0, 0, 0]
						},
						"0.3333": {
							"vector": [0, 0, -10]
						},
						"1.4167": {
							"vector": [0, 0, -10]
						},
						"1.5167": {
							"vector": [0, 0, 0]
						}
					}
				},
				"_camera_": {
					"rotation": {
						"0.0": {
							"vector": [0, 0, 0]
						},
						"0.2333": {
							"vector": [3.30621, 0.67296, 0.03532],
							"easing": "easeInOutSine"
						},
						"0.3167": {
							"vector": [2.27679, 1.43447, 1.07694],
							"easing": "easeOutSine"
						},
						"0.4333": {
							"vector": [3.41731, 1.63116, -1.91728],
							"easing": "easeInOutSine"
						},
						"0.5833": {
							"vector": [3.33007, 0.67736, 1.43791]
						},
						"0.8167": {
							"vector": [2.80197, 1.00997, -0.44608]
						},
						"1.0": {
							"vector": [2.57201, 1.47258, 0.32772],
							"easing": "easeInOutSine"
						},
						"1.15": {
							"vector": [2.80402, 1.39968, 1.82642]
						},
						"1.2667": {
							"vector": [2.84886, 1.5407, -0.99792]
						},
						"1.4667": {
							"vector": [2.57201, 1.47258, 0.32772],
							"easing": "easeInOutSine"
						},
						"1.55": {
							"vector": [2.51909, 1.56141, -1.671]
						},
						"1.7": {
							"vector": [2.28804, 0.99943, 1.14342]
						},
						"1.8833": {
							"vector": [1.3175, 0.58235, 0.40972]
						},
						"2.1333": {
							"vector": [0, 0, 0],
							"easing": "easeInOutSine"
						}
					}
				}
			},
			"sound_effects": {
				"0.0": {
					"effect": "foley_start"
				},
				"0.0667": {
					"effect": "launcher_open"
				},
				"0.2833": {
					"effect": "mgl_unload"
				},
				"0.9333": {
					"effect": "mgl_load"
				},
				"1.15": {
					"effect": "foley_end"
				},
				"1.3": {
					"effect": "launcher_close"
				},
				"1.65": {
					"effect": "foley_end"
				}
			}
		},
		"animation.model.reload": {
			"loop": true,
			"animation_length": 2.0833,
			"bones": {
				"main": {
					"rotation": {
						"0.0": {
							"vector": [0, 0, 0]
						},
						"0.4": {
							"vector": [-9.30851, -9.47836, -29.77297],
							"easing": "easeInOutCubic"
						},
						"0.5167": {
							"vector": [-10.19016, -8.53696, -31.32946],
							"easing": "easeInSine"
						},
						"0.6167": {
							"vector": [-11.30917, -7.74933, -20.74726]
						},
						"0.7333": {
							"vector": [-10.395, -8.43847, -24.03115]
						},
						"0.8333": {
							"vector": [-10.31163, -8.6289, -27.53118]
						},
						"0.95": {
							"vector": [-10.5995, -7.74417, -24.58244]
						},
						"1.0333": {
							"vector": [-9.51253, -8.61858, -31.6196]
						},
						"1.1167": {
							"vector": [-9.64791, -8.64993, -24.3294]
						},
						"1.2667": {
							"vector": [-9.61932, -8.40433, -29.86651]
						},
						"1.5": {
							"vector": [1.57141, -1.85374, -1.9128],
							"easing": "easeInOutSine"
						},
						"1.5833": {
							"vector": [0.27288, -0.37236, 1.59554],
							"easing": "linear"
						},
						"1.6667": {
							"vector": [0, 0, 0],
							"easing": "linear"
						}
					},
					"position": {
						"0.0": {
							"vector": [0, 0, 0]
						},
						"0.1": {
							"vector": [-0.21, -1.6, -1.4]
						},
						"0.2333": {
							"vector": [-0.445, -1.475, -2.57],
							"easing": "easeInOutSine"
						},
						"0.4": {
							"vector": [-0.75, -0.02, -0.37],
							"easing": "easeInOutSine"
						},
						"0.5167": {
							"vector": [-0.8, 0.65, -0.82],
							"easing": "easeOutSine"
						},
						"0.75": {
							"vector": [-0.8, -1.575, -1.17],
							"easing": "easeOutSine"
						},
						"1.0167": {
							"vector": [-0.8, -0.215, -1.07],
							"easing": "easeInOutSine"
						},
						"1.0833": {
							"vector": [-0.9, 0.755, -1.07],
							"easing": "easeInOutSine"
						},
						"1.3": {
							"vector": [-0.32, -1.245, -2.13],
							"easing": "easeInSine"
						},
						"1.4667": {
							"vector": [0.05077, -1.45863, -3.79557],
							"easing": "easeInOutSine"
						},
						"1.5833": {
							"vector": [-0.01391, -0.26895, -0.26276]
						},
						"1.6667": {
							"vector": [0, 0, 0],
							"easing": "linear"
						}
					}
				},
				"leftarm": {
					"rotation": {
						"0.0": {
							"vector": [0, 0, 0]
						},
						"0.2": {
							"vector": [14.3849, -0.16694, -7.61366]
						},
						"0.4": {
							"vector": [-4.62285, 0.26392, 1.39403]
						},
						"0.4667": {
							"vector": [-4.63152, 0.77783, 1.94036]
						},
						"0.55": {
							"vector": [-4.63152, 0.77783, 1.94036]
						},
						"0.7667": {
							"vector": [-14.14941, 0.02146, 2.93572]
						},
						"0.8333": {
							"vector": [-10.64941, 0.02146, 2.93572]
						},
						"0.9167": {
							"vector": [-9.65925, 0.58126, 3.43494]
						},
						"1.0333": {
							"vector": [-9.65925, 0.58126, 3.43494],
							"easing": "easeInSine"
						},
						"1.1333": {
							"vector": [-9.65948, 2.26087, 4.93212],
							"easing": "easeInSine"
						},
						"1.4167": {
							"vector": [-9.65948, 2.26087, 4.93212],
							"easing": "easeInSine"
						},
						"1.5833": {
							"vector": [0, 0, 0]
						}
					},
					"position": {
						"0.0": {
							"vector": [0, 0, 0]
						},
						"0.2": {
							"vector": [8.13392, -21.66824, 36.93055]
						},
						"0.4": {
							"vector": [5.23, -13.82, 12.48]
						},
						"0.4667": {
							"vector": [5.23, -12.92, 12.28]
						},
						"0.55": {
							"vector": [5.23, -12.92, 12.28]
						},
						"0.65": {
							"vector": [5.23, -24.545, 12.28]
						},
						"0.7667": {
							"vector": [1.38, -26, 7.255]
						},
						"0.8333": {
							"vector": [0.705, -25.35, 10.3]
						},
						"0.9167": {
							"vector": [0.475, -24.8, 11.475]
						},
						"1.0333": {
							"vector": [0.255, -17.8, 11.48],
							"easing": "easeInSine"
						},
						"1.1333": {
							"vector": [0.03, -18.025, 11.48],
							"easing": "easeInSine"
						},
						"1.3167": {
							"vector": [-2.07, -42.87, 15.405]
						},
						"1.4167": {
							"vector": [-2.07, -42.87, 15.405]
						},
						"1.5167": {
							"vector": [5.36, -13.19, 4.74]
						},
						"1.5833": {
							"vector": [0, 0, 0]
						}
					}
				},
				"magazine": {
					"rotation": {
						"0.0": {
							"vector": [0, 0, 0]
						},
						"0.65": {
							"vector": [0, 0, 0]
						},
						"0.7667": {
							"vector": [-8.20042, -2.16252, -4.56501]
						},
						"0.8333": {
							"vector": [-3.20042, -2.16252, -4.56501]
						},
						"0.9167": {
							"vector": [0.04175, -1.7192, -4.33365]
						},
						"1.0333": {
							"vector": [0.04175, -1.7192, -4.33365],
							"easing": "easeInSine"
						},
						"1.1333": {
							"vector": [0.04175, -1.7192, -4.33365],
							"easing": "easeInSine"
						}
					},
					"position": {
						"0.0": {
							"vector": [0, 0, 0]
						},
						"0.55": {
							"vector": [0, 0, 0]
						},
						"0.65": {
							"vector": [0, -7.65, 0]
						},
						"0.7667": {
							"vector": [-3.65, -3.605, -2.525]
						},
						"0.8333": {
							"vector": [-3.65, -4.435, -0.845]
						},
						"0.9167": {
							"vector": [-3.65, -4.715, 0.26]
						},
						"1.0333": {
							"vector": [-3.65, 2.63, 0.26],
							"easing": "easeInSine"
						},
						"1.1333": {
							"vector": [-3.65, 2.63, 0.26],
							"easing": "easeInSine"
						},
						"1.3": {
							"vector": [-3.65, -26.21, 0.73]
						}
					}
				},
				"magazine2": {
					"rotation": {
						"0.0": {
							"vector": [0, 0, 0]
						},
						"0.1833": {
							"vector": [0, 0, 0]
						},
						"0.2167": {
							"vector": [12.72201, 1.60129, -11.50316]
						},
						"0.4": {
							"vector": [-1.24745, 0.44831, -2.31714]
						},
						"0.4667": {
							"vector": [-1.25366, 0.75875, -3.52802]
						},
						"0.55": {
							"vector": [-1.25185, 0.56378, -3.37152]
						},
						"0.65": {
							"vector": [-1.25185, 0.56378, -3.37152]
						},
						"0.7667": {
							"vector": [-11.06111, -3.98901, 0.40422]
						},
						"0.8333": {
							"vector": [-2.255, -0.41727, -2.45216]
						},
						"0.9167": {
							"vector": [0, 0, 0]
						},
						"1.0333": {
							"vector": [0, 0, 0],
							"easing": "easeInQuad"
						}
					},
					"position": {
						"0.0": {
							"vector": [0, 0, 0]
						},
						"0.1833": {
							"vector": [0.71353, -17.3254, 20.94285]
						},
						"0.2167": {
							"vector": [10.265, -14.07, 21.1]
						},
						"0.4": {
							"vector": [5.17633, 2.08091, 0.0779]
						},
						"0.4667": {
							"vector": [5.3705, 2.4874, -0.23753]
						},
						"0.55": {
							"vector": [5.49216, 2.49413, -0.21564]
						},
						"0.65": {
							"vector": [5.73781, -6.71763, -0.24904]
						},
						"0.7667": {
							"vector": [0.22903, -7.49488, -3.2914]
						},
						"0.8333": {
							"vector": [0.19568, -7.48376, -0.87658]
						},
						"0.9167": {
							"vector": [0, -7.775, 0]
						},
						"1.0333": {
							"vector": [0, 0, 0],
							"easing": "easeInQuad"
						}
					},
					"scale": {
						"0.0": {
							"vector": [-0.01, 0, 0]
						},
						"0.1833": {
							"vector": [-0.01, 0, 0]
						},
						"0.2": {
							"vector": [1, 1, 1]
						}
					}
				},
				"_camera_": {
					"rotation": {
						"0.0": {
							"vector": [0, 0, 0]
						},
						"0.3167": {
							"vector": [1.49999, 0.48225, 0.51714],
							"easing": "easeInOutSine"
						},
						"0.5": {
							"vector": [1, 0.47132, 1.01704]
						},
						"0.5833": {
							"vector": [1.46154, 0.47132, 1.01704]
						},
						"0.7167": {
							"vector": [1.97997, 0.54946, -1.23169]
						},
						"0.9167": {
							"vector": [2.49146, 1.0037, 0.28513]
						},
						"1.0667": {
							"vector": [1.99583, 0.98847, 0.53476]
						},
						"1.15": {
							"vector": [2.12639, 0.95151, 1.53422]
						},
						"1.2833": {
							"vector": [2.23712, 1.00802, 0.03507]
						},
						"1.4833": {
							"vector": [2.00339, 0.56476, 0.01965],
							"easing": "easeInSine"
						},
						"1.7": {
							"vector": [0, 0, 0],
							"easing": "easeOutSine"
						}
					}
				},
				"piece": {
					"position": {
						"0.0": {
							"vector": [0, 0, 0]
						},
						"0.8": {
							"vector": [0.075, 0, 0]
						},
						"0.8833": {
							"vector": [0.175, 0, 0]
						},
						"0.9833": {
							"vector": [-0.05, 0, 0]
						},
						"1.1": {
							"vector": [0, 0, 0]
						}
					}
				}
			},
			"sound_effects": {
				"0.0": {
					"effect": "foley_start"
				},
				"0.4667": {
					"effect": "m4_magout"
				},
				"0.7833": {
					"effect": "m4_magin"
				},
				"1.0833": {
					"effect": "foley_end"
				}
			}
		},
		"animation.model.reloadempty": {
			"loop": true,
			"animation_length": 2.9167,
			"bones": {
				"main": {
					"rotation": {
						"0.0": {
							"vector": [0, 0, 0]
						},
						"0.1": {
							"vector": [-1.75, 0, -6],
							"easing": "easeOutSine"
						},
						"0.2333": {
							"vector": [-2.00019, -0.99976, -5.97818],
							"easing": "easeInOutSine"
						},
						"0.3167": {
							"vector": [-5.10291, 0.20092, 5.47659],
							"easing": "easeOutSine"
						},
						"0.45": {
							"vector": [-4.55454, -1.01035, -3.00996]
						},
						"0.5833": {
							"vector": [-3.81904, 0.00731, 1.4782],
							"easing": "easeInOutSine"
						},
						"0.7333": {
							"vector": [-3.95566, 0.51321, -8.513],
							"easing": "easeInOutSine"
						},
						"0.9833": {
							"vector": [-9.38569, -5.23303, -24.29166],
							"easing": "easeOutSine"
						},
						"1.1": {
							"vector": [-10.18163, -6.40895, -22.98916]
						},
						"1.2167": {
							"vector": [-9.77174, -7.3224, -24.03816]
						},
						"1.3333": {
							"vector": [-10.18163, -6.40895, -22.98916]
						},
						"1.4": {
							"vector": [-10.42719, -5.9726, -29.21268]
						},
						"1.55": {
							"vector": [-8.16032, -3.04578, -20.25972],
							"easing": "easeOutSine"
						},
						"1.7167": {
							"vector": [-4.98642, -0.97157, -7.92586],
							"easing": "easeInOutSine"
						},
						"1.7833": {
							"vector": [-5.01006, -0.84087, -6.43138]
						},
						"1.85": {
							"vector": [-4.91275, -0.50518, -11.22863]
						},
						"1.9167": {
							"vector": [-4.95852, -0.35808, -3.71323]
						},
						"2.0667": {
							"vector": [-0.33512, -0.22886, -3.17697]
						},
						"2.1833": {
							"vector": [1.57141, -1.85374, -1.9128],
							"easing": "easeOutSine"
						},
						"2.2667": {
							"vector": [0.27288, -0.37236, 1.59554],
							"easing": "linear"
						},
						"2.35": {
							"vector": [0, 0, 0],
							"easing": "linear"
						}
					},
					"position": {
						"0.0": {
							"vector": [0, 0, 0]
						},
						"0.1167": {
							"vector": [-0.44681, -0.68557, 0.79923],
							"easing": "easeInSine"
						},
						"0.2333": {
							"vector": [-0.55, 0.75, 1.68],
							"easing": "easeOutSine"
						},
						"0.35": {
							"vector": [-0.55, -3.05, 1.68],
							"easing": "easeOutSine"
						},
						"0.5": {
							"vector": [-0.01155, -1.80108, 1.70141],
							"easing": "easeInOutSine"
						},
						"0.6667": {
							"vector": [-0.27717, -1.79438, 1.66163]
						},
						"0.9833": {
							"vector": [-1.07, -0.6, -1.445],
							"easing": "easeOutSine"
						},
						"1.1667": {
							"vector": [-1.22, -1.27, -1.44]
						},
						"1.3167": {
							"vector": [-1.22, -0.77, -1.44]
						},
						"1.4": {
							"vector": [-1.22, 0.33, -1.44],
							"easing": "easeInSine"
						},
						"1.6667": {
							"vector": [-1.495, -2.225, -1.44],
							"easing": "easeInOutQuad"
						},
						"1.8167": {
							"vector": [-1.39, -1.205, -1.44]
						},
						"1.8667": {
							"vector": [-3.49, -1.2, -1.44]
						},
						"1.9833": {
							"vector": [-0.365, -1.2, -1.44]
						},
						"2.15": {
							"vector": [0.05077, -1.45863, -3.79557],
							"easing": "linear"
						},
						"2.2667": {
							"vector": [-0.01391, -0.26895, -0.26276]
						},
						"2.35": {
							"vector": [0, 0, 0],
							"easing": "linear"
						}
					}
				},
				"bolt": {
					"position": {
						"0.0": {
							"vector": [0, 0, 7.875]
						},
						"1.85": {
							"vector": [0, 0, 7.875]
						},
						"1.9": {
							"vector": [0, 0, 0]
						}
					}
				},
				"leftarm": {
					"rotation": {
						"0.0": {
							"vector": [0, 0, 0]
						},
						"0.15": {
							"vector": [-16.48346, -10.94235, -0.07385],
							"easing": "easeInOutSine"
						},
						"0.25": {
							"vector": [-17.19448, -4.55492, 4.37457]
						},
						"0.5": {
							"vector": [-7.57954, 12.73116, 0.16665]
						},
						"0.8167": {
							"vector": [3.8763, 4.92543, 6.31206]
						},
						"1.0833": {
							"vector": [-1.51215, -2.90151, 6.36912]
						},
						"1.1833": {
							"vector": [-1.51215, -2.90151, 6.36912]
						},
						"1.2667": {
							"vector": [0.26042, -0.75584, 7.96822]
						},
						"1.3833": {
							"vector": [-3.61289, -6.59764, 8.25925],
							"easing": "easeInSine"
						},
						"1.5": {
							"vector": [-4.50425, -2.04068, 9.45928],
							"easing": "easeInSine"
						},
						"1.6833": {
							"vector": [-31.44578, -17.28769, 19.26993],
							"easing": "easeInOutQuad"
						},
						"1.7833": {
							"vector": [-32.08157, -14.5159, 15.26899]
						},
						"1.8167": {
							"vector": [-34.34098, -15.14258, 3.8878]
						},
						"1.95": {
							"vector": [-31.66516, -7.59226, 7.57831]
						},
						"2.2167": {
							"vector": [0, 0, 0]
						}
					},
					"position": {
						"0.0": {
							"vector": [0, 0, 0]
						},
						"0.15": {
							"vector": [0.625, -9.775, 6.45],
							"easing": "easeInOutSine"
						},
						"0.25": {
							"vector": [0.155, -11.38, 7.2]
						},
						"0.5": {
							"vector": [15.855, -19.8, 23.175]
						},
						"0.8167": {
							"vector": [-0.82556, -49.59603, 12.60258]
						},
						"1.0833": {
							"vector": [-0.83, -22.225, 9.15]
						},
						"1.1833": {
							"vector": [-1.68, -22.23, 10.375]
						},
						"1.2667": {
							"vector": [-1.68, -22.23, 12.005]
						},
						"1.3833": {
							"vector": [-2.505, -16.38, 11.1],
							"easing": "easeInSine"
						},
						"1.5": {
							"vector": [-1.055, -16.38, 11.1],
							"easing": "easeInSine"
						},
						"1.6833": {
							"vector": [12.63099, -9.42703, 8.07258],
							"easing": "easeInOutQuad"
						},
						"1.7833": {
							"vector": [14.818, -7.76429, 8.07627]
						},
						"1.8167": {
							"vector": [2.85, -7.875, 8.325]
						},
						"1.95": {
							"vector": [7.075, -7.875, 8.95]
						},
						"2.0833": {
							"vector": [6.46, -5.835, 2.72]
						},
						"2.2167": {
							"vector": [0, 0, 0]
						}
					}
				},
				"magazine": {
					"rotation": {
						"0.0": {
							"vector": [0, 0, 0]
						},
						"0.3": {
							"vector": [0, 0, 0]
						},
						"0.8167": {
							"vector": [0, 0, 0]
						},
						"1.0833": {
							"vector": [-11.06111, -3.98901, 0.40422]
						},
						"1.1833": {
							"vector": [-2.255, -0.41727, -2.45216]
						},
						"1.2667": {
							"vector": [0, 0, 0]
						},
						"1.3833": {
							"vector": [0, 0, 0],
							"easing": "easeInQuad"
						}
					},
					"position": {
						"0.0": {
							"vector": [0, 0, 0]
						},
						"0.3": {
							"vector": [0, 0, 0]
						},
						"0.4": {
							"vector": [0, -37.2, 0]
						},
						"0.8167": {
							"vector": [0, -37.2, 0]
						},
						"1.0833": {
							"vector": [0.22903, -7.49488, -3.2914]
						},
						"1.1833": {
							"vector": [0.19568, -7.48376, -0.87658]
						},
						"1.2667": {
							"vector": [0, -7.775, 0]
						},
						"1.3833": {
							"vector": [0, 0, 0],
							"easing": "easeInQuad"
						}
					}
				},
				"magazine2": {
					"scale": {
						"vector": [0, 0, 0]
					}
				},
				"_camera_": {
					"rotation": {
						"0.0": {
							"vector": [0, 0, 0]
						},
						"0.1": {
							"vector": [1.07696, 0.23059, 0.00906]
						},
						"0.2167": {
							"vector": [1.25009, 0.49961, 0.01963]
						},
						"0.3167": {
							"vector": [2.51416, 0.42306, 1.76801]
						},
						"0.4667": {
							"vector": [1.74581, 0.50506, -0.48052]
						},
						"0.7": {
							"vector": [2.49984, -0.26049, 0.02568],
							"easing": "easeInOutSine"
						},
						"1.0667": {
							"vector": [2.00032, 0.9897, 0.76704],
							"easing": "easeOutSine"
						},
						"1.2333": {
							"vector": [1.77757, 0.97422, 1.26688]
						},
						"1.3833": {
							"vector": [1.50032, 0.9897, 0.76704],
							"easing": "easeInOutSine"
						},
						"1.4667": {
							"vector": [1.6798, 0.96779, 1.51683]
						},
						"1.6333": {
							"vector": [1.97374, 1.04171, -0.73229]
						},
						"1.7833": {
							"vector": [1.9872, 1.01579, 0.01738]
						},
						"1.8667": {
							"vector": [2.17346, 0.94987, 3.0164]
						},
						"1.9833": {
							"vector": [2.3634, 1.00916, -0.89051]
						},
						"2.15": {
							"vector": [1.34222, 0.594, 1.5633]
						},
						"2.35": {
							"vector": [0, 0, 0],
							"easing": "easeInOutSine"
						}
					}
				},
				"button": {
					"rotation": {
						"0.0": {
							"vector": [0, 0, 7.5]
						},
						"1.85": {
							"vector": [0, 0, 7.5]
						},
						"1.9": {
							"vector": [0, 0, 0]
						}
					}
				},
				"piece": {
					"position": {
						"0.0": {
							"vector": [0, 0, 0]
						},
						"1.1": {
							"vector": [0.05, 0, 0]
						},
						"1.2": {
							"vector": [0.1, 0, 0]
						},
						"1.2833": {
							"vector": [-0.05, 0, 0]
						},
						"1.4167": {
							"vector": [0, 0, 0]
						}
					}
				}
			},
			"sound_effects": {
				"0.0": {
					"effect": "foley_start"
				},
				"0.25": {
					"effect": "m4_magout_throw2"
				},
				"1.1167": {
					"effect": "m4_magin"
				},
				"1.7667": {
					"effect": "m4_hit"
				},
				"1.85": {
					"effect": "foley_end"
				}
			}
		},
		"animation.model.fire": {
			"loop": true,
			"animation_length": 0.4333,
			"bones": {
				"main": {
					"rotation": {
						"0.0": {
							"vector": [0, 0, 0]
						},
						"0.05": {
							"vector": [0.24722, -0.15263, -0.99759]
						},
						"0.1": {
							"vector": [0.25995, -0.07447, -1.5556]
						},
						"0.2": {
							"vector": [0, 0.01681, 0.95037]
						},
						"0.2833": {
							"vector": [0, 0.00851, -0.52127]
						},
						"0.35": {
							"vector": [0, 0.0036, 0.23936]
						},
						"0.4333": {
							"vector": [0, 0, 0]
						}
					},
					"position": {
						"0.0": {
							"vector": [0, 0, 0]
						},
						"0.0667": {
							"vector": [0, 0, 1.425]
						},
						"0.2167": {
							"vector": [0.00635, -0.2249, 0.74196],
							"easing": "easeInSine"
						},
						"0.4333": {
							"vector": [0, 0, 0],
							"easing": "easeOutSine"
						}
					}
				},
				"bolt": {
					"position": {
						"0.0": {
							"vector": [0, 0, 0]
						},
						"0.05": {
							"vector": [0, 0, 7.875]
						},
						"0.1": {
							"vector": [0, 0, 0]
						}
					}
				},
				"leftarm": {
					"rotation": {
						"0.0": {
							"vector": [0, 0, 0]
						},
						"0.1": {
							"vector": [-1.76981, 2.09764, -1.59668]
						},
						"0.3167": {
							"vector": [0, 0, 0]
						}
					},
					"position": {
						"0.0": {
							"vector": [0, 0, 0]
						},
						"0.1": {
							"vector": [1.19972, -0.02575, -0.00263]
						},
						"0.3167": {
							"vector": [0, 0, 0]
						}
					}
				}
			}
		}
	},
	"geckolib_format_version": 2
}