{
  "ammo": "hamster:medium_ammo",
  "ammo_amount": 6,
  "bolt": "open_bolt",
  "rpm": 35,
  "bullet": {
    "life": 0.9,
    "bullet_amount": 1,
    "damage": 17,
    "tracer_count_interval": 0,
    "extra_damage": {
      "armor_ignore": 0.75,
      "head_shot_multiplier": 2,
      "damage_adjust": [
        {"distance": 35, "damage": 17},
        {"distance": 100, "damage": 5},
        {"distance": "infinite", "damage": 5}
      ]
    },
    "speed": 250,
    "gravity": 0.0245,
    "knockback": 0,
    "friction": 0.012,
    "ignite": false,
    "pierce": 3
  },
  "reload": {
    "type": "magazine",
    "feed": {
      "empty": 2.5,
      "tactical": 2.6
    },
    "cooldown": {
      "empty": 3.5,
      "tactical": 3.6
    }
  },
  "script": "hamster:revolver_gun_logic",
  "script_param": {
    "intro": 1.45,
    "intro_fanning": 1.8,
    "intro_empty": 1.375,
    "loop": 2.18,
    "ending": 2.2,
    "loop_feed": 1.9
  },
  "draw_time": 0.7,
  "put_away_time": 0.7,
  "aim_time": 0.2,
  "sprint_time": 0.2,
  "bolt_action_time": 0.7,
  "fire_mode": [
    "semi"
  ],
  "recoil": {
    "pitch": [
      {"time": 0, "value": [6, 6]},
      {"time": 0.32, "value": [4, 4]},
      {"time": 0.57, "value": [-0.6, -0.6]},
      {"time": 0.82, "value": [0.3, 0.3]},
      {"time": 1.17, "value": [0, 0]},
      {"time": 1.47, "value": [0, 0]}
    ],
    "yaw": [
      {"time": 0, "value": [-0.6, -0.5]},
      {"time": 0.32, "value": [-0.6, -0.5]},
      {"time": 0.57, "value": [0, 0]}
    ]
  },
  "inaccuracy": {
    "stand": 6.5,
    "move": 6,
    "sneak": 4.5,
    "lie": 4.5,
    "aim": 0.05
  }
}