{
	"format_version": "1.8.0",
	"animations": {
		"static_idle": {
			"loop": true,
			"animation_length": 1.9792,
			"bones": {
				"leftHand": {
					"rotation": [74.09999, -12.80314, -111.33658],
					"position": [6.9, -9.27, -6.57],
					"scale": [1, 1.5, 1]
				},
				"rightHand": {
					"rotation": [81.7983, 13.61729, -190.52018],
					"position": [-7.225, -10.3, 2.725],
					"scale": [1, 1.5, 1]
				},
				"constraint": {
					"rotation": [0.2, 0.2, 0.2],
					"position": [0.2, 0.2, 0.2]
				}
			}
		},
		"static_bolt_caught": {
			"loop": true,
			"animation_length": 0.1,
			"bones": {
				"leftHand": {
					"rotation": [74.09999, -12.80314, -111.33658],
					"position": [6.9, -9.27, -6.57],
					"scale": [1, 1.5, 1]
				},
				"rightHand": {
					"rotation": [81.7983, 13.61729, -190.52018],
					"position": [-7.225, -10.3, 2.725],
					"scale": [1, 1.5, 1]
				},
				"constraint": {
					"rotation": [0.2, 0.2, 0.2],
					"position": [0.2, 0.2, 0.2]
				},
				"hammer": {
					"rotation": [50, 0, 0]
				}
			}
		},
		"draw": {
			"loop": "hold_on_last_frame",
			"animation_length": 0.75,
			"bones": {
				"leftHand": {
					"rotation": {
						"0.0": [74.09999, -12.80314, -111.33658],
						"0.0625": [72.93, -12.8, -111.34],
						"0.2292": [59.32, -12.8, -111.34],
						"0.3125": [74.09999, -12.80314, -111.33658],
						"0.375": [66.59999, -12.80314, -111.33658],
						"0.4583": [74.09999, -12.80314, -111.33658]
					},
					"position": {
						"0.0": [6.9, -9.27, -6.57],
						"0.3125": [6.9, -9.27, -6.57],
						"0.375": [7.65, -10.02, -6.57],
						"0.4583": [6.9, -9.27, -6.57]
					},
					"scale": [1, 1.5, 1]
				},
				"rightHand": {
					"rotation": [81.7983, 13.61729, -190.52018],
					"position": [-7.225, -10.3, 2.725],
					"scale": [1, 1.5, 1]
				},
				"constraint": {
					"rotation": [0.2, 0.2, 0.2],
					"position": [0.2, 0.2, 0.2]
				},
				"idle_view": {
					"rotation": {
						"0.0": [0, 0, 0],
						"0.0417": [0, 0, 0.12],
						"0.0833": [0, 0, 0.4375],
						"0.125": [0, 0, 0.6025],
						"0.1667": [0, 0, 0.32],
						"0.2292": [0, 0, 0.345],
						"0.3125": [0, 0, 0.875],
						"0.375": [0, 0, 1.825],
						"0.4167": [0, 0, 2],
						"0.4583": [0, 0, 1.7875],
						"0.5": [0, 0, 0.5],
						"0.5625": [0, 0, -0.8],
						"0.6042": [0, 0, -1],
						"0.6458": [0, 0, -0.845],
						"0.6875": [0, 0, -0.17],
						"0.75": [0, 0, 0]
					}
				},
				"root": {
					"rotation": {
						"0.0": [-43.48559, -61.35556, 51.91024],
						"0.0833": [-40.35, -54.78, 47.56],
						"0.2292": [-24.66, -21.89, 25.79],
						"0.3542": [-21.13, -11.24, 18.74],
						"0.4583": [-19.18694, -6.67573, 15.71514],
						"0.5417": [-13.53, -5.4, 12.72],
						"0.6458": [-2.74, -0.95, 2.25],
						"0.75": [0, 0, 0]
					},
					"position": {
						"0.0": [0, -10, 0],
						"0.0833": [-0.02, -9.3325, 0],
						"0.2083": [-0.36, -6.81, 0],
						"0.2708": [-0.44, -3.43, 0],
						"0.3125": [-0.46, -2.68, 0],
						"0.3958": [-0.49, -3.01425, 0],
						"0.4583": [-0.5, -2.96045, 0],
						"0.5208": [-0.41, -1.7725, 0],
						"0.5625": [-0.23, 0.4425, 0],
						"0.625": [-0.17, 1.205, 0],
						"0.6875": [-0.07, 0.4, 0],
						"0.75": [0, 0, 0]
					}
				},
				"camera": {
					"rotation": {
						"0.0": [0, 0, 0],
						"0.0417": [0, 0, 0.12],
						"0.0833": [0, 0, 0.4375],
						"0.125": [0, 0, 0.6025],
						"0.1667": [0, 0, 0.32],
						"0.2292": [0, 0, 0.345],
						"0.3125": [0, 0, 0.875],
						"0.375": [0, 0, 1.825],
						"0.4167": [0, 0, 2],
						"0.4583": [0, 0, 1.7875],
						"0.5": [0, 0, 0.5],
						"0.5625": [0, 0, -0.8],
						"0.6042": [0, 0, -1],
						"0.6458": [0, 0, -0.845],
						"0.6875": [0, 0, -0.17],
						"0.75": [0, 0, 0]
					}
				}
			},
			"sound_effects": {
				"0.0417": {
					"effect": "hamster:gew98/gew98_handing_1"
				},
				"0.3333": {
					"effect": "hamster:gew98/gew98_handing_4"
				}
			}
		},
		"put_away": {
			"loop": "hold_on_last_frame",
			"animation_length": 0.7708,
			"bones": {
				"leftHand": {
					"rotation": {
						"0.0": [74.09999, -12.80314, -111.33658],
						"0.1875": [74.09999, -12.80314, -111.33658],
						"0.3125": [74.09999, -12.80314, -111.33658]
					},
					"position": {
						"0.0": [6.9, -9.27, -6.57],
						"0.1875": [6.9, -9.27, -6.57],
						"0.25": [8.15, -10.52, -6.82],
						"0.3125": [6.9, -9.27, -6.57]
					},
					"scale": [1, 1.5, 1]
				},
				"rightHand": {
					"rotation": [81.7983, 13.61729, -190.52018],
					"position": [-7.225, -10.3, 2.725],
					"scale": [1, 1.5, 1]
				},
				"constraint": {
					"rotation": [0.2, 0.2, 0.2],
					"position": [0.2, 0.2, 0.2]
				},
				"idle_view": {
					"rotation": {
						"0.0": {
							"post": [0, 0, 0],
							"lerp_mode": "catmullrom"
						},
						"0.0625": {
							"post": [0, 0, 0.17],
							"lerp_mode": "catmullrom"
						},
						"0.125": {
							"post": [0, 0, 0.71],
							"lerp_mode": "catmullrom"
						},
						"0.1875": {
							"post": [0, 0, 1.7775],
							"lerp_mode": "catmullrom"
						},
						"0.25": {
							"post": [0, 0, 1.6875],
							"lerp_mode": "catmullrom"
						},
						"0.3125": {
							"post": [0, 0, 1.7575],
							"lerp_mode": "catmullrom"
						},
						"0.375": {
							"post": [0, 0, 0.19],
							"lerp_mode": "catmullrom"
						},
						"0.4792": {
							"post": [0, 0, -0.75],
							"lerp_mode": "catmullrom"
						},
						"0.5417": {
							"post": [0, 0, -1],
							"lerp_mode": "catmullrom"
						},
						"0.5833": {
							"post": [0, 0, -0.71],
							"lerp_mode": "catmullrom"
						},
						"0.625": {
							"post": [0, 0, 0.1225],
							"lerp_mode": "catmullrom"
						},
						"0.6667": {
							"post": [0, 0, 0.3875],
							"lerp_mode": "catmullrom"
						},
						"0.7083": {
							"post": [0, 0, 0.1425],
							"lerp_mode": "catmullrom"
						},
						"0.7708": {
							"post": [0, 0, 0],
							"lerp_mode": "catmullrom"
						}
					}
				},
				"root": {
					"rotation": {
						"0.0": [0, 0, 0],
						"0.0625": [-3.78, -9.35, 7.74],
						"0.125": [-9.82, -21.22, 17.56],
						"0.1667": [-21.14, -44.07, 35.98],
						"0.2083": [-24.91, -53.025, 42.12],
						"0.25": [-28.67731, -53.97435, 41.10087],
						"0.2917": [-29.63, -53.235, 44.7],
						"0.3333": [-30.58, -49.74, 42.99],
						"0.4375": [-21.83, -19.49, 26.69],
						"0.5": [-12.58, -9.4, 21.26],
						"0.6042": [0.14573, -2.06235, 17.30664],
						"0.7083": [6.9, -2.06, 17.31],
						"0.7708": [9.15, -2.06, 17.31]
					},
					"position": {
						"0.0": [0, 0, 0],
						"0.1042": [-0.15, -0.15, 0.42],
						"0.25": [-0.91, -0.87, 2.5],
						"0.3333": [-2.21, -2.66, 3.38],
						"0.5208": [-8.05, -10.69, 7.35],
						"0.6667": [-9, -18, 13.25],
						"0.7708": [-9, -20, 15]
					}
				},
				"camera": {
					"rotation": {
						"0.0": {
							"post": [0, 0, 0],
							"lerp_mode": "catmullrom"
						},
						"0.0625": {
							"post": [0, 0, 0.17],
							"lerp_mode": "catmullrom"
						},
						"0.125": {
							"post": [0, 0, 0.71],
							"lerp_mode": "catmullrom"
						},
						"0.1875": {
							"post": [0, 0, 1.7775],
							"lerp_mode": "catmullrom"
						},
						"0.25": {
							"post": [0, 0, 1.6875],
							"lerp_mode": "catmullrom"
						},
						"0.3125": {
							"post": [0, 0, 1.7575],
							"lerp_mode": "catmullrom"
						},
						"0.375": {
							"post": [0, 0, 0.19],
							"lerp_mode": "catmullrom"
						},
						"0.4792": {
							"post": [0, 0, -0.75],
							"lerp_mode": "catmullrom"
						},
						"0.5417": {
							"post": [0, 0, -1],
							"lerp_mode": "catmullrom"
						},
						"0.5833": {
							"post": [0, 0, -0.71],
							"lerp_mode": "catmullrom"
						},
						"0.625": {
							"post": [0, 0, 0.1225],
							"lerp_mode": "catmullrom"
						},
						"0.6667": {
							"post": [0, 0, 0.3875],
							"lerp_mode": "catmullrom"
						},
						"0.7083": {
							"post": [0, 0, 0.1425],
							"lerp_mode": "catmullrom"
						},
						"0.7708": {
							"post": [0, 0, 0],
							"lerp_mode": "catmullrom"
						}
					}
				}
			},
			"sound_effects": {
				"0.0417": {
					"effect": "hamster:gew98/gew98_handing_1"
				},
				"0.4792": {
					"effect": "hamster:gew98/gew98_handing_2"
				}
			}
		},
		"run": {
			"loop": true,
			"animation_length": 0.6667,
			"bones": {
				"root": {
					"rotation": {
						"0.0": {
							"post": [-1.25, -52.87, 21.85],
							"lerp_mode": "catmullrom"
						},
						"0.1667": {
							"post": [-3.56551, -56.20338, 20.7151],
							"lerp_mode": "catmullrom"
						},
						"0.3333": {
							"post": [-1.25, -52.87, 21.85],
							"lerp_mode": "catmullrom"
						},
						"0.5": {
							"post": [1.36745, -49.52803, 22.75138],
							"lerp_mode": "catmullrom"
						},
						"0.6667": {
							"post": [-1.25, -52.87, 21.85],
							"lerp_mode": "catmullrom"
						}
					},
					"position": {
						"0.0": {
							"post": [1.09, -1.62, -1],
							"lerp_mode": "catmullrom"
						},
						"0.1333": {
							"post": [2.17216, -2.49, -1.56],
							"lerp_mode": "catmullrom"
						},
						"0.2": {
							"post": [2.46076, -2.5275, -1.72],
							"lerp_mode": "catmullrom"
						},
						"0.2667": {
							"post": [2.08636, -2.02, -1.62],
							"lerp_mode": "catmullrom"
						},
						"0.3333": {
							"post": [1.29, -1.7548, -1.13],
							"lerp_mode": "catmullrom"
						},
						"0.4": {
							"post": [0.478, -1.8746, -0.64],
							"lerp_mode": "catmullrom"
						},
						"0.4667": {
							"post": [0.0296, -2.3075, -0.5],
							"lerp_mode": "catmullrom"
						},
						"0.5333": {
							"post": [0.1664, -2.3775, -0.57],
							"lerp_mode": "catmullrom"
						},
						"0.6": {
							"post": [0.63, -1.78, -0.91],
							"lerp_mode": "catmullrom"
						},
						"0.6667": {
							"post": [1.09, -1.62, -1],
							"lerp_mode": "catmullrom"
						}
					}
				}
			}
		},
		"run_start": {
			"animation_length": 0.3958,
			"bones": {
				"root": {
					"rotation": {
						"0.0": {
							"post": [0, 0, 0],
							"lerp_mode": "catmullrom"
						},
						"0.0833": {
							"post": [0.26, -1.88, 0.78],
							"lerp_mode": "catmullrom"
						},
						"0.1875": {
							"post": [1.12, -10.43, 3.38],
							"lerp_mode": "catmullrom"
						},
						"0.3125": {
							"post": [2.335, -43.77, 20.98],
							"lerp_mode": "catmullrom"
						},
						"0.3958": {
							"post": [-1.25, -52.87, 21.85],
							"lerp_mode": "catmullrom"
						}
					},
					"position": {
						"0.0": {
							"post": [0, 0, 0],
							"lerp_mode": "catmullrom"
						},
						"0.3958": {
							"post": [1.09, -1.62, -1],
							"lerp_mode": "catmullrom"
						}
					}
				}
			}
		},
		"run_end": {
			"animation_length": 0.3958,
			"bones": {
				"root": {
					"rotation": {
						"0.0": {
							"post": [-1.25, -52.87, 21.85],
							"lerp_mode": "catmullrom"
						},
						"0.1458": {
							"post": [6.77, -45.74, 20.39],
							"lerp_mode": "catmullrom"
						},
						"0.3125": {
							"post": [0.26, -6.63, 0.78],
							"lerp_mode": "catmullrom"
						},
						"0.3958": {
							"post": [0, 0, 0],
							"lerp_mode": "catmullrom"
						}
					},
					"position": {
						"0.0": {
							"post": [1.09, -1.62, -1],
							"lerp_mode": "catmullrom"
						},
						"0.3958": {
							"post": [0, 0, 0],
							"lerp_mode": "catmullrom"
						}
					}
				}
			}
		},
		"run_hold": {
			"animation_length": 0.5,
			"bones": {
				"root": {
					"rotation": {
						"0.0": {
							"post": [-1.25, -52.87, 21.85],
							"lerp_mode": "catmullrom"
						}
					},
					"position": {
						"0.0": {
							"post": [1.09, -1.87, -1],
							"lerp_mode": "catmullrom"
						}
					}
				}
			}
		},
		"reload_empty": {
			"loop": true,
			"animation_length": 4.1042,
			"bones": {
				"leftHand": {
					"rotation": {
						"0.0": [74.09999, -12.80314, -111.33658],
						"0.25": [74.09999, -12.80314, -111.33658],
						"0.4167": {
							"pre": [64.1, -12.8, -111.34],
							"post": [64.1, -12.8, -111.34],
							"lerp_mode": "catmullrom"
						},
						"0.5625": {
							"post": [121.18203, -31.30899, -169.34406],
							"lerp_mode": "catmullrom"
						},
						"0.75": {
							"post": [175.35335, -9.86056, -221.10972],
							"lerp_mode": "catmullrom"
						},
						"0.9583": {
							"post": [175.35, -9.86, -221.11],
							"lerp_mode": "catmullrom"
						},
						"1.0833": {
							"post": [179.84328, -27.29711, -219.53802],
							"lerp_mode": "catmullrom"
						},
						"1.6667": {
							"post": [173.50139, -31.54652, -242.02349],
							"lerp_mode": "catmullrom"
						},
						"2.7292": {
							"post": [194.45, -34.77, -244.11],
							"lerp_mode": "catmullrom"
						},
						"2.9792": {
							"post": [190.4009, -6.47272, -219.1648],
							"lerp_mode": "catmullrom"
						},
						"3.6042": {
							"post": [175.35335, -9.86056, -221.10972],
							"lerp_mode": "catmullrom"
						},
						"3.7917": {
							"post": [121.18203, -31.30899, -169.34406],
							"lerp_mode": "catmullrom"
						},
						"3.9375": {
							"post": [74.09999, -12.80314, -111.33658],
							"lerp_mode": "catmullrom"
						}
					},
					"position": {
						"0.0": {
							"post": [6.9, -9.27, -6.57],
							"lerp_mode": "catmullrom"
						},
						"0.4167": {
							"post": [6.9, -9.27, -6.57],
							"lerp_mode": "catmullrom"
						},
						"0.5625": {
							"post": [7.9, -7.9, -6.57],
							"lerp_mode": "catmullrom"
						},
						"0.75": {
							"post": [6.9, -6.02, -6.57],
							"lerp_mode": "catmullrom"
						},
						"0.9583": {
							"post": [6.9, -6.02, -6.57],
							"lerp_mode": "catmullrom"
						},
						"1.0833": {
							"post": [6.9, -8.02, -6.57],
							"lerp_mode": "catmullrom"
						},
						"1.2917": {
							"post": [6.4, -8.02, -6.57],
							"lerp_mode": "catmullrom"
						},
						"1.6667": {
							"post": [6.4, -8.52, -6.57],
							"lerp_mode": "catmullrom"
						},
						"2.7292": {
							"post": [6.4, -8.02, -6.57],
							"lerp_mode": "catmullrom"
						},
						"2.9792": {
							"post": [6.4, -6.02, -6.57],
							"lerp_mode": "catmullrom"
						},
						"3.6042": {
							"post": [6.9, -6.02, -6.57],
							"lerp_mode": "catmullrom"
						},
						"3.7917": {
							"post": [7.9, -7.9, -6.57],
							"lerp_mode": "catmullrom"
						},
						"3.9375": {
							"post": [6.9, -9.27, -6.57],
							"lerp_mode": "catmullrom"
						}
					},
					"scale": [1, 1.5, 1]
				},
				"rightHand": {
					"rotation": {
						"0.0": [81.7983, 13.61729, -190.52018],
						"0.2917": [81.7983, 13.61729, -190.52018],
						"0.4583": {
							"pre": [92.36905, 11.70794, -195.46015],
							"post": [92.36905, 11.70794, -195.46015],
							"lerp_mode": "catmullrom"
						},
						"0.5833": {
							"post": [106.05225, 8.13465, -168.28516],
							"lerp_mode": "catmullrom"
						},
						"0.7083": {
							"post": [106.05225, 8.13465, -168.28516],
							"lerp_mode": "catmullrom"
						},
						"0.8958": {
							"post": [100.93107, 17.6978, -187.0232],
							"lerp_mode": "catmullrom"
						},
						"1.1875": {
							"post": [78.0829, 10.53868, -208.14214],
							"lerp_mode": "catmullrom"
						},
						"1.75": {
							"post": [121.7471, 4.67828, -175.26515],
							"lerp_mode": "catmullrom"
						},
						"2.0417": {
							"post": [99.22655, -2.72474, -176.46835],
							"lerp_mode": "catmullrom"
						},
						"2.3958": {
							"post": [99.23, -2.72, -176.47],
							"lerp_mode": "catmullrom"
						},
						"2.5417": {
							"post": [95.99303, 4.9178, -140.34016],
							"lerp_mode": "catmullrom"
						},
						"2.7292": {
							"post": [95.99303, 4.9178, -140.34016],
							"lerp_mode": "catmullrom"
						},
						"2.9167": {
							"post": [113.61163, 0.9012, -159.81097],
							"lerp_mode": "catmullrom"
						},
						"3.0833": {
							"post": [110.10223, 4.94672, -163.98529],
							"lerp_mode": "catmullrom"
						},
						"3.25": {
							"post": [125.39617, -0.83442, -155.81699],
							"lerp_mode": "catmullrom"
						},
						"3.4167": {
							"post": [104.96848, 12.01941, -193.69446],
							"lerp_mode": "catmullrom"
						},
						"3.625": {
							"post": [81.7983, 13.61729, -190.52018],
							"lerp_mode": "catmullrom"
						}
					},
					"position": {
						"0.0": [-7.225, -10.3, 2.725],
						"0.2917": [-7.225, -10.3, 2.725],
						"0.4583": {
							"pre": [-8.05, -9.58, 4.6],
							"post": [-8.05, -9.58, 4.6],
							"lerp_mode": "catmullrom"
						},
						"0.5833": {
							"post": [-8.22, -9.05, 5.97],
							"lerp_mode": "catmullrom"
						},
						"0.7083": {
							"post": [-8.22, -9.05, 5.97],
							"lerp_mode": "catmullrom"
						},
						"0.8958": {
							"post": [-8.095, -9.3, 6.22],
							"lerp_mode": "catmullrom"
						},
						"1.1875": {
							"post": [-7.97, -9.8, 4.97],
							"lerp_mode": "catmullrom"
						},
						"1.75": {
							"post": [-10.97, -7.8, 11.47],
							"lerp_mode": "catmullrom"
						},
						"2.0417": {
							"post": [-9.22, -4.8, 5.72],
							"lerp_mode": "catmullrom"
						},
						"2.2292": {
							"post": [-8.47, -4.05, 2.72],
							"lerp_mode": "catmullrom"
						},
						"2.3958": {
							"post": [-8.47, -4.05, 2.72],
							"lerp_mode": "catmullrom"
						},
						"2.5417": {
							"post": [-8.22, -4.8, 1.47],
							"lerp_mode": "catmullrom"
						},
						"2.7292": {
							"post": [-8.22, -4.8, 1.47],
							"lerp_mode": "catmullrom"
						},
						"2.9167": {
							"post": [-10.14, -6.6, 4.63],
							"lerp_mode": "catmullrom"
						},
						"3.0833": {
							"post": [-8.55, -7.31, 4.13],
							"lerp_mode": "catmullrom"
						},
						"3.25": {
							"post": [-8.55, -8.06, 4.63],
							"lerp_mode": "catmullrom"
						},
						"3.4167": {
							"post": [-8.26, -9.03, 3.88],
							"lerp_mode": "catmullrom"
						},
						"3.625": {
							"post": [-7.225, -10.3, 2.725],
							"lerp_mode": "catmullrom"
						}
					},
					"scale": [1, 1.5, 1]
				},
				"constraint": {
					"rotation": [0.2, 0.2, 0.2],
					"position": [0.2, 0.2, 0.2]
				},
				"hammer": {
					"rotation": {
						"0.0": [50, 0, 0],
						"3.0833": [50, 0, 0],
						"3.25": [0, 0, 0]
					}
				},
				"barrel": {
					"rotation": {
						"0.9583": {
							"pre": [0, 0, 0],
							"post": [0, 0, 0],
							"lerp_mode": "catmullrom"
						},
						"1.0833": {
							"post": [41.1875, 0, 0],
							"lerp_mode": "catmullrom"
						},
						"1.1875": {
							"post": [37.535, 0, 0],
							"lerp_mode": "catmullrom"
						},
						"1.2917": {
							"post": [32.5, 0, 0],
							"lerp_mode": "catmullrom"
						},
						"1.6042": {
							"post": [42.5, 0, 0],
							"lerp_mode": "catmullrom"
						},
						"2.7292": {
							"post": [42.5, 0, 0],
							"lerp_mode": "catmullrom"
						},
						"2.9792": {
							"post": [0, 0, 0],
							"lerp_mode": "catmullrom"
						}
					}
				},
				"bullet": {
					"rotation": {
						"1.0833": [0, 0, 0],
						"1.1667": {
							"pre": [-214.28363, 14.60559, -116.24785],
							"post": [-214.28363, 14.60559, -116.24785],
							"lerp_mode": "catmullrom"
						},
						"1.2708": {
							"post": [-577.95107, -37.33289, -443.70702],
							"lerp_mode": "catmullrom"
						},
						"1.3958": [-66.33765, -8.31087, 18.25612],
						"1.75": {
							"pre": [-66.34, -8.31, 18.26],
							"post": [-66.34, -8.31, 18.26],
							"lerp_mode": "catmullrom"
						},
						"2.0417": {
							"post": [-72.40748, -4.29434, 10.85785],
							"lerp_mode": "catmullrom"
						},
						"2.2292": [0, 0, 0],
						"2.3958": [0, 0, 0],
						"2.5417": [0, 0, 0]
					},
					"position": {
						"0.9375": [0, 0, 0],
						"1.0208": [0, 0, 0.25],
						"1.0833": [0, 0, 2.75],
						"1.125": {
							"pre": [-1.5, -0.98, 4.94],
							"post": [-1.5, -0.98, 4.94],
							"lerp_mode": "catmullrom"
						},
						"1.1667": {
							"post": [-3.5, -1, 7.25],
							"lerp_mode": "catmullrom"
						},
						"1.2708": {
							"post": [-6.25, -5.25, 10.75],
							"lerp_mode": "catmullrom"
						},
						"1.3958": [-2.75, -9, 8.5],
						"1.75": {
							"pre": [-2.75, -9.5, 7.75],
							"post": [-2.75, -9.5, 7.75],
							"lerp_mode": "catmullrom"
						},
						"2.2292": [0, 0, 2.75],
						"2.3958": [0, 0, 2.75],
						"2.5417": [0, 0, 0]
					},
					"scale": {
						"1.3333": [1, 1, 1],
						"1.3542": {"pre": [1, 1, 1], "post": [0, 0, 0]},
						"1.3958": {"pre": [0, 0, 0], "post": [1, 1, 1]}
					}
				},
				"lever": {
					"rotation": {
						"0.7083": [0, 0, 0],
						"0.8958": [0, -15, 0],
						"1.0833": [0, -15, 0],
						"1.2083": [0, 0, 0]
					}
				},
				"root": {
					"rotation": {
						"0.0": {
							"post": [0, 0, 0],
							"lerp_mode": "catmullrom"
						},
						"0.2083": {
							"post": [-0.92171, -26.67174, 24.94569],
							"lerp_mode": "catmullrom"
						},
						"0.4167": {
							"post": [-5.51955, -59.85387, 25.11455],
							"lerp_mode": "catmullrom"
						},
						"0.7083": {
							"post": [-23.29345, -60.55709, 33.39817],
							"lerp_mode": "catmullrom"
						},
						"0.8333": {
							"post": [-32.02423, -56.46432, 34.68511],
							"lerp_mode": "catmullrom"
						},
						"0.9583": {
							"post": [-27.94002, -68.82187, 23.2763],
							"lerp_mode": "catmullrom"
						},
						"1.1667": {
							"post": [-20.84768, -52.56607, 37.42525],
							"lerp_mode": "catmullrom"
						},
						"1.3958": {
							"post": [-47.71159, -36.88636, 54.86102],
							"lerp_mode": "catmullrom"
						},
						"1.6875": {
							"post": [-58.885, -36.785, 43.485],
							"lerp_mode": "catmullrom"
						},
						"2.0208": {
							"post": [-58.885, -36.785, 43.485],
							"lerp_mode": "catmullrom"
						},
						"2.25": {
							"post": [-57.66515, -46.35181, 43.94697],
							"lerp_mode": "catmullrom"
						},
						"2.3958": {
							"post": [-56.28, -45.95, 48.47],
							"lerp_mode": "catmullrom"
						},
						"2.5417": {
							"post": [-47.86, -45.75, 52.93],
							"lerp_mode": "catmullrom"
						},
						"2.6458": {
							"post": [-42.23685, -51.43456, 55.19594],
							"lerp_mode": "catmullrom"
						},
						"2.7083": {
							"post": [-40.03, -43.0825, 54.64],
							"lerp_mode": "catmullrom"
						},
						"2.7917": {
							"post": [-40.52, -48.38, 52.82],
							"lerp_mode": "catmullrom"
						},
						"3.0417": {
							"post": [-61.55763, -51.94314, 47.83854],
							"lerp_mode": "catmullrom"
						},
						"3.0833": {
							"post": [-62.75, -54.82, 48.98],
							"lerp_mode": "catmullrom"
						},
						"3.1458": {
							"post": [-59.52, -58.4075, 51.8125],
							"lerp_mode": "catmullrom"
						},
						"3.2708": {
							"post": [-50.27716, -54.44724, 51.64461],
							"lerp_mode": "catmullrom"
						},
						"3.4375": {
							"post": [-23.0225, -60.23, 37.19],
							"lerp_mode": "catmullrom"
						},
						"3.6458": {
							"post": [-18.64455, -59.85387, 25.11455],
							"lerp_mode": "catmullrom"
						},
						"3.8333": {
							"post": [14.6925, -21.48, 8.42],
							"lerp_mode": "catmullrom"
						},
						"4.0": {
							"post": [0, 0, 0],
							"lerp_mode": "catmullrom"
						}
					},
					"position": {
						"0.0": {
							"post": [0, 0, 0],
							"lerp_mode": "catmullrom"
						},
						"0.2292": {
							"post": [0, -0.455, -0.5],
							"lerp_mode": "catmullrom"
						},
						"0.4167": {
							"post": [0, -0.25, -1],
							"lerp_mode": "catmullrom"
						},
						"0.5625": {
							"post": [-0.02, -1.1775, -1.1],
							"lerp_mode": "catmullrom"
						},
						"0.7917": {
							"post": [-0.04, -0.795, -1.09],
							"lerp_mode": "catmullrom"
						},
						"0.9583": {
							"post": [-0.4375, -0.75, -1],
							"lerp_mode": "catmullrom"
						},
						"1.125": {
							"post": [0.8925, -1.86, -0.5],
							"lerp_mode": "catmullrom"
						},
						"1.2917": {
							"post": [1.0025, -2.1825, -0.34],
							"lerp_mode": "catmullrom"
						},
						"1.4583": {
							"post": [0.5, -2.125, -0.25],
							"lerp_mode": "catmullrom"
						},
						"1.75": {
							"post": [0.52, -1.865, -0.48],
							"lerp_mode": "catmullrom"
						},
						"2.1458": {
							"post": [0.3425, -1.26, -0.21],
							"lerp_mode": "catmullrom"
						},
						"2.3958": {
							"post": [0.3425, -1.83, -0.21],
							"lerp_mode": "catmullrom"
						},
						"2.5": {
							"post": [1.125, -2.4375, -0.25],
							"lerp_mode": "catmullrom"
						},
						"2.6458": {
							"post": [1.085, -2.12, -0.32],
							"lerp_mode": "catmullrom"
						},
						"2.875": {
							"post": [0.38, -1.725, -0.48],
							"lerp_mode": "catmullrom"
						},
						"3.1042": {
							"post": [0.29, -1.92, -0.62],
							"lerp_mode": "catmullrom"
						},
						"3.2083": {
							"post": [-0.51, -1.72, -0.71],
							"lerp_mode": "catmullrom"
						},
						"3.3542": {
							"post": [-0.695, -1.35, -0.81],
							"lerp_mode": "catmullrom"
						},
						"3.6458": {
							"post": [0, -0.25, -1],
							"lerp_mode": "catmullrom"
						},
						"3.8125": {
							"post": [0.03, -0.51, 0.265],
							"lerp_mode": "catmullrom"
						},
						"3.9583": {
							"post": [0.02, 0.04, -0.255],
							"lerp_mode": "catmullrom"
						},
						"4.0833": {
							"post": [0, 0, 0],
							"lerp_mode": "catmullrom"
						}
					}
				},
				"camera": {
					"rotation": {
						"0.0": {
							"post": [0, 0, 0],
							"lerp_mode": "catmullrom"
						},
						"0.125": {
							"post": [0, 0, 0.3125],
							"lerp_mode": "catmullrom"
						},
						"0.25": {
							"post": [0, 0, -0.3125],
							"lerp_mode": "catmullrom"
						},
						"0.4167": {
							"post": [0, 0, 0],
							"lerp_mode": "catmullrom"
						},
						"0.8125": {
							"post": [0, 0, 0],
							"lerp_mode": "catmullrom"
						},
						"0.9583": {
							"post": [0.75, 0, 1.25],
							"lerp_mode": "catmullrom"
						},
						"1.125": {
							"post": [-0.6875, 0, -1.0625],
							"lerp_mode": "catmullrom"
						},
						"1.1875": {
							"post": [0.375, 0, 0.875],
							"lerp_mode": "catmullrom"
						},
						"1.25": {
							"post": [0, 0, -0.5],
							"lerp_mode": "catmullrom"
						},
						"1.3333": {
							"post": [0, 0, 0],
							"lerp_mode": "catmullrom"
						},
						"1.5625": {
							"post": [0, 0, -0.25],
							"lerp_mode": "catmullrom"
						},
						"1.75": {
							"post": [0, 0, 0.25],
							"lerp_mode": "catmullrom"
						},
						"2.0": {
							"post": [0, 0, 0],
							"lerp_mode": "catmullrom"
						},
						"2.2917": {
							"post": [0, 0, 0],
							"lerp_mode": "catmullrom"
						},
						"2.375": {
							"post": [0, 0, -0.5625],
							"lerp_mode": "catmullrom"
						},
						"2.5625": {
							"post": [0, 0, 0.5],
							"lerp_mode": "catmullrom"
						},
						"2.625": {
							"post": [0, 0, -0.375],
							"lerp_mode": "catmullrom"
						},
						"2.6667": {
							"post": [0, 0, 0.375],
							"lerp_mode": "catmullrom"
						},
						"2.7292": {
							"post": [0, 0, 0],
							"lerp_mode": "catmullrom"
						},
						"2.8542": {
							"post": [0, 0, -0.125],
							"lerp_mode": "catmullrom"
						},
						"2.9792": {
							"post": [0.375, 0, 0.75],
							"lerp_mode": "catmullrom"
						},
						"3.0208": {
							"post": [-0.3125, 0, -1.125],
							"lerp_mode": "catmullrom"
						},
						"3.0625": {
							"post": [0, 0, 0.3125],
							"lerp_mode": "catmullrom"
						},
						"3.1458": {
							"post": [0, 0, 0],
							"lerp_mode": "catmullrom"
						},
						"3.2292": {
							"post": [0, 0, 0.4375],
							"lerp_mode": "catmullrom"
						},
						"3.3333": {
							"post": [0, 0, 0],
							"lerp_mode": "catmullrom"
						},
						"3.4792": {
							"post": [0.6875, 0, -0.375],
							"lerp_mode": "catmullrom"
						},
						"3.6667": {
							"post": [-0.1875, 0, 0.4375],
							"lerp_mode": "catmullrom"
						},
						"3.8125": {
							"post": [0, 0, 0],
							"lerp_mode": "catmullrom"
						},
						"3.9792": {
							"post": [0, 0, -0.1875],
							"lerp_mode": "catmullrom"
						},
						"4.0417": {
							"post": [0, 0, 0.25],
							"lerp_mode": "catmullrom"
						},
						"4.1042": {
							"post": [0, 0, 0],
							"lerp_mode": "catmullrom"
						}
					}
				}
			},
			"sound_effects": {
				"0.625": {
					"effect": "hamster:berthier/berthier_handing_1"
				},
				"0.7708": {
					"effect": "hamster:one_barrel/one_barrel_safty"
				},
				"0.8542": {
					"effect": "hamster:one_barrel/one_barrel_openbarrel"
				},
				"1.5833": {
					"effect": "hamster:one_barrel/one_barrel_shell"
				},
				"2.2708": {
					"effect": "hamster:one_barrel/one_barrel_load"
				},
				"2.8333": {
					"effect": "hamster:one_barrel/one_barrel_closebarrel"
				},
				"3.0833": {
					"effect": "hamster:one_barrel/one_barrel_hammer"
				},
				"3.6667": {
					"effect": "hamster:berthier/berthier_handing_3"
				}
			}
		},
		"shoot": {
			"animation_length": 1,
			"bones": {
				"constraint": {
					"rotation": {
						"0.0": [1, 1, 1],
						"0.3958": [1, 1, 1],
						"0.6458": [0.2, 0.2, 0.2]
					},
					"position": {
						"0.0": [1, 1, 1],
						"0.3958": [1, 1, 1],
						"0.6458": [0.2, 0.2, 0.2]
					}
				},
				"root": {
					"rotation": {
						"0.0": {
							"post": [0, 0, 0],
							"lerp_mode": "catmullrom"
						},
						"0.0208": {
							"post": [1, 0, 0],
							"lerp_mode": "catmullrom"
						},
						"0.0417": {
							"post": [-18, -2.1875, -2.625],
							"lerp_mode": "catmullrom"
						},
						"0.1875": {
							"post": [-17.3725, 0.9375, -1.9375],
							"lerp_mode": "catmullrom"
						},
						"0.25": {
							"post": [-12.945, 0, 2.375],
							"lerp_mode": "catmullrom"
						},
						"0.3542": {
							"post": [-4.8175, -0.07, 4.24],
							"lerp_mode": "catmullrom"
						},
						"0.5625": {
							"post": [1.0625, 0, 0],
							"lerp_mode": "catmullrom"
						},
						"0.7083": {
							"post": [0, 0, 0],
							"lerp_mode": "catmullrom"
						},
						"0.9167": {
							"post": [0, 0, 0],
							"lerp_mode": "catmullrom"
						}
					},
					"position": {
						"0.0": {
							"post": [0, 0, 0],
							"lerp_mode": "catmullrom"
						},
						"0.0417": {
							"post": [0, 0, 1.5625],
							"lerp_mode": "catmullrom"
						},
						"0.2917": {
							"post": [0, 0, 1.43],
							"lerp_mode": "catmullrom"
						},
						"0.4583": {
							"post": [0, 0, 0.4075],
							"lerp_mode": "catmullrom"
						},
						"0.6667": {
							"post": [0, 0, -0.325],
							"lerp_mode": "catmullrom"
						},
						"0.8125": {
							"post": [0, 0, 0.125],
							"lerp_mode": "catmullrom"
						},
						"0.9792": {
							"post": [0, 0, 0],
							"lerp_mode": "catmullrom"
						}
					}
				},
				"camera": {
					"rotation": {
						"0.0": {
							"post": [0, 0, 0],
							"lerp_mode": "catmullrom"
						},
						"0.0208": {
							"post": [0.8125, 0, 2],
							"lerp_mode": "catmullrom"
						},
						"0.0625": {
							"post": [-0.9375, 0, -1],
							"lerp_mode": "catmullrom"
						},
						"0.1667": {
							"post": [0.3125, 0, 1],
							"lerp_mode": "catmullrom"
						},
						"0.3333": {
							"post": [0, 0, 0],
							"lerp_mode": "catmullrom"
						},
						"0.75": {
							"post": [0, 0, -0.02],
							"lerp_mode": "catmullrom"
						},
						"0.9167": {
							"post": [0, 0, 0],
							"lerp_mode": "catmullrom"
						}
					}
				}
			}
		},
		"inspect": {
			"animation_length": 6.3333,
			"bones": {
				"root": {
					"rotation": {
						"0.0": {
							"post": [0, 0, 0],
							"lerp_mode": "catmullrom"
						},
						"0.3125": {
							"post": [-15.0063, 2.44412, 33.88753],
							"lerp_mode": "catmullrom"
						},
						"0.5625": {
							"post": [-10.94, -37.315, 18.67],
							"lerp_mode": "catmullrom"
						},
						"0.7708": {
							"post": [-6.84786, -65.10225, 3.7809],
							"lerp_mode": "catmullrom"
						},
						"1.4167": {
							"post": [-12.29, -67.55, 9.2],
							"lerp_mode": "catmullrom"
						},
						"2.0": {
							"post": [-22.4747, -59.52158, 24.42429],
							"lerp_mode": "catmullrom"
						},
						"2.6042": {
							"post": [-22.4747, -59.52158, 24.42429],
							"lerp_mode": "catmullrom"
						},
						"2.875": {
							"post": [-37.37597, -30.34525, 52.13726],
							"lerp_mode": "catmullrom"
						},
						"3.125": {
							"post": [-64.68756, 23.47864, 85.40194],
							"lerp_mode": "catmullrom"
						},
						"4.0": {
							"post": [-56.88, 36.94, 96.08],
							"lerp_mode": "catmullrom"
						},
						"4.4792": {
							"post": [-56.88, 36.94, 96.08],
							"lerp_mode": "catmullrom"
						},
						"4.7292": {
							"post": [-55.08463, 36.21421, 94.57897],
							"lerp_mode": "catmullrom"
						},
						"5.0": {
							"post": [-52.90194, 8.1264, 56.95685],
							"lerp_mode": "catmullrom"
						},
						"5.3333": {
							"post": [-10.35, -18.3025, 21.72],
							"lerp_mode": "catmullrom"
						},
						"5.7083": {
							"post": [5.77075, -16.60579, 8.45886],
							"lerp_mode": "catmullrom"
						},
						"5.9583": {
							"post": [-1.20029, -1.00511, -2.02923],
							"lerp_mode": "catmullrom"
						},
						"6.1042": {
							"post": [0, 0, 0],
							"lerp_mode": "catmullrom"
						},
						"6.3333": {
							"post": [0, 0, 0],
							"lerp_mode": "catmullrom"
						}
					},
					"position": {
						"0.0": {
							"post": [0, 0, 0],
							"lerp_mode": "catmullrom"
						},
						"0.25": {
							"post": [0.28, -0.62, 0.63],
							"lerp_mode": "catmullrom"
						},
						"0.4167": {
							"post": [0.62, -2.245, 0.5875],
							"lerp_mode": "catmullrom"
						},
						"0.7708": {
							"post": [2.375, -0.3125, -1.25],
							"lerp_mode": "catmullrom"
						},
						"0.9792": {
							"post": [2.38, 1.0075, -1.15],
							"lerp_mode": "catmullrom"
						},
						"1.2292": {
							"post": [2.61, 1.1, -1.15],
							"lerp_mode": "catmullrom"
						},
						"1.5625": {
							"post": [3.51, 0.725, -1.21],
							"lerp_mode": "catmullrom"
						},
						"2.0": {
							"post": [4.75, 1, -0.25],
							"lerp_mode": "catmullrom"
						},
						"2.6042": {
							"post": [5, 1, -0.25],
							"lerp_mode": "catmullrom"
						},
						"2.875": {
							"post": [5.15, -0.3125, -1.27],
							"lerp_mode": "catmullrom"
						},
						"3.125": {
							"post": [5, -1.0625, -1.25],
							"lerp_mode": "catmullrom"
						},
						"3.3333": {
							"post": [4.68, -0.61, -1.01],
							"lerp_mode": "catmullrom"
						},
						"3.6042": {
							"post": [3.8, 0.7, -0.4],
							"lerp_mode": "catmullrom"
						},
						"4.0": {
							"post": [2.45, 0.31, 0.53],
							"lerp_mode": "catmullrom"
						},
						"4.4792": {
							"post": [2.45, 0.31, 0.53],
							"lerp_mode": "catmullrom"
						},
						"4.7292": {
							"post": [2, -1.25, 0.75],
							"lerp_mode": "catmullrom"
						},
						"4.9375": {
							"post": [1.81, -5.1225, -0.31],
							"lerp_mode": "catmullrom"
						},
						"5.1042": {
							"post": [1.91, -4.9125, -1.51],
							"lerp_mode": "catmullrom"
						},
						"5.375": {
							"post": [2, -2.125, 0.25],
							"lerp_mode": "catmullrom"
						},
						"5.6042": {
							"post": [1.37, -3.375, 0.6825],
							"lerp_mode": "catmullrom"
						},
						"5.875": {
							"post": [0.68, -0.0125, 0.93],
							"lerp_mode": "catmullrom"
						},
						"6.1042": {
							"post": [0, 0, -0.375],
							"lerp_mode": "catmullrom"
						},
						"6.2292": {
							"post": [0, 0, 0.25],
							"lerp_mode": "catmullrom"
						},
						"6.3333": {
							"post": [0, 0, 0],
							"lerp_mode": "catmullrom"
						}
					}
				},
				"leftHand": {
					"rotation": {
						"0.0": {
							"post": [74.09999, -12.80314, -111.33658],
							"lerp_mode": "catmullrom"
						},
						"0.5833": {
							"post": [74.09999, -12.80314, -111.33658],
							"lerp_mode": "catmullrom"
						},
						"1.0": {
							"post": [60.87842, -22.61982, -96.9464],
							"lerp_mode": "catmullrom"
						},
						"2.5625": {
							"post": [60.87842, -22.61982, -96.9464],
							"lerp_mode": "catmullrom"
						},
						"3.1875": {
							"post": [13.83376, -18.14497, -139.49025],
							"lerp_mode": "catmullrom"
						},
						"4.9167": {
							"post": [13.83376, -18.14497, -139.49025],
							"lerp_mode": "catmullrom"
						},
						"5.3333": {
							"post": [74.09999, -12.80314, -111.33658],
							"lerp_mode": "catmullrom"
						}
					},
					"position": {
						"0.0": {
							"post": [6.9, -9.27, -6.57],
							"lerp_mode": "catmullrom"
						},
						"0.5833": {
							"post": [6.9, -9.27, -6.57],
							"lerp_mode": "catmullrom"
						},
						"1.0": {
							"post": [6.9, -9.27, -6.57],
							"lerp_mode": "catmullrom"
						},
						"2.5625": {
							"post": [6.9, -9.27, -6.57],
							"lerp_mode": "catmullrom"
						},
						"3.1875": {
							"post": [6.9, -9.27, -6.57],
							"lerp_mode": "catmullrom"
						},
						"4.9167": {
							"post": [6.9, -9.27, -6.57],
							"lerp_mode": "catmullrom"
						},
						"5.3333": {
							"post": [6.9, -9.27, -6.57],
							"lerp_mode": "catmullrom"
						}
					},
					"scale": [1, 1.5, 1]
				},
				"rightHand": {
					"rotation": [81.7983, 13.61729, -190.52018],
					"position": [-7.225, -10.3, 2.725],
					"scale": [1, 1.5, 1]
				},
				"constraint": {
					"rotation": [0.2, 0.2, 0.2],
					"position": [0.2, 0.2, 0.2]
				},
				"camera": {
					"rotation": {
						"0.0": {
							"post": [0, 0, 0],
							"lerp_mode": "catmullrom"
						},
						"0.2708": {
							"post": [-0.1875, 0, -0.5],
							"lerp_mode": "catmullrom"
						},
						"0.5833": {
							"post": [0.5, 0, 0.8125],
							"lerp_mode": "catmullrom"
						},
						"0.8542": {
							"post": [0, 0, 0],
							"lerp_mode": "catmullrom"
						},
						"0.9792": {
							"post": [0, 0, 0.4375],
							"lerp_mode": "catmullrom"
						},
						"1.0625": {
							"post": [0, 0, -0.25],
							"lerp_mode": "catmullrom"
						},
						"1.2083": {
							"post": [0, 0, 0],
							"lerp_mode": "catmullrom"
						},
						"2.75": {
							"post": [0, 0, 0],
							"lerp_mode": "catmullrom"
						},
						"2.9167": {
							"post": [0, 0, -1.25],
							"lerp_mode": "catmullrom"
						},
						"3.1042": {
							"post": [0, 0, 0.6875],
							"lerp_mode": "catmullrom"
						},
						"3.3125": {
							"post": [0, 0, -0.5625],
							"lerp_mode": "catmullrom"
						},
						"3.3958": {
							"post": [0, 0, 0.125],
							"lerp_mode": "catmullrom"
						},
						"3.6042": {
							"post": [0, 0, 0],
							"lerp_mode": "catmullrom"
						},
						"3.8542": {
							"post": [0, 0, 0.5625],
							"lerp_mode": "catmullrom"
						},
						"4.0833": {
							"post": [0, 0, -0.5625],
							"lerp_mode": "catmullrom"
						},
						"4.3333": {
							"post": [0, 0, 0],
							"lerp_mode": "catmullrom"
						},
						"4.5833": {
							"post": [0, 0, 0],
							"lerp_mode": "catmullrom"
						},
						"4.9167": {
							"post": [0, 0, -1.4375],
							"lerp_mode": "catmullrom"
						},
						"5.0625": {
							"post": [0, 0, 0.9375],
							"lerp_mode": "catmullrom"
						},
						"5.125": {
							"post": [0, 0, -0.5],
							"lerp_mode": "catmullrom"
						},
						"5.2708": {
							"post": [0, 0, 0.25],
							"lerp_mode": "catmullrom"
						},
						"5.3333": {
							"post": [0, 0, -0.25],
							"lerp_mode": "catmullrom"
						},
						"5.3958": {
							"post": [0, 0, 0.4375],
							"lerp_mode": "catmullrom"
						},
						"5.5208": {
							"post": [0, 0, -0.5625],
							"lerp_mode": "catmullrom"
						},
						"5.6875": {
							"post": [0.5625, 0, 0],
							"lerp_mode": "catmullrom"
						},
						"5.7917": {
							"post": [-0.25, 0, -1.0625],
							"lerp_mode": "catmullrom"
						},
						"5.875": {
							"post": [0, 0, 1],
							"lerp_mode": "catmullrom"
						},
						"5.9792": {
							"post": [0, 0, 0.36],
							"lerp_mode": "catmullrom"
						},
						"6.0625": {
							"post": [0, 0, -0.1875],
							"lerp_mode": "catmullrom"
						},
						"6.1667": {
							"post": [0, 0, 0.23],
							"lerp_mode": "catmullrom"
						},
						"6.3125": {
							"post": [0, 0, 0],
							"lerp_mode": "catmullrom"
						}
					}
				}
			},
			"sound_effects": {
				"0.5833": {
					"effect": "hamster:lebel1886/lebel1886_handing_3"
				},
				"2.8958": {
					"effect": "hamster:lebel1886/lebel1886_handing_2"
				},
				"5.8542": {
					"effect": "hamster:lebel1886/lebel1886_handing_1"
				}
			}
		},
		"inspect_empty": {
			"animation_length": 6.3333,
			"bones": {
				"root": {
					"rotation": {
						"0.0": {
							"post": [0, 0, 0],
							"lerp_mode": "catmullrom"
						},
						"0.3125": {
							"post": [-15.0063, 2.44412, 33.88753],
							"lerp_mode": "catmullrom"
						},
						"0.5625": {
							"post": [-10.94, -37.315, 18.67],
							"lerp_mode": "catmullrom"
						},
						"0.7708": {
							"post": [-6.84786, -65.10225, 3.7809],
							"lerp_mode": "catmullrom"
						},
						"1.4167": {
							"post": [-12.29, -67.55, 9.2],
							"lerp_mode": "catmullrom"
						},
						"2.0": {
							"post": [-22.4747, -59.52158, 24.42429],
							"lerp_mode": "catmullrom"
						},
						"2.6042": {
							"post": [-22.4747, -59.52158, 24.42429],
							"lerp_mode": "catmullrom"
						},
						"2.875": {
							"post": [-37.37597, -30.34525, 52.13726],
							"lerp_mode": "catmullrom"
						},
						"3.125": {
							"post": [-64.68756, 23.47864, 85.40194],
							"lerp_mode": "catmullrom"
						},
						"4.0": {
							"post": [-56.88, 36.94, 96.08],
							"lerp_mode": "catmullrom"
						},
						"4.4792": {
							"post": [-56.88, 36.94, 96.08],
							"lerp_mode": "catmullrom"
						},
						"4.7292": {
							"post": [-55.08463, 36.21421, 94.57897],
							"lerp_mode": "catmullrom"
						},
						"5.0": {
							"post": [-52.90194, 8.1264, 56.95685],
							"lerp_mode": "catmullrom"
						},
						"5.3333": {
							"post": [-10.35, -18.3025, 21.72],
							"lerp_mode": "catmullrom"
						},
						"5.7083": {
							"post": [5.77075, -16.60579, 8.45886],
							"lerp_mode": "catmullrom"
						},
						"5.9583": {
							"post": [-1.20029, -1.00511, -2.02923],
							"lerp_mode": "catmullrom"
						},
						"6.1042": {
							"post": [0, 0, 0],
							"lerp_mode": "catmullrom"
						},
						"6.3333": {
							"post": [0, 0, 0],
							"lerp_mode": "catmullrom"
						}
					},
					"position": {
						"0.0": {
							"post": [0, 0, 0],
							"lerp_mode": "catmullrom"
						},
						"0.25": {
							"post": [0.28, -0.62, 0.63],
							"lerp_mode": "catmullrom"
						},
						"0.4167": {
							"post": [0.62, -2.245, 0.5875],
							"lerp_mode": "catmullrom"
						},
						"0.7708": {
							"post": [2.375, -0.3125, -1.25],
							"lerp_mode": "catmullrom"
						},
						"0.9792": {
							"post": [2.38, 1.0075, -1.15],
							"lerp_mode": "catmullrom"
						},
						"1.2292": {
							"post": [2.61, 1.1, -1.15],
							"lerp_mode": "catmullrom"
						},
						"1.5625": {
							"post": [3.51, 0.725, -1.21],
							"lerp_mode": "catmullrom"
						},
						"2.0": {
							"post": [4.75, 1, -0.25],
							"lerp_mode": "catmullrom"
						},
						"2.6042": {
							"post": [5, 1, -0.25],
							"lerp_mode": "catmullrom"
						},
						"2.875": {
							"post": [5.15, -0.3125, -1.27],
							"lerp_mode": "catmullrom"
						},
						"3.125": {
							"post": [5, -1.0625, -1.25],
							"lerp_mode": "catmullrom"
						},
						"3.3333": {
							"post": [4.68, -0.61, -1.01],
							"lerp_mode": "catmullrom"
						},
						"3.6042": {
							"post": [3.8, 0.7, -0.4],
							"lerp_mode": "catmullrom"
						},
						"4.0": {
							"post": [2.45, 0.31, 0.53],
							"lerp_mode": "catmullrom"
						},
						"4.4792": {
							"post": [2.45, 0.31, 0.53],
							"lerp_mode": "catmullrom"
						},
						"4.7292": {
							"post": [2, -1.25, 0.75],
							"lerp_mode": "catmullrom"
						},
						"4.9375": {
							"post": [1.81, -5.1225, -0.31],
							"lerp_mode": "catmullrom"
						},
						"5.1042": {
							"post": [1.91, -4.9125, -1.51],
							"lerp_mode": "catmullrom"
						},
						"5.375": {
							"post": [2, -2.125, 0.25],
							"lerp_mode": "catmullrom"
						},
						"5.6042": {
							"post": [1.37, -3.375, 0.6825],
							"lerp_mode": "catmullrom"
						},
						"5.875": {
							"post": [0.68, -0.0125, 0.93],
							"lerp_mode": "catmullrom"
						},
						"6.1042": {
							"post": [0, 0, -0.375],
							"lerp_mode": "catmullrom"
						},
						"6.2292": {
							"post": [0, 0, 0.25],
							"lerp_mode": "catmullrom"
						},
						"6.3333": {
							"post": [0, 0, 0],
							"lerp_mode": "catmullrom"
						}
					}
				},
				"leftHand": {
					"rotation": {
						"0.0": {
							"post": [74.09999, -12.80314, -111.33658],
							"lerp_mode": "catmullrom"
						},
						"0.5833": {
							"post": [74.09999, -12.80314, -111.33658],
							"lerp_mode": "catmullrom"
						},
						"1.0": {
							"post": [60.87842, -22.61982, -96.9464],
							"lerp_mode": "catmullrom"
						},
						"2.5625": {
							"post": [60.87842, -22.61982, -96.9464],
							"lerp_mode": "catmullrom"
						},
						"3.1875": {
							"post": [13.83376, -18.14497, -139.49025],
							"lerp_mode": "catmullrom"
						},
						"4.9167": {
							"post": [13.83376, -18.14497, -139.49025],
							"lerp_mode": "catmullrom"
						},
						"5.3333": {
							"post": [74.09999, -12.80314, -111.33658],
							"lerp_mode": "catmullrom"
						}
					},
					"position": {
						"0.0": {
							"post": [6.9, -9.27, -6.57],
							"lerp_mode": "catmullrom"
						},
						"0.5833": {
							"post": [6.9, -9.27, -6.57],
							"lerp_mode": "catmullrom"
						},
						"1.0": {
							"post": [6.9, -9.27, -6.57],
							"lerp_mode": "catmullrom"
						},
						"2.5625": {
							"post": [6.9, -9.27, -6.57],
							"lerp_mode": "catmullrom"
						},
						"3.1875": {
							"post": [6.9, -9.27, -6.57],
							"lerp_mode": "catmullrom"
						},
						"4.9167": {
							"post": [6.9, -9.27, -6.57],
							"lerp_mode": "catmullrom"
						},
						"5.3333": {
							"post": [6.9, -9.27, -6.57],
							"lerp_mode": "catmullrom"
						}
					},
					"scale": [1, 1.5, 1]
				},
				"rightHand": {
					"rotation": [81.7983, 13.61729, -190.52018],
					"position": [-7.225, -10.3, 2.725],
					"scale": [1, 1.5, 1]
				},
				"constraint": {
					"rotation": [0.2, 0.2, 0.2],
					"position": [0.2, 0.2, 0.2]
				},
				"hammer": {
					"rotation": [50, 0, 0]
				},
				"camera": {
					"rotation": {
						"0.0": {
							"post": [0, 0, 0],
							"lerp_mode": "catmullrom"
						},
						"0.2708": {
							"post": [-0.1875, 0, -0.5],
							"lerp_mode": "catmullrom"
						},
						"0.5833": {
							"post": [0.5, 0, 0.8125],
							"lerp_mode": "catmullrom"
						},
						"0.8542": {
							"post": [0, 0, 0],
							"lerp_mode": "catmullrom"
						},
						"0.9792": {
							"post": [0, 0, 0.4375],
							"lerp_mode": "catmullrom"
						},
						"1.0625": {
							"post": [0, 0, -0.25],
							"lerp_mode": "catmullrom"
						},
						"1.2083": {
							"post": [0, 0, 0],
							"lerp_mode": "catmullrom"
						},
						"2.75": {
							"post": [0, 0, 0],
							"lerp_mode": "catmullrom"
						},
						"2.9167": {
							"post": [0, 0, -1.25],
							"lerp_mode": "catmullrom"
						},
						"3.1042": {
							"post": [0, 0, 0.6875],
							"lerp_mode": "catmullrom"
						},
						"3.3125": {
							"post": [0, 0, -0.5625],
							"lerp_mode": "catmullrom"
						},
						"3.3958": {
							"post": [0, 0, 0.125],
							"lerp_mode": "catmullrom"
						},
						"3.6042": {
							"post": [0, 0, 0],
							"lerp_mode": "catmullrom"
						},
						"3.8542": {
							"post": [0, 0, 0.5625],
							"lerp_mode": "catmullrom"
						},
						"4.0833": {
							"post": [0, 0, -0.5625],
							"lerp_mode": "catmullrom"
						},
						"4.3333": {
							"post": [0, 0, 0],
							"lerp_mode": "catmullrom"
						},
						"4.5833": {
							"post": [0, 0, 0],
							"lerp_mode": "catmullrom"
						},
						"4.9167": {
							"post": [0, 0, -1.4375],
							"lerp_mode": "catmullrom"
						},
						"5.0625": {
							"post": [0, 0, 0.9375],
							"lerp_mode": "catmullrom"
						},
						"5.125": {
							"post": [0, 0, -0.5],
							"lerp_mode": "catmullrom"
						},
						"5.2708": {
							"post": [0, 0, 0.25],
							"lerp_mode": "catmullrom"
						},
						"5.3333": {
							"post": [0, 0, -0.25],
							"lerp_mode": "catmullrom"
						},
						"5.3958": {
							"post": [0, 0, 0.4375],
							"lerp_mode": "catmullrom"
						},
						"5.5208": {
							"post": [0, 0, -0.5625],
							"lerp_mode": "catmullrom"
						},
						"5.6875": {
							"post": [0.5625, 0, 0],
							"lerp_mode": "catmullrom"
						},
						"5.7917": {
							"post": [-0.25, 0, -1.0625],
							"lerp_mode": "catmullrom"
						},
						"5.875": {
							"post": [0, 0, 1],
							"lerp_mode": "catmullrom"
						},
						"5.9792": {
							"post": [0, 0, 0.36],
							"lerp_mode": "catmullrom"
						},
						"6.0625": {
							"post": [0, 0, -0.1875],
							"lerp_mode": "catmullrom"
						},
						"6.1667": {
							"post": [0, 0, 0.23],
							"lerp_mode": "catmullrom"
						},
						"6.3125": {
							"post": [0, 0, 0],
							"lerp_mode": "catmullrom"
						}
					}
				}
			},
			"sound_effects": {
				"0.5833": {
					"effect": "hamster:lebel1886/lebel1886_handing_3"
				},
				"2.8958": {
					"effect": "hamster:lebel1886/lebel1886_handing_2"
				},
				"5.8542": {
					"effect": "hamster:lebel1886/lebel1886_handing_1"
				}
			}
		}
	}
}