{
	"format_version": "1.8.0",
	"animations": {
		"static_idle": {
			"animation_length": 0.1,
			"bones": {
				"leftHand": {
					"rotation": [74.09999, -12.80314, -111.33658],
					"position": [7.15, -11.02, -8.82],
					"scale": [1, 1.5, 1]
				},
				"rightHand": {
					"rotation": [81.7983, 13.61729, -190.52018],
					"position": [-7.475, -12.55, 3.225],
					"scale": [1, 1.5, 1]
				},
				"constraint": {
					"rotation": [0.2, 0.2, 0.2],
					"position": [0.2, 0.2, 0.2]
				}
			}
		},
		"draw1": {
			"loop": "hold_on_last_frame",
			"animation_length": 0.75,
			"bones": {
				"root": {
					"rotation": {
						"0.0": [-43.48559, -61.35556, 51.91024],
						"0.0833": [-40.35, -54.78, 47.56],
						"0.2292": [-24.66, -21.89, 25.79],
						"0.3542": [-21.13, -11.24, 18.74],
						"0.4583": [-19.18694, -6.67573, 15.71514],
						"0.5417": [-13.53, -5.4, 12.72],
						"0.6458": [-2.74, -0.95, 2.25],
						"0.75": [0, 0, 0]
					},
					"position": {
						"0.0": [0, -10, 0],
						"0.0833": [-0.02, -9.3325, 0],
						"0.2083": [-0.36, -6.81, 0],
						"0.2708": [-0.44, -3.43, 0],
						"0.3125": [-0.46, -2.68, 0],
						"0.3958": [-0.49, -3.01425, 0],
						"0.4583": [-0.5, -2.96045, 0],
						"0.5208": [-0.41, -1.7725, 0],
						"0.5625": [-0.23, 0.4425, 0],
						"0.625": [-0.17, 1.205, 0],
						"0.6875": [-0.07, 0.4, 0],
						"0.75": [0, 0, 0]
					}
				},
				"leftHand": {
					"rotation": {
						"0.0": [74.09999, -12.80314, -111.33658],
						"0.0625": [72.93, -12.8, -111.34],
						"0.2292": [59.32, -12.8, -111.34],
						"0.3125": [56.6, -12.8, -111.34],
						"0.3542": [59.1, -12.8, -111.34],
						"0.4167": [71.1, -12.8, -111.34],
						"0.4583": [74.09999, -12.80314, -111.33658]
					},
					"position": {
						"0.0": [7.15, -11.27, -6.82],
						"0.3125": [7.15, -11.27, -6.82],
						"0.375": [7.65, -12.645, -6.82],
						"0.4583": [7.15, -11.02, -8.82]
					},
					"scale": [1, 1.5, 1]
				},
				"rightHand": {
					"rotation": [81.7983, 13.61729, -190.52018],
					"position": [-7.475, -12.55, 3.225],
					"scale": [1, 1.5, 1]
				},
				"idle_view": {
					"rotation": {
						"0.0": [0, 0, 0],
						"0.0417": [0, 0, 0.12],
						"0.0833": [0, 0, 0.4375],
						"0.125": [0, 0, 0.6025],
						"0.1667": [0, 0, 0.32],
						"0.2292": [0, 0, 0.345],
						"0.3125": [0, 0, 0.875],
						"0.375": [0, 0, 1.825],
						"0.4167": [0, 0, 2],
						"0.4583": [0, 0, 1.7875],
						"0.5": [0, 0, 0.5],
						"0.5625": [0, 0, -0.8],
						"0.6042": [0, 0, -1],
						"0.6458": [0, 0, -0.845],
						"0.6875": [0, 0, -0.17],
						"0.75": [0, 0, 0]
					}
				},
				"camera": {
					"rotation": {
						"0.0": [0, 0, 0],
						"0.0417": [0, 0, 0.12],
						"0.0833": [0, 0, 0.4375],
						"0.125": [0, 0, 0.6025],
						"0.1667": [0, 0, 0.32],
						"0.2292": [0, 0, 0.345],
						"0.3125": [0, 0, 0.875],
						"0.375": [0, 0, 1.825],
						"0.4167": [0, 0, 2],
						"0.4583": [0, 0, 1.7875],
						"0.5": [0, 0, 0.5],
						"0.5625": [0, 0, -0.8],
						"0.6042": [0, 0, -1],
						"0.6458": [0, 0, -0.845],
						"0.6875": [0, 0, -0.17],
						"0.75": [0, 0, 0]
					}
				},
				"constraint": {
					"rotation": [0.2, 0.2, 0.2],
					"position": [0.2, 0.2, 0.2]
				}
			},
			"sound_effects": {
				"0.0417": {
					"effect": "hamster:gew98/gew98_handing_1"
				},
				"0.3333": {
					"effect": "hamster:gew98/gew98_handing_4"
				}
			}
		},
		"put_away1": {
			"loop": "hold_on_last_frame",
			"animation_length": 0.7708,
			"bones": {
				"root": {
					"rotation": {
						"0.0": [0, 0, 0],
						"0.0625": [-3.78, -9.35, 7.74],
						"0.125": [-9.82, -21.22, 17.56],
						"0.1667": [-21.14, -44.07, 35.98],
						"0.2083": [-24.91, -53.025, 42.12],
						"0.25": [-28.67731, -53.97435, 41.10087],
						"0.2917": [-29.63, -53.235, 44.7],
						"0.3333": [-30.58, -49.74, 42.99],
						"0.4375": [-21.83, -19.49, 26.69],
						"0.5": [-12.58, -9.4, 21.26],
						"0.6042": [0.14573, -2.06235, 17.30664],
						"0.7083": [6.9, -2.06, 17.31],
						"0.7708": [9.15, -2.06, 17.31]
					},
					"position": {
						"0.0": [0, 0, 0],
						"0.1042": [-0.15, -0.15, 0.42],
						"0.25": [-0.91, -0.87, 2.5],
						"0.3333": [-2.21, -2.66, 3.38],
						"0.5208": [-8.05, -10.69, 7.35],
						"0.6667": [-9, -18, 13.25],
						"0.7708": [-9, -20, 15]
					}
				},
				"leftHand": {
					"rotation": {
						"0.0": [74.09999, -12.80314, -111.33658],
						"0.1875": [74.1, -12.8, -111.34],
						"0.3125": [51.6, -12.8, -111.34]
					},
					"position": {
						"0.0": [7.15, -11.02, -8.82],
						"0.1875": [7.15, -11.02, -8.82],
						"0.25": [8.15, -12.02, -6.82],
						"0.3125": [7.15, -11.02, -8.82]
					},
					"scale": [1, 1.5, 1]
				},
				"rightHand": {
					"rotation": [81.7983, 13.61729, -190.52018],
					"position": [-7.475, -12.55, 3.225],
					"scale": [1, 1.5, 1]
				},
				"idle_view": {
					"rotation": {
						"0.0": {
							"post": [0, 0, 0],
							"lerp_mode": "catmullrom"
						},
						"0.0625": {
							"post": [0, 0, 0.17],
							"lerp_mode": "catmullrom"
						},
						"0.125": {
							"post": [0, 0, 0.71],
							"lerp_mode": "catmullrom"
						},
						"0.1875": {
							"post": [0, 0, 1.7775],
							"lerp_mode": "catmullrom"
						},
						"0.25": {
							"post": [0, 0, 1.6875],
							"lerp_mode": "catmullrom"
						},
						"0.3125": {
							"post": [0, 0, 1.7575],
							"lerp_mode": "catmullrom"
						},
						"0.375": {
							"post": [0, 0, 0.19],
							"lerp_mode": "catmullrom"
						},
						"0.4792": {
							"post": [0, 0, -0.75],
							"lerp_mode": "catmullrom"
						},
						"0.5417": {
							"post": [0, 0, -1],
							"lerp_mode": "catmullrom"
						},
						"0.5833": {
							"post": [0, 0, -0.71],
							"lerp_mode": "catmullrom"
						},
						"0.625": {
							"post": [0, 0, 0.1225],
							"lerp_mode": "catmullrom"
						},
						"0.6667": {
							"post": [0, 0, 0.3875],
							"lerp_mode": "catmullrom"
						},
						"0.7083": {
							"post": [0, 0, 0.1425],
							"lerp_mode": "catmullrom"
						},
						"0.7708": {
							"post": [0, 0, 0],
							"lerp_mode": "catmullrom"
						}
					}
				},
				"camera": {
					"rotation": {
						"0.0": {
							"post": [0, 0, 0],
							"lerp_mode": "catmullrom"
						},
						"0.0625": {
							"post": [0, 0, 0.17],
							"lerp_mode": "catmullrom"
						},
						"0.125": {
							"post": [0, 0, 0.71],
							"lerp_mode": "catmullrom"
						},
						"0.1875": {
							"post": [0, 0, 1.7775],
							"lerp_mode": "catmullrom"
						},
						"0.25": {
							"post": [0, 0, 1.6875],
							"lerp_mode": "catmullrom"
						},
						"0.3125": {
							"post": [0, 0, 1.7575],
							"lerp_mode": "catmullrom"
						},
						"0.375": {
							"post": [0, 0, 0.19],
							"lerp_mode": "catmullrom"
						},
						"0.4792": {
							"post": [0, 0, -0.75],
							"lerp_mode": "catmullrom"
						},
						"0.5417": {
							"post": [0, 0, -1],
							"lerp_mode": "catmullrom"
						},
						"0.5833": {
							"post": [0, 0, -0.71],
							"lerp_mode": "catmullrom"
						},
						"0.625": {
							"post": [0, 0, 0.1225],
							"lerp_mode": "catmullrom"
						},
						"0.6667": {
							"post": [0, 0, 0.3875],
							"lerp_mode": "catmullrom"
						},
						"0.7083": {
							"post": [0, 0, 0.1425],
							"lerp_mode": "catmullrom"
						},
						"0.7708": {
							"post": [0, 0, 0],
							"lerp_mode": "catmullrom"
						}
					}
				},
				"constraint": {
					"rotation": [0.2, 0.2, 0.2],
					"position": [0.2, 0.2, 0.2]
				}
			},
			"sound_effects": {
				"0.0417": {
					"effect": "hamster:gew98/gew98_handing_1"
				},
				"0.4792": {
					"effect": "hamster:gew98/gew98_handing_2"
				}
			}
		},
		"run": {
			"loop": true,
			"animation_length": 0.6667,
			"bones": {
				"root": {
					"rotation": {
						"0.0": {
							"post": [7.25, -52.87, 21.85],
							"lerp_mode": "catmullrom"
						},
						"0.1667": {
							"post": [4.93449, -56.20338, 20.7151],
							"lerp_mode": "catmullrom"
						},
						"0.3333": {
							"post": [7.25, -52.87, 21.85],
							"lerp_mode": "catmullrom"
						},
						"0.5": {
							"post": [9.86745, -49.52803, 22.75138],
							"lerp_mode": "catmullrom"
						},
						"0.6667": {
							"post": [7.25, -52.87, 21.85],
							"lerp_mode": "catmullrom"
						}
					},
					"position": {
						"0.0": {
							"post": [0.09, -2.87, -1],
							"lerp_mode": "catmullrom"
						},
						"0.1333": {
							"post": [1.17216, -3.74, -1.56],
							"lerp_mode": "catmullrom"
						},
						"0.2": {
							"post": [1.46076, -3.7775, -1.72],
							"lerp_mode": "catmullrom"
						},
						"0.2667": {
							"post": [1.08636, -3.27, -1.62],
							"lerp_mode": "catmullrom"
						},
						"0.3333": {
							"post": [0.29, -3.0048, -1.13],
							"lerp_mode": "catmullrom"
						},
						"0.4": {
							"post": [-0.522, -3.1246, -0.64],
							"lerp_mode": "catmullrom"
						},
						"0.4667": {
							"post": [-0.9704, -3.5575, -0.5],
							"lerp_mode": "catmullrom"
						},
						"0.5333": {
							"post": [-0.8336, -3.6275, -0.57],
							"lerp_mode": "catmullrom"
						},
						"0.6": {
							"post": [-0.37, -3.03, -0.91],
							"lerp_mode": "catmullrom"
						},
						"0.6667": {
							"post": [0.09, -2.87, -1],
							"lerp_mode": "catmullrom"
						}
					}
				}
			}
		},
		"run_start": {
			"animation_length": 0.3958,
			"bones": {
				"root": {
					"rotation": {
						"0.0": {
							"post": [0, 0, 0],
							"lerp_mode": "catmullrom"
						},
						"0.0833": {
							"post": [0.26, -1.88, 0.78],
							"lerp_mode": "catmullrom"
						},
						"0.1875": {
							"post": [1.12, -10.43, 3.38],
							"lerp_mode": "catmullrom"
						},
						"0.3125": {
							"post": [6.96, -43.77, 20.98],
							"lerp_mode": "catmullrom"
						},
						"0.3958": {
							"post": [7.25, -52.87, 21.85],
							"lerp_mode": "catmullrom"
						}
					},
					"position": {
						"0.0": {
							"post": [0, 0, 0],
							"lerp_mode": "catmullrom"
						},
						"0.3958": {
							"post": [0.09, -2.87, -1],
							"lerp_mode": "catmullrom"
						}
					}
				}
			}
		},
		"run_end": {
			"animation_length": 0.3958,
			"bones": {
				"root": {
					"rotation": {
						"0.0": {
							"post": [7.25, -52.87, 21.85],
							"lerp_mode": "catmullrom"
						},
						"0.1458": {
							"post": [6.77, -45.74, 20.39],
							"lerp_mode": "catmullrom"
						},
						"0.3125": {
							"post": [0.26, -6.63, 0.78],
							"lerp_mode": "catmullrom"
						},
						"0.3958": {
							"post": [0, 0, 0],
							"lerp_mode": "catmullrom"
						}
					},
					"position": {
						"0.0": {
							"post": [0.09, -2.87, -1],
							"lerp_mode": "catmullrom"
						},
						"0.3958": {
							"post": [0, 0, 0],
							"lerp_mode": "catmullrom"
						}
					}
				}
			}
		},
		"run_hold": {
			"animation_length": 0.5,
			"bones": {
				"root": {
					"rotation": {
						"0.0": {
							"post": [5.53523, -52.70019, 17.72542],
							"lerp_mode": "catmullrom"
						},
						"0.5": {
							"post": [5.53523, -52.70019, 17.72542],
							"lerp_mode": "catmullrom"
						}
					},
					"position": {
						"0.0": {
							"post": [0.09, -2.37, -1],
							"lerp_mode": "catmullrom"
						},
						"0.5": {
							"post": [0.09, -2.37, -1],
							"lerp_mode": "catmullrom"
						}
					}
				}
			}
		},
		"inspect": {
			"animation_length": 9,
			"bones": {
				"bolt": {
					"rotation": {
						"0.0": [0, 0, 0],
						"6.375": [0, 0, 0],
						"6.5625": [10, 0, 0],
						"7.375": [10, 0, 0],
						"7.5417": [0, 0, 0]
					}
				},
				"root": {
					"rotation": {
						"0.0": {
							"post": [0, 0, 0],
							"lerp_mode": "catmullrom"
						},
						"0.3542": {
							"post": [9.17804, -37.12506, 5.4785],
							"lerp_mode": "catmullrom"
						},
						"0.5": {
							"post": [-0.88, -53.8, 7.93],
							"lerp_mode": "catmullrom"
						},
						"0.625": {
							"post": [-14.7744, -63.9402, 10.13673],
							"lerp_mode": "catmullrom"
						},
						"0.6875": {
							"post": [-19.3, -65.23, 10.47],
							"lerp_mode": "catmullrom"
						},
						"0.75": {
							"post": [-20.56, -65.36, 11.18],
							"lerp_mode": "catmullrom"
						},
						"1.0625": {
							"post": [-18.81, -66.16, 16.34],
							"lerp_mode": "catmullrom"
						},
						"1.75": {
							"post": [-29.67067, -61.28098, 22.52019],
							"lerp_mode": "catmullrom"
						},
						"2.5": {
							"post": [-20.02, -63.94, 10.14],
							"lerp_mode": "catmullrom"
						},
						"2.8125": {
							"post": [-26.25, -21.82, 51.91],
							"lerp_mode": "catmullrom"
						},
						"2.9375": {
							"post": [-29.4, -10.67, 60.33],
							"lerp_mode": "catmullrom"
						},
						"3.0833": {
							"post": [-41.65157, 24.43295, 84.50562],
							"lerp_mode": "catmullrom"
						},
						"3.25": {
							"post": [-46.32847, 33.44528, 103.7059],
							"lerp_mode": "catmullrom"
						},
						"3.5208": {
							"post": [-51.58454, 27.20994, 108.99428],
							"lerp_mode": "catmullrom"
						},
						"3.5833": {
							"post": [-48.04, 30.09, 109],
							"lerp_mode": "catmullrom"
						},
						"3.6667": {
							"post": [-51.2, 35.51, 108.11],
							"lerp_mode": "catmullrom"
						},
						"3.7917": {
							"post": [-51.23061, 37.30527, 108.14484],
							"lerp_mode": "catmullrom"
						},
						"4.4583": {
							"post": [-44.87699, 42.25196, 125.7186],
							"lerp_mode": "catmullrom"
						},
						"5.0833": {
							"post": [-55.29, 22.42, 114.09],
							"lerp_mode": "catmullrom"
						},
						"5.625": {
							"post": [-58.04, 33.43, 108.14],
							"lerp_mode": "catmullrom"
						},
						"5.9583": {
							"post": [-54.11391, 3.47538, 58.25674],
							"lerp_mode": "catmullrom"
						},
						"6.1042": {
							"post": [-48.23991, -6.74259, 28.69408],
							"lerp_mode": "catmullrom"
						},
						"6.2083": {
							"post": [-29.40206, -15.94856, 20.50274],
							"lerp_mode": "catmullrom"
						},
						"6.3542": {
							"post": [-32.28102, -12.13097, 26.78848],
							"lerp_mode": "catmullrom"
						},
						"6.5625": {
							"post": [-45.62441, -16.42481, 21.00271],
							"lerp_mode": "catmullrom"
						},
						"6.6458": {
							"post": [-41.31, -13.74, 18.04],
							"lerp_mode": "catmullrom"
						},
						"6.6875": {
							"post": [-39.28, -17.36, 17.97],
							"lerp_mode": "catmullrom"
						},
						"6.8958": {
							"post": [-43.88, -17.38, 26.2],
							"lerp_mode": "catmullrom"
						},
						"7.25": {
							"post": [-52.7175, -17.22, 21.58],
							"lerp_mode": "catmullrom"
						},
						"7.375": {
							"post": [-41.30889, -17.21196, 22.21774],
							"lerp_mode": "catmullrom"
						},
						"7.5417": {
							"post": [-27.69135, -17.59687, 22.68735],
							"lerp_mode": "catmullrom"
						},
						"7.5833": {
							"post": [-30.7, -17.79, 22.42],
							"lerp_mode": "catmullrom"
						},
						"7.6458": {
							"post": [-37.85, -17.79, 26.535],
							"lerp_mode": "catmullrom"
						},
						"7.75": {
							"post": [-34.40206, -15.94856, 20.50274],
							"lerp_mode": "catmullrom"
						},
						"7.9583": {
							"post": [-41.84, -13.59, 17.24],
							"lerp_mode": "catmullrom"
						},
						"8.2708": {
							"post": [-32.17609, -12.74561, 13.4926],
							"lerp_mode": "catmullrom"
						},
						"8.625": {
							"post": [-4.01451, -1.2993, 1.64282],
							"lerp_mode": "catmullrom"
						},
						"8.8542": {
							"post": [0, 0, 0],
							"lerp_mode": "catmullrom"
						}
					},
					"position": {
						"0.0": {
							"post": [0, 0, 0],
							"lerp_mode": "catmullrom"
						},
						"0.3542": {
							"post": [2.32, -0.47, -0.07],
							"lerp_mode": "catmullrom"
						},
						"0.625": {
							"post": [4, 1, 0],
							"lerp_mode": "catmullrom"
						},
						"1.75": {
							"post": [4.5225, 1.73, 1],
							"lerp_mode": "catmullrom"
						},
						"2.5": {
							"post": [4, 1, 0],
							"lerp_mode": "catmullrom"
						},
						"2.8333": {
							"post": [3.065, 1.43, -0.11],
							"lerp_mode": "catmullrom"
						},
						"2.9792": {
							"post": [3.49, -0.075, -0.11],
							"lerp_mode": "catmullrom"
						},
						"3.0833": {
							"post": [3.93, -0.1275, -0.09],
							"lerp_mode": "catmullrom"
						},
						"3.2917": {
							"post": [4.625, -0.6875, 0],
							"lerp_mode": "catmullrom"
						},
						"3.5208": {
							"post": [4.21, 0.5825, 0.21],
							"lerp_mode": "catmullrom"
						},
						"5.1875": {
							"post": [5, 2.03, 1],
							"lerp_mode": "catmullrom"
						},
						"5.625": {
							"post": [5, 2.03, 1],
							"lerp_mode": "catmullrom"
						},
						"5.9583": {
							"post": [4.41, 1.9475, 0.41],
							"lerp_mode": "catmullrom"
						},
						"6.1042": {
							"post": [4.13, 1.3725, 0.13],
							"lerp_mode": "catmullrom"
						},
						"6.2083": {
							"post": [4, 2.5, 0],
							"lerp_mode": "catmullrom"
						},
						"6.3542": {
							"post": [3.99, 1.3825, -0.03],
							"lerp_mode": "catmullrom"
						},
						"6.4583": {
							"post": [4.02, 0.9975, -0.02],
							"lerp_mode": "catmullrom"
						},
						"6.6458": {
							"post": [4.03, 1.9325, -0.02],
							"lerp_mode": "catmullrom"
						},
						"7.0625": {
							"post": [4.1, 2.09, -0.01],
							"lerp_mode": "catmullrom"
						},
						"7.375": {
							"post": [4.15, 0.89, -0.01],
							"lerp_mode": "catmullrom"
						},
						"7.5417": {
							"post": [4.2, 2.7, -0.01],
							"lerp_mode": "catmullrom"
						},
						"7.75": {
							"post": [4, 2.5, 0],
							"lerp_mode": "catmullrom"
						},
						"7.9583": {
							"post": [3.12, 1.85, 0.29],
							"lerp_mode": "catmullrom"
						},
						"8.1458": {
							"post": [0.8775, 0.1525, 1],
							"lerp_mode": "catmullrom"
						},
						"8.3125": {
							"post": [0.9125, -0.125, 0.75],
							"lerp_mode": "catmullrom"
						},
						"8.4583": {
							"post": [1.215, 1.0675, 0.1875],
							"lerp_mode": "catmullrom"
						},
						"8.6458": {
							"post": [0.42, 0.41, 0.04],
							"lerp_mode": "catmullrom"
						},
						"8.8542": {
							"post": [0, 0, 0],
							"lerp_mode": "catmullrom"
						}
					}
				},
				"leftHand": {
					"rotation": {
						"0.0": {
							"post": [74.09999, -12.80314, -111.33658],
							"lerp_mode": "catmullrom"
						},
						"0.7292": {
							"post": [19.91602, -15.54015, -63.78492],
							"lerp_mode": "catmullrom"
						},
						"2.5": {
							"post": [19.92, -15.54, -63.78],
							"lerp_mode": "catmullrom"
						},
						"3.25": {
							"post": [16.44259, -14.3532, -167.11479],
							"lerp_mode": "catmullrom"
						},
						"5.625": {
							"post": [16.44259, -14.3532, -167.11479],
							"lerp_mode": "catmullrom"
						},
						"6.2083": {
							"post": [69.13267, -20.59401, -121.98741],
							"lerp_mode": "catmullrom"
						},
						"7.6458": {
							"post": [69.13267, -20.59401, -121.98741],
							"lerp_mode": "catmullrom"
						},
						"8.125": {
							"post": [77.21264, -15.91259, -123.83737],
							"lerp_mode": "catmullrom"
						},
						"8.875": {
							"post": [74.09999, -12.80314, -111.33658],
							"lerp_mode": "catmullrom"
						}
					},
					"position": {
						"0.0": {
							"post": [7.15, -11.02, -8.82],
							"lerp_mode": "catmullrom"
						},
						"0.7292": {
							"post": [5.9, -12.27, -6.32],
							"lerp_mode": "catmullrom"
						},
						"2.5": {
							"post": [5.9, -12.27, -6.32],
							"lerp_mode": "catmullrom"
						},
						"2.7708": {
							"post": [6.75, -12.3, -6.32],
							"lerp_mode": "catmullrom"
						},
						"2.9375": {
							"post": [9.26, -12.21, -6.32],
							"lerp_mode": "catmullrom"
						},
						"3.1042": {
							"post": [8.57, -10.0825, -6.32],
							"lerp_mode": "catmullrom"
						},
						"3.25": {
							"post": [8.15, -9.52, -6.32],
							"lerp_mode": "catmullrom"
						},
						"5.625": {
							"post": [8.15, -9.52, -6.32],
							"lerp_mode": "catmullrom"
						},
						"6.2083": {
							"post": [7.15, -11.52, -8.07],
							"lerp_mode": "catmullrom"
						},
						"8.875": {
							"post": [7.15, -11.02, -8.82],
							"lerp_mode": "catmullrom"
						}
					},
					"scale": [1, 1.5, 1]
				},
				"rightHand": {
					"rotation": {
						"0.0": {
							"post": [81.7983, 13.61729, -190.52018],
							"lerp_mode": "catmullrom"
						},
						"2.8333": {
							"post": [81.7983, 13.61729, -190.52018],
							"lerp_mode": "catmullrom"
						},
						"3.3958": {
							"post": [54.14633, 3.41533, -196.94438],
							"lerp_mode": "catmullrom"
						},
						"5.7292": {
							"post": [54.14633, 3.41533, -196.94438],
							"lerp_mode": "catmullrom"
						},
						"6.375": {
							"post": [68.89422, 19.55409, -206.62662],
							"lerp_mode": "catmullrom"
						},
						"6.5625": {
							"post": [71.23511, 24.45982, -199.94641],
							"lerp_mode": "catmullrom"
						},
						"7.375": {
							"post": [71.23511, 24.45982, -199.94641],
							"lerp_mode": "catmullrom"
						},
						"7.5417": {
							"post": [68.89422, 19.55409, -206.62662],
							"lerp_mode": "catmullrom"
						},
						"8.1875": {
							"post": [96.82102, 14.82897, -180.27891],
							"lerp_mode": "catmullrom"
						},
						"8.875": {
							"post": [96.82102, 14.82897, -180.27891],
							"lerp_mode": "catmullrom"
						}
					},
					"position": {
						"0.0": {
							"post": [-7.475, -12.55, 3.225],
							"lerp_mode": "catmullrom"
						},
						"2.8333": {
							"post": [-7.475, -12.55, 3.225],
							"lerp_mode": "catmullrom"
						},
						"3.3958": {
							"post": [-6.72, -12.55, 8.48],
							"lerp_mode": "catmullrom"
						},
						"5.7292": {
							"post": [-6.72, -12.55, 8.48],
							"lerp_mode": "catmullrom"
						},
						"6.375": {
							"post": [-7.72, -12.55, 6.48],
							"lerp_mode": "catmullrom"
						},
						"6.5625": {
							"post": [-7.72, -13.55, 5.48],
							"lerp_mode": "catmullrom"
						},
						"7.375": {
							"post": [-7.72, -13.55, 5.48],
							"lerp_mode": "catmullrom"
						},
						"7.5417": {
							"post": [-7.72, -12.55, 6.48],
							"lerp_mode": "catmullrom"
						},
						"8.1875": {
							"post": [-6.725, -12.55, 2.475],
							"lerp_mode": "catmullrom"
						},
						"8.875": {
							"post": [-6.725, -12.55, 2.475],
							"lerp_mode": "catmullrom"
						}
					},
					"scale": [1, 1.5, 1]
				},
				"lever": {
					"rotation": {
						"0.0": [0, 0, 0],
						"6.375": [0, 0, 0],
						"6.5625": [-60, 0, 0],
						"7.375": [-60, 0, 0],
						"7.5417": [0, 0, 0]
					}
				},
				"constraint": {
					"rotation": [0.2, 0.2, 0.2],
					"position": [0.2, 0.2, 0.2]
				},
				"slide": {
					"position": {
						"6.375": [0, 0, 0],
						"6.5625": [0, -0.75, 0],
						"7.375": [0, -0.75, 0],
						"7.5417": [0, 0, 0]
					}
				},
				"camera": {
					"rotation": {
						"0.0": {
							"post": [0, 0, 0],
							"lerp_mode": "catmullrom"
						},
						"0.3542": {
							"post": [1.4375, 0, 0],
							"lerp_mode": "catmullrom"
						},
						"0.5": {
							"post": [0.245, 0, 0],
							"lerp_mode": "catmullrom"
						},
						"0.6667": {
							"post": [-0.5, 0, 1.125],
							"lerp_mode": "catmullrom"
						},
						"0.8333": {
							"post": [0, 0, -1],
							"lerp_mode": "catmullrom"
						},
						"1.25": {
							"post": [0, 6.5625, 0],
							"lerp_mode": "catmullrom"
						},
						"1.6042": {
							"post": [0, 3.94, 0],
							"lerp_mode": "catmullrom"
						},
						"1.8333": {
							"post": [0, -1.3125, 0],
							"lerp_mode": "catmullrom"
						},
						"2.5417": {
							"post": [0, 0, 0],
							"lerp_mode": "catmullrom"
						},
						"2.8333": {
							"post": [4.43, 0.03, 0.905],
							"lerp_mode": "catmullrom"
						},
						"2.9375": {
							"post": [5.25, 0, 2.875],
							"lerp_mode": "catmullrom"
						},
						"3.0833": {
							"post": [2.71, 0, -1.0125],
							"lerp_mode": "catmullrom"
						},
						"3.2083": {
							"post": [0.75, 0, 0.875],
							"lerp_mode": "catmullrom"
						},
						"3.4583": {
							"post": [2.625, 0, 0],
							"lerp_mode": "catmullrom"
						},
						"3.75": {
							"post": [6.1875, 6.625, 0],
							"lerp_mode": "catmullrom"
						},
						"5.2083": {
							"post": [3.79, -0.915, 0],
							"lerp_mode": "catmullrom"
						},
						"5.5": {
							"post": [3.5, 0, 0],
							"lerp_mode": "catmullrom"
						},
						"5.7083": {
							"post": [0, 0, 0],
							"lerp_mode": "catmullrom"
						},
						"6.0625": {
							"post": [0, 0, 0],
							"lerp_mode": "catmullrom"
						},
						"6.2083": {
							"post": [2.625, 0, -2.4375],
							"lerp_mode": "catmullrom"
						},
						"6.3542": {
							"post": [1.8125, 0.875, 1.625],
							"lerp_mode": "catmullrom"
						},
						"6.5417": {
							"post": [4.6875, 2.375, 0],
							"lerp_mode": "catmullrom"
						},
						"7.3333": {
							"post": [4.6875, 0.9375, 0],
							"lerp_mode": "catmullrom"
						},
						"7.6042": {
							"post": [-1.875, 0, 2.625],
							"lerp_mode": "catmullrom"
						},
						"7.7083": {
							"post": [1.25, 0, -2.375],
							"lerp_mode": "catmullrom"
						},
						"7.8125": {
							"post": [0, 0, 0.9375],
							"lerp_mode": "catmullrom"
						},
						"8.2083": {
							"post": [-1.875, 0, 0],
							"lerp_mode": "catmullrom"
						},
						"8.5": {
							"post": [-1.21, 0, -1.935],
							"lerp_mode": "catmullrom"
						},
						"8.6667": {
							"post": [-0.26, 0, -0.51],
							"lerp_mode": "catmullrom"
						},
						"8.875": {
							"post": [0, 0, 0],
							"lerp_mode": "catmullrom"
						}
					}
				}
			},
			"sound_effects": {
				"0.5417": {
					"effect": "hamster:lebel1886/lebel1886_handing_1"
				},
				"3.375": {
					"effect": "hamster:gew98/gew98_handing_2"
				},
				"6.375": {
					"effect": "hamster:sharps/sharps_cocking_1"
				},
				"7.375": {
					"effect": "hamster:sharps/sharps_cocking_2"
				}
			}
		},
		"inspect_empty": {
			"animation_length": 9,
			"bones": {
				"bolt": {
					"rotation": {
						"0.0": [0, 0, 0],
						"6.375": [0, 0, 0],
						"6.5625": [10, 0, 0],
						"7.375": [10, 0, 0],
						"7.5417": [0, 0, 0]
					}
				},
				"root": {
					"rotation": {
						"0.0": {
							"post": [0, 0, 0],
							"lerp_mode": "catmullrom"
						},
						"0.3542": {
							"post": [9.17804, -37.12506, 5.4785],
							"lerp_mode": "catmullrom"
						},
						"0.5": {
							"post": [-0.88, -53.8, 7.93],
							"lerp_mode": "catmullrom"
						},
						"0.625": {
							"post": [-14.7744, -63.9402, 10.13673],
							"lerp_mode": "catmullrom"
						},
						"0.6875": {
							"post": [-19.3, -65.23, 10.47],
							"lerp_mode": "catmullrom"
						},
						"0.75": {
							"post": [-20.56, -65.36, 11.18],
							"lerp_mode": "catmullrom"
						},
						"1.0625": {
							"post": [-18.81, -66.16, 16.34],
							"lerp_mode": "catmullrom"
						},
						"1.75": {
							"post": [-29.67067, -61.28098, 22.52019],
							"lerp_mode": "catmullrom"
						},
						"2.5": {
							"post": [-20.02, -63.94, 10.14],
							"lerp_mode": "catmullrom"
						},
						"2.8125": {
							"post": [-26.25, -21.82, 51.91],
							"lerp_mode": "catmullrom"
						},
						"2.9375": {
							"post": [-29.4, -10.67, 60.33],
							"lerp_mode": "catmullrom"
						},
						"3.0833": {
							"post": [-41.65157, 24.43295, 84.50562],
							"lerp_mode": "catmullrom"
						},
						"3.25": {
							"post": [-46.32847, 33.44528, 103.7059],
							"lerp_mode": "catmullrom"
						},
						"3.5208": {
							"post": [-51.58454, 27.20994, 108.99428],
							"lerp_mode": "catmullrom"
						},
						"3.5833": {
							"post": [-48.04, 30.09, 109],
							"lerp_mode": "catmullrom"
						},
						"3.6667": {
							"post": [-51.2, 35.51, 108.11],
							"lerp_mode": "catmullrom"
						},
						"3.7917": {
							"post": [-51.23061, 37.30527, 108.14484],
							"lerp_mode": "catmullrom"
						},
						"4.4583": {
							"post": [-44.87699, 42.25196, 125.7186],
							"lerp_mode": "catmullrom"
						},
						"5.0833": {
							"post": [-55.29, 22.42, 114.09],
							"lerp_mode": "catmullrom"
						},
						"5.625": {
							"post": [-58.04, 33.43, 108.14],
							"lerp_mode": "catmullrom"
						},
						"5.9583": {
							"post": [-54.11391, 3.47538, 58.25674],
							"lerp_mode": "catmullrom"
						},
						"6.1042": {
							"post": [-48.23991, -6.74259, 28.69408],
							"lerp_mode": "catmullrom"
						},
						"6.2083": {
							"post": [-29.40206, -15.94856, 20.50274],
							"lerp_mode": "catmullrom"
						},
						"6.3542": {
							"post": [-32.28102, -12.13097, 26.78848],
							"lerp_mode": "catmullrom"
						},
						"6.5625": {
							"post": [-45.62441, -16.42481, 21.00271],
							"lerp_mode": "catmullrom"
						},
						"6.6458": {
							"post": [-41.31, -13.74, 18.04],
							"lerp_mode": "catmullrom"
						},
						"6.6875": {
							"post": [-39.28, -17.36, 17.97],
							"lerp_mode": "catmullrom"
						},
						"6.8958": {
							"post": [-43.88, -17.38, 26.2],
							"lerp_mode": "catmullrom"
						},
						"7.25": {
							"post": [-52.7175, -17.22, 21.58],
							"lerp_mode": "catmullrom"
						},
						"7.375": {
							"post": [-41.30889, -17.21196, 22.21774],
							"lerp_mode": "catmullrom"
						},
						"7.5417": {
							"post": [-27.69135, -17.59687, 22.68735],
							"lerp_mode": "catmullrom"
						},
						"7.5833": {
							"post": [-30.7, -17.79, 22.42],
							"lerp_mode": "catmullrom"
						},
						"7.6458": {
							"post": [-37.85, -17.79, 26.535],
							"lerp_mode": "catmullrom"
						},
						"7.75": {
							"post": [-34.40206, -15.94856, 20.50274],
							"lerp_mode": "catmullrom"
						},
						"7.9583": {
							"post": [-41.84, -13.59, 17.24],
							"lerp_mode": "catmullrom"
						},
						"8.2708": {
							"post": [-32.17609, -12.74561, 13.4926],
							"lerp_mode": "catmullrom"
						},
						"8.625": {
							"post": [-4.01451, -1.2993, 1.64282],
							"lerp_mode": "catmullrom"
						},
						"8.8542": {
							"post": [0, 0, 0],
							"lerp_mode": "catmullrom"
						}
					},
					"position": {
						"0.0": {
							"post": [0, 0, 0],
							"lerp_mode": "catmullrom"
						},
						"0.3542": {
							"post": [2.32, -0.47, -0.07],
							"lerp_mode": "catmullrom"
						},
						"0.625": {
							"post": [4, 1, 0],
							"lerp_mode": "catmullrom"
						},
						"1.75": {
							"post": [4.5225, 1.73, 1],
							"lerp_mode": "catmullrom"
						},
						"2.5": {
							"post": [4, 1, 0],
							"lerp_mode": "catmullrom"
						},
						"2.8333": {
							"post": [3.065, 1.43, -0.11],
							"lerp_mode": "catmullrom"
						},
						"2.9792": {
							"post": [3.49, -0.075, -0.11],
							"lerp_mode": "catmullrom"
						},
						"3.0833": {
							"post": [3.93, -0.1275, -0.09],
							"lerp_mode": "catmullrom"
						},
						"3.2917": {
							"post": [4.625, -0.6875, 0],
							"lerp_mode": "catmullrom"
						},
						"3.5208": {
							"post": [4.21, 0.5825, 0.21],
							"lerp_mode": "catmullrom"
						},
						"5.1875": {
							"post": [5, 2.03, 1],
							"lerp_mode": "catmullrom"
						},
						"5.625": {
							"post": [5, 2.03, 1],
							"lerp_mode": "catmullrom"
						},
						"5.9583": {
							"post": [4.41, 1.9475, 0.41],
							"lerp_mode": "catmullrom"
						},
						"6.1042": {
							"post": [4.13, 1.3725, 0.13],
							"lerp_mode": "catmullrom"
						},
						"6.2083": {
							"post": [4, 2.5, 0],
							"lerp_mode": "catmullrom"
						},
						"6.3542": {
							"post": [3.99, 1.3825, -0.03],
							"lerp_mode": "catmullrom"
						},
						"6.4583": {
							"post": [4.02, 0.9975, -0.02],
							"lerp_mode": "catmullrom"
						},
						"6.6458": {
							"post": [4.03, 1.9325, -0.02],
							"lerp_mode": "catmullrom"
						},
						"7.0625": {
							"post": [4.1, 2.09, -0.01],
							"lerp_mode": "catmullrom"
						},
						"7.375": {
							"post": [4.15, 0.89, -0.01],
							"lerp_mode": "catmullrom"
						},
						"7.5417": {
							"post": [4.2, 2.7, -0.01],
							"lerp_mode": "catmullrom"
						},
						"7.75": {
							"post": [4, 2.5, 0],
							"lerp_mode": "catmullrom"
						},
						"7.9583": {
							"post": [3.12, 1.85, 0.29],
							"lerp_mode": "catmullrom"
						},
						"8.1458": {
							"post": [0.8775, 0.1525, 1],
							"lerp_mode": "catmullrom"
						},
						"8.3125": {
							"post": [0.9125, -0.125, 0.75],
							"lerp_mode": "catmullrom"
						},
						"8.4583": {
							"post": [1.215, 1.0675, 0.1875],
							"lerp_mode": "catmullrom"
						},
						"8.6458": {
							"post": [0.42, 0.41, 0.04],
							"lerp_mode": "catmullrom"
						},
						"8.8542": {
							"post": [0, 0, 0],
							"lerp_mode": "catmullrom"
						}
					}
				},
				"leftHand": {
					"rotation": {
						"0.0": {
							"post": [74.09999, -12.80314, -111.33658],
							"lerp_mode": "catmullrom"
						},
						"0.7292": {
							"post": [19.91602, -15.54015, -63.78492],
							"lerp_mode": "catmullrom"
						},
						"2.5": {
							"post": [19.92, -15.54, -63.78],
							"lerp_mode": "catmullrom"
						},
						"3.25": {
							"post": [16.44259, -14.3532, -167.11479],
							"lerp_mode": "catmullrom"
						},
						"5.625": {
							"post": [16.44259, -14.3532, -167.11479],
							"lerp_mode": "catmullrom"
						},
						"6.2083": {
							"post": [69.13267, -20.59401, -121.98741],
							"lerp_mode": "catmullrom"
						},
						"7.6458": {
							"post": [69.13267, -20.59401, -121.98741],
							"lerp_mode": "catmullrom"
						},
						"8.125": {
							"post": [77.21264, -15.91259, -123.83737],
							"lerp_mode": "catmullrom"
						},
						"8.875": {
							"post": [74.09999, -12.80314, -111.33658],
							"lerp_mode": "catmullrom"
						}
					},
					"position": {
						"0.0": {
							"post": [7.15, -11.02, -8.82],
							"lerp_mode": "catmullrom"
						},
						"0.7292": {
							"post": [5.9, -12.27, -6.32],
							"lerp_mode": "catmullrom"
						},
						"2.5": {
							"post": [5.9, -12.27, -6.32],
							"lerp_mode": "catmullrom"
						},
						"2.7708": {
							"post": [6.75, -12.3, -6.32],
							"lerp_mode": "catmullrom"
						},
						"2.9375": {
							"post": [9.26, -12.21, -6.32],
							"lerp_mode": "catmullrom"
						},
						"3.1042": {
							"post": [8.57, -10.0825, -6.32],
							"lerp_mode": "catmullrom"
						},
						"3.25": {
							"post": [8.15, -9.52, -6.32],
							"lerp_mode": "catmullrom"
						},
						"5.625": {
							"post": [8.15, -9.52, -6.32],
							"lerp_mode": "catmullrom"
						},
						"6.2083": {
							"post": [7.15, -11.52, -8.07],
							"lerp_mode": "catmullrom"
						},
						"8.875": {
							"post": [7.15, -11.02, -8.82],
							"lerp_mode": "catmullrom"
						}
					},
					"scale": [1, 1.5, 1]
				},
				"rightHand": {
					"rotation": {
						"0.0": {
							"post": [81.7983, 13.61729, -190.52018],
							"lerp_mode": "catmullrom"
						},
						"2.8333": {
							"post": [81.7983, 13.61729, -190.52018],
							"lerp_mode": "catmullrom"
						},
						"3.3958": {
							"post": [54.14633, 3.41533, -196.94438],
							"lerp_mode": "catmullrom"
						},
						"5.7292": {
							"post": [54.14633, 3.41533, -196.94438],
							"lerp_mode": "catmullrom"
						},
						"6.375": {
							"post": [68.89422, 19.55409, -206.62662],
							"lerp_mode": "catmullrom"
						},
						"6.5625": {
							"post": [71.23511, 24.45982, -199.94641],
							"lerp_mode": "catmullrom"
						},
						"7.375": {
							"post": [71.23511, 24.45982, -199.94641],
							"lerp_mode": "catmullrom"
						},
						"7.5417": {
							"post": [68.89422, 19.55409, -206.62662],
							"lerp_mode": "catmullrom"
						},
						"8.1875": {
							"post": [96.82102, 14.82897, -180.27891],
							"lerp_mode": "catmullrom"
						},
						"8.875": {
							"post": [96.82102, 14.82897, -180.27891],
							"lerp_mode": "catmullrom"
						}
					},
					"position": {
						"0.0": {
							"post": [-7.475, -12.55, 3.225],
							"lerp_mode": "catmullrom"
						},
						"2.8333": {
							"post": [-7.475, -12.55, 3.225],
							"lerp_mode": "catmullrom"
						},
						"3.3958": {
							"post": [-6.72, -12.55, 8.48],
							"lerp_mode": "catmullrom"
						},
						"5.7292": {
							"post": [-6.72, -12.55, 8.48],
							"lerp_mode": "catmullrom"
						},
						"6.375": {
							"post": [-7.72, -12.55, 6.48],
							"lerp_mode": "catmullrom"
						},
						"6.5625": {
							"post": [-7.72, -13.55, 5.48],
							"lerp_mode": "catmullrom"
						},
						"7.375": {
							"post": [-7.72, -13.55, 5.48],
							"lerp_mode": "catmullrom"
						},
						"7.5417": {
							"post": [-7.72, -12.55, 6.48],
							"lerp_mode": "catmullrom"
						},
						"8.1875": {
							"post": [-6.725, -12.55, 2.475],
							"lerp_mode": "catmullrom"
						},
						"8.875": {
							"post": [-6.725, -12.55, 2.475],
							"lerp_mode": "catmullrom"
						}
					},
					"scale": [1, 1.5, 1]
				},
				"lever": {
					"rotation": {
						"0.0": [0, 0, 0],
						"6.375": [0, 0, 0],
						"6.5625": [-60, 0, 0],
						"7.375": [-60, 0, 0],
						"7.5417": [0, 0, 0]
					}
				},
				"constraint": {
					"rotation": [0.2, 0.2, 0.2],
					"position": [0.2, 0.2, 0.2]
				},
				"slide": {
					"position": {
						"6.375": [0, 0, 0],
						"6.5625": [0, -0.75, 0],
						"7.375": [0, -0.75, 0],
						"7.5417": [0, 0, 0]
					}
				},
				"camera": {
					"rotation": {
						"0.0": {
							"post": [0, 0, 0],
							"lerp_mode": "catmullrom"
						},
						"0.3542": {
							"post": [1.4375, 0, 0],
							"lerp_mode": "catmullrom"
						},
						"0.5": {
							"post": [0.245, 0, 0],
							"lerp_mode": "catmullrom"
						},
						"0.6667": {
							"post": [-0.5, 0, 1.125],
							"lerp_mode": "catmullrom"
						},
						"0.8333": {
							"post": [0, 0, -1],
							"lerp_mode": "catmullrom"
						},
						"1.25": {
							"post": [0, 6.5625, 0],
							"lerp_mode": "catmullrom"
						},
						"1.6042": {
							"post": [0, 3.94, 0],
							"lerp_mode": "catmullrom"
						},
						"1.8333": {
							"post": [0, -1.3125, 0],
							"lerp_mode": "catmullrom"
						},
						"2.5417": {
							"post": [0, 0, 0],
							"lerp_mode": "catmullrom"
						},
						"2.8333": {
							"post": [4.43, 0.03, 0.905],
							"lerp_mode": "catmullrom"
						},
						"2.9375": {
							"post": [5.25, 0, 2.875],
							"lerp_mode": "catmullrom"
						},
						"3.0833": {
							"post": [2.71, 0, -1.0125],
							"lerp_mode": "catmullrom"
						},
						"3.2083": {
							"post": [0.75, 0, 0.875],
							"lerp_mode": "catmullrom"
						},
						"3.4583": {
							"post": [2.625, 0, 0],
							"lerp_mode": "catmullrom"
						},
						"3.75": {
							"post": [6.1875, 6.625, 0],
							"lerp_mode": "catmullrom"
						},
						"5.2083": {
							"post": [3.79, -0.915, 0],
							"lerp_mode": "catmullrom"
						},
						"5.5": {
							"post": [3.5, 0, 0],
							"lerp_mode": "catmullrom"
						},
						"5.7083": {
							"post": [0, 0, 0],
							"lerp_mode": "catmullrom"
						},
						"6.0625": {
							"post": [0, 0, 0],
							"lerp_mode": "catmullrom"
						},
						"6.2083": {
							"post": [2.625, 0, -2.4375],
							"lerp_mode": "catmullrom"
						},
						"6.3542": {
							"post": [1.8125, 0.875, 1.625],
							"lerp_mode": "catmullrom"
						},
						"6.5417": {
							"post": [4.6875, 2.375, 0],
							"lerp_mode": "catmullrom"
						},
						"7.3333": {
							"post": [4.6875, 0.9375, 0],
							"lerp_mode": "catmullrom"
						},
						"7.6042": {
							"post": [-1.875, 0, 2.625],
							"lerp_mode": "catmullrom"
						},
						"7.7083": {
							"post": [1.25, 0, -2.375],
							"lerp_mode": "catmullrom"
						},
						"7.8125": {
							"post": [0, 0, 0.9375],
							"lerp_mode": "catmullrom"
						},
						"8.2083": {
							"post": [-1.875, 0, 0],
							"lerp_mode": "catmullrom"
						},
						"8.5": {
							"post": [-1.21, 0, -1.935],
							"lerp_mode": "catmullrom"
						},
						"8.6667": {
							"post": [-0.26, 0, -0.51],
							"lerp_mode": "catmullrom"
						},
						"8.875": {
							"post": [0, 0, 0],
							"lerp_mode": "catmullrom"
						}
					}
				}
			},
			"sound_effects": {
				"0.5417": {
					"effect": "hamster:lebel1886/lebel1886_handing_1"
				},
				"3.375": {
					"effect": "hamster:gew98/gew98_handing_2"
				},
				"6.375": {
					"effect": "hamster:sharps/sharps_cocking_1"
				},
				"7.375": {
					"effect": "hamster:sharps/sharps_cocking_2"
				}
			}
		},
		"shoot": {
			"animation_length": 1.5,
			"bones": {
				"root": {
					"rotation": {
						"0.0": {
							"post": [0, 0, 0],
							"lerp_mode": "catmullrom"
						},
						"0.0208": {
							"post": [1, 0, 0],
							"lerp_mode": "catmullrom"
						},
						"0.0625": {
							"post": [-22.25, -4.5625, -5.6875],
							"lerp_mode": "catmullrom"
						},
						"0.125": {
							"post": [-19.24, 1.3, -1.085],
							"lerp_mode": "catmullrom"
						},
						"0.1875": {
							"post": [-16.185, 0.6875, 0.5],
							"lerp_mode": "catmullrom"
						},
						"0.25": {
							"post": [-14.5075, 0.875, 4.625],
							"lerp_mode": "catmullrom"
						},
						"0.3542": {
							"post": [-9.13, -0.07, 6.49],
							"lerp_mode": "catmullrom"
						},
						"0.5208": {
							"post": [2.25, 0, 0],
							"lerp_mode": "catmullrom"
						},
						"0.7292": {
							"post": [0, 0, 0],
							"lerp_mode": "catmullrom"
						},
						"0.9375": {
							"post": [-0.98085, -0.00084, 2.5],
							"lerp_mode": "catmullrom"
						},
						"1.0": {
							"post": [-2.1, 0, 2.74],
							"lerp_mode": "catmullrom"
						},
						"1.0625": {
							"post": [-4.67, 0, 2.8],
							"lerp_mode": "catmullrom"
						},
						"1.1042": {
							"post": [-5.7565, 1.49907, 2.77778],
							"lerp_mode": "catmullrom"
						},
						"1.1875": {
							"post": [-2.48085, -0.75084, 2.5],
							"lerp_mode": "catmullrom"
						},
						"1.5": {
							"post": [0, 0, 0],
							"lerp_mode": "catmullrom"
						}
					},
					"position": {
						"0.0": {
							"post": [0, 0, 0],
							"lerp_mode": "catmullrom"
						},
						"0.0417": {
							"post": [0, 0.0625, 1.5625],
							"lerp_mode": "catmullrom"
						},
						"0.2292": {
							"post": [0, -0.25, 1.4925],
							"lerp_mode": "catmullrom"
						},
						"0.3958": {
							"post": [0, -0.125, 1.0325],
							"lerp_mode": "catmullrom"
						},
						"0.625": {
							"post": [0, 0.0625, -0.2],
							"lerp_mode": "catmullrom"
						},
						"0.75": {
							"post": [0, 0, -0.3125],
							"lerp_mode": "catmullrom"
						},
						"0.9375": {
							"post": [-0.25, -0.25, 0],
							"lerp_mode": "catmullrom"
						},
						"1.0": {
							"post": [-0.26, -0.29, 0.11],
							"lerp_mode": "catmullrom"
						},
						"1.1042": {
							"post": [-0.21, -0.5225, 0.5],
							"lerp_mode": "catmullrom"
						},
						"1.1875": {
							"post": [-0.16, -0.16, 0],
							"lerp_mode": "catmullrom"
						},
						"1.5": {
							"post": [0, 0, 0],
							"lerp_mode": "catmullrom"
						}
					}
				},
				"hammer": {
					"rotation": {
						"0.0": [0, 0, 0],
						"0.0208": [40, 0, 0],
						"0.9792": [40, 0, 0],
						"1.0625": [0, 0, 0]
					}
				},
				"constraint": {
					"rotation": {
						"0.0": [1, 1, 1],
						"0.9375": [1, 1, 1],
						"1.5": {
							"pre": [0.2, 0.2, 0.2],
							"post": [0.2, 0.2, 0.2],
							"lerp_mode": "catmullrom"
						}
					},
					"position": {
						"0.0": [1, 1, 1],
						"0.9375": [1, 1, 1],
						"1.5": {
							"pre": [0.2, 0.2, 0.2],
							"post": [0.2, 0.2, 0.2],
							"lerp_mode": "catmullrom"
						}
					}
				},
				"hand_hammer": {
					"rotation": {
						"0.0": {
							"post": [0, 0, 0],
							"lerp_mode": "catmullrom"
						},
						"0.5625": {
							"post": [0, 0, 0],
							"lerp_mode": "catmullrom"
						},
						"0.7708": {
							"post": [-19.0934, -7.62237, -11.84652],
							"lerp_mode": "catmullrom"
						},
						"0.9167": {
							"post": [-35, 0, 12.5],
							"lerp_mode": "catmullrom"
						},
						"1.0625": {
							"post": [-46.86023, 11.06287, 21.03363],
							"lerp_mode": "catmullrom"
						},
						"1.125": {
							"post": [-46.86023, 11.06287, 21.03363],
							"lerp_mode": "catmullrom"
						},
						"1.2917": {
							"post": [-28.43589, -7.25092, -13.32765],
							"lerp_mode": "catmullrom"
						},
						"1.5": {
							"post": [0, 0, 0],
							"lerp_mode": "catmullrom"
						}
					},
					"position": {
						"0.0": {
							"post": [0, 0, 0],
							"lerp_mode": "catmullrom"
						},
						"0.5625": {
							"post": [0, 0, 0],
							"lerp_mode": "catmullrom"
						},
						"0.7708": {
							"post": [-1.91, 2.29, 0.91],
							"lerp_mode": "catmullrom"
						},
						"0.9167": {
							"post": [-1.5, 3.75, 0],
							"lerp_mode": "catmullrom"
						},
						"1.0625": {
							"post": [-1.55, 3.75, 1.25],
							"lerp_mode": "catmullrom"
						},
						"1.125": {
							"post": [-1.55, 3.75, 1.25],
							"lerp_mode": "catmullrom"
						},
						"1.2917": {
							"post": [-1.92, 1.21, 0.82],
							"lerp_mode": "catmullrom"
						},
						"1.5": {
							"post": [0, 0, 0],
							"lerp_mode": "catmullrom"
						}
					}
				},
				"camera": {
					"rotation": {
						"0.0": {
							"post": [-1, 0, -3.5],
							"lerp_mode": "catmullrom"
						},
						"0.0208": {
							"post": [1.5, 0, 3.875],
							"lerp_mode": "catmullrom"
						},
						"0.0625": {
							"post": [-2.9375, 0, -2],
							"lerp_mode": "catmullrom"
						},
						"0.1667": {
							"post": [-0.25, 0, 2],
							"lerp_mode": "catmullrom"
						},
						"0.3333": {
							"post": [-0.75, 0, -1],
							"lerp_mode": "catmullrom"
						},
						"0.5417": {
							"post": [0.1575, 0, 0.36],
							"lerp_mode": "catmullrom"
						},
						"0.75": {
							"post": [0, 0, -0.02],
							"lerp_mode": "catmullrom"
						},
						"0.8958": {
							"post": [0, 0, 1],
							"lerp_mode": "catmullrom"
						},
						"1.0833": {
							"post": [0, 0, -1],
							"lerp_mode": "catmullrom"
						},
						"1.1875": {
							"post": [0, 0, 1],
							"lerp_mode": "catmullrom"
						},
						"1.3542": {
							"post": [0, 0, 0],
							"lerp_mode": "catmullrom"
						},
						"1.5": {
							"post": [0, 0, 0],
							"lerp_mode": "catmullrom"
						}
					}
				}
			},
			"sound_effects": {
				"0.9167": {
					"effect": "hamster:sharps/sharps_hammer"
				}
			}
		},
		"reload_empty": {
			"animation_length": 3.9583,
			"bones": {
				"leftHand": {
					"rotation": {
						"0.0": {
							"post": [74.09999, -12.80314, -111.33658],
							"lerp_mode": "catmullrom"
						},
						"0.3125": {
							"post": [64.1, -12.8, -111.34],
							"lerp_mode": "catmullrom"
						},
						"0.4583": {
							"post": [64.1, -12.8, -111.34],
							"lerp_mode": "catmullrom"
						},
						"2.8542": {
							"post": [64.1, -12.8, -111.34],
							"lerp_mode": "catmullrom"
						},
						"3.1458": {
							"post": [75.05549, -18.94003, -131.14648],
							"lerp_mode": "catmullrom"
						},
						"3.3958": {
							"post": [74.09999, -12.80314, -111.33658],
							"lerp_mode": "catmullrom"
						}
					},
					"position": {
						"0.0": {
							"post": [7.15, -11.02, -8.82],
							"lerp_mode": "catmullrom"
						},
						"0.25": {
							"post": [7.15, -11.25, -3.38],
							"lerp_mode": "catmullrom"
						},
						"0.4583": {
							"post": [7.15, -11.27, -2.82],
							"lerp_mode": "catmullrom"
						},
						"2.8542": {
							"post": [7.15, -11.27, -2.82],
							"lerp_mode": "catmullrom"
						},
						"3.1458": {
							"post": [8.15, -11.16, -5.4],
							"lerp_mode": "catmullrom"
						},
						"3.25": {
							"post": [7.15, -11.02, -8.82],
							"lerp_mode": "catmullrom"
						},
						"3.3958": {
							"post": [7.15, -11.02, -8.82],
							"lerp_mode": "catmullrom"
						}
					},
					"scale": [1, 1.5, 1]
				},
				"rightHand": {
					"rotation": {
						"0.0": {
							"post": [81.7983, 13.61729, -190.52018],
							"lerp_mode": "catmullrom"
						},
						"0.2083": {
							"post": [75.88, 13.43, -190.5],
							"lerp_mode": "catmullrom"
						},
						"0.625": {
							"post": [64.3, 13.62, -190.52],
							"lerp_mode": "catmullrom"
						},
						"0.75": {
							"post": [84.15468, 18.59468, -191.04329],
							"lerp_mode": "catmullrom"
						},
						"0.9792": {
							"post": [84.15468, 18.59468, -191.04329],
							"lerp_mode": "catmullrom"
						},
						"1.3125": {
							"post": [97.47991, 26.75053, -198.52955],
							"lerp_mode": "catmullrom"
						},
						"1.5208": {
							"post": [116.40572, 25.97334, -175.72911],
							"lerp_mode": "catmullrom"
						},
						"1.6667": {
							"post": [121.81474, 18.63586, -161.56839],
							"lerp_mode": "catmullrom"
						},
						"1.7917": {
							"post": [124.66669, 11.7627, -150.7401],
							"lerp_mode": "catmullrom"
						},
						"2.0208": {
							"post": [93.76395, 3.02257, -138.43239],
							"lerp_mode": "catmullrom"
						},
						"2.25": {
							"post": [116.40572, 25.97334, -175.72911],
							"lerp_mode": "catmullrom"
						},
						"2.3542": {
							"post": [84.15468, 18.59468, -191.04329],
							"lerp_mode": "catmullrom"
						},
						"2.4792": {
							"post": [64.3, 13.62, -190.52],
							"lerp_mode": "catmullrom"
						},
						"2.5625": {
							"post": [59.8758, 3.5523, -208.17776],
							"lerp_mode": "catmullrom"
						},
						"2.8125": {
							"post": [64.3, 13.62, -190.52],
							"lerp_mode": "catmullrom"
						},
						"3.0417": {
							"post": [81.7983, 13.61729, -190.52018],
							"lerp_mode": "catmullrom"
						}
					},
					"position": {
						"0.0": {
							"post": [-7.475, -12.55, 3.225],
							"lerp_mode": "catmullrom"
						},
						"0.2083": {
							"post": [-7.47, -12.85, 3.55],
							"lerp_mode": "catmullrom"
						},
						"0.4167": {
							"post": [-8.47, -14.22, 3.95],
							"lerp_mode": "catmullrom"
						},
						"0.625": {
							"post": [-7.47, -13.55, 3.72],
							"lerp_mode": "catmullrom"
						},
						"0.75": {
							"post": [-7.47, -13.55, -1.03],
							"lerp_mode": "catmullrom"
						},
						"0.9792": {
							"post": [-7.47, -13.55, -1.03],
							"lerp_mode": "catmullrom"
						},
						"1.1667": {
							"post": [-9.03, -12.31, 1.79],
							"lerp_mode": "catmullrom"
						},
						"1.5208": {
							"post": [-9.22, -9.55, 7.72],
							"lerp_mode": "catmullrom"
						},
						"1.6667": {
							"post": [-8.72, -9.3, 5.22],
							"lerp_mode": "catmullrom"
						},
						"1.7917": {
							"post": [-8.47, -8.8, 4.47],
							"lerp_mode": "catmullrom"
						},
						"2.0208": {
							"post": [-7.47, -8.55, 1.97],
							"lerp_mode": "catmullrom"
						},
						"2.4583": {
							"post": [-9.22, -9.55, 7.72],
							"lerp_mode": "catmullrom"
						},
						"2.5625": {
							"post": [-9.56, -11.39, 3.96],
							"lerp_mode": "catmullrom"
						},
						"2.6875": {
							"post": [-7.47, -13.55, -1.03],
							"lerp_mode": "catmullrom"
						},
						"2.8125": {
							"post": [-7.47, -13.55, 3.72],
							"lerp_mode": "catmullrom"
						},
						"3.0208": {
							"post": [-7.47, -13.55, 3.72],
							"lerp_mode": "catmullrom"
						},
						"3.25": {
							"post": [-7.475, -12.55, 3.225],
							"lerp_mode": "catmullrom"
						}
					},
					"scale": [1, 1.5, 1]
				},
				"root": {
					"rotation": {
						"0.0": {
							"post": [0, 0, 0],
							"lerp_mode": "catmullrom"
						},
						"0.2083": {
							"post": [1.38, -8.56, 3.84],
							"lerp_mode": "catmullrom"
						},
						"0.2917": {
							"post": [-6.595, -18.645, 9.28],
							"lerp_mode": "catmullrom"
						},
						"0.4583": {
							"post": [-0.25, -32.495, 21.85],
							"lerp_mode": "catmullrom"
						},
						"0.5208": {
							"post": [4.2275, -35.955, 26.8325],
							"lerp_mode": "catmullrom"
						},
						"0.5833": {
							"post": [8.1375, -35.095, 24.175],
							"lerp_mode": "catmullrom"
						},
						"0.6875": {
							"post": [4.455, -33.68, 26.9],
							"lerp_mode": "catmullrom"
						},
						"0.8125": {
							"post": [-18.14, -26.49, 25.32],
							"lerp_mode": "catmullrom"
						},
						"0.8542": {
							"post": [-22.96945, -23.5629, 23.94198],
							"lerp_mode": "catmullrom"
						},
						"0.9167": {
							"post": [-21.36, -23.13, 24.8286],
							"lerp_mode": "catmullrom"
						},
						"0.9583": {
							"post": [-19.86, -22.98, 22.99853],
							"lerp_mode": "catmullrom"
						},
						"1.1042": {
							"post": [-13.2325, -22.14, 22.07],
							"lerp_mode": "catmullrom"
						},
						"1.5": {
							"post": [-11.97, -19.45, 18.69],
							"lerp_mode": "catmullrom"
						},
						"1.6458": {
							"post": [-9.2725, -17.79, 16.67],
							"lerp_mode": "catmullrom"
						},
						"1.7708": {
							"post": [-17.69, -16.75, 15.4],
							"lerp_mode": "catmullrom"
						},
						"1.9792": {
							"post": [-20.00109, -14.42032, 12.56336],
							"lerp_mode": "catmullrom"
						},
						"2.1042": {
							"post": [-13.92, -14.35, 13.97],
							"lerp_mode": "catmullrom"
						},
						"2.1458": {
							"post": [-7.43859, -14.42032, 12.56336],
							"lerp_mode": "catmullrom"
						},
						"2.2708": {
							"post": [-0.92928, -16.48517, 19.21008],
							"lerp_mode": "catmullrom"
						},
						"2.4167": {
							"post": [-3.51, -14.46, 6.25],
							"lerp_mode": "catmullrom"
						},
						"2.5417": {
							"post": [-9.4425, -12.38, -5.13],
							"lerp_mode": "catmullrom"
						},
						"2.5833": {
							"post": [-14.285, -7.39562, -3.3475],
							"lerp_mode": "catmullrom"
						},
						"2.625": {
							"post": [-11.61064, -7.47869, -0.86714],
							"lerp_mode": "catmullrom"
						},
						"2.8333": {
							"post": [15.77918, -19.62851, 9.27308],
							"lerp_mode": "catmullrom"
						},
						"2.875": {
							"post": [13.99, -24.19225, 11.7575],
							"lerp_mode": "catmullrom"
						},
						"2.9167": {
							"post": [7.6375, -26.71145, 17.185],
							"lerp_mode": "catmullrom"
						},
						"2.9583": {
							"post": [6.69, -25.90305, 23.135],
							"lerp_mode": "catmullrom"
						},
						"3.0208": {
							"post": [7.25, -22.4744, 21.85],
							"lerp_mode": "catmullrom"
						},
						"3.1458": {
							"post": [14.4825, -9.86665, 12.92],
							"lerp_mode": "catmullrom"
						},
						"3.2083": {
							"post": [12.495, -5.79762, 9.95],
							"lerp_mode": "catmullrom"
						},
						"3.2917": {
							"post": [-1.0675, -2.725, 3.68],
							"lerp_mode": "catmullrom"
						},
						"3.3542": {
							"post": [-3.285, -1.4, 1.74],
							"lerp_mode": "catmullrom"
						},
						"3.4375": {
							"post": [1.125, 0, 2.25],
							"lerp_mode": "catmullrom"
						},
						"3.6042": {
							"post": [-0.1525, 0.16, -0.5225],
							"lerp_mode": "catmullrom"
						},
						"3.7708": {
							"post": [0, 0, 0],
							"lerp_mode": "catmullrom"
						},
						"3.9583": {
							"post": [0, 0, 0],
							"lerp_mode": "catmullrom"
						}
					},
					"position": {
						"0.0": {
							"post": [0, 0, 0],
							"lerp_mode": "catmullrom"
						},
						"0.1875": {
							"post": [-0.01, -0.41, -0.16],
							"lerp_mode": "catmullrom"
						},
						"0.4583": {
							"post": [0.09, -2.87, -1],
							"lerp_mode": "catmullrom"
						},
						"0.5417": {
							"post": [0.45, -2.664, -0.74],
							"lerp_mode": "catmullrom"
						},
						"0.5833": {
							"post": [0.67, -2.602, -0.52],
							"lerp_mode": "catmullrom"
						},
						"0.625": {
							"post": [0.9, -2.743, -0.26],
							"lerp_mode": "catmullrom"
						},
						"0.7083": {
							"post": [1.39, -2.12, 0.25],
							"lerp_mode": "catmullrom"
						},
						"0.7708": {
							"post": [1.73, -1.925, 0.61],
							"lerp_mode": "catmullrom"
						},
						"0.8542": {
							"post": [2.09, -0.87, 1],
							"lerp_mode": "catmullrom"
						},
						"0.9375": {
							"post": [2.11, -0.6225, 1.07],
							"lerp_mode": "catmullrom"
						},
						"1.1042": {
							"post": [2.09, -0.87, 1],
							"lerp_mode": "catmullrom"
						},
						"1.2917": {
							"post": [2.12, -0.81, 0.72],
							"lerp_mode": "catmullrom"
						},
						"1.4792": {
							"post": [2.15, -1.4675, 0.48],
							"lerp_mode": "catmullrom"
						},
						"1.6458": {
							"post": [2.18, -1.675, 0.76],
							"lerp_mode": "catmullrom"
						},
						"1.8542": {
							"post": [2.22, -1.5, -0.11],
							"lerp_mode": "catmullrom"
						},
						"1.8958": {
							"post": [2.24, -1.49, -0.4475],
							"lerp_mode": "catmullrom"
						},
						"1.9583": {
							"post": [2.25, -1.48, -0.37],
							"lerp_mode": "catmullrom"
						},
						"2.0417": {
							"post": [2.27, -1.085, -0.8975],
							"lerp_mode": "catmullrom"
						},
						"2.1042": {
							"post": [2.28, -0.315, -0.995],
							"lerp_mode": "catmullrom"
						},
						"2.1875": {
							"post": [2.29, -0.2325, -0.1],
							"lerp_mode": "catmullrom"
						},
						"2.3958": {
							"post": [2.32, -0.41, 0.2],
							"lerp_mode": "catmullrom"
						},
						"2.625": {
							"post": [2.09, -1.9325, 0.25],
							"lerp_mode": "catmullrom"
						},
						"2.8542": {
							"post": [1.5775, -1.66, -0.47],
							"lerp_mode": "catmullrom"
						},
						"3.0208": {
							"post": [0.9025, -1.87, -1],
							"lerp_mode": "catmullrom"
						},
						"3.1875": {
							"post": [-0.08, -1.64, -1.42],
							"lerp_mode": "catmullrom"
						},
						"3.2917": {
							"post": [-0.28, -0.73, -1.27],
							"lerp_mode": "catmullrom"
						},
						"3.3958": {
							"post": [-0.125, 0, -0.8125],
							"lerp_mode": "catmullrom"
						},
						"3.5625": {
							"post": [0.125, 0.04, 0.3225],
							"lerp_mode": "catmullrom"
						},
						"3.7708": {
							"post": [0, 0, -0.1875],
							"lerp_mode": "catmullrom"
						},
						"3.9583": {
							"post": [0, 0, 0],
							"lerp_mode": "catmullrom"
						}
					}
				},
				"bullet": {
					"rotation": {
						"0.0": [0, 0, 0],
						"0.8333": [0, 0, 0],
						"0.9375": [-20, 0, 0],
						"1.0417": [-47.1665, 13.47157, -18.19144],
						"1.125": [-316.95553, 71.55581, 20.31397],
						"1.5208": [0, -17.5, 0],
						"1.6875": [0, 0, 0],
						"1.8125": [0, 0, 0]
					},
					"position": {
						"0.0": [0, 0, 0],
						"0.75": [0, 0, 0],
						"0.8333": [0, 0, 4],
						"0.9375": [0, -0.5, 5.5],
						"1.0417": [2, -2.5, 7.5],
						"1.125": [2, -11.5, 7.5],
						"1.5208": [-1, 0, 9],
						"1.6667": [-0.13, 0, 5.88],
						"1.7917": [0, 0, 4],
						"2.0208": [0, 0, 0]
					},
					"scale": {
						"1.1042": [1, 1, 1],
						"1.1458": [0, 0, 0],
						"1.5": [0, 0, 0],
						"1.5208": [1, 1, 1]
					}
				},
				"head": {
					"scale": {
						"0.0": [0, 0, 0],
						"1.5417": [0, 0, 0],
						"1.5625": [1, 1, 1]
					}
				},
				"lever": {
					"rotation": {
						"0.625": [0, 0, 0],
						"0.75": [-80, 0, 0],
						"2.6667": [-80, 0, 0],
						"2.7917": [0, 0, 0]
					}
				},
				"slide": {
					"position": {
						"0.625": [0, 0, 0],
						"0.75": [0, -1, 0],
						"2.6667": [0, -1, 0],
						"2.7917": [0, 0, 0]
					}
				},
				"constraint": {
					"rotation": [0.2, 0.2, 0.2],
					"position": [0.2, 0.2, 0.2]
				},
				"camera": {
					"rotation": {
						"0.0": {
							"post": [0, 0, 0],
							"lerp_mode": "catmullrom"
						},
						"0.2083": {
							"post": [0, 0, -0.06312],
							"lerp_mode": "catmullrom"
						},
						"0.4375": {
							"post": [0, 0, 0.27792],
							"lerp_mode": "catmullrom"
						},
						"0.5417": {
							"post": [0, 0, -0.06312],
							"lerp_mode": "catmullrom"
						},
						"0.625": {
							"post": [0, 0, -0.06312],
							"lerp_mode": "catmullrom"
						},
						"0.7708": {
							"post": [0, 0, 0.96],
							"lerp_mode": "catmullrom"
						},
						"0.8333": {
							"post": [0, 0, -0.7452],
							"lerp_mode": "catmullrom"
						},
						"0.9167": {
							"post": [0, 0, 0.27792],
							"lerp_mode": "catmullrom"
						},
						"1.0208": {
							"post": [0, 0, -0.06312],
							"lerp_mode": "catmullrom"
						},
						"1.3125": {
							"post": [0.75, 0, -0.06312],
							"lerp_mode": "catmullrom"
						},
						"1.5208": {
							"post": [2, 1.4375, -0.7452],
							"lerp_mode": "catmullrom"
						},
						"1.625": {
							"post": [2, 1.875, 0.27792],
							"lerp_mode": "catmullrom"
						},
						"1.7292": {
							"post": [1, 0.8125, -0.06312],
							"lerp_mode": "catmullrom"
						},
						"1.9375": {
							"post": [1, 0, -0.06312],
							"lerp_mode": "catmullrom"
						},
						"2.0625": {
							"post": [-1, 0, 0.61896],
							"lerp_mode": "catmullrom"
						},
						"2.1042": {
							"post": [-1, 0, -0.40416],
							"lerp_mode": "catmullrom"
						},
						"2.1875": {
							"post": [0, 0, 0.27792],
							"lerp_mode": "catmullrom"
						},
						"2.3125": {
							"post": [0, 0, -0.06312],
							"lerp_mode": "catmullrom"
						},
						"2.3958": {
							"post": [0, 0, -0.06312],
							"lerp_mode": "catmullrom"
						},
						"2.5625": {
							"post": [0, 0, -0.7452],
							"lerp_mode": "catmullrom"
						},
						"2.6667": {
							"post": [0, 0, -0.06312],
							"lerp_mode": "catmullrom"
						},
						"2.7292": {
							"post": [0, 0, -0.06312],
							"lerp_mode": "catmullrom"
						},
						"2.8333": {
							"post": [0, 0, 0.96],
							"lerp_mode": "catmullrom"
						},
						"2.875": {
							"post": [0, 0, -0.44679],
							"lerp_mode": "catmullrom"
						},
						"2.9167": {
							"post": [0, 0, -0.06312],
							"lerp_mode": "catmullrom"
						},
						"3.0625": {
							"post": [0, 0, -0.06312],
							"lerp_mode": "catmullrom"
						},
						"3.1667": {
							"post": [0, 0, -0.61731],
							"lerp_mode": "catmullrom"
						},
						"3.25": {
							"post": [0, 0, 0.61896],
							"lerp_mode": "catmullrom"
						},
						"3.3333": {
							"post": [0, 0, -0.06312],
							"lerp_mode": "catmullrom"
						},
						"3.5208": {
							"post": [0, 0, -0.08],
							"lerp_mode": "catmullrom"
						},
						"3.6458": {
							"post": [0, 0, 0.5625],
							"lerp_mode": "catmullrom"
						},
						"3.7292": {
							"post": [0, 0, -0.25],
							"lerp_mode": "catmullrom"
						},
						"3.8125": {
							"post": [0, 0, 0.0625],
							"lerp_mode": "catmullrom"
						},
						"3.9583": {
							"post": [0, 0, 0],
							"lerp_mode": "catmullrom"
						}
					}
				}
			},
			"sound_effects": {
				"0.1458": {
					"effect": "hamster:sharps/sharps_handing_1"
				},
				"0.5625": {
					"effect": "hamster:sharps/sharps_cocking_1"
				},
				"0.8125": {
					"effect": "hamster:sharps/sharps_reload_1"
				},
				"1.5417": {
					"effect": "hamster:sharps/sharps_reload_2"
				},
				"3.0417": {
					"effect": "hamster:sharps/sharps_handing_2"
				}
			}
		},
		"draw": {
			"loop": "hold_on_last_frame",
			"animation_length": 0.7083,
			"bones": {
				"bone3": {
					"position": [0, 0, 0]
				},
				"root": {
					"rotation": {
						"0.0": {
							"post": [0, -35, 57.5],
							"lerp_mode": "catmullrom"
						},
						"0.1667": {
							"post": [2.7348, -8.92512, 37.89727],
							"lerp_mode": "catmullrom"
						},
						"0.3333": {
							"post": [0.64547, -1.47247, 6.10117],
							"lerp_mode": "catmullrom"
						},
						"0.4375": {
							"post": [1.37749, -0.08367, -1.55166],
							"lerp_mode": "catmullrom"
						},
						"0.5": {
							"post": [-0.45456, -0.10457, 0.82333],
							"lerp_mode": "catmullrom"
						},
						"0.6042": [-0.065, -0.44, -0.27],
						"0.7083": [0, 0, 0]
					},
					"position": {
						"0.0": {
							"post": [0, -8, 2],
							"lerp_mode": "catmullrom"
						},
						"0.1667": {
							"post": [-0.14, -2.41, -0.195],
							"lerp_mode": "catmullrom"
						},
						"0.2292": {
							"post": [-0.22, -0.29, -1.425],
							"lerp_mode": "catmullrom"
						},
						"0.3333": {
							"post": [-0.125, -0.385, -1.975],
							"lerp_mode": "catmullrom"
						},
						"0.4375": {
							"post": [0, -0.305, 0.05],
							"lerp_mode": "catmullrom"
						},
						"0.5417": {
							"post": [0.05, 0, -0.15],
							"lerp_mode": "catmullrom"
						},
						"0.625": {
							"post": [-0.025, 0, 0.05],
							"lerp_mode": "catmullrom"
						},
						"0.7292": {
							"post": [0, 0, 0],
							"lerp_mode": "catmullrom"
						}
					}
				},
				"leftHand": {
					"rotation": [74.09999, -12.80314, -111.33658],
					"position": [7.15, -11.02, -8.82],
					"scale": [1, 1.5, 1]
				},
				"rightHand": {
					"rotation": [81.7983, 13.61729, -190.52018],
					"position": [-7.475, -12.55, 3.225],
					"scale": [1, 1.5, 1]
				},
				"constraint": {
					"rotation": [0.2, 0.2, 0.2],
					"position": [0.2, 0.2, 0.2]
				},
				"camera": {
					"rotation": {
						"0.0": {
							"post": [0, 0, 0],
							"lerp_mode": "catmullrom"
						},
						"0.0625": {
							"post": [-0.11, 0, -0.06],
							"lerp_mode": "catmullrom"
						},
						"0.1458": {
							"post": [-0.2, 0, -0.1],
							"lerp_mode": "catmullrom"
						},
						"0.2083": {
							"post": [-0.29, 0, 0.19],
							"lerp_mode": "catmullrom"
						},
						"0.2708": {
							"post": [-0.2, 0, -0.1],
							"lerp_mode": "catmullrom"
						},
						"0.375": {
							"post": [0.1, 0, -0.2],
							"lerp_mode": "catmullrom"
						},
						"0.4583": {
							"post": [-0.43, 0, -0.06],
							"lerp_mode": "catmullrom"
						},
						"0.5417": {
							"post": [-0.1, 0, 0.1],
							"lerp_mode": "catmullrom"
						},
						"0.625": {
							"post": [0.01, 0, 0.11],
							"lerp_mode": "catmullrom"
						},
						"0.7083": {
							"post": [0, 0, 0.1],
							"lerp_mode": "catmullrom"
						}
					}
				}
			},
			"sound_effects": {
				"0.0625": {
					"effect": "hamster:gew98/gew98_handing_1"
				},
				"0.3542": {
					"effect": "hamster:gew98/gew98_handing_4"
				}
			}
		},
		"put_away": {
			"loop": "hold_on_last_frame",
			"animation_length": 0.9,
			"bones": {
				"root": {
					"rotation": {
						"0.0": {
							"post": [0, 0, 0],
							"lerp_mode": "catmullrom"
						},
						"0.1667": {
							"post": [-9.04536, -11.22653, 8.1374],
							"lerp_mode": "catmullrom"
						},
						"0.2667": {
							"post": [-21.95956, -33.80556, 29.67031],
							"lerp_mode": "catmullrom"
						},
						"0.3667": {
							"post": [-29.03569, -49.52598, 46.04651],
							"lerp_mode": "catmullrom"
						},
						"0.4667": {
							"post": [-26.97953, -40.11874, 60.09432],
							"lerp_mode": "catmullrom"
						},
						"0.5667": {
							"post": [-19.11482, -17.69734, 62.50545],
							"lerp_mode": "catmullrom"
						},
						"0.6333": {
							"post": [1.02626, -9.20425, 58.8067],
							"lerp_mode": "catmullrom"
						},
						"0.7333": {
							"post": [33.01143, -8.21135, 51.97591],
							"lerp_mode": "catmullrom"
						},
						"0.8": {
							"post": [48.76, -12.65, 51.98],
							"lerp_mode": "catmullrom"
						},
						"0.9": {
							"post": [47.51, -12.65, 51.98],
							"lerp_mode": "catmullrom"
						}
					},
					"position": {
						"0.0": {
							"post": [0, 0, 0],
							"lerp_mode": "catmullrom"
						},
						"0.1667": {
							"post": [1.295, -2.33, -2.16],
							"lerp_mode": "catmullrom"
						},
						"0.3667": {
							"post": [3, -1.5, -1.25],
							"lerp_mode": "catmullrom"
						},
						"0.5667": {
							"post": [-4.9925, -2.445, 4.035],
							"lerp_mode": "catmullrom"
						},
						"0.7333": {
							"post": [-4.3125, -6, 7.25],
							"lerp_mode": "catmullrom"
						}
					}
				},
				"leftHand": {
					"rotation": {
						"0.0": {
							"post": [74.09999, -12.80314, -111.33658],
							"lerp_mode": "catmullrom"
						},
						"0.1667": {
							"post": [75.87867, -14.74846, -118.79515],
							"lerp_mode": "catmullrom"
						},
						"0.3333": {
							"post": [59.09999, -12.80314, -111.33658],
							"lerp_mode": "catmullrom"
						},
						"0.4333": {
							"post": [59.09999, -12.80314, -111.33658],
							"lerp_mode": "catmullrom"
						}
					},
					"position": {
						"0.0": {
							"post": [7.15, -11.02, -8.82],
							"lerp_mode": "catmullrom"
						},
						"0.1667": {
							"post": [8.15, -11.27, -6.82],
							"lerp_mode": "catmullrom"
						},
						"0.3333": {
							"post": [7.15, -11.27, -5.82],
							"lerp_mode": "catmullrom"
						},
						"0.4333": {
							"post": [7.15, -11.27, -5.82],
							"lerp_mode": "catmullrom"
						}
					},
					"scale": [1, 1.5, 1]
				},
				"rightHand": {
					"rotation": [81.7983, 13.61729, -190.52018],
					"position": [-7.475, -12.55, 3.225],
					"scale": [1, 1.5, 1]
				},
				"camera": {
					"rotation": {
						"0.0": {
							"post": [0, 0, 0],
							"lerp_mode": "catmullrom"
						},
						"0.1667": {
							"post": [0, 0, -0.1875],
							"lerp_mode": "catmullrom"
						},
						"0.3": {
							"post": [0, 0, 0.5],
							"lerp_mode": "catmullrom"
						},
						"0.3333": {
							"post": [0, 0, -0.5],
							"lerp_mode": "catmullrom"
						},
						"0.4": {
							"post": [0, 0, 0],
							"lerp_mode": "catmullrom"
						},
						"0.5667": {
							"post": [0, 0, 0.4375],
							"lerp_mode": "catmullrom"
						},
						"0.6333": {
							"post": [0, 0, -0.5625],
							"lerp_mode": "catmullrom"
						},
						"0.7333": {
							"post": [0, 0, 0],
							"lerp_mode": "catmullrom"
						}
					}
				}
			},
			"sound_effects": {
				"0.0333": {
					"effect": "hamster:gew98/gew98_handing_1"
				},
				"0.4667": {
					"effect": "hamster:gew98/gew98_handing_2"
				}
			}
		}
	}
}