{
	"format_version": "1.12.0",
	"minecraft:geometry": [
		{
			"description": {
				"identifier": "geometry.unknown",
				"texture_width": 64,
				"texture_height": 64,
				"visible_bounds_width": 16,
				"visible_bounds_height": 5,
				"visible_bounds_offset": [0, 0.5, 0]
			},
			"bones": [
				{
					"name": "lens",
					"pivot": [0.07524, 1.43488, -0.84854],
					"cubes": [
						{
							"origin": [0.22485, 1.17746, -5.81838],
							"size": [0.40875, 1.22453, 0.18969],
							"pivot": [0.42923, 1.63925, -0.84854],
							"rotation": [0, 0, -30],
							"uv": {
								"north": {"uv": [30, 13], "uv_size": [0.5, 1]}
							}
						},
						{
							"origin": [-0.48312, 0.76871, -5.81838],
							"size": [0.40875, 1.22453, 0.18969],
							"pivot": [-0.27875, 1.2305, -0.84854],
							"rotation": [0, 0, -30],
							"uv": {
								"north": {"uv": [30, 14], "uv_size": [0.5, 1]}
							}
						},
						{
							"origin": [-0.12914, 0.97309, -5.81838],
							"size": [0.40875, 1.22453, 0.18969],
							"pivot": [0.07524, 1.43488, -0.84854],
							"rotation": [0, 0, -30],
							"uv": {
								"north": {"uv": [30, 12], "uv_size": [0.5, 1]}
							}
						}
					]
				},
				{
					"name": "ocular",
					"pivot": [0, 1.56519, 1.74522],
					"cubes": [
						{
							"origin": [-0.17371, 0.91686, 1.05913],
							"size": [0.34744, 1.29665, 0.02842],
							"uv": {
								"south": {"uv": [0, 0], "uv_size": [0, 0]}
							}
						},
						{
							"origin": [-0.17371, 0.91686, 1.05913],
							"size": [0.34744, 1.29665, 0.02842],
							"pivot": [0, 1.56519, 1.07333],
							"rotation": [0, 0, -90],
							"uv": {
								"south": {"uv": [0, 0], "uv_size": [0, 0]}
							}
						},
						{
							"origin": [-0.17371, 0.91686, 1.05913],
							"size": [0.34744, 1.29665, 0.02842],
							"pivot": [0, 1.56519, 1.07333],
							"rotation": [0, 0, -60],
							"uv": {
								"south": {"uv": [0, 0], "uv_size": [0, 0]}
							}
						},
						{
							"origin": [-0.17371, 0.91686, 1.05913],
							"size": [0.34744, 1.29665, 0.02842],
							"pivot": [0, 1.56519, 1.07333],
							"rotation": [0, 0, -30],
							"uv": {
								"south": {"uv": [0, 0], "uv_size": [0, 0]}
							}
						},
						{
							"origin": [-0.17371, 0.91686, 1.05913],
							"size": [0.34744, 1.29665, 0.02842],
							"pivot": [0, 1.56519, 1.07333],
							"rotation": [0, 0, -150],
							"uv": {
								"south": {"uv": [0, 0], "uv_size": [0, 0]}
							}
						},
						{
							"origin": [-0.17371, 0.91686, 1.05913],
							"size": [0.34744, 1.29665, 0.02842],
							"pivot": [0, 1.56519, 1.07333],
							"rotation": [0, 0, -120],
							"uv": {
								"south": {"uv": [0, 0], "uv_size": [0, 0]}
							}
						}
					]
				},
				{
					"name": "ocular_ring",
					"pivot": [0, 1.56519, 1.10568],
					"cubes": [
						{
							"origin": [-0.20437, 0.80245, 1.09005],
							"size": [0.40875, 0.15048, 0.15626],
							"pivot": [0, 1.56519, -0.87979],
							"rotation": [0, 0, -150],
							"uv": {
								"south": {"uv": [9, 45], "uv_size": [0.5, 0.5]},
								"up": {"uv": [45, 9], "uv_size": [0.5, 0.5]},
								"down": {"uv": [10, 45.5], "uv_size": [0.5, -0.5]}
							}
						},
						{
							"origin": [-0.20437, 2.17745, 1.09005],
							"size": [0.40875, 0.15048, 0.15626],
							"uv": {
								"south": {"uv": [45, 10], "uv_size": [0.5, 0.5]},
								"up": {"uv": [11, 45], "uv_size": [0.5, 0.5]},
								"down": {"uv": [45, 11.5], "uv_size": [0.5, -0.5]}
							}
						},
						{
							"origin": [-0.20437, 0.80245, 1.09005],
							"size": [0.40875, 0.15048, 0.15626],
							"pivot": [0, 1.56519, -0.87979],
							"rotation": [0, 0, -120],
							"uv": {
								"south": {"uv": [12, 45], "uv_size": [0.5, 0.5]},
								"up": {"uv": [45, 12], "uv_size": [0.5, 0.5]},
								"down": {"uv": [13, 45.5], "uv_size": [0.5, -0.5]}
							}
						},
						{
							"origin": [-0.20437, 0.80245, 1.09005],
							"size": [0.40875, 0.15048, 0.15626],
							"pivot": [0, 1.56519, -0.87979],
							"rotation": [0, 0, -90],
							"uv": {
								"south": {"uv": [45, 13], "uv_size": [0.5, 0.5]},
								"up": {"uv": [14, 45], "uv_size": [0.5, 0.5]},
								"down": {"uv": [45, 14.5], "uv_size": [0.5, -0.5]}
							}
						},
						{
							"origin": [-0.20437, 0.80245, 1.09005],
							"size": [0.40875, 0.15048, 0.15626],
							"pivot": [0, 1.56519, -0.87979],
							"rotation": [0, 0, -60],
							"uv": {
								"south": {"uv": [15, 45], "uv_size": [0.5, 0.5]},
								"up": {"uv": [45, 15], "uv_size": [0.5, 0.5]},
								"down": {"uv": [16, 45.5], "uv_size": [0.5, -0.5]}
							}
						},
						{
							"origin": [-0.20437, 0.80245, 1.09005],
							"size": [0.40875, 0.15048, 0.15626],
							"pivot": [0, 1.56519, -0.87979],
							"rotation": [0, 0, -30],
							"uv": {
								"south": {"uv": [45, 16], "uv_size": [0.5, 0.5]},
								"up": {"uv": [17, 45], "uv_size": [0.5, 0.5]},
								"down": {"uv": [45, 17.5], "uv_size": [0.5, -0.5]}
							}
						},
						{
							"origin": [-0.20437, 0.80245, 1.09005],
							"size": [0.40875, 0.15048, 0.15626],
							"uv": {
								"south": {"uv": [18, 45], "uv_size": [0.5, 0.5]},
								"up": {"uv": [45, 18], "uv_size": [0.5, 0.5]},
								"down": {"uv": [19, 45.5], "uv_size": [0.5, -0.5]}
							}
						},
						{
							"origin": [-0.20437, 2.17745, 1.09005],
							"size": [0.40875, 0.15048, 0.15626],
							"pivot": [0, 1.56519, -0.87979],
							"rotation": [0, 0, -150],
							"uv": {
								"south": {"uv": [45, 19], "uv_size": [0.5, 0.5]},
								"up": {"uv": [20, 45], "uv_size": [0.5, 0.5]},
								"down": {"uv": [45, 20.5], "uv_size": [0.5, -0.5]}
							}
						},
						{
							"origin": [-0.20437, 2.17745, 1.09005],
							"size": [0.40875, 0.15048, 0.15626],
							"pivot": [0, 1.56519, -0.87979],
							"rotation": [0, 0, -120],
							"uv": {
								"south": {"uv": [21, 45], "uv_size": [0.5, 0.5]},
								"up": {"uv": [45, 21], "uv_size": [0.5, 0.5]},
								"down": {"uv": [22, 45.5], "uv_size": [0.5, -0.5]}
							}
						},
						{
							"origin": [-0.20437, 2.17745, 1.09005],
							"size": [0.40875, 0.15048, 0.15626],
							"pivot": [0, 1.56519, -0.87979],
							"rotation": [0, 0, -90],
							"uv": {
								"south": {"uv": [45, 22], "uv_size": [0.5, 0.5]},
								"up": {"uv": [23, 45], "uv_size": [0.5, 0.5]},
								"down": {"uv": [45, 23.5], "uv_size": [0.5, -0.5]}
							}
						},
						{
							"origin": [-0.20437, 2.17745, 1.09005],
							"size": [0.40875, 0.15048, 0.15626],
							"pivot": [0, 1.56519, -0.87979],
							"rotation": [0, 0, -60],
							"uv": {
								"south": {"uv": [24, 45], "uv_size": [0.5, 0.5]},
								"up": {"uv": [45, 24], "uv_size": [0.5, 0.5]},
								"down": {"uv": [25, 45.5], "uv_size": [0.5, -0.5]}
							}
						},
						{
							"origin": [-0.20437, 2.17745, 1.09005],
							"size": [0.40875, 0.15048, 0.15626],
							"pivot": [0, 1.56519, -0.87979],
							"rotation": [0, 0, -30],
							"uv": {
								"south": {"uv": [45, 25], "uv_size": [0.5, 0.5]},
								"up": {"uv": [26, 45], "uv_size": [0.5, 0.5]},
								"down": {"uv": [45, 26.5], "uv_size": [0.5, -0.5]}
							}
						}
					]
				},
				{
					"name": "scope_body",
					"pivot": [0.00053, 1.57529, -2.61054],
					"cubes": [
						{
							"origin": [-0.78125, -0.11005, -3.70792],
							"size": [1.5625, 0.5625, 0.5625],
							"uv": {
								"north": {"uv": [39, 25], "uv_size": [1.5, 0.5]},
								"east": {"uv": [6, 43], "uv_size": [0.5, 0.5]},
								"south": {"uv": [39, 30], "uv_size": [1.5, 0.5]},
								"west": {"uv": [43, 6], "uv_size": [0.5, 0.5]},
								"up": {"uv": [39, 31], "uv_size": [1.5, 0.5]},
								"down": {"uv": [39, 32.5], "uv_size": [1.5, -0.5]}
							}
						},
						{
							"origin": [-0.70312, -0.17255, -3.83292],
							"size": [1.40625, 0.31892, 3.875],
							"uv": {
								"north": {"uv": [42, 2], "uv_size": [1, 0.5]},
								"east": {"uv": [38, 26], "uv_size": [3, 0.5]},
								"south": {"uv": [3, 42], "uv_size": [1, 0.5]},
								"west": {"uv": [38, 27], "uv_size": [3, 0.5]},
								"down": {"uv": [36, 24], "uv_size": [1, -3]}
							}
						},
						{
							"origin": [-0.5625, 0.1087, -3.83292],
							"size": [1.125, 0.28125, 3.875],
							"uv": {
								"north": {"uv": [42, 3], "uv_size": [1, 0.5]},
								"south": {"uv": [4, 42], "uv_size": [1, 0.5]},
								"up": {"uv": [23, 36], "uv_size": [1, 3]},
								"down": {"uv": [24, 39], "uv_size": [1, -3]}
							}
						},
						{
							"origin": [-0.4375, 0.38995, -3.83292],
							"size": [0.875, 0.09375, 3.84375],
							"uv": {
								"north": {"uv": [7, 43], "uv_size": [0.5, 0.5]},
								"east": {"uv": [38, 28], "uv_size": [3, 0.5]},
								"south": {"uv": [43, 7], "uv_size": [0.5, 0.5]},
								"west": {"uv": [38, 29], "uv_size": [3, 0.5]},
								"up": {"uv": [38, 30], "uv_size": [0.5, 3]}
							}
						},
						{
							"origin": [-0.20437, 0.80245, -5.97463],
							"size": [0.40875, 0.15048, 7.06469],
							"uv": {
								"north": {"uv": [8, 43], "uv_size": [0.5, 0.5]},
								"up": {"uv": [36, 24], "uv_size": [0.5, 4.5]},
								"down": {"uv": [25, 40.5], "uv_size": [0.5, -4.5]}
							}
						},
						{
							"origin": [-0.20437, 2.17745, -5.97463],
							"size": [0.40875, 0.15048, 7.06469],
							"uv": {
								"north": {"uv": [43, 8], "uv_size": [0.5, 0.5]},
								"up": {"uv": [26, 36], "uv_size": [0.5, 4.5]},
								"down": {"uv": [27, 40.5], "uv_size": [0.5, -4.5]}
							}
						},
						{
							"origin": [-0.20437, 2.17745, -5.97463],
							"size": [0.40875, 0.15048, 7.06469],
							"pivot": [0, 1.56519, -1.00479],
							"rotation": [0, 0, -30],
							"uv": {
								"north": {"uv": [9, 43], "uv_size": [0.5, 0.5]},
								"up": {"uv": [28, 36], "uv_size": [0.5, 4.5]},
								"down": {"uv": [29, 40.5], "uv_size": [0.5, -4.5]}
							}
						},
						{
							"origin": [-0.20437, 0.80245, -5.97463],
							"size": [0.40875, 0.15048, 7.06469],
							"pivot": [0, 1.56519, -1.00479],
							"rotation": [0, 0, -30],
							"uv": {
								"north": {"uv": [43, 9], "uv_size": [0.5, 0.5]},
								"up": {"uv": [36, 29], "uv_size": [0.5, 4.5]},
								"down": {"uv": [30, 40.5], "uv_size": [0.5, -4.5]}
							}
						},
						{
							"origin": [-0.20437, 2.17745, -5.97463],
							"size": [0.40875, 0.15048, 7.06469],
							"pivot": [0, 1.56519, -1.00479],
							"rotation": [0, 0, -60],
							"uv": {
								"north": {"uv": [10, 43], "uv_size": [0.5, 0.5]},
								"up": {"uv": [31, 36], "uv_size": [0.5, 4.5]},
								"down": {"uv": [32, 40.5], "uv_size": [0.5, -4.5]}
							}
						},
						{
							"origin": [-0.48562, 2.2712, -3.72463],
							"size": [0.65875, 0.24423, 0.12719],
							"pivot": [0, 1.75269, -3.12979],
							"rotation": [0, 0, -45],
							"uv": {
								"north": {"uv": [43, 10], "uv_size": [0.5, 0.5]},
								"south": {"uv": [11, 43], "uv_size": [0.5, 0.5]},
								"up": {"uv": [43, 11], "uv_size": [0.5, 0.5]}
							}
						},
						{
							"origin": [-0.29812, 2.2712, -3.91213],
							"size": [0.315, 0.24423, 0.1875],
							"pivot": [0, 1.75269, -3.25479],
							"rotation": [0, 0, -45],
							"uv": {
								"north": {"uv": [12, 43], "uv_size": [0.5, 0.5]},
								"west": {"uv": [43, 12], "uv_size": [0.5, 0.5]},
								"up": {"uv": [13, 43], "uv_size": [0.5, 0.5]}
							}
						},
						{
							"origin": [-0.07539, 2.49394, -3.91213],
							"size": [0.15625, 0.15048, 0.18749],
							"pivot": [0.22274, 1.97543, -3.25479],
							"rotation": [0, 0, -45],
							"uv": {
								"north": {"uv": [43, 13], "uv_size": [0.5, 0.5]},
								"up": {"uv": [14, 43], "uv_size": [0.5, 0.5]}
							}
						},
						{
							"origin": [-0.36922, 2.24175, -3.91213],
							"size": [0.73845, 0.15048, 0.18749],
							"uv": {
								"north": {"uv": [43, 14], "uv_size": [0.5, 0.5]},
								"east": {"uv": [15, 43], "uv_size": [0.5, 0.5]},
								"west": {"uv": [43, 15], "uv_size": [0.5, 0.5]},
								"up": {"uv": [16, 43], "uv_size": [0.5, 0.5]}
							}
						},
						{
							"origin": [-0.08086, 2.49394, -3.91213],
							"size": [0.15625, 0.15048, 0.18749],
							"pivot": [-0.22274, 1.97543, -3.25479],
							"rotation": [0, 0, 45],
							"uv": {
								"north": {"uv": [43, 16], "uv_size": [0.5, 0.5]},
								"up": {"uv": [17, 43], "uv_size": [0.5, 0.5]}
							}
						},
						{
							"origin": [-0.39132, 0.76998, -3.91214],
							"size": [0.78265, 0.15048, 0.1875],
							"uv": {
								"north": {"uv": [43, 17], "uv_size": [0.5, 0.5]},
								"east": {"uv": [18, 43], "uv_size": [0.5, 0.5]},
								"west": {"uv": [43, 18], "uv_size": [0.5, 0.5]},
								"down": {"uv": [19, 43.5], "uv_size": [0.5, -0.5]}
							}
						},
						{
							"origin": [-0.09749, 0.51779, -3.91214],
							"size": [0.15625, 0.15047, 0.1875],
							"pivot": [0.20064, 1.18678, -3.25479],
							"rotation": [0, 0, 45],
							"uv": {
								"north": {"uv": [43, 19], "uv_size": [0.5, 0.5]},
								"down": {"uv": [20, 43.5], "uv_size": [0.5, -0.5]}
							}
						},
						{
							"origin": [-0.05876, 0.51779, -3.91214],
							"size": [0.15625, 0.15047, 0.1875],
							"pivot": [-0.20064, 1.18678, -3.25479],
							"rotation": [0, 0, -45],
							"uv": {
								"north": {"uv": [43, 20], "uv_size": [0.5, 0.5]},
								"down": {"uv": [21, 43.5], "uv_size": [0.5, -0.5]}
							}
						},
						{
							"origin": [-0.29812, 0.66888, -3.91214],
							"size": [0.315, 0.21297, 0.1875],
							"pivot": [0, 1.43161, -3.25479],
							"rotation": [0, 0, 45],
							"uv": {
								"north": {"uv": [43, 21], "uv_size": [0.5, 0.5]},
								"west": {"uv": [22, 43], "uv_size": [0.5, 0.5]},
								"down": {"uv": [43, 22.5], "uv_size": [0.5, -0.5]}
							}
						},
						{
							"origin": [-0.75014, 1.10308, -3.91214],
							"size": [0.1275, 0.97815, 0.18751],
							"uv": {
								"north": {"uv": [42, 4], "uv_size": [0.5, 1]},
								"east": {"uv": [42, 5], "uv_size": [0.5, 1]}
							}
						},
						{
							"origin": [-0.85119, 1.91768, -3.59745],
							"size": [0.22855, 0.1323, 0.34157],
							"uv": {
								"north": {"uv": [23, 43], "uv_size": [0.5, 0.5]},
								"east": {"uv": [43, 23], "uv_size": [0.5, 0.5]},
								"south": {"uv": [24, 43], "uv_size": [0.5, 0.5]},
								"up": {"uv": [43, 24], "uv_size": [0.5, 0.5]}
							}
						},
						{
							"origin": [-0.48562, 2.2712, -1.59963],
							"size": [0.65875, 0.24423, 0.12719],
							"pivot": [0, 1.75269, -1.00479],
							"rotation": [0, 0, -45],
							"uv": {
								"north": {"uv": [25, 43], "uv_size": [0.5, 0.5]},
								"south": {"uv": [43, 25], "uv_size": [0.5, 0.5]},
								"up": {"uv": [26, 43], "uv_size": [0.5, 0.5]}
							}
						},
						{
							"origin": [-0.17313, 2.2712, -3.59745],
							"size": [0.34625, 0.24423, 1.99782],
							"pivot": [0, 1.75269, -1.13198],
							"rotation": [0, 0, -45],
							"uv": {
								"up": {"uv": [36, 39], "uv_size": [0.5, 1.5]}
							}
						},
						{
							"origin": [-0.41692, 2.20148, -3.72463],
							"size": [0.83385, 0.21298, 2.25219],
							"uv": {
								"north": {"uv": [43, 26], "uv_size": [0.5, 0.5]},
								"south": {"uv": [27, 43], "uv_size": [0.5, 0.5]},
								"up": {"uv": [23, 39], "uv_size": [0.5, 2]}
							}
						},
						{
							"origin": [-0.35442, 2.41445, -3.59963],
							"size": [0.70885, 0.05672, 1.97094],
							"uv": {
								"north": {"uv": [43, 27], "uv_size": [0.5, 0.5]},
								"east": {"uv": [38, 39], "uv_size": [1.5, 0.5]},
								"south": {"uv": [28, 43], "uv_size": [0.5, 0.5]},
								"west": {"uv": [0, 40], "uv_size": [1.5, 0.5]},
								"up": {"uv": [2, 40], "uv_size": [0.5, 1.5]}
							}
						},
						{
							"origin": [-0.17682, 2.4457, -2.16213],
							"size": [0.375, 0.08798, 0.375],
							"pivot": [0.01068, 2.50531, -1.97463],
							"rotation": [0, -45, 0],
							"uv": {
								"north": {"uv": [43, 28], "uv_size": [0.5, 0.5]},
								"east": {"uv": [29, 43], "uv_size": [0.5, 0.5]},
								"south": {"uv": [43, 29], "uv_size": [0.5, 0.5]},
								"west": {"uv": [30, 43], "uv_size": [0.5, 0.5]},
								"up": {"uv": [43, 30], "uv_size": [0.5, 0.5]}
							}
						},
						{
							"origin": [-0.27057, 2.4457, -3.50588],
							"size": [0.25, 0.08798, 0.25],
							"pivot": [-0.20807, 2.50531, -3.31838],
							"rotation": [0, -45, 0],
							"uv": {
								"north": {"uv": [31, 43], "uv_size": [0.5, 0.5]},
								"east": {"uv": [43, 31], "uv_size": [0.5, 0.5]},
								"south": {"uv": [32, 43], "uv_size": [0.5, 0.5]},
								"west": {"uv": [43, 32], "uv_size": [0.5, 0.5]},
								"up": {"uv": [33, 43], "uv_size": [0.5, 0.5]}
							}
						},
						{
							"origin": [0.01067, 2.4457, -3.06838],
							"size": [0.25, 0.08798, 0.25],
							"pivot": [0.07318, 2.50531, -2.88088],
							"rotation": [0, -45, 0],
							"uv": {
								"north": {"uv": [43, 33], "uv_size": [0.5, 0.5]},
								"east": {"uv": [34, 43], "uv_size": [0.5, 0.5]},
								"south": {"uv": [43, 34], "uv_size": [0.5, 0.5]},
								"west": {"uv": [35, 43], "uv_size": [0.5, 0.5]},
								"up": {"uv": [43, 35], "uv_size": [0.5, 0.5]}
							}
						},
						{
							"origin": [-0.41692, 0.76986, -3.72463],
							"size": [0.83385, 0.18172, 2.25219],
							"uv": {
								"north": {"uv": [36, 43], "uv_size": [0.5, 0.5]},
								"down": {"uv": [24, 41], "uv_size": [0.5, -2]}
							}
						},
						{
							"origin": [-0.66175, 1.92539, -3.59745],
							"size": [0.15875, 0.24423, 1.99782],
							"uv": {
								"north": {"uv": [43, 36], "uv_size": [0.5, 0.5]},
								"east": {"uv": [3, 40], "uv_size": [1.5, 0.5]},
								"south": {"uv": [37, 43], "uv_size": [0.5, 0.5]},
								"west": {"uv": [5, 40], "uv_size": [1.5, 0.5]},
								"up": {"uv": [7, 40], "uv_size": [0.5, 1.5]},
								"down": {"uv": [8, 41.5], "uv_size": [0.5, -1.5]}
							}
						},
						{
							"origin": [-0.66175, 1.01469, -3.59744],
							"size": [0.15875, 0.18617, 1.99781],
							"uv": {
								"east": {"uv": [9, 40], "uv_size": [1.5, 0.5]}
							}
						},
						{
							"origin": [-0.78897, 1.14191, -3.59745],
							"size": [0.15875, 0.83798, 1.99782],
							"uv": {
								"up": {"uv": [11, 40], "uv_size": [0.5, 1.5]},
								"down": {"uv": [12, 41.5], "uv_size": [0.5, -1.5]}
							}
						},
						{
							"origin": [-0.94276, 1.88986, -3.59745],
							"size": [0.15875, 0.08798, 1.99782],
							"pivot": [-0.86339, 1.79323, -2.59854],
							"rotation": [0, 0, 45],
							"uv": {
								"east": {"uv": [13, 40], "uv_size": [1.5, 0.5]}
							}
						},
						{
							"origin": [-0.94276, 1.14396, -3.59745],
							"size": [0.15875, 0.08798, 1.99782],
							"pivot": [-0.86339, 1.32858, -2.59854],
							"rotation": [0, 0, -45],
							"uv": {
								"east": {"uv": [15, 40], "uv_size": [1.5, 0.5]}
							}
						},
						{
							"origin": [-0.85119, 1.20413, -3.59745],
							"size": [0.06221, 0.71355, 1.99782],
							"uv": {
								"east": {"uv": [38, 40], "uv_size": [1.5, 0.5]}
							}
						},
						{
							"origin": [-1.3916, 1.04414, -1.59963],
							"size": [0.565, 0.21299, 0.12719],
							"pivot": [-0.90597, 0.52563, -1.00479],
							"rotation": [0, 0, 45],
							"uv": {
								"north": {"uv": [43, 37], "uv_size": [0.5, 0.5]},
								"south": {"uv": [38, 43], "uv_size": [0.5, 0.5]},
								"down": {"uv": [43, 38.5], "uv_size": [0.5, -0.5]}
							}
						},
						{
							"origin": [-1.0791, 1.04414, -3.59745],
							"size": [0.34625, 0.21299, 1.99782],
							"pivot": [-0.90597, 0.52563, -1.22354],
							"rotation": [0, 0, 45],
							"uv": {
								"down": {"uv": [17, 41.5], "uv_size": [0.5, -1.5]}
							}
						},
						{
							"origin": [-1.3916, 1.04414, -3.72463],
							"size": [0.65875, 0.21299, 0.12719],
							"pivot": [-0.90597, 0.52563, -3.12979],
							"rotation": [0, 0, 45],
							"uv": {
								"north": {"uv": [39, 43], "uv_size": [0.5, 0.5]},
								"south": {"uv": [43, 39], "uv_size": [0.5, 0.5]},
								"down": {"uv": [40, 43.5], "uv_size": [0.5, -0.5]}
							}
						},
						{
							"origin": [-0.88272, 1.23566, -1.59963],
							"size": [0.19, 0.71298, 0.12719],
							"uv": {
								"north": {"uv": [43, 40], "uv_size": [0.5, 0.5]},
								"east": {"uv": [41, 43], "uv_size": [0.5, 0.5]},
								"south": {"uv": [43, 41], "uv_size": [0.5, 0.5]}
							}
						},
						{
							"origin": [-0.88272, 1.23566, -3.72463],
							"size": [0.19, 0.71298, 0.12719],
							"uv": {
								"north": {"uv": [42, 43], "uv_size": [0.5, 0.5]},
								"east": {"uv": [43, 42], "uv_size": [0.5, 0.5]},
								"south": {"uv": [43, 43], "uv_size": [0.5, 0.5]}
							}
						},
						{
							"origin": [-0.17313, 2.2712, -1.59963],
							"size": [0.65875, 0.24423, 0.12719],
							"pivot": [0, 1.75269, -1.00479],
							"rotation": [0, 0, 45],
							"uv": {
								"north": {"uv": [0, 44], "uv_size": [0.5, 0.5]},
								"south": {"uv": [44, 0], "uv_size": [0.5, 0.5]},
								"up": {"uv": [1, 44], "uv_size": [0.5, 0.5]}
							}
						},
						{
							"origin": [-0.17313, 2.2712, -3.59745],
							"size": [0.34625, 0.24423, 1.99782],
							"pivot": [0, 1.75269, -1.13198],
							"rotation": [0, 0, 45],
							"uv": {
								"up": {"uv": [40, 39], "uv_size": [0.5, 1.5]}
							}
						},
						{
							"origin": [0.503, 1.92539, -3.59745],
							"size": [0.15875, 0.24423, 1.99782],
							"uv": {
								"north": {"uv": [44, 1], "uv_size": [0.5, 0.5]},
								"east": {"uv": [0, 41], "uv_size": [1.5, 0.5]},
								"south": {"uv": [2, 44], "uv_size": [0.5, 0.5]},
								"west": {"uv": [3, 41], "uv_size": [1.5, 0.5]},
								"up": {"uv": [5, 41], "uv_size": [0.5, 1.5]},
								"down": {"uv": [6, 42.5], "uv_size": [0.5, -1.5]}
							}
						},
						{
							"origin": [-0.17313, 2.2712, -3.72463],
							"size": [0.65875, 0.24423, 0.12719],
							"pivot": [0, 1.75269, -3.12979],
							"rotation": [0, 0, 45],
							"uv": {
								"north": {"uv": [44, 2], "uv_size": [0.5, 0.5]},
								"south": {"uv": [3, 44], "uv_size": [0.5, 0.5]},
								"up": {"uv": [44, 3], "uv_size": [0.5, 0.5]}
							}
						},
						{
							"origin": [-0.01688, 2.2712, -3.91213],
							"size": [0.315, 0.24423, 0.1875],
							"pivot": [0, 1.75269, -3.25479],
							"rotation": [0, 0, 45],
							"uv": {
								"north": {"uv": [4, 44], "uv_size": [0.5, 0.5]},
								"east": {"uv": [44, 4], "uv_size": [0.5, 0.5]},
								"up": {"uv": [5, 44], "uv_size": [0.5, 0.5]}
							}
						},
						{
							"origin": [0.62264, 1.10308, -3.91214],
							"size": [0.1275, 0.97815, 0.18751],
							"uv": {
								"north": {"uv": [42, 6], "uv_size": [0.5, 1]},
								"west": {"uv": [7, 42], "uv_size": [0.5, 1]}
							}
						},
						{
							"origin": [0.62264, 1.91768, -3.59745],
							"size": [0.22855, 0.1323, 0.34157],
							"uv": {
								"north": {"uv": [44, 5], "uv_size": [0.5, 0.5]},
								"south": {"uv": [6, 44], "uv_size": [0.5, 0.5]},
								"west": {"uv": [44, 6], "uv_size": [0.5, 0.5]},
								"up": {"uv": [7, 44], "uv_size": [0.5, 0.5]}
							}
						},
						{
							"origin": [0.78401, 1.88986, -3.59745],
							"size": [0.15875, 0.08798, 1.99782],
							"pivot": [0.86339, 1.79323, -2.59854],
							"rotation": [0, 0, -45],
							"uv": {
								"west": {"uv": [9, 41], "uv_size": [1.5, 0.5]}
							}
						},
						{
							"origin": [0.69273, 1.23566, -1.59963],
							"size": [0.19, 0.71298, 0.12719],
							"uv": {
								"north": {"uv": [44, 7], "uv_size": [0.5, 0.5]},
								"south": {"uv": [8, 44], "uv_size": [0.5, 0.5]},
								"west": {"uv": [44, 8], "uv_size": [0.5, 0.5]}
							}
						},
						{
							"origin": [0.8266, 1.04414, -1.59963],
							"size": [0.565, 0.21299, 0.12719],
							"pivot": [0.90598, 0.52563, -1.00479],
							"rotation": [0, 0, -45],
							"uv": {
								"north": {"uv": [9, 44], "uv_size": [0.5, 0.5]},
								"south": {"uv": [44, 9], "uv_size": [0.5, 0.5]},
								"down": {"uv": [10, 44.5], "uv_size": [0.5, -0.5]}
							}
						},
						{
							"origin": [0.78401, 1.14396, -3.59745],
							"size": [0.15875, 0.08798, 1.99782],
							"pivot": [0.86339, 1.32858, -2.59854],
							"rotation": [0, 0, 45],
							"uv": {
								"west": {"uv": [13, 41], "uv_size": [1.5, 0.5]}
							}
						},
						{
							"origin": [0.78898, 1.20413, -3.59745],
							"size": [0.06221, 0.71355, 1.99782],
							"uv": {
								"west": {"uv": [15, 41], "uv_size": [1.5, 0.5]}
							}
						},
						{
							"origin": [0.63022, 1.14191, -3.59745],
							"size": [0.15875, 0.83798, 1.99782],
							"uv": {
								"up": {"uv": [41, 15], "uv_size": [0.5, 1.5]},
								"down": {"uv": [41, 18.5], "uv_size": [0.5, -1.5]}
							}
						},
						{
							"origin": [0.503, 1.01469, -3.59744],
							"size": [0.15875, 0.18617, 1.99781],
							"uv": {
								"west": {"uv": [41, 19], "uv_size": [1.5, 0.5]}
							}
						},
						{
							"origin": [0.73285, 1.04414, -3.59745],
							"size": [0.34625, 0.21299, 1.99782],
							"pivot": [0.90598, 0.52563, -1.22354],
							"rotation": [0, 0, -45],
							"uv": {
								"down": {"uv": [23, 42.5], "uv_size": [0.5, -1.5]}
							}
						},
						{
							"origin": [0.73285, 1.04414, -3.72463],
							"size": [0.65875, 0.21299, 0.12719],
							"pivot": [0.90598, 0.52563, -3.12979],
							"rotation": [0, 0, -45],
							"uv": {
								"north": {"uv": [44, 10], "uv_size": [0.5, 0.5]},
								"south": {"uv": [11, 44], "uv_size": [0.5, 0.5]},
								"down": {"uv": [44, 11.5], "uv_size": [0.5, -0.5]}
							}
						},
						{
							"origin": [-0.01688, 0.66888, -3.91214],
							"size": [0.315, 0.21297, 0.1875],
							"pivot": [0, 1.43161, -3.25479],
							"rotation": [0, 0, -45],
							"uv": {
								"north": {"uv": [12, 44], "uv_size": [0.5, 0.5]},
								"east": {"uv": [44, 12], "uv_size": [0.5, 0.5]},
								"down": {"uv": [13, 44.5], "uv_size": [0.5, -0.5]}
							}
						},
						{
							"origin": [0.69273, 1.23566, -3.72463],
							"size": [0.19, 0.71298, 0.12719],
							"uv": {
								"north": {"uv": [44, 13], "uv_size": [0.5, 0.5]},
								"south": {"uv": [14, 44], "uv_size": [0.5, 0.5]},
								"west": {"uv": [44, 14], "uv_size": [0.5, 0.5]}
							}
						},
						{
							"origin": [-0.20437, 0.80245, -5.97463],
							"size": [0.40875, 0.15048, 7.06469],
							"pivot": [0, 1.56519, -1.00479],
							"rotation": [0, 0, -60],
							"uv": {
								"north": {"uv": [15, 44], "uv_size": [0.5, 0.5]},
								"up": {"uv": [33, 36], "uv_size": [0.5, 4.5]},
								"down": {"uv": [34, 40.5], "uv_size": [0.5, -4.5]}
							}
						},
						{
							"origin": [-0.20437, 2.17745, -5.97463],
							"size": [0.40875, 0.15048, 7.06469],
							"pivot": [0, 1.56519, -1.00479],
							"rotation": [0, 0, -90],
							"uv": {
								"north": {"uv": [44, 15], "uv_size": [0.5, 0.5]},
								"up": {"uv": [36, 34], "uv_size": [0.5, 4.5]},
								"down": {"uv": [35, 40.5], "uv_size": [0.5, -4.5]}
							}
						},
						{
							"origin": [-0.20437, 0.80245, -5.97463],
							"size": [0.40875, 0.15048, 7.06469],
							"pivot": [0, 1.56519, -1.00479],
							"rotation": [0, 0, -90],
							"uv": {
								"north": {"uv": [16, 44], "uv_size": [0.5, 0.5]},
								"up": {"uv": [37, 21], "uv_size": [0.5, 4.5]},
								"down": {"uv": [37, 30.5], "uv_size": [0.5, -4.5]}
							}
						},
						{
							"origin": [-0.20437, 2.17745, -5.97463],
							"size": [0.40875, 0.15048, 7.06469],
							"pivot": [0, 1.56519, -1.00479],
							"rotation": [0, 0, -120],
							"uv": {
								"north": {"uv": [44, 16], "uv_size": [0.5, 0.5]},
								"up": {"uv": [37, 31], "uv_size": [0.5, 4.5]},
								"down": {"uv": [37, 40.5], "uv_size": [0.5, -4.5]}
							}
						},
						{
							"origin": [-0.20437, 0.80245, -5.97463],
							"size": [0.40875, 0.15048, 7.06469],
							"pivot": [0, 1.56519, -1.00479],
							"rotation": [0, 0, -120],
							"uv": {
								"north": {"uv": [17, 44], "uv_size": [0.5, 0.5]},
								"up": {"uv": [18, 38], "uv_size": [0.5, 4.5]},
								"down": {"uv": [19, 42.5], "uv_size": [0.5, -4.5]}
							}
						},
						{
							"origin": [-0.20437, 2.17745, -5.97463],
							"size": [0.40875, 0.15048, 7.06469],
							"pivot": [0, 1.56519, -1.00479],
							"rotation": [0, 0, -150],
							"uv": {
								"north": {"uv": [44, 17], "uv_size": [0.5, 0.5]},
								"up": {"uv": [20, 38], "uv_size": [0.5, 4.5]},
								"down": {"uv": [21, 42.5], "uv_size": [0.5, -4.5]}
							}
						},
						{
							"origin": [-0.20437, 0.80245, -5.97463],
							"size": [0.40875, 0.15048, 7.06469],
							"pivot": [0, 1.56519, -1.00479],
							"rotation": [0, 0, -150],
							"uv": {
								"north": {"uv": [18, 44], "uv_size": [0.5, 0.5]},
								"up": {"uv": [38, 21], "uv_size": [0.5, 4.5]},
								"down": {"uv": [22, 42.5], "uv_size": [0.5, -4.5]}
							}
						},
						{
							"origin": [-0.24525, 2.2999, -1.4436],
							"size": [0.4905, 0.18058, 1.50262],
							"pivot": [0, 1.56519, -1.56729],
							"rotation": [0, 0, -60],
							"uv": {
								"north": {"uv": [44, 18], "uv_size": [0.5, 0.5]},
								"south": {"uv": [19, 44], "uv_size": [0.5, 0.5]},
								"up": {"uv": [42, 7], "uv_size": [0.5, 1]},
								"down": {"uv": [8, 43], "uv_size": [0.5, -1]}
							}
						},
						{
							"origin": [-0.24525, 2.2999, -1.4436],
							"size": [0.4905, 0.18058, 1.50262],
							"uv": {
								"north": {"uv": [44, 19], "uv_size": [0.5, 0.5]},
								"south": {"uv": [20, 44], "uv_size": [0.5, 0.5]},
								"up": {"uv": [42, 8], "uv_size": [0.5, 1]},
								"down": {"uv": [9, 43], "uv_size": [0.5, -1]}
							}
						},
						{
							"origin": [-0.24525, 2.2999, -1.4436],
							"size": [0.4905, 0.18058, 1.50262],
							"pivot": [0, 1.56519, -1.56729],
							"rotation": [0, 0, -30],
							"uv": {
								"north": {"uv": [44, 20], "uv_size": [0.5, 0.5]},
								"south": {"uv": [21, 44], "uv_size": [0.5, 0.5]},
								"up": {"uv": [42, 9], "uv_size": [0.5, 1]},
								"down": {"uv": [10, 43], "uv_size": [0.5, -1]}
							}
						},
						{
							"origin": [-0.24525, 0.6499, -1.4436],
							"size": [0.4905, 0.18057, 1.50262],
							"pivot": [0, 1.56519, -1.56729],
							"rotation": [0, 0, -150],
							"uv": {
								"north": {"uv": [44, 21], "uv_size": [0.5, 0.5]},
								"south": {"uv": [22, 44], "uv_size": [0.5, 0.5]},
								"up": {"uv": [42, 10], "uv_size": [0.5, 1]},
								"down": {"uv": [11, 43], "uv_size": [0.5, -1]}
							}
						},
						{
							"origin": [-0.24525, 0.6499, -1.4436],
							"size": [0.4905, 0.18057, 1.50262],
							"pivot": [0, 1.56519, -1.56729],
							"rotation": [0, 0, -120],
							"uv": {
								"north": {"uv": [44, 22], "uv_size": [0.5, 0.5]},
								"south": {"uv": [23, 44], "uv_size": [0.5, 0.5]},
								"up": {"uv": [42, 11], "uv_size": [0.5, 1]},
								"down": {"uv": [12, 43], "uv_size": [0.5, -1]}
							}
						},
						{
							"origin": [-0.24525, 0.6499, -1.4436],
							"size": [0.4905, 0.18057, 1.50262],
							"pivot": [0, 1.56519, -1.56729],
							"rotation": [0, 0, -90],
							"uv": {
								"north": {"uv": [44, 23], "uv_size": [0.5, 0.5]},
								"south": {"uv": [24, 44], "uv_size": [0.5, 0.5]},
								"up": {"uv": [42, 12], "uv_size": [0.5, 1]},
								"down": {"uv": [13, 43], "uv_size": [0.5, -1]}
							}
						},
						{
							"origin": [-0.24525, 0.6499, -1.4436],
							"size": [0.4905, 0.18057, 1.50262],
							"pivot": [0, 1.56519, -1.56729],
							"rotation": [0, 0, -60],
							"uv": {
								"north": {"uv": [44, 24], "uv_size": [0.5, 0.5]},
								"south": {"uv": [25, 44], "uv_size": [0.5, 0.5]},
								"up": {"uv": [42, 13], "uv_size": [0.5, 1]},
								"down": {"uv": [14, 43], "uv_size": [0.5, -1]}
							}
						},
						{
							"origin": [-0.24525, 0.6499, -1.4436],
							"size": [0.4905, 0.18057, 1.50262],
							"pivot": [0, 1.56519, -1.56729],
							"rotation": [0, 0, -30],
							"uv": {
								"north": {"uv": [44, 25], "uv_size": [0.5, 0.5]},
								"south": {"uv": [26, 44], "uv_size": [0.5, 0.5]},
								"up": {"uv": [42, 14], "uv_size": [0.5, 1]},
								"down": {"uv": [15, 43], "uv_size": [0.5, -1]}
							}
						},
						{
							"origin": [-0.24525, 0.6499, -1.4436],
							"size": [0.4905, 0.18057, 1.50262],
							"uv": {
								"north": {"uv": [44, 26], "uv_size": [0.5, 0.5]},
								"south": {"uv": [27, 44], "uv_size": [0.5, 0.5]},
								"up": {"uv": [42, 15], "uv_size": [0.5, 1]},
								"down": {"uv": [16, 43], "uv_size": [0.5, -1]}
							}
						},
						{
							"origin": [-0.24525, 2.2999, -1.4436],
							"size": [0.4905, 0.18058, 1.50262],
							"pivot": [0, 1.56519, -1.56729],
							"rotation": [0, 0, -150],
							"uv": {
								"north": {"uv": [44, 27], "uv_size": [0.5, 0.5]},
								"south": {"uv": [28, 44], "uv_size": [0.5, 0.5]},
								"up": {"uv": [42, 16], "uv_size": [0.5, 1]},
								"down": {"uv": [17, 43], "uv_size": [0.5, -1]}
							}
						},
						{
							"origin": [-0.24525, 2.2999, -1.4436],
							"size": [0.4905, 0.18058, 1.50262],
							"pivot": [0, 1.56519, -1.56729],
							"rotation": [0, 0, -120],
							"uv": {
								"north": {"uv": [44, 28], "uv_size": [0.5, 0.5]},
								"south": {"uv": [29, 44], "uv_size": [0.5, 0.5]},
								"up": {"uv": [42, 17], "uv_size": [0.5, 1]},
								"down": {"uv": [42, 19], "uv_size": [0.5, -1]}
							}
						},
						{
							"origin": [-0.24525, 2.2999, -1.4436],
							"size": [0.4905, 0.18058, 1.50262],
							"pivot": [0, 1.56519, -1.56729],
							"rotation": [0, 0, -90],
							"uv": {
								"north": {"uv": [44, 29], "uv_size": [0.5, 0.5]},
								"south": {"uv": [30, 44], "uv_size": [0.5, 0.5]},
								"up": {"uv": [42, 21], "uv_size": [0.5, 1]},
								"down": {"uv": [42, 23], "uv_size": [0.5, -1]}
							}
						},
						{
							"origin": [-0.24525, 2.2999, -5.97485],
							"size": [0.4905, 0.18058, 1.81513],
							"pivot": [0, 1.56519, -5.78604],
							"rotation": [0, 0, -60],
							"uv": {
								"north": {"uv": [44, 30], "uv_size": [0.5, 0.5]},
								"south": {"uv": [31, 44], "uv_size": [0.5, 0.5]},
								"up": {"uv": [24, 41], "uv_size": [0.5, 1.5]},
								"down": {"uv": [25, 42.5], "uv_size": [0.5, -1.5]}
							}
						},
						{
							"origin": [-0.24525, 2.2999, -5.97485],
							"size": [0.4905, 0.18058, 1.81513],
							"uv": {
								"north": {"uv": [44, 31], "uv_size": [0.5, 0.5]},
								"south": {"uv": [32, 44], "uv_size": [0.5, 0.5]},
								"up": {"uv": [41, 25], "uv_size": [0.5, 1.5]},
								"down": {"uv": [26, 42.5], "uv_size": [0.5, -1.5]}
							}
						},
						{
							"origin": [-0.24525, 2.2999, -5.97485],
							"size": [0.4905, 0.18058, 1.81513],
							"pivot": [0, 1.56519, -5.78604],
							"rotation": [0, 0, -30],
							"uv": {
								"north": {"uv": [44, 32], "uv_size": [0.5, 0.5]},
								"south": {"uv": [33, 44], "uv_size": [0.5, 0.5]},
								"up": {"uv": [27, 41], "uv_size": [0.5, 1.5]},
								"down": {"uv": [41, 28.5], "uv_size": [0.5, -1.5]}
							}
						},
						{
							"origin": [-0.24525, 0.6499, -5.97485],
							"size": [0.4905, 0.18057, 1.81513],
							"pivot": [0, 1.56519, -5.78604],
							"rotation": [0, 0, -150],
							"uv": {
								"north": {"uv": [44, 33], "uv_size": [0.5, 0.5]},
								"south": {"uv": [34, 44], "uv_size": [0.5, 0.5]},
								"up": {"uv": [28, 41], "uv_size": [0.5, 1.5]},
								"down": {"uv": [29, 42.5], "uv_size": [0.5, -1.5]}
							}
						},
						{
							"origin": [-0.24525, 0.6499, -5.97485],
							"size": [0.4905, 0.18057, 1.81513],
							"pivot": [0, 1.56519, -5.78604],
							"rotation": [0, 0, -120],
							"uv": {
								"north": {"uv": [44, 34], "uv_size": [0.5, 0.5]},
								"south": {"uv": [35, 44], "uv_size": [0.5, 0.5]},
								"up": {"uv": [41, 29], "uv_size": [0.5, 1.5]},
								"down": {"uv": [30, 42.5], "uv_size": [0.5, -1.5]}
							}
						},
						{
							"origin": [-0.24525, 0.6499, -5.97485],
							"size": [0.4905, 0.18057, 1.81513],
							"pivot": [0, 1.56519, -5.78604],
							"rotation": [0, 0, -90],
							"uv": {
								"north": {"uv": [44, 35], "uv_size": [0.5, 0.5]},
								"south": {"uv": [36, 44], "uv_size": [0.5, 0.5]},
								"up": {"uv": [31, 41], "uv_size": [0.5, 1.5]},
								"down": {"uv": [41, 32.5], "uv_size": [0.5, -1.5]}
							}
						},
						{
							"origin": [-0.24525, 0.6499, -5.97485],
							"size": [0.4905, 0.18057, 1.81513],
							"pivot": [0, 1.56519, -5.78604],
							"rotation": [0, 0, -60],
							"uv": {
								"north": {"uv": [44, 36], "uv_size": [0.5, 0.5]},
								"south": {"uv": [37, 44], "uv_size": [0.5, 0.5]},
								"up": {"uv": [32, 41], "uv_size": [0.5, 1.5]},
								"down": {"uv": [33, 42.5], "uv_size": [0.5, -1.5]}
							}
						},
						{
							"origin": [-0.24525, 0.6499, -5.97485],
							"size": [0.4905, 0.18057, 1.81513],
							"pivot": [0, 1.56519, -5.78604],
							"rotation": [0, 0, -30],
							"uv": {
								"north": {"uv": [44, 37], "uv_size": [0.5, 0.5]},
								"south": {"uv": [38, 44], "uv_size": [0.5, 0.5]},
								"up": {"uv": [41, 33], "uv_size": [0.5, 1.5]},
								"down": {"uv": [34, 42.5], "uv_size": [0.5, -1.5]}
							}
						},
						{
							"origin": [-0.24525, 0.6499, -5.97485],
							"size": [0.4905, 0.18057, 1.81513],
							"uv": {
								"north": {"uv": [44, 38], "uv_size": [0.5, 0.5]},
								"south": {"uv": [39, 44], "uv_size": [0.5, 0.5]},
								"up": {"uv": [35, 41], "uv_size": [0.5, 1.5]},
								"down": {"uv": [41, 36.5], "uv_size": [0.5, -1.5]}
							}
						},
						{
							"origin": [-0.24525, 2.2999, -5.97485],
							"size": [0.4905, 0.18058, 1.81513],
							"pivot": [0, 1.56519, -5.78604],
							"rotation": [0, 0, -150],
							"uv": {
								"north": {"uv": [44, 39], "uv_size": [0.5, 0.5]},
								"south": {"uv": [40, 44], "uv_size": [0.5, 0.5]},
								"up": {"uv": [36, 41], "uv_size": [0.5, 1.5]},
								"down": {"uv": [37, 42.5], "uv_size": [0.5, -1.5]}
							}
						},
						{
							"origin": [-0.24525, 2.2999, -5.97485],
							"size": [0.4905, 0.18058, 1.81513],
							"pivot": [0, 1.56519, -5.78604],
							"rotation": [0, 0, -120],
							"uv": {
								"north": {"uv": [44, 40], "uv_size": [0.5, 0.5]},
								"south": {"uv": [41, 44], "uv_size": [0.5, 0.5]},
								"up": {"uv": [41, 37], "uv_size": [0.5, 1.5]},
								"down": {"uv": [38, 42.5], "uv_size": [0.5, -1.5]}
							}
						},
						{
							"origin": [-0.24525, 2.2999, -5.97485],
							"size": [0.4905, 0.18058, 1.81513],
							"pivot": [0, 1.56519, -5.78604],
							"rotation": [0, 0, -90],
							"uv": {
								"north": {"uv": [44, 41], "uv_size": [0.5, 0.5]},
								"south": {"uv": [42, 44], "uv_size": [0.5, 0.5]},
								"up": {"uv": [39, 41], "uv_size": [0.5, 1.5]},
								"down": {"uv": [41, 40.5], "uv_size": [0.5, -1.5]}
							}
						},
						{
							"origin": [-0.5, 0.1712, -3.45792],
							"size": [0.35239, 0.44076, 3.28125],
							"pivot": [-0.125, 0.53058, -1.91104],
							"rotation": [0, 0, 20],
							"uv": {
								"north": {"uv": [44, 42], "uv_size": [0.5, 0.5]},
								"east": {"uv": [38, 35], "uv_size": [2.5, 0.5]},
								"south": {"uv": [43, 44], "uv_size": [0.5, 0.5]},
								"west": {"uv": [38, 36], "uv_size": [2.5, 0.5]}
							}
						},
						{
							"origin": [-0.49341, 0.61479, -3.45792],
							"size": [0.375, 0.0625, 3.28125],
							"uv": {
								"north": {"uv": [44, 43], "uv_size": [0.5, 0.5]},
								"east": {"uv": [38, 37], "uv_size": [2.5, 0.5]},
								"south": {"uv": [44, 44], "uv_size": [0.5, 0.5]},
								"west": {"uv": [38, 38], "uv_size": [2.5, 0.5]}
							}
						},
						{
							"origin": [0.14761, 0.1712, -3.45792],
							"size": [0.35239, 0.44076, 3.28125],
							"pivot": [0.125, 0.53058, -1.91104],
							"rotation": [0, 0, -20],
							"uv": {
								"north": {"uv": [0, 45], "uv_size": [0.5, 0.5]},
								"east": {"uv": [0, 39], "uv_size": [2.5, 0.5]},
								"south": {"uv": [45, 0], "uv_size": [0.5, 0.5]},
								"west": {"uv": [3, 39], "uv_size": [2.5, 0.5]}
							}
						},
						{
							"origin": [0.11841, 0.61479, -3.45792],
							"size": [0.375, 0.0625, 3.28125],
							"uv": {
								"north": {"uv": [1, 45], "uv_size": [0.5, 0.5]},
								"east": {"uv": [6, 39], "uv_size": [2.5, 0.5]},
								"south": {"uv": [45, 1], "uv_size": [0.5, 0.5]},
								"west": {"uv": [9, 39], "uv_size": [2.5, 0.5]}
							}
						},
						{
							"origin": [0.14465, 0.60791, -3.45792],
							"size": [0.34876, 0.22562, 3.28125],
							"pivot": [0.30591, 0.70854, -1.81729],
							"rotation": [0, 0, 22.5],
							"uv": {
								"north": {"uv": [2, 45], "uv_size": [0.5, 0.5]},
								"east": {"uv": [12, 39], "uv_size": [2.5, 0.5]},
								"south": {"uv": [45, 2], "uv_size": [0.5, 0.5]},
								"west": {"uv": [15, 39], "uv_size": [2.5, 0.5]}
							}
						},
						{
							"origin": [-0.49341, 0.60791, -3.45792],
							"size": [0.34876, 0.22562, 3.28125],
							"pivot": [-0.30591, 0.70854, -1.81729],
							"rotation": [0, 0, -22.5],
							"uv": {
								"north": {"uv": [3, 45], "uv_size": [0.5, 0.5]},
								"east": {"uv": [39, 21], "uv_size": [2.5, 0.5]},
								"south": {"uv": [45, 3], "uv_size": [0.5, 0.5]},
								"west": {"uv": [39, 22], "uv_size": [2.5, 0.5]}
							}
						},
						{
							"origin": [0.44974, 0.81636, -3.45792],
							"size": [0.13002, 0.22562, 3.28125],
							"pivot": [0.39226, 0.91699, -1.81729],
							"rotation": [0, 0, 22.5],
							"uv": {
								"north": {"uv": [4, 45], "uv_size": [0.5, 0.5]},
								"south": {"uv": [45, 4], "uv_size": [0.5, 0.5]},
								"west": {"uv": [39, 23], "uv_size": [2.5, 0.5]}
							}
						},
						{
							"origin": [-0.57976, 0.81636, -3.45792],
							"size": [0.13002, 0.22562, 3.28125],
							"pivot": [-0.39226, 0.91699, -1.81729],
							"rotation": [0, 0, -22.5],
							"uv": {
								"north": {"uv": [5, 45], "uv_size": [0.5, 0.5]},
								"east": {"uv": [39, 24], "uv_size": [2.5, 0.5]},
								"south": {"uv": [45, 5], "uv_size": [0.5, 0.5]}
							}
						},
						{
							"origin": [0.48494, 0.09629, -3.83292],
							"size": [0.15625, 0.28125, 3.875],
							"pivot": [0.57869, 0.23691, -1.89542],
							"rotation": [0, 0, -30],
							"uv": {
								"north": {"uv": [6, 45], "uv_size": [0.5, 0.5]},
								"south": {"uv": [45, 6], "uv_size": [0.5, 0.5]},
								"west": {"uv": [38, 33], "uv_size": [3, 0.5]}
							}
						},
						{
							"origin": [-0.64119, 0.09629, -3.83292],
							"size": [0.15625, 0.28125, 3.875],
							"pivot": [-0.57869, 0.23691, -1.89542],
							"rotation": [0, 0, 30],
							"uv": {
								"north": {"uv": [7, 45], "uv_size": [0.5, 0.5]},
								"east": {"uv": [38, 34], "uv_size": [3, 0.5]},
								"south": {"uv": [45, 7], "uv_size": [0.5, 0.5]}
							}
						},
						{
							"origin": [-0.78125, -0.11005, -1.92667],
							"size": [1.5625, 0.5625, 0.5625],
							"uv": {
								"north": {"uv": [41, 20], "uv_size": [1.5, 0.5]},
								"east": {"uv": [8, 45], "uv_size": [0.5, 0.5]},
								"south": {"uv": [40, 41], "uv_size": [1.5, 0.5]},
								"west": {"uv": [45, 8], "uv_size": [0.5, 0.5]},
								"up": {"uv": [0, 42], "uv_size": [1.5, 0.5]},
								"down": {"uv": [42, 0.5], "uv_size": [1.5, -0.5]}
							}
						}
					]
				},
				{
					"name": "views",
					"pivot": [0, 1.56183, 11.04208]
				},
				{
					"name": "scope_view",
					"parent": "views",
					"pivot": [0, 1.56183, 11.04208]
				},
				{
					"name": "division",
					"pivot": [0, 1.56519, -84.50483],
					"cubes": [
						{
							"origin": [-11.50042, 8.06561, -84.59963],
							"size": [17.90875, 26.80836, 0.18969],
							"pivot": [-2.5, 1.61124, -84.50478],
							"rotation": [0, 0, -90],
							"uv": {
								"south": {"uv": [0, 0], "uv_size": [14.5, 11.5]}
							}
						},
						{
							"origin": [0.15833, 14.31561, -84.59963],
							"size": [26.80836, 26.80836, 0.18969],
							"pivot": [-2.5, 7.86124, -84.50478],
							"rotation": [0, 0, -90],
							"uv": {
								"south": {"uv": [0, 24], "uv_size": [11.5, 11.5]}
							}
						},
						{
							"origin": [-26.96669, 14.31561, -84.59963],
							"size": [26.80836, 26.80836, 0.18969],
							"pivot": [2.5, 7.86124, -84.50478],
							"rotation": [0, 0, 90],
							"uv": {
								"south": {"uv": [12, 24], "uv_size": [11.5, 11.5]}
							}
						},
						{
							"origin": [1.78331, -1.6515, -84.59963],
							"size": [26.80836, 26.80836, 0.18969],
							"pivot": [2.5, -8.10587, -84.50478],
							"rotation": [0, 0, 90],
							"uv": {
								"south": {"uv": [24, 24], "uv_size": [11.5, 11.5]}
							}
						},
						{
							"origin": [-28.59167, -1.6515, -84.59963],
							"size": [26.80836, 26.80836, 0.18969],
							"pivot": [-2.5, -8.10587, -84.50478],
							"rotation": [0, 0, -90],
							"uv": {
								"south": {"uv": [30, 0], "uv_size": [11.5, 11.5]}
							}
						},
						{
							"origin": [-8.95438, -34.19755, -84.59963],
							"size": [17.90875, 26.80836, 0.18969],
							"uv": {
								"south": {"uv": [0, 12], "uv_size": [14.5, 11.5]}
							}
						},
						{
							"origin": [-8.95438, 10.51956, -84.59963],
							"size": [17.90875, 26.80836, 0.18969],
							"uv": {
								"south": {"uv": [15, 0], "uv_size": [14.5, 11.5]}
							}
						},
						{
							"origin": [-6.50042, -31.6515, -84.59963],
							"size": [17.90875, 26.80836, 0.18969],
							"pivot": [2.5, 1.61124, -84.50478],
							"rotation": [0, 0, -90],
							"uv": {
								"south": {"uv": [15, 12], "uv_size": [14.5, 11.5]}
							}
						},
						{
							"origin": [-2.943, -9.41826, -84.59967],
							"size": [5.886, 3.2169, 0.18963],
							"uv": {
								"south": {"uv": [36, 19], "uv_size": [4.5, 1.5]}
							}
						},
						{
							"origin": [-2.943, 9.33174, -84.59967],
							"size": [5.886, 3.2169, 0.18963],
							"uv": {
								"south": {"uv": [36, 19], "uv_size": [4.5, 1.5]}
							}
						},
						{
							"origin": [-2.943, 9.33174, -84.59967],
							"size": [5.886, 3.2169, 0.18963],
							"pivot": [0, 1.56519, -84.50485],
							"rotation": [0, 0, 22.5],
							"uv": {
								"south": {"uv": [36, 19], "uv_size": [4.5, 1.5]}
							}
						},
						{
							"origin": [-2.943, -9.41826, -84.59967],
							"size": [5.886, 3.2169, 0.18963],
							"pivot": [0, 1.56519, -84.50485],
							"rotation": [0, 0, 22.5],
							"uv": {
								"south": {"uv": [36, 19], "uv_size": [4.5, 1.5]}
							}
						},
						{
							"origin": [-2.943, 9.33174, -84.59967],
							"size": [5.886, 5.7169, 0.18963],
							"pivot": [0, 1.56519, -84.50485],
							"rotation": [0, 0, 45],
							"uv": {
								"south": {"uv": [36, 19], "uv_size": [4.5, 1.5]}
							}
						},
						{
							"origin": [-2.943, -11.91826, -84.59967],
							"size": [5.886, 5.7169, 0.18963],
							"pivot": [0, 1.56519, -84.50485],
							"rotation": [0, 0, 45],
							"uv": {
								"south": {"uv": [36, 19], "uv_size": [4.5, 1.5]}
							}
						},
						{
							"origin": [-2.943, 9.33174, -84.59967],
							"size": [5.886, 3.2169, 0.18963],
							"pivot": [0, 1.56519, -84.50485],
							"rotation": [0, 0, 67.5],
							"uv": {
								"south": {"uv": [36, 19], "uv_size": [4.5, 1.5]}
							}
						},
						{
							"origin": [-2.943, -9.41826, -84.59967],
							"size": [5.886, 3.2169, 0.18963],
							"pivot": [0, 1.56519, -84.50485],
							"rotation": [0, 0, 67.5],
							"uv": {
								"south": {"uv": [36, 19], "uv_size": [4.5, 1.5]}
							}
						},
						{
							"origin": [-2.943, 9.33174, -84.59967],
							"size": [5.886, 3.2169, 0.18963],
							"pivot": [0, 1.56519, -84.50485],
							"rotation": [0, 0, 90],
							"uv": {
								"south": {"uv": [36, 19], "uv_size": [4.5, 1.5]}
							}
						},
						{
							"origin": [-2.943, -9.41826, -84.59967],
							"size": [5.886, 3.2169, 0.18963],
							"pivot": [0, 1.56519, -84.50485],
							"rotation": [0, 0, 90],
							"uv": {
								"south": {"uv": [36, 19], "uv_size": [4.5, 1.5]}
							}
						},
						{
							"origin": [-2.943, 9.33174, -84.59967],
							"size": [5.886, 3.2169, 0.18963],
							"pivot": [0, 1.56519, -84.50485],
							"rotation": [0, 0, 112.5],
							"uv": {
								"south": {"uv": [36, 19], "uv_size": [4.5, 1.5]}
							}
						},
						{
							"origin": [-2.943, -9.41826, -84.59967],
							"size": [5.886, 3.2169, 0.18963],
							"pivot": [0, 1.56519, -84.50485],
							"rotation": [0, 0, 112.5],
							"uv": {
								"south": {"uv": [36, 19], "uv_size": [4.5, 1.5]}
							}
						},
						{
							"origin": [-2.943, 9.33174, -84.59967],
							"size": [5.886, 5.7169, 0.18963],
							"pivot": [0, 1.56519, -84.50485],
							"rotation": [0, 0, 135],
							"uv": {
								"south": {"uv": [36, 19], "uv_size": [4.5, 1.5]}
							}
						},
						{
							"origin": [-2.943, -11.91826, -84.59967],
							"size": [5.886, 5.7169, 0.18963],
							"pivot": [0, 1.56519, -84.50485],
							"rotation": [0, 0, 135],
							"uv": {
								"south": {"uv": [36, 19], "uv_size": [4.5, 1.5]}
							}
						},
						{
							"origin": [-2.943, 9.33174, -84.59967],
							"size": [5.886, 3.2169, 0.18963],
							"pivot": [0, 1.56519, -84.50485],
							"rotation": [0, 0, 157.5],
							"uv": {
								"south": {"uv": [36, 19], "uv_size": [4.5, 1.5]}
							}
						},
						{
							"origin": [-2.943, -9.41826, -84.59967],
							"size": [5.886, 3.2169, 0.18963],
							"pivot": [0, 1.56519, -84.50485],
							"rotation": [0, 0, 157.5],
							"uv": {
								"south": {"uv": [36, 19], "uv_size": [4.5, 1.5]}
							}
						}
					]
				},
				{
					"name": "bone_illuminated",
					"parent": "division",
					"pivot": [0.2645, 0.7823, -84.50478],
					"cubes": [
						{
							"origin": [-0.0625, 1.49933, -84.48917],
							"size": [0.125, 0.125, 0.0625],
							"pivot": [0, 1.56183, -84.45792],
							"rotation": [0, 0, 45],
							"uv": {
								"south": {"uv": [42, 29], "uv_size": [0.5, 0.5]}
							}
						},
						{
							"origin": [-0.25042, 2.25475, -84.59963],
							"size": [0.40875, 0.11923, 0.18969],
							"pivot": [0, 1.61124, -84.50478],
							"rotation": [0, 0, -90],
							"uv": {
								"south": {"uv": [42, 30], "uv_size": [0.5, 0.5]}
							}
						},
						{
							"origin": [-0.24426, 2.27778, -84.59963],
							"size": [0.40875, 0.11923, 0.18969],
							"pivot": [0, 1.61124, -84.50478],
							"rotation": [0, 0, -120],
							"uv": {
								"south": {"uv": [42, 31], "uv_size": [0.5, 0.5]}
							}
						},
						{
							"origin": [-0.24426, 2.23173, -84.59963],
							"size": [0.40875, 0.11923, 0.18969],
							"pivot": [0, 1.61124, -84.50478],
							"rotation": [0, 0, -60],
							"uv": {
								"south": {"uv": [42, 32], "uv_size": [0.5, 0.5]}
							}
						},
						{
							"origin": [-0.2274, 2.21488, -84.59963],
							"size": [0.40875, 0.11923, 0.18969],
							"pivot": [0, 1.61124, -84.50478],
							"rotation": [0, 0, -30],
							"uv": {
								"south": {"uv": [42, 33], "uv_size": [0.5, 0.5]}
							}
						},
						{
							"origin": [-0.20437, 2.2087, -84.59963],
							"size": [0.40875, 0.11922, 0.18969],
							"uv": {
								"south": {"uv": [42, 34], "uv_size": [0.5, 0.5]}
							}
						},
						{
							"origin": [-0.2274, 0.88839, -84.59963],
							"size": [0.40875, 0.11923, 0.18969],
							"pivot": [0, 1.61124, -84.50478],
							"rotation": [0, 0, -150],
							"uv": {
								"south": {"uv": [42, 35], "uv_size": [0.5, 0.5]}
							}
						},
						{
							"origin": [-0.24426, 0.87153, -84.59963],
							"size": [0.40875, 0.11922, 0.18969],
							"pivot": [0, 1.61124, -84.50478],
							"rotation": [0, 0, -120],
							"uv": {
								"south": {"uv": [42, 36], "uv_size": [0.5, 0.5]}
							}
						},
						{
							"origin": [-0.25042, 0.8485, -84.59963],
							"size": [0.40875, 0.11923, 0.18969],
							"pivot": [0, 1.61124, -84.50478],
							"rotation": [0, 0, -90],
							"uv": {
								"south": {"uv": [42, 37], "uv_size": [0.5, 0.5]}
							}
						},
						{
							"origin": [0.24958, 0.8485, -84.59963],
							"size": [0.40875, 0.05672, 0.18969],
							"pivot": [0.5, 1.61124, -84.50478],
							"rotation": [0, 0, -90],
							"uv": {
								"south": {"uv": [42, 38], "uv_size": [0.5, 0.5]}
							}
						},
						{
							"origin": [0.56208, 0.8485, -84.59963],
							"size": [0.28375, 0.05672, 0.18969],
							"pivot": [0.75, 1.61124, -84.50478],
							"rotation": [0, 0, -90],
							"uv": {
								"south": {"uv": [42, 39], "uv_size": [0.5, 0.5]}
							}
						},
						{
							"origin": [0.74958, 0.8485, -84.59963],
							"size": [0.40875, 0.05672, 0.18969],
							"pivot": [1, 1.61124, -84.50478],
							"rotation": [0, 0, -90],
							"uv": {
								"south": {"uv": [40, 42], "uv_size": [0.5, 0.5]}
							}
						},
						{
							"origin": [1.24958, 0.8485, -84.59963],
							"size": [0.40875, 0.05672, 0.18969],
							"pivot": [1.5, 1.61124, -84.50478],
							"rotation": [0, 0, -90],
							"uv": {
								"south": {"uv": [42, 40], "uv_size": [0.5, 0.5]}
							}
						},
						{
							"origin": [1.06207, 0.8485, -84.59963],
							"size": [0.28375, 0.05672, 0.18969],
							"pivot": [1.25, 1.61124, -84.50478],
							"rotation": [0, 0, -90],
							"uv": {
								"south": {"uv": [41, 42], "uv_size": [0.5, 0.5]}
							}
						},
						{
							"origin": [1.74958, 0.8485, -84.59963],
							"size": [0.40875, 0.05672, 0.18969],
							"pivot": [2, 1.61124, -84.50478],
							"rotation": [0, 0, -90],
							"uv": {
								"south": {"uv": [42, 41], "uv_size": [0.5, 0.5]}
							}
						},
						{
							"origin": [1.56208, 0.8485, -84.59963],
							"size": [0.28375, 0.05672, 0.18969],
							"pivot": [1.75, 1.61124, -84.50478],
							"rotation": [0, 0, -90],
							"uv": {
								"south": {"uv": [42, 42], "uv_size": [0.5, 0.5]}
							}
						},
						{
							"origin": [1.21833, 1.50475, -84.59963],
							"size": [1.5025, 0.11923, 0.18969],
							"uv": {
								"south": {"uv": [42, 1], "uv_size": [1, 0.5]}
							}
						},
						{
							"origin": [-0.65832, 0.8485, -84.59963],
							"size": [0.40875, 0.05672, 0.18969],
							"pivot": [-0.5, 1.61124, -84.50478],
							"rotation": [0, 0, 90],
							"uv": {
								"south": {"uv": [0, 43], "uv_size": [0.5, 0.5]}
							}
						},
						{
							"origin": [-2.72082, 1.50475, -84.59963],
							"size": [1.5025, 0.11923, 0.18969],
							"uv": {
								"south": {"uv": [2, 42], "uv_size": [1, 0.5]}
							}
						},
						{
							"origin": [-0.84582, 0.8485, -84.59963],
							"size": [0.28375, 0.05672, 0.18969],
							"pivot": [-0.75, 1.61124, -84.50478],
							"rotation": [0, 0, 90],
							"uv": {
								"south": {"uv": [1, 43], "uv_size": [0.5, 0.5]}
							}
						},
						{
							"origin": [-1.15832, 0.8485, -84.59963],
							"size": [0.40875, 0.05672, 0.18969],
							"pivot": [-1, 1.61124, -84.50478],
							"rotation": [0, 0, 90],
							"uv": {
								"south": {"uv": [43, 1], "uv_size": [0.5, 0.5]}
							}
						},
						{
							"origin": [-1.34582, 0.8485, -84.59963],
							"size": [0.28375, 0.05672, 0.18969],
							"pivot": [-1.25, 1.61124, -84.50478],
							"rotation": [0, 0, 90],
							"uv": {
								"south": {"uv": [2, 43], "uv_size": [0.5, 0.5]}
							}
						},
						{
							"origin": [-1.65832, 0.8485, -84.59963],
							"size": [0.40875, 0.05672, 0.18969],
							"pivot": [-1.5, 1.61124, -84.50478],
							"rotation": [0, 0, 90],
							"uv": {
								"south": {"uv": [43, 2], "uv_size": [0.5, 0.5]}
							}
						},
						{
							"origin": [-1.84582, 0.8485, -84.59963],
							"size": [0.28375, 0.05672, 0.18969],
							"pivot": [-1.75, 1.61124, -84.50478],
							"rotation": [0, 0, 90],
							"uv": {
								"south": {"uv": [3, 43], "uv_size": [0.5, 0.5]}
							}
						},
						{
							"origin": [-2.15832, 0.8485, -84.59963],
							"size": [0.40875, 0.05672, 0.18969],
							"pivot": [-2, 1.61124, -84.50478],
							"rotation": [0, 0, 90],
							"uv": {
								"south": {"uv": [43, 3], "uv_size": [0.5, 0.5]}
							}
						},
						{
							"origin": [-0.24426, 0.82548, -84.59963],
							"size": [0.40875, 0.11922, 0.18969],
							"pivot": [0, 1.61124, -84.50478],
							"rotation": [0, 0, -60],
							"uv": {
								"south": {"uv": [4, 43], "uv_size": [0.5, 0.5]}
							}
						},
						{
							"origin": [-0.25012, 0.70706, -84.59963],
							"size": [0.09625, 0.33797, 0.18969],
							"pivot": [-0.2645, 0.7823, -84.50478],
							"rotation": [0, 0, 45],
							"uv": {
								"south": {"uv": [43, 4], "uv_size": [0.5, 0.5]}
							}
						},
						{
							"origin": [-0.01115, 0.94604, -84.59963],
							"size": [0.09696, 0.09695, 0.18969],
							"pivot": [-0.02552, 1.02128, -84.50478],
							"rotation": [0, 0, 45],
							"uv": {
								"south": {"uv": [5, 43], "uv_size": [0.5, 0.5]}
							}
						},
						{
							"origin": [0.15388, 0.70706, -84.59963],
							"size": [0.09625, 0.33797, 0.18969],
							"pivot": [0.2645, 0.7823, -84.50478],
							"rotation": [0, 0, -45],
							"uv": {
								"south": {"uv": [43, 5], "uv_size": [0.5, 0.5]}
							}
						}
					]
				}
			]
		}
	]
}