{
	"format_version": "1.12.0",
	"minecraft:geometry": [
		{
			"description": {
				"identifier": "geometry.unknown",
				"texture_width": 128,
				"texture_height": 128,
				"visible_bounds_width": 24,
				"visible_bounds_height": 11,
				"visible_bounds_offset": [0, 0.5, 0]
			},
			"bones": [
				{
					"name": "views",
					"pivot": [0, 1.375, 9.5]
				},
				{
					"name": "scope_view",
					"parent": "views",
					"pivot": [0, 1.375, 9.5]
				},
				{
					"name": "scope_body",
					"pivot": [0, 1.375, -4.125]
				},
				{
					"name": "bone2",
					"parent": "scope_body",
					"pivot": [0, 1.375, -4.125],
					"cubes": [
						{
							"origin": [0.74983, 1.186, -4.58],
							"size": [0.20034, 0.378, 1.085],
							"uv": {
								"north": {"uv": [112, 46], "uv_size": [0.5, 0.5]},
								"east": {"uv": [110, 39], "uv_size": [1, 0.5]},
								"south": {"uv": [112, 47], "uv_size": [0.5, 0.5]},
								"west": {"uv": [110, 40], "uv_size": [1, 0.5]}
							}
						},
						{
							"origin": [-0.95017, 1.186, -4.58],
							"size": [0.20034, 0.378, 1.085],
							"uv": {
								"north": {"uv": [112, 48], "uv_size": [0.5, 0.5]},
								"east": {"uv": [110, 41], "uv_size": [1, 0.5]},
								"south": {"uv": [112, 49], "uv_size": [0.5, 0.5]},
								"west": {"uv": [110, 42], "uv_size": [1, 0.5]}
							}
						},
						{
							"origin": [0.7742, 1.30852, -4.58],
							"size": [0.20034, 0.378, 1.085],
							"pivot": [-0.2958, 1.49752, -4.125],
							"rotation": [0, 0, 22.5],
							"uv": {
								"north": {"uv": [112, 50], "uv_size": [0.5, 0.5]},
								"east": {"uv": [110, 43], "uv_size": [1, 0.5]},
								"south": {"uv": [51, 112], "uv_size": [0.5, 0.5]},
								"west": {"uv": [110, 44], "uv_size": [1, 0.5]}
							}
						},
						{
							"origin": [-0.9258, 1.30852, -4.58],
							"size": [0.20034, 0.378, 1.085],
							"pivot": [-0.2958, 1.49752, -4.125],
							"rotation": [0, 0, 22.5],
							"uv": {
								"north": {"uv": [112, 51], "uv_size": [0.5, 0.5]},
								"east": {"uv": [110, 45], "uv_size": [1, 0.5]},
								"south": {"uv": [52, 112], "uv_size": [0.5, 0.5]},
								"west": {"uv": [110, 46], "uv_size": [1, 0.5]}
							}
						},
						{
							"origin": [0.84361, 1.41239, -4.58],
							"size": [0.20033, 0.378, 1.085],
							"pivot": [-0.22639, 1.60139, -4.125],
							"rotation": [0, 0, 45],
							"uv": {
								"north": {"uv": [112, 52], "uv_size": [0.5, 0.5]},
								"east": {"uv": [110, 47], "uv_size": [1, 0.5]},
								"south": {"uv": [53, 112], "uv_size": [0.5, 0.5]},
								"west": {"uv": [110, 48], "uv_size": [1, 0.5]}
							}
						},
						{
							"origin": [-0.85639, 1.41239, -4.58],
							"size": [0.20033, 0.378, 1.085],
							"pivot": [-0.22639, 1.60139, -4.125],
							"rotation": [0, 0, 45],
							"uv": {
								"north": {"uv": [112, 53], "uv_size": [0.5, 0.5]},
								"east": {"uv": [110, 49], "uv_size": [1, 0.5]},
								"south": {"uv": [54, 112], "uv_size": [0.5, 0.5]},
								"west": {"uv": [110, 51], "uv_size": [1, 0.5]}
							}
						},
						{
							"origin": [0.72546, 1.30852, -4.58],
							"size": [0.20034, 0.378, 1.085],
							"pivot": [0.2958, 1.49752, -4.125],
							"rotation": [0, 0, -22.5],
							"uv": {
								"north": {"uv": [112, 54], "uv_size": [0.5, 0.5]},
								"east": {"uv": [110, 52], "uv_size": [1, 0.5]},
								"south": {"uv": [55, 112], "uv_size": [0.5, 0.5]},
								"west": {"uv": [110, 53], "uv_size": [1, 0.5]}
							}
						},
						{
							"origin": [-0.97454, 1.30852, -4.58],
							"size": [0.20034, 0.378, 1.085],
							"pivot": [0.2958, 1.49752, -4.125],
							"rotation": [0, 0, -22.5],
							"uv": {
								"north": {"uv": [112, 55], "uv_size": [0.5, 0.5]},
								"east": {"uv": [82, 110], "uv_size": [1, 0.5]},
								"south": {"uv": [56, 112], "uv_size": [0.5, 0.5]},
								"west": {"uv": [83, 110], "uv_size": [1, 0.5]}
							}
						},
						{
							"origin": [0.65606, 1.41239, -4.58],
							"size": [0.20033, 0.378, 1.085],
							"pivot": [0.22639, 1.60139, -4.125],
							"rotation": [0, 0, -45],
							"uv": {
								"north": {"uv": [57, 112], "uv_size": [0.5, 0.5]},
								"east": {"uv": [84, 110], "uv_size": [1, 0.5]},
								"south": {"uv": [58, 112], "uv_size": [0.5, 0.5]},
								"west": {"uv": [85, 110], "uv_size": [1, 0.5]}
							}
						},
						{
							"origin": [-1.04394, 1.41239, -4.58],
							"size": [0.20033, 0.378, 1.085],
							"pivot": [0.22639, 1.60139, -4.125],
							"rotation": [0, 0, -45],
							"uv": {
								"north": {"uv": [59, 112], "uv_size": [0.5, 0.5]},
								"east": {"uv": [86, 110], "uv_size": [1, 0.5]},
								"south": {"uv": [60, 112], "uv_size": [0.5, 0.5]},
								"west": {"uv": [87, 110], "uv_size": [1, 0.5]}
							}
						},
						{
							"origin": [0.55219, 1.4818, -4.58],
							"size": [0.20033, 0.378, 1.085],
							"pivot": [0.12252, 1.6708, -4.125],
							"rotation": [0, 0, -67.5],
							"uv": {
								"north": {"uv": [61, 112], "uv_size": [0.5, 0.5]},
								"east": {"uv": [88, 110], "uv_size": [1, 0.5]},
								"south": {"uv": [62, 112], "uv_size": [0.5, 0.5]},
								"west": {"uv": [89, 110], "uv_size": [1, 0.5]}
							}
						},
						{
							"origin": [-1.14781, 1.4818, -4.58],
							"size": [0.20033, 0.378, 1.085],
							"pivot": [0.12252, 1.6708, -4.125],
							"rotation": [0, 0, -67.5],
							"uv": {
								"north": {"uv": [63, 112], "uv_size": [0.5, 0.5]},
								"east": {"uv": [90, 110], "uv_size": [1, 0.5]},
								"south": {"uv": [64, 112], "uv_size": [0.5, 0.5]},
								"west": {"uv": [91, 110], "uv_size": [1, 0.5]}
							}
						},
						{
							"origin": [-1.27033, 1.50617, -4.58],
							"size": [0.20033, 0.378, 1.085],
							"pivot": [0, 1.69517, -4.125],
							"rotation": [0, 0, -90],
							"uv": {
								"north": {"uv": [65, 112], "uv_size": [0.5, 0.5]},
								"east": {"uv": [92, 110], "uv_size": [1, 0.5]},
								"south": {"uv": [66, 112], "uv_size": [0.5, 0.5]},
								"west": {"uv": [93, 110], "uv_size": [1, 0.5]}
							}
						},
						{
							"origin": [0.42967, 1.50617, -4.58],
							"size": [0.20033, 0.378, 1.085],
							"pivot": [0, 1.69517, -4.125],
							"rotation": [0, 0, -90],
							"uv": {
								"north": {"uv": [67, 112], "uv_size": [0.5, 0.5]},
								"east": {"uv": [94, 110], "uv_size": [1, 0.5]},
								"south": {"uv": [68, 112], "uv_size": [0.5, 0.5]},
								"west": {"uv": [95, 110], "uv_size": [1, 0.5]}
							}
						},
						{
							"origin": [-1.39286, 1.4818, -4.58],
							"size": [0.20034, 0.378, 1.085],
							"pivot": [-0.12252, 1.6708, -4.125],
							"rotation": [0, 0, -112.5],
							"uv": {
								"north": {"uv": [112, 68], "uv_size": [0.5, 0.5]},
								"east": {"uv": [96, 110], "uv_size": [1, 0.5]},
								"south": {"uv": [69, 112], "uv_size": [0.5, 0.5]},
								"west": {"uv": [97, 110], "uv_size": [1, 0.5]}
							}
						},
						{
							"origin": [0.30714, 1.4818, -4.58],
							"size": [0.20034, 0.378, 1.085],
							"pivot": [-0.12252, 1.6708, -4.125],
							"rotation": [0, 0, -112.5],
							"uv": {
								"north": {"uv": [112, 69], "uv_size": [0.5, 0.5]},
								"east": {"uv": [98, 110], "uv_size": [1, 0.5]},
								"south": {"uv": [70, 112], "uv_size": [0.5, 0.5]},
								"west": {"uv": [99, 110], "uv_size": [1, 0.5]}
							}
						},
						{
							"origin": [-0.74526, 1.22676, -3.92196],
							"size": [1.49052, 0.29648, 4.56892],
							"uv": {
								"east": {"uv": [51, 108], "uv_size": [4.5, 0.5]},
								"west": {"uv": [56, 108], "uv_size": [4.5, 0.5]}
							}
						},
						{
							"origin": [-0.74526, 1.22676, -3.92196],
							"size": [1.49052, 0.29648, 4.56892],
							"pivot": [0, 1.375, -2.565],
							"rotation": [0, 0, 22.5],
							"uv": {
								"east": {"uv": [108, 56], "uv_size": [4.5, 0.5]},
								"west": {"uv": [108, 57], "uv_size": [4.5, 0.5]}
							}
						},
						{
							"origin": [-0.74526, 1.22676, -3.92196],
							"size": [1.49052, 0.29648, 4.56892],
							"pivot": [0, 1.375, -2.565],
							"rotation": [0, 0, 45],
							"uv": {
								"east": {"uv": [108, 58], "uv_size": [4.5, 0.5]},
								"west": {"uv": [108, 59], "uv_size": [4.5, 0.5]}
							}
						},
						{
							"origin": [-0.74526, 1.22676, -3.92196],
							"size": [1.49052, 0.29648, 4.56892],
							"pivot": [0, 1.375, -2.565],
							"rotation": [0, 0, -22.5],
							"uv": {
								"east": {"uv": [108, 60], "uv_size": [4.5, 0.5]},
								"west": {"uv": [61, 108], "uv_size": [4.5, 0.5]}
							}
						},
						{
							"origin": [-0.74526, 1.22676, -3.92196],
							"size": [1.49052, 0.29648, 4.56892],
							"pivot": [0, 1.375, -2.565],
							"rotation": [0, 0, -45],
							"uv": {
								"east": {"uv": [108, 61], "uv_size": [4.5, 0.5]},
								"west": {"uv": [108, 62], "uv_size": [4.5, 0.5]}
							}
						},
						{
							"origin": [-0.74526, 1.22676, -3.92196],
							"size": [1.49052, 0.29648, 4.56892],
							"pivot": [0, 1.375, -2.565],
							"rotation": [0, 0, -67.5],
							"uv": {
								"east": {"uv": [108, 63], "uv_size": [4.5, 0.5]},
								"west": {"uv": [108, 64], "uv_size": [4.5, 0.5]}
							}
						},
						{
							"origin": [-0.74526, 1.22676, -3.92196],
							"size": [1.49052, 0.29648, 4.56892],
							"pivot": [0, 1.375, -2.565],
							"rotation": [0, 0, -90],
							"uv": {
								"east": {"uv": [108, 65], "uv_size": [4.5, 0.5]},
								"west": {"uv": [66, 108], "uv_size": [4.5, 0.5]}
							}
						},
						{
							"origin": [-0.74526, 1.22676, -3.92196],
							"size": [1.49052, 0.29648, 4.56892],
							"pivot": [0, 1.375, -2.565],
							"rotation": [0, 0, -112.5],
							"uv": {
								"east": {"uv": [108, 66], "uv_size": [4.5, 0.5]},
								"west": {"uv": [108, 67], "uv_size": [4.5, 0.5]}
							}
						}
					]
				},
				{
					"name": "bone3",
					"parent": "scope_body",
					"pivot": [0, 1.375, 0.7625],
					"cubes": [
						{
							"origin": [-0.80764, 1.21435, 0.17888],
							"size": [0.11528, 0.3213, 0.99225],
							"uv": {
								"north": {"uv": [112, 70], "uv_size": [0.5, 0.5]},
								"east": {"uv": [100, 110], "uv_size": [1, 0.5]},
								"south": {"uv": [71, 112], "uv_size": [0.5, 0.5]},
								"west": {"uv": [101, 110], "uv_size": [1, 0.5]}
							}
						},
						{
							"origin": [0.69236, 1.21435, 0.17888],
							"size": [0.11528, 0.3213, 0.99225],
							"uv": {
								"north": {"uv": [112, 71], "uv_size": [0.5, 0.5]},
								"east": {"uv": [102, 110], "uv_size": [1, 0.5]},
								"south": {"uv": [72, 112], "uv_size": [0.5, 0.5]},
								"west": {"uv": [103, 110], "uv_size": [1, 0.5]}
							}
						},
						{
							"origin": [-0.78693, 1.31849, 0.17888],
							"size": [0.11529, 0.3213, 0.99225],
							"pivot": [-0.25143, 1.47914, 0.56063],
							"rotation": [0, 0, 22.5],
							"uv": {
								"north": {"uv": [112, 72], "uv_size": [0.5, 0.5]},
								"east": {"uv": [104, 110], "uv_size": [1, 0.5]},
								"south": {"uv": [73, 112], "uv_size": [0.5, 0.5]},
								"west": {"uv": [105, 110], "uv_size": [1, 0.5]}
							}
						},
						{
							"origin": [0.71307, 1.31849, 0.17888],
							"size": [0.11529, 0.3213, 0.99225],
							"pivot": [-0.25143, 1.47914, 0.56063],
							"rotation": [0, 0, 22.5],
							"uv": {
								"north": {"uv": [112, 73], "uv_size": [0.5, 0.5]},
								"east": {"uv": [111, 23], "uv_size": [1, 0.5]},
								"south": {"uv": [74, 112], "uv_size": [0.5, 0.5]},
								"west": {"uv": [111, 24], "uv_size": [1, 0.5]}
							}
						},
						{
							"origin": [-0.72793, 1.40678, 0.17888],
							"size": [0.11528, 0.3213, 0.99225],
							"pivot": [-0.19243, 1.56743, 0.56063],
							"rotation": [0, 0, 45],
							"uv": {
								"north": {"uv": [112, 74], "uv_size": [0.5, 0.5]},
								"east": {"uv": [111, 30], "uv_size": [1, 0.5]},
								"south": {"uv": [75, 112], "uv_size": [0.5, 0.5]},
								"west": {"uv": [111, 31], "uv_size": [1, 0.5]}
							}
						},
						{
							"origin": [-0.58797, 1.8724, -3.47112],
							"size": [0.20635, 0.5051, 2.89225],
							"pivot": [-0.53033, 2.10533, 0.675],
							"rotation": [0, 0, 55],
							"uv": {
								"north": {"uv": [112, 75], "uv_size": [0.5, 0.5]},
								"east": {"uv": [79, 108], "uv_size": [3, 0.5]},
								"west": {"uv": [108, 82], "uv_size": [3, 0.5]},
								"up": {"uv": [108, 83], "uv_size": [0.5, 3]},
								"down": {"uv": [108, 89], "uv_size": [0.5, -3]}
							}
						},
						{
							"origin": [0.38162, 1.8724, -3.47112],
							"size": [0.20635, 0.5051, 2.89225],
							"pivot": [0.53033, 2.10533, 0.675],
							"rotation": [0, 0, -55],
							"uv": {
								"north": {"uv": [76, 112], "uv_size": [0.5, 0.5]},
								"east": {"uv": [108, 89], "uv_size": [3, 0.5]},
								"west": {"uv": [108, 90], "uv_size": [3, 0.5]},
								"up": {"uv": [108, 91], "uv_size": [0.5, 3]},
								"down": {"uv": [109, 12], "uv_size": [0.5, -3]}
							}
						},
						{
							"origin": [0.32801, 1.74538, -0.62592],
							"size": [0.20635, 0.50511, 0.69225],
							"pivot": [0.43118, 1.99794, -0.2798],
							"rotation": [0, -17.5, -55],
							"uv": {
								"west": {"uv": [112, 76], "uv_size": [0.5, 0.5]},
								"up": {"uv": [77, 112], "uv_size": [0.5, 0.5]},
								"down": {"uv": [112, 77.5], "uv_size": [0.5, -0.5]}
							}
						},
						{
							"origin": [-0.53436, 1.74538, -0.62592],
							"size": [0.20635, 0.50511, 0.69225],
							"pivot": [-0.43118, 1.99794, -0.2798],
							"rotation": [0, 17.5, 55],
							"uv": {
								"east": {"uv": [78, 112], "uv_size": [0.5, 0.5]},
								"up": {"uv": [112, 78], "uv_size": [0.5, 0.5]},
								"down": {"uv": [79, 112.5], "uv_size": [0.5, -0.5]}
							}
						},
						{
							"origin": [-0.84907, 0.93561, -0.62592],
							"size": [0.20635, 0.4551, 0.71725],
							"pivot": [-0.74589, 1.16316, -0.2798],
							"rotation": [0, 17.5, -10],
							"uv": {
								"east": {"uv": [112, 79], "uv_size": [0.5, 0.5]},
								"up": {"uv": [80, 112], "uv_size": [0.5, 0.5]},
								"down": {"uv": [112, 80.5], "uv_size": [0.5, -0.5]}
							}
						},
						{
							"origin": [0.64272, 0.93561, -0.62592],
							"size": [0.20635, 0.4551, 0.71725],
							"pivot": [0.74589, 1.16316, -0.2798],
							"rotation": [0, -17.5, 10],
							"uv": {
								"west": {"uv": [81, 112], "uv_size": [0.5, 0.5]},
								"up": {"uv": [112, 81], "uv_size": [0.5, 0.5]},
								"down": {"uv": [82, 112.5], "uv_size": [0.5, -0.5]}
							}
						},
						{
							"origin": [0.7463, 0.91666, -3.47112],
							"size": [0.2201, 0.4551, 2.89225],
							"pivot": [0.86322, 1.25671, -2.025],
							"rotation": [0, 0, 10],
							"uv": {
								"north": {"uv": [112, 82], "uv_size": [0.5, 0.5]},
								"east": {"uv": [109, 12], "uv_size": [3, 0.5]},
								"west": {"uv": [109, 13], "uv_size": [3, 0.5]},
								"up": {"uv": [109, 14], "uv_size": [0.5, 3]},
								"down": {"uv": [109, 20], "uv_size": [0.5, -3]}
							}
						},
						{
							"origin": [-0.9664, 0.91666, -3.47112],
							"size": [0.2201, 0.4551, 2.89225],
							"pivot": [-0.86322, 1.25671, -2.025],
							"rotation": [0, 0, -10],
							"uv": {
								"north": {"uv": [83, 112], "uv_size": [0.5, 0.5]},
								"east": {"uv": [109, 20], "uv_size": [3, 0.5]},
								"west": {"uv": [109, 21], "uv_size": [3, 0.5]},
								"up": {"uv": [109, 25], "uv_size": [0.5, 3]},
								"down": {"uv": [109, 31], "uv_size": [0.5, -3]}
							}
						},
						{
							"origin": [0.77207, 1.40678, 0.17888],
							"size": [0.11528, 0.3213, 0.99225],
							"pivot": [-0.19243, 1.56743, 0.56063],
							"rotation": [0, 0, 45],
							"uv": {
								"north": {"uv": [112, 83], "uv_size": [0.5, 0.5]},
								"east": {"uv": [111, 32], "uv_size": [1, 0.5]},
								"south": {"uv": [84, 112], "uv_size": [0.5, 0.5]},
								"west": {"uv": [111, 33], "uv_size": [1, 0.5]}
							}
						},
						{
							"origin": [-0.82836, 1.31849, 0.17888],
							"size": [0.11529, 0.3213, 0.99225],
							"pivot": [0.25143, 1.47914, 0.56063],
							"rotation": [0, 0, -22.5],
							"uv": {
								"north": {"uv": [112, 84], "uv_size": [0.5, 0.5]},
								"east": {"uv": [111, 36], "uv_size": [1, 0.5]},
								"south": {"uv": [85, 112], "uv_size": [0.5, 0.5]},
								"west": {"uv": [111, 37], "uv_size": [1, 0.5]}
							}
						},
						{
							"origin": [0.67164, 1.31849, 0.17888],
							"size": [0.11529, 0.3213, 0.99225],
							"pivot": [0.25143, 1.47914, 0.56063],
							"rotation": [0, 0, -22.5],
							"uv": {
								"north": {"uv": [112, 85], "uv_size": [0.5, 0.5]},
								"east": {"uv": [111, 38], "uv_size": [1, 0.5]},
								"south": {"uv": [86, 112], "uv_size": [0.5, 0.5]},
								"west": {"uv": [111, 39], "uv_size": [1, 0.5]}
							}
						},
						{
							"origin": [-0.88735, 1.40678, 0.17888],
							"size": [0.11528, 0.3213, 0.99225],
							"pivot": [0.19243, 1.56743, 0.56063],
							"rotation": [0, 0, -45],
							"uv": {
								"north": {"uv": [112, 86], "uv_size": [0.5, 0.5]},
								"east": {"uv": [111, 40], "uv_size": [1, 0.5]},
								"south": {"uv": [87, 112], "uv_size": [0.5, 0.5]},
								"west": {"uv": [111, 41], "uv_size": [1, 0.5]}
							}
						},
						{
							"origin": [0.61265, 1.40678, 0.17888],
							"size": [0.11528, 0.3213, 0.99225],
							"pivot": [0.19243, 1.56743, 0.56063],
							"rotation": [0, 0, -45],
							"uv": {
								"north": {"uv": [112, 87], "uv_size": [0.5, 0.5]},
								"east": {"uv": [111, 42], "uv_size": [1, 0.5]},
								"south": {"uv": [88, 112], "uv_size": [0.5, 0.5]},
								"west": {"uv": [111, 43], "uv_size": [1, 0.5]}
							}
						},
						{
							"origin": [-0.97564, 1.46578, 0.17888],
							"size": [0.11528, 0.3213, 0.99225],
							"pivot": [0.10414, 1.62643, 0.56063],
							"rotation": [0, 0, -67.5],
							"uv": {
								"north": {"uv": [112, 88], "uv_size": [0.5, 0.5]},
								"east": {"uv": [111, 44], "uv_size": [1, 0.5]},
								"south": {"uv": [89, 112], "uv_size": [0.5, 0.5]},
								"west": {"uv": [111, 45], "uv_size": [1, 0.5]}
							}
						},
						{
							"origin": [0.52436, 1.46578, 0.17888],
							"size": [0.11528, 0.3213, 0.99225],
							"pivot": [0.10414, 1.62643, 0.56063],
							"rotation": [0, 0, -67.5],
							"uv": {
								"north": {"uv": [112, 89], "uv_size": [0.5, 0.5]},
								"east": {"uv": [111, 46], "uv_size": [1, 0.5]},
								"south": {"uv": [90, 112], "uv_size": [0.5, 0.5]},
								"west": {"uv": [111, 47], "uv_size": [1, 0.5]}
							}
						},
						{
							"origin": [-1.07978, 1.48649, 0.17888],
							"size": [0.11528, 0.3213, 0.99225],
							"pivot": [0, 1.64714, 0.56063],
							"rotation": [0, 0, -90],
							"uv": {
								"north": {"uv": [112, 90], "uv_size": [0.5, 0.5]},
								"east": {"uv": [111, 48], "uv_size": [1, 0.5]},
								"south": {"uv": [91, 112], "uv_size": [0.5, 0.5]},
								"west": {"uv": [111, 49], "uv_size": [1, 0.5]}
							}
						},
						{
							"origin": [0.42022, 1.48649, 0.17888],
							"size": [0.11528, 0.3213, 0.99225],
							"pivot": [0, 1.64714, 0.56063],
							"rotation": [0, 0, -90],
							"uv": {
								"north": {"uv": [112, 91], "uv_size": [0.5, 0.5]},
								"east": {"uv": [111, 51], "uv_size": [1, 0.5]},
								"south": {"uv": [92, 112], "uv_size": [0.5, 0.5]},
								"west": {"uv": [111, 52], "uv_size": [1, 0.5]}
							}
						},
						{
							"origin": [0.31607, 1.46578, 0.17888],
							"size": [0.11529, 0.3213, 0.99225],
							"pivot": [-0.10414, 1.62643, 0.56063],
							"rotation": [0, 0, -112.5],
							"uv": {
								"north": {"uv": [112, 92], "uv_size": [0.5, 0.5]},
								"east": {"uv": [111, 53], "uv_size": [1, 0.5]},
								"south": {"uv": [93, 112], "uv_size": [0.5, 0.5]},
								"west": {"uv": [111, 54], "uv_size": [1, 0.5]}
							}
						},
						{
							"origin": [-1.18393, 1.46578, 0.17888],
							"size": [0.11529, 0.3213, 0.99225],
							"pivot": [-0.10414, 1.62643, 0.56063],
							"rotation": [0, 0, -112.5],
							"uv": {
								"north": {"uv": [112, 93], "uv_size": [0.5, 0.5]},
								"east": {"uv": [111, 55], "uv_size": [1, 0.5]},
								"south": {"uv": [94, 112], "uv_size": [0.5, 0.5]},
								"west": {"uv": [82, 111], "uv_size": [1, 0.5]}
							}
						}
					]
				},
				{
					"name": "bone4",
					"parent": "scope_body",
					"pivot": [0, 1.375, 0.5125],
					"cubes": [
						{
							"origin": [-0.80764, 1.21435, -3.47113],
							"size": [1.61528, 0.3213, 3.59225],
							"uv": {
								"north": {"uv": [110, 9], "uv_size": [1.5, 0.5]},
								"east": {"uv": [108, 68], "uv_size": [3.5, 0.5]},
								"south": {"uv": [110, 10], "uv_size": [1.5, 0.5]},
								"west": {"uv": [108, 69], "uv_size": [3.5, 0.5]}
							}
						},
						{
							"origin": [-0.78693, 1.31849, -3.47113],
							"size": [1.61529, 0.3213, 3.59225],
							"pivot": [-0.25143, 1.47914, 0.31063],
							"rotation": [0, 0, 22.5],
							"uv": {
								"north": {"uv": [110, 11], "uv_size": [1.5, 0.5]},
								"east": {"uv": [108, 70], "uv_size": [3.5, 0.5]},
								"south": {"uv": [110, 14], "uv_size": [1.5, 0.5]},
								"west": {"uv": [71, 108], "uv_size": [3.5, 0.5]}
							}
						},
						{
							"origin": [-0.72793, 1.40678, -3.47113],
							"size": [1.61528, 0.3213, 3.59225],
							"pivot": [-0.19243, 1.56743, 0.31063],
							"rotation": [0, 0, 45],
							"uv": {
								"north": {"uv": [110, 15], "uv_size": [1.5, 0.5]},
								"east": {"uv": [108, 71], "uv_size": [3.5, 0.5]},
								"south": {"uv": [110, 16], "uv_size": [1.5, 0.5]},
								"west": {"uv": [108, 72], "uv_size": [3.5, 0.5]}
							}
						},
						{
							"origin": [-0.82836, 1.31849, -3.47113],
							"size": [1.61529, 0.3213, 3.59225],
							"pivot": [0.25143, 1.47914, 0.31063],
							"rotation": [0, 0, -22.5],
							"uv": {
								"north": {"uv": [110, 17], "uv_size": [1.5, 0.5]},
								"east": {"uv": [108, 73], "uv_size": [3.5, 0.5]},
								"south": {"uv": [110, 18], "uv_size": [1.5, 0.5]},
								"west": {"uv": [108, 74], "uv_size": [3.5, 0.5]}
							}
						},
						{
							"origin": [-0.88735, 1.40678, -3.47113],
							"size": [1.61528, 0.3213, 3.59225],
							"pivot": [0.19243, 1.56743, 0.31063],
							"rotation": [0, 0, -45],
							"uv": {
								"north": {"uv": [110, 19], "uv_size": [1.5, 0.5]},
								"east": {"uv": [75, 108], "uv_size": [3.5, 0.5]},
								"south": {"uv": [110, 25], "uv_size": [1.5, 0.5]},
								"west": {"uv": [108, 75], "uv_size": [3.5, 0.5]}
							}
						},
						{
							"origin": [-0.97564, 1.46578, -3.47113],
							"size": [1.61528, 0.3213, 3.59225],
							"pivot": [0.10414, 1.62643, 0.31063],
							"rotation": [0, 0, -67.5],
							"uv": {
								"north": {"uv": [110, 26], "uv_size": [1.5, 0.5]},
								"east": {"uv": [108, 76], "uv_size": [3.5, 0.5]},
								"south": {"uv": [110, 27], "uv_size": [1.5, 0.5]},
								"west": {"uv": [108, 77], "uv_size": [3.5, 0.5]}
							}
						},
						{
							"origin": [-1.07978, 1.48649, -3.47113],
							"size": [1.61528, 0.3213, 3.59225],
							"pivot": [0, 1.64714, 0.31063],
							"rotation": [0, 0, -90],
							"uv": {
								"north": {"uv": [110, 28], "uv_size": [1.5, 0.5]},
								"east": {"uv": [108, 78], "uv_size": [3.5, 0.5]},
								"south": {"uv": [110, 29], "uv_size": [1.5, 0.5]},
								"west": {"uv": [108, 79], "uv_size": [3.5, 0.5]}
							}
						},
						{
							"origin": [-0.82978, 0.76149, -3.47113],
							"size": [0.35, 0.7713, 2.86725],
							"pivot": [0, 1.14714, 0.31063],
							"rotation": [0, 0, -90],
							"uv": {
								"north": {"uv": [111, 82], "uv_size": [0.5, 1]},
								"south": {"uv": [83, 111], "uv_size": [0.5, 1]},
								"up": {"uv": [109, 31], "uv_size": [0.5, 3]},
								"down": {"uv": [109, 37], "uv_size": [0.5, -3]}
							}
						},
						{
							"origin": [-0.175, 0.20671, -0.87113],
							"size": [0.55, 0.5713, 0.89225],
							"pivot": [0, 0.49236, -0.2875],
							"rotation": [0, 35, -90],
							"uv": {
								"east": {"uv": [111, 83], "uv_size": [1, 0.5]},
								"up": {"uv": [84, 111], "uv_size": [0.5, 1]},
								"down": {"uv": [111, 85], "uv_size": [0.5, -1]}
							}
						},
						{
							"origin": [-0.175, 0.41538, -0.82657],
							"size": [0.15, 0.5713, 0.89225],
							"pivot": [0, 0.70103, -0.24294],
							"rotation": [0, 0, -90],
							"uv": {
								"south": {"uv": [112, 94], "uv_size": [0.5, 0.5]},
								"up": {"uv": [85, 111], "uv_size": [0.5, 1]},
								"down": {"uv": [111, 86], "uv_size": [0.5, -1]}
							}
						},
						{
							"origin": [-0.50478, 0.56149, -3.47113],
							"size": [0.225, 1.1713, 2.86725],
							"pivot": [0, 1.14714, 0.31063],
							"rotation": [0, 0, -90],
							"uv": {
								"north": {"uv": [86, 111], "uv_size": [0.5, 1]},
								"south": {"uv": [111, 86], "uv_size": [0.5, 1]},
								"up": {"uv": [109, 38], "uv_size": [0.5, 3]},
								"down": {"uv": [109, 44], "uv_size": [0.5, -3]}
							}
						},
						{
							"origin": [-0.65692, 0.55001, -3.47113],
							"size": [0.325, 0.1713, 2.86725],
							"pivot": [-0.44442, 0.63566, -2.0375],
							"rotation": [0, 0, -140],
							"uv": {
								"north": {"uv": [95, 112], "uv_size": [0.5, 0.5]},
								"south": {"uv": [112, 95], "uv_size": [0.5, 0.5]},
								"up": {"uv": [109, 44], "uv_size": [0.5, 3]}
							}
						},
						{
							"origin": [0.33192, 0.55001, -3.47113],
							"size": [0.325, 0.1713, 2.86725],
							"pivot": [0.44442, 0.63566, -2.0375],
							"rotation": [0, 0, 140],
							"uv": {
								"north": {"uv": [96, 112], "uv_size": [0.5, 0.5]},
								"south": {"uv": [112, 96], "uv_size": [0.5, 0.5]},
								"up": {"uv": [109, 47], "uv_size": [0.5, 3]}
							}
						},
						{
							"origin": [0.23192, 0.20001, -3.47113],
							"size": [0.325, 0.1713, 2.86725],
							"pivot": [0.34442, 0.28566, -2.0375],
							"rotation": [0, 0, 140],
							"uv": {
								"north": {"uv": [97, 112], "uv_size": [0.5, 0.5]},
								"east": {"uv": [109, 22], "uv_size": [3, 0.5]},
								"south": {"uv": [112, 97], "uv_size": [0.5, 0.5]}
							}
						},
						{
							"origin": [-0.55692, 0.20001, -3.47113],
							"size": [0.325, 0.1713, 2.86725],
							"pivot": [-0.34442, 0.28566, -2.0375],
							"rotation": [0, 0, -140],
							"uv": {
								"north": {"uv": [98, 112], "uv_size": [0.5, 0.5]},
								"south": {"uv": [112, 98], "uv_size": [0.5, 0.5]},
								"west": {"uv": [109, 50], "uv_size": [3, 0.5]}
							}
						},
						{
							"origin": [-1.20478, 0.5733, -3.47113],
							"size": [0.37588, 1.14768, 2.86725],
							"pivot": [0, 1.14714, 0.31063],
							"rotation": [0, 0, -90],
							"uv": {
								"north": {"uv": [87, 111], "uv_size": [0.5, 1]},
								"south": {"uv": [111, 87], "uv_size": [0.5, 1]},
								"west": {"uv": [108, 37], "uv_size": [3, 1]}
							}
						},
						{
							"origin": [-1.40478, 0.43649, -3.47113],
							"size": [0.2, 1.4213, 2.86725],
							"pivot": [0, 1.14714, 0.31063],
							"rotation": [0, 0, -90],
							"uv": {
								"north": {"uv": [110, 30], "uv_size": [0.5, 1.5]},
								"east": {"uv": [108, 23], "uv_size": [3, 1.5]},
								"south": {"uv": [110, 32], "uv_size": [0.5, 1.5]},
								"up": {"uv": [51, 109], "uv_size": [0.5, 3]},
								"down": {"uv": [109, 54], "uv_size": [0.5, -3]}
							}
						},
						{
							"origin": [-0.78525, -0.05109, -3.47113],
							"size": [0.4, 0.2213, 2.86725],
							"pivot": [-0.58525, 0.10956, -2.0375],
							"rotation": [0, 0, -70],
							"uv": {
								"north": {"uv": [99, 112], "uv_size": [0.5, 0.5]},
								"south": {"uv": [112, 99], "uv_size": [0.5, 0.5]},
								"up": {"uv": [52, 109], "uv_size": [0.5, 3]}
							}
						},
						{
							"origin": [0.38525, -0.05109, -3.47113],
							"size": [0.4, 0.2213, 2.86725],
							"pivot": [0.58525, 0.10956, -2.0375],
							"rotation": [0, 0, 70],
							"uv": {
								"north": {"uv": [100, 112], "uv_size": [0.5, 0.5]},
								"south": {"uv": [112, 100], "uv_size": [0.5, 0.5]},
								"up": {"uv": [53, 109], "uv_size": [0.5, 3]}
							}
						},
						{
							"origin": [-1.18393, 1.46578, -3.47113],
							"size": [1.61529, 0.3213, 3.59225],
							"pivot": [-0.10414, 1.62643, 0.31063],
							"rotation": [0, 0, -112.5],
							"uv": {
								"north": {"uv": [110, 34], "uv_size": [1.5, 0.5]},
								"east": {"uv": [108, 80], "uv_size": [3.5, 0.5]},
								"south": {"uv": [110, 35], "uv_size": [1.5, 0.5]},
								"west": {"uv": [108, 81], "uv_size": [3.5, 0.5]}
							}
						}
					]
				},
				{
					"name": "ocular_ring",
					"pivot": [0, 1.375, 1.19613],
					"cubes": [
						{
							"origin": [0.69236, 1.21435, 1.17113],
							"size": [0.11527, 0.3213, 0.025],
							"uv": {
								"east": {"uv": [95, 111], "uv_size": [0.5, 0.5]},
								"south": {"uv": [96, 111], "uv_size": [0.5, 0.5]},
								"west": {"uv": [97, 111], "uv_size": [0.5, 0.5]}
							}
						},
						{
							"origin": [0.67164, 1.31849, 1.17113],
							"size": [0.11528, 0.3213, 0.025],
							"pivot": [0.25143, 1.47914, 1.06063],
							"rotation": [0, 0, -22.5],
							"uv": {
								"east": {"uv": [98, 111], "uv_size": [0.5, 0.5]},
								"south": {"uv": [99, 111], "uv_size": [0.5, 0.5]},
								"west": {"uv": [100, 111], "uv_size": [0.5, 0.5]}
							}
						},
						{
							"origin": [0.61265, 1.40678, 1.17113],
							"size": [0.11528, 0.32131, 0.025],
							"pivot": [0.19243, 1.56743, 1.06063],
							"rotation": [0, 0, -45],
							"uv": {
								"east": {"uv": [101, 111], "uv_size": [0.5, 0.5]},
								"south": {"uv": [102, 111], "uv_size": [0.5, 0.5]},
								"west": {"uv": [103, 111], "uv_size": [0.5, 0.5]}
							}
						},
						{
							"origin": [0.52436, 1.46578, 1.17113],
							"size": [0.11528, 0.32131, 0.025],
							"pivot": [0.10414, 1.62643, 1.06063],
							"rotation": [0, 0, -67.5],
							"uv": {
								"east": {"uv": [104, 111], "uv_size": [0.5, 0.5]},
								"south": {"uv": [105, 111], "uv_size": [0.5, 0.5]},
								"west": {"uv": [112, 9], "uv_size": [0.5, 0.5]}
							}
						},
						{
							"origin": [0.42022, 1.48649, 1.17113],
							"size": [0.11528, 0.32131, 0.025],
							"pivot": [0, 1.64714, 1.06063],
							"rotation": [0, 0, -90],
							"uv": {
								"east": {"uv": [112, 10], "uv_size": [0.5, 0.5]},
								"south": {"uv": [112, 11], "uv_size": [0.5, 0.5]},
								"west": {"uv": [112, 12], "uv_size": [0.5, 0.5]}
							}
						},
						{
							"origin": [0.31607, 1.46578, 1.17113],
							"size": [0.11529, 0.32131, 0.025],
							"pivot": [-0.10414, 1.62643, 1.06063],
							"rotation": [0, 0, -112.5],
							"uv": {
								"east": {"uv": [112, 13], "uv_size": [0.5, 0.5]},
								"south": {"uv": [112, 14], "uv_size": [0.5, 0.5]},
								"west": {"uv": [112, 15], "uv_size": [0.5, 0.5]}
							}
						},
						{
							"origin": [-0.72793, 1.40678, 1.17113],
							"size": [0.11527, 0.3213, 0.025],
							"pivot": [-0.19243, 1.56743, 1.06063],
							"rotation": [0, 0, 45],
							"uv": {
								"east": {"uv": [112, 16], "uv_size": [0.5, 0.5]},
								"south": {"uv": [112, 17], "uv_size": [0.5, 0.5]},
								"west": {"uv": [112, 18], "uv_size": [0.5, 0.5]}
							}
						},
						{
							"origin": [-0.78693, 1.31849, 1.17113],
							"size": [0.11528, 0.3213, 0.025],
							"pivot": [-0.25143, 1.47914, 1.06063],
							"rotation": [0, 0, 22.5],
							"uv": {
								"east": {"uv": [112, 19], "uv_size": [0.5, 0.5]},
								"south": {"uv": [112, 20], "uv_size": [0.5, 0.5]},
								"west": {"uv": [112, 21], "uv_size": [0.5, 0.5]}
							}
						},
						{
							"origin": [-0.80764, 1.21435, 1.17113],
							"size": [0.11527, 0.3213, 0.025],
							"uv": {
								"east": {"uv": [112, 22], "uv_size": [0.5, 0.5]},
								"south": {"uv": [112, 23], "uv_size": [0.5, 0.5]},
								"west": {"uv": [112, 24], "uv_size": [0.5, 0.5]}
							}
						},
						{
							"origin": [-0.82836, 1.31849, 1.17113],
							"size": [0.11528, 0.3213, 0.025],
							"pivot": [0.25143, 1.47914, 1.06063],
							"rotation": [0, 0, -22.5],
							"uv": {
								"east": {"uv": [112, 25], "uv_size": [0.5, 0.5]},
								"south": {"uv": [112, 26], "uv_size": [0.5, 0.5]},
								"west": {"uv": [112, 27], "uv_size": [0.5, 0.5]}
							}
						},
						{
							"origin": [-0.88735, 1.40678, 1.17113],
							"size": [0.11528, 0.32131, 0.025],
							"pivot": [0.19243, 1.56743, 1.06063],
							"rotation": [0, 0, -45],
							"uv": {
								"east": {"uv": [112, 28], "uv_size": [0.5, 0.5]},
								"south": {"uv": [112, 29], "uv_size": [0.5, 0.5]},
								"west": {"uv": [112, 30], "uv_size": [0.5, 0.5]}
							}
						},
						{
							"origin": [-0.97564, 1.46578, 1.17113],
							"size": [0.11528, 0.32131, 0.025],
							"pivot": [0.10414, 1.62643, 1.06063],
							"rotation": [0, 0, -67.5],
							"uv": {
								"east": {"uv": [112, 31], "uv_size": [0.5, 0.5]},
								"south": {"uv": [112, 32], "uv_size": [0.5, 0.5]},
								"west": {"uv": [112, 33], "uv_size": [0.5, 0.5]}
							}
						},
						{
							"origin": [-1.07978, 1.48649, 1.17113],
							"size": [0.11528, 0.32131, 0.025],
							"pivot": [0, 1.64714, 1.06063],
							"rotation": [0, 0, -90],
							"uv": {
								"east": {"uv": [112, 34], "uv_size": [0.5, 0.5]},
								"south": {"uv": [112, 35], "uv_size": [0.5, 0.5]},
								"west": {"uv": [112, 36], "uv_size": [0.5, 0.5]}
							}
						},
						{
							"origin": [-1.18393, 1.46578, 1.17113],
							"size": [0.11529, 0.32131, 0.025],
							"pivot": [-0.10414, 1.62643, 1.06063],
							"rotation": [0, 0, -112.5],
							"uv": {
								"east": {"uv": [112, 37], "uv_size": [0.5, 0.5]},
								"south": {"uv": [112, 38], "uv_size": [0.5, 0.5]},
								"west": {"uv": [112, 39], "uv_size": [0.5, 0.5]}
							}
						},
						{
							"origin": [0.77207, 1.40678, 1.17113],
							"size": [0.11527, 0.3213, 0.025],
							"pivot": [-0.19243, 1.56743, 1.06063],
							"rotation": [0, 0, 45],
							"uv": {
								"east": {"uv": [112, 40], "uv_size": [0.5, 0.5]},
								"south": {"uv": [112, 41], "uv_size": [0.5, 0.5]},
								"west": {"uv": [112, 42], "uv_size": [0.5, 0.5]}
							}
						},
						{
							"origin": [0.71307, 1.31849, 1.17113],
							"size": [0.11528, 0.3213, 0.025],
							"pivot": [-0.25143, 1.47914, 1.06063],
							"rotation": [0, 0, 22.5],
							"uv": {
								"east": {"uv": [112, 43], "uv_size": [0.5, 0.5]},
								"south": {"uv": [112, 44], "uv_size": [0.5, 0.5]},
								"west": {"uv": [112, 45], "uv_size": [0.5, 0.5]}
							}
						}
					]
				},
				{
					"name": "ocular",
					"pivot": [0, 1.375, 0.8375],
					"cubes": [
						{
							"origin": [-0.74526, 1.22676, 0.82804],
							"size": [1.49052, 0.29648, 0.01892],
							"pivot": [0, 1.375, 0.8375],
							"rotation": [0, 0, -90],
							"uv": {
								"south": {"uv": [109, 54], "uv_size": [1.5, 0.5]}
							}
						},
						{
							"origin": [-0.74526, 1.22676, 0.82804],
							"size": [1.49052, 0.29648, 0.01892],
							"pivot": [0, 1.375, 0.8375],
							"rotation": [0, 0, -67.5],
							"uv": {
								"south": {"uv": [109, 55], "uv_size": [1.5, 0.5]}
							}
						},
						{
							"origin": [-0.74526, 1.22676, 0.82804],
							"size": [1.49052, 0.29648, 0.01892],
							"pivot": [0, 1.375, 0.8375],
							"rotation": [0, 0, -45],
							"uv": {
								"south": {"uv": [109, 83], "uv_size": [1.5, 0.5]}
							}
						},
						{
							"origin": [-0.74526, 1.22676, 0.82804],
							"size": [1.49052, 0.29648, 0.01892],
							"pivot": [0, 1.375, 0.8375],
							"rotation": [0, 0, -22.5],
							"uv": {
								"south": {"uv": [109, 84], "uv_size": [1.5, 0.5]}
							}
						},
						{
							"origin": [-0.74526, 1.22676, 0.82804],
							"size": [1.49052, 0.29648, 0.01892],
							"uv": {
								"south": {"uv": [109, 85], "uv_size": [1.5, 0.5]}
							}
						},
						{
							"origin": [-0.74526, 1.22676, 0.82804],
							"size": [1.49052, 0.29648, 0.01892],
							"pivot": [0, 1.375, 0.8375],
							"rotation": [0, 0, 45],
							"uv": {
								"south": {"uv": [109, 86], "uv_size": [1.5, 0.5]}
							}
						},
						{
							"origin": [-0.74526, 1.22676, 0.82804],
							"size": [1.49052, 0.29648, 0.01892],
							"pivot": [0, 1.375, 0.8375],
							"rotation": [0, 0, 22.5],
							"uv": {
								"south": {"uv": [109, 87], "uv_size": [1.5, 0.5]}
							}
						},
						{
							"origin": [-0.74526, 1.22676, 0.82804],
							"size": [1.49052, 0.29648, 0.01892],
							"pivot": [0, 1.375, 0.8375],
							"rotation": [0, 0, -112.5],
							"uv": {
								"south": {"uv": [109, 88], "uv_size": [1.5, 0.5]}
							}
						}
					]
				},
				{
					"name": "lens",
					"pivot": [0, 1.375, -4.2625],
					"cubes": [
						{
							"origin": [-0.74526, 1.22676, -4.27196],
							"size": [1.49052, 0.29648, 0.01892],
							"pivot": [0, 1.375, -4.2625],
							"rotation": [0, 0, -45],
							"uv": {
								"north": {"uv": [109, 91], "uv_size": [1.5, 0.5]}
							}
						},
						{
							"origin": [-0.74775, 0.92925, -4.27196],
							"size": [1.49052, 0.29648, 0.01892],
							"pivot": [-0.00249, 1.37749, -4.2625],
							"rotation": [0, 0, -45],
							"uv": {
								"north": {"uv": [109, 92], "uv_size": [1.5, 0.5]}
							}
						},
						{
							"origin": [-1.16704, 1.34854, -4.27196],
							"size": [1.49052, 0.29648, 0.01892],
							"pivot": [-0.42178, 1.79678, -4.2625],
							"rotation": [0, 0, -45],
							"uv": {
								"north": {"uv": [109, 93], "uv_size": [1.5, 0.5]}
							}
						},
						{
							"origin": [-1.03955, 1.64605, -4.27196],
							"size": [1.24052, 0.32148, 0.01892],
							"pivot": [-0.41929, 1.79429, -4.2625],
							"rotation": [0, 0, -45],
							"uv": {
								"north": {"uv": [110, 36], "uv_size": [1, 0.5]}
							}
						},
						{
							"origin": [-0.1833, 0.7898, -4.27196],
							"size": [1.24052, 0.32148, 0.01892],
							"pivot": [0.43696, 0.93804, -4.2625],
							"rotation": [0, 0, -45],
							"uv": {
								"north": {"uv": [110, 38], "uv_size": [1, 0.5]}
							}
						}
					]
				},
				{
					"name": "division",
					"pivot": [0, 1.375, -193.6625],
					"cubes": [
						{
							"origin": [-17.88624, -2.18276, -193.88954],
							"size": [1.77248, 7.11552, 0.45408],
							"pivot": [0, 1.375, -193.6625],
							"rotation": [0, 0, -90],
							"uv": {
								"south": {"uv": [102, 94], "uv_size": [2, 7]}
							}
						},
						{
							"origin": [16.11376, -2.18276, -193.88954],
							"size": [1.77248, 7.11552, 0.45408],
							"pivot": [0, 1.375, -193.6625],
							"rotation": [0, 0, -90],
							"uv": {
								"south": {"uv": [104, 94], "uv_size": [2, 7]}
							}
						},
						{
							"origin": [-17.88624, 13.58972, -193.88954],
							"size": [55.77248, 47.11552, 0.45408],
							"pivot": [0, 37.14748, -193.6625],
							"rotation": [0, 0, -90],
							"uv": {
								"south": {"uv": [72, 0], "uv_size": [36, 47]}
							}
						},
						{
							"origin": [-37.88624, -57.95524, -193.88954],
							"size": [55.77248, 47.11552, 0.45408],
							"pivot": [0, -34.39748, -193.6625],
							"rotation": [0, 0, -90],
							"uv": {
								"south": {"uv": [72, 47], "uv_size": [36, 47]}
							}
						},
						{
							"origin": [-21.88624, -2.18276, -193.88954],
							"size": [5.77248, 9.11552, 0.45408],
							"pivot": [0, 1.375, -193.6625],
							"rotation": [0, 0, -67.5],
							"uv": {
								"south": {"uv": [82, 101], "uv_size": [6, 9]}
							}
						},
						{
							"origin": [16.11376, -4.18276, -193.88954],
							"size": [5.77248, 9.11552, 0.45408],
							"pivot": [0, 1.375, -193.6625],
							"rotation": [0, 0, -67.5],
							"uv": {
								"south": {"uv": [88, 101], "uv_size": [6, 9]}
							}
						},
						{
							"origin": [-25.88624, -2.18276, -193.88954],
							"size": [9.77248, 7.11552, 0.45408],
							"pivot": [0, 1.375, -193.6625],
							"rotation": [0, 0, -45],
							"uv": {
								"south": {"uv": [72, 94], "uv_size": [10, 7]}
							}
						},
						{
							"origin": [16.11376, -2.18276, -193.88954],
							"size": [9.77248, 7.11552, 0.45408],
							"pivot": [0, 1.375, -193.6625],
							"rotation": [0, 0, -45],
							"uv": {
								"south": {"uv": [82, 94], "uv_size": [10, 7]}
							}
						},
						{
							"origin": [-21.88624, -4.18276, -193.88954],
							"size": [5.77248, 9.11552, 0.45408],
							"pivot": [0, 1.375, -193.6625],
							"rotation": [0, 0, -22.5],
							"uv": {
								"south": {"uv": [94, 101], "uv_size": [6, 9]}
							}
						},
						{
							"origin": [16.11376, -2.18276, -193.88954],
							"size": [5.77248, 9.11552, 0.45408],
							"pivot": [0, 1.375, -193.6625],
							"rotation": [0, 0, -22.5],
							"uv": {
								"south": {"uv": [100, 101], "uv_size": [6, 9]}
							}
						},
						{
							"origin": [-17.88624, -2.18276, -193.88954],
							"size": [1.77248, 7.11552, 0.45408],
							"uv": {
								"south": {"uv": [6, 108], "uv_size": [2, 7]}
							}
						},
						{
							"origin": [16.11376, -2.18276, -193.88954],
							"size": [1.77248, 7.11552, 0.45408],
							"uv": {
								"south": {"uv": [8, 108], "uv_size": [2, 7]}
							}
						},
						{
							"origin": [17.55776, -72.28372, -193.88954],
							"size": [56.10096, 147.31744, 0.45408],
							"uv": {
								"south": {"uv": [0, 0], "uv_size": [36, 107.5]}
							}
						},
						{
							"origin": [-73.65872, -72.28372, -193.88954],
							"size": [56.10096, 147.31744, 0.45408],
							"uv": {
								"south": {"uv": [36, 0], "uv_size": [36, 107.5]}
							}
						},
						{
							"origin": [-25.88624, -2.18276, -193.88954],
							"size": [9.77248, 7.11552, 0.45408],
							"pivot": [0, 1.375, -193.6625],
							"rotation": [0, 0, 45],
							"uv": {
								"south": {"uv": [92, 94], "uv_size": [10, 7]}
							}
						},
						{
							"origin": [16.11376, -2.18276, -193.88954],
							"size": [9.77248, 7.11552, 0.45408],
							"pivot": [0, 1.375, -193.6625],
							"rotation": [0, 0, 45],
							"uv": {
								"south": {"uv": [72, 101], "uv_size": [10, 7]}
							}
						},
						{
							"origin": [-21.88624, -2.18276, -193.88954],
							"size": [5.77248, 9.11552, 0.45408],
							"pivot": [0, 1.375, -193.6625],
							"rotation": [0, 0, 22.5],
							"uv": {
								"south": {"uv": [106, 94], "uv_size": [6, 9]}
							}
						},
						{
							"origin": [16.11376, -4.18276, -193.88954],
							"size": [5.77248, 9.11552, 0.45408],
							"pivot": [0, 1.375, -193.6625],
							"rotation": [0, 0, 22.5],
							"uv": {
								"south": {"uv": [106, 103], "uv_size": [6, 9]}
							}
						},
						{
							"origin": [16.11376, -2.18276, -193.88954],
							"size": [5.77248, 9.11552, 0.45408],
							"pivot": [0, 1.375, -193.6625],
							"rotation": [0, 0, -112.5],
							"uv": {
								"south": {"uv": [0, 108], "uv_size": [6, 9]}
							}
						},
						{
							"origin": [-21.88624, -4.18276, -193.88954],
							"size": [5.77248, 9.11552, 0.45408],
							"pivot": [0, 1.375, -193.6625],
							"rotation": [0, 0, -112.5],
							"uv": {
								"south": {"uv": [108, 0], "uv_size": [6, 9]}
							}
						}
					]
				},
				{
					"name": "bone_illuminated",
					"parent": "division",
					"pivot": [0, 1.375, -193.66245],
					"cubes": [
						{
							"origin": [-16.45518, -1.89814, -193.8895],
							"size": [0.91036, 6.54628, 0.4541],
							"inflate": 0.01,
							"pivot": [0, 1.375, -193.6625],
							"rotation": [0, 0, -90],
							"uv": {
								"south": {"uv": [108, 9], "uv_size": [1, 6.5]}
							}
						},
						{
							"origin": [15.54482, -1.89814, -193.8895],
							"size": [0.91036, 6.54628, 0.4541],
							"inflate": 0.01,
							"pivot": [0, 1.375, -193.6625],
							"rotation": [0, 0, -90],
							"uv": {
								"south": {"uv": [10, 108], "uv_size": [1, 6.5]}
							}
						},
						{
							"origin": [-16.45518, -1.89814, -193.8895],
							"size": [0.91036, 6.54628, 0.4541],
							"inflate": 0.01,
							"pivot": [0, 1.375, -193.6625],
							"rotation": [0, 0, -67.5],
							"uv": {
								"south": {"uv": [11, 108], "uv_size": [1, 6.5]}
							}
						},
						{
							"origin": [15.54482, -1.89814, -193.8895],
							"size": [0.91036, 6.54628, 0.4541],
							"inflate": 0.01,
							"pivot": [0, 1.375, -193.6625],
							"rotation": [0, 0, -67.5],
							"uv": {
								"south": {"uv": [12, 108], "uv_size": [1, 6.5]}
							}
						},
						{
							"origin": [-16.45518, -1.89814, -193.8895],
							"size": [0.91036, 6.54628, 0.4541],
							"inflate": 0.01,
							"pivot": [0, 1.375, -193.6625],
							"rotation": [0, 0, -45],
							"uv": {
								"south": {"uv": [13, 108], "uv_size": [1, 6.5]}
							}
						},
						{
							"origin": [15.54482, -1.89814, -193.8895],
							"size": [0.91036, 6.54628, 0.4541],
							"inflate": 0.01,
							"pivot": [0, 1.375, -193.6625],
							"rotation": [0, 0, -45],
							"uv": {
								"south": {"uv": [14, 108], "uv_size": [1, 6.5]}
							}
						},
						{
							"origin": [-16.45518, -1.89814, -193.8895],
							"size": [0.91036, 6.54628, 0.4541],
							"inflate": 0.01,
							"pivot": [0, 1.375, -193.6625],
							"rotation": [0, 0, -22.5],
							"uv": {
								"south": {"uv": [15, 108], "uv_size": [1, 6.5]}
							}
						},
						{
							"origin": [15.54482, -1.89814, -193.8895],
							"size": [0.91036, 6.54628, 0.4541],
							"inflate": 0.01,
							"pivot": [0, 1.375, -193.6625],
							"rotation": [0, 0, -22.5],
							"uv": {
								"south": {"uv": [16, 108], "uv_size": [1, 6.5]}
							}
						},
						{
							"origin": [-16.45518, -1.89814, -193.8895],
							"size": [0.91036, 6.54628, 0.4541],
							"inflate": 0.01,
							"uv": {
								"south": {"uv": [108, 16], "uv_size": [1, 6.5]}
							}
						},
						{
							"origin": [15.54482, -1.89814, -193.8895],
							"size": [0.91036, 6.54628, 0.4541],
							"inflate": 0.01,
							"uv": {
								"south": {"uv": [17, 108], "uv_size": [1, 6.5]}
							}
						},
						{
							"origin": [-16.45518, -1.89814, -193.8895],
							"size": [0.91036, 6.54628, 0.4541],
							"inflate": 0.01,
							"pivot": [0, 1.375, -193.6625],
							"rotation": [0, 0, 22.5],
							"uv": {
								"south": {"uv": [18, 108], "uv_size": [1, 6.5]}
							}
						},
						{
							"origin": [15.54482, -1.89814, -193.8895],
							"size": [0.91036, 6.54628, 0.4541],
							"inflate": 0.01,
							"pivot": [0, 1.375, -193.6625],
							"rotation": [0, 0, 22.5],
							"uv": {
								"south": {"uv": [19, 108], "uv_size": [1, 6.5]}
							}
						},
						{
							"origin": [-16.45518, -1.89814, -193.8895],
							"size": [0.91036, 6.54628, 0.4541],
							"inflate": 0.01,
							"pivot": [0, 1.375, -193.6625],
							"rotation": [0, 0, 45],
							"uv": {
								"south": {"uv": [20, 108], "uv_size": [1, 6.5]}
							}
						},
						{
							"origin": [15.54482, -1.89814, -193.8895],
							"size": [0.91036, 6.54628, 0.4541],
							"inflate": 0.01,
							"pivot": [0, 1.375, -193.6625],
							"rotation": [0, 0, 45],
							"uv": {
								"south": {"uv": [21, 108], "uv_size": [1, 6.5]}
							}
						},
						{
							"origin": [15.54482, -1.89814, -193.8895],
							"size": [0.91036, 6.54628, 0.4541],
							"inflate": 0.01,
							"pivot": [0, 1.375, -193.6625],
							"rotation": [0, 0, -112.5],
							"uv": {
								"south": {"uv": [22, 108], "uv_size": [1, 6.5]}
							}
						},
						{
							"origin": [-16.45518, -1.89814, -193.8895],
							"size": [0.91036, 6.54628, 0.4541],
							"inflate": 0.01,
							"pivot": [0, 1.375, -193.6625],
							"rotation": [0, 0, -112.5],
							"uv": {
								"south": {"uv": [23, 108], "uv_size": [1, 6.5]}
							}
						},
						{
							"origin": [-1.26395, 1.12359, -193.82389],
							"size": [0.17317, 0.50282, 0.03488],
							"inflate": 0.01,
							"pivot": [0, 1.375, -193.80645],
							"rotation": [0, 0, -22.5],
							"uv": {
								"south": {"uv": [88, 111], "uv_size": [0.5, 0.5]}
							}
						},
						{
							"origin": [-1.26395, 1.12359, -193.82389],
							"size": [0.17317, 0.50282, 0.03488],
							"inflate": 0.01,
							"pivot": [0, 1.375, -193.80645],
							"rotation": [0, 0, -45],
							"uv": {
								"south": {"uv": [111, 88], "uv_size": [0.5, 0.5]}
							}
						},
						{
							"origin": [-1.26395, 1.12359, -193.82389],
							"size": [0.17317, 0.50282, 0.03488],
							"inflate": 0.01,
							"pivot": [0, 1.375, -193.80645],
							"rotation": [0, 0, -67.5],
							"uv": {
								"south": {"uv": [89, 111], "uv_size": [0.5, 0.5]}
							}
						},
						{
							"origin": [-1.26395, 1.12359, -193.82389],
							"size": [0.17317, 0.50282, 0.03488],
							"inflate": 0.01,
							"pivot": [0, 1.375, -193.80645],
							"rotation": [0, 0, -112.5],
							"uv": {
								"south": {"uv": [111, 89], "uv_size": [0.5, 0.5]}
							}
						},
						{
							"origin": [-1.26395, 1.12359, -193.82389],
							"size": [0.17317, 0.50282, 0.03488],
							"inflate": 0.01,
							"pivot": [0, 1.375, -193.80645],
							"rotation": [0, 0, -135],
							"uv": {
								"south": {"uv": [90, 111], "uv_size": [0.5, 0.5]}
							}
						},
						{
							"origin": [-1.26395, 1.12359, -193.82389],
							"size": [0.17317, 0.50282, 0.03488],
							"inflate": 0.01,
							"pivot": [0, 1.375, -193.80645],
							"rotation": [0, 0, -157.5],
							"uv": {
								"south": {"uv": [111, 90], "uv_size": [0.5, 0.5]}
							}
						},
						{
							"origin": [1.09078, 1.12359, -193.82389],
							"size": [0.17317, 0.50282, 0.03488],
							"inflate": 0.01,
							"pivot": [0, 1.375, -193.80645],
							"rotation": [0, 0, -22.5],
							"uv": {
								"south": {"uv": [91, 111], "uv_size": [0.5, 0.5]}
							}
						},
						{
							"origin": [1.09078, 1.12359, -193.82389],
							"size": [0.17317, 0.50282, 0.03488],
							"inflate": 0.01,
							"pivot": [0, 1.375, -193.80645],
							"rotation": [0, 0, -45],
							"uv": {
								"south": {"uv": [111, 91], "uv_size": [0.5, 0.5]}
							}
						},
						{
							"origin": [1.09078, 1.12359, -193.82389],
							"size": [0.17317, 0.50282, 0.03488],
							"inflate": 0.01,
							"pivot": [0, 1.375, -193.80645],
							"rotation": [0, 0, -67.5],
							"uv": {
								"south": {"uv": [92, 111], "uv_size": [0.5, 0.5]}
							}
						},
						{
							"origin": [1.09078, 1.12359, -193.82389],
							"size": [0.17317, 0.50282, 0.03488],
							"inflate": 0.01,
							"pivot": [0, 1.375, -193.80645],
							"rotation": [0, 0, -112.5],
							"uv": {
								"south": {"uv": [111, 92], "uv_size": [0.5, 0.5]}
							}
						},
						{
							"origin": [1.09078, 1.12359, -193.82389],
							"size": [0.17317, 0.50282, 0.03488],
							"inflate": 0.01,
							"pivot": [0, 1.375, -193.80645],
							"rotation": [0, 0, -157.5],
							"uv": {
								"south": {"uv": [93, 111], "uv_size": [0.5, 0.5]}
							}
						},
						{
							"origin": [1.09078, 1.12359, -193.82389],
							"size": [0.17317, 0.50282, 0.03488],
							"inflate": 0.01,
							"pivot": [0, 1.375, -193.80645],
							"rotation": [0, 0, -135],
							"uv": {
								"south": {"uv": [111, 93], "uv_size": [0.5, 0.5]}
							}
						},
						{
							"origin": [-6.0188, 0.17779, -193.8895],
							"size": [0.34841, 2.39442, 0.1661],
							"inflate": 0.01,
							"pivot": [0, 1.375, -193.68673],
							"rotation": [0, 0, 22.5],
							"uv": {
								"south": {"uv": [54, 109], "uv_size": [0.5, 2.5]}
							}
						},
						{
							"origin": [-6.0188, 0.17779, -193.8895],
							"size": [0.34841, 2.39442, 0.1661],
							"inflate": 0.01,
							"uv": {
								"south": {"uv": [55, 109], "uv_size": [0.5, 2.5]}
							}
						},
						{
							"origin": [-6.0188, 0.17779, -193.8895],
							"size": [0.34841, 2.39442, 0.1661],
							"inflate": 0.01,
							"pivot": [0, 1.375, -193.68673],
							"rotation": [0, 0, -22.5],
							"uv": {
								"south": {"uv": [56, 109], "uv_size": [0.5, 2.5]}
							}
						},
						{
							"origin": [-6.0188, 0.17779, -193.8895],
							"size": [0.34841, 2.39442, 0.1661],
							"inflate": 0.01,
							"pivot": [0, 1.375, -193.68673],
							"rotation": [0, 0, -67.5],
							"uv": {
								"south": {"uv": [57, 109], "uv_size": [0.5, 2.5]}
							}
						},
						{
							"origin": [-6.0188, 0.17779, -193.8895],
							"size": [0.34841, 2.39442, 0.1661],
							"inflate": 0.01,
							"pivot": [0, 1.375, -193.68673],
							"rotation": [0, 0, -90],
							"uv": {
								"south": {"uv": [58, 109], "uv_size": [0.5, 2.5]}
							}
						},
						{
							"origin": [-6.0188, 0.17779, -193.8895],
							"size": [0.34841, 2.39442, 0.1661],
							"inflate": 0.01,
							"pivot": [0, 1.375, -193.68673],
							"rotation": [0, 0, -112.5],
							"uv": {
								"south": {"uv": [59, 109], "uv_size": [0.5, 2.5]}
							}
						},
						{
							"origin": [5.67039, 0.17779, -193.8895],
							"size": [0.34841, 2.39442, 0.1661],
							"inflate": 0.01,
							"pivot": [0, 1.375, -193.68673],
							"rotation": [0, 0, 22.5],
							"uv": {
								"south": {"uv": [60, 109], "uv_size": [0.5, 2.5]}
							}
						},
						{
							"origin": [5.67039, 0.17779, -193.8895],
							"size": [0.34841, 2.39442, 0.1661],
							"inflate": 0.01,
							"uv": {
								"south": {"uv": [61, 109], "uv_size": [0.5, 2.5]}
							}
						},
						{
							"origin": [5.67039, 0.17779, -193.8895],
							"size": [0.34841, 2.39442, 0.1661],
							"inflate": 0.01,
							"pivot": [0, 1.375, -193.68673],
							"rotation": [0, 0, -22.5],
							"uv": {
								"south": {"uv": [62, 109], "uv_size": [0.5, 2.5]}
							}
						},
						{
							"origin": [5.67039, 0.17779, -193.8895],
							"size": [0.34841, 2.39442, 0.1661],
							"inflate": 0.01,
							"pivot": [0, 1.375, -193.68673],
							"rotation": [0, 0, -67.5],
							"uv": {
								"south": {"uv": [63, 109], "uv_size": [0.5, 2.5]}
							}
						},
						{
							"origin": [5.67039, 0.17779, -193.8895],
							"size": [0.34841, 2.39442, 0.1661],
							"inflate": 0.01,
							"pivot": [0, 1.375, -193.68673],
							"rotation": [0, 0, -112.5],
							"uv": {
								"south": {"uv": [64, 109], "uv_size": [0.5, 2.5]}
							}
						},
						{
							"origin": [-0.17039, 1.2046, -193.8895],
							"size": [0.34078, 0.3408, 0.1661],
							"inflate": 0.01,
							"pivot": [0, 1.375, -193.80645],
							"rotation": [0, 0, -135],
							"uv": {
								"south": {"uv": [94, 111], "uv_size": [0.5, 0.5]}
							}
						},
						{
							"origin": [5.67039, 0.17779, -193.8895],
							"size": [0.34841, 2.39442, 0.1661],
							"inflate": 0.01,
							"pivot": [0, 1.375, -193.68673],
							"rotation": [0, 0, -90],
							"uv": {
								"south": {"uv": [65, 109], "uv_size": [0.5, 2.5]}
							}
						},
						{
							"origin": [-6.47182, 0.08767, -193.8895],
							"size": [0.05204, 2.57466, 0.1786],
							"inflate": 0.01,
							"pivot": [0, 1.375, -193.67818],
							"rotation": [0, 0, 22.5],
							"uv": {
								"south": {"uv": [66, 109], "uv_size": [0.5, 2.5]}
							}
						},
						{
							"origin": [-6.47182, 0.08767, -193.8895],
							"size": [0.05204, 2.57466, 0.1786],
							"inflate": 0.01,
							"uv": {
								"south": {"uv": [67, 109], "uv_size": [0.5, 2.5]}
							}
						},
						{
							"origin": [-6.47182, 0.08767, -193.8895],
							"size": [0.05204, 2.57466, 0.1786],
							"inflate": 0.01,
							"pivot": [0, 1.375, -193.67818],
							"rotation": [0, 0, -22.5],
							"uv": {
								"south": {"uv": [68, 109], "uv_size": [0.5, 2.5]}
							}
						},
						{
							"origin": [-6.47182, 0.08767, -193.8895],
							"size": [0.05204, 2.57466, 0.1786],
							"inflate": 0.01,
							"pivot": [0, 1.375, -193.67818],
							"rotation": [0, 0, -45],
							"uv": {
								"south": {"uv": [69, 109], "uv_size": [0.5, 2.5]}
							}
						},
						{
							"origin": [-6.47182, 0.08767, -193.8895],
							"size": [0.05204, 2.57466, 0.1786],
							"inflate": 0.01,
							"pivot": [0, 1.375, -193.67818],
							"rotation": [0, 0, -67.5],
							"uv": {
								"south": {"uv": [70, 109], "uv_size": [0.5, 2.5]}
							}
						},
						{
							"origin": [-6.47182, 0.08767, -193.8895],
							"size": [0.05204, 2.57466, 0.1786],
							"inflate": 0.01,
							"pivot": [0, 1.375, -193.67818],
							"rotation": [0, 0, -90],
							"uv": {
								"south": {"uv": [71, 109], "uv_size": [0.5, 2.5]}
							}
						},
						{
							"origin": [-6.47182, 0.08767, -193.8895],
							"size": [0.05204, 2.57466, 0.1786],
							"inflate": 0.01,
							"pivot": [0, 1.375, -193.67818],
							"rotation": [0, 0, -112.5],
							"uv": {
								"south": {"uv": [72, 109], "uv_size": [0.5, 2.5]}
							}
						},
						{
							"origin": [6.41978, 0.08767, -193.8895],
							"size": [0.05204, 2.57466, 0.1786],
							"inflate": 0.01,
							"pivot": [0, 1.375, -193.67818],
							"rotation": [0, 0, 45],
							"uv": {
								"south": {"uv": [73, 109], "uv_size": [0.5, 2.5]}
							}
						},
						{
							"origin": [6.41978, 0.08767, -193.8895],
							"size": [0.05204, 2.57466, 0.1786],
							"inflate": 0.01,
							"pivot": [0, 1.375, -193.67818],
							"rotation": [0, 0, 22.5],
							"uv": {
								"south": {"uv": [74, 109], "uv_size": [0.5, 2.5]}
							}
						},
						{
							"origin": [6.41978, 0.08767, -193.8895],
							"size": [0.05204, 2.57466, 0.1786],
							"inflate": 0.01,
							"uv": {
								"south": {"uv": [75, 109], "uv_size": [0.5, 2.5]}
							}
						},
						{
							"origin": [6.41978, 0.08767, -193.8895],
							"size": [0.05204, 2.57466, 0.1786],
							"inflate": 0.01,
							"pivot": [0, 1.375, -193.67818],
							"rotation": [0, 0, -22.5],
							"uv": {
								"south": {"uv": [76, 109], "uv_size": [0.5, 2.5]}
							}
						},
						{
							"origin": [6.41978, 0.08767, -193.8895],
							"size": [0.05204, 2.57466, 0.1786],
							"inflate": 0.01,
							"pivot": [0, 1.375, -193.67818],
							"rotation": [0, 0, -45],
							"uv": {
								"south": {"uv": [77, 109], "uv_size": [0.5, 2.5]}
							}
						},
						{
							"origin": [6.41978, 0.08767, -193.8895],
							"size": [0.05204, 2.57466, 0.1786],
							"inflate": 0.01,
							"pivot": [0, 1.375, -193.67818],
							"rotation": [0, 0, -67.5],
							"uv": {
								"south": {"uv": [78, 109], "uv_size": [0.5, 2.5]}
							}
						},
						{
							"origin": [6.41978, 0.08767, -193.8895],
							"size": [0.05204, 2.57466, 0.1786],
							"inflate": 0.01,
							"pivot": [0, 1.375, -193.67818],
							"rotation": [0, 0, -112.5],
							"uv": {
								"south": {"uv": [79, 109], "uv_size": [0.5, 2.5]}
							}
						},
						{
							"origin": [6.41978, 0.08767, -193.8895],
							"size": [0.05204, 2.57466, 0.1786],
							"inflate": 0.01,
							"pivot": [0, 1.375, -193.67818],
							"rotation": [0, 0, -90],
							"uv": {
								"south": {"uv": [80, 109], "uv_size": [0.5, 2.5]}
							}
						},
						{
							"origin": [-6.47182, 0.08767, -193.8895],
							"size": [0.05204, 2.57466, 0.1786],
							"inflate": 0.01,
							"pivot": [0, 1.375, -193.67818],
							"rotation": [0, 0, 45],
							"uv": {
								"south": {"uv": [81, 109], "uv_size": [0.5, 2.5]}
							}
						},
						{
							"origin": [-14.38183, -1.48572, -193.8895],
							"size": [0.11566, 5.72144, 0.39688],
							"inflate": 0.01,
							"pivot": [0, 1.375, -193.66245],
							"rotation": [0, 0, 22.5],
							"uv": {
								"south": {"uv": [38, 108], "uv_size": [0.5, 5.5]}
							}
						},
						{
							"origin": [-14.38183, -1.48572, -193.8895],
							"size": [0.11566, 5.72144, 0.39688],
							"inflate": 0.01,
							"uv": {
								"south": {"uv": [108, 38], "uv_size": [0.5, 5.5]}
							}
						},
						{
							"origin": [-14.38183, -1.48572, -193.8895],
							"size": [0.11566, 5.72144, 0.39688],
							"inflate": 0.01,
							"pivot": [0, 1.375, -193.66245],
							"rotation": [0, 0, -22.5],
							"uv": {
								"south": {"uv": [39, 108], "uv_size": [0.5, 5.5]}
							}
						},
						{
							"origin": [-14.38183, -1.48572, -193.8895],
							"size": [0.11566, 5.72144, 0.39688],
							"inflate": 0.01,
							"pivot": [0, 1.375, -193.66245],
							"rotation": [0, 0, -45],
							"uv": {
								"south": {"uv": [40, 108], "uv_size": [0.5, 5.5]}
							}
						},
						{
							"origin": [-14.38183, -1.48572, -193.8895],
							"size": [0.11566, 5.72144, 0.39688],
							"inflate": 0.01,
							"pivot": [0, 1.375, -193.66245],
							"rotation": [0, 0, -67.5],
							"uv": {
								"south": {"uv": [41, 108], "uv_size": [0.5, 5.5]}
							}
						},
						{
							"origin": [-14.38183, -1.48572, -193.8895],
							"size": [0.11566, 5.72144, 0.39688],
							"inflate": 0.01,
							"pivot": [0, 1.375, -193.66245],
							"rotation": [0, 0, -90],
							"uv": {
								"south": {"uv": [42, 108], "uv_size": [0.5, 5.5]}
							}
						},
						{
							"origin": [-14.38183, -1.48572, -193.8895],
							"size": [0.11566, 5.72144, 0.39688],
							"inflate": 0.01,
							"pivot": [0, 1.375, -193.66245],
							"rotation": [0, 0, -112.5],
							"uv": {
								"south": {"uv": [43, 108], "uv_size": [0.5, 5.5]}
							}
						},
						{
							"origin": [14.26617, -1.48572, -193.8895],
							"size": [0.11566, 5.72144, 0.39688],
							"inflate": 0.01,
							"pivot": [0, 1.375, -193.66245],
							"rotation": [0, 0, 45],
							"uv": {
								"south": {"uv": [44, 108], "uv_size": [0.5, 5.5]}
							}
						},
						{
							"origin": [14.26617, -1.48572, -193.8895],
							"size": [0.11566, 5.72144, 0.39688],
							"inflate": 0.01,
							"pivot": [0, 1.375, -193.66245],
							"rotation": [0, 0, 22.5],
							"uv": {
								"south": {"uv": [108, 44], "uv_size": [0.5, 5.5]}
							}
						},
						{
							"origin": [14.26617, -1.48572, -193.8895],
							"size": [0.11566, 5.72144, 0.39688],
							"inflate": 0.01,
							"uv": {
								"south": {"uv": [45, 108], "uv_size": [0.5, 5.5]}
							}
						},
						{
							"origin": [14.26617, -1.48572, -193.8895],
							"size": [0.11566, 5.72144, 0.39688],
							"inflate": 0.01,
							"pivot": [0, 1.375, -193.66245],
							"rotation": [0, 0, -22.5],
							"uv": {
								"south": {"uv": [46, 108], "uv_size": [0.5, 5.5]}
							}
						},
						{
							"origin": [14.26617, -1.48572, -193.8895],
							"size": [0.11566, 5.72144, 0.39688],
							"inflate": 0.01,
							"pivot": [0, 1.375, -193.66245],
							"rotation": [0, 0, -45],
							"uv": {
								"south": {"uv": [47, 108], "uv_size": [0.5, 5.5]}
							}
						},
						{
							"origin": [14.26617, -1.48572, -193.8895],
							"size": [0.11566, 5.72144, 0.39688],
							"inflate": 0.01,
							"pivot": [0, 1.375, -193.66245],
							"rotation": [0, 0, -67.5],
							"uv": {
								"south": {"uv": [48, 108], "uv_size": [0.5, 5.5]}
							}
						},
						{
							"origin": [14.26617, -1.48572, -193.8895],
							"size": [0.11566, 5.72144, 0.39688],
							"inflate": 0.01,
							"pivot": [0, 1.375, -193.66245],
							"rotation": [0, 0, -112.5],
							"uv": {
								"south": {"uv": [49, 108], "uv_size": [0.5, 5.5]}
							}
						},
						{
							"origin": [14.26617, -1.48572, -193.8895],
							"size": [0.11566, 5.72144, 0.39688],
							"inflate": 0.01,
							"pivot": [0, 1.375, -193.66245],
							"rotation": [0, 0, -90],
							"uv": {
								"south": {"uv": [50, 108], "uv_size": [0.5, 5.5]}
							}
						},
						{
							"origin": [-14.38183, -1.48572, -193.8895],
							"size": [0.11566, 5.72144, 0.39688],
							"inflate": 0.01,
							"pivot": [0, 1.375, -193.66245],
							"rotation": [0, 0, 45],
							"uv": {
								"south": {"uv": [108, 50], "uv_size": [0.5, 5.5]}
							}
						},
						{
							"origin": [14.70123, -1.63629, -193.8895],
							"size": [0.43754, 6.02258, 0.41777],
							"inflate": 0.01,
							"uv": {
								"south": {"uv": [24, 108], "uv_size": [0.5, 6]}
							}
						},
						{
							"origin": [14.70123, -1.63629, -193.8895],
							"size": [0.43754, 6.02258, 0.41777],
							"inflate": 0.01,
							"pivot": [0, 1.375, -193.66245],
							"rotation": [0, 0, 22.5],
							"uv": {
								"south": {"uv": [25, 108], "uv_size": [0.5, 6]}
							}
						},
						{
							"origin": [14.70123, -1.63629, -193.8895],
							"size": [0.43754, 6.02258, 0.41777],
							"inflate": 0.01,
							"pivot": [0, 1.375, -193.66245],
							"rotation": [0, 0, 45],
							"uv": {
								"south": {"uv": [108, 25], "uv_size": [0.5, 6]}
							}
						},
						{
							"origin": [-15.13877, -1.63629, -193.8895],
							"size": [0.43754, 6.02258, 0.41777],
							"inflate": 0.01,
							"pivot": [0, 1.375, -193.66245],
							"rotation": [0, 0, -112.5],
							"uv": {
								"south": {"uv": [26, 108], "uv_size": [0.5, 6]}
							}
						},
						{
							"origin": [-15.13877, -1.63629, -193.8895],
							"size": [0.43754, 6.02258, 0.41777],
							"inflate": 0.01,
							"pivot": [0, 1.375, -193.66245],
							"rotation": [0, 0, -90],
							"uv": {
								"south": {"uv": [27, 108], "uv_size": [0.5, 6]}
							}
						},
						{
							"origin": [-15.13877, -1.63629, -193.8895],
							"size": [0.43754, 6.02258, 0.41777],
							"inflate": 0.01,
							"pivot": [0, 1.375, -193.66245],
							"rotation": [0, 0, -67.5],
							"uv": {
								"south": {"uv": [28, 108], "uv_size": [0.5, 6]}
							}
						},
						{
							"origin": [-15.13877, -1.63629, -193.8895],
							"size": [0.43754, 6.02258, 0.41777],
							"inflate": 0.01,
							"pivot": [0, 1.375, -193.66245],
							"rotation": [0, 0, -45],
							"uv": {
								"south": {"uv": [29, 108], "uv_size": [0.5, 6]}
							}
						},
						{
							"origin": [-15.13877, -1.63629, -193.8895],
							"size": [0.43754, 6.02258, 0.41777],
							"inflate": 0.01,
							"pivot": [0, 1.375, -193.66245],
							"rotation": [0, 0, -22.5],
							"uv": {
								"south": {"uv": [30, 108], "uv_size": [0.5, 6]}
							}
						},
						{
							"origin": [-15.13877, -1.63629, -193.8895],
							"size": [0.43754, 6.02258, 0.41777],
							"inflate": 0.01,
							"uv": {
								"south": {"uv": [31, 108], "uv_size": [0.5, 6]}
							}
						},
						{
							"origin": [-15.13877, -1.63629, -193.8895],
							"size": [0.43754, 6.02258, 0.41777],
							"inflate": 0.01,
							"pivot": [0, 1.375, -193.66245],
							"rotation": [0, 0, 22.5],
							"uv": {
								"south": {"uv": [108, 31], "uv_size": [0.5, 6]}
							}
						},
						{
							"origin": [-15.13877, -1.63629, -193.8895],
							"size": [0.43754, 6.02258, 0.41777],
							"inflate": 0.01,
							"pivot": [0, 1.375, -193.66245],
							"rotation": [0, 0, 45],
							"uv": {
								"south": {"uv": [32, 108], "uv_size": [0.5, 6]}
							}
						},
						{
							"origin": [14.70123, -1.63629, -193.8895],
							"size": [0.43754, 6.02258, 0.41777],
							"inflate": 0.01,
							"pivot": [0, 1.375, -193.66245],
							"rotation": [0, 0, -112.5],
							"uv": {
								"south": {"uv": [33, 108], "uv_size": [0.5, 6]}
							}
						},
						{
							"origin": [14.70123, -1.63629, -193.8895],
							"size": [0.43754, 6.02258, 0.41777],
							"inflate": 0.01,
							"pivot": [0, 1.375, -193.66245],
							"rotation": [0, 0, -90],
							"uv": {
								"south": {"uv": [34, 108], "uv_size": [0.5, 6]}
							}
						},
						{
							"origin": [14.70123, -1.63629, -193.8895],
							"size": [0.43754, 6.02258, 0.41777],
							"inflate": 0.01,
							"pivot": [0, 1.375, -193.66245],
							"rotation": [0, 0, -67.5],
							"uv": {
								"south": {"uv": [35, 108], "uv_size": [0.5, 6]}
							}
						},
						{
							"origin": [14.70123, -1.63629, -193.8895],
							"size": [0.43754, 6.02258, 0.41777],
							"inflate": 0.01,
							"pivot": [0, 1.375, -193.66245],
							"rotation": [0, 0, -45],
							"uv": {
								"south": {"uv": [36, 108], "uv_size": [0.5, 6]}
							}
						},
						{
							"origin": [14.70123, -1.63629, -193.8895],
							"size": [0.43754, 6.02258, 0.41777],
							"inflate": 0.01,
							"pivot": [0, 1.375, -193.66245],
							"rotation": [0, 0, -22.5],
							"uv": {
								"south": {"uv": [37, 108], "uv_size": [0.5, 6]}
							}
						}
					]
				}
			]
		}
	]
}