{
  "slot": "timeless_renew:attachment/slot/sight_fastfire_pistol",
  "model": "timeless_renew:attachment/sight_fastfire_pistol_geo",
  "texture": "timeless_renew:attachment/uv/sight_fastfire_pistol",
  "lod": {
    "model": "tacz:attachment/lod/sight_fastfire_pistol",
    "texture": "tacz:attachment/lod/sight_fastfire_pistol"
  },
  "zoom": [
    1.25
  ],
  "scope": false,
  "sight": true,
  "fov": 70.0,
  "sounds": {
    "install": "tacz:attachments/scope_general_c",
    "uninstall": "tacz:attachments/scope_general_c"
  }
}