{
  "slot": "timeless_renew:attachment/slot/sight_sro_dot",
  "model": "timeless_renew:attachment/sight_sro_dot_geo",
  "texture": "timeless_renew:attachment/uv/sight_sro_dot",
  "lod": {
    "model": "tacz:attachment/lod/sight_sro_dot",
    "texture": "tacz:attachment/lod/sight_sro_dot"
  },
  "zoom": [
    1.2
  ],
  "scope": false,
  "sight": true,
  "fov": 70.0,
  "sounds": {
    "install": "tacz:attachments/scope_general_e",
    "uninstall": "tacz:attachments/scope_general_e"
  }
}