{
	"format_version": "1.8.0",
	"animations": {
		"shoot_2_sway": {
			"animation_length": 0.5,
			"bones": {
				"root": {
					"rotation": {
						"0.0": [0, 0, 0],
						"0.0521": [0, 0.3, 0],
						"0.25": [0, 0, 0]
					}
				}
			}
		},
		"shoot_3_sway": {
			"animation_length": 0.5,
			"bones": {
				"root": {
					"rotation": {
						"0.0": [0, 0, 0],
						"0.0521": [0, 0.6, 0],
						"0.25": [0, 0, 0]
					}
				}
			}
		},
		"shoot_4_sway": {
			"animation_length": 0.5,
			"bones": {
				"root": {
					"rotation": {
						"0.0": [0, 0, 0],
						"0.0521": [0, 0.3, 0],
						"0.25": [0, 0, 0]
					}
				}
			}
		},
		"shoot_6_sway": {
			"animation_length": 0.5,
			"bones": {
				"root": {
					"rotation": {
						"0.0": [0, 0, 0],
						"0.0521": [0, -0.3, 0],
						"0.25": [0, 0, 0]
					}
				}
			}
		},
		"shoot_7_sway": {
			"animation_length": 0.5,
			"bones": {
				"root": {
					"rotation": {
						"0.0": [0, 0, 0],
						"0.0521": [0, -0.6, 0],
						"0.25": [0, 0, 0]
					}
				}
			}
		},
		"shoot_8_sway": {
			"animation_length": 0.5,
			"bones": {
				"root": {
					"rotation": {
						"0.0": [0, 0, 0],
						"0.0521": [0, -0.3, 0],
						"0.25": [0, 0, 0]
					}
				}
			}
		},
		"shoot2": {
			"animation_length": 2.9688,
			"bones": {
				"root": {
					"rotation": {
						"0.0": [0, 0, 0],
						"0.0417": [-1.83667, 0.03334, 1.58336],
						"0.0625": [-1.21344, 0.05, 1.13899],
						"0.0833": [-0.60677, 0.08, 0.76788],
						"0.125": [0.66656, 0.1, -0.19435],
						"0.1354": [1.0075, 0.095, -0.53501],
						"0.1667": [0.72003, 0.08, -0.29004],
						"0.25": [0.02337, 0.01, 0.1133],
						"0.2917": [-0.32499, -0.03, 0.28998],
						"0.3333": [-0.13601, -0.07, -0.14999],
						"0.3958": [0.11, -0.1, -0.62499],
						"0.4167": [0.182, -0.1, -0.72],
						"0.5": [0.42, -0.09, -0.98],
						"0.5833": [0.25207, -0.06, -0.54413],
						"0.6667": [0.07413, -0.02, -0.07827],
						"0.75": [-0.0938, 0, 0.3276],
						"0.8021": [-0.18, 0, 0.5],
						"1.1771": [0, 0, -0.25],
						"1.6667": [0, 0, 0]
					},
					"position": {
						"0.0": {
							"post": [0, 0, 0],
							"lerp_mode": "catmullrom"
						},
						"0.0417": {
							"post": [-0.015, 0.065, 1.01],
							"lerp_mode": "catmullrom"
						},
						"0.0833": {
							"post": [-0.03, 0.07949, 0.73429],
							"lerp_mode": "catmullrom"
						},
						"0.1667": {
							"post": [-0.05, 0.08611, 0.46873],
							"lerp_mode": "catmullrom"
						},
						"0.1875": {
							"post": [-0.05, 0.082, 0.34056],
							"lerp_mode": "catmullrom"
						},
						"0.2292": {
							"post": [-0.04333, 0.06167, 0.14833],
							"lerp_mode": "catmullrom"
						},
						"0.25": {
							"post": [-0.04, 0.05301, 0.10827],
							"lerp_mode": "catmullrom"
						},
						"0.3333": {
							"post": [-0.01, 0.01425, 0.01216],
							"lerp_mode": "catmullrom"
						},
						"0.4167": {
							"post": [0.01, -0.03415, -0.03167],
							"lerp_mode": "catmullrom"
						},
						"0.4792": {
							"post": [0.03, -0.0489, -0.04682],
							"lerp_mode": "catmullrom"
						},
						"0.5": {
							"post": [0.03, -0.06, -0.05],
							"lerp_mode": "catmullrom"
						},
						"0.5833": {
							"post": [0.02, -0.04184, -0.04809],
							"lerp_mode": "catmullrom"
						},
						"0.6667": {
							"post": [0.01, -0.02114, -0.02492],
							"lerp_mode": "catmullrom"
						},
						"0.75": {
							"post": [0, -0.00007, -0.00277],
							"lerp_mode": "catmullrom"
						},
						"0.7708": {
							"post": [0, 0, 0],
							"lerp_mode": "catmullrom"
						}
					}
				},
				"constraint": {
					"rotation": {
						"0.0": [0.5, 0.5, 0.2],
						"0.5": [0, 0, 0]
					},
					"position": {
						"0.0": [0.3, 0.3, 0.5],
						"0.5": [0, 0, 0]
					}
				},
				"piston": {
					"position": {
						"0.0": [0, 0, 0],
						"0.0313": [0, 0, 3.4],
						"0.0833": [0, 0, 0]
					}
				},
				"bullet_in_the_gun_but_in_the_end_my_time_will_come": {
					"rotation": {
						"0.0313": [-15, 0, 0],
						"0.0625": [0, 0, 0]
					},
					"position": {
						"0.0": [0, 0, 0],
						"0.0313": [0, -1.075, 0],
						"0.0625": [0, 0, 0]
					},
					"scale": {
						"0.0": [0, 0, 0],
						"0.0208": [0, 0, 0],
						"0.0313": [1, 1, 1]
					}
				},
				"lefthand": {
					"rotation": {
						"0.0": [0, 0, 0],
						"0.0208": [0, -7.5, 0],
						"0.2083": [0, 2, 0],
						"0.3542": [0, 0, 0]
					}
				},
				"muzzleflash3": {
					"rotation": {
						"0.0": [0, 0, -50],
						"0.0104": [0, 0, 50],
						"0.0208": [0, 0, -50],
						"0.0313": [0, 0, 50],
						"0.0417": [0, 0, -50],
						"0.0521": [0, 0, 50],
						"0.0625": [0, 0, -50],
						"0.0729": [0, 0, 50],
						"0.0833": [0, 0, -50],
						"0.0938": [0, 0, 50],
						"0.1042": [0, 0, -50],
						"0.1146": [0, 0, 50]
					},
					"position": {
						"0.0": [0, 0, -11.5],
						"0.0104": {
							"pre": [0, 0, -11.5],
							"post": [0, 0, 0]
						}
					},
					"scale": {
						"0.0": [30, 30, 1],
						"0.0104": {
							"pre": [30, 30, 1],
							"post": [1, 1, 1]
						}
					}
				},
				"camera": {
					"rotation": {
						"0.0": [-0.15, 0.13, -0.03],
						"0.0104": [0.03813, 0.205, -0.275],
						"0.0208": [0.24625, 0, 0.42],
						"0.0313": [0.07438, -0.145, 0.905],
						"0.0417": [-0.0775, -0.04, 0.58],
						"0.0521": [-0.14716, 0.145, -0.02556],
						"0.0625": [-0.06681, 0.24, -0.31111],
						"0.0729": [0.00354, 0.185, -0.09667],
						"0.0833": [-0.04611, 0.09, 0.25778],
						"0.0938": [-0.14576, 0.055, 0.40222],
						"0.1042": [-0.21541, 0.08, 0.33667],
						"0.1354": [-0.36437, 0.065, 0.47],
						"0.1667": [-0.385, 0.05, 0.19503],
						"0.2604": [-0.45812, 0.01062, -0.63],
						"0.3333": [-0.37111, -0.02, -0.51334],
						"0.4479": [-0.35125, 0.02813, -0.33],
						"0.5": [-0.245, 0.05, -0.18938],
						"0.6146": [-0.03875, 0.09812, 0.12687],
						"0.6667": [-0.04381, 0.12, 0.08238],
						"0.8333": [0.01, 0.08, -0.05],
						"1.0": [-0.05769, 0.03, 0.00077],
						"1.1042": [-0.05, 0.02375, 0.02625],
						"1.1667": [-0.02, 0.02, 0.03],
						"1.3333": [0.05, 0.02, 0.03],
						"1.5": [0.02, 0, 0.02],
						"1.6667": [-0.03, -0.02, 0.01],
						"1.8333": [-0.02, -0.01, 0],
						"2.0": [0, 0, 0]
					}
				}
			}
		},
		"shoot020325": {
			"animation_length": 3.0521,
			"bones": {
				"root": {
					"rotation": {
						"0.0": [-0.5, 0.5, 0],
						"0.0104": [0.02, 0.47, 0.98],
						"0.0208": [0.48, 0.41, 1.65],
						"0.0313": [0.85, 0.33, 1.85],
						"0.0417": [1.11, 0.23, 1.56],
						"0.0521": [1.26, 0.11, 0.88],
						"0.0625": [1.28, 0, 0],
						"0.0729": [1.19, -0.11, -0.83],
						"0.0833": [0.99, -0.2, -1.39],
						"0.0938": [0.71, -0.28, -1.56],
						"0.1042": [0.38, -0.33, -1.31],
						"0.1146": [0.01, -0.35, -0.73],
						"0.125": [-0.35, -0.35, 0],
						"0.1354": [-0.69, -0.33, 0.68],
						"0.1458": [-0.99, -0.29, 1.14],
						"0.1563": [-1.21, -0.22, 1.27],
						"0.1667": [-1.36, -0.15, 1.06],
						"0.1771": [-1.42, -0.08, 0.59],
						"0.1875": [-1.4, 0, 0],
						"0.1979": [-1.3, 0.07, -0.54],
						"0.2083": [-1.14, 0.13, -0.89],
						"0.2188": [-0.93, 0.17, -0.98],
						"0.2292": [-0.7, 0.2, -0.8],
						"0.2396": [-0.45, 0.21, -0.44],
						"0.25": [-0.21, 0.21, 0],
						"0.2604": [0.01, 0.19, 0.39],
						"0.2708": [0.18, 0.16, 0.63],
						"0.2813": [0.31, 0.12, 0.68],
						"0.2917": [0.39, 0.08, 0.55],
						"0.3021": [0.42, 0.04, 0.29],
						"0.3125": [0.4, 0, 0],
						"0.3229": [0.35, -0.03, -0.24],
						"0.3333": [0.27, -0.05, -0.38],
						"0.3438": [0.18, -0.07, -0.39],
						"0.3542": [0.09, -0.07, -0.3],
						"0.3646": [0, -0.07, -0.15],
						"0.375": [-0.06, -0.06, 0],
						"0.3854": [-0.1, -0.05, 0.1],
						"0.3958": [-0.11, -0.03, 0.13],
						"0.4063": [-0.09, -0.02, 0.1],
						"0.4167": [-0.05, -0.01, 0.04],
						"0.4271": [0, 0, 0]
					},
					"position": {
						"0.0": {
							"post": [0, 0, 0],
							"lerp_mode": "catmullrom"
						},
						"0.0208": {
							"post": [0, 0, 0.775],
							"lerp_mode": "catmullrom"
						},
						"0.2604": {
							"post": [0, 0, 0.105],
							"lerp_mode": "catmullrom"
						},
						"0.4271": {
							"post": [0, 0, -0.125],
							"lerp_mode": "catmullrom"
						},
						"0.8229": {
							"post": [0, 0, 0],
							"lerp_mode": "catmullrom"
						}
					}
				},
				"constraint": {
					"rotation": {
						"0.0": [0, 0, 0],
						"0.0417": [1, 0.5, 2],
						"0.4375": [0, 0, 0]
					},
					"position": {
						"0.0": [0, 0, 0],
						"0.0417": [0.3, 0.3, 0.5],
						"0.4375": [0, 0, 0]
					}
				},
				"piston": {
					"position": {
						"0.0": [0, 0, 0],
						"0.0313": [0, 0, 3.4],
						"0.0833": [0, 0, 0]
					}
				},
				"bullet_in_the_gun_but_in_the_end_my_time_will_come": {
					"rotation": {
						"0.0313": [-15, 0, 0],
						"0.0625": [0, 0, 0]
					},
					"position": {
						"0.0": [0, 0, 0],
						"0.0313": [0, -1.075, 0],
						"0.0625": [0, 0, 0]
					},
					"scale": {
						"0.0": [0, 0, 0],
						"0.0208": [0, 0, 0],
						"0.0313": [1, 1, 1]
					}
				},
				"muzzleflash1_illuminated": {
					"rotation": {
						"0.0": [0, 0, 0],
						"0.0104": [0, 0, 5.73],
						"0.0208": [0, 0, 1.81],
						"0.0313": [0, 0, 4.5],
						"0.0417": [0, 0, -6.97],
						"0.0521": [0, 0, 3.5],
						"0.0625": [0, 0, -6.89],
						"0.0729": [0, 0, 4.95],
						"0.0833": [0, 0, 1.22],
						"0.0938": [0, 0, -6.34],
						"0.1042": [0, 0, 0]
					},
					"position": {
						"0.0": [0, 0, -0.5],
						"0.0208": [0, 0, 0]
					},
					"scale": {
						"0.0": [10, 10, 1],
						"0.0208": [1, 1, 1]
					}
				},
				"camera": {
					"rotation": {
						"0.0": [-0.28, -0.14, 0],
						"0.0208": [-0.16, -0.07, -0.67],
						"0.0417": [-0.04, 0, 0.66],
						"0.0833": [0, -0.14, -0.16],
						"0.1354": [0.07333, 0.06167, 0.52833],
						"0.1875": [-0.1025, -0.0125, -0.11],
						"0.2396": [0.1325, -0.095, -0.465],
						"0.2813": [-0.0325, -0.065, -0.495],
						"0.3021": [-0.06, -0.0625, -0.4675],
						"0.3542": [-0.06, -0.0775, -0.2725],
						"0.3646": [-0.064, -0.064, -0.21],
						"0.4375": [-0.1, 0.08, 0.06],
						"0.5": [-0.06, 0.04, 0.2],
						"0.6354": [-0.02, 0, 0.16],
						"0.8229": [0, -0.02, 0.04],
						"1.0208": [0, 0, 0],
						"2.9896": {
							"pre": [0, 0, 0],
							"post": [0, 0, 0],
							"lerp_mode": "catmullrom"
						}
					}
				}
			}
		},
		"shoot_2": {
			"animation_length": 3.0521,
			"bones": {
				"root": {
					"rotation": {
						"0.0": [-1, 1, 0],
						"0.0104": [0.01849, 0.92499, 1.80526],
						"0.0208": [0.97666, 0.82, 3.3],
						"0.0313": [1.745, 0.59, 3.115],
						"0.0417": [2.40334, 0.34, 2.44],
						"0.0521": [2.57166, 0.16502, 1.32014],
						"0.0625": [2.61, 0, 0],
						"0.0729": [2.38329, -0.21003, -1.52522],
						"0.0833": [2.04666, -0.4, -2.78],
						"0.0938": [1.285, -0.555, -2.62],
						"0.1042": [0.47334, -0.68, -2.04],
						"0.1146": [-0.06828, -0.7, -1.09512],
						"0.125": [-0.6, -0.7, 0],
						"0.1354": [-1.25177, -0.64999, 1.25018],
						"0.1458": [-1.86334, -0.58, 2.28],
						"0.1563": [-2.29, -0.405, 2.135],
						"0.1667": [-2.64666, -0.23, 1.65],
						"0.1771": [-2.68834, -0.12001, 0.88509],
						"0.1875": [-2.65, 0, 0],
						"0.1979": [-2.41162, 0.13502, -0.98514],
						"0.2083": [-2.11334, 0.26, -1.78],
						"0.2188": [-1.55, 0.34, -1.645],
						"0.2292": [-0.96666, 0.41, -1.24],
						"0.2396": [-0.58837, 0.42, -0.66007],
						"0.25": [-0.22, 0.42, 0],
						"0.2604": [0.19228, 0.37499, 0.7051],
						"0.2708": [0.55445, 0.32, 1.26],
						"0.2813": [0.80167, 0.22, 1.14],
						"0.2917": [0.99889, 0.12, 0.84],
						"0.3021": [1.01612, 0.06001, 0.43505],
						"0.3125": [0.98333, 0, 0],
						"0.3229": [0.86553, -0.05501, -0.43006],
						"0.3333": [0.71778, -0.1, -0.76],
						"0.3438": [0.49, -0.13, -0.655],
						"0.3542": [0.26222, -0.14, -0.45],
						"0.3646": [0.13945, -0.135, -0.22502],
						"0.375": [0.04667, -0.12, 0],
						"0.3854": [-0.02112, -0.095, 0.16502],
						"0.3958": [-0.05889, -0.06, 0.26],
						"0.4063": [-0.01167, -0.04, 0.185],
						"0.4167": [0.05555, -0.02, 0.08],
						"0.4271": [0.10278, -0.01, 0.04],
						"1.0": [-0.05, -0.01, 0.04]
					},
					"position": {
						"0.0": {
							"post": [0, 0, 0],
							"lerp_mode": "catmullrom"
						},
						"0.0208": {
							"post": [0, 0, -7.325],
							"lerp_mode": "catmullrom"
						},
						"0.2604": {
							"post": [0, 0, 0.105],
							"lerp_mode": "catmullrom"
						},
						"0.4271": {
							"post": [0, 0, -0.125],
							"lerp_mode": "catmullrom"
						},
						"0.8229": {
							"post": [0, 0, 0],
							"lerp_mode": "catmullrom"
						}
					}
				},
				"constraint": {
					"rotation": {
						"0.0": [0, 0, 0],
						"0.0417": [0.5, 0.75, 1],
						"0.4375": [0, 0, 0]
					},
					"position": {
						"0.0": [0, 0, 0],
						"0.0417": [0.3, 0.3, 0.55],
						"0.4375": [0, 0, 0]
					}
				},
				"piston": {
					"position": {
						"0.0": [0, 0, 0],
						"0.0313": [0, 0, 3.4],
						"0.0833": [0, 0, 0]
					}
				},
				"bullet_in_the_gun_but_in_the_end_my_time_will_come": {
					"rotation": {
						"0.0313": [-15, 0, 0],
						"0.0625": [0, 0, 0]
					},
					"position": {
						"0.0": [0, 0, 0],
						"0.0313": [0, -1.075, 0],
						"0.0625": [0, 0, 0]
					},
					"scale": {
						"0.0": [0, 0, 0],
						"0.0208": [0, 0, 0],
						"0.0313": [1, 1, 1]
					}
				},
				"muzzleflash1_illuminated": {
					"rotation": {
						"0.0": [0, 0, 0],
						"0.0104": [0, 0, 5.73],
						"0.0208": [0, 0, 1.81],
						"0.0313": [0, 0, 4.5],
						"0.0417": [0, 0, -6.97],
						"0.0521": [0, 0, 3.5],
						"0.0625": [0, 0, -6.89],
						"0.0729": [0, 0, 4.95],
						"0.0833": [0, 0, 1.22],
						"0.0938": [0, 0, -6.34],
						"0.1042": [0, 0, 0]
					},
					"position": {
						"0.0": [0, 0, -0.5],
						"0.0208": [0, 0, 0]
					},
					"scale": {
						"0.0": [10, 10, 1],
						"0.0208": [1, 1, 1]
					}
				},
				"camera": {
					"rotation": {
						"0.0": [-0.58, -0.11, 0.5],
						"0.0208": [-0.38826, -0.02863, -0.25191],
						"0.0417": [-0.17665, 0.05866, 0.95765],
						"0.0625": [-0.12557, 0.01149, 0.40277],
						"0.0833": [-0.12695, -0.04609, -0.15211],
						"0.1354": [-0.14467, 0.19634, 0.25349],
						"0.1458": [-0.19807, 0.18933, 0.1007],
						"0.1875": [-0.43295, 0.15719, -0.42292],
						"0.2292": [-0.30505, 0.0974, -0.70047],
						"0.2396": [-0.26782, 0.07753, -0.76983],
						"0.2813": [-0.45464, 0.07639, -0.7778],
						"0.3021": [-0.48432, 0.05522, -0.73519],
						"0.3542": [-0.46555, -0.03194, -0.49361],
						"0.3646": [-0.4618, -0.03376, -0.42069],
						"0.375": [-0.458, -0.02841, -0.37104],
						"0.4375": [-0.41251, -0.00078, -0.07328],
						"0.5": [-0.27279, -0.14721, 0.13022],
						"0.5625": [-0.16147, -0.22631, 0.15363],
						"0.6042": [-0.08238, -0.23336, 0.16923],
						"0.6354": [-0.03199, -0.2184, 0.16],
						"0.75": [0.09222, -0.11222, 0.08667],
						"0.8229": [0.08977, -0.08416, 0.04],
						"1.0": [0, -0.0021, 0.00421],
						"1.0208": [0, 0, 0],
						"2.9896": {
							"pre": [0, 0, 0],
							"post": [0, 0, 0],
							"lerp_mode": "catmullrom"
						}
					}
				}
			}
		},
		"animation.unknown.new": {
			"animation_length": 1,
			"bones": {
				"root": {
					"rotation": {
						"0.0": [0, 0, 0],
						"0.1042": [0.25, 0, 0],
						"1.0": [0, 0, 0]
					}
				}
			}
		},
		"animation.unknown.new5": {
			"animation_length": 2,
			"bones": {
				"camera": {
					"rotation": {
						"0.0": [0.25, 0, 0],
						"2.0": [0, 0, 0]
					}
				}
			}
		},
		"new": {
			"loop": true
		},
		"idle2": {
			"loop": true,
			"animation_length": 10,
			"bones": {
				"root": {
					"rotation": {
						"0.0": [0, 0, 0.28],
						"0.2": [0, 0, 0],
						"0.4": [0, 0, -0.33],
						"0.6": [0, 0, 0],
						"0.8": [0, 0, 0.01],
						"1.0": [0, 0, 0.22],
						"1.2": [0, 0, 0.31],
						"1.4": [0, 0, -0.15],
						"1.6": [0, 0, -0.44],
						"1.8": [0, 0, -0.37],
						"2.0": [0, 0, 0.41],
						"2.2": [0, 0, -0.32],
						"2.4": [0, 0, 0.03],
						"2.6": [0, 0, 0],
						"2.8": [0, 0, 0.34],
						"3.0": [0, 0, -0.21],
						"3.2": [0, 0, -0.28],
						"3.4": [0, 0, 0.49],
						"3.6": [0, 0, -0.19],
						"3.8": [0, 0, -0.34],
						"4.0": [0, 0, -0.43],
						"4.2": [0, 0, -0.01],
						"4.4": [0, 0, 0.44],
						"4.6": [0, 0, -0.41],
						"4.8": [0, 0, 0.3],
						"5.0": [0, 0, 0.21],
						"5.2": [0, 0, -0.26],
						"5.4": [0, 0, 0.49],
						"5.6": [0, 0, -0.11],
						"5.8": [0, 0, 0.23],
						"6.0": [0, 0, 0.34],
						"6.2": [0, 0, 0.18],
						"6.4": [0, 0, 0.11],
						"6.6": [0, 0, -0.11],
						"6.8": [0, 0, 0.23],
						"7.0": [0, 0, 0.23],
						"7.2": [0, 0, -0.39],
						"7.4": [0, 0, -0.39],
						"7.6": [0, 0, 0.44],
						"7.8": [0, 0, -0.5],
						"8.0": [0, 0, -0.44],
						"8.2": [0, 0, -0.08],
						"8.4": [0, 0, 0.03],
						"8.6": [0, 0, 0.01],
						"8.8": [0, 0, -0.35],
						"9.0": [0, 0, 0.14],
						"9.2": [0, 0, -0.04],
						"9.4": [0, 0, 0.5],
						"9.6": [0, 0, 0.3],
						"9.8": [0, 0, 0.37],
						"10.0": [0, 0, 0.37]
					}
				}
			}
		},
		"idle_final": {
			"loop": true,
			"animation_length": 10,
			"bones": {
				"root": {
					"rotation": {
						"0.0": {
							"post": [-0.11, -0.12, 0.35],
							"lerp_mode": "catmullrom"
						},
						"0.2": {
							"post": [-0.07037, -0.13407, 0.0237],
							"lerp_mode": "catmullrom"
						},
						"0.3": {
							"post": [-0.06, -0.11, -0.175],
							"lerp_mode": "catmullrom"
						},
						"0.4": {
							"post": [-0.08219, -0.06523, -0.36031],
							"lerp_mode": "catmullrom"
						},
						"0.6": {
							"post": [-0.14906, 0.0618, -0.06906],
							"lerp_mode": "catmullrom"
						},
						"0.7": {
							"post": [-0.13, 0.1, -0.075],
							"lerp_mode": "catmullrom"
						},
						"0.8": {
							"post": [0.01333, 0.0963, -0.07481],
							"lerp_mode": "catmullrom"
						},
						"1.0": {
							"post": [0.36, 0.04, 0.16],
							"lerp_mode": "catmullrom"
						},
						"1.2": {
							"post": [0.3437, 0.06741, 0.36],
							"lerp_mode": "catmullrom"
						},
						"1.3": {
							"post": [0.27, 0.08, 0.17],
							"lerp_mode": "catmullrom"
						},
						"1.4": {
							"post": [0.17367, 0.07734, -0.05844],
							"lerp_mode": "catmullrom"
						},
						"1.6": {
							"post": [-0.07523, 0.06078, -0.38281],
							"lerp_mode": "catmullrom"
						},
						"1.7": {
							"post": [-0.12, 0.06, -0.365],
							"lerp_mode": "catmullrom"
						},
						"1.8": {
							"post": [0.00852, 0.07704, -0.35259],
							"lerp_mode": "catmullrom"
						},
						"2.0": {
							"post": [0.34, 0.12, 0.4],
							"lerp_mode": "catmullrom"
						},
						"2.2": {
							"post": [-0.02407, 0.11185, -0.23815],
							"lerp_mode": "catmullrom"
						},
						"2.3": {
							"post": [-0.23, 0.1, -0.045],
							"lerp_mode": "catmullrom"
						},
						"2.4": {
							"post": [-0.34062, 0.08938, 0.09047],
							"lerp_mode": "catmullrom"
						},
						"2.6": {
							"post": [-0.50562, 0.0625, -0.08047],
							"lerp_mode": "catmullrom"
						},
						"2.7": {
							"post": [-0.5, 0.05, 0.05],
							"lerp_mode": "catmullrom"
						},
						"2.8": {
							"post": [-0.29889, 0.03815, 0.23185],
							"lerp_mode": "catmullrom"
						},
						"3.0": {
							"post": [0.17, 0.01, -0.22],
							"lerp_mode": "catmullrom"
						},
						"3.2": {
							"post": [-0.24333, -0.07222, -0.19704],
							"lerp_mode": "catmullrom"
						},
						"3.3": {
							"post": [-0.44, -0.09, 0.215],
							"lerp_mode": "catmullrom"
						},
						"3.4": {
							"post": [-0.45523, -0.06742, 0.59719],
							"lerp_mode": "catmullrom"
						},
						"3.6": {
							"post": [-0.34883, 0.02273, -0.12219],
							"lerp_mode": "catmullrom"
						},
						"3.7": {
							"post": [-0.32, 0.05, -0.215],
							"lerp_mode": "catmullrom"
						},
						"3.8": {
							"post": [-0.36259, 0.04593, -0.30556],
							"lerp_mode": "catmullrom"
						},
						"4.0": {
							"post": [-0.46, 0, -0.42],
							"lerp_mode": "catmullrom"
						},
						"4.2": {
							"post": [-0.2537, -0.01185, -0.02519],
							"lerp_mode": "catmullrom"
						},
						"4.3": {
							"post": [-0.19, -0.01, 0.205],
							"lerp_mode": "catmullrom"
						},
						"4.4": {
							"post": [-0.24, -0.00258, 0.45805],
							"lerp_mode": "catmullrom"
						},
						"4.6": {
							"post": [-0.445, 0.02164, -0.30773],
							"lerp_mode": "catmullrom"
						},
						"4.7": {
							"post": [-0.48, 0.03, 0.065],
							"lerp_mode": "catmullrom"
						},
						"4.8": {
							"post": [-0.36481, 0.03778, 0.38889],
							"lerp_mode": "catmullrom"
						},
						"5.0": {
							"post": [-0.05, 0.03, 0.2],
							"lerp_mode": "catmullrom"
						},
						"5.2": {
							"post": [-0.24778, -0.06593, -0.22889],
							"lerp_mode": "catmullrom"
						},
						"5.3": {
							"post": [-0.3, -0.1, 0.165],
							"lerp_mode": "catmullrom"
						},
						"5.4": {
							"post": [-0.21656, -0.09812, 0.535],
							"lerp_mode": "catmullrom"
						},
						"5.6": {
							"post": [0.09281, -0.05875, -0.09562],
							"lerp_mode": "catmullrom"
						},
						"5.7": {
							"post": [0.21, -0.04, 0.06],
							"lerp_mode": "catmullrom"
						},
						"5.8": {
							"post": [0.29556, -0.02407, 0.21519],
							"lerp_mode": "catmullrom"
						},
						"6.0": {
							"post": [0.32, 0.01, 0.3],
							"lerp_mode": "catmullrom"
						},
						"6.2": {
							"post": [0.03926, 0.07889, 0.11259],
							"lerp_mode": "catmullrom"
						},
						"6.3": {
							"post": [-0.09, 0.1, 0.085],
							"lerp_mode": "catmullrom"
						},
						"6.4": {
							"post": [-0.12125, 0.09687, 0.08086],
							"lerp_mode": "catmullrom"
						},
						"6.6": {
							"post": [-0.11625, 0.06438, -0.04367],
							"lerp_mode": "catmullrom"
						},
						"6.7": {
							"post": [-0.14, 0.05, 0.16],
							"lerp_mode": "catmullrom"
						},
						"6.8": {
							"post": [-0.26593, 0.03444, 0.35],
							"lerp_mode": "catmullrom"
						},
						"7.0": {
							"post": [-0.47, 0.02, 0.34],
							"lerp_mode": "catmullrom"
						},
						"7.2": {
							"post": [0.00074, 0.08556, -0.3737],
							"lerp_mode": "catmullrom"
						},
						"7.3": {
							"post": [0.19, 0.1, -0.42],
							"lerp_mode": "catmullrom"
						},
						"7.4": {
							"post": [0.17297, 0.07625, -0.44484],
							"lerp_mode": "catmullrom"
						},
						"7.6": {
							"post": [-0.03172, -0.0125, 0.35047],
							"lerp_mode": "catmullrom"
						},
						"7.7": {
							"post": [-0.06, -0.04, -0.12],
							"lerp_mode": "catmullrom"
						},
						"7.8": {
							"post": [0.11778, -0.03481, -0.55593],
							"lerp_mode": "catmullrom"
						},
						"8.0": {
							"post": [0.48, 0, -0.41],
							"lerp_mode": "catmullrom"
						},
						"8.2": {
							"post": [-0.25185, -0.07407, -0.09667],
							"lerp_mode": "catmullrom"
						},
						"8.3": {
							"post": [-0.5, -0.1, -0.075],
							"lerp_mode": "catmullrom"
						},
						"8.4": {
							"post": [-0.39477, -0.09328, -0.04477],
							"lerp_mode": "catmullrom"
						},
						"8.6": {
							"post": [0.15695, -0.04797, -0.11242],
							"lerp_mode": "catmullrom"
						},
						"8.7": {
							"post": [0.34, -0.03, -0.29],
							"lerp_mode": "catmullrom"
						},
						"8.8": {
							"post": [0.35815, -0.01778, -0.40593],
							"lerp_mode": "catmullrom"
						},
						"9.0": {
							"post": [0.19, -0.01, 0.23],
							"lerp_mode": "catmullrom"
						},
						"9.2": {
							"post": [0.19741, -0.03556, -0.07889],
							"lerp_mode": "catmullrom"
						},
						"9.3": {
							"post": [0.18, -0.04, 0.13],
							"lerp_mode": "catmullrom"
						},
						"9.4": {
							"post": [0.12492, -0.02438, 0.39172],
							"lerp_mode": "catmullrom"
						},
						"9.6": {
							"post": [-0.03398, 0.02562, 0.21828],
							"lerp_mode": "catmullrom"
						},
						"9.7": {
							"post": [-0.09, 0.03, 0.275],
							"lerp_mode": "catmullrom"
						},
						"9.8": {
							"post": [-0.11778, -0.00963, 0.35444],
							"lerp_mode": "catmullrom"
						},
						"10.0": {
							"post": [-0.11, -0.12, 0.35],
							"lerp_mode": "catmullrom"
						}
					},
					"position": {
						"0.0": {
							"post": [0, 0, 0],
							"lerp_mode": "catmullrom"
						},
						"0.3": {
							"post": [0.01, -0.01, 0],
							"lerp_mode": "catmullrom"
						},
						"0.7": {
							"post": [-0.01, -0.02, 0],
							"lerp_mode": "catmullrom"
						},
						"1.0": {
							"post": [0.02, 0.02, 0],
							"lerp_mode": "catmullrom"
						},
						"1.3": {
							"post": [-0.01, 0, 0],
							"lerp_mode": "catmullrom"
						},
						"1.7": {
							"post": [0.02, -0.01, 0],
							"lerp_mode": "catmullrom"
						},
						"2.0": {
							"post": [-0.02, 0.01, 0],
							"lerp_mode": "catmullrom"
						},
						"2.3": {
							"post": [-0.01, 0, 0],
							"lerp_mode": "catmullrom"
						},
						"2.7": {
							"post": [0.02, 0, 0],
							"lerp_mode": "catmullrom"
						},
						"3.0": {
							"post": [0.02, -0.02, 0],
							"lerp_mode": "catmullrom"
						},
						"3.3": {
							"post": [-0.01, 0.01, 0],
							"lerp_mode": "catmullrom"
						},
						"3.7": {
							"post": [-0.01, -0.01, 0],
							"lerp_mode": "catmullrom"
						},
						"4.0": {
							"post": [0.01, -0.01, 0],
							"lerp_mode": "catmullrom"
						},
						"4.3": {
							"post": [0, -0.01, 0],
							"lerp_mode": "catmullrom"
						},
						"4.7": {
							"post": [-0.02, 0.02, 0],
							"lerp_mode": "catmullrom"
						},
						"5.0": {
							"post": [0.01, 0.02, 0],
							"lerp_mode": "catmullrom"
						},
						"5.3": {
							"post": [0.01, -0.02, 0],
							"lerp_mode": "catmullrom"
						},
						"5.7": {
							"post": [-0.02, -0.01, 0],
							"lerp_mode": "catmullrom"
						},
						"6.0": {
							"post": [-0.01, 0.01, 0],
							"lerp_mode": "catmullrom"
						},
						"6.3": {
							"post": [-0.02, -0.01, 0],
							"lerp_mode": "catmullrom"
						},
						"6.7": {
							"post": [0, 0, 0],
							"lerp_mode": "catmullrom"
						},
						"7.0": {
							"post": [-0.01, 0.02, 0],
							"lerp_mode": "catmullrom"
						},
						"7.3": {
							"post": [0.02, 0.02, 0],
							"lerp_mode": "catmullrom"
						},
						"7.7": {
							"post": [0.01, 0.02, 0],
							"lerp_mode": "catmullrom"
						},
						"8.0": {
							"post": [0.01, 0.02, 0],
							"lerp_mode": "catmullrom"
						},
						"8.3": {
							"post": [-0.01, -0.02, 0],
							"lerp_mode": "catmullrom"
						},
						"8.7": {
							"post": [0, -0.02, 0],
							"lerp_mode": "catmullrom"
						},
						"9.0": {
							"post": [0, -0.01, 0],
							"lerp_mode": "catmullrom"
						},
						"9.3": {
							"post": [0.02, 0.01, 0],
							"lerp_mode": "catmullrom"
						},
						"9.7": {
							"post": [0.01, 0.02, 0],
							"lerp_mode": "catmullrom"
						},
						"10.0": {
							"post": [0, 0, 0],
							"lerp_mode": "catmullrom"
						}
					}
				},
				"camera": {
					"rotation": {
						"0.0": {
							"post": [-0.05, -0.09, 0.03],
							"lerp_mode": "catmullrom"
						},
						"0.4": {
							"post": [0.08, -0.01, 0.04],
							"lerp_mode": "catmullrom"
						},
						"0.8": {
							"post": [-0.08, -0.01, 0.02],
							"lerp_mode": "catmullrom"
						},
						"1.2": {
							"post": [-0.05, -0.02, 0.05],
							"lerp_mode": "catmullrom"
						},
						"1.6": {
							"post": [0.05, 0.04, -0.02],
							"lerp_mode": "catmullrom"
						},
						"2.0": {
							"post": [0.04, -0.04, -0.09],
							"lerp_mode": "catmullrom"
						},
						"2.4": {
							"post": [-0.03, 0.09, 0.08],
							"lerp_mode": "catmullrom"
						},
						"2.8": {
							"post": [0, 0.02, 0.08],
							"lerp_mode": "catmullrom"
						},
						"3.2": {
							"post": [0.02, 0.08, -0.08],
							"lerp_mode": "catmullrom"
						},
						"3.6": {
							"post": [0.1, 0.03, 0.01],
							"lerp_mode": "catmullrom"
						},
						"4.0": {
							"post": [-0.08, -0.08, -0.05],
							"lerp_mode": "catmullrom"
						},
						"4.4": {
							"post": [-0.04, -0.03, -0.1],
							"lerp_mode": "catmullrom"
						},
						"4.8": {
							"post": [0.08, 0.03, 0],
							"lerp_mode": "catmullrom"
						},
						"5.2": {
							"post": [-0.09, 0.06, -0.02],
							"lerp_mode": "catmullrom"
						},
						"5.6": {
							"post": [-0.09, -0.08, -0.01],
							"lerp_mode": "catmullrom"
						},
						"6.0": {
							"post": [0.09, 0, -0.08],
							"lerp_mode": "catmullrom"
						},
						"6.4": {
							"post": [-0.09, -0.08, 0.01],
							"lerp_mode": "catmullrom"
						},
						"6.8": {
							"post": [0.05, 0.01, -0.01],
							"lerp_mode": "catmullrom"
						},
						"7.2": {
							"post": [0.09, 0.05, -0.01],
							"lerp_mode": "catmullrom"
						},
						"7.6": {
							"post": [-0.03, 0.04, 0.03],
							"lerp_mode": "catmullrom"
						},
						"8.0": {
							"post": [0.1, 0.08, 0.02],
							"lerp_mode": "catmullrom"
						},
						"8.4": {
							"post": [0.03, -0.02, 0.09],
							"lerp_mode": "catmullrom"
						},
						"8.8": {
							"post": [0, -0.09, 0.05],
							"lerp_mode": "catmullrom"
						},
						"9.2": {
							"post": [0, -0.01, 0.04],
							"lerp_mode": "catmullrom"
						},
						"9.6": {
							"post": [-0.05, 0.03, 0.02],
							"lerp_mode": "catmullrom"
						},
						"10.0": {
							"post": [-0.05, -0.09, 0.03],
							"lerp_mode": "catmullrom"
						}
					}
				}
			}
		},
		"animation.unknown.new2": {
			"animation_length": 0.75,
			"bones": {
				"root": {
					"rotation": {
						"0.0": [0, 0, 0],
						"0.0208": [-0.17, -0.05, 0.5],
						"0.125": [0.25, -0.1, 1],
						"0.3958": [-0.1, 0.1, -0.5],
						"0.75": [0, 0, 0]
					},
					"position": {
						"0.0": [0, 0, 0],
						"0.1875": [-0.05, 0.05, 0.05],
						"0.4792": [0.025, -0.055, 0],
						"0.75": [0, 0, 0]
					}
				}
			}
		},
		"animation.unknown.new3": {
			"animation_length": 0.75,
			"bones": {
				"root": {
					"rotation": {
						"0.0": [0, 0, 0],
						"0.0625": [-0.13, 0.05, 0.5],
						"0.125": [-0.25, 0.1, 1],
						"0.3958": [0.1, -0.1, -0.5],
						"0.75": [0, 0, 0]
					},
					"position": {
						"0.0": [0, 0, 0],
						"0.1875": [-0.05, 0.05, 0.05],
						"0.4792": [0.025, -0.055, 0],
						"0.75": [0, 0, 0]
					}
				}
			}
		},
		"animation.unknown.new4": {
			"animation_length": 1,
			"bones": {
				"camera": {
					"rotation": {
						"0.0": [-1, 0, 0],
						"0.1458": [0, 0, 0]
					}
				}
			}
		},
		"animation.unknown.new6": {
			"animation_length": 0.5417,
			"bones": {
				"root": {
					"rotation": {
						"0.0": [0, 0, 0],
						"0.0625": [-1, 0.5, 0],
						"0.125": [-0.3, -0.3, 0],
						"0.2292": [0.75, -0.25, 0],
						"0.5": [0, 0, 0]
					}
				}
			}
		},
		"recoil_sway": {
			"animation_length": 0.3333,
			"bones": {
				"root": {
					"rotation": {
						"0.0": [0, 0, 0],
						"0.0417": [-2.5, -2.5, 0],
						"0.0833": [-1.25, 0.5, 0],
						"0.125": [1, 1, 0],
						"0.2083": [0.59997, -0.14996, -0.00785],
						"0.3333": [0, 0, 0]
					},
					"position": [0, 0, 0]
				}
			}
		},
		"RANDSHOOT_assault": {
			"animation_length": 0.3125,
			"bones": {
				"root": {
					"rotation": {
						"0.0": ["math.clamp(query.head_yaw, 0, 45) / -45 + math.random(-1, 1) * 0", "math.clamp(query.head_yaw, 0, 45) / -45 + math.random(-1, 1) * 0", 0],
						"0.0625": [
							"math.clamp(query.head_yaw, 0, 45) / -45 + math.random(-1, 1) * 0.5",
							"math.clamp(query.head_yaw, 0, 45) / -45 + math.random(-1, 1) * 0.5",
							"math.clamp(query.head_yaw, 0, 45) / -45 + math.random(-1, 1) * 0.5"
						],
						"0.25": ["math.clamp(query.head_yaw, 0, 45) / -45 + math.random(-1, 1) * 0", "math.clamp(query.head_yaw, 0, 45) / -45 + math.random(-1, 1) * 0", 0]
					}
				},
				"camera": {
					"rotation": {
						"0.0": [
							"math.clamp(query.head_yaw, 0, 45) / -45 + math.random(-1, 1) * 0",
							"math.clamp(query.head_yaw, 0, 45) / -45 + math.random(-1, 1) * 0",
							"math.clamp(query.head_yaw, 0, 45) / -45 + math.random(-1, 1) * 0"
						],
						"0.0208": [
							"math.clamp(query.head_yaw, 0, 45) / -45 + math.random(-1, 1) * 0.75",
							"math.clamp(query.head_yaw, 0, 45) / -45 + math.random(-1, 1) * 0.75",
							"math.clamp(query.head_yaw, 0, 45) / -45 + math.random(-1, 1) * 0.75"
						],
						"0.1667": [
							"math.clamp(query.head_yaw, 0, 45) / -45 + math.random(-1, 1) * 0",
							"math.clamp(query.head_yaw, 0, 45) / -45 + math.random(-1, 1) * 0",
							"math.clamp(query.head_yaw, 0, 45) / -45 + math.random(-1, 1) * 0"
						]
					}
				}
			}
		},
		"animation.unknown.rotatewhenrec": {
			"animation_length": 0.375,
			"bones": {
				"root": {
					"rotation": {
						"0.0": [-0.25, 0.25, 0],
						"0.375": [0, 0, 0]
					}
				}
			}
		},
		"animation.unknown.new8": {
			"animation_length": 0.375,
			"bones": {
				"root": {
					"rotation": {
						"0.0": [0, 0, 0],
						"0.0833": [-0.1, 0.4, 0],
						"0.375": [0, 0, 0]
					}
				}
			}
		},
		"shoot_up": {
			"animation_length": 0.25,
			"bones": {
				"root": {
					"rotation": {
						"0.0": [0, 0, 0],
						"0.0208": [-1.5, 0, 0],
						"0.25": [0, 0, 0]
					},
					"position": {
						"0.0": [0, 0, 0],
						"0.0208": [0, 0.2, 0],
						"0.25": [0, 0, 0]
					}
				}
			}
		},
		"shoot_up_left": {
			"animation_length": 0.25,
			"bones": {
				"root": {
					"rotation": {
						"0.0": [0, 0, 0],
						"0.0208": [-0.75, -0.75, 0],
						"0.25": [0, 0, 0]
					},
					"position": {
						"0.0": [0, 0, 0],
						"0.0208": [0.15, 0.15, 0],
						"0.25": [0, 0, 0]
					}
				}
			}
		},
		"shoot_left": {
			"animation_length": 0.25,
			"bones": {
				"root": {
					"rotation": {
						"0.0": [0, 0, 0],
						"0.0208": [0, -1.5, 0],
						"0.25": [0, 0, 0]
					},
					"position": {
						"0.0": [0, 0, 0],
						"0.0208": [0.2, 0, 0],
						"0.25": [0, 0, 0]
					}
				}
			}
		},
		"shoot_down_left": {
			"animation_length": 0.25,
			"bones": {
				"root": {
					"rotation": {
						"0.0": [0, 0, 0],
						"0.0208": [0.75, -0.75, 0],
						"0.25": [0, 0, 0]
					},
					"position": {
						"0.0": [0, 0, 0],
						"0.0208": [0.15, -0.15, 0],
						"0.25": [0, 0, 0]
					}
				}
			}
		},
		"shoot_down": {
			"animation_length": 0.2708,
			"bones": {
				"root": {
					"rotation": {
						"0.0": [0, 0, 0],
						"0.0208": [1.5, 0, 0],
						"0.25": [0, 0, 0]
					},
					"position": {
						"0.0": [0, 0, 0],
						"0.0208": [0, -0.2, 0],
						"0.25": [0, 0, 0]
					}
				}
			}
		},
		"shoot_down_right": {
			"animation_length": 0.25,
			"bones": {
				"root": {
					"rotation": {
						"0.0": [0, 0, 0],
						"0.0208": [0.75, 0.75, 0],
						"0.25": [0, 0, 0]
					},
					"position": {
						"0.0": [0, 0, 0],
						"0.0208": [-0.15, -0.15, 0],
						"0.25": [0, 0, 0]
					}
				}
			}
		},
		"shoot_right": {
			"animation_length": 0.2708,
			"bones": {
				"root": {
					"rotation": {
						"0.0": [0, 0, 0],
						"0.0208": [0, 1.5, 0],
						"0.25": [0, 0, 0]
					},
					"position": {
						"0.0": [0, 0, 0],
						"0.0208": [-0.2, 0, 0],
						"0.25": [0, 0, 0]
					}
				}
			}
		},
		"shoot_up_right": {
			"animation_length": 0.25,
			"bones": {
				"root": {
					"rotation": {
						"0.0": [0, 0, 0],
						"0.0208": [-0.75, 0.75, 0],
						"0.25": [0, 0, 0]
					},
					"position": {
						"0.0": [0, 0, 0],
						"0.0208": [-0.15, 0.15, 0],
						"0.25": [0, 0, 0]
					}
				}
			}
		},
		"RANDSHOOT_CAM_ASSAULT556X45": {
			"animation_length": 0.3125,
			"bones": {
				"camera": {
					"rotation": {
						"0.0": [
							"math.clamp(query.head_yaw, 0, 45) / -45 + math.random(-1, 1) * 0",
							"math.clamp(query.head_yaw, 0, 45) / -45 + math.random(-1, 1) * 0",
							"math.clamp(query.head_yaw, 0, 45) / -45 + math.random(-1, 1) * 0"
						],
						"0.0208": [
							"math.clamp(query.head_yaw, 0, 45) / -45 + math.random(-1, 1) * 0.59",
							"math.clamp(query.head_yaw, 0, 45) / -45 + math.random(-1, 1) * 0.59",
							"math.clamp(query.head_yaw, 0, 45) / -45 + math.random(-1, 1) * 0.2"
						],
						"0.1667": [
							"math.clamp(query.head_yaw, 0, 45) / -45 + math.random(-1, 1) * 0",
							"math.clamp(query.head_yaw, 0, 45) / -45 + math.random(-1, 1) * 0",
							"math.clamp(query.head_yaw, 0, 45) / -45 + math.random(-1, 1) * 0"
						]
					}
				}
			}
		},
		"RANDSHOOT_smg_camar1": {
			"animation_length": 0.3438,
			"bones": {
				"camera": {
					"rotation": {
						"0.0": [0, 0, 0],
						"0.0104": [-0.17, -0.13, 0.04],
						"0.0208": [-0.4, 0.08, -0.04],
						"0.0313": [-0.27, -0.12, 0],
						"0.0417": [-0.07, -0.02, -0.05],
						"0.0521": [0.11, -0.31, -0.08],
						"0.0625": [0.09, 0.02, -0.03],
						"0.0729": [0.29, 0.19, 0.04],
						"0.0938": [0.09, 0.04, 0.03],
						"0.1146": [-0.25, 0.21, -0.04],
						"0.1354": [0.06, 0.18, 0],
						"0.1563": [0.05, -0.1, 0.02],
						"0.1771": [0.05, -0.01, 0.01],
						"0.2188": [0.06, -0.07, -0.02],
						"0.2604": [-0.01, -0.04, 0],
						"0.3021": [-0.02, -0.01, -0.01],
						"0.3438": [0, 0, 0]
					}
				}
			}
		},
		"RANDSHOOT_smg_camar2": {
			"animation_length": 0.3438,
			"bones": {
				"camera": {
					"rotation": {
						"0.0": [0, 0, 0],
						"0.0104": [0.1, -0.21, 0.02],
						"0.0208": [0.04, -0.33, 0.05],
						"0.0313": [0.31, -0.01, -0.09],
						"0.0417": [0.41, 0.36, 0.06],
						"0.0521": [0.27, -0.18, -0.07],
						"0.0625": [-0.32, -0.05, -0.02],
						"0.0729": [0.11, 0.11, 0.06],
						"0.0938": [0.15, -0.13, 0.05],
						"0.1146": [0.22, 0.22, 0.04],
						"0.1354": [0.1, -0.16, -0.01],
						"0.1563": [0.12, -0.12, 0.03],
						"0.1771": [-0.11, -0.12, 0.02],
						"0.2188": [-0.02, 0.04, -0.02],
						"0.2604": [-0.04, -0.06, 0.01],
						"0.3021": [0, 0.03, 0.01],
						"0.3438": [0, 0, 0]
					}
				}
			}
		},
		"RANDSHOOT_smg_camar3": {
			"animation_length": 0.3438,
			"bones": {
				"camera": {
					"rotation": {
						"0.0": [0, 0, 0],
						"0.0104": [0.19, -0.07, -0.04],
						"0.0208": [-0.3, 0.05, -0.07],
						"0.0313": [0.24, -0.19, 0.07],
						"0.0417": [-0.35, -0.3, -0.07],
						"0.0521": [-0.26, 0.23, 0.04],
						"0.0625": [-0.18, -0.06, -0.05],
						"0.0729": [-0.06, -0.22, 0.05],
						"0.0938": [0.15, 0.03, 0.03],
						"0.1146": [-0.17, 0.14, 0.02],
						"0.1354": [-0.17, -0.05, -0.01],
						"0.1563": [0.05, -0.14, 0.02],
						"0.1771": [-0.05, 0.04, 0.02],
						"0.2188": [-0.07, 0.07, 0.01],
						"0.2604": [0.05, -0.02, 0],
						"0.3021": [-0.03, -0.02, 0],
						"0.3438": [0, 0, 0]
					}
				}
			}
		},
		"RANDSHOOT_smg_camar4": {
			"animation_length": 0.3438,
			"bones": {
				"camera": {
					"rotation": {
						"0.0": [0, 0, 0],
						"0.0104": [-0.16, -0.05, 0.01],
						"0.0208": [-0.24, -0.35, 0.09],
						"0.0313": [0.19, 0.26, 0.03],
						"0.0417": [-0.17, 0.05, -0.01],
						"0.0521": [0.19, 0.05, 0.04],
						"0.0625": [-0.26, -0.27, 0.07],
						"0.0729": [0.15, -0.15, 0.04],
						"0.0938": [-0.09, -0.24, 0.05],
						"0.1146": [0.11, -0.18, 0],
						"0.1354": [0.11, 0.02, 0],
						"0.1563": [-0.17, 0.01, 0.03],
						"0.1771": [-0.13, -0.04, 0.02],
						"0.2188": [0.03, 0.02, -0.01],
						"0.2604": [0, 0.02, 0],
						"0.3021": [0, -0.01, 0],
						"0.3438": [0, 0, 0]
					}
				}
			}
		},
		"RANDSHOOT_smg_camar5": {
			"animation_length": 0.3438,
			"bones": {
				"camera": {
					"rotation": {
						"0.0": [0, 0, 0],
						"0.0104": [-0.11, -0.09, 0.05],
						"0.0208": [0.21, 0.23, -0.07],
						"0.0313": [0.14, -0.31, -0.04],
						"0.0417": [-0.22, -0.21, -0.05],
						"0.0521": [0.06, 0, -0.06],
						"0.0625": [0.1, -0.06, -0.06],
						"0.0729": [0.24, -0.04, 0.02],
						"0.0938": [0, 0.07, 0.01],
						"0.1146": [0.12, 0.18, -0.04],
						"0.1354": [0.08, -0.1, -0.01],
						"0.1563": [-0.15, 0.05, 0.01],
						"0.1771": [0.12, 0.03, 0.01],
						"0.2188": [-0.11, -0.04, 0.02],
						"0.2604": [-0.07, 0.06, 0],
						"0.3021": [-0.01, -0.03, 0],
						"0.3438": [0, 0, 0]
					}
				}
			}
		},
		"RANDSHOOT_smg_camar6": {
			"animation_length": 0.3438,
			"bones": {
				"camera": {
					"rotation": {
						"0.0": [0, 0, 0],
						"0.0104": [0.11, -0.1, 0.01],
						"0.0208": [-0.22, -0.15, 0],
						"0.0313": [-0.11, 0.07, -0.02],
						"0.0417": [-0.35, 0.18, -0.04],
						"0.0521": [-0.14, -0.23, -0.07],
						"0.0625": [0.2, 0.19, -0.06],
						"0.0729": [-0.15, 0.2, 0.03],
						"0.0938": [-0.03, -0.2, 0.04],
						"0.1146": [0.17, 0.24, 0.03],
						"0.1354": [0.09, 0.16, -0.03],
						"0.1563": [-0.16, -0.15, 0.03],
						"0.1771": [0.06, -0.05, -0.02],
						"0.2188": [0.08, 0.1, -0.02],
						"0.2604": [-0.04, -0.01, 0],
						"0.3021": [0, 0, -0.01],
						"0.3438": [0, 0, 0]
					}
				}
			}
		},
		"RANDSHOOT_smg_camar7": {
			"animation_length": 0.3438,
			"bones": {
				"camera": {
					"rotation": {
						"0.0": [0, 0, 0],
						"0.0104": [0.01, -0.19, 0.03],
						"0.0208": [0.41, 0.36, 0.03],
						"0.0313": [-0.14, -0.01, -0.08],
						"0.0417": [0.3, -0.32, -0.06],
						"0.0521": [0.15, 0.14, 0.04],
						"0.0625": [-0.12, -0.26, -0.02],
						"0.0729": [0.02, 0.04, 0.01],
						"0.0938": [-0.21, 0.24, -0.03],
						"0.1146": [-0.15, 0.22, 0.01],
						"0.1354": [-0.16, 0.07, 0],
						"0.1563": [0.18, -0.16, 0.02],
						"0.1771": [-0.09, 0.12, 0.02],
						"0.2188": [-0.01, -0.03, 0],
						"0.2604": [0.05, 0.06, 0.01],
						"0.3021": [0.01, -0.02, 0],
						"0.3438": [0, 0, 0]
					}
				}
			}
		},
		"RANDSHOOT_smg_camar8": {
			"animation_length": 0.3646,
			"bones": {
				"camera": {
					"rotation": {
						"0.0": [0, 0, 0],
						"0.0104": [0.14, 0.14, 0.04],
						"0.0208": [0.31, -0.17, 0.08],
						"0.0313": [0.21, -0.09, 0.02],
						"0.0417": [0.16, -0.22, 0.01],
						"0.0521": [-0.09, -0.11, 0.01],
						"0.0625": [0.28, -0.02, -0.05],
						"0.0729": [0.21, -0.14, 0.03],
						"0.0938": [0.05, 0.13, 0.04],
						"0.1146": [-0.15, 0.02, 0.03],
						"0.1354": [0.01, -0.14, -0.02],
						"0.1563": [-0.08, 0.11, 0.03],
						"0.1771": [0.06, -0.03, -0.01],
						"0.2188": [-0.04, -0.02, -0.01],
						"0.2604": [-0.04, -0.03, 0.01],
						"0.3021": [-0.03, 0, 0],
						"0.3438": [0, 0, 0]
					}
				}
			}
		},
		"RANDSHOOT_smg_camar9": {
			"animation_length": 0.3125,
			"bones": {
				"camera": {
					"rotation": {
						"0.0": [
							"math.clamp(query.head_yaw, 0, 45) / -45 + math.random(-1, 1) * 0",
							"math.clamp(query.head_yaw, 0, 45) / -45 + math.random(-1, 1) * 0",
							"math.clamp(query.head_yaw, 0, 45) / -45 + math.random(-1, 1) * 0"
						],
						"0.0208": [
							"math.clamp(query.head_yaw, 0, 45) / -45 + math.random(-1, 1) * 0.45",
							"math.clamp(query.head_yaw, 0, 45) / -45 + math.random(-1, 1) * 0.45",
							"math.clamp(query.head_yaw, 0, 45) / -45 + math.random(-1, 1) * 0.1"
						],
						"0.1667": [
							"math.clamp(query.head_yaw, 0, 45) / -45 + math.random(-1, 1) * 0",
							"math.clamp(query.head_yaw, 0, 45) / -45 + math.random(-1, 1) * 0",
							"math.clamp(query.head_yaw, 0, 45) / -45 + math.random(-1, 1) * 0"
						]
					}
				}
			}
		},
		"animation.unknown.panning1": {
			"animation_length": 0.5,
			"bones": {
				"camera": {
					"rotation": {
						"0.0": [0, 0, 0],
						"0.0208": [0, 0.4, 0],
						"0.5": [0, 0, 0]
					}
				}
			}
		},
		"animation.unknown.panning2": {
			"animation_length": 0.5,
			"bones": {
				"camera": {
					"rotation": {
						"0.0": [0, 0, 0],
						"0.0208": [0, 0.3, 0],
						"0.5": [0, 0, 0]
					}
				}
			}
		},
		"animation.unknown.panning3": {
			"animation_length": 0.5,
			"bones": {
				"camera": {
					"rotation": {
						"0.0": [0, 0, 0],
						"0.0208": [0, 0.2, 0],
						"0.5": [0, 0, 0]
					}
				}
			}
		},
		"animation.unknown.panning4": {
			"animation_length": 0.5,
			"bones": {
				"camera": {
					"rotation": {
						"0.0": [0, 0, 0],
						"0.0208": [0, 0.1, 0],
						"0.5": [0, 0, 0]
					}
				}
			}
		},
		"animation.unknown.panning5": {
			"animation_length": 0.5,
			"bones": {
				"camera": {
					"rotation": {
						"0.0": [0, 0, 0],
						"0.0208": [0, -0.1, 0],
						"0.5": [0, 0, 0]
					}
				}
			}
		},
		"animation.unknown.panning6": {
			"animation_length": 0.5,
			"bones": {
				"camera": {
					"rotation": {
						"0.0": [0, 0, 0],
						"0.0208": [0, -0.2, 0],
						"0.5": [0, 0, 0]
					}
				}
			}
		},
		"animation.unknown.panning7": {
			"animation_length": 0.5,
			"bones": {
				"camera": {
					"rotation": {
						"0.0": [0, 0, 0],
						"0.0208": [0, -0.3, 0],
						"0.5": [0, 0, 0]
					}
				}
			}
		},
		"animation.unknown.panning8": {
			"animation_length": 0.5,
			"bones": {
				"camera": {
					"rotation": {
						"0.0": [0, 0, 0],
						"0.0208": [0, 0.1, 0],
						"0.5": [0, 0, 0]
					}
				}
			}
		},
		"RANDSHOOT_smg_camarw8": {
			"animation_length": 0.3438,
			"bones": {
				"camera": {
					"rotation": {
						"0.0": [0, 0, 0],
						"0.0104": [0, -0.09, 0.03],
						"0.0208": [0.28, -0.16, -0.07],
						"0.0313": [0.02, 0.17, 0.05],
						"0.0417": [-0.22, 0.2, -0.07],
						"0.0521": [-0.09, -0.25, 0.01],
						"0.0625": [-0.21, 0.19, 0.05],
						"0.0729": [0.15, -0.06, -0.06],
						"0.0938": [-0.17, -0.02, -0.05],
						"0.1146": [-0.06, 0.03, -0.05],
						"0.1354": [0.15, -0.1, 0],
						"0.1563": [0.09, 0.05, 0],
						"0.1771": [0.05, 0.1, 0.02],
						"0.2188": [0.05, -0.03, 0],
						"0.2604": [-0.03, -0.02, 0],
						"0.3021": [0.02, -0.01, 0.01],
						"0.3438": [0, 0, 0]
					}
				}
			}
		},
		"RANDSHOOT_smg_camarw7": {
			"animation_length": 0.3438,
			"bones": {
				"camera": {
					"rotation": {
						"0.0": [0, 0, 0],
						"0.0104": [0.15, -0.01, 0.01],
						"0.0208": [0.36, -0.06, 0.06],
						"0.0313": [-0.2, -0.28, -0.06],
						"0.0417": [0.3, -0.2, -0.01],
						"0.0521": [0.12, 0.24, -0.07],
						"0.0625": [-0.25, 0.04, 0.03],
						"0.0729": [-0.01, -0.03, -0.02],
						"0.0938": [0.13, -0.08, 0.05],
						"0.1146": [-0.19, -0.12, -0.03],
						"0.1354": [0.14, 0.14, 0],
						"0.1563": [-0.12, -0.05, -0.02],
						"0.1771": [0.1, -0.06, 0.02],
						"0.2188": [0.04, -0.06, 0],
						"0.2604": [-0.02, -0.02, 0],
						"0.3021": [-0.03, 0.01, 0],
						"0.3438": [0, 0, 0]
					}
				}
			}
		},
		"RANDSHOOT_smg_camarw6": {
			"animation_length": 0.3438,
			"bones": {
				"camera": {
					"rotation": {
						"0.0": [0, 0, 0],
						"0.0104": [0.07, 0.11, -0.05],
						"0.0208": [0.33, -0.04, -0.1],
						"0.0313": [-0.33, 0.09, -0.06],
						"0.0417": [0.05, -0.27, -0.05],
						"0.0521": [-0.03, 0.21, -0.03],
						"0.0625": [-0.26, 0.14, -0.05],
						"0.0729": [0.11, -0.08, 0.03],
						"0.0938": [0.14, 0.13, -0.03],
						"0.1146": [0.09, 0.15, 0.04],
						"0.1354": [-0.17, 0.05, 0],
						"0.1563": [0.03, -0.03, 0.01],
						"0.1771": [0.09, 0.03, 0.01],
						"0.2188": [-0.06, -0.01, 0],
						"0.2604": [-0.04, 0.06, 0],
						"0.3021": [0.02, -0.02, -0.01],
						"0.3438": [0, 0, 0]
					}
				}
			}
		},
		"RANDSHOOT_smg_camarw5": {
			"animation_length": 0.3438,
			"bones": {
				"camera": {
					"rotation": {
						"0.0": [0, 0, 0],
						"0.0104": [-0.1, 0.15, 0],
						"0.0208": [0.06, 0.04, -0.05],
						"0.0313": [0.15, 0.13, -0.03],
						"0.0417": [0.12, -0.27, 0.08],
						"0.0521": [-0.24, -0.18, -0.01],
						"0.0625": [-0.01, -0.22, 0],
						"0.0729": [0.09, 0.09, 0.02],
						"0.0938": [0.2, 0.16, -0.01],
						"0.1146": [-0.13, -0.15, -0.02],
						"0.1354": [-0.1, 0.09, 0.02],
						"0.1563": [0, 0.11, -0.03],
						"0.1771": [0.07, -0.06, -0.03],
						"0.2188": [0.02, 0, 0.01],
						"0.2604": [0.05, -0.03, -0.01],
						"0.3021": [-0.03, -0.02, 0],
						"0.3438": [0, 0, 0]
					}
				}
			}
		},
		"RANDSHOOT_smg_camarw4": {
			"animation_length": 0.3438,
			"bones": {
				"camera": {
					"rotation": {
						"0.0": [0, 0, 0],
						"0.0104": [-0.09, 0.1, -0.04],
						"0.0208": [-0.4, 0.06, -0.03],
						"0.0313": [0.05, 0.29, 0.04],
						"0.0417": [0.23, 0.15, -0.07],
						"0.0521": [0.13, 0.1, 0],
						"0.0625": [-0.2, -0.28, 0.05],
						"0.0729": [0.25, 0.11, -0.03],
						"0.0938": [0.15, -0.05, -0.03],
						"0.1146": [0.06, 0, 0.02],
						"0.1354": [0.1, 0.02, 0.02],
						"0.1563": [0.02, 0.09, -0.02],
						"0.1771": [-0.03, -0.07, 0.02],
						"0.2188": [0, -0.04, -0.01],
						"0.2604": [0.05, 0.04, -0.01],
						"0.3021": [0.01, 0.01, 0],
						"0.3438": [0, 0, 0]
					}
				}
			}
		},
		"RANDSHOOT_smg_camarw3": {
			"animation_length": 0.3438,
			"bones": {
				"camera": {
					"rotation": {
						"0.0": [0, 0, 0],
						"0.0104": [-0.06, -0.18, 0],
						"0.0208": [-0.05, 0.35, 0.07],
						"0.0313": [-0.32, -0.33, -0.03],
						"0.0417": [0.11, -0.28, 0.02],
						"0.0521": [-0.14, -0.17, 0.02],
						"0.0625": [-0.17, 0.07, -0.02],
						"0.0729": [0.12, -0.24, 0.05],
						"0.0938": [0.15, 0.21, 0.02],
						"0.1146": [-0.11, -0.08, -0.03],
						"0.1354": [-0.07, -0.01, -0.03],
						"0.1563": [0.14, -0.01, 0.02],
						"0.1771": [-0.1, -0.08, 0.03],
						"0.2188": [-0.06, 0.02, 0.01],
						"0.2604": [0.05, 0.06, 0],
						"0.3021": [-0.01, -0.02, 0],
						"0.3438": [0, 0, 0]
					}
				}
			}
		},
		"RANDSHOOT_smg_camarw2": {
			"animation_length": 0.3438,
			"bones": {
				"camera": {
					"rotation": {
						"0.0": [0, 0, 0],
						"0.0104": [0, 0.11, -0.04],
						"0.0208": [-0.29, -0.04, -0.09],
						"0.0313": [-0.34, 0.19, -0.03],
						"0.0417": [-0.03, -0.26, 0],
						"0.0521": [0.21, -0.12, -0.07],
						"0.0625": [-0.23, -0.22, 0.04],
						"0.0729": [-0.03, -0.25, -0.06],
						"0.0938": [0.01, 0.15, 0.05],
						"0.1146": [0.11, 0, 0.03],
						"0.1354": [0.07, 0.16, -0.02],
						"0.1563": [-0.03, 0.14, 0.02],
						"0.1771": [0.11, 0.08, -0.01],
						"0.2188": [0, -0.01, 0.01],
						"0.2604": [0.05, -0.03, 0.01],
						"0.3021": [0.01, 0.01, 0],
						"0.3438": [0, 0, 0]
					}
				}
			}
		},
		"RANDSHOOT_smg_camarw1": {
			"animation_length": 0.3438,
			"bones": {
				"camera": {
					"rotation": {
						"0.0": [0, 0, 0],
						"0.0104": [0.06, -0.03, 0.02],
						"0.0208": [-0.16, 0.12, -0.02],
						"0.0313": [0.11, 0.08, -0.08],
						"0.0417": [-0.18, -0.17, 0.06],
						"0.0521": [0.01, -0.13, -0.03],
						"0.0625": [-0.03, -0.11, 0.04],
						"0.0729": [0, -0.22, -0.06],
						"0.0938": [0.05, 0.12, 0.03],
						"0.1146": [-0.1, -0.11, 0],
						"0.1354": [-0.14, 0.03, -0.02],
						"0.1563": [0.11, -0.12, 0.01],
						"0.1771": [-0.03, -0.11, 0.02],
						"0.2188": [0.06, -0.07, 0.02],
						"0.2604": [0.03, -0.02, 0],
						"0.3021": [0.02, -0.02, 0],
						"0.3438": [0, 0, 0]
					}
				}
			}
		},
		"RANDSHOOT_smg_camard8": {
			"animation_length": 0.3125,
			"bones": {
				"camera": {
					"rotation": {
						"0.0": [0, 0, 0],
						"0.0104": [0.13, 0.15, -0.03],
						"0.0208": [-0.49, 0.06, 0.05],
						"0.0313": [-0.02, -0.13, -0.03],
						"0.0417": [0.01, 0, -0.04],
						"0.0521": [0.16, 0.03, -0.01],
						"0.0625": [0.05, -0.34, -0.04],
						"0.0729": [0.06, -0.1, 0.01],
						"0.0833": [0.12, -0.03, 0.04],
						"0.1042": [0, 0.06, -0.05],
						"0.125": [-0.1, -0.21, -0.01],
						"0.1458": [0.08, -0.11, 0],
						"0.1667": [0, -0.1, 0.01],
						"0.1875": [-0.1, 0.04, 0.01],
						"0.2083": [-0.06, 0.04, 0],
						"0.2292": [0, 0, 0],
						"0.25": [0, 0, 0]
					}
				}
			}
		},
		"RANDSHOOT_smg_camard7": {
			"animation_length": 0.3125,
			"bones": {
				"camera": {
					"rotation": {
						"0.0": [0, 0, 0],
						"0.0104": [-0.13, -0.06, 0.05],
						"0.0208": [0.39, 0.3, -0.06],
						"0.0313": [-0.45, 0.27, 0.06],
						"0.0417": [0.06, 0.19, 0],
						"0.0521": [-0.19, -0.3, -0.01],
						"0.0625": [0.24, 0.18, -0.04],
						"0.0729": [0.28, -0.22, 0.02],
						"0.0833": [-0.2, 0.19, 0.04],
						"0.1042": [-0.16, 0.08, 0.01],
						"0.125": [-0.05, 0.15, -0.04],
						"0.1458": [-0.1, -0.11, 0.03],
						"0.1667": [0.08, -0.05, -0.02],
						"0.1875": [0.04, 0.06, 0.02],
						"0.2083": [0.04, 0.01, 0.01],
						"0.2292": [0.01, -0.02, 0.01],
						"0.25": [0, 0, 0]
					}
				}
			}
		},
		"RANDSHOOT_smg_camard6": {
			"animation_length": 0.3125,
			"bones": {
				"camera": {
					"rotation": {
						"0.0": [0, 0, 0],
						"0.0104": [-0.1, 0.1, -0.04],
						"0.0208": [0.19, 0.11, 0],
						"0.0313": [0.11, 0.39, -0.02],
						"0.0417": [-0.26, 0.41, -0.07],
						"0.0521": [0.08, -0.02, 0.03],
						"0.0625": [-0.22, -0.19, -0.07],
						"0.0729": [-0.25, 0.06, 0.04],
						"0.0833": [-0.22, 0.28, -0.05],
						"0.1042": [0.06, 0.09, 0],
						"0.125": [0.09, 0.17, -0.01],
						"0.1458": [-0.09, 0.01, 0.03],
						"0.1667": [-0.08, 0.09, -0.02],
						"0.1875": [-0.08, 0.03, -0.02],
						"0.2292": [-0.02, 0.04, -0.01],
						"0.2708": [-0.02, 0.01, 0],
						"0.3125": [0, 0, 0]
					}
				}
			}
		},
		"RANDSHOOT_smg_camard5": {
			"animation_length": 0.3125,
			"bones": {
				"camera": {
					"rotation": {
						"0.0": [0, 0, 0],
						"0.0104": [-0.04, 0.12, 0.03],
						"0.0208": [0.22, -0.42, -0.05],
						"0.0313": [-0.1, -0.22, -0.06],
						"0.0417": [0.18, -0.11, -0.01],
						"0.0521": [0.21, -0.28, -0.07],
						"0.0625": [-0.31, 0.29, 0.02],
						"0.0729": [-0.12, 0.27, -0.06],
						"0.0833": [0.04, 0.01, -0.01],
						"0.1042": [-0.07, 0.09, 0.02],
						"0.125": [0.03, -0.01, -0.04],
						"0.1458": [0.15, -0.01, -0.03],
						"0.1667": [-0.1, -0.06, 0],
						"0.1875": [0.02, 0, -0.01],
						"0.2292": [0.02, 0.02, -0.01],
						"0.2708": [-0.03, 0.02, 0.01],
						"0.3125": [0, 0, 0]
					}
				}
			}
		},
		"RANDSHOOT_smg_camard4": {
			"animation_length": 0.3125,
			"bones": {
				"camera": {
					"rotation": {
						"0.0": [0, 0, 0],
						"0.0104": [-0.1, -0.19, 0.03],
						"0.0208": [0.13, 0.44, -0.01],
						"0.0313": [0.32, 0.22, 0.06],
						"0.0417": [0.07, -0.21, 0.01],
						"0.0521": [-0.05, -0.13, -0.06],
						"0.0625": [-0.04, 0.15, -0.05],
						"0.0729": [-0.26, -0.03, 0],
						"0.0833": [0.12, -0.11, 0.04],
						"0.1042": [0.1, -0.18, -0.01],
						"0.125": [0.15, 0.17, -0.02],
						"0.1458": [-0.03, 0.07, -0.03],
						"0.1667": [-0.12, 0.08, 0.01],
						"0.1875": [0.02, 0.02, -0.01],
						"0.2292": [-0.05, -0.01, 0.01],
						"0.2708": [0.02, 0.01, 0.01],
						"0.3125": [0, 0, 0]
					}
				}
			}
		},
		"RANDSHOOT_smg_camard3": {
			"animation_length": 0.3125,
			"bones": {
				"camera": {
					"rotation": {
						"0.0": [0, 0, 0],
						"0.0104": [0.17, -0.22, 0],
						"0.0208": [-0.28, -0.42, 0.06],
						"0.0313": [0.03, 0.12, 0.07],
						"0.0417": [-0.21, -0.41, -0.02],
						"0.0521": [-0.02, 0.2, -0.06],
						"0.0625": [-0.01, -0.19, -0.06],
						"0.0729": [-0.15, -0.02, 0],
						"0.0833": [-0.24, -0.27, 0.01],
						"0.1042": [0.05, -0.25, 0.02],
						"0.125": [0.21, -0.04, -0.03],
						"0.1458": [-0.03, 0.03, -0.01],
						"0.1667": [0.09, 0.13, 0.02],
						"0.1875": [-0.1, -0.1, 0],
						"0.2292": [0.03, 0.02, -0.01],
						"0.2708": [0, 0, 0.01],
						"0.3125": [0, 0, 0]
					}
				}
			}
		},
		"animation.unknown.rotatewhenrec8": {
			"animation_length": 0.375,
			"bones": {
				"root": {
					"rotation": {
						"0.0": [-0.25, 0.25, 0],
						"0.375": [0, 0, 0]
					}
				}
			}
		},
		"animation.unknown.rotatewhenrec7": {
			"animation_length": 0.375,
			"bones": {
				"root": {
					"rotation": {
						"0.0": [-0.25, 0.25, 0],
						"0.375": [0, 0, 0]
					}
				}
			}
		},
		"animation.unknown.rotatewhenrec6": {
			"animation_length": 0.375,
			"bones": {
				"root": {
					"rotation": {
						"0.0": [-0.25, 0.25, 0],
						"0.375": [0, 0, 0]
					}
				}
			}
		},
		"animation.unknown.rotatewhenrec5": {
			"animation_length": 0.375,
			"bones": {
				"root": {
					"rotation": {
						"0.0": [-0.25, 0.25, 0],
						"0.375": [0, 0, 0]
					}
				}
			}
		},
		"animation.unknown.rotatewhenrec4": {
			"animation_length": 0.375,
			"bones": {
				"root": {
					"rotation": {
						"0.0": [-0.25, 0.25, 0],
						"0.375": [0, 0, 0]
					}
				}
			}
		},
		"animation.unknown.rotatewhenrec3": {
			"animation_length": 0.375,
			"bones": {
				"root": {
					"rotation": {
						"0.0": [-0.25, 0.25, 0],
						"0.375": [0, 0, 0]
					}
				}
			}
		},
		"animation.unknown.rotatewhenrec2": {
			"animation_length": 0.375,
			"bones": {
				"root": {
					"rotation": {
						"0.0": [-0.25, 0.25, 0],
						"0.375": [0, 0, 0]
					}
				}
			}
		},
		"animation.unknown.rotatewhenrec1": {
			"animation_length": 0.375,
			"bones": {
				"root": {
					"rotation": {
						"0.0": [-0.25, 0.25, 0],
						"0.375": [0, 0, 0]
					}
				}
			}
		}
	}
}