{
	"format_version": "1.8.0",
	"animations": {
		"put_away": {
			"animation_length": 0.5833,
			"bones": {
				"hammer": {
					"rotation": [-67.5, 0, 0]
				},
				"root": {
					"rotation": {
						"0.0": {
							"post": [0, 0, 0],
							"lerp_mode": "catmullrom"
						},
						"0.0833": {
							"post": [3.59174, -4.82634, 2.05554],
							"lerp_mode": "catmullrom"
						},
						"0.1667": {
							"post": [7.48107, -10.43523, 12.48107],
							"lerp_mode": "catmullrom"
						},
						"0.2917": {
							"post": [-1.14545, -18.02197, 32.27842],
							"lerp_mode": "catmullrom"
						},
						"0.4167": {
							"post": [-13.32209, -24.75752, 54.85674],
							"lerp_mode": "catmullrom"
						}
					},
					"position": {
						"0.0": {
							"post": [0, 0, 0],
							"lerp_mode": "catmullrom"
						},
						"0.0833": {
							"post": [-0.9475, -0.16, 1.27],
							"lerp_mode": "catmullrom"
						},
						"0.1667": {
							"post": [-1.8375, -0.575, 3.2875],
							"lerp_mode": "catmullrom"
						},
						"0.2917": {
							"post": [-2.7725, -2.685, 9.29],
							"lerp_mode": "catmullrom"
						},
						"0.4167": {
							"post": [-4.9975, -7.9725, 12.9775],
							"lerp_mode": "catmullrom"
						}
					}
				},
				"mag_and_lefthand": {
					"rotation": [117.73397, -1.05627, -24.97911],
					"position": [10, -17.9, 18.425]
				},
				"lefthand": {
					"rotation": {
						"0.0": [109.56902, -11.04661, -197.64985],
						"0.0833": [116.87407, -377.27814, -202.01589],
						"0.2083": [127.10031, -375.84514, -228.68244]
					},
					"position": {
						"0.0": [7.8, -7.525, -4.275],
						"0.0833": {
							"pre": [11.47, -11.77, 4.32],
							"post": [11.47, -11.77, 4.32],
							"lerp_mode": "catmullrom"
						},
						"0.2083": {
							"post": [15.47, -11.77, 4.32],
							"lerp_mode": "catmullrom"
						}
					},
					"scale": [1, 1.5, 1]
				},
				"mag_and_bullet": {
					"rotation": [-27.11771, -13.34855, -24.26701],
					"position": [-6, 2.175, -2.425],
					"scale": 0.4
				},
				"righthand": {
					"rotation": [119.74721, -1.93597, -165.12261],
					"position": [-6.7125, -12.475, 3.25],
					"scale": [1, 1.5, 1]
				},
				"p221zldl": {
					"scale": 0.4
				},
				"camera": {
					"rotation": {
						"0.0": {
							"post": [0, 0, 0],
							"lerp_mode": "catmullrom"
						},
						"0.0833": {
							"post": [-0.25, 0.25, 0.25],
							"lerp_mode": "catmullrom"
						},
						"0.1667": {
							"post": [0.14, 0.42, -0.31],
							"lerp_mode": "catmullrom"
						},
						"0.2917": {
							"post": [0.55, 0.5, 0.25],
							"lerp_mode": "catmullrom"
						},
						"0.4167": {
							"post": [0.4, 0.1, -0.1],
							"lerp_mode": "catmullrom"
						},
						"0.5417": {
							"post": [0, 0, 0],
							"lerp_mode": "catmullrom"
						}
					}
				}
			},
			"sound_effects": {
				"0.0": {
					"effect": "daffas_arsenal:hk45/daffas_hk45_cloth3"
				},
				"0.1667": {
					"effect": "daffas_arsenal:hk45/daffas_hk45_putaway"
				}
			}
		},
		"draw": {
			"animation_length": 0.5833,
			"bones": {
				"hammer": {
					"rotation": [-67.5, 0, 0]
				},
				"root": {
					"rotation": {
						"0.0": {
							"post": [2.51097, -15.71526, 19.45009],
							"lerp_mode": "catmullrom"
						},
						"0.125": {
							"post": [0.01058, -3.21526, 11.95246],
							"lerp_mode": "catmullrom"
						},
						"0.25": {
							"post": [-7.40406, 3.25145, 11.50108],
							"lerp_mode": "catmullrom"
						},
						"0.375": {
							"post": [-2.50083, 4.77745, 5.21302],
							"lerp_mode": "catmullrom"
						},
						"0.4583": {
							"post": [2.49762, -0.10901, 2.49762],
							"lerp_mode": "catmullrom"
						},
						"0.5833": {
							"post": [0, 0, 0],
							"lerp_mode": "catmullrom"
						}
					},
					"position": {
						"0.0": {
							"post": [-1.395, -6.385, 18.55],
							"lerp_mode": "catmullrom"
						},
						"0.125": {
							"post": [-2.7725, -2.06, 11.5525],
							"lerp_mode": "catmullrom"
						},
						"0.25": {
							"post": [-1.8375, -0.575, 3.2875],
							"lerp_mode": "catmullrom"
						},
						"0.3333": {
							"post": [-0.9475, -0.16, 1.27],
							"lerp_mode": "catmullrom"
						},
						"0.4167": {
							"post": [0, -0.5, 0],
							"lerp_mode": "catmullrom"
						},
						"0.5": {
							"post": [0, 0, 0],
							"lerp_mode": "catmullrom"
						},
						"0.5833": {
							"post": [0, 0, 0],
							"lerp_mode": "catmullrom"
						}
					}
				},
				"mag_and_lefthand": {
					"rotation": [117.73397, -1.05627, -24.97911],
					"position": [10, -17.9, 18.425]
				},
				"lefthand": {
					"rotation": {
						"0.0": [109.56902, -11.04661, -197.64985],
						"0.0833": [116.87407, -377.27814, -202.01589],
						"0.2083": [127.10031, -375.84514, -228.68244]
					},
					"position": {
						"0.0": [7.8, -7.525, -4.275],
						"0.0833": {
							"pre": [11.47, -11.77, 4.32],
							"post": [11.47, -11.77, 4.32],
							"lerp_mode": "catmullrom"
						},
						"0.2083": {
							"post": [15.47, -11.77, 4.32],
							"lerp_mode": "catmullrom"
						}
					},
					"scale": [1, 1.5, 1]
				},
				"mag_and_bullet": {
					"rotation": [-27.11771, -13.34855, -24.26701],
					"position": [-6, 2.175, -2.425],
					"scale": 0.4
				},
				"righthand": {
					"rotation": [119.74721, -1.93597, -165.12261],
					"position": [-6.7125, -12.475, 3.25],
					"scale": [1, 1.5, 1]
				},
				"p221zldl": {
					"scale": 0.4
				},
				"camera": {
					"rotation": {
						"0.0": {
							"post": [0, 0, 0],
							"lerp_mode": "catmullrom"
						},
						"0.0833": {
							"post": [-0.25, 0.25, 0.25],
							"lerp_mode": "catmullrom"
						},
						"0.1667": {
							"post": [0.14, 0.42, -0.31],
							"lerp_mode": "catmullrom"
						},
						"0.2917": {
							"post": [0.55, 0.5, 0.25],
							"lerp_mode": "catmullrom"
						},
						"0.4167": {
							"post": [0.4, 0.1, -0.1],
							"lerp_mode": "catmullrom"
						},
						"0.5417": {
							"post": [0, 0, 0],
							"lerp_mode": "catmullrom"
						}
					}
				}
			},
			"sound_effects": {
				"0.0": {
					"effect": "daffas_arsenal:hk45/daffas_hk45_cloth4"
				},
				"0.0833": {
					"effect": "daffas_arsenal:hk45/daffas_hk45_raiseup1"
				}
			}
		},
		"static_idle": {
			"loop": true,
			"bones": {
				"p221zldl": {
					"scale": 0.4
				},
				"lefthand": {
					"rotation": [109.56902, -11.04661, -197.64985],
					"position": [7.8, -7.525, -4.275],
					"scale": [1, 1.5, 1]
				},
				"righthand": {
					"rotation": [119.74721, -1.93597, -165.12261],
					"position": [-6.7125, -12.475, 3.25]
				},
				"mag_and_lefthand": {
					"rotation": [117.73397, -1.05627, -24.97911],
					"position": [10, -17.9, 18.425]
				},
				"mag_and_bullet": {
					"rotation": [-27.11771, -13.34855, -24.26701],
					"position": [-6, 2.175, -2.425],
					"scale": 0.4
				}
			}
		},
		"shoot": {
			"animation_length": 0.4167,
			"bones": {
				"barrel": {
					"rotation": {
						"0.0": {
							"post": [0, 0, -85],
							"lerp_mode": "catmullrom"
						},
						"0.0417": {
							"post": [0, 0, -70.83],
							"lerp_mode": "catmullrom"
						},
						"0.0833": {
							"post": [0, 0, -56.67],
							"lerp_mode": "catmullrom"
						},
						"0.1354": {
							"post": [0, 0, -42.5],
							"lerp_mode": "catmullrom"
						},
						"0.2083": {
							"post": [0, 0, -28.33],
							"lerp_mode": "catmullrom"
						},
						"0.3125": {
							"post": [0, 0, -14.17],
							"lerp_mode": "catmullrom"
						},
						"0.4167": {
							"post": [0, 0, 0],
							"lerp_mode": "catmullrom"
						}
					}
				},
				"root": {
					"rotation": {
						"0.0": {
							"post": [0, 0, 0],
							"lerp_mode": "catmullrom"
						},
						"0.0417": {
							"post": [0.55, -0.55, 0],
							"lerp_mode": "catmullrom"
						},
						"0.0833": {
							"post": [-2, -1.25, 0],
							"lerp_mode": "catmullrom"
						},
						"0.1667": {
							"post": [-0.55, 0.55, 0],
							"lerp_mode": "catmullrom"
						},
						"0.3333": {
							"post": [0, 0, 0],
							"lerp_mode": "catmullrom"
						}
					},
					"position": {
						"0.0": {
							"post": [0, 0, 0],
							"lerp_mode": "catmullrom"
						},
						"0.0417": {
							"post": [0, 0, 0.8875],
							"lerp_mode": "catmullrom"
						},
						"0.125": {
							"post": [0, 0, 1.17],
							"lerp_mode": "catmullrom"
						},
						"0.3333": {
							"post": [0, 0, 0],
							"lerp_mode": "catmullrom"
						}
					}
				},
				"barrel8": {
					"rotation": {
						"0.0": [0, 1.75, 0],
						"0.0833": [0, -1, 0],
						"0.1667": [0, 0.5, 0],
						"0.25": [0, 0.1, 0],
						"0.3333": [0, 0, 0]
					}
				},
				"barrel1": {
					"rotation": {
						"0.0": [0, 1.75, 0],
						"0.0417": [0, -1, 0],
						"0.0833": [0, 0.5, 0],
						"0.125": [0, 0.1, 0],
						"0.1667": [0, 0, 0]
					}
				},
				"barrel6": {
					"rotation": {
						"0.0": [0, 1.75, 0],
						"0.0833": [0, -1, 0],
						"0.1667": [0, 0.5, 0],
						"0.25": [0, 0.1, 0],
						"0.3333": [0, 0, 0]
					}
				},
				"barrel9": {
					"rotation": {
						"0.0": [0, 1.75, 0],
						"0.0833": [0, -1, 0],
						"0.1667": [0, 0.5, 0],
						"0.25": [0, 0.1, 0],
						"0.3333": [0, 0, 0]
					}
				},
				"barrel11": {
					"rotation": {
						"0.0": [0, -1.75, 0],
						"0.0417": [0, 1, 0],
						"0.0833": [0, -0.5, 0],
						"0.125": [0, -0.1, 0],
						"0.1667": [0, 0, 0]
					}
				},
				"barrel12": {
					"rotation": {
						"0.0": [0, -1.75, 0],
						"0.0417": [0, 1, 0],
						"0.0833": [0, -0.5, 0],
						"0.125": [0, -0.1, 0],
						"0.1667": [0, 0, 0]
					}
				},
				"barrel13": {
					"rotation": {
						"0.0": [0, -1.75, 0],
						"0.0833": [0, 1, 0],
						"0.1667": [0, -0.5, 0],
						"0.25": [0, -0.1, 0],
						"0.3333": [0, 0, 0]
					}
				},
				"barrel14": {
					"rotation": {
						"0.0": [0, -1.75, 0],
						"0.0417": [0, 1, 0],
						"0.0833": [0, -0.5, 0],
						"0.125": [0, -0.1, 0],
						"0.1667": [0, 0, 0]
					}
				},
				"barrel16": {
					"rotation": {
						"0.0": [0, -1.75, 0],
						"0.0833": [0, 1, 0],
						"0.1667": [0, -0.5, 0],
						"0.25": [0, -0.1, 0],
						"0.3333": [0, 0, 0]
					}
				},
				"barrel3": {
					"rotation": {
						"0.0": [0, 1.75, 0],
						"0.0417": [0, -1, 0],
						"0.0833": [0, 0.5, 0],
						"0.125": [0, 0.1, 0],
						"0.1667": [0, 0, 0]
					}
				},
				"camera": {
					"rotation": {
						"0.0": {
							"post": [0, 0, 0],
							"lerp_mode": "catmullrom"
						},
						"0.0313": {
							"post": [0, 0, 0.5],
							"lerp_mode": "catmullrom"
						},
						"0.0625": {
							"post": [0, 0, -0.25],
							"lerp_mode": "catmullrom"
						},
						"0.0938": {
							"post": [0, 0, 0.1],
							"lerp_mode": "catmullrom"
						},
						"0.125": {
							"post": [0, 0, 0],
							"lerp_mode": "catmullrom"
						}
					}
				},
				"constraint": {
					"rotation": {
						"0.0": [1, 1, 1],
						"0.4167": [0, 0, 0]
					},
					"position": {
						"0.0": [1, 1, 1],
						"0.4167": [0, 0, 0]
					}
				},
				"splash4": {
					"rotation": {
						"0.0": [0, 0, 35.56],
						"0.0104": [0, 0, 36.45],
						"0.0208": [0, 0, 5.51],
						"0.0313": [0, 0, 11.86],
						"0.0417": [0, 0, -21.49],
						"0.0521": [0, 0, 17.62],
						"0.0625": [0, 0, -42.4],
						"0.0729": [0, 0, -20.82],
						"0.0833": [0, 0, -32.72],
						"0.0938": [0, 0, -16.42],
						"0.1042": [0, 0, 11.53],
						"0.1146": [0, 0, 3.96],
						"0.125": [0, 0, 24.43],
						"0.1354": [0, 0, -27.11],
						"0.1458": [0, 0, 29.88],
						"0.1563": [0, 0, 4.83],
						"0.1667": [0, 0, -5.87],
						"0.1771": [0, 0, 37.41],
						"0.1875": [0, 0, 26.02],
						"0.1979": [0, 0, 1.08],
						"0.2083": [0, 0, -42.21],
						"0.2188": [0, 0, -30.73],
						"0.2292": [0, 0, 33.61],
						"0.2396": [0, 0, 41.93],
						"0.25": [0, 0, 30.57],
						"0.2604": [0, 0, -36.83],
						"0.2708": [0, 0, -8.42],
						"0.2813": [0, 0, 11.76],
						"0.2917": [0, 0, 21.18],
						"0.3021": [0, 0, 9.22],
						"0.3125": [0, 0, -33.65],
						"0.3229": [0, 0, 16.42],
						"0.3333": [0, 0, -20.94],
						"0.3438": [0, 0, -26.1],
						"0.3542": [0, 0, 36.22],
						"0.3646": [0, 0, -44.47],
						"0.375": [0, 0, 31.21],
						"0.3854": [0, 0, 27.61],
						"0.3958": [0, 0, 29.79],
						"0.4063": [0, 0, -11.61]
					},
					"position": {
						"0.0": [1.63, -0.79, 0],
						"0.0104": [-0.59, -2.4, 0],
						"0.0208": [-2.66, -1.89, 0],
						"0.0313": [-2.72, 0.1, 0],
						"0.0417": [-1.2, -2.2, 0],
						"0.0521": [1.66, -0.08, 0],
						"0.0625": [0.93, -0.9, 0],
						"0.0729": [-0.4, -0.58, 0],
						"0.0833": [0.28, -0.63, 0],
						"0.0938": [0.19, -0.32, 0],
						"0.1042": [0, 0, 0]
					},
					"scale": {
						"0.0": [3, 3, 3],
						"0.0104": [2.8, 2.8, 2.8],
						"0.0208": [2.6, 2.6, 2.6],
						"0.0313": [2.4, 2.4, 2.4],
						"0.0417": [2.2, 2.2, 2.2],
						"0.0521": [2, 2, 2],
						"0.0625": [1.8, 1.8, 1.8],
						"0.0729": [1.6, 1.6, 1.6],
						"0.0833": [1.4, 1.4, 1.4],
						"0.0938": [1.2, 1.2, 1.2],
						"0.1042": [1, 1, 1]
					}
				},
				"splash1": {
					"rotation": {
						"0.0": [0, 0, 23.07],
						"0.0104": [0, 0, 37.41],
						"0.0208": [0, 0, -6.57],
						"0.0313": [0, 0, -39.06],
						"0.0417": [0, 0, -2.08],
						"0.0521": [0, 0, -26.06],
						"0.0625": [0, 0, 14.21],
						"0.0729": [0, 0, 6.22],
						"0.0833": [0, 0, -7.23],
						"0.0938": [0, 0, -38.69],
						"0.1042": [0, 0, -32.69],
						"0.1146": [0, 0, -38.1],
						"0.125": [0, 0, -18.9],
						"0.1354": [0, 0, -28.73],
						"0.1458": [0, 0, -16.81],
						"0.1563": [0, 0, 36.73],
						"0.1667": [0, 0, 27.95],
						"0.1771": [0, 0, 7.26],
						"0.1875": [0, 0, 38.31],
						"0.1979": [0, 0, 27.82],
						"0.2083": [0, 0, 41.9],
						"0.2188": [0, 0, 18.16],
						"0.2292": [0, 0, -41.09],
						"0.2396": [0, 0, 29.33],
						"0.25": [0, 0, 43.13],
						"0.2604": [0, 0, 24.47],
						"0.2708": [0, 0, 26.77],
						"0.2813": [0, 0, -36.55],
						"0.2917": [0, 0, -17.66],
						"0.3021": [0, 0, -10.67],
						"0.3125": [0, 0, 25.35],
						"0.3229": [0, 0, -31.54],
						"0.3333": [0, 0, -16.83],
						"0.3438": [0, 0, -21.06],
						"0.3542": [0, 0, -24.17],
						"0.3646": [0, 0, -9.05],
						"0.375": [0, 0, -14.44],
						"0.3854": [0, 0, -27.66],
						"0.3958": [0, 0, -9.22],
						"0.4063": [0, 0, -6.33],
						"0.4167": [0, 0, -0.54]
					},
					"position": {
						"0.0": [-0.8, -0.81, 0],
						"0.0104": [2.94, 1.09, 0],
						"0.0208": [-2.19, 2.45, 0],
						"0.0313": [-0.4, 1.43, 0],
						"0.0417": [1.85, -2.11, 0],
						"0.0521": [-0.75, -0.35, 0],
						"0.0625": [-1.13, -0.89, 0],
						"0.0729": [-0.27, -0.37, 0],
						"0.0833": [0.08, -0.14, 0],
						"0.0938": [0.4, -0.34, 0],
						"0.1042": [0, 0, 0]
					},
					"scale": {
						"0.0": [3, 3, 3],
						"0.0104": [2.8, 2.8, 2.8],
						"0.0208": [2.6, 2.6, 2.6],
						"0.0313": [2.4, 2.4, 2.4],
						"0.0417": [2.2, 2.2, 2.2],
						"0.0521": [2, 2, 2],
						"0.0625": [1.8, 1.8, 1.8],
						"0.0729": [1.6, 1.6, 1.6],
						"0.0833": [1.4, 1.4, 1.4],
						"0.0938": [1.2, 1.2, 1.2],
						"0.1042": [1, 1, 1]
					}
				},
				"splash2": {
					"rotation": {
						"0.0": [0, 0, 22.68],
						"0.0104": [0, 0, -0.35],
						"0.0208": [0, 0, 10.7],
						"0.0313": [0, 0, -16.34],
						"0.0417": [0, 0, -21.85],
						"0.0521": [0, 0, 24.35],
						"0.0625": [0, 0, 7.28],
						"0.0729": [0, 0, 1.33],
						"0.0833": [0, 0, 32.42],
						"0.0938": [0, 0, 9.48],
						"0.1042": [0, 0, -38.65],
						"0.1146": [0, 0, 23.55],
						"0.125": [0, 0, 0.72],
						"0.1354": [0, 0, -1.92],
						"0.1458": [0, 0, -39.45],
						"0.1563": [0, 0, 43.19],
						"0.1667": [0, 0, -19.44],
						"0.1771": [0, 0, 28.01],
						"0.1875": [0, 0, 25.47],
						"0.1979": [0, 0, -3.66],
						"0.2083": [0, 0, 30.24],
						"0.2188": [0, 0, -21],
						"0.2292": [0, 0, 2.51],
						"0.2396": [0, 0, -32.73],
						"0.25": [0, 0, 11.92],
						"0.2604": [0, 0, -12.32],
						"0.2708": [0, 0, 11.57],
						"0.2813": [0, 0, 9.26],
						"0.2917": [0, 0, -17.61],
						"0.3021": [0, 0, 22.26],
						"0.3125": [0, 0, 34.14],
						"0.3229": [0, 0, 42.52],
						"0.3333": [0, 0, 43],
						"0.3438": [0, 0, -12.83],
						"0.3542": [0, 0, -14.49],
						"0.3646": [0, 0, 8.03],
						"0.375": [0, 0, -23.33],
						"0.3854": [0, 0, -28.35],
						"0.3958": [0, 0, -27.34],
						"0.4063": [0, 0, 33.38]
					},
					"position": {
						"0.0": [3.76, 1.54, 0],
						"0.0104": [2.14, 3.18, 0],
						"0.0208": [-2.02, -1.71, 0],
						"0.0313": [-0.79, 2.34, 0],
						"0.0417": [0.6, 0.02, 0],
						"0.0521": [0.99, -1.99, 0],
						"0.0625": [1.33, -0.81, 0],
						"0.0729": [-0.11, -0.65, 0],
						"0.0833": [0.78, 0.53, 0],
						"0.0938": [-0.2, 0.3, 0],
						"0.1042": [0, 0, 0]
					},
					"scale": {
						"0.0": [3, 3, 3],
						"0.0104": [2.8, 2.8, 2.8],
						"0.0208": [2.6, 2.6, 2.6],
						"0.0313": [2.4, 2.4, 2.4],
						"0.0417": [2.2, 2.2, 2.2],
						"0.0521": [2, 2, 2],
						"0.0625": [1.8, 1.8, 1.8],
						"0.0729": [1.6, 1.6, 1.6],
						"0.0833": [1.4, 1.4, 1.4],
						"0.0938": [1.2, 1.2, 1.2],
						"0.1042": [1, 1, 1]
					}
				},
				"splash3": {
					"rotation": {
						"0.0": [0, 0, -8.27],
						"0.0104": [0, 0, -25.53],
						"0.0208": [0, 0, -34.53],
						"0.0313": [0, 0, 14.12],
						"0.0417": [0, 0, -31.66],
						"0.0521": [0, 0, -3.71],
						"0.0625": [0, 0, 20.49],
						"0.0729": [0, 0, 37.18],
						"0.0833": [0, 0, 22.03],
						"0.0938": [0, 0, -33.49],
						"0.1042": [0, 0, 36.59],
						"0.1146": [0, 0, 27.38],
						"0.125": [0, 0, -12.44],
						"0.1354": [0, 0, 28.3],
						"0.1458": [0, 0, -17.08],
						"0.1563": [0, 0, 37.69],
						"0.1667": [0, 0, -17.04],
						"0.1771": [0, 0, -41.02],
						"0.1875": [0, 0, -36.64],
						"0.1979": [0, 0, -33.22],
						"0.2083": [0, 0, 32.99],
						"0.2188": [0, 0, 44.83],
						"0.2292": [0, 0, -11.66],
						"0.2396": [0, 0, -25.96],
						"0.25": [0, 0, -43.29],
						"0.2604": [0, 0, 3.38],
						"0.2708": [0, 0, 43.76],
						"0.2813": [0, 0, -7.98],
						"0.2917": [0, 0, 32.7],
						"0.3021": [0, 0, 24.25],
						"0.3125": [0, 0, 21.18],
						"0.3229": [0, 0, 28.43],
						"0.3333": [0, 0, 16.27],
						"0.3438": [0, 0, 3.59],
						"0.3542": [0, 0, -34.52],
						"0.3646": [0, 0, -10.27],
						"0.375": [0, 0, 35.07],
						"0.3854": [0, 0, 43.89],
						"0.3958": [0, 0, -22.49],
						"0.4063": [0, 0, 14.27]
					},
					"position": {
						"0.0": [-0.92, -3.1, 0],
						"0.0104": [-2.29, 1.13, 0],
						"0.0208": [2.72, 2.43, 0],
						"0.0313": [-1.06, 0.27, 0],
						"0.0417": [0.58, 2.12, 0],
						"0.0521": [1.76, 0.14, 0],
						"0.0625": [-0.99, 0.66, 0],
						"0.0729": [0.28, -1.02, 0],
						"0.0833": [0.51, -0.74, 0],
						"0.0938": [0.22, -0.4, 0],
						"0.1042": [0, 0, 0]
					},
					"scale": {
						"0.0": [3, 3, 3],
						"0.0104": [2.8, 2.8, 2.8],
						"0.0208": [2.6, 2.6, 2.6],
						"0.0313": [2.4, 2.4, 2.4],
						"0.0417": [2.2, 2.2, 2.2],
						"0.0521": [2, 2, 2],
						"0.0625": [1.8, 1.8, 1.8],
						"0.0729": [1.6, 1.6, 1.6],
						"0.0833": [1.4, 1.4, 1.4],
						"0.0938": [1.2, 1.2, 1.2],
						"0.1042": [1, 1, 1]
					}
				},
				"splash5": {
					"position": {
						"0.0": [-0.8, -0.81, 0],
						"0.0104": [2.94, 1.09, 0],
						"0.0208": [-2.19, 2.45, 0],
						"0.0313": [-0.4, 1.43, 0],
						"0.0417": [1.85, -2.11, 0],
						"0.0521": [-0.75, -0.35, 0],
						"0.0625": [-1.13, -0.89, 0],
						"0.0729": [-0.27, -0.37, 0],
						"0.0833": [0.08, -0.14, 0],
						"0.0938": [0.4, -0.34, 0],
						"0.1042": [0, 0, 0]
					},
					"scale": {
						"0.0": [24, 24, 24],
						"0.0104": [1, 1, 1]
					}
				},
				"splash6": {
					"position": {
						"0.0": [1.63, -0.79, 0],
						"0.0104": [-0.59, -2.4, 0],
						"0.0208": [-2.66, -1.89, 0],
						"0.0313": [-2.72, 0.1, 0],
						"0.0417": [-1.2, -2.2, 0],
						"0.0521": [1.66, -0.08, 0],
						"0.0625": [0.93, -0.9, 0],
						"0.0729": [-0.4, -0.58, 0],
						"0.0833": [0.28, -0.63, 0],
						"0.0938": [0.19, -0.32, 0],
						"0.1042": [0, 0, 0]
					},
					"scale": {
						"0.0": [24, 24, 24],
						"0.0104": [1, 1, 1]
					}
				}
			}
		},
		"inspect": {
			"animation_length": 5.9,
			"bones": {
				"lefthand": {
					"rotation": [-107.56274, -4.76804, 1.50701],
					"position": [3.6625, -16.5, 12.7875]
				},
				"righthand": {
					"rotation": [6.61739, 6.1596, -19.06431],
					"position": [1.2875, -16, 3.5625]
				},
				"p221zldl": {
					"scale": 0.4
				}
			}
		},
		"reload_empty": {
			"animation_length": 2.7917,
			"bones": {
				"p221zldl": {
					"scale": 0.4
				},
				"lefthand": {
					"rotation": [109.56902, -11.04661, -197.64985],
					"position": [7.8, -7.525, -4.275],
					"scale": [1, 1.5, 1]
				},
				"righthand": {
					"rotation": [119.74721, -1.93597, -165.12261],
					"position": [-6.7125, -12.475, 3.25]
				},
				"root": {
					"rotation": {
						"0.0": {
							"post": [0, 0, 0],
							"lerp_mode": "catmullrom"
						},
						"0.1667": {
							"post": [-0.47, -3.75, 7.5],
							"lerp_mode": "catmullrom"
						},
						"0.5": {
							"post": [-22.5, -30, 15],
							"lerp_mode": "catmullrom"
						},
						"0.75": {
							"post": [-22.5, -30, 20],
							"lerp_mode": "catmullrom"
						},
						"0.9167": {
							"post": [-22.5, -30, 25],
							"lerp_mode": "catmullrom"
						},
						"1.2917": {
							"post": [-22.5, -30, 28.5],
							"lerp_mode": "catmullrom"
						},
						"1.625": {
							"post": [-26.06706, -24.66762, 25.35908],
							"lerp_mode": "catmullrom"
						},
						"1.9167": {
							"post": [-24.06706, -22.41762, 19.85908],
							"lerp_mode": "catmullrom"
						},
						"2.125": {
							"post": [-16.56706, -19.91762, 14.85908],
							"lerp_mode": "catmullrom"
						},
						"2.375": {
							"post": [-3.92617, -6.58463, 16.01243],
							"lerp_mode": "catmullrom"
						},
						"2.5833": {
							"post": [-0.47, -3.75, 7.5],
							"lerp_mode": "catmullrom"
						},
						"2.7917": {
							"post": [0, 0, 0],
							"lerp_mode": "catmullrom"
						}
					},
					"position": {
						"0.0": {
							"post": [0, 0, 0],
							"lerp_mode": "catmullrom"
						},
						"0.1667": {
							"post": [0.5, -0.7725, -0.5],
							"lerp_mode": "catmullrom"
						},
						"0.5": {
							"post": [1, 1, -1],
							"lerp_mode": "catmullrom"
						},
						"0.75": {
							"post": [1.1625, 0.6375, -1.25],
							"lerp_mode": "catmullrom"
						},
						"0.9167": {
							"post": [1.3725, 1.0525, -1.25],
							"lerp_mode": "catmullrom"
						},
						"1.2917": {
							"post": [1.6075, 1.6375, -1.25],
							"lerp_mode": "catmullrom"
						},
						"1.625": {
							"post": [1.16, 1.64, -1.25],
							"lerp_mode": "catmullrom"
						},
						"1.9167": {
							"post": [1.16, 1.2275, -1.25],
							"lerp_mode": "catmullrom"
						},
						"2.125": {
							"post": [1.16, 0.7775, -1.25],
							"lerp_mode": "catmullrom"
						},
						"2.375": {
							"post": [1.67, 0.49, -1.25],
							"lerp_mode": "catmullrom"
						},
						"2.5833": {
							"post": [0.5, -0.7725, -0.5],
							"lerp_mode": "catmullrom"
						},
						"2.7917": {
							"post": [0, 0, 0],
							"lerp_mode": "catmullrom"
						}
					}
				},
				"mag_and_lefthand": {
					"rotation": {
						"0.0": {
							"post": [8.83, 11.1, 6.78],
							"lerp_mode": "catmullrom"
						},
						"0.25": {
							"post": [-0.7441, 24.27517, 16.20068],
							"lerp_mode": "catmullrom"
						},
						"0.5": {
							"post": [-1.88407, 21.21048, -13.60291],
							"lerp_mode": "catmullrom"
						},
						"0.75": {
							"post": [-37.83692, 1.85221, -65.33568],
							"lerp_mode": "catmullrom"
						},
						"0.9167": {
							"post": [-44.04972, -1.20013, -71.81508],
							"lerp_mode": "catmullrom"
						},
						"1.0417": {
							"post": [-50.43974, -2.34372, -74.1726],
							"lerp_mode": "catmullrom"
						},
						"1.1667": {
							"post": [-52.74123, -2.3839, -76.52676],
							"lerp_mode": "catmullrom"
						},
						"1.2917": {
							"post": [-57.54959, 3.16697, -75.55946],
							"lerp_mode": "catmullrom"
						},
						"1.4167": {
							"post": [-66.11197, 8.30937, -70.69395],
							"lerp_mode": "catmullrom"
						},
						"1.5417": {
							"post": [-69.00698, 0.40314, -77.95716],
							"lerp_mode": "catmullrom"
						},
						"1.6667": {
							"post": [-65.2986, 2.6412, -71.73337],
							"lerp_mode": "catmullrom"
						},
						"1.7917": {
							"post": [-69.00698, 0.40314, -77.95716],
							"lerp_mode": "catmullrom"
						},
						"2.0": {
							"post": [-53.05723, -11.14097, -73.8519],
							"lerp_mode": "catmullrom"
						},
						"2.125": {
							"post": [-34.86823, 1.55488, -43.84256],
							"lerp_mode": "catmullrom"
						},
						"2.375": {
							"post": [12.02379, 6.70245, 3.63632],
							"lerp_mode": "catmullrom"
						},
						"2.625": {
							"post": [12.02379, 6.70245, 3.63632],
							"lerp_mode": "catmullrom"
						}
					},
					"position": {
						"0.0": {
							"post": [21.54, -13.21, 11.41],
							"lerp_mode": "catmullrom"
						},
						"0.25": {
							"post": [12.06611, 0.85904, -9.63395],
							"lerp_mode": "catmullrom"
						},
						"0.5": {
							"post": [4.76842, 0.23327, -16.61043],
							"lerp_mode": "catmullrom"
						},
						"0.75": {
							"post": [4.47782, 4.5671, -17.13035],
							"lerp_mode": "catmullrom"
						},
						"0.9167": {
							"post": [2.84115, 5.04702, -16.30344],
							"lerp_mode": "catmullrom"
						},
						"1.0417": {
							"post": [2.72321, 5.00179, -16.20705],
							"lerp_mode": "catmullrom"
						},
						"1.1667": {
							"post": [2.67851, 5.69948, -15.46961],
							"lerp_mode": "catmullrom"
						},
						"1.2917": {
							"post": [2.08478, 5.46514, -14.43771],
							"lerp_mode": "catmullrom"
						},
						"1.4167": {
							"post": [1.36334, 5.08901, -13.26625],
							"lerp_mode": "catmullrom"
						},
						"1.5417": {
							"post": [1.0714, 5.97613, -12.17815],
							"lerp_mode": "catmullrom"
						},
						"1.6667": {
							"post": [1.52359, 5.4526, -11.67315],
							"lerp_mode": "catmullrom"
						},
						"1.7917": {
							"post": [1.47238, 5.84355, -10.79312],
							"lerp_mode": "catmullrom"
						},
						"2.0": {
							"post": [3.51767, 6.36375, -15.96335],
							"lerp_mode": "catmullrom"
						},
						"2.125": {
							"post": [6.2735, 2.78289, -17.0144],
							"lerp_mode": "catmullrom"
						},
						"2.375": {
							"post": [12.81652, -0.15659, -6.18261],
							"lerp_mode": "catmullrom"
						},
						"2.625": {
							"post": [24.7, -17.9, 18.425],
							"lerp_mode": "catmullrom"
						}
					}
				},
				"mag_and_bullet": {
					"rotation": {
						"0.0": {
							"post": [7.88229, -13.34855, -24.26701],
							"lerp_mode": "catmullrom"
						},
						"0.1667": {
							"post": [7.88229, -13.34855, -24.26701],
							"lerp_mode": "catmullrom"
						},
						"0.4167": {
							"post": [-9.34136, -11.91332, -14.12415],
							"lerp_mode": "catmullrom"
						},
						"0.75": {
							"post": [-21.64743, -7.43547, -13.06431],
							"lerp_mode": "catmullrom"
						},
						"0.9167": {
							"post": [-21.64743, -7.43547, -13.06431],
							"lerp_mode": "catmullrom"
						},
						"1.2917": {
							"post": [-9.61771, -13.34855, -24.26701],
							"lerp_mode": "catmullrom"
						}
					},
					"position": {
						"0.0": {
							"post": [-5.67714, 1.92995, -3.46484],
							"lerp_mode": "catmullrom"
						},
						"0.1667": {
							"post": [-5.67714, 1.92995, -3.46484],
							"lerp_mode": "catmullrom"
						},
						"0.4167": {
							"post": [-6.12698, 2.04834, -2.93169],
							"lerp_mode": "catmullrom"
						},
						"0.75": {
							"post": [-6, 2.175, -2.425],
							"lerp_mode": "catmullrom"
						}
					},
					"scale": {
						"0.0": {
							"post": [0.4, 0.4, 0.4],
							"lerp_mode": "catmullrom"
						}
					}
				},
				"splash1": {
					"rotation": {
						"0.6667": [0, 0, 0],
						"0.7083": [0, 0, 0],
						"0.9583": [0, 12.5, -32.5],
						"1.0": [0, 12.5, -32.5],
						"1.125": [0, 0, 0],
						"1.1667": [0, 0, 0],
						"1.4167": [0, 12.5, -32.5],
						"1.4583": [0, 12.5, -32.5],
						"1.5833": [0, 0, 0],
						"1.625": [0, 0, 0],
						"1.875": [0, 12.5, -32.5],
						"1.9167": [0, 12.5, -32.5]
					},
					"position": {
						"0.6667": [-7.95871, 18.02148, -1.33086],
						"0.7083": [-7.84256, 14.42846, 3.28216],
						"0.9583": [-3.92724, 0.48822, 13.15305],
						"1.0": [-6.30964, -0.81229, 11.13689],
						"1.125": [-10.05871, 13.32148, 5.66914],
						"1.1667": [-9.94256, 9.72846, 10.28216],
						"1.4167": [-4.29507, -3.29624, 19.76232],
						"1.4583": [-8.40964, -5.51229, 18.13689],
						"1.5833": [-10.05871, 14.92148, 16.66914],
						"1.625": [-9.94256, 11.32846, 21.28216],
						"1.875": [-5.40103, -3.08139, 28.6291],
						"1.9167": [-8.40964, -3.91229, 29.13689]
					},
					"scale": {
						"0.6667": [0, 0, 0],
						"0.7083": [8, 8, 8],
						"0.9583": [8, 8, 8],
						"1.0": [0, 0, 0],
						"1.125": [0, 0, 0],
						"1.1667": [8, 8, 8],
						"1.4167": [8, 8, 8],
						"1.4583": [0, 0, 0],
						"1.5833": [0, 0, 0],
						"1.625": [8, 8, 8],
						"1.875": [8, 8, 8],
						"1.9167": [0, 0, 0]
					}
				},
				"splash2": {
					"rotation": {
						"0.9167": [0, 0, 0],
						"0.9583": [0, 0, 0],
						"1.2083": [0, 12.5, -32.5],
						"1.25": [0, 12.5, -32.5],
						"1.375": [0, 0, 0],
						"1.4167": [0, 0, 0],
						"1.6667": [0, 12.5, -32.5],
						"1.7083": [0, 12.5, -32.5],
						"1.8333": [0, 0, 0],
						"1.875": [0, 0, 0],
						"2.125": [0, 12.5, -32.5],
						"2.1667": [0, 12.5, -32.5]
					},
					"position": {
						"0.9167": [-1.50871, 16.02148, -1.33086],
						"0.9583": [-1.39256, 12.42846, 3.28216],
						"1.2083": [0.14036, -2.81229, 11.13689],
						"1.25": [0.14036, -2.81229, 11.13689],
						"1.375": [-3.60871, 11.32148, 5.66914],
						"1.4167": [-3.49256, 7.72846, 10.28216],
						"1.6667": [-1.95964, -7.51229, 18.13689],
						"1.7083": [-1.95964, -7.51229, 18.13689],
						"1.8333": [-3.60871, 12.92148, 16.66914],
						"1.875": [-4.30346, 7.5029, 7.41551],
						"2.125": [-1.95964, -5.91229, 0.23689],
						"2.1667": [-1.95964, -5.91229, 0.23689]
					},
					"scale": {
						"0.9167": [0, 0, 0],
						"0.9583": [8, 8, 8],
						"1.2083": [8, 8, 8],
						"1.25": [0, 0, 0],
						"1.375": [0, 0, 0],
						"1.4167": [8, 8, 8],
						"1.6667": [8, 8, 8],
						"1.7083": [0, 0, 0],
						"1.8333": [0, 0, 0],
						"1.875": [8, 8, 8],
						"2.125": [8, 8, 8],
						"2.1667": [0, 0, 0]
					}
				},
				"splash5": {
					"rotation": {
						"0.75": [0, 0, 0],
						"0.7917": [0, 0, 0],
						"1.0417": [0, 12.5, -32.5],
						"1.0833": [0, 12.5, -32.5],
						"1.2083": [0, 0, 0],
						"1.25": [0, 0, 0],
						"1.5": [0, 12.5, -32.5],
						"1.5417": [0, 12.5, -32.5],
						"1.6667": [0, 0, 0],
						"1.7083": [0, 0, 0],
						"1.9583": [0, 12.5, -32.5],
						"2.0": [0, 12.5, -32.5]
					},
					"position": {
						"0.75": [-0.95871, 18.02148, 7.66914],
						"0.7917": [-0.84256, 14.42846, 12.28216],
						"1.0417": [3.07276, 0.48822, 22.15305],
						"1.0833": [0.69036, -0.81229, 20.13689],
						"1.2083": [-3.05871, 13.32148, 14.66914],
						"1.25": [-2.94256, 9.72846, 19.28216],
						"1.5": [2.70493, -3.29624, 28.76232],
						"1.5417": [-1.40964, -5.51229, 27.13689],
						"1.6667": [-3.05871, 14.92148, 25.66914],
						"1.7083": [-2.94256, 11.32846, 30.28216],
						"1.9583": [1.59897, -3.08139, 37.6291],
						"2.0": [-1.40964, -3.91229, 38.13689]
					},
					"scale": {
						"0.75": [0, 0, 0],
						"0.7917": [8, 8, 8],
						"1.0417": [8, 8, 8],
						"1.0833": [0, 0, 0],
						"1.2083": [0, 0, 0],
						"1.25": [8, 8, 8],
						"1.5": [8, 8, 8],
						"1.5417": [0, 0, 0],
						"1.6667": [0, 0, 0],
						"1.7083": [8, 8, 8],
						"1.9583": [8, 8, 8],
						"2.0": [0, 0, 0]
					}
				},
				"splash6": {
					"rotation": {
						"0.5833": [0, 0, 0],
						"0.625": [0, 0, 0],
						"0.875": [0, 12.5, -32.5],
						"0.9167": [0, 12.5, -32.5],
						"1.0417": [0, 0, 0],
						"1.0833": [0, 0, 0],
						"1.3333": [0, 12.5, -32.5],
						"1.375": [0, 12.5, -32.5],
						"1.5": [0, 0, 0],
						"1.5417": [0, 0, 0],
						"1.7917": [0, 12.5, -32.5],
						"1.8333": [0, 12.5, -32.5],
						"1.9167": [0, 0, 0],
						"1.9583": [0, 0, 0],
						"2.2083": [0, 12.5, -32.5],
						"2.25": [0, 12.5, -32.5]
					},
					"position": {
						"0.0": [0, 0, 0],
						"0.5833": [-1.50871, 16.02148, 3.66914],
						"0.625": [-1.39256, 12.42846, 8.28216],
						"0.875": [0.14036, -2.81229, 16.13689],
						"0.9167": [0.14036, -2.81229, 16.13689],
						"1.0417": [-3.60871, 11.32148, 10.66914],
						"1.0833": [-3.49256, 7.72846, 15.28216],
						"1.3333": [-1.95964, -7.51229, 23.13689],
						"1.375": [-1.95964, -7.51229, 23.13689],
						"1.5": [-3.60871, 12.92148, 21.66914],
						"1.5417": [-3.49256, 9.32846, 26.28216],
						"1.7917": [-1.95964, -5.91229, 34.13689],
						"1.8333": [-1.95964, -5.91229, 34.13689],
						"1.9167": [-3.60871, 11.32148, 10.66914],
						"1.9583": [-3.49256, 7.72846, 15.28216],
						"2.2083": [-1.95964, -7.51229, 23.13689],
						"2.25": [-1.95964, -7.51229, 23.13689]
					},
					"scale": {
						"0.5833": [0, 0, 0],
						"0.625": [8, 8, 8],
						"0.875": [8, 8, 8],
						"0.9167": [0, 0, 0],
						"1.0417": [0, 0, 0],
						"1.0833": [8, 8, 8],
						"1.3333": [8, 8, 8],
						"1.375": [0, 0, 0],
						"1.5": [0, 0, 0],
						"1.5417": [8, 8, 8],
						"1.7917": [8, 8, 8],
						"1.8333": [0, 0, 0],
						"1.9167": [0, 0, 0],
						"1.9583": [8, 8, 8],
						"2.2083": [8, 8, 8],
						"2.25": [0, 0, 0]
					}
				},
				"camera": {
					"rotation": {
						"0.0": {
							"post": [0, 0, 0],
							"lerp_mode": "catmullrom"
						},
						"0.1667": {
							"post": [0.75, -0.5, 0.5],
							"lerp_mode": "catmullrom"
						},
						"0.3333": {
							"post": [0.08, -0.94, -0.72],
							"lerp_mode": "catmullrom"
						},
						"0.5": {
							"post": [-0.75, -1.25, 0],
							"lerp_mode": "catmullrom"
						},
						"0.9583": {
							"post": [-1.25, -0.75, 0],
							"lerp_mode": "catmullrom"
						},
						"1.4583": {
							"post": [-1.75, 1.5, 1.5],
							"lerp_mode": "catmullrom"
						},
						"2.0": {
							"post": [-1, 1.75, 0],
							"lerp_mode": "catmullrom"
						},
						"2.25": {
							"post": [-1.25, 0.75, 0],
							"lerp_mode": "catmullrom"
						},
						"2.5": {
							"post": [0.5, 0.5, 0.5],
							"lerp_mode": "catmullrom"
						},
						"2.7917": {
							"post": [0, 0, 0],
							"lerp_mode": "catmullrom"
						}
					}
				}
			},
			"sound_effects": {
				"0.0417": {
					"effect": "daffas_arsenal:hk45/daffas_hk45_cloth3"
				},
				"0.4583": {
					"effect": "daffas_arsenal:emak_c2/daffas_emak_c2_pour"
				},
				"2.0": {
					"effect": "daffas_arsenal:hk45/daffas_hk45_cloth"
				}
			}
		},
		"reload_tactical": {
			"animation_length": 2.7917,
			"bones": {
				"p221zldl": {
					"scale": 0.4
				},
				"lefthand": {
					"rotation": [109.56902, -11.04661, -197.64985],
					"position": [7.8, -7.525, -4.275],
					"scale": [1, 1.5, 1]
				},
				"righthand": {
					"rotation": [119.74721, -1.93597, -165.12261],
					"position": [-6.7125, -12.475, 3.25]
				},
				"root": {
					"rotation": {
						"0.0": {
							"post": [0, 0, 0],
							"lerp_mode": "catmullrom"
						},
						"0.1667": {
							"post": [-0.47, -3.75, 7.5],
							"lerp_mode": "catmullrom"
						},
						"0.5": {
							"post": [-22.5, -30, 15],
							"lerp_mode": "catmullrom"
						},
						"0.75": {
							"post": [-22.5, -30, 20],
							"lerp_mode": "catmullrom"
						},
						"0.9167": {
							"post": [-22.5, -30, 25],
							"lerp_mode": "catmullrom"
						},
						"1.2917": {
							"post": [-22.5, -30, 28.5],
							"lerp_mode": "catmullrom"
						},
						"1.625": {
							"post": [-26.06706, -24.66762, 25.35908],
							"lerp_mode": "catmullrom"
						},
						"1.9167": {
							"post": [-24.06706, -22.41762, 19.85908],
							"lerp_mode": "catmullrom"
						},
						"2.125": {
							"post": [-16.56706, -19.91762, 14.85908],
							"lerp_mode": "catmullrom"
						},
						"2.375": {
							"post": [-3.92617, -6.58463, 16.01243],
							"lerp_mode": "catmullrom"
						},
						"2.5833": {
							"post": [-0.47, -3.75, 7.5],
							"lerp_mode": "catmullrom"
						},
						"2.7917": {
							"post": [0, 0, 0],
							"lerp_mode": "catmullrom"
						}
					},
					"position": {
						"0.0": {
							"post": [0, 0, 0],
							"lerp_mode": "catmullrom"
						},
						"0.1667": {
							"post": [0.5, -0.7725, -0.5],
							"lerp_mode": "catmullrom"
						},
						"0.5": {
							"post": [1, 1, -1],
							"lerp_mode": "catmullrom"
						},
						"0.75": {
							"post": [1.1625, 0.6375, -1.25],
							"lerp_mode": "catmullrom"
						},
						"0.9167": {
							"post": [1.3725, 1.0525, -1.25],
							"lerp_mode": "catmullrom"
						},
						"1.2917": {
							"post": [1.6075, 1.6375, -1.25],
							"lerp_mode": "catmullrom"
						},
						"1.625": {
							"post": [1.16, 1.64, -1.25],
							"lerp_mode": "catmullrom"
						},
						"1.9167": {
							"post": [1.16, 1.2275, -1.25],
							"lerp_mode": "catmullrom"
						},
						"2.125": {
							"post": [1.16, 0.7775, -1.25],
							"lerp_mode": "catmullrom"
						},
						"2.375": {
							"post": [1.67, 0.49, -1.25],
							"lerp_mode": "catmullrom"
						},
						"2.5833": {
							"post": [0.5, -0.7725, -0.5],
							"lerp_mode": "catmullrom"
						},
						"2.7917": {
							"post": [0, 0, 0],
							"lerp_mode": "catmullrom"
						}
					}
				},
				"mag_and_lefthand": {
					"rotation": {
						"0.0": {
							"post": [8.83, 11.1, 6.78],
							"lerp_mode": "catmullrom"
						},
						"0.25": {
							"post": [-0.7441, 24.27517, 16.20068],
							"lerp_mode": "catmullrom"
						},
						"0.5": {
							"post": [-1.88407, 21.21048, -13.60291],
							"lerp_mode": "catmullrom"
						},
						"0.75": {
							"post": [-37.83692, 1.85221, -65.33568],
							"lerp_mode": "catmullrom"
						},
						"0.9167": {
							"post": [-44.04972, -1.20013, -71.81508],
							"lerp_mode": "catmullrom"
						},
						"1.0417": {
							"post": [-50.43974, -2.34372, -74.1726],
							"lerp_mode": "catmullrom"
						},
						"1.1667": {
							"post": [-52.74123, -2.3839, -76.52676],
							"lerp_mode": "catmullrom"
						},
						"1.2917": {
							"post": [-57.54959, 3.16697, -75.55946],
							"lerp_mode": "catmullrom"
						},
						"1.4167": {
							"post": [-66.11197, 8.30937, -70.69395],
							"lerp_mode": "catmullrom"
						},
						"1.5417": {
							"post": [-69.00698, 0.40314, -77.95716],
							"lerp_mode": "catmullrom"
						},
						"1.6667": {
							"post": [-65.2986, 2.6412, -71.73337],
							"lerp_mode": "catmullrom"
						},
						"1.7917": {
							"post": [-69.00698, 0.40314, -77.95716],
							"lerp_mode": "catmullrom"
						},
						"2.0": {
							"post": [-53.05723, -11.14097, -73.8519],
							"lerp_mode": "catmullrom"
						},
						"2.125": {
							"post": [-34.86823, 1.55488, -43.84256],
							"lerp_mode": "catmullrom"
						},
						"2.375": {
							"post": [12.02379, 6.70245, 3.63632],
							"lerp_mode": "catmullrom"
						},
						"2.625": {
							"post": [12.02379, 6.70245, 3.63632],
							"lerp_mode": "catmullrom"
						}
					},
					"position": {
						"0.0": {
							"post": [21.54, -13.21, 11.41],
							"lerp_mode": "catmullrom"
						},
						"0.25": {
							"post": [12.06611, 0.85904, -9.63395],
							"lerp_mode": "catmullrom"
						},
						"0.5": {
							"post": [4.76842, 0.23327, -16.61043],
							"lerp_mode": "catmullrom"
						},
						"0.75": {
							"post": [4.47782, 4.5671, -17.13035],
							"lerp_mode": "catmullrom"
						},
						"0.9167": {
							"post": [2.84115, 5.04702, -16.30344],
							"lerp_mode": "catmullrom"
						},
						"1.0417": {
							"post": [2.72321, 5.00179, -16.20705],
							"lerp_mode": "catmullrom"
						},
						"1.1667": {
							"post": [2.67851, 5.69948, -15.46961],
							"lerp_mode": "catmullrom"
						},
						"1.2917": {
							"post": [2.08478, 5.46514, -14.43771],
							"lerp_mode": "catmullrom"
						},
						"1.4167": {
							"post": [1.36334, 5.08901, -13.26625],
							"lerp_mode": "catmullrom"
						},
						"1.5417": {
							"post": [1.0714, 5.97613, -12.17815],
							"lerp_mode": "catmullrom"
						},
						"1.6667": {
							"post": [1.52359, 5.4526, -11.67315],
							"lerp_mode": "catmullrom"
						},
						"1.7917": {
							"post": [1.47238, 5.84355, -10.79312],
							"lerp_mode": "catmullrom"
						},
						"2.0": {
							"post": [3.51767, 6.36375, -15.96335],
							"lerp_mode": "catmullrom"
						},
						"2.125": {
							"post": [6.2735, 2.78289, -17.0144],
							"lerp_mode": "catmullrom"
						},
						"2.375": {
							"post": [12.81652, -0.15659, -6.18261],
							"lerp_mode": "catmullrom"
						},
						"2.625": {
							"post": [24.7, -17.9, 18.425],
							"lerp_mode": "catmullrom"
						}
					}
				},
				"mag_and_bullet": {
					"rotation": {
						"0.0": {
							"post": [7.88229, -13.34855, -24.26701],
							"lerp_mode": "catmullrom"
						},
						"0.1667": {
							"post": [7.88229, -13.34855, -24.26701],
							"lerp_mode": "catmullrom"
						},
						"0.4167": {
							"post": [-9.34136, -11.91332, -14.12415],
							"lerp_mode": "catmullrom"
						},
						"0.75": {
							"post": [-21.64743, -7.43547, -13.06431],
							"lerp_mode": "catmullrom"
						},
						"0.9167": {
							"post": [-21.64743, -7.43547, -13.06431],
							"lerp_mode": "catmullrom"
						},
						"1.2917": {
							"post": [-9.61771, -13.34855, -24.26701],
							"lerp_mode": "catmullrom"
						}
					},
					"position": {
						"0.0": {
							"post": [-5.67714, 1.92995, -3.46484],
							"lerp_mode": "catmullrom"
						},
						"0.1667": {
							"post": [-5.67714, 1.92995, -3.46484],
							"lerp_mode": "catmullrom"
						},
						"0.4167": {
							"post": [-6.12698, 2.04834, -2.93169],
							"lerp_mode": "catmullrom"
						},
						"0.75": {
							"post": [-6, 2.175, -2.425],
							"lerp_mode": "catmullrom"
						}
					},
					"scale": {
						"0.0": {
							"post": [0.4, 0.4, 0.4],
							"lerp_mode": "catmullrom"
						}
					}
				},
				"splash1": {
					"rotation": {
						"0.6667": [0, 0, 0],
						"0.7083": [0, 0, 0],
						"0.9583": [0, 12.5, -32.5],
						"1.0": [0, 12.5, -32.5],
						"1.125": [0, 0, 0],
						"1.1667": [0, 0, 0],
						"1.4167": [0, 12.5, -32.5],
						"1.4583": [0, 12.5, -32.5],
						"1.5833": [0, 0, 0],
						"1.625": [0, 0, 0],
						"1.875": [0, 12.5, -32.5],
						"1.9167": [0, 12.5, -32.5]
					},
					"position": {
						"0.6667": [-7.95871, 18.02148, -1.33086],
						"0.7083": [-7.84256, 14.42846, 3.28216],
						"0.9583": [-3.92724, 0.48822, 13.15305],
						"1.0": [-6.30964, -0.81229, 11.13689],
						"1.125": [-10.05871, 13.32148, 5.66914],
						"1.1667": [-9.94256, 9.72846, 10.28216],
						"1.4167": [-4.29507, -3.29624, 19.76232],
						"1.4583": [-8.40964, -5.51229, 18.13689],
						"1.5833": [-10.05871, 14.92148, 16.66914],
						"1.625": [-9.94256, 11.32846, 21.28216],
						"1.875": [-5.40103, -3.08139, 28.6291],
						"1.9167": [-8.40964, -3.91229, 29.13689]
					},
					"scale": {
						"0.6667": [0, 0, 0],
						"0.7083": [8, 8, 8],
						"0.9583": [8, 8, 8],
						"1.0": [0, 0, 0],
						"1.125": [0, 0, 0],
						"1.1667": [8, 8, 8],
						"1.4167": [8, 8, 8],
						"1.4583": [0, 0, 0],
						"1.5833": [0, 0, 0],
						"1.625": [8, 8, 8],
						"1.875": [8, 8, 8],
						"1.9167": [0, 0, 0]
					}
				},
				"splash2": {
					"rotation": {
						"0.9167": [0, 0, 0],
						"0.9583": [0, 0, 0],
						"1.2083": [0, 12.5, -32.5],
						"1.25": [0, 12.5, -32.5],
						"1.375": [0, 0, 0],
						"1.4167": [0, 0, 0],
						"1.6667": [0, 12.5, -32.5],
						"1.7083": [0, 12.5, -32.5],
						"1.8333": [0, 0, 0],
						"1.875": [0, 0, 0],
						"2.125": [0, 12.5, -32.5],
						"2.1667": [0, 12.5, -32.5]
					},
					"position": {
						"0.9167": [-1.50871, 16.02148, -1.33086],
						"0.9583": [-1.39256, 12.42846, 3.28216],
						"1.2083": [0.14036, -2.81229, 11.13689],
						"1.25": [0.14036, -2.81229, 11.13689],
						"1.375": [-3.60871, 11.32148, 5.66914],
						"1.4167": [-3.49256, 7.72846, 10.28216],
						"1.6667": [-1.95964, -7.51229, 18.13689],
						"1.7083": [-1.95964, -7.51229, 18.13689],
						"1.8333": [-3.60871, 12.92148, 16.66914],
						"1.875": [-4.30346, 7.5029, 7.41551],
						"2.125": [-1.95964, -5.91229, 0.23689],
						"2.1667": [-1.95964, -5.91229, 0.23689]
					},
					"scale": {
						"0.9167": [0, 0, 0],
						"0.9583": [8, 8, 8],
						"1.2083": [8, 8, 8],
						"1.25": [0, 0, 0],
						"1.375": [0, 0, 0],
						"1.4167": [8, 8, 8],
						"1.6667": [8, 8, 8],
						"1.7083": [0, 0, 0],
						"1.8333": [0, 0, 0],
						"1.875": [8, 8, 8],
						"2.125": [8, 8, 8],
						"2.1667": [0, 0, 0]
					}
				},
				"splash5": {
					"rotation": {
						"0.75": [0, 0, 0],
						"0.7917": [0, 0, 0],
						"1.0417": [0, 12.5, -32.5],
						"1.0833": [0, 12.5, -32.5],
						"1.2083": [0, 0, 0],
						"1.25": [0, 0, 0],
						"1.5": [0, 12.5, -32.5],
						"1.5417": [0, 12.5, -32.5],
						"1.6667": [0, 0, 0],
						"1.7083": [0, 0, 0],
						"1.9583": [0, 12.5, -32.5],
						"2.0": [0, 12.5, -32.5]
					},
					"position": {
						"0.75": [-0.95871, 18.02148, 7.66914],
						"0.7917": [-0.84256, 14.42846, 12.28216],
						"1.0417": [3.07276, 0.48822, 22.15305],
						"1.0833": [0.69036, -0.81229, 20.13689],
						"1.2083": [-3.05871, 13.32148, 14.66914],
						"1.25": [-2.94256, 9.72846, 19.28216],
						"1.5": [2.70493, -3.29624, 28.76232],
						"1.5417": [-1.40964, -5.51229, 27.13689],
						"1.6667": [-3.05871, 14.92148, 25.66914],
						"1.7083": [-2.94256, 11.32846, 30.28216],
						"1.9583": [1.59897, -3.08139, 37.6291],
						"2.0": [-1.40964, -3.91229, 38.13689]
					},
					"scale": {
						"0.75": [0, 0, 0],
						"0.7917": [8, 8, 8],
						"1.0417": [8, 8, 8],
						"1.0833": [0, 0, 0],
						"1.2083": [0, 0, 0],
						"1.25": [8, 8, 8],
						"1.5": [8, 8, 8],
						"1.5417": [0, 0, 0],
						"1.6667": [0, 0, 0],
						"1.7083": [8, 8, 8],
						"1.9583": [8, 8, 8],
						"2.0": [0, 0, 0]
					}
				},
				"splash6": {
					"rotation": {
						"0.5833": [0, 0, 0],
						"0.625": [0, 0, 0],
						"0.875": [0, 12.5, -32.5],
						"0.9167": [0, 12.5, -32.5],
						"1.0417": [0, 0, 0],
						"1.0833": [0, 0, 0],
						"1.3333": [0, 12.5, -32.5],
						"1.375": [0, 12.5, -32.5],
						"1.5": [0, 0, 0],
						"1.5417": [0, 0, 0],
						"1.7917": [0, 12.5, -32.5],
						"1.8333": [0, 12.5, -32.5],
						"1.9167": [0, 0, 0],
						"1.9583": [0, 0, 0],
						"2.2083": [0, 12.5, -32.5],
						"2.25": [0, 12.5, -32.5]
					},
					"position": {
						"0.0": [0, 0, 0],
						"0.5833": [-1.50871, 16.02148, 3.66914],
						"0.625": [-1.39256, 12.42846, 8.28216],
						"0.875": [0.14036, -2.81229, 16.13689],
						"0.9167": [0.14036, -2.81229, 16.13689],
						"1.0417": [-3.60871, 11.32148, 10.66914],
						"1.0833": [-3.49256, 7.72846, 15.28216],
						"1.3333": [-1.95964, -7.51229, 23.13689],
						"1.375": [-1.95964, -7.51229, 23.13689],
						"1.5": [-3.60871, 12.92148, 21.66914],
						"1.5417": [-3.49256, 9.32846, 26.28216],
						"1.7917": [-1.95964, -5.91229, 34.13689],
						"1.8333": [-1.95964, -5.91229, 34.13689],
						"1.9167": [-3.60871, 11.32148, 10.66914],
						"1.9583": [-3.49256, 7.72846, 15.28216],
						"2.2083": [-1.95964, -7.51229, 23.13689],
						"2.25": [-1.95964, -7.51229, 23.13689]
					},
					"scale": {
						"0.5833": [0, 0, 0],
						"0.625": [8, 8, 8],
						"0.875": [8, 8, 8],
						"0.9167": [0, 0, 0],
						"1.0417": [0, 0, 0],
						"1.0833": [8, 8, 8],
						"1.3333": [8, 8, 8],
						"1.375": [0, 0, 0],
						"1.5": [0, 0, 0],
						"1.5417": [8, 8, 8],
						"1.7917": [8, 8, 8],
						"1.8333": [0, 0, 0],
						"1.9167": [0, 0, 0],
						"1.9583": [8, 8, 8],
						"2.2083": [8, 8, 8],
						"2.25": [0, 0, 0]
					}
				},
				"camera": {
					"rotation": {
						"0.0": {
							"post": [0, 0, 0],
							"lerp_mode": "catmullrom"
						},
						"0.1667": {
							"post": [0.75, -0.5, 0.5],
							"lerp_mode": "catmullrom"
						},
						"0.3333": {
							"post": [0.08, -0.94, -0.72],
							"lerp_mode": "catmullrom"
						},
						"0.5": {
							"post": [-0.75, -1.25, 0],
							"lerp_mode": "catmullrom"
						},
						"0.9583": {
							"post": [-1.25, -0.75, 0],
							"lerp_mode": "catmullrom"
						},
						"1.4583": {
							"post": [-1.75, 1.5, 1.5],
							"lerp_mode": "catmullrom"
						},
						"2.0": {
							"post": [-1, 1.75, 0],
							"lerp_mode": "catmullrom"
						},
						"2.25": {
							"post": [-1.25, 0.75, 0],
							"lerp_mode": "catmullrom"
						},
						"2.5": {
							"post": [0.5, 0.5, 0.5],
							"lerp_mode": "catmullrom"
						},
						"2.7917": {
							"post": [0, 0, 0],
							"lerp_mode": "catmullrom"
						}
					}
				}
			},
			"sound_effects": {
				"0.0": {
					"effect": "daffas_arsenal:hk45/daffas_hk45_cloth3"
				},
				"0.4167": {
					"effect": "daffas_arsenal:emak_c2/daffas_emak_c2_pour"
				},
				"1.9583": {
					"effect": "daffas_arsenal:hk45/daffas_hk45_cloth"
				}
			}
		},
		"walk_forward": {
			"loop": true,
			"animation_length": 1,
			"bones": {
				"root": {
					"rotation": {
						"0.0": [0.14, -1.22, 6.06],
						"0.0417": [0.41, -1.15489, 5.4998],
						"0.0833": [0.61, -1.09, 5.07],
						"0.125": [0.9, -0.995, 5.205],
						"0.1667": [0.99, -0.73, 5.18],
						"0.2083": [0.93, 0.0596, 4.41505],
						"0.25": [0.78, 1, 3.32],
						"0.2917": [0.57, 1.7904, 2.58505],
						"0.3333": [0.4, 2.3, 2.38],
						"0.375": [0.17, 2.585, 2.355],
						"0.4167": [-0.06, 2.83, 2.43],
						"0.4583": [-0.27, 2.86489, 2.6998],
						"0.5": [-0.41, 2.96, 3.13],
						"0.5417": [-0.46, 2.84489, 3.7402],
						"0.5833": [-0.47, 2.78, 4.53],
						"0.625": [-0.44, 2.495, 5.345],
						"0.6667": [-0.41, 2.22, 6.19],
						"0.7083": [-0.38, 1.7804, 6.82495],
						"0.75": [-0.37, 1.31, 7.31],
						"0.7917": [-0.46, 0.7496, 7.70495],
						"0.8333": [-0.58, 0.12, 7.8],
						"0.875": [-0.54, -0.375, 7.575],
						"0.9167": [-0.38, -0.81, 7.22],
						"0.9583": [-0.14, -1.01489, 6.6602],
						"1.0": [0.14, -1.22, 6.06]
					},
					"position": {
						"0.0": [0.65, -0.24, -0.51],
						"0.0417": [0.61, -0.33, -0.52],
						"0.0833": [0.57, -0.44, -0.53],
						"0.125": [0.52, -0.56, -0.54],
						"0.1667": [0.48, -0.64, -0.53],
						"0.2083": [0.41, -0.76, -0.46],
						"0.25": [0.34, -0.85, -0.38],
						"0.2917": [0.24, -0.87, -0.29],
						"0.3333": [0.13, -0.82, -0.22],
						"0.375": [0, -0.73, -0.14],
						"0.4167": [-0.13, -0.63, -0.06],
						"0.4583": [-0.23, -0.54, -0.01],
						"0.5": [-0.27, -0.5, 0],
						"0.5417": [-0.23, -0.53, -0.03],
						"0.5833": [-0.15, -0.59, -0.08],
						"0.625": [-0.03, -0.68, -0.16],
						"0.6667": [0.09, -0.76, -0.25],
						"0.7083": [0.21, -0.82, -0.34],
						"0.75": [0.3, -0.84, -0.41],
						"0.7917": [0.4, -0.73, -0.58],
						"0.8333": [0.47, -0.53, -0.74],
						"0.875": [0.53, -0.36, -0.82],
						"0.9167": [0.62, -0.21, -0.7],
						"0.9583": [0.66, -0.18, -0.53],
						"1.0": [0.65, -0.24, -0.51]
					}
				}
			}
		},
		"walk_backward": {
			"loop": true,
			"animation_length": 1,
			"bones": {
				"root": {
					"rotation": {
						"0.0": [3.14, 3.78, 9.06],
						"0.0417": [3.41, 3.71, 8.75],
						"0.0833": [3.61, 3.64, 8.57],
						"0.125": [3.9, 3.37, 8.89],
						"0.1667": [3.99, 3.27, 9.05],
						"0.2083": [3.93, 3.56, 8.35],
						"0.25": [3.78, 4, 7.32],
						"0.2917": [3.57, 4.29, 6.52],
						"0.3333": [3.4, 4.3, 6.25],
						"0.375": [3.17, 4.22, 6.04],
						"0.4167": [2.94, 4.1, 5.93],
						"0.4583": [2.73, 4, 5.95],
						"0.5": [2.59, 3.96, 6.13],
						"0.5417": [2.54, 3.98, 6.49],
						"0.5833": [2.53, 4.05, 7.03],
						"0.625": [2.56, 4.13, 7.66],
						"0.6667": [2.59, 4.22, 8.32],
						"0.7083": [2.62, 4.28, 8.89],
						"0.75": [2.63, 4.31, 9.31],
						"0.7917": [2.54, 4.25, 9.77],
						"0.8333": [2.42, 4.12, 9.93],
						"0.875": [2.46, 3.99, 9.89],
						"0.9167": [2.62, 3.92, 9.72],
						"0.9583": [2.86, 3.85, 9.41],
						"1.0": [3.14, 3.78, 9.06]
					},
					"position": {
						"0.0": [-0.65, -0.24, 0.49],
						"0.0417": [-0.61, -0.33, 0.48],
						"0.0833": [-0.57, -0.44, 0.47],
						"0.125": [-0.52, -0.56, 0.46],
						"0.1667": [-0.48, -0.64, 0.47],
						"0.2083": [-0.41, -0.76, 0.54],
						"0.25": [-0.34, -0.85, 0.62],
						"0.2917": [-0.24, -0.87, 0.71],
						"0.3333": [-0.13, -0.82, 0.78],
						"0.375": [0, -0.73, 0.86],
						"0.4167": [0.13, -0.63, 0.94],
						"0.4583": [0.23, -0.54, 0.99],
						"0.5": [0.27, -0.5, 1],
						"0.5417": [0.23, -0.53, 0.97],
						"0.5833": [0.15, -0.59, 0.92],
						"0.625": [0.03, -0.68, 0.84],
						"0.6667": [-0.09, -0.76, 0.75],
						"0.7083": [-0.21, -0.82, 0.66],
						"0.75": [-0.3, -0.84, 0.59],
						"0.7917": [-0.4, -0.73, 0.42],
						"0.8333": [-0.47, -0.53, 0.26],
						"0.875": [-0.53, -0.36, 0.18],
						"0.9167": [-0.62, -0.21, 0.3],
						"0.9583": [-0.66, -0.18, 0.47],
						"1.0": [-0.65, -0.24, 0.49]
					}
				}
			}
		},
		"walk_sideway": {
			"loop": true,
			"animation_length": 1,
			"bones": {
				"root": {
					"rotation": {
						"0.0": [0.14, -1.72, 6.06],
						"0.0417": [0.41, -1.79, 5.75],
						"0.0833": [0.61, -1.86, 5.57],
						"0.125": [0.9, -2.13, 5.89],
						"0.1667": [0.99, -2.23, 6.05],
						"0.2083": [0.93, -1.94, 5.35],
						"0.25": [0.78, -1.5, 4.32],
						"0.2917": [0.57, -1.21, 3.52],
						"0.3333": [0.4, -1.2, 3.25],
						"0.375": [0.17, -1.28, 3.04],
						"0.4167": [-0.06, -1.4, 2.93],
						"0.4583": [-0.27, -1.5, 2.95],
						"0.5": [-0.41, -1.54, 3.13],
						"0.5417": [-0.46, -1.52, 3.49],
						"0.5833": [-0.47, -1.45, 4.03],
						"0.625": [-0.44, -1.37, 4.66],
						"0.6667": [-0.41, -1.28, 5.32],
						"0.7083": [-0.38, -1.22, 5.89],
						"0.75": [-0.37, -1.19, 6.31],
						"0.7917": [-0.46, -1.25, 6.77],
						"0.8333": [-0.58, -1.38, 6.93],
						"0.875": [-0.54, -1.51, 6.89],
						"0.9167": [-0.38, -1.58, 6.72],
						"0.9583": [-0.14, -1.65, 6.41],
						"1.0": [0.14, -1.72, 6.06]
					},
					"position": {
						"0.0": [1.15, -0.24, -0.51],
						"0.0417": [1.11, -0.33, -0.52],
						"0.0833": [1.07, -0.44, -0.53],
						"0.125": [1.02, -0.56, -0.54],
						"0.1667": [0.98, -0.64, -0.53],
						"0.2083": [0.91, -0.76, -0.46],
						"0.25": [0.84, -0.85, -0.38],
						"0.2917": [0.74, -0.87, -0.29],
						"0.3333": [0.63, -0.82, -0.22],
						"0.375": [0.5, -0.73, -0.14],
						"0.4167": [0.37, -0.63, -0.06],
						"0.4583": [0.27, -0.54, -0.01],
						"0.5": [0.23, -0.5, 0],
						"0.5417": [0.27, -0.53, -0.03],
						"0.5833": [0.35, -0.59, -0.08],
						"0.625": [0.47, -0.68, -0.16],
						"0.6667": [0.59, -0.76, -0.25],
						"0.7083": [0.71, -0.82, -0.34],
						"0.75": [0.8, -0.84, -0.41],
						"0.7917": [0.9, -0.73, -0.58],
						"0.8333": [0.97, -0.53, -0.74],
						"0.875": [1.03, -0.36, -0.82],
						"0.9167": [1.12, -0.21, -0.7],
						"0.9583": [1.16, -0.18, -0.53],
						"1.0": [1.15, -0.24, -0.51]
					}
				}
			}
		},
		"run_start": {
			"animation_length": 0.5417,
			"bones": {
				"root": {
					"rotation": {
						"0.0": [0, 0, 0],
						"0.0625": [0, -4.75, 6.5],
						"0.1458": {
							"pre": [5.16, -29.945, 0.125],
							"post": [5.16, -29.945, 0.125],
							"lerp_mode": "catmullrom"
						},
						"0.2917": {
							"post": [-6.91, -67.5, 0.25],
							"lerp_mode": "catmullrom"
						},
						"0.4167": {
							"post": [-4.31, -69.31, 0.25],
							"lerp_mode": "catmullrom"
						},
						"0.5417": [-4.31, -64.36, 0.25]
					},
					"position": {
						"0.0": [0, 0, 0],
						"0.0625": [0.275, -0.375, 0],
						"0.1458": {
							"pre": [1.77, -0.61, 0.02],
							"post": [1.77, -0.61, 0.02],
							"lerp_mode": "catmullrom"
						},
						"0.2917": {
							"post": [5.05, -1.92, -2.47],
							"lerp_mode": "catmullrom"
						},
						"0.4167": {
							"post": [4.55, -2.79, -2.47],
							"lerp_mode": "catmullrom"
						},
						"0.5417": [3.55, -1.06, -2.47]
					}
				}
			}
		},
		"run": {
			"animation_length": 1,
			"bones": {
				"root": {
					"rotation": {
						"0.0": [-5.41, -60.74, 0.25],
						"0.0625": [-6.91, -57.6, 0.25],
						"0.1458": [-8.41, -55.79, 0.25],
						"0.2292": [-9.51, -55.79, 0.25],
						"0.3333": [-9.91, -57.6, 0.25],
						"0.3958": [-9.68, -59.89, 0.25],
						"0.5": [-8.41, -64.36, 0.25],
						"0.5625": [-6.91, -67.5, 0.25],
						"0.625": [-5.41, -69.31, 0.25],
						"0.6875": [-4.31, -69.31, 0.25],
						"0.7708": [-3.91, -67.5, 0.25],
						"0.875": [-4.31, -64.36, 0.25],
						"1.0": [-5.41, -60.74, 0.25]
					},
					"position": {
						"0.0": [3.18, -1.06, -2.47],
						"0.0625": [3.05, -1.92, -2.47],
						"0.1458": [3.18, -2.79, -2.47],
						"0.2292": [3.55, -2.79, -2.47],
						"0.3333": [4.05, -1.93, -2.47],
						"0.3958": [4.43, -1.22, -2.47],
						"0.5": [4.92, -1.06, -2.47],
						"0.5625": [5.05, -1.92, -2.47],
						"0.625": [4.92, -2.79, -2.47],
						"0.6875": [4.55, -2.79, -2.47],
						"0.7708": [4.05, -1.93, -2.47],
						"0.875": [3.55, -1.06, -2.47],
						"1.0": [3.18, -1.06, -2.47]
					}
				}
			}
		},
		"run_hold": {
			"loop": "hold_on_last_frame",
			"animation_length": 1000,
			"bones": {
				"root": {
					"rotation": {
						"0.0": {
							"post": [-9.91, -57.6, 0.25],
							"lerp_mode": "catmullrom"
						},
						"0.1458": {
							"post": [-32.64032, -36.80342, 28.92548],
							"lerp_mode": "catmullrom"
						},
						"0.3333": {
							"post": [-26.08818, -41.42904, 16.62026],
							"lerp_mode": "catmullrom"
						},
						"0.6042": {
							"post": [-32.4102, -43.9082, 16.12958],
							"lerp_mode": "catmullrom"
						},
						"0.9583": {
							"post": [-30.44293, -45.15087, 21.22298],
							"lerp_mode": "catmullrom"
						},
						"1.25": {
							"post": [-28.26863, -45.87837, 21.77616],
							"lerp_mode": "catmullrom"
						},
						"1000.0": [-9.91, -57.6, 0.25]
					},
					"position": {
						"0.0": {
							"post": [4.05, -1.93, -2.47],
							"lerp_mode": "catmullrom"
						},
						"0.0625": {
							"post": [3.37, -3.625, -2.47],
							"lerp_mode": "catmullrom"
						},
						"0.1667": {
							"post": [3.65, -1.23, -2.47],
							"lerp_mode": "catmullrom"
						},
						"0.3333": {
							"post": [3.2, -0.005, -2.47],
							"lerp_mode": "catmullrom"
						},
						"0.6042": {
							"post": [2.8, 0.075, -2.47],
							"lerp_mode": "catmullrom"
						},
						"1.25": {
							"post": [2.6, -0.905, -2.47],
							"lerp_mode": "catmullrom"
						},
						"1000.0": [4.05, -1.93, 0.03]
					}
				},
				"camera": {
					"rotation": {
						"0.0": {
							"post": [0, 0, 0],
							"lerp_mode": "catmullrom"
						},
						"0.0625": {
							"post": [0.38, 0, -0.09],
							"lerp_mode": "catmullrom"
						},
						"0.125": {
							"post": [-0.05, 0, -0.76],
							"lerp_mode": "catmullrom"
						},
						"0.2292": {
							"post": [-0.27, 0, -0.26],
							"lerp_mode": "catmullrom"
						},
						"0.3125": {
							"post": [-0.14, 0, -0.1],
							"lerp_mode": "catmullrom"
						},
						"0.4792": {
							"post": [0, 0, 0],
							"lerp_mode": "catmullrom"
						},
						"1000.0": [0, 0, 0]
					}
				}
			}
		},
		"idle": {
			"loop": true,
			"animation_length": 8,
			"bones": {
				"root": {
					"rotation": {
						"0.0": {
							"post": [0, 0, 0],
							"lerp_mode": "catmullrom"
						},
						"1.1": {
							"post": [-0.4, -0.36, -0.18],
							"lerp_mode": "catmullrom"
						},
						"2.1": {
							"post": [0.36, -0.46, -0.2],
							"lerp_mode": "catmullrom"
						},
						"3.1": {
							"post": [-0.08, -0.22, 0.06],
							"lerp_mode": "catmullrom"
						},
						"4.2": {
							"post": [-0.42, 0.42, 0.48],
							"lerp_mode": "catmullrom"
						},
						"5.2": {
							"post": [-0.42, -0.44, 0.42],
							"lerp_mode": "catmullrom"
						},
						"6.3": {
							"post": [-0.38, -0.28, 0.26],
							"lerp_mode": "catmullrom"
						},
						"7.3": {
							"post": [-0.22, -0.44, 0.48],
							"lerp_mode": "catmullrom"
						},
						"8.0": {
							"post": [0, 0, 0],
							"lerp_mode": "catmullrom"
						}
					},
					"position": {
						"0.0": {
							"post": [0, 0, 0],
							"lerp_mode": "catmullrom"
						},
						"0.9": {
							"post": [0.04, -0.04, 0],
							"lerp_mode": "catmullrom"
						},
						"1.8": {
							"post": [0.08, 0, 0],
							"lerp_mode": "catmullrom"
						},
						"2.6": {
							"post": [0.04, -0.08, 0],
							"lerp_mode": "catmullrom"
						},
						"3.5": {
							"post": [0, 0.04, 0],
							"lerp_mode": "catmullrom"
						},
						"4.5": {
							"post": [0.04, 0.08, 0],
							"lerp_mode": "catmullrom"
						},
						"5.4": {
							"post": [0.04, -0.08, 0],
							"lerp_mode": "catmullrom"
						},
						"6.2": {
							"post": [-0.04, 0, 0],
							"lerp_mode": "catmullrom"
						},
						"7.1": {
							"post": [-0.04, -0.04, 0],
							"lerp_mode": "catmullrom"
						},
						"8.0": {
							"post": [0, 0, 0],
							"lerp_mode": "catmullrom"
						}
					}
				}
			}
		},
		"melee_stock": {
			"animation_length": 1,
			"bones": {
				"root": {
					"rotation": {
						"0.0": [-40, 80, 0],
						"0.125": [-35, -35.5, 15],
						"0.2083": [-35, -82, 29],
						"0.5208": [5, -162, 29],
						"0.5417": [20.49833, -16.86191, 12.87131],
						"0.5625": [18.19, -15.2, 11.42],
						"0.7083": {
							"pre": [2.01, -3.58, 1.27],
							"post": [2.01, -3.58, 1.27],
							"lerp_mode": "catmullrom"
						},
						"0.8125": {
							"post": [-1.35267, -1.1649, -0.83425],
							"lerp_mode": "catmullrom"
						},
						"1.0": {
							"post": [0, 0, 0],
							"lerp_mode": "catmullrom"
						}
					},
					"position": {
						"0.0": [0, 0, 0],
						"0.2083": [11.405, -5.37, -3],
						"0.4583": [20.41, -15.37, 6],
						"0.5208": [20.41, -15.37, 6],
						"0.5417": [0.925, -4.475, 4.4],
						"0.5625": [0.84, -3.98, 3.93],
						"0.7083": {
							"pre": [0.27, -0.5, 0.68],
							"post": [0.27, -0.5, 0.68],
							"lerp_mode": "catmullrom"
						},
						"0.8125": {
							"post": [0.15, 0.225, 0],
							"lerp_mode": "catmullrom"
						},
						"1.0": {
							"post": [0, 0, 0],
							"lerp_mode": "catmullrom"
						}
					}
				},
				"righthand": {
					"scale": {
						"0.0": [1, 1, 1],
						"0.0625": [0, 0, 0],
						"0.5208": [0, 0, 0],
						"0.5417": [1, 1, 1]
					}
				},
				"camera": {
					"rotation": {
						"0.0": {
							"post": [0, 0, 0],
							"lerp_mode": "catmullrom"
						},
						"0.1042": {
							"post": [0.15, -0.75, 1.5],
							"lerp_mode": "catmullrom"
						},
						"0.1667": {
							"post": [0.57, -4.62, 2.05],
							"lerp_mode": "catmullrom"
						},
						"0.25": {
							"post": [1.3, -3.025, -1.5],
							"lerp_mode": "catmullrom"
						},
						"0.4375": {
							"post": [2.55, -4.345, -0.225],
							"lerp_mode": "catmullrom"
						},
						"0.7292": {
							"post": [1.225, -0.65, 0.925],
							"lerp_mode": "catmullrom"
						},
						"1.0": {
							"post": [0, 0, 0],
							"lerp_mode": "catmullrom"
						}
					}
				}
			}
		},
		"slide_back": {
			"loop": true,
			"animation_length": 0.85,
			"bones": {
				"constraint": {
					"rotation": {
						"0.0": [0.01, 0.01, 0.01],
						"0.15": [0.001, 0.001, 0.001]
					},
					"position": [0.01, 0.01, 0.01]
				},
				"root": {
					"rotation": {
						"0.0": [0, 0, 12.94],
						"0.0833": {
							"pre": [-2.65, 0.08, 13.6375],
							"post": [-2.65, 0.08, 13.6375],
							"lerp_mode": "catmullrom"
						},
						"0.1833": {
							"post": [-2.75, -3.1875, 5.25],
							"lerp_mode": "catmullrom"
						},
						"0.3333": [0, -0.6575, -1.62],
						"0.4333": [0, 0, 0]
					},
					"position": {
						"0.0": [-0.5, -0.5625, -0.75],
						"0.0833": {
							"pre": [-0.3075, -0.4375, -0.625],
							"post": [-0.3075, -0.4375, -0.625],
							"lerp_mode": "catmullrom"
						},
						"0.1667": {
							"post": [-0.1575, -0.6175, -0.3125],
							"lerp_mode": "catmullrom"
						},
						"0.3": [0.005, -0.0625, 0.0625],
						"0.3833": [0, 0, 0]
					}
				}
			}
		},
		"slide_idle": {
			"loop": true,
			"animation_length": 0.9333,
			"bones": {
				"constraint": {
					"rotation": [0.01, 0.01, 0.01],
					"position": [0.01, 0.01, 0.01]
				},
				"root": {
					"rotation": [0, 0, 12.94],
					"position": [-0.5, -0.5625, -0.75]
				},
				"camera": {
					"rotation": {
						"0.0": {
							"post": [0, 0, 0],
							"lerp_mode": "catmullrom"
						}
					}
				}
			}
		},
		"slide": {
			"loop": true,
			"animation_length": 0.75,
			"bones": {
				"constraint": {
					"rotation": [0.01, 0.01, 0.01],
					"position": [0.01, 0.01, 0.01]
				},
				"root": {
					"rotation": {
						"0.0": [0, 0, 0.01],
						"0.1333": {
							"pre": [-0.51, 0.67, 7.74],
							"post": [-0.51, 0.67, 7.74],
							"lerp_mode": "catmullrom"
						},
						"0.2833": [1.06, 0.24, 13.77],
						"0.3833": [0, 0, 12.94]
					},
					"position": {
						"0.0": [0, 0, 0],
						"0.1167": {
							"pre": [-0.595, -0.375, -0.5625],
							"post": [-0.595, -0.375, -0.5625],
							"lerp_mode": "catmullrom"
						},
						"0.1833": [-0.695, -0.6525, -0.7],
						"0.35": [-0.5, -0.5625, -0.75]
					}
				}
			}
		}
	}
}