{
	"format_version": "1.12.0",
	"minecraft:geometry": [
		{
			"description": {
				"identifier": "geometry.unknown",
				"texture_width": 2048,
				"texture_height": 2048,
				"visible_bounds_width": 16,
				"visible_bounds_height": 49,
				"visible_bounds_offset": [0, 14.5, 0]
			},
			"bones": [
				{
					"name": "root",
					"pivot": [-0.75, 13.75, -7.625]
				},
				{
					"name": "additional_magazine",
					"parent": "root",
					"pivot": [0, 6.2375, -2.725]
				},
				{
					"name": "mag_and_lefthand",
					"parent": "root",
					"pivot": [0, 7.5, -3]
				},
				{
					"name": "lefthand",
					"parent": "mag_and_lefthand",
					"pivot": [-6, 19, 0]
				},
				{
					"name": "lefthand_pos",
					"parent": "lefthand",
					"pivot": [0, 8, 0],
					"cubes": [
						{"origin": [-7, 8, -2], "size": [3, 12, 4], "uv": [2020, 2016]},
						{"origin": [-7, 8, -2], "size": [3, 12, 4], "inflate": 0.2, "uv": [2034, 2016]}
					]
				},
				{
					"name": "gun_and_righthand",
					"parent": "root",
					"pivot": [0, 10, 3]
				},
				{
					"name": "righthand",
					"parent": "gun_and_righthand",
					"pivot": [6, 19, 0]
				},
				{
					"name": "righthand_pos",
					"parent": "righthand",
					"pivot": [0, 8, 0],
					"cubes": [
						{"origin": [4, 8, -2], "size": [3, 12, 4], "uv": [2020, 2032]},
						{"origin": [4, 8, -2], "size": [3, 12, 4], "inflate": 0.2, "uv": [2034, 2032]}
					]
				},
				{
					"name": "handphone",
					"parent": "gun_and_righthand",
					"pivot": [-1.2, 13, -4],
					"rotation": [102.36657, -11.43857, -110.70811]
				},
				{
					"name": "gunapp_illuminated",
					"parent": "handphone",
					"pivot": [-0.70219, 16.63656, -4.1575],
					"cubes": [
						{
							"origin": [-4.575, 18.175, -4.38813],
							"size": [6.75, 0.45, 0.45001],
							"pivot": [-1.2, 16.825, -4.16312],
							"rotation": [0, 0, 90],
							"uv": {
								"north": {"uv": [418, 0], "uv_size": [180, 9]}
							}
						},
						{
							"origin": [-7.725, 18.175, -4.38813],
							"size": [6.75, 0.45, 0.45001],
							"pivot": [-4.35, 16.825, -4.16312],
							"rotation": [0, 0, 90],
							"uv": {
								"north": {"uv": [418, 0], "uv_size": [180, 9]}
							}
						},
						{
							"origin": [-4.575, 15.025, -4.35437],
							"size": [6.75, 3.6, 0.45],
							"pivot": [-1.2, 16.825, -4.12937],
							"rotation": [0, 0, 90],
							"uv": {
								"north": {"uv": [210, 0], "uv_size": [156, 89]}
							}
						}
					]
				},
				{
					"name": "muzzleflash",
					"parent": "gunapp_illuminated",
					"pivot": [-0.725, 20.05, -4.11312],
					"cubes": [
						{
							"origin": [-1.675, 19.375, -4.33813],
							"size": [1.9, 1.35, 0.45001],
							"pivot": [-0.725, 20.05, -4.11312],
							"rotation": [0, 0, -90],
							"uv": {
								"north": {"uv": [1728, 27], "uv_size": [277, 202]}
							}
						}
					]
				},
				{
					"name": "gun",
					"parent": "gunapp_illuminated",
					"pivot": [-1.2, 16.575, -4.36312],
					"cubes": [
						{
							"origin": [-4.575, 14.775, -4.38813],
							"size": [6.75, 3.6, 0.45001],
							"pivot": [-1.2, 16.575, -4.16312],
							"rotation": [0, 0, 90],
							"uv": {
								"north": {"uv": [857, 788], "uv_size": [1141, 578]}
							}
						}
					]
				},
				{
					"name": "mag",
					"parent": "gun",
					"pivot": [-1.49813, 16.935, -4.14625],
					"cubes": [
						{
							"origin": [-1.16063, 14.91, -4.37125],
							"size": [0.9, 1.575, 0.45],
							"pivot": [-0.48563, 16.71, -4.14625],
							"rotation": [0, 0, 90],
							"uv": {
								"north": {"uv": [370, 1264], "uv_size": [143, 270]}
							}
						}
					]
				},
				{
					"name": "bullet",
					"parent": "mag",
					"pivot": [-0.525, 16.71, -4.14062],
					"cubes": [
						{
							"origin": [-0.975, 16.26, -4.36562],
							"size": [0.55687, 0.2025, 0.01687],
							"pivot": [-0.525, 16.71, -4.14062],
							"rotation": [0, 0, 90],
							"uv": {
								"north": {"uv": [1092, 369], "uv_size": [74, 31]}
							}
						}
					]
				},
				{
					"name": "handle",
					"parent": "gun",
					"pivot": [-0.70219, 15.53656, -4.1575],
					"cubes": [
						{
							"origin": [-1.54875, 16.18125, -4.3825],
							"size": [1.69312, 0.41063, 0.45],
							"pivot": [-0.70219, 16.38656, -4.1575],
							"rotation": [0, 0, 90],
							"uv": {
								"north": {"uv": [1174, 347], "uv_size": [280, 71]}
							}
						}
					]
				},
				{
					"name": "mainmenu_illuminated",
					"parent": "handphone",
					"pivot": [-1.2, 16.825, -4]
				},
				{
					"name": "1",
					"parent": "mainmenu_illuminated",
					"pivot": [-1.2, 16.825, -4],
					"cubes": [
						{
							"origin": [-3, 13.45, -4.225],
							"size": [3.6, 6.75, 0.45],
							"uv": {
								"north": {"uv": [0, 1778], "uv_size": [144, 270]}
							}
						}
					]
				},
				{
					"name": "2",
					"parent": "mainmenu_illuminated",
					"pivot": [-1.2, 16.825, -4],
					"cubes": [
						{
							"origin": [-3, 13.45, -4.225],
							"size": [3.6, 6.75, 0.45],
							"uv": {
								"north": {"uv": [144, 1778], "uv_size": [144, 270]}
							}
						}
					]
				},
				{
					"name": "3",
					"parent": "mainmenu_illuminated",
					"pivot": [-1.2, 16.825, -4],
					"cubes": [
						{
							"origin": [-3, 13.45, -4.225],
							"size": [3.6, 6.75, 0.45],
							"uv": {
								"north": {"uv": [288, 1778], "uv_size": [144, 270]}
							}
						}
					]
				},
				{
					"name": "4",
					"parent": "mainmenu_illuminated",
					"pivot": [-1.2, 16.825, -4],
					"cubes": [
						{
							"origin": [-3, 13.45, -4.225],
							"size": [3.6, 6.75, 0.45],
							"uv": {
								"north": {"uv": [432, 1778], "uv_size": [144, 270]}
							}
						}
					]
				},
				{
					"name": "5",
					"parent": "mainmenu_illuminated",
					"pivot": [-1.2, 16.825, -4],
					"cubes": [
						{
							"origin": [-3, 13.45, -4.225],
							"size": [3.6, 6.75, 0.45],
							"uv": {
								"north": {"uv": [576, 1778], "uv_size": [144, 270]}
							}
						}
					]
				},
				{
					"name": "6",
					"parent": "mainmenu_illuminated",
					"pivot": [-1.2, 16.825, -4],
					"cubes": [
						{
							"origin": [-3, 13.45, -4.225],
							"size": [3.6, 6.75, 0.45],
							"uv": {
								"north": {"uv": [720, 1778], "uv_size": [144, 270]}
							}
						}
					]
				},
				{
					"name": "7",
					"parent": "mainmenu_illuminated",
					"pivot": [-1.2, 16.825, -4],
					"cubes": [
						{
							"origin": [-3, 13.45, -4.225],
							"size": [3.6, 6.75, 0.45],
							"uv": {
								"north": {"uv": [864, 1778], "uv_size": [144, 270]}
							}
						}
					]
				},
				{
					"name": "8",
					"parent": "mainmenu_illuminated",
					"pivot": [-1.2, 16.825, -4],
					"cubes": [
						{
							"origin": [-3, 13.45, -4.225],
							"size": [3.6, 6.75, 0.45],
							"uv": {
								"north": {"uv": [1008, 1778], "uv_size": [144, 270]}
							}
						}
					]
				},
				{
					"name": "9",
					"parent": "mainmenu_illuminated",
					"pivot": [-1.2, 16.825, -4],
					"cubes": [
						{
							"origin": [-3, 13.45, -4.225],
							"size": [3.6, 6.75, 0.45],
							"uv": {
								"north": {"uv": [1152, 1778], "uv_size": [144, 270]}
							}
						}
					]
				},
				{
					"name": "10",
					"parent": "mainmenu_illuminated",
					"pivot": [-1.2, 16.825, -4],
					"cubes": [
						{
							"origin": [-3, 13.45, -4.225],
							"size": [3.6, 6.75, 0.45],
							"uv": {
								"north": {"uv": [1296, 1778], "uv_size": [144, 270]}
							}
						}
					]
				},
				{
					"name": "call_illuminated",
					"parent": "handphone",
					"pivot": [-1.2, 16.825, -4]
				},
				{
					"name": "call_1",
					"parent": "call_illuminated",
					"pivot": [-1.2, 16.825, -4],
					"cubes": [
						{
							"origin": [-3, 13.45, -4.225],
							"size": [3.6, 6.75, 0.45],
							"uv": {
								"north": {"uv": [1904, 1644], "uv_size": [144, 270]}
							}
						}
					]
				},
				{
					"name": "call_2",
					"parent": "call_illuminated",
					"pivot": [-1.2, 16.825, -4],
					"cubes": [
						{
							"origin": [-3, 13.45, -4.225],
							"size": [3.6, 6.75, 0.45],
							"uv": {
								"north": {"uv": [1759, 1644], "uv_size": [144, 270]}
							}
						}
					]
				},
				{
					"name": "number",
					"parent": "call_2",
					"pivot": [-1.2, 16.825, -4],
					"cubes": [
						{
							"origin": [-1.5, 15.55, -4.25],
							"size": [0.125, 0.175, 0.45],
							"uv": {
								"north": {"uv": [1763, 1636], "uv_size": [4, 5]}
							}
						},
						{
							"origin": [-1.35, 15.55, -4.25],
							"size": [0.025, 0.175, 0.45],
							"uv": {
								"north": {"uv": [1804, 1636], "uv_size": [1, 5]}
							}
						}
					]
				},
				{
					"name": "A",
					"parent": "number",
					"pivot": [-2.95, 15.1375, -3.925]
				},
				{
					"name": "n0",
					"parent": "A",
					"pivot": [-2.95, 15.1375, -3.925],
					"cubes": [
						{
							"origin": [-1.3, 15.55, -4.15],
							"size": [0.125, 0.175, 0.45],
							"uv": {
								"north": {"uv": [1763, 1636], "uv_size": [4, 5]}
							}
						}
					]
				},
				{
					"name": "n1",
					"parent": "A",
					"pivot": [-2.95, 15.1375, -3.925],
					"cubes": [
						{
							"origin": [-1.3, 15.55, -4.15],
							"size": [0.1, 0.175, 0.45],
							"uv": {
								"north": {"uv": [1768, 1636], "uv_size": [3, 5]}
							}
						}
					]
				},
				{
					"name": "n2",
					"parent": "A",
					"pivot": [-2.95, 15.1375, -3.925],
					"cubes": [
						{
							"origin": [-1.3, 15.55, -4.15],
							"size": [0.1, 0.175, 0.45],
							"uv": {
								"north": {"uv": [1772, 1636], "uv_size": [3, 5]}
							}
						}
					]
				},
				{
					"name": "n3",
					"parent": "A",
					"pivot": [-2.95, 15.1375, -3.925],
					"cubes": [
						{
							"origin": [-1.3, 15.55, -4.15],
							"size": [0.1, 0.175, 0.45],
							"uv": {
								"north": {"uv": [1776, 1636], "uv_size": [3, 5]}
							}
						}
					]
				},
				{
					"name": "n4",
					"parent": "A",
					"pivot": [-2.95, 15.1375, -3.925],
					"cubes": [
						{
							"origin": [-1.3, 15.55, -4.15],
							"size": [0.1, 0.175, 0.45],
							"uv": {
								"north": {"uv": [1780, 1636], "uv_size": [3, 5]}
							}
						}
					]
				},
				{
					"name": "n5",
					"parent": "A",
					"pivot": [-2.95, 15.1375, -3.925],
					"cubes": [
						{
							"origin": [-1.3, 15.55, -4.15],
							"size": [0.1, 0.175, 0.45],
							"uv": {
								"north": {"uv": [1784, 1636], "uv_size": [3, 5]}
							}
						}
					]
				},
				{
					"name": "n6",
					"parent": "A",
					"pivot": [-2.95, 15.1375, -3.925],
					"cubes": [
						{
							"origin": [-1.3, 15.55, -4.15],
							"size": [0.1, 0.175, 0.45],
							"uv": {
								"north": {"uv": [1788, 1636], "uv_size": [3, 5]}
							}
						}
					]
				},
				{
					"name": "n7",
					"parent": "A",
					"pivot": [-2.95, 15.1375, -3.925],
					"cubes": [
						{
							"origin": [-1.3, 15.55, -4.15],
							"size": [0.1, 0.175, 0.45],
							"uv": {
								"north": {"uv": [1792, 1636], "uv_size": [3, 5]}
							}
						}
					]
				},
				{
					"name": "n8",
					"parent": "A",
					"pivot": [-2.95, 15.1375, -3.925],
					"cubes": [
						{
							"origin": [-1.3, 15.55, -4.15],
							"size": [0.1, 0.175, 0.45],
							"uv": {
								"north": {"uv": [1796, 1636], "uv_size": [3, 5]}
							}
						}
					]
				},
				{
					"name": "n9",
					"parent": "A",
					"pivot": [-2.95, 15.1375, -3.925],
					"cubes": [
						{
							"origin": [-1.3, 15.55, -4.15],
							"size": [0.1, 0.175, 0.45],
							"uv": {
								"north": {"uv": [1800, 1636], "uv_size": [3, 5]}
							}
						}
					]
				},
				{
					"name": "B",
					"parent": "number",
					"pivot": [-2.8, 15.1375, -3.925]
				},
				{
					"name": "n10",
					"parent": "B",
					"pivot": [-2.8, 15.1375, -3.925],
					"cubes": [
						{
							"origin": [-1.15, 15.55, -4.15],
							"size": [0.125, 0.175, 0.45],
							"uv": {
								"north": {"uv": [1763, 1636], "uv_size": [4, 5]}
							}
						}
					]
				},
				{
					"name": "n11",
					"parent": "B",
					"pivot": [-2.8, 15.1375, -3.925],
					"cubes": [
						{
							"origin": [-1.15, 15.55, -4.15],
							"size": [0.1, 0.175, 0.45],
							"uv": {
								"north": {"uv": [1768, 1636], "uv_size": [3, 5]}
							}
						}
					]
				},
				{
					"name": "n12",
					"parent": "B",
					"pivot": [-2.8, 15.1375, -3.925],
					"cubes": [
						{
							"origin": [-1.15, 15.55, -4.15],
							"size": [0.1, 0.175, 0.45],
							"uv": {
								"north": {"uv": [1772, 1636], "uv_size": [3, 5]}
							}
						}
					]
				},
				{
					"name": "n13",
					"parent": "B",
					"pivot": [-2.8, 15.1375, -3.925],
					"cubes": [
						{
							"origin": [-1.15, 15.55, -4.15],
							"size": [0.1, 0.175, 0.45],
							"uv": {
								"north": {"uv": [1776, 1636], "uv_size": [3, 5]}
							}
						}
					]
				},
				{
					"name": "n14",
					"parent": "B",
					"pivot": [-2.8, 15.1375, -3.925],
					"cubes": [
						{
							"origin": [-1.15, 15.55, -4.15],
							"size": [0.1, 0.175, 0.45],
							"uv": {
								"north": {"uv": [1780, 1636], "uv_size": [3, 5]}
							}
						}
					]
				},
				{
					"name": "n15",
					"parent": "B",
					"pivot": [-2.8, 15.1375, -3.925],
					"cubes": [
						{
							"origin": [-1.15, 15.55, -4.15],
							"size": [0.1, 0.175, 0.45],
							"uv": {
								"north": {"uv": [1784, 1636], "uv_size": [3, 5]}
							}
						}
					]
				},
				{
					"name": "n16",
					"parent": "B",
					"pivot": [-2.8, 15.1375, -3.925],
					"cubes": [
						{
							"origin": [-1.15, 15.55, -4.15],
							"size": [0.1, 0.175, 0.45],
							"uv": {
								"north": {"uv": [1788, 1636], "uv_size": [3, 5]}
							}
						}
					]
				},
				{
					"name": "n17",
					"parent": "B",
					"pivot": [-2.8, 15.1375, -3.925],
					"cubes": [
						{
							"origin": [-1.15, 15.55, -4.15],
							"size": [0.1, 0.175, 0.45],
							"uv": {
								"north": {"uv": [1792, 1636], "uv_size": [3, 5]}
							}
						}
					]
				},
				{
					"name": "n18",
					"parent": "B",
					"pivot": [-2.8, 15.1375, -3.925],
					"cubes": [
						{
							"origin": [-1.15, 15.55, -4.15],
							"size": [0.1, 0.175, 0.45],
							"uv": {
								"north": {"uv": [1796, 1636], "uv_size": [3, 5]}
							}
						}
					]
				},
				{
					"name": "n19",
					"parent": "B",
					"pivot": [-2.8, 15.1375, -3.925],
					"cubes": [
						{
							"origin": [-1.15, 15.55, -4.15],
							"size": [0.1, 0.175, 0.45],
							"uv": {
								"north": {"uv": [1800, 1636], "uv_size": [3, 5]}
							}
						}
					]
				},
				{
					"name": "call_3",
					"parent": "call_illuminated",
					"pivot": [-1.2, 16.825, -4],
					"cubes": [
						{
							"origin": [-3, 13.45, -4.225],
							"size": [3.6, 6.75, 0.45],
							"uv": {
								"north": {"uv": [1614, 1644], "uv_size": [144, 270]}
							}
						}
					]
				},
				{
					"name": "call_4",
					"parent": "call_illuminated",
					"pivot": [-1.2, 16.825, -4],
					"cubes": [
						{
							"origin": [-3, 13.45, -4.225],
							"size": [3.6, 6.75, 0.45],
							"uv": {
								"north": {"uv": [1296, 1778], "uv_size": [144, 270]}
							}
						}
					]
				},
				{
					"name": "main",
					"parent": "handphone",
					"pivot": [-0.525, 13.45, -3.42062],
					"cubes": [
						{
							"origin": [0.6, 12.55, -4.45],
							"size": [0.225, 8.55, 0.7875],
							"uv": {
								"north": {"uv": [46, 50], "uv_size": [1, 38]},
								"east": {"uv": [32, 30], "uv_size": [4, 38]},
								"south": {"uv": [47, 50], "uv_size": [1, 38]}
							}
						},
						{
							"origin": [-3.225, 12.55, -4.45],
							"size": [0.225, 8.55, 0.7875],
							"uv": {
								"north": {"uv": [48, 50], "uv_size": [1, 38]},
								"south": {"uv": [49, 50], "uv_size": [1, 38]},
								"west": {"uv": [36, 30], "uv_size": [4, 38]}
							}
						},
						{
							"origin": [-3, 12.55, -4.45],
							"size": [3.6, 0.9, 0.7875],
							"uv": {
								"north": {"uv": [46, 30], "uv_size": [16, 4]},
								"south": {"uv": [46, 34], "uv_size": [16, 4]},
								"up": {"uv": [46, 38], "uv_size": [16, 4]}
							}
						},
						{
							"origin": [-3, 20.2, -4.45],
							"size": [3.6, 0.9, 0.7875],
							"uv": {
								"north": {"uv": [46, 42], "uv_size": [16, 4]},
								"south": {"uv": [46, 46], "uv_size": [16, 4]},
								"down": {"uv": [48, 4], "uv_size": [16, -4]}
							}
						},
						{
							"origin": [-3, 13.425, -4.3375],
							"size": [3.6, 6.775, 0.675],
							"uv": {
								"north": {"uv": [0, 30], "uv_size": [16, 30]},
								"south": {"uv": [16, 30], "uv_size": [16, 30]}
							}
						},
						{
							"origin": [0.825, 12.55, -3.8875],
							"size": [0.25313, 8.55, 0.225],
							"pivot": [0.825, 16.825, -3.6625],
							"rotation": [0, 26.75, 0],
							"uv": {
								"north": {"uv": [50, 50], "uv_size": [1, 38]},
								"east": {"uv": [51, 50], "uv_size": [1, 38]},
								"south": {"uv": [95, 62], "uv_size": [1, 38]},
								"up": {"uv": [50, 26], "uv_size": [1, 1]},
								"down": {"uv": [51, 27], "uv_size": [1, -1]}
							}
						},
						{
							"origin": [-3.47812, 12.55, -3.8875],
							"size": [0.25312, 8.55, 0.225],
							"pivot": [-3.225, 16.825, -3.6625],
							"rotation": [0, -26.75, 0],
							"uv": {
								"north": {"uv": [52, 50], "uv_size": [1, 38]},
								"south": {"uv": [85, 48], "uv_size": [1, 38]},
								"west": {"uv": [53, 50], "uv_size": [1, 38]},
								"up": {"uv": [56, 29], "uv_size": [1, 1]},
								"down": {"uv": [57, 26], "uv_size": [1, -1]}
							}
						},
						{
							"origin": [-3.225, 21.1, -4.45],
							"size": [4.05, 0.225, 0.675],
							"uv": {
								"north": {"uv": [48, 10], "uv_size": [18, 1]},
								"south": {"uv": [48, 11], "uv_size": [18, 1]},
								"up": {"uv": [48, 4], "uv_size": [18, 3]}
							}
						},
						{
							"origin": [-3.225, 20.95745, -3.96298],
							"size": [4.05, 0.25312, 0.225],
							"pivot": [0.825, 21.18744, -4],
							"rotation": [26.75, 0, 0],
							"uv": {
								"north": {"uv": [48, 12], "uv_size": [18, 1]},
								"east": {"uv": [57, 26], "uv_size": [1, 1]},
								"south": {"uv": [48, 13], "uv_size": [18, 1]},
								"west": {"uv": [57, 29], "uv_size": [1, 1]},
								"up": {"uv": [48, 14], "uv_size": [18, 1]},
								"down": {"uv": [48, 16], "uv_size": [18, -1]}
							}
						},
						{
							"origin": [0.82113, 21.09613, -4.45387],
							"size": [0.32837, 0.23275, 0.68275],
							"inflate": -0.005,
							"pivot": [0.825, 21.325, -4],
							"rotation": [0, 0, 45],
							"uv": {
								"north": {"uv": [58, 25], "uv_size": [1, 1]},
								"south": {"uv": [58, 26], "uv_size": [1, 1]},
								"west": {"uv": [50, 29], "uv_size": [3, 1]},
								"up": {"uv": [55, 24], "uv_size": [1, 3]}
							}
						},
						{
							"origin": [-3.5495, 21.09613, -4.45387],
							"size": [0.32838, 0.23275, 0.68275],
							"inflate": -0.005,
							"pivot": [-3.225, 21.325, -4],
							"rotation": [0, 0, -45],
							"uv": {
								"north": {"uv": [58, 29], "uv_size": [1, 1]},
								"east": {"uv": [53, 29], "uv_size": [3, 1]},
								"south": {"uv": [59, 22], "uv_size": [1, 1]},
								"up": {"uv": [56, 24], "uv_size": [1, 3]}
							}
						},
						{
							"origin": [-3.5495, 12.32113, -4.45387],
							"size": [0.32838, 0.23275, 0.68275],
							"inflate": -0.005,
							"pivot": [-3.225, 12.325, -4],
							"rotation": [0, 0, 45],
							"uv": {
								"north": {"uv": [59, 23], "uv_size": [1, 1]},
								"east": {"uv": [56, 27], "uv_size": [3, 1]},
								"south": {"uv": [59, 24], "uv_size": [1, 1]},
								"down": {"uv": [57, 25], "uv_size": [1, -3]}
							}
						},
						{
							"origin": [-3.225, 12.325, -4.45],
							"size": [4.05, 0.225, 0.675],
							"uv": {
								"north": {"uv": [48, 16], "uv_size": [18, 1]},
								"south": {"uv": [48, 17], "uv_size": [18, 1]},
								"down": {"uv": [48, 10], "uv_size": [18, -3]}
							}
						},
						{
							"origin": [-3.225, 12.43943, -3.96298],
							"size": [4.05, 0.25312, 0.225],
							"pivot": [0.825, 12.46256, -4],
							"rotation": [-26.75, 0, 0],
							"uv": {
								"north": {"uv": [48, 18], "uv_size": [18, 1]},
								"east": {"uv": [59, 25], "uv_size": [1, 1]},
								"south": {"uv": [48, 19], "uv_size": [18, 1]},
								"west": {"uv": [59, 26], "uv_size": [1, 1]},
								"up": {"uv": [48, 20], "uv_size": [18, 1]},
								"down": {"uv": [48, 22], "uv_size": [18, -1]}
							}
						},
						{
							"origin": [0.82113, 12.32113, -4.45387],
							"size": [0.32837, 0.23275, 0.68275],
							"inflate": -0.005,
							"pivot": [0.825, 12.325, -4],
							"rotation": [0, 0, -45],
							"uv": {
								"north": {"uv": [59, 27], "uv_size": [1, 1]},
								"south": {"uv": [59, 28], "uv_size": [1, 1]},
								"west": {"uv": [56, 28], "uv_size": [3, 1]},
								"down": {"uv": [58, 25], "uv_size": [1, -3]}
							}
						},
						{
							"origin": [-1.65, 19.525, -3.775],
							"size": [0.9, 0.9, 0.225],
							"uv": {
								"east": {"uv": [48, 26], "uv_size": [1, 4]},
								"south": {"uv": [48, 22], "uv_size": [4, 4]},
								"west": {"uv": [49, 26], "uv_size": [1, 4]},
								"up": {"uv": [50, 27], "uv_size": [4, 1]},
								"down": {"uv": [50, 29], "uv_size": [4, -1]}
							}
						},
						{
							"origin": [-0.3, 19.75, -3.88187],
							"size": [0.45, 0.45, 0.225],
							"uv": {
								"south": {"uv": [54, 27], "uv_size": [2, 2]}
							}
						},
						{
							"origin": [0.825, 12.55, -4.45],
							"size": [0.225, 8.55, 0.675],
							"uv": {
								"north": {"uv": [54, 50], "uv_size": [1, 38]},
								"south": {"uv": [55, 50], "uv_size": [1, 38]},
								"west": {"uv": [40, 30], "uv_size": [3, 38]}
							}
						},
						{
							"origin": [-3.45, 12.55, -4.45],
							"size": [0.225, 8.55, 0.675],
							"uv": {
								"north": {"uv": [56, 50], "uv_size": [1, 38]},
								"east": {"uv": [43, 30], "uv_size": [3, 38]},
								"south": {"uv": [57, 50], "uv_size": [1, 38]}
							}
						},
						{
							"origin": [0.9375, 17.725, -4.225],
							"size": [0.225, 1.125, 0.225],
							"uv": {
								"north": {"uv": [52, 22], "uv_size": [1, 5]},
								"south": {"uv": [53, 22], "uv_size": [1, 5]},
								"west": {"uv": [54, 22], "uv_size": [1, 5]},
								"up": {"uv": [59, 29], "uv_size": [1, 1]},
								"down": {"uv": [59, 60], "uv_size": [1, -1]}
							}
						},
						{
							"origin": [-3.5625, 18.175, -4.225],
							"size": [0.225, 2.025, 0.225],
							"uv": {
								"north": {"uv": [58, 50], "uv_size": [1, 9]},
								"east": {"uv": [59, 50], "uv_size": [1, 9]},
								"south": {"uv": [58, 59], "uv_size": [1, 9]},
								"up": {"uv": [0, 60], "uv_size": [1, 1]},
								"down": {"uv": [1, 61], "uv_size": [1, -1]}
							}
						},
						{
							"origin": [-0.525, 20.3125, -4.45562],
							"size": [0.45, 0.45, 0.225],
							"uv": {
								"north": {"uv": [55, 22], "uv_size": [2, 2]}
							}
						},
						{
							"origin": [-3.45, 16.375, -3.88187],
							"size": [4.275, 2.475, 0.225],
							"uv": {
								"south": {"uv": [0, 0], "uv_size": [48, 30]}
							}
						},
						{
							"origin": [-3, 12.775, -4.46125],
							"size": [3.6, 0.675, 0],
							"uv": {
								"north": {"uv": [96, 0], "uv_size": [32, 6]}
							}
						},
						{
							"origin": [-3, 13.225, -3.64562],
							"size": [3.6, 1.125, 0],
							"uv": {
								"south": {"uv": [81, 11], "uv_size": [47, 15]}
							}
						}
					]
				},
				{
					"name": "positioning2",
					"parent": "handphone",
					"pivot": [0, 12.20625, -6.00062]
				},
				{
					"name": "shell",
					"parent": "positioning2",
					"pivot": [-1.37875, 0, 9999]
				},
				{
					"name": "stock_pos",
					"parent": "positioning2",
					"pivot": [0, 12.22313, -4.19594]
				},
				{
					"name": "grip_pos",
					"parent": "positioning2",
					"pivot": [-3.575, 19.42906, -4.22062]
				},
				{
					"name": "scope_pos",
					"parent": "positioning2",
					"pivot": [1.075, 15.72906, -4.10688]
				},
				{
					"name": "muzzle_pos",
					"parent": "positioning2",
					"pivot": [-1.225, 21.24125, -4.07562]
				},
				{
					"name": "muzzle_flash",
					"parent": "positioning2",
					"pivot": [-1.1, 9999, -9999],
					"rotation": [-90, 0, 0]
				},
				{
					"name": "constraint",
					"parent": "handphone",
					"pivot": [0.4, 16.85063, -4.04125]
				},
				{
					"name": "camera",
					"pivot": [4.75, 18.925, 9.1]
				},
				{
					"name": "view",
					"pivot": [0, 0, 0]
				},
				{
					"name": "idle_view",
					"parent": "view",
					"pivot": [4.75, 18.925, 9.1]
				},
				{
					"name": "iron_view",
					"parent": "view",
					"pivot": [0.75, 15.925, 5.1]
				},
				{
					"name": "refit_view",
					"parent": "view",
					"pivot": [22.325, 12.4, 0.325],
					"rotation": [0, 90, 0]
				},
				{
					"name": "refit_extended_mag_view",
					"parent": "view",
					"pivot": [11, 6.55, -1.925],
					"rotation": [0, 90, 0]
				},
				{
					"name": "refit_muzzle_view",
					"parent": "view",
					"pivot": [9.55, 14.55, -11.825],
					"rotation": [0, 90, 0]
				},
				{
					"name": "refit_stock_view",
					"parent": "view",
					"pivot": [12.025, 14.625, 10.4],
					"rotation": [0, 90, 0]
				},
				{
					"name": "refit_grip_view",
					"parent": "view",
					"pivot": [8.925, 11.975, -7.875],
					"rotation": [0, 90, 0]
				},
				{
					"name": "refit_scope_view",
					"parent": "view",
					"pivot": [8.1, 15.725, -7.85],
					"rotation": [0, 120, 0]
				},
				{
					"name": "positioning",
					"pivot": [0, 0, -8]
				},
				{
					"name": "thirdperson_hand",
					"parent": "positioning",
					"pivot": [0, 11.675, -3.925],
					"rotation": [0, -12.5, -20]
				},
				{
					"name": "ground",
					"parent": "positioning",
					"pivot": [0, 8, -8]
				},
				{
					"name": "fixed",
					"parent": "positioning",
					"pivot": [-1.05, 14, -7.625],
					"rotation": [0, 90, 0]
				}
			]
		}
	]
}