{
    "drakesincher": {
        "sounds": [
            {
                "name": "pointblank:drakesincher",
                "stream": false
            }
        ]
    },
    "umar": {
        "sounds": [
            {
                "name": "pointblank:umar",
                "stream": false
            }
        ]
    },
    "umar_silenced": {
        "sounds": [
            {
                "name": "pointblank:umar_silenced",
                "stream": false
            }
        ]
    },
    "grizzly": {
        "sounds": [
            {
                "name": "pointblank:grizzly",
                "stream": false
            }
        ]
    },
    "grizzly_silenced": {
        "sounds": [
            {
                "name": "pointblank:grizzly_silenced",
                "stream": false
            }
        ]
    },
    "oa93": {
        "sounds": [
            {
                "name": "pointblank:oa93",
                "stream": false
            }
        ]
    },
    "oa93_silenced": {
        "sounds": [
            {
                "name": "pointblank:oa93_silenced",
                "stream": false
            }
        ]
    },
    "python": {
        "sounds": [
            {
                "name": "pointblank:python",
                "stream": false
            }
        ]
    },
    "4bore": {
        "sounds": [
            {
                "name": "pointblank:4bore",
                "stream": false
            }
        ]
    },
    "fatmac": {
        "sounds": [
            {
                "name": "pointblank:fatmac",
                "stream": false
            }
        ]
    },
    "anaconda": {
        "sounds": [
            {
                "name": "pointblank:anaconda",
                "stream": false
            }
        ]
    }
}