{
  "materials": [
    {
      "item": {
        "tag": "forge:ingots/iron"
      },
      "count": 38
    },
    {
      "item": {
        "tag": "forge:ingots/gold"
      },
      "count": 6
    },
    {
      "item": {
        "item": "minecraft:quartz"
      },
      "count": 16
    },
    {
      "item": {
        "tag": "minecraft:logs"
      },
      "count": 4
    }
  ],
  "result": {
    "type": "gun",
    "id": "maxstuff:ak19",
    "attachments": {
      "stock": "maxstuff:stock_ak_ar"
    }
  },
  "type": "tacz:gun_smith_table_crafting"
}