{
  "materials": [
    {
      "item": {
        "tag": "forge:ingots/iron"
      },
      "count": 120
    },
    {
      "item": {
        "tag": "forge:ingots/gold"
      },
      "count": 16
    },
    {
      "item": {
        "item": "minecraft:quartz"
      },
      "count": 32
    },
    {
      "item": {
        "tag": "minecraft:logs"
      },
      "count": 16
    }
  ],
  "result": {
    "type": "gun",
    "id": "maxstuff:ak_alpha",
    "attachments": {
      "stock": "tacz:stock_militech_b5"
    }
  },
  "type": "tacz:gun_smith_table_crafting"
}