{
  "materials": [
    {
      "item": {
        "tag": "forge:ingots/iron"
      },
      "count": 36
    },
    {
      "item": {
        "tag": "forge:gems/lapis"
      },
      "count": 10
    },
    {
      "item": {
        "tag": "forge:ingots/gold"
      },
      "count": 22
    },
    {
      "item": {
        "tag": "forge:gems/diamond"
      },
      "count": 3
    },
    {
      "item": {
        "tag": "minecraft:logs"
      },
      "count": 8
    }
  ],
  "result": {
    "type": "gun",
    "id": "maxstuff:ar57"
  },
  "type": "tacz:gun_smith_table_crafting"
}