{
  "materials": [
    {
      "item": {
        "tag": "forge:ingots/iron"
      },
      "count": 120
    },
    {
      "item": {
        "tag": "forge:ingots/gold"
      },
      "count": 48
    },
    {
      "item": {
        "tag": "forge:ingots/netherite"
      },
      "count": 2
    },
    {
      "item": {
        "tag": "forge:gems/quartz"
      },
      "count": 16
    },
    {
      "item": {
        "tag": "forge:rods/blaze"
      },
      "count": 16
    },
    {
      "item": {
        "tag": "forge:gems/diamond"
      },
      "count": 6
    },
    {
      "item": {
        "tag": "minecraft:logs"
      },
      "count": 24
    }
  ],
  "result": {
    "type": "gun",
    "id": "maxstuff:aug_a5"
  },
  "type": "tacz:gun_smith_table_crafting"
}