{
  "materials": [
    {
      "item": {
        "tag": "forge:ingots/iron"
      },
      "count": 38
    },
    {
      "item": {
        "tag": "forge:gems/diamond"
      },
      "count": 6
    },
    {
      "item": {
        "tag": "minecraft:logs"
      },
      "count": 8
    },
    {
      "item": {
        "item": "minecraft:wither_skeleton_skull"
      },
      "count": 1
    }
  ],
  "result": {
    "type": "gun",
    "id": "maxstuff:beowulf_ecr"
  },
  "type": "tacz:gun_smith_table_crafting"
}