{
  "materials": [
    {
      "item": {
        "tag": "forge:gems/diamond"
      },
      "count": 12
    },
    {
      "item": {
        "item": "minecraft:gold_block"
      },
      "count": 3
    },
    {
      "item": {
        "tag": "forge:ingots/iron"
      },
      "count": 52
    },
    {
      "item": {
        "tag": "forge:rods/blaze"
      },
      "count": 2
    }
  ],
  "result": {
    "type": "gun",
    "id": "maxstuff:deagle_12g"
  },
  "type": "tacz:gun_smith_table_crafting"
}