{
  "materials": [
    {
      "item": {
        "type": "forge:partial_nbt",
        "item": "tacz:modern_kinetic_gun",
        "nbt": {
          "GunId": "maxstuff:m82a2"
        }
      }
    },
    {
      "item": {
        "item": "minecraft:netherite_ingot"
      },
      "count": 16
    },
    {
      "item": {
        "item": "minecraft:dragon_egg"
      }
    },
    {
      "item": {
        "item": "minecraft:dragon_breath"
      },
      "count": 32
    },
    {
      "item": {
        "item": "minecraft:amethyst_shard"
      },
      "count": 48
    },
    {
      "item": {
        "item": "minecraft:dragon_head"
      },
      "count": 2
    },
    {
      "item": {
        "tag": "forge:rods/blaze"
      },
      "count": 64
    }
  ],
  "result": {
    "type": "gun",
    "id": "maxstuff:excaliber"
  },
  "type": "tacz:gun_smith_table_crafting"
}