{
  "materials": [
    {
      "item": {
        "tag": "forge:ingots/iron"
      },
      "count": 32
    },
    {
      "item": {
        "item": "minecraft:quartz"
      },
      "count": 12
    },
    {
      "item": {
        "tag": "forge:ingots/netherite"
      },
      "count": 1
    },
    {
      "item": {
        "item": "minecraft:diamond"
      },
      "count": 6
    },
    {
      "item": {
        "tag": "forge:rods/blaze"
      },
      "count": 3
    }
  ],
  "result": {
    "type": "gun",
    "id": "maxstuff:glock_54",
    "attachments": {
      "scope": "maxstuff:glaser"
    }
  },
  "type": "tacz:gun_smith_table_crafting"
}