{
  "materials": [
    {
      "item": {
        "tag": "forge:gems/diamond"
      },
      "count": 17
    },
    {
      "item": {
        "tag": "forge:ingots/gold"
      },
      "count": 68
    },
    {
      "item": {
        "tag": "forge:ingots/netherite"
      },
      "count": 2
    },
    {
      "item": {
        "tag": "forge:ingots/iron"
      },
      "count": 280
    },
    {
      "item": {
        "tag": "forge:rods/blaze"
      },
      "count": 6
    }
  ],
  "result": {
    "type": "gun",
    "id": "maxstuff:gm6_lynx"
  },
  "type": "tacz:gun_smith_table_crafting"
}