{
  "materials": [
    {
      "item": {
        "tag": "forge:ingots/iron"
      },
      "count": 46
    },
    {
      "item": {
        "tag": "forge:ingots/gold"
      },
      "count": 6
    },
    {
      "item": {
        "tag": "forge:leather"
      },
      "count": 4
    },
    {
      "item": {
        "item": "minecraft:quartz"
      },
      "count": 3
    }
  ],
  "result": {
    "type": "gun",
    "id": "maxstuff:honey_badger",
    "attachments": {
      "muzzle": "tacz:muzzle_silencer_phantom_s1"
    }
  },
  "type": "tacz:gun_smith_table_crafting"
}