{
  "materials": [
    {
      "item": {
        "tag": "forge:ingots/iron"
      },
      "count": 64
    },
    {
      "item": {
        "tag": "forge:gems/lapis"
      },
      "count": 18
    },
    {
      "item": {
        "tag": "minecraft:logs"
      },
      "count": 12
    },
    {
      "item": {
        "item": "minecraft:dragon_breath"
      },
      "count": 2
    },
    {
      "item": {
        "tag": "forge:rods/blaze"
      },
      "count": 6
    }
  ],
  "result": {
    "type": "gun",
    "id": "maxstuff:m231"
  },
  "type": "tacz:gun_smith_table_crafting"
}