{
  "materials": [
    {
      "item": {
        "tag": "forge:gems/diamond"
      },
      "count": 18
    },
    {
      "item": {
        "tag": "forge:ingots/gold"
      },
      "count": 56
    },
    {
      "item": {
        "tag": "forge:ingots/netherite"
      },
      "count": 4
    },
    {
      "item": {
        "tag": "forge:ingots/iron"
      },
      "count": 340
    },
    {
      "item": {
        "tag": "forge:rods/blaze"
      },
      "count": 8
    }
  ],
  "result": {
    "type": "gun",
    "id": "maxstuff:m82a2"
  },
  "type": "tacz:gun_smith_table_crafting"
}