{
  "materials": [
    {
      "item": {
        "tag": "forge:ingots/iron"
      },
      "count": 48
    },
    {
      "item": {
        "tag": "forge:gems/lapis"
      },
      "count": 8
    },
    {
      "item": {
        "tag": "forge:ingots/gold"
      },
      "count": 6
    },
    {
      "item": {
        "tag": "minecraft:logs"
      },
      "count": 16
    }
  ],
  "result": {
    "type": "gun",
    "id": "maxstuff:quatro15",
    "attachments": {
      "stock": "tacz:stock_tactical_ar"
    }
  },
  "type": "tacz:gun_smith_table_crafting"
}