{
  "materials": [
    {
      "item": {
        "tag": "forge:ingots/iron"
      },
      "count": 48
    },
    {
      "item": {
        "tag": "forge:ingots/gold"
      },
      "count": 8
    },
    {
      "item": {
        "tag": "forge:gems/quartz"
      },
      "count": 8
    },
    {
      "item": {
        "tag": "minecraft:logs"
      },
      "count": 18
    }
  ],
  "result": {
    "type": "gun",
    "id": "maxstuff:rpk_74",
    "attachments": {
      "stock": "tacz:oem_stock_tactical"
    }
  },
  "type": "tacz:gun_smith_table_crafting"
}