{
  "materials": [
    {
      "item": {
        "tag": "forge:ingots/gold"
      },
      "count": 18
    },
    {
      "item": {
        "tag": "forge:ingots/iron"
      },
      "count": 76
    },
    {
      "item": {
        "tag": "forge:gems/lapis"
      },
      "count": 8
    },
    {
      "item": {
        "tag": "forge:gems/quartz"
      },
      "count": 12
    },
    {
      "item": {
        "tag": "forge:rods/blaze"
      }
    }
  ],
  "result": {
    "type": "gun",
    "id": "maxstuff:scar_hamr"
  },
  "type": "tacz:gun_smith_table_crafting"
}