{
  "materials": [
    {
      "item": {
        "tag": "forge:ingots/iron"
      },
      "count": 28
    },
    {
      "item": {
        "tag": "forge:gems/quartz"
      },
      "count": 18
    },
    {
      "item": {
        "tag": "forge:ingots/gold"
      },
      "count": 6
    },
    {
      "item": {
        "tag": "minecraft:logs"
      },
      "count": 8
    }
  ],
  "result": {
    "type": "gun",
    "id": "maxstuff:udp9"
  },
  "type": "tacz:gun_smith_table_crafting"
}