{
  "materials": [
    {
      "item": {
        "tag": "forge:ingots/iron"
      },
      "count": 24
    },
    {
      "item": {
        "tag": "forge:ingots/gold"
      },
      "count": 4
    },
    {
      "item": {
        "item": "minecraft:quartz"
      },
      "count": 16
    },
    {
      "item": {
        "tag": "forge:gems/lapis"
      },
      "count": 4
    }
  ],
  "result": {
    "type": "gun",
    "id": "maxstuff:vityas",
    "attachments": {
      "stock": "tacz:oem_stock_light"
    }
  },
  "type": "tacz:gun_smith_table_crafting"
}