{
  "ammo": "tacz:50ae",
  "rpm": 300,
  "script": "timeless_renew:xmag_reload_logic",
  "script_param": {
    "reload_feed": 1.2,
    "reload_cooldown": 1.64,
    "empty_feed": 1.5,
    "empty_cooldown": 2,
    "reload_xmag_1_feed": 1.28,
    "reload_xmag_1_cooldown": 1.65,
    "empty_xmag_1_feed": 2.03,
    "empty_xmag_1_cooldown": 2.23,
    "reload_xmag_2_feed": 1.45,
    "reload_xmag_2_cooldown": 1.65,
    "empty_xmag_2_feed": 2.03,
    "empty_xmag_2_cooldown": 2.23,
    "reload_xmag_3_feed": 1.53,
    "reload_xmag_3_cooldown": 1.65,
    "empty_xmag_3_feed": 2.03,
    "empty_xmag_3_cooldown": 2.23
  },
  "bullet": {
    "life": 1,
    "bullet_amount": 1,
    "damage": 15,
    "tracer_count_interval": 0,
    "extra_damage": {
      "armor_ignore": 0.25,
      "head_shot_multiplier": 1.5,
      "damage_adjust": [
        {"distance": 20, "damage": 16},
        {"distance": 50, "damage": 14},
        {"distance": "infinite", "damage": 9}
      ]
    },
    "speed": 160,
    "gravity": 0.15,
    "knockback": 0,
    "friction": 0.035,
    "ignite": false,
    "pierce": 1,
    "explosion": {
      "explode": false,
      "damage": 30,
      "radius": 0.75,
      "knockback": true,
      "delay": 1
    }
  },
  "ammo_amount": 8,
  "extended_mag_ammo_amount": [
    9,
    11,
    13
  ],
  "bolt": "closed_bolt",
  "reload": {
    "type": "magazine",
    "feed": {
      "empty": 1.96,
      "tactical": 1.16
    },
    "cooldown": {
      "empty": 2.48,
      "tactical": 1.98
    }
  },
  "draw_time": 0.63,
  "put_away_time": 0.28,
  "aim_time": 0.16,
  "sprint_time": 0.05,
  "fire_mode": [
    "semi"
  ],
  "allow_attachment_types": [
    "scope",
    "muzzle",
    "extended_mag",
    "laser"
  ],
  "recoil": {
    "pitch": [
      {"time": 0, "value": [1.2, 1.2]},
      {"time": 0.4, "value": [1.2, 1.2]},
      {"time": 0.65, "value": [-0.225, -0.225]},
      {"time": 0.85, "value": [0.125, 0.125]},
      {"time": 1.1, "value": [0, 0]},
      {"time": 1.2, "value": [0, 0]}
    ],
    "yaw": [
      {"time": 0, "value": [-0.35, 0.35]},
      {"time": 0.5, "value": [0, 0]}
    ]
  },
  "inaccuracy": {
    "stand": 3,
    "move": 4,
    "sneak": 2,
    "lie": 1.5,
    "aim": 0.1
  }
}