{
  "materials": [
    {
      "item": {
        "tag": "forge:ingots/gold"
      },
      "count": 45
    },
    {
      "item": {
        "tag": "forge:dusts/redstone"
      },
      "count": 90
    },
    {
      "item": {
        "tag": "forge:gems/diamond"
      },
      "count": 10
    },
    {
      "item": {
        "tag": "forge:rods/blaze"
      },
      "count": 10
    }
  ],
  "result": {
    "type": "ammo",
    "id": "cod:cod_heavies",
    "count": 10
  },
  "type": "tacz:gun_smith_table_crafting"
}