{
  "weight": 5.0,
  "movement_speed": {
    "base": 0.0,
    "aim": -0.15,
    "reload": -0.1
  },
  "ammo": "tacz:50ae",
  "rpm": 300,
  "bullet": {
    "life": 0.5,
    "bullet_amount": 1,
    "damage": 10.6,
    "tracer_count_interval": 0,
    "extra_damage": {
      "armor_ignore": 0.0,
      "head_shot_multiplier": 1.5,
      "damage_adjust": [
        {"distance": 20, "damage": 10.6},
        {"distance": 35, "damage": 9.2},
        {"distance": 55, "damage": 8},
        {"distance": "infinite", "damage": 7.0}
      ]
    },
    "speed": 200,
    "gravity": 0.15,
    "knockback": 0.1,
    "friction": 0.03,
    "ignite": false,
    "pierce": 1
  },
  "ammo_amount": 7,
  "extended_mag_ammo_amount": [
    9,
    12,
    15
  ],
  "bolt": "closed_bolt",
  "reload": {
    "type": "magazine",
    "feed": {
      "empty": 1.67,
      "tactical": 1.2
    },
    "cooldown": {
      "empty": 2,
      "tactical": 1.64
    }
  },
  "draw_time": 0.3,
  "put_away_time": 0.33,
  "aim_time": 0.1,
  "sprint_time": 0.2,
  "fire_mode": [
    "semi"
  ],
  "allow_attachment_types": [
    "scope",
    "muzzle",
    "extended_mag"
  ],
  "recoil": {
    "pitch": [
      {"time": 0, "value": [1.15, 1.15]},
      {"time": 0.4, "value": [1.15, 1.15]},
      {"time": 0.65, "value": [0.1, 0.1]},
      {"time": 0.85, "value": [0.225, 0.225]},
      {"time": 1.1, "value": [0, 0]},
      {"time": 1.2, "value": [0, 0]}
    ],
    "yaw": [
      {"time": 0, "value": [-0.25, 0.25]},
      {"time": 0.3, "value": [0, 0]}
    ]
  },
  "inaccuracy": {
    "stand": 0.2,
    "move": 0.8,
    "sneak": 0.2,
    "lie": 0.2,
    "aim": 0.05
  }
}