{
  "weight": 2.0,
  "movement_speed": {
    "base": 0.0,
    "aim": -0.05,
    "reload": -0.05
  },
  "ammo": "tacz:9mm",
  "rpm": 460,
  "bullet": {
    "life": 0.5,
    "bullet_amount": 1,
    "damage": 5.4,
    "tracer_count_interval": 0,
    "extra_damage": {
      "armor_ignore": 0.0,
      "head_shot_multiplier": 1.5,
      "damage_adjust": [
        {"distance": 10, "damage": 5.4},
        {"distance": 18, "damage": 4.8},
        {"distance": 25, "damage": 4.0},
        {"distance": "infinite", "damage": 3.0}
      ]
    },
    "speed": 100,
    "gravity": 0.0245,
    "knockback": 0,
    "friction": 0.012,
    "ignite": false,
    "pierce": 1
  },
  "ammo_amount": 17,
  "extended_mag_ammo_amount": [
    20,
    24,
    30
  ],
  "bolt": "closed_bolt",
  "reload": {
    "type": "magazine",
    "feed": {
      "empty": 1.63,
      "tactical": 1.05
    },
    "cooldown": {
      "empty": 1.88,
      "tactical": 1.5
    }
  },
  "draw_time": 0.3,
  "put_away_time": 0.35,
  "aim_time": 0.1,
  "sprint_time": 0.15,
  "fire_mode": [
    "semi",
    "burst"
  ],
  "burst_data": {
    "continuous_shoot": false,
    "count": 3,
    "bpm": 840,
    "min_interval": 0.6
  },
  "allow_attachment_types": [
    "scope",
    "muzzle",
    "extended_mag"
  ],
  "recoil": {
    "pitch": [
      {"time": 0, "value": [0.75, 0.75]},
      {"time": 0.15, "value": [0.75, 0.75]},
      {"time": 0.25, "value": [0.175, 0.175]},
      {"time": 0.4, "value": [0.155, 0.155]}
    ],
    "yaw": [
      {"time": 0, "value": [-0.2, 0.2]},
      {"time": 0.3, "value": [0, 0]}
    ]
  },
  "inaccuracy": {
    "stand": 0.25,
    "move": 0.4,
    "sneak": 0.25,
    "lie": 0.25,
    "aim": 0.1
  }
}