{
  "weight": 5.0,
  "movement_speed": {
    "base": 0.0,
    "aim": -0.1,
    "reload": -0.05
  },
  "ammo": "tacz:556x45",
  "ammo_amount": 30,
  "extended_mag_ammo_amount": [
    35,
    42,
    50
  ],
  "bolt": "closed_bolt",
  "rpm": 900,
  "bullet": {
    "life": 0.5,
    "bullet_amount": 1,
    "damage": 5.2,
    "tracer_count_interval": 0,
    "extra_damage": {
      "armor_ignore": 0.0,
      "head_shot_multiplier": 1.5,
      "damage_adjust": [
        {"distance": 25, "damage": 5.2},
        {"distance": 40, "damage": 4.6},
        {"distance": 70, "damage": 3.8},
        {"distance": "infinite", "damage": 3.5}
      ]
    },
    "speed": 300,
    "gravity": 0.045,
    "knockback": 0,
    "friction": 0.02,
    "ignite": false,
    "pierce": 1
  },
  "reload": {
    "type": "magazine",
    "feed": {
      "empty": 1.86,
      "tactical": 1.3
    },
    "cooldown": {
      "empty": 2.3,
      "tactical": 2
    }
  },
  "draw_time": 0.47,
  "put_away_time": 0.53,
  "aim_time": 0.15,
  "sprint_time": 0.2,
  "fire_mode": [
    "auto",
    "semi",
    "burst"
  ],
  "burst_data": {
    "continuous_shoot": false,
    "count": 3,
    "bpm": 1080,
    "min_interval": 0.3
  },
  "recoil": {
    "pitch": [
      {"time": 0, "value": [1.1, 1.1]},
      {"time": 0.15, "value": [1.1, 1.1]},
      {"time": 0.45, "value": [0.15, 0.15]},
      {"time": 0.7, "value": [0.25, 0.25]}
    ],
    "yaw": [
      {"time": 0, "value": [-0.4, 0.4]},
      {"time": 0.15, "value": [0, 0]},
      {"time": 0.45, "value": [-0.1, 0.1]}
    ]
  },
  "inaccuracy": {
    "stand": 0.3,
    "move": 0.75,
    "sneak": 0.165,
    "lie": 0.15,
    "aim": 0.075
  },
  "melee": {
    "distance": 0,
    "cooldown": 0.5
  },
  "allow_attachment_types": [
    "scope",
    "stock",
    "grip",
    "muzzle",
    "laser",
    "extended_mag"
  ],
  "exclusive_attachments": {
  }
}