{
  "weight": 7.0,
  "movement_speed": {
    "base": 0.0,
    "aim": -0.15,
    "reload": -0.1
  },
  "ammo": "tacz:556x45",
  "ammo_amount": 30,
  "extended_mag_ammo_amount": [
    36,
    45,
    60
  ],
  "bolt": "closed_bolt",
  "rpm": 600,
  "bullet": {
    "life": 0.4,
    "bullet_amount": 1,
    "damage": 6.5,
    "tracer_count_interval": 0,
    "extra_damage": {
      "armor_ignore": 0.0,
      "head_shot_multiplier": 1.5,
      "damage_adjust": [
        {"distance": 30, "damage": 6.5},
        {"distance": 55, "damage": 5.8},
        {"distance": 85, "damage": 5.0},
        {"distance": "infinite", "damage": 4.5}
      ]
    },
    "speed": 350,
    "gravity": 0.0245,
    "knockback": 0,
    "friction": 0.015,
    "ignite": false,
    "pierce": 1
  },
  "reload": {
    "type": "magazine",
    "feed": {
      "empty": 2.17,
      "tactical": 1.33
    },
    "cooldown": {
      "empty": 2.65,
      "tactical": 1.85
    }
  },
  "draw_time": 0.43,
  "put_away_time": 0.53,
  "aim_time": 0.15,
  "sprint_time": 0.25,
  "fire_mode": [
    "burst",
    "semi"
  ],
  "burst_data": {
    "continuous_shoot": true,
    "count": 3,
    "bpm": 840,
    "min_interval": 0.4
  },
  "recoil": {
    "pitch": [
      {"time": 0, "value": [0.7, 0.7]},
      {"time": 0.15, "value": [0.7, 0.7]},
      {"time": 0.4, "value": [0.1, 0.1]},
      {"time": 0.65, "value": [0.2, 0.2]}
    ],
    "yaw": [
      {"time": 0, "value": [-0.2, 0.2]},
      {"time": 0.15, "value": [0, 0]},
      {"time": 0.35, "value": [-0.05, 0.05]}
    ]
  },
  "inaccuracy": {
    "stand": 0.3,
    "move": 1.15,
    "sneak": 0.165,
    "lie": 0.15,
    "aim": 0.075
  },
  "melee": {
    "distance": 0,
    "cooldown": 0.5
  },
  "allow_attachment_types": [
    "muzzle",
    "extended_mag",
    "scope",
    "grip",
    "stock"
  ],
  "exclusive_attachments": {
  }
}