{
  "weight": 6.0,
  "movement_speed": {
    "base": 0.0,
    "aim": -0.1,
    "reload": -0.1
  },
  "ammo": "tacz:556x45",
  "ammo_amount": 30,
  "extended_mag_ammo_amount": [
    35,
    40,
    45
  ],
  "bolt": "closed_bolt",
  "rpm": 760,
  "bullet": {
    "life": 0.4,
    "bullet_amount": 1,
    "damage": 5.4,
    "tracer_count_interval": 0,
    "extra_damage": {
      "armor_ignore": 0.0,
      "head_shot_multiplier": 1.5,
      "damage_adjust": [
        {"distance": 30, "damage": 5.4},
        {"distance": 55, "damage": 4.9},
        {"distance": 85, "damage": 4.2},
        {"distance": "infinite", "damage": 3.5}
      ]
    },
    "speed": 300,
    "gravity": 0.0245,
    "knockback": 0,
    "friction": 0.01,
    "ignite": false,
    "pierce": 1
  },
  "reload": {
    "type": "magazine",
    "feed": {
      "empty": 1.87,
      "tactical": 1.40
    },
    "cooldown": {
      "empty": 2.2,
      "tactical": 1.87
    }
  },
  "draw_time": 0.3,
  "put_away_time": 0.43,
  "aim_time": 0.15,
  "sprint_time": 0.25,
  "fire_mode": [
    "auto",
    "semi"
  ],
  "burst_data": {
    "continuous_shoot": false,
    "count": 3,
    "bpm": 1200,
    "min_interval": 0.3
  },
  "recoil": {
    "pitch": [
      {"time": 0, "value": [0.9, 0.9]},
      {"time": 0.2, "value": [0.9, 0.9]},
      {"time": 0.4, "value": [0.125, 0.125]},
      {"time": 0.7, "value": [0.3, 0.3]}
    ],
    "yaw": [
      {"time": 0, "value": [-0.35, 0.35]},
      {"time": 0.15, "value": [0, 0]},
      {"time": 0.35, "value": [-0.1, 0.1]}
    ]
  },
  "inaccuracy": {
    "stand": 0.3,
    "move": 1.15,
    "sneak": 0.165,
    "lie": 0.15,
    "aim": 0.075
  },
  "melee": {
    "distance": 0,
    "cooldown": 0.5
  },
  "allow_attachment_types": [
    "scope",
    "stock",
    "grip",
    "muzzle",
    "extended_mag"
  ],
  "exclusive_attachments": {
  }
}