{
  "weight": 9.0,
  "movement_speed": {
    "base": 0.0,
    "aim": -0.15,
    "reload": -0.1
  },
  "ammo": "tacz:68x51fury",
  "ammo_amount": 20,
  "extended_mag_ammo_amount": [
    25,
    30,
    40
  ],
  "bolt": "closed_bolt",
  "rpm": 670,
  "bullet": {
    "life": 0.8,
    "bullet_amount": 1,
    "damage": 8.4,
    "tracer_count_interval": 0,
    "extra_damage": {
      "armor_ignore": 0,
      "head_shot_multiplier": 1.5,
      "damage_adjust": [
        {"distance": 40, "damage": 8.4},
        {"distance": 70, "damage": 8.1},
        {"distance": 100, "damage": 7.5},
        {"distance": "infinite", "damage": 7.0}
      ]
    },
    "speed": 350,
    "gravity": 0.15,
    "knockback": 0.0,
    "friction": 0.0125,
    "ignite": false,
    "pierce": 1
  },
  "reload": {
    "type": "magazine",
    "feed": {
      "empty": 1.53,
      "tactical": 1.3
    },
    "cooldown": {
      "empty": 2.6,
      "tactical": 2.3667
    }
  },
  "draw_time": 0.7843,
  "put_away_time": 0.5333,
  "aim_time": 0.15,
  "sprint_time": 0.25,
  "fire_mode": [
    "semi",
    "auto"
  ],
  "recoil": {
    "pitch": [
      {"time": 0, "value": [1.0, 1.0]},
      {"time": 0.25, "value": [1.0, 1.0]},
      {"time": 0.45, "value": [0.2, 0.2]},
      {"time": 0.6, "value": [0.5, 0.5]},
      {"time": 0.7, "value": [0.5, 0.5]}
    ],
    "yaw": [
      {"time": 0, "value": [-0.3, 0.3]},
      {"time": 0.25, "value": [0, 0]},
      {"time": 0.45, "value": [-0.15, 0.15]}
    ]
  },
  "inaccuracy": {
    "stand": 0.3,
    "move": 1.15,
    "sneak": 0.165,
    "lie": 0.15,
    "aim": 0.075
  },
  "allow_attachment_types": [
    "scope",
    "grip",
    "muzzle",
    "stock",
    "laser",
    "extended_mag"
  ]
}