{
  "ammo": "tacz:57x28",
  "rpm": 820,
  "bullet": {
    "life": 0.4,
    "bullet_amount": 1,
    "damage": 6.2,
    "tracer_count_interval": 0,
    "extra_damage": {
      "armor_ignore": 0.0,
      "head_shot_multiplier": 1.5,
      "damage_adjust": [
        {"distance": 20, "damage": 6.2},
        {"distance": 35, "damage": 5.4},
        {"distance": 55, "damage": 4.4},
        {"distance": "infinite", "damage": 3.6}
      ]
    },
    "speed": 200,
    "gravity": 0.15,
    "knockback": 0,
    "friction": 0.02,
    "ignite": false,
    "pierce": 1
  },
  "ammo_amount": 50,
  "extended_mag_ammo_amount": [
    35,
    45,
    50
  ],
  "bolt": "closed_bolt",
  "reload": {
    "type": "magazine",
    "feed": {
      "empty": 2.45,
      "tactical": 2.01
    },
    "cooldown": {
      "empty": 3.04,
      "tactical": 2.71
    }
  },
  "draw_time": 0.75,
  "put_away_time": 0.38,
  "sprint_time": 0.15,
  "aim_time": 0.1,
  "weight": 2.5,
  "movement_speed": {
    "base": 0.0,
    "aim": -0.2,
    "reload": 0
  },
  "crawl_recoil_multiplier": 0.5,
  "fire_mode": [
    "auto",
    "semi"
  ],
  "burst_data": {
    "continuous_shoot": false,
    "count": 2,
    "bpm": 900,
    "min_interval": 0.3
  },
  "allow_attachment_types": [
    "scope",
    "laser",
    "muzzle"
  ],
  "recoil": {
    "pitch": [
      {"time": 0, "value": [0.15, 0.15]},
      {"time": 0.05, "value": [0.15, 0.15]},
      {"time": 0.15, "value": [-0.2, -0.2]},
      {"time": 0.3, "value": [0, 0]}
    ],
    "yaw": [
      {"time": 0, "value": [-0.65, 0.5]},
      {"time": 0.12, "value": [-0.65, 0.5]},
      {"time": 0.3, "value": [0, 0]}
    ]
  },
  "inaccuracy": {
    "stand": 0.2,
    "move": 0.3,
    "sneak": 0.15,
    "lie": 0.15,
    "aim": 0.1
  },
  // 近战相关
  "melee": {
    // 枪械距离参数，用来延升近战攻击范围
    // 会与刺刀等配件的距离做加和
    "distance": 1,
    // 使用时的冷却时间
    // 会与刺刀等配件的冷却时间做加和
    "cooldown": 0.6
  },
  "builtin_attachments": {
    "scope": "tacz:sight_p90"
  }
}