{
  "weight": 3.0,
  "movement_speed": {
    "base": 0.0,
    "aim": -0.025,
    "reload": -0.05
  },
  "ammo": "tacz:9mm",
  "ammo_amount": 32,
  "bolt": "open_bolt",
  "rpm": 670,
  "bullet": {
    // 寿命，单位秒
    "life": 0.6,
    // 用于霰弹，默认为 1，每发的伤害 / bullet_amount，每次射击扣除一发子弹
    "bullet_amount": 1,
    // 伤害
    "damage": 6.4,
    // 曳光弹间隔数量，没有此字段则不发射曳光弹
    // 设置为 0 则是每发都是曳光弹
    "tracer_count_interval": 0,
    // 额外伤害的内容，为空则表示没有任何额外伤害计算内容
    "extra_damage": {
      // 护甲穿透率，默认为 0，也就是没有穿甲伤害
      "armor_ignore": 0.0,
      // 爆头伤害 x1.5
      "head_shot_multiplier": 1.5,
      // 距离-伤害分段常函数
      "damage_adjust": [
        {"distance": 18, "damage": 6.4},
        {"distance": 32, "damage": 5.6},
        {"distance": 50, "damage": 4.5},
        {"distance": "infinite", "damage": 3.5}
      ]
    },
    // 速度 m/s
    "speed": 120,
    // 重力
    "gravity": 0.0245,
    // 击退效果
    "knockback": 0,
    // 阻力
    "friction": 0.01,
    // 点燃目标
    "ignite": false,
    // 穿透数
    "pierce": 1
    // 是否爆炸，没有此字段时为 false
    //"explosion": {
    //  "radius": 5
    //}
  },
  "reload": {
    "type": "magazine",
    "feed": {
      "empty": 3,
      "tactical": 2
    },
    "cooldown": {
      "empty": 3.5,
      "tactical": 2.75
    }
  },
  "draw_time": 0.3,
  "put_away_time": 0.3,
  "sprint_time": 0.15,
  "aim_time": 0.1,
  "fire_mode": [
    "auto",
    "semi"
  ],
  "recoil": {
    "pitch": [
      {"time": 0, "value": [0.5, 0.5]},
      {"time": 0.26, "value": [0.5, 0.5]},
      {"time": 0.55, "value": [0.065, 0.065]},
      {"time": 0.8, "value": [0.1, 0.1]}
    ],
    "yaw": [
      {"time": 0, "value": [-0.15, 0.15]},
      {"time": 0.3, "value": [0, 0]},
      {"time": 0.5, "value": [-0.1, 0.1]}
    ]
  },
  "inaccuracy": {
    "stand": 0.25,
    "move": 0.4,
    "sneak": 0.2,
    "lie": 0.15,
    "aim": 0.15
  },
  // 开放的配件槽。未指定的槽位默认关闭。全部配件槽类型有:
  // scope, stock, muzzle, grip, laser, extended_mag
  "allow_attachment_types": [
    "scope",
    "stock",
    "muzzle",
    "laser"
  ]
}