{
  "ammo": "tacz:58x42",
  "ammo_amount": 30,
  "extended_mag_ammo_amount": [
    35,
    40,
    60
  ],
  "bolt": "closed_bolt",
  "rpm": 670,
  "bullet": {
    "life": 0.4,
    "bullet_amount": 1,
    "damage": 5.6,
    "tracer_count_interval": 0,
    "extra_damage": {
      "armor_ignore": 0.0,
      "head_shot_multiplier": 1.5,
      "damage_adjust": [
        {"distance": 30, "damage": 5.6},
        {"distance": 55, "damage": 5.2},
        {"distance": 85, "damage": 4.8},
        {"distance": "infinite", "damage": 4.5}
      ]
    },
    "speed": 300,
    "gravity": 0.15,
    "knockback": 0,
    "friction": 0.02,
    "ignite": false,
    "pierce": 1
  },
  "reload": {
    "type": "magazine",
    "feed": {
      "empty": 2.22,
      "tactical": 1.30
    },
    "cooldown": {
      "empty": 2.90,
      "tactical": 2.43
    }
  },
  "draw_time": 0.77,
  "put_away_time": 0.7,
  "aim_time": 0.15,
  "sprint_time": 0.18,
  "weight": 3.5,
  "movement_speed": {
    "base": 0.0,
    "aim": -0.2,
    "reload": -0.1
  },
  "crawl_recoil_multiplier": 0.5,
  "fire_mode": [
    "auto",
    "semi",
    "burst"
  ],
  "burst_data": {
    "continuous_shoot": true,
    "count": 3,
    "bpm": 850,
    "min_interval": 0.3
  },
  "recoil": {
    "pitch": [
      {"time": 0, "value": [0.35, 0.35]},
      {"time": 0.25, "value": [-0.125, -0.125]},
      {"time": 0.33, "value": [0, 0]}
    ],
    "yaw": [
      {"time": 0, "value": [-0.25, 0.25]},
      {"time": 0.33, "value": [0, 0]}
    ]
  },
  "inaccuracy": {
    "stand": 0.35,
    "move": 1.75,
    "sneak": 0.3,
    "lie": 0.3,
    "aim": 0.05
  },
  // 近战相关
  "melee": {
    // 枪械距离参数，用来延升近战攻击范围
    // 会与刺刀等配件的距离做加和
    "distance": 1,
    // 使用时的冷却时间
    "cooldown": 0.6
  },
  "allow_attachment_types": [
    "muzzle",
    "extended_mag",
    "scope",
    "laser",
    "grip"
  ],
  "exclusive_attachments": {
  }
}