{
  "weight": 2.5,
  "movement_speed": {
    "base": 0.0,
    "aim": -0.025,
    "reload": -0.1
  },
  "ammo": "tacz:45acp",
  "rpm": 980,
  "bullet": {
    "life": 0.35,
    "bullet_amount": 1,
    "damage": 6.4,
    "tracer_count_interval": 0,
    "extra_damage": {
      "armor_ignore": 0,
      "head_shot_multiplier": 1.5,
      "damage_adjust": [
        {"distance": 15, "damage": 6.4},
        {"distance": 30, "damage": 5.2},
        {"distance": 45, "damage": 4.0},
        {"distance": "infinite", "damage": 3.0}
      ]
    },
    "speed": 160,
    "gravity": 0.0245,
    "knockback": 0,
    "friction": 0.012,
    "ignite": false,
    "pierce": 1
  },
  "ammo_amount": 17,
  "extended_mag_ammo_amount": [
    25,
    30,
    40
  ],
  "bolt": "closed_bolt",
  "reload": {
    "type": "magazine",
    "feed": {
      "empty": 2.03,
      "tactical": 1.67
    },
    "cooldown": {
      "empty": 2.47,
      "tactical": 2.2
    }
  },
  "draw_time": 0.3,
  "put_away_time": 0.3,
  "sprint_time": 0.15,
  "aim_time": 0.1,
  "fire_mode": [
    "auto",
    "burst",
    "semi"
  ],
  "burst_data": {
    "continuous_shoot": false,
    "count": 2,
    "bpm": 1200,
    "min_interval": 0.15
  },
  "allow_attachment_types": [
    "scope",
    "stock",
    "grip",
    "muzzle",
    "extended_mag"
  ],
  "recoil": {
    "pitch": [
      {"time": 0, "value": [0.85, 0.85]},
      {"time": 0.24, "value": [0.85, 0.85]},
      {"time": 0.38, "value": [0.2, 0.2]},
      {"time": 0.5, "value": [0.35, 0.35]}
    ],
    "yaw": [
      {"time": 0, "value": [-0.2, 0.35]},
      {"time": 0.3, "value": [0, 0]},
      {"time": 0.45, "value": [-0.1, 0.1]}
    ]
  },
  "inaccuracy": {
    "stand": 0.35,
    "move": 0.75,
    "sneak": 0.15,
    "lie": 0.15,
    "aim": 0.085
  }
}