{
  "model": "tacz:ammo/762x39",
  "texture": "tacz:ammo/uv/762x39",
  "slot": "lradd:ammo/slot/545x39",
  "shell": {
    "model": "tacz:shell/762x39_shell",
    "texture": "tacz:shell/762x39_shell"
  },
  "tracer_color": "#FF9999",
  "transform": {
    "scale": {
      "thirdperson": [
        0.75,
        0.75,
        0.75
      ],
      "ground": [
        0.75,
        0.75,
        0.75
      ],
      "fixed": [
        1.5,
        1.5,
        1.5
      ]
    }
  }
}