{
  "materials": [
    {
      "item": {
        "tag": "forge:ingots/iron"
      },
      "count": 24
    },
    {
      "item": {
        "tag": "forge:ingots/gold"
      },
      "count": 16
    },
    {
      "item": {
        "tag": "forge:rods/blaze"
      },
      "count": 8
    },
    {
      "item": {
        "tag": "forge:gems/diamond"
      },
      "count": 2
    }
  ],
  "result": {
    "type": "attachment",
    "id": "maxstuff:speed_mag"
  },
  "type": "tacz:gun_smith_table_crafting"
}