{
  "materials": [
    {
      "item": {
        "tag": "forge:ingots/iron"
      },
      "count": 32
    },
    {
      "item": {
        "tag": "forge:leather"
      },
      "count": 8
    },
    {
      "item": {
        "tag": "forge:gems/diamond"
      },
      "count": 1
    },
    {
      "item": {
        "tag": "forge:ingots/gold"
      },
      "count": 12
    },
    {
      "item": {
        "tag": "forge:dusts/redstone"
      },
      "count": 6
    }
  ],
  "result": {
    "type": "attachment",
    "id": "maxstuff:supressed_brake"
  },
  "type": "tacz:gun_smith_table_crafting"
}