{
	"format_version": "1.8.0",
	"animations": {
		"static_idle": {
			"animation_length": 0.04,
			"bones": {
				"stock": {
					"position": [0, 0, 0]
				},
				"root": {
					"rotation": [0, 0, 0],
					"position": [0, 0, 0]
				},
				"lefthand": {
					"rotation": [117.07432, -36.96741, -177.63729],
					"position": [-0.83, -18.62, -16.02],
					"scale": [1, 1.5, 1]
				},
				"righthand": {
					"rotation": [101.07, 8.95, -179.05],
					"position": [-6.75, -10.3, 2.55],
					"scale": [1, 1.5, 1]
				},
				"constraint": {
					"rotation": [0.25, 0.25, 0.25],
					"position": [0.25, 0.25, 0.25]
				}
			}
		},
		"reload_empty": {
			"animation_length": 3.04,
			"bones": {
				"stock": {
					"position": [0, 0, 0]
				},
				"root": {
					"rotation": {
						"0.0": [0, 0, 0],
						"0.08": {
							"pre": [-0.35966, -0.0157, -0.38995],
							"post": [-0.35966, -0.0157, -0.38995],
							"lerp_mode": "catmullrom"
						},
						"0.16": {
							"post": [0, 0, 7.25],
							"lerp_mode": "catmullrom"
						},
						"0.2": {
							"post": [4.74, 1.98, -1.82],
							"lerp_mode": "catmullrom"
						},
						"0.48": {
							"post": [5, 0, -3],
							"lerp_mode": "catmullrom"
						},
						"0.76": {
							"post": [-30.4101, -31.71763, -33.67388],
							"lerp_mode": "catmullrom"
						},
						"0.92": {
							"post": [-35.24793, -30.90673, -30.68313],
							"lerp_mode": "catmullrom"
						},
						"1.08": {
							"post": [-30.4101, -31.71763, -33.67388],
							"lerp_mode": "catmullrom"
						},
						"1.36": {
							"post": [-13.45602, -3.87475, 26.31298],
							"lerp_mode": "catmullrom"
						},
						"1.56": {
							"post": [-13.4788, -2.60469, 20.86958],
							"lerp_mode": "catmullrom"
						},
						"1.68": {
							"post": [-12.9363, -7.4253, 29.62716],
							"lerp_mode": "catmullrom"
						},
						"1.8": {
							"post": [-13.53602, -1.81032, 16.5173],
							"lerp_mode": "catmullrom"
						},
						"1.88": {
							"post": [-13.80717, 1.55305, 21.8345],
							"lerp_mode": "catmullrom"
						},
						"2.08": {
							"post": [-12.90525, -11.66254, -4.86198],
							"lerp_mode": "catmullrom"
						},
						"2.24": [-13.48555, -5.08403, -2.14138],
						"2.28": {
							"pre": [-12.56494, -12.30358, -9.70502],
							"post": [-12.56494, -12.30358, -9.70502],
							"lerp_mode": "catmullrom"
						},
						"2.4": {
							"post": [-11.56, -5.27, -0.46],
							"lerp_mode": "catmullrom"
						},
						"2.52": {
							"post": [-6.22423, -4.24254, 4.71574],
							"lerp_mode": "catmullrom"
						},
						"2.64": {
							"post": [2.24786, 0.09812, -3.62308],
							"lerp_mode": "catmullrom"
						},
						"2.76": {
							"post": [0, 0, -0.125],
							"lerp_mode": "catmullrom"
						},
						"2.88": [0, 0, 0]
					},
					"position": {
						"0.0": [0, 0, 0],
						"0.12": {
							"pre": [0, -0.5, 0],
							"post": [0, -0.5, 0],
							"lerp_mode": "catmullrom"
						},
						"0.32": {
							"post": [0, -0.5, 0],
							"lerp_mode": "catmullrom"
						},
						"0.48": {
							"post": [0, -3.25, -2.25],
							"lerp_mode": "catmullrom"
						},
						"0.72": {
							"post": [0, 2.5, -2.25],
							"lerp_mode": "catmullrom"
						},
						"0.84": {
							"post": [0, -1.66, -1.51],
							"lerp_mode": "catmullrom"
						},
						"1.04": {
							"post": [0, 0, -1],
							"lerp_mode": "catmullrom"
						},
						"1.16": {
							"post": [0, -1.75, -0.5],
							"lerp_mode": "catmullrom"
						},
						"1.36": {
							"post": [-0.75, -1.75, -2.25],
							"lerp_mode": "catmullrom"
						},
						"1.6": {
							"post": [-0.5, 0.4375, -2],
							"lerp_mode": "catmullrom"
						},
						"1.68": {
							"post": [-0.75, 0.71, -0.98],
							"lerp_mode": "catmullrom"
						},
						"1.8": {
							"post": [-0.5, 0.5, -2.25],
							"lerp_mode": "catmullrom"
						},
						"1.92": {
							"post": [-0.5, -1.25, -2],
							"lerp_mode": "catmullrom"
						},
						"2.08": {
							"post": [-0.46, 0.42, -1.99],
							"lerp_mode": "catmullrom"
						},
						"2.24": {
							"post": [-0.5, 0.5, -2],
							"lerp_mode": "catmullrom"
						},
						"2.28": {
							"post": [-1, 0.5, -2],
							"lerp_mode": "catmullrom"
						},
						"2.4": {
							"post": [0.02, -1.97, -1.11],
							"lerp_mode": "catmullrom"
						},
						"2.6": {
							"post": [0.02, -2.22, -1.86],
							"lerp_mode": "catmullrom"
						},
						"2.72": {
							"post": [0, 0.38, -1.76],
							"lerp_mode": "catmullrom"
						},
						"2.88": {
							"post": [0, -0.135, -0.05],
							"lerp_mode": "catmullrom"
						},
						"3.04": [0, 0, 0]
					}
				},
				"lefthand": {
					"rotation": {
						"0.0": [117.07432, -36.96741, -177.63729],
						"0.56": [117.07, -36.97, -177.64],
						"0.68": {
							"pre": [114.88435, -30.22467, -173.69809],
							"post": [114.88435, -30.22467, -173.69809],
							"lerp_mode": "catmullrom"
						},
						"1.44": {
							"post": [117.07, -36.97, -177.64],
							"lerp_mode": "catmullrom"
						},
						"1.6": {
							"post": [117.32, -36.97, -177.64],
							"lerp_mode": "catmullrom"
						},
						"1.64": {
							"post": [132.74522, -57.59693, -198.52341],
							"lerp_mode": "catmullrom"
						},
						"1.76": {
							"post": [117.07, -36.97, -177.64],
							"lerp_mode": "catmullrom"
						},
						"1.92": {
							"post": [138.2732, -21.89273, -251.38705],
							"lerp_mode": "catmullrom"
						},
						"2.12": {
							"post": [149.32, -36.97, -177.64],
							"lerp_mode": "catmullrom"
						},
						"2.24": {
							"post": [158.40171, -51.95178, -190.46851],
							"lerp_mode": "catmullrom"
						},
						"2.32": {
							"post": [145.45791, -22.46439, -169.86995],
							"lerp_mode": "catmullrom"
						},
						"2.52": {
							"post": [114.88435, -30.22467, -173.69809],
							"lerp_mode": "catmullrom"
						},
						"2.64": [117.07432, -36.96741, -177.63729]
					},
					"position": {
						"0.0": [-0.83, -18.62, -16.02],
						"0.56": [4.17, -18.62, -18.02],
						"0.68": {
							"pre": [5.17, -23.62, -22.77],
							"post": [5.17, -23.62, -22.77],
							"lerp_mode": "catmullrom"
						},
						"0.84": [4.17, -17.62, -15.77],
						"1.28": [7.17, -17.62, -10.77],
						"1.36": [1.54, -16.12, -13.27],
						"1.44": [3.92, -16.62, -11.77],
						"1.48": [2.92, -16.62, -15.77],
						"1.56": [2.59, -16.62, -15.1],
						"1.6": [2.92, -16.62, -14.77],
						"1.64": {
							"pre": [-2.08, -16.62, -12.52],
							"post": [-2.08, -16.62, -12.52],
							"lerp_mode": "catmullrom"
						},
						"1.76": {
							"post": [2.67, -20.62, -22.52],
							"lerp_mode": "catmullrom"
						},
						"1.92": {
							"post": [6.76, -18.91, -19.9],
							"lerp_mode": "catmullrom"
						},
						"2.12": [4.4825, -9.62, -20.52],
						"2.24": {
							"pre": [0.4825, -9.62, -17.52],
							"post": [0.4825, -9.62, -17.52],
							"lerp_mode": "catmullrom"
						},
						"2.32": [5.48, -10.1825, -20.52],
						"2.4": [6.48, -13.1825, -21.52],
						"2.52": {
							"pre": [5.67, -16.87, -18.52],
							"post": [5.67, -16.87, -18.52],
							"lerp_mode": "catmullrom"
						},
						"2.64": [-0.83, -18.62, -16.02]
					},
					"scale": {
						"0.0": [1, 1.5, 1],
						"2.64": [1, 1.5, 1]
					}
				},
				"righthand": {
					"rotation": {
						"0.0": [101.07, 8.95, -179.05],
						"0.08": {
							"pre": [102.72096, 6.36331, -166.70902],
							"post": [102.72096, 6.36331, -166.70902],
							"lerp_mode": "catmullrom"
						},
						"0.16": {
							"post": [100.25489, 9.8757, -184.03072],
							"lerp_mode": "catmullrom"
						},
						"0.24": [101.07, 8.95, -179.05],
						"0.76": [101.07, 8.95, -179.05]
					},
					"position": {
						"0.0": [-6.75, -10.3, 2.55],
						"0.12": {
							"pre": [-6.75, -10.3, 2.55],
							"post": [-6.75, -10.3, 2.55],
							"lerp_mode": "catmullrom"
						},
						"0.16": {
							"post": [-6.75, -10.3, 2.55],
							"lerp_mode": "catmullrom"
						},
						"0.24": [-6.75, -10.3, 2.55],
						"0.52": [-6.75, -10.3, 2.55],
						"0.68": {
							"pre": [-6.75, -10.3, 0.55],
							"post": [-6.75, -10.3, 0.55],
							"lerp_mode": "catmullrom"
						},
						"0.76": [-6.75, -10.3, 2.55]
					},
					"scale": {
						"0.0": [1, 1.5, 1],
						"0.76": [1, 1.5, 1]
					}
				},
				"chamber": {
					"rotation": {
						"0.0": [0, 0, 0],
						"0.12": [0, 0, 0],
						"0.2": [0, 12.5, 0],
						"0.24": [0, 15, 0],
						"0.72": [0, 15, 0],
						"0.84": {
							"pre": [0, 13.5, 0],
							"post": [0, 13.5, 0],
							"lerp_mode": "catmullrom"
						},
						"1.0": {
							"post": [0, 15.9, 0],
							"lerp_mode": "catmullrom"
						},
						"1.08": {
							"post": [0, 13.79, 0],
							"lerp_mode": "catmullrom"
						},
						"1.24": {
							"post": [0, 15.54, 0],
							"lerp_mode": "catmullrom"
						},
						"1.4": [0, 15, 0],
						"1.56": [0, 15, 0],
						"1.68": {
							"pre": [0, 16.25, 0],
							"post": [0, 16.25, 0],
							"lerp_mode": "catmullrom"
						},
						"1.84": {
							"post": [0, 14, 0],
							"lerp_mode": "catmullrom"
						},
						"2.08": [0, 15.3, 0],
						"2.24": [0, 15, 0],
						"2.32": [0, 0, 0]
					}
				},
				"round": {
					"rotation": [360, 0, 360],
					"position": {
						"0.8": [0, 0, 0],
						"1.0": [0, 0, 7],
						"1.44": [0, 0, 7],
						"1.48": [0, 0, 4.2],
						"1.6": [0, 0, 4.2],
						"1.64": [0, 0, 0]
					},
					"scale": {
						"1.12": [1, 1, 1],
						"1.2": [0, 0, 0],
						"1.28": [0, 0, 0],
						"1.36": [1, 1, 1]
					}
				},
				"head": {
					"scale": {
						"0.0": [0, 0, 0],
						"1.2": [0, 0, 0],
						"1.28": [1, 1, 1]
					}
				},
				"camera": {
					"rotation": {
						"0.0": {
							"post": [0, 0, 0],
							"lerp_mode": "catmullrom"
						},
						"0.08": {
							"post": [0, 0, 1.75],
							"lerp_mode": "catmullrom"
						},
						"0.2": {
							"post": [0.75, 0, -1],
							"lerp_mode": "catmullrom"
						},
						"0.32": {
							"post": [-0.25, 0, -0.5],
							"lerp_mode": "catmullrom"
						},
						"0.52": {
							"post": [0.5, 0, -0.25],
							"lerp_mode": "catmullrom"
						},
						"0.68": {
							"post": [-1.5, 0, 1.5],
							"lerp_mode": "catmullrom"
						},
						"0.84": {
							"post": [-1.5, 0, 0],
							"lerp_mode": "catmullrom"
						},
						"0.96": {
							"post": [0.02, 0, 1],
							"lerp_mode": "catmullrom"
						},
						"1.12": {
							"post": [-0.81, 0, 0.5],
							"lerp_mode": "catmullrom"
						},
						"1.36": {
							"post": [0, 0, -0.75],
							"lerp_mode": "catmullrom"
						},
						"1.6": {
							"post": [-0.25, 0, -1],
							"lerp_mode": "catmullrom"
						},
						"1.72": {
							"post": [1.75, 0, -2],
							"lerp_mode": "catmullrom"
						},
						"1.88": {
							"post": [0.39, 0, 0.5],
							"lerp_mode": "catmullrom"
						},
						"2.12": {
							"post": [0.28, 0, 1],
							"lerp_mode": "catmullrom"
						},
						"2.24": {
							"post": [0.5, 0, 0],
							"lerp_mode": "catmullrom"
						},
						"2.36": {
							"post": [1, 0, 1],
							"lerp_mode": "catmullrom"
						},
						"2.48": {
							"post": [-1.25, 0, -0.375],
							"lerp_mode": "catmullrom"
						},
						"2.64": {
							"post": [0.25, 0, 0.125],
							"lerp_mode": "catmullrom"
						},
						"2.8": {
							"post": [-0.25, 0, 0],
							"lerp_mode": "catmullrom"
						},
						"2.96": {
							"post": [0.24, 0, 0],
							"lerp_mode": "catmullrom"
						},
						"3.08": {
							"post": [0, 0, 0],
							"lerp_mode": "catmullrom"
						}
					}
				},
				"constraint": {
					"rotation": [0.25, 0.25, 0.25],
					"position": [0.25, 0.25, 0.25]
				}
			}
		},
		"shoot": {
			"animation_length": 0.5833,
			"bones": {
				"stock": {
					"position": [0, 0, 0]
				},
				"root": {
					"rotation": {
						"0.0": {
							"post": [-2.59768, 0.1525, 1.74334],
							"lerp_mode": "catmullrom"
						},
						"0.0417": {
							"post": [-5.95824, -1.30704, -2.72798],
							"lerp_mode": "catmullrom"
						},
						"0.1667": {
							"post": [0.84251, 0.26479, -1.02186],
							"lerp_mode": "catmullrom"
						},
						"0.2917": {
							"post": [-0.70043, -0.09694, 0.24998],
							"lerp_mode": "catmullrom"
						},
						"0.4167": {
							"post": [0.05, 0.13, 0.1],
							"lerp_mode": "catmullrom"
						},
						"0.5833": {
							"post": [0, 0, 0],
							"lerp_mode": "catmullrom"
						}
					},
					"position": {
						"0.0": {
							"post": [0, -0.0025, 0.5],
							"lerp_mode": "catmullrom"
						},
						"0.0417": {
							"post": [0, -0.2225, 0.975],
							"lerp_mode": "catmullrom"
						},
						"0.125": {
							"post": [0, 0.175, -0.175],
							"lerp_mode": "catmullrom"
						},
						"0.2083": {
							"post": [0, 0.0625, 0.2625],
							"lerp_mode": "catmullrom"
						},
						"0.2917": {
							"post": [0, -0.1, 0.075],
							"lerp_mode": "catmullrom"
						},
						"0.375": {
							"post": [0.0125, -0.025, 0.125],
							"lerp_mode": "catmullrom"
						},
						"0.4583": {
							"post": [0, -0.005, -0.015],
							"lerp_mode": "catmullrom"
						}
					}
				},
				"constraint": {
					"rotation": {
						"0.0": [0.15, 0.125, 0.125],
						"0.2083": [0.25, 0.25, 0.25]
					},
					"position": {
						"0.0": [0.2, 0.2, 0.3],
						"0.2083": [0.25, 0.25, 0.25]
					}
				},
				"camera": {
					"rotation": {
						"0.0": {
							"post": [0, 0, 0],
							"lerp_mode": "catmullrom"
						},
						"0.0417": {
							"post": [0, 0, -0.2],
							"lerp_mode": "catmullrom"
						},
						"0.125": {
							"post": [0, 0, 0.35],
							"lerp_mode": "catmullrom"
						},
						"0.2083": {
							"post": [0, 0, -0.05],
							"lerp_mode": "catmullrom"
						},
						"0.2917": {
							"post": [0, 0, 0.1],
							"lerp_mode": "catmullrom"
						},
						"0.375": {
							"post": [0, 0, -0.15],
							"lerp_mode": "catmullrom"
						},
						"0.4583": {
							"post": [0, 0, 0],
							"lerp_mode": "catmullrom"
						}
					}
				}
			}
		},
		"inspect": {
			"animation_length": 5.875,
			"bones": {
				"stock": {
					"position": [0, 0, 0]
				},
				"root": {
					"rotation": {
						"0.0": [0, 0, 0],
						"0.2917": {
							"pre": [5.75, -2, 5],
							"post": [5.75, -2, 5],
							"lerp_mode": "catmullrom"
						},
						"0.5833": {
							"post": [-26.4101, -31.71763, -33.67388],
							"lerp_mode": "catmullrom"
						},
						"0.8333": {
							"post": [-24.49793, -30.90673, -29.68313],
							"lerp_mode": "catmullrom"
						},
						"1.125": {
							"post": [-26.1601, -31.71763, -31.67388],
							"lerp_mode": "catmullrom"
						},
						"1.3333": {
							"post": [-26.34, -34.94, -41.58],
							"lerp_mode": "catmullrom"
						},
						"1.75": {
							"post": [-26.1601, -31.71763, -31.67388],
							"lerp_mode": "catmullrom"
						},
						"2.0833": {
							"post": [-30.86055, 23.14254, 33.03702],
							"lerp_mode": "catmullrom"
						},
						"2.4583": {
							"post": [-25.90521, 24.61587, 36.2337],
							"lerp_mode": "catmullrom"
						},
						"2.75": {
							"post": [-25.41, 24.62, 36.23],
							"lerp_mode": "catmullrom"
						},
						"3.0833": {
							"post": [-13.45602, -3.87475, 26.31298],
							"lerp_mode": "catmullrom"
						},
						"3.2917": [-12.75, -8.25, 25.5],
						"3.375": {
							"pre": [-13.10966, -8.2657, 25.11005],
							"post": [-13.10966, -8.2657, 25.11005],
							"lerp_mode": "catmullrom"
						},
						"3.4167": {
							"post": [-12.75, -8.25, 32.75],
							"lerp_mode": "catmullrom"
						},
						"3.5": {
							"post": [-8.01, -6.27, 23.68],
							"lerp_mode": "catmullrom"
						},
						"3.75": {
							"post": [-9.49, -4.91, 25.67],
							"lerp_mode": "catmullrom"
						},
						"4.0": {
							"post": [-6.86968, -7.50295, 14.19155],
							"lerp_mode": "catmullrom"
						},
						"4.25": {
							"post": [-6.87, -7.5, 14.19],
							"lerp_mode": "catmullrom"
						},
						"4.5833": {
							"post": [-15.65525, -11.66254, -4.86198],
							"lerp_mode": "catmullrom"
						},
						"4.7917": [-15.23555, -5.08403, -2.14138],
						"4.875": {
							"pre": [-15.31494, -11.30358, -5.45502],
							"post": [-15.31494, -11.30358, -5.45502],
							"lerp_mode": "catmullrom"
						},
						"5.0": {
							"post": [-14.31, -12.52, 9.04],
							"lerp_mode": "catmullrom"
						},
						"5.125": {
							"post": [-0.22423, -9.49254, 8.96574],
							"lerp_mode": "catmullrom"
						},
						"5.2917": {
							"post": [2.24786, -1.15188, -2.62308],
							"lerp_mode": "catmullrom"
						},
						"5.4583": {
							"post": [0, 0, 0.8125],
							"lerp_mode": "catmullrom"
						},
						"5.5833": [0, 0, 0]
					},
					"position": {
						"0.0": [0, 0, 0],
						"0.2083": {
							"pre": [-0.25, -1, -1.25],
							"post": [-0.25, -1, -1.25],
							"lerp_mode": "catmullrom"
						},
						"0.4583": {
							"post": [-2, 2, -0.75],
							"lerp_mode": "catmullrom"
						},
						"0.7083": {
							"post": [-2, 0.84, -0.76],
							"lerp_mode": "catmullrom"
						},
						"1.0": {
							"post": [-2, 1.125, -0.75],
							"lerp_mode": "catmullrom"
						},
						"1.1667": {
							"post": [-2.11, 0.21, -0.72],
							"lerp_mode": "catmullrom"
						},
						"1.3333": {
							"post": [-2.15, 1.06, -0.71],
							"lerp_mode": "catmullrom"
						},
						"1.6667": {
							"post": [-2, 1, -0.75],
							"lerp_mode": "catmullrom"
						},
						"1.9167": {
							"post": [0.25, -1, -1.25],
							"lerp_mode": "catmullrom"
						},
						"2.1667": {
							"post": [1.25, 1.5, -0.75],
							"lerp_mode": "catmullrom"
						},
						"2.5": {
							"post": [1.25, 1.09, -0.76],
							"lerp_mode": "catmullrom"
						},
						"2.8333": {
							"post": [1.25, 1.09, -0.76],
							"lerp_mode": "catmullrom"
						},
						"3.0833": {
							"post": [-0.75, -1.75, -2.25],
							"lerp_mode": "catmullrom"
						},
						"3.2917": [-1, -0.5, -2.5],
						"3.4167": {
							"pre": [-1, -1, -2.5],
							"post": [-1, -1, -2.5],
							"lerp_mode": "catmullrom"
						},
						"3.6667": {
							"post": [-1, -0.57812, -2.5],
							"lerp_mode": "catmullrom"
						},
						"3.9167": {
							"post": [-1, -0.75, -2.5],
							"lerp_mode": "catmullrom"
						},
						"4.125": {
							"post": [-1, -0.375, -2.5],
							"lerp_mode": "catmullrom"
						},
						"4.375": {
							"post": [-1, -0.5025, -2.5],
							"lerp_mode": "catmullrom"
						},
						"4.5833": {
							"post": [-0.46, 0.67, -1.99],
							"lerp_mode": "catmullrom"
						},
						"4.7917": {
							"post": [-0.5, -0.5, -2],
							"lerp_mode": "catmullrom"
						},
						"4.9167": {
							"post": [-0.75, 0, -2],
							"lerp_mode": "catmullrom"
						},
						"5.0417": {
							"post": [0.02, -0.22, -0.61],
							"lerp_mode": "catmullrom"
						},
						"5.1667": {
							"post": [0.02, -0.97, -0.86],
							"lerp_mode": "catmullrom"
						},
						"5.375": {
							"post": [0, 0.13, 0.49],
							"lerp_mode": "catmullrom"
						},
						"5.5417": {
							"post": [0, -0.01, -0.05],
							"lerp_mode": "catmullrom"
						},
						"5.7083": [0, 0, 0]
					}
				},
				"lefthand": {
					"rotation": {
						"0.0": [117.07432, -36.96741, -177.63729],
						"0.2917": [117.07, -36.97, -177.64],
						"0.4583": {
							"pre": [114.88435, -30.22467, -173.69809],
							"post": [114.88435, -30.22467, -173.69809],
							"lerp_mode": "catmullrom"
						},
						"0.5833": {
							"post": [115.69, -30.24, -173.7],
							"lerp_mode": "catmullrom"
						},
						"1.5833": {
							"post": [115.69, -30.24, -173.7],
							"lerp_mode": "catmullrom"
						},
						"1.7083": {
							"post": [114.88435, -30.22467, -173.69809],
							"lerp_mode": "catmullrom"
						},
						"1.875": [117.07, -36.97, -177.64],
						"2.6667": [117.07, -36.97, -177.64],
						"3.0417": {
							"pre": [53.78255, -38.28672, -143.8954],
							"post": [53.78255, -38.28672, -143.8954],
							"lerp_mode": "catmullrom"
						},
						"3.2917": {
							"post": [82.54206, -36.51975, -174.19689],
							"lerp_mode": "catmullrom"
						},
						"3.5417": {
							"post": [83.8164, -36.01149, -157.24787],
							"lerp_mode": "catmullrom"
						},
						"4.375": {
							"post": [83.8164, -36.01149, -157.24787],
							"lerp_mode": "catmullrom"
						},
						"4.625": {
							"post": [121.29206, -36.51975, -174.19689],
							"lerp_mode": "catmullrom"
						},
						"4.8333": {
							"post": [158.40171, -51.95178, -190.46851],
							"lerp_mode": "catmullrom"
						},
						"4.9583": {
							"post": [145.45791, -22.46439, -169.86995],
							"lerp_mode": "catmullrom"
						},
						"5.1667": {
							"post": [114.88435, -30.22467, -173.69809],
							"lerp_mode": "catmullrom"
						},
						"5.3333": [117.07, -36.97, -177.64],
						"5.5": [117.07432, -36.96741, -177.63729]
					},
					"position": {
						"0.0": [-0.83, -18.62, -16.02],
						"0.2917": [6.17, -17.62, -19.02],
						"0.4583": {
							"pre": [6.295, -22.62, -18.77],
							"post": [6.295, -22.62, -18.77],
							"lerp_mode": "catmullrom"
						},
						"0.5833": [6.6075, -25.0575, -18.77],
						"1.5833": [2.8575, -24.0575, -20.77],
						"1.7083": {
							"pre": [4.545, -24.62, -20.77],
							"post": [4.545, -24.62, -20.77],
							"lerp_mode": "catmullrom"
						},
						"1.875": [0.17, -17.62, -22.02],
						"2.8333": [0.17, -21.62, -18.02],
						"3.0417": {
							"pre": [0, -23.49, -13.55],
							"post": [0, -23.49, -13.55],
							"lerp_mode": "catmullrom"
						},
						"3.1667": {
							"post": [1.4825, -23.12, -15.52],
							"lerp_mode": "catmullrom"
						},
						"3.375": [0.73, -23.5575, -18.395],
						"3.5833": [1.73, -20.5575, -17.395],
						"4.4583": [0.73, -19.5575, -19.395],
						"4.625": [4.7325, -17.8075, -21.645],
						"4.8333": {
							"pre": [0.4825, -9.62, -15.52],
							"post": [0.4825, -9.62, -15.52],
							"lerp_mode": "catmullrom"
						},
						"4.9167": [3.48, -9.1825, -19.52],
						"5.0417": [3.48, -13.1825, -21.52],
						"5.2917": {
							"pre": [1.17, -18.87, -20.27],
							"post": [1.17, -18.87, -20.27],
							"lerp_mode": "catmullrom"
						},
						"5.5": [-0.83, -18.62, -16.02]
					},
					"scale": [1, 1.5, 1]
				},
				"righthand": {
					"rotation": {
						"0.0": [101.07, 8.95, -179.05],
						"3.25": [101.07, 8.95, -179.05],
						"3.3333": {
							"pre": [102.72096, 6.36331, -173.49027],
							"post": [102.72096, 6.36331, -173.49027],
							"lerp_mode": "catmullrom"
						},
						"3.4167": {
							"post": [100.25489, 9.8757, -179.59322],
							"lerp_mode": "catmullrom"
						},
						"3.625": [101.07, 8.95, -179.05]
					},
					"position": {
						"0.0": [-6.75, -10.3, 2.55],
						"3.25": [-6.75, -10.3, 2.55],
						"3.4167": {
							"pre": [-6.75, -10.3, 2.55],
							"post": [-6.75, -10.3, 2.55],
							"lerp_mode": "catmullrom"
						},
						"3.5": {
							"post": [-6.75, -10.3, 2.55],
							"lerp_mode": "catmullrom"
						},
						"3.625": [-6.75, -10.3, 2.55]
					},
					"scale": {
						"0.0": [1, 1.5, 1],
						"3.25": [1, 1.5, 1],
						"3.625": [1, 1.5, 1]
					}
				},
				"chamber": {
					"rotation": {
						"3.2917": [0, 0, 0],
						"3.4167": [0, 0, 0],
						"3.4583": [0, 15, 0],
						"3.5": [0, 12.5, 0],
						"3.5417": [0, 15, 0],
						"4.8333": [0, 15, 0],
						"4.9583": [0, 0, 0]
					}
				},
				"camera": {
					"rotation": {
						"0.0": {
							"post": [0, 0, 0],
							"lerp_mode": "catmullrom"
						},
						"0.125": {
							"post": [0.5, 0, -0.75],
							"lerp_mode": "catmullrom"
						},
						"0.3333": {
							"post": [-0.9375, 0, -0.75],
							"lerp_mode": "catmullrom"
						},
						"0.5417": {
							"post": [0.25, 0, -2],
							"lerp_mode": "catmullrom"
						},
						"0.75": {
							"post": [-0.6875, 0, -1.25],
							"lerp_mode": "catmullrom"
						},
						"0.9167": {
							"post": [-0.75, 0, -1.25],
							"lerp_mode": "catmullrom"
						},
						"1.125": {
							"post": [0.5, 0, -0.75],
							"lerp_mode": "catmullrom"
						},
						"1.2917": {
							"post": [-0.5, 0, 0],
							"lerp_mode": "catmullrom"
						},
						"1.5": {
							"post": [-0.5, 0, -0.25],
							"lerp_mode": "catmullrom"
						},
						"1.7917": {
							"post": [1, 0, 0.25],
							"lerp_mode": "catmullrom"
						},
						"2.125": {
							"post": [-0.5, 0, 1.25],
							"lerp_mode": "catmullrom"
						},
						"2.4583": {
							"post": [-0.26, 0, 1],
							"lerp_mode": "catmullrom"
						},
						"2.75": {
							"post": [-0.07, 0, 1.25],
							"lerp_mode": "catmullrom"
						},
						"3.0417": {
							"post": [0.75, 0, 0],
							"lerp_mode": "catmullrom"
						},
						"3.3333": {
							"post": [-0.5, 0, 0.5],
							"lerp_mode": "catmullrom"
						},
						"3.4583": {
							"post": [0.77, 0, -0.5],
							"lerp_mode": "catmullrom"
						},
						"3.7083": {
							"post": [0, 0, 0.25],
							"lerp_mode": "catmullrom"
						},
						"3.9583": {
							"post": [0.75, 0, 0.75],
							"lerp_mode": "catmullrom"
						},
						"4.1667": {
							"post": [0.75, 0, 0.75],
							"lerp_mode": "catmullrom"
						},
						"4.3333": {
							"post": [0.75, 0, 1],
							"lerp_mode": "catmullrom"
						},
						"4.5417": {
							"post": [1, 0, 1],
							"lerp_mode": "catmullrom"
						},
						"4.75": {
							"post": [0.75, 0, 0.25],
							"lerp_mode": "catmullrom"
						},
						"4.9167": {
							"post": [-0.57, 0, -0.75],
							"lerp_mode": "catmullrom"
						},
						"5.125": {
							"post": [0.87, 0, 0.52],
							"lerp_mode": "catmullrom"
						},
						"5.3333": {
							"post": [-0.25, 0, -0.25],
							"lerp_mode": "catmullrom"
						},
						"5.625": {
							"post": [0, 0, 0],
							"lerp_mode": "catmullrom"
						},
						"5.875": {
							"post": [0, 0, 0],
							"lerp_mode": "catmullrom"
						}
					}
				},
				"constraint": {
					"rotation": [0.25, 0.25, 0.25],
					"position": [0.25, 0.25, 0.25]
				}
			}
		},
		"inspect_empty": {
			"animation_length": 5.875,
			"bones": {
				"stock": {
					"position": [0, 0, 0]
				},
				"root": {
					"rotation": {
						"0.0": [0, 0, 0],
						"0.2917": {
							"pre": [5.75, -2, 5],
							"post": [5.75, -2, 5],
							"lerp_mode": "catmullrom"
						},
						"0.5833": {
							"post": [-26.4101, -31.71763, -33.67388],
							"lerp_mode": "catmullrom"
						},
						"0.8333": {
							"post": [-24.49793, -30.90673, -29.68313],
							"lerp_mode": "catmullrom"
						},
						"1.125": {
							"post": [-26.1601, -31.71763, -31.67388],
							"lerp_mode": "catmullrom"
						},
						"1.3333": {
							"post": [-26.34, -34.94, -41.58],
							"lerp_mode": "catmullrom"
						},
						"1.75": {
							"post": [-26.1601, -31.71763, -31.67388],
							"lerp_mode": "catmullrom"
						},
						"2.0833": {
							"post": [-30.86055, 23.14254, 33.03702],
							"lerp_mode": "catmullrom"
						},
						"2.4583": {
							"post": [-25.90521, 24.61587, 36.2337],
							"lerp_mode": "catmullrom"
						},
						"2.75": {
							"post": [-25.41, 24.62, 36.23],
							"lerp_mode": "catmullrom"
						},
						"3.0833": {
							"post": [-13.45602, -3.87475, 26.31298],
							"lerp_mode": "catmullrom"
						},
						"3.2917": [-12.75, -8.25, 25.5],
						"3.375": {
							"pre": [-13.10966, -8.2657, 25.11005],
							"post": [-13.10966, -8.2657, 25.11005],
							"lerp_mode": "catmullrom"
						},
						"3.4167": {
							"post": [-12.75, -8.25, 32.75],
							"lerp_mode": "catmullrom"
						},
						"3.5": {
							"post": [-8.01, -6.27, 23.68],
							"lerp_mode": "catmullrom"
						},
						"3.75": {
							"post": [-9.49, -4.91, 25.67],
							"lerp_mode": "catmullrom"
						},
						"4.0": {
							"post": [-6.86968, -7.50295, 14.19155],
							"lerp_mode": "catmullrom"
						},
						"4.25": {
							"post": [-6.87, -7.5, 14.19],
							"lerp_mode": "catmullrom"
						},
						"4.5833": {
							"post": [-15.65525, -11.66254, -4.86198],
							"lerp_mode": "catmullrom"
						},
						"4.7917": [-15.23555, -5.08403, -2.14138],
						"4.875": {
							"pre": [-15.31494, -11.30358, -5.45502],
							"post": [-15.31494, -11.30358, -5.45502],
							"lerp_mode": "catmullrom"
						},
						"5.0": {
							"post": [-14.31, -12.52, 9.04],
							"lerp_mode": "catmullrom"
						},
						"5.125": {
							"post": [-0.22423, -9.49254, 8.96574],
							"lerp_mode": "catmullrom"
						},
						"5.2917": {
							"post": [2.24786, -1.15188, -2.62308],
							"lerp_mode": "catmullrom"
						},
						"5.4583": {
							"post": [0, 0, 0.8125],
							"lerp_mode": "catmullrom"
						},
						"5.5833": [0, 0, 0]
					},
					"position": {
						"0.0": [0, 0, 0],
						"0.2083": {
							"pre": [-0.25, -1, -1.25],
							"post": [-0.25, -1, -1.25],
							"lerp_mode": "catmullrom"
						},
						"0.4583": {
							"post": [-2, 2, -0.75],
							"lerp_mode": "catmullrom"
						},
						"0.7083": {
							"post": [-2, 0.84, -0.76],
							"lerp_mode": "catmullrom"
						},
						"1.0": {
							"post": [-2, 1.125, -0.75],
							"lerp_mode": "catmullrom"
						},
						"1.1667": {
							"post": [-2.11, 0.21, -0.72],
							"lerp_mode": "catmullrom"
						},
						"1.3333": {
							"post": [-2.15, 1.06, -0.71],
							"lerp_mode": "catmullrom"
						},
						"1.6667": {
							"post": [-2, 1, -0.75],
							"lerp_mode": "catmullrom"
						},
						"1.9167": {
							"post": [0.25, -1, -1.25],
							"lerp_mode": "catmullrom"
						},
						"2.1667": {
							"post": [1.25, 1.5, -0.75],
							"lerp_mode": "catmullrom"
						},
						"2.5": {
							"post": [1.25, 1.09, -0.76],
							"lerp_mode": "catmullrom"
						},
						"2.8333": {
							"post": [1.25, 1.09, -0.76],
							"lerp_mode": "catmullrom"
						},
						"3.0833": {
							"post": [-0.75, -1.75, -2.25],
							"lerp_mode": "catmullrom"
						},
						"3.2917": [-1, -0.5, -2.5],
						"3.4167": {
							"pre": [-1, -1, -2.5],
							"post": [-1, -1, -2.5],
							"lerp_mode": "catmullrom"
						},
						"3.6667": {
							"post": [-1, -0.57812, -2.5],
							"lerp_mode": "catmullrom"
						},
						"3.9167": {
							"post": [-1, -0.75, -2.5],
							"lerp_mode": "catmullrom"
						},
						"4.125": {
							"post": [-1, -0.375, -2.5],
							"lerp_mode": "catmullrom"
						},
						"4.375": {
							"post": [-1, -0.5025, -2.5],
							"lerp_mode": "catmullrom"
						},
						"4.5833": {
							"post": [-0.46, 0.67, -1.99],
							"lerp_mode": "catmullrom"
						},
						"4.7917": {
							"post": [-0.5, -0.5, -2],
							"lerp_mode": "catmullrom"
						},
						"4.9167": {
							"post": [-0.75, 0, -2],
							"lerp_mode": "catmullrom"
						},
						"5.0417": {
							"post": [0.02, -0.22, -0.61],
							"lerp_mode": "catmullrom"
						},
						"5.1667": {
							"post": [0.02, -0.97, -0.86],
							"lerp_mode": "catmullrom"
						},
						"5.375": {
							"post": [0, 0.13, 0.49],
							"lerp_mode": "catmullrom"
						},
						"5.5417": {
							"post": [0, -0.01, -0.05],
							"lerp_mode": "catmullrom"
						},
						"5.7083": [0, 0, 0]
					}
				},
				"lefthand": {
					"rotation": {
						"0.0": [117.07432, -36.96741, -177.63729],
						"0.2917": [117.07, -36.97, -177.64],
						"0.4583": {
							"pre": [114.88435, -30.22467, -173.69809],
							"post": [114.88435, -30.22467, -173.69809],
							"lerp_mode": "catmullrom"
						},
						"0.5833": {
							"post": [115.69, -30.24, -173.7],
							"lerp_mode": "catmullrom"
						},
						"1.5833": {
							"post": [115.69, -30.24, -173.7],
							"lerp_mode": "catmullrom"
						},
						"1.7083": {
							"post": [114.88435, -30.22467, -173.69809],
							"lerp_mode": "catmullrom"
						},
						"1.875": [117.07, -36.97, -177.64],
						"2.6667": [117.07, -36.97, -177.64],
						"3.0417": {
							"pre": [53.78255, -38.28672, -143.8954],
							"post": [53.78255, -38.28672, -143.8954],
							"lerp_mode": "catmullrom"
						},
						"3.2917": {
							"post": [82.54206, -36.51975, -174.19689],
							"lerp_mode": "catmullrom"
						},
						"3.5417": {
							"post": [83.8164, -36.01149, -157.24787],
							"lerp_mode": "catmullrom"
						},
						"4.375": {
							"post": [83.8164, -36.01149, -157.24787],
							"lerp_mode": "catmullrom"
						},
						"4.625": {
							"post": [121.29206, -36.51975, -174.19689],
							"lerp_mode": "catmullrom"
						},
						"4.8333": {
							"post": [158.40171, -51.95178, -190.46851],
							"lerp_mode": "catmullrom"
						},
						"4.9583": {
							"post": [145.45791, -22.46439, -169.86995],
							"lerp_mode": "catmullrom"
						},
						"5.1667": {
							"post": [114.88435, -30.22467, -173.69809],
							"lerp_mode": "catmullrom"
						},
						"5.3333": [117.07, -36.97, -177.64],
						"5.5": [117.07432, -36.96741, -177.63729]
					},
					"position": {
						"0.0": [-0.83, -18.62, -16.02],
						"0.2917": [6.17, -17.62, -19.02],
						"0.4583": {
							"pre": [6.295, -22.62, -18.77],
							"post": [6.295, -22.62, -18.77],
							"lerp_mode": "catmullrom"
						},
						"0.5833": [6.6075, -25.0575, -18.77],
						"1.5833": [2.8575, -24.0575, -20.77],
						"1.7083": {
							"pre": [4.545, -24.62, -20.77],
							"post": [4.545, -24.62, -20.77],
							"lerp_mode": "catmullrom"
						},
						"1.875": [0.17, -17.62, -22.02],
						"2.8333": [0.17, -21.62, -18.02],
						"3.0417": {
							"pre": [0, -23.49, -13.55],
							"post": [0, -23.49, -13.55],
							"lerp_mode": "catmullrom"
						},
						"3.1667": {
							"post": [1.4825, -23.12, -15.52],
							"lerp_mode": "catmullrom"
						},
						"3.375": [0.73, -23.5575, -18.395],
						"3.5833": [1.73, -20.5575, -17.395],
						"4.4583": [0.73, -19.5575, -19.395],
						"4.625": [4.7325, -17.8075, -21.645],
						"4.8333": {
							"pre": [0.4825, -9.62, -15.52],
							"post": [0.4825, -9.62, -15.52],
							"lerp_mode": "catmullrom"
						},
						"4.9167": [3.48, -9.1825, -19.52],
						"5.0417": [3.48, -13.1825, -21.52],
						"5.2917": {
							"pre": [1.17, -18.87, -20.27],
							"post": [1.17, -18.87, -20.27],
							"lerp_mode": "catmullrom"
						},
						"5.5": [-0.83, -18.62, -16.02]
					},
					"scale": [1, 1.5, 1]
				},
				"righthand": {
					"rotation": {
						"0.0": [101.07, 8.95, -179.05],
						"3.25": [101.07, 8.95, -179.05],
						"3.3333": {
							"pre": [102.72096, 6.36331, -173.49027],
							"post": [102.72096, 6.36331, -173.49027],
							"lerp_mode": "catmullrom"
						},
						"3.4167": {
							"post": [100.25489, 9.8757, -179.59322],
							"lerp_mode": "catmullrom"
						},
						"3.625": [101.07, 8.95, -179.05]
					},
					"position": {
						"0.0": [-6.75, -10.3, 2.55],
						"3.25": [-6.75, -10.3, 2.55],
						"3.4167": {
							"pre": [-6.75, -10.3, 2.55],
							"post": [-6.75, -10.3, 2.55],
							"lerp_mode": "catmullrom"
						},
						"3.5": {
							"post": [-6.75, -10.3, 2.55],
							"lerp_mode": "catmullrom"
						},
						"3.625": [-6.75, -10.3, 2.55]
					},
					"scale": {
						"0.0": [1, 1.5, 1],
						"3.25": [1, 1.5, 1],
						"3.625": [1, 1.5, 1]
					}
				},
				"chamber": {
					"rotation": {
						"3.2917": [0, 0, 0],
						"3.4167": [0, 0, 0],
						"3.4583": [0, 15, 0],
						"3.5": [0, 12.5, 0],
						"3.5417": [0, 15, 0],
						"4.8333": [0, 15, 0],
						"4.9583": [0, 0, 0]
					}
				},
				"camera": {
					"rotation": {
						"0.0": {
							"post": [0, 0, 0],
							"lerp_mode": "catmullrom"
						},
						"0.125": {
							"post": [0.5, 0, -0.75],
							"lerp_mode": "catmullrom"
						},
						"0.3333": {
							"post": [-0.9375, 0, -0.75],
							"lerp_mode": "catmullrom"
						},
						"0.5417": {
							"post": [0.25, 0, -2],
							"lerp_mode": "catmullrom"
						},
						"0.75": {
							"post": [-0.6875, 0, -1.25],
							"lerp_mode": "catmullrom"
						},
						"0.9167": {
							"post": [-0.75, 0, -1.25],
							"lerp_mode": "catmullrom"
						},
						"1.125": {
							"post": [0.5, 0, -0.75],
							"lerp_mode": "catmullrom"
						},
						"1.2917": {
							"post": [-0.5, 0, 0],
							"lerp_mode": "catmullrom"
						},
						"1.5": {
							"post": [-0.5, 0, -0.25],
							"lerp_mode": "catmullrom"
						},
						"1.7917": {
							"post": [1, 0, 0.25],
							"lerp_mode": "catmullrom"
						},
						"2.125": {
							"post": [-0.5, 0, 1.25],
							"lerp_mode": "catmullrom"
						},
						"2.4583": {
							"post": [-0.26, 0, 1],
							"lerp_mode": "catmullrom"
						},
						"2.75": {
							"post": [-0.07, 0, 1.25],
							"lerp_mode": "catmullrom"
						},
						"3.0417": {
							"post": [0.75, 0, 0],
							"lerp_mode": "catmullrom"
						},
						"3.3333": {
							"post": [-0.5, 0, 0.5],
							"lerp_mode": "catmullrom"
						},
						"3.4583": {
							"post": [0.77, 0, -0.5],
							"lerp_mode": "catmullrom"
						},
						"3.7083": {
							"post": [0, 0, 0.25],
							"lerp_mode": "catmullrom"
						},
						"3.9583": {
							"post": [0.75, 0, 0.75],
							"lerp_mode": "catmullrom"
						},
						"4.1667": {
							"post": [0.75, 0, 0.75],
							"lerp_mode": "catmullrom"
						},
						"4.3333": {
							"post": [0.75, 0, 1],
							"lerp_mode": "catmullrom"
						},
						"4.5417": {
							"post": [1, 0, 1],
							"lerp_mode": "catmullrom"
						},
						"4.75": {
							"post": [0.75, 0, 0.25],
							"lerp_mode": "catmullrom"
						},
						"4.9167": {
							"post": [-0.57, 0, -0.75],
							"lerp_mode": "catmullrom"
						},
						"5.125": {
							"post": [0.87, 0, 0.52],
							"lerp_mode": "catmullrom"
						},
						"5.3333": {
							"post": [-0.25, 0, -0.25],
							"lerp_mode": "catmullrom"
						},
						"5.625": {
							"post": [0, 0, 0],
							"lerp_mode": "catmullrom"
						},
						"5.875": {
							"post": [0, 0, 0],
							"lerp_mode": "catmullrom"
						}
					}
				},
				"constraint": {
					"rotation": [0.25, 0.25, 0.25],
					"position": [0.25, 0.25, 0.25]
				}
			}
		},
		"melee_push": {
			"animation_length": 0.6875,
			"bones": {
				"root": {
					"rotation": {
						"0.0": {
							"post": [0, 0, 0],
							"lerp_mode": "catmullrom"
						},
						"0.0417": {
							"post": [-16.97003, -2.76041, 45.32806],
							"lerp_mode": "catmullrom"
						},
						"0.0833": [-68.22251, 0.94579, 62.03742],
						"0.125": {
							"pre": [-95.21949, -3.92716, 68.36231],
							"post": [-95.21949, -3.92716, 68.36231],
							"lerp_mode": "catmullrom"
						},
						"0.1458": {
							"post": [-93.0949, -6.87957, 71.48854],
							"lerp_mode": "catmullrom"
						},
						"0.1875": {
							"post": [-95.21949, -3.92716, 70.03731],
							"lerp_mode": "catmullrom"
						},
						"0.2292": {
							"post": [-94.75569, -4.68345, 70.02163],
							"lerp_mode": "catmullrom"
						},
						"0.2708": {
							"post": [-94.26273, -4.5969, 70.01478],
							"lerp_mode": "catmullrom"
						},
						"0.3125": {
							"post": [-79.88972, -2.07157, 66.04397],
							"lerp_mode": "catmullrom"
						},
						"0.4583": {
							"post": [-11.13679, -3.02335, 36.72959],
							"lerp_mode": "catmullrom"
						},
						"0.5417": {
							"post": [-1.07062, 1.22619, 0.89945],
							"lerp_mode": "catmullrom"
						},
						"0.5625": {
							"post": [0.27023, 0.30257, -0.60029],
							"lerp_mode": "catmullrom"
						},
						"0.6042": {
							"post": [0.2151, -0.25061, 0],
							"lerp_mode": "catmullrom"
						},
						"0.6458": [-0.175, 0.1, 0.25],
						"0.6875": [0, 0, 0]
					},
					"position": {
						"0.0": {
							"post": [0, 0, 0],
							"lerp_mode": "catmullrom"
						},
						"0.0417": {
							"post": [-0.3, 0.6, -2.2],
							"lerp_mode": "catmullrom"
						},
						"0.0833": [-0.3, 0.6, 1.9],
						"0.125": {
							"pre": [-0.3, 1.2, -14.65],
							"post": [-0.3, 1.2, -14.65],
							"lerp_mode": "catmullrom"
						},
						"0.1458": {
							"post": [-0.2, 1.125, -11.6],
							"lerp_mode": "catmullrom"
						},
						"0.1875": {
							"post": [-0.3, 1.2, -11.675],
							"lerp_mode": "catmullrom"
						},
						"0.2292": [-0.25, 1.175, -11.6],
						"0.2708": [-0.25, 1.175, -11.6],
						"0.3125": {
							"pre": [-0.25, 1.175, -11.6],
							"post": [-0.25, 1.175, -11.6],
							"lerp_mode": "catmullrom"
						},
						"0.4583": {
							"post": [-0.25, 1.2, -2.975],
							"lerp_mode": "catmullrom"
						},
						"0.5417": {
							"post": [0.075, -0.075, -0.4],
							"lerp_mode": "catmullrom"
						},
						"0.5625": {
							"post": [0.15, -0.025, 0],
							"lerp_mode": "catmullrom"
						},
						"0.6042": {
							"post": [-0.025, -0.025, 0],
							"lerp_mode": "catmullrom"
						},
						"0.6458": [0, 0, 0],
						"0.6875": [0, 0, 0]
					}
				},
				"lefthand_pos": {
					"position": {
						"0.0": [0, 0, 0],
						"0.0417": [-7.17, -3.67, 0],
						"0.0833": [-11.83, -12.08, 2],
						"0.125": [-14, -25, 15.5],
						"0.3542": [-14, -25, 15.5],
						"0.4167": {"pre": [-14, -25, 15.5], "post": [-11.83, -12.08, 2]},
						"0.5": [-7.17, -3.67, 0],
						"0.5833": [0, 0, 0]
					},
					"scale": {
						"0.0833": [1, 1, 1],
						"0.125": [0, 0, 0],
						"0.1875": [0, 0, 0],
						"0.375": [0, 0, 0],
						"0.4375": {"pre": [0, 0, 0], "post": [1, 1, 1]}
					}
				},
				"camera": {
					"rotation": {
						"0.0": {
							"post": [0, 0, 0],
							"lerp_mode": "catmullrom"
						},
						"0.0417": {
							"post": [-1, 0.5, -1],
							"lerp_mode": "catmullrom"
						},
						"0.0833": {
							"post": [-0.5, -0.5, -0.5],
							"lerp_mode": "catmullrom"
						},
						"0.1458": {
							"post": [-0.5, 0.2, -0.5],
							"lerp_mode": "catmullrom"
						},
						"0.1875": {
							"post": [1.2, -2.7, 0],
							"lerp_mode": "catmullrom"
						},
						"0.2292": {
							"post": [-0.8, 0.2, -0.8],
							"lerp_mode": "catmullrom"
						},
						"0.2708": {
							"post": [0.6, -0.2, 0.4],
							"lerp_mode": "catmullrom"
						},
						"0.3125": {
							"post": [0, 0, 0],
							"lerp_mode": "catmullrom"
						},
						"0.3958": {
							"post": [0, 0, 0],
							"lerp_mode": "catmullrom"
						},
						"0.4583": {
							"post": [-0.275, 0.75, 0.25],
							"lerp_mode": "catmullrom"
						},
						"0.5208": {
							"post": [-0.6, 0.175, 0.15],
							"lerp_mode": "catmullrom"
						},
						"0.6042": {
							"post": [0.025, -0.025, 0],
							"lerp_mode": "catmullrom"
						},
						"0.625": {
							"post": [-0.025, 0.025, 0],
							"lerp_mode": "catmullrom"
						},
						"0.6667": {
							"post": [0, 0, 0],
							"lerp_mode": "catmullrom"
						},
						"0.6875": {
							"post": [0, 0, 0],
							"lerp_mode": "catmullrom"
						}
					},
					"position": {
						"0.1458": [0, 0, 0],
						"0.1875": {
							"pre": [0, 0, -0.2],
							"post": [0, 0, -0.2],
							"lerp_mode": "catmullrom"
						},
						"0.2292": {
							"post": [0, 0, 0.125],
							"lerp_mode": "catmullrom"
						},
						"0.2708": {
							"post": [0, 0, 0],
							"lerp_mode": "catmullrom"
						}
					}
				}
			}
		}
	}
}