{
	"format_version": "1.8.0",
	"animations": {
		"shoot": {
			"animation_length": 1.125,
			"bones": {
				"constraint": {
					"rotation": {
						"0.0": [0.5, 0.5, 0.5],
						"0.3333": [0.25, 0.25, 0.25]
					},
					"position": {
						"0.0": [0.5, 0.5, 0.5],
						"0.3333": [0.25, 0.25, 0.25]
					}
				},
				"trigger": {
					"position": {
						"0.0": [0, 0, 0],
						"0.0417": [0, 0, 0.2],
						"0.0833": [0, 0, 0]
					}
				},
				"root": {
					"rotation": {
						"0.0": [0, 0, 0],
						"0.0417": [-0.586, 0.022, -0.92],
						"0.0833": [-0.273, 0.009, 0.812],
						"0.125": [-0.014, 0.047, 1.048],
						"0.1667": [0.228, 0.118, 0.927],
						"0.2083": [0.343, 0.179, 0.353],
						"0.25": [0.339, 0.226, -0.463],
						"0.2917": [0.129, 0.177, -0.515],
						"0.3333": [-0.064, 0.105, -0.246],
						"0.375": [-0.257, 0.034, 0.024],
						"0.4167": [-0.162, -0.071, 0.343],
						"0.4583": [-0.098, -0.04, 0.194],
						"0.5": [-0.034, -0.008, 0.045],
						"0.5417": [0.03, 0.024, -0.104],
						"0.5833": [0.078, 0.045, -0.164],
						"0.625": [0.062, 0.034, -0.075],
						"0.6667": [0.047, 0.023, 0.015],
						"0.7083": [0.031, 0.011, 0.104],
						"0.75": [0.022, 0.01, 0.058],
						"0.7917": [0.013, 0.009, 0.011],
						"0.9167": [0.003, 0.005, -0.103],
						"1.0": [0.002, 0.004, -0.077],
						"1.125": [0, 0, 0]
					},
					"position": {
						"0.0": [0, 0, 0],
						"0.0417": [0.002, 0.029, 1.064],
						"0.0833": [0.012, 0.082, 0.258],
						"0.125": [0, 0.036, 0.272],
						"0.1667": [-0.003, -0.014, 0.11],
						"0.2083": [-0.014, -0.034, 0.084],
						"0.25": [-0.009, -0.03, 0.051],
						"0.2917": [0.001, -0.014, 0.042],
						"0.3333": [0.003, 0.004, 0.034],
						"0.375": [0.016, -0.009, 0.043],
						"0.4167": [0.048, 0.015, 0.069],
						"0.4583": [0.039, 0.012, 0.057],
						"0.5": [0.03, 0.01, 0.045],
						"0.5417": [0.022, 0.007, 0.034],
						"0.5833": [-0.003, -0.006, 0.009],
						"0.625": [-0.005, -0.007, 0.007],
						"0.6667": [-0.007, -0.007, 0.006],
						"0.7083": [-0.01, -0.007, 0.005],
						"0.75": [-0.008, -0.008, 0.005],
						"0.7917": [-0.007, -0.008, 0.004],
						"0.9167": [-0.003, -0.009, 0.003],
						"1.0": [-0.003, -0.008, 0.003],
						"1.125": [0, 0, 0]
					}
				},
				"camera": {
					"rotation": {
						"0.0": [0, 0, 0],
						"0.0417": [0, 0, 0.65],
						"0.0833": [0, 0, 0.41],
						"0.125": [0, 0, -0.185],
						"0.1667": [0, 0, 0.2],
						"0.2083": [0, 0, 0]
					}
				},
				"bone": {
					"rotation": {
						"0.0": [0, 0, 0],
						"0.1667": [0, 0, 0]
					},
					"position": {
						"0.0": [0, 0, 0],
						"0.0833": {
							"pre": [-0.1, -0.2, 0],
							"post": [-0.1, -0.2, 0],
							"lerp_mode": "catmullrom"
						},
						"0.1667": [0, 0, 0]
					}
				},
				"bone3": {
					"rotation": {
						"0.0": [0, 0, 0],
						"0.1667": [0, 0, 0]
					},
					"position": {
						"0.0": [0, 0, 0],
						"0.0833": {
							"pre": [0.1, -0.2, 0],
							"post": [0.1, -0.2, 0],
							"lerp_mode": "catmullrom"
						},
						"0.1667": [0, 0, 0]
					}
				},
				"bone103": {
					"rotation": {
						"0.0": [0, 0, 0],
						"0.1667": [0, 0, 0]
					},
					"position": {
						"0.0": [0, 0, 0],
						"0.0833": {
							"pre": [-0.1, -0.2, 0],
							"post": [-0.1, -0.2, 0],
							"lerp_mode": "catmullrom"
						},
						"0.1667": [0, 0, 0]
					}
				},
				"bone104": {
					"rotation": {
						"0.0": [0, 0, 0],
						"0.1667": [0, 0, 0]
					},
					"position": {
						"0.0": [0, 0, 0],
						"0.0833": {
							"pre": [0.1, -0.2, 0],
							"post": [0.1, -0.2, 0],
							"lerp_mode": "catmullrom"
						},
						"0.1667": [0, 0, 0]
					}
				},
				"bone105": {
					"rotation": {
						"0.0": [0, 0, 0],
						"0.1667": [0, 0, 0]
					},
					"position": {
						"0.0": [0, 0, 0],
						"0.0833": {
							"pre": [0.1, -0.2, 0],
							"post": [0.1, -0.2, 0],
							"lerp_mode": "catmullrom"
						},
						"0.1667": [0, 0, 0]
					}
				},
				"bone106": {
					"rotation": {
						"0.0": [0, 0, 0],
						"0.1667": [0, 0, 0]
					},
					"position": {
						"0.0": [0, 0, 0],
						"0.0833": {
							"pre": [0.1, -0.2, 0],
							"post": [0.1, -0.2, 0],
							"lerp_mode": "catmullrom"
						},
						"0.1667": [0, 0, 0]
					}
				},
				"bone107": {
					"rotation": {
						"0.0": [0, 0, 0],
						"0.1667": [0, 0, 0]
					},
					"position": {
						"0.0": [0, 0, 0],
						"0.0833": {
							"pre": [-0.1, -0.2, 0],
							"post": [-0.1, -0.2, 0],
							"lerp_mode": "catmullrom"
						},
						"0.1667": [0, 0, 0]
					}
				},
				"bone108": {
					"rotation": {
						"0.0": [0, 0, 0],
						"0.1667": [0, 0, 0]
					},
					"position": {
						"0.0": [0, 0, 0],
						"0.0833": {
							"pre": [-0.1, -0.2, 0],
							"post": [-0.1, -0.2, 0],
							"lerp_mode": "catmullrom"
						},
						"0.1667": [0, 0, 0]
					}
				},
				"bone109": {
					"rotation": {
						"0.0": [0, 0, 0],
						"0.1667": [0, 0, 0]
					},
					"position": {
						"0.0": [0, 0, 0],
						"0.0833": {
							"pre": [-0.1, -0.2, 0],
							"post": [-0.1, -0.2, 0],
							"lerp_mode": "catmullrom"
						},
						"0.1667": [0, 0, 0]
					}
				},
				"bone110": {
					"rotation": {
						"0.0": [0, 0, 0],
						"0.1667": [0, 0, 0]
					},
					"position": {
						"0.0": [0, 0, 0],
						"0.0833": {
							"pre": [0.1, -0.2, 0],
							"post": [0.1, -0.2, 0],
							"lerp_mode": "catmullrom"
						},
						"0.1667": [0, 0, 0]
					}
				}
			}
		},
		"static_idle": {
			"animation_length": 0.125,
			"bones": {
				"root": {
					"rotation": [0, 0, 0],
					"position": [0, 0, 0],
					"scale": 1
				},
				"mag_and_lefthand": {
					"rotation": [0, 0, 0],
					"position": [0, 0, 0],
					"scale": 1
				},
				"lefthand": {
					"rotation": [107.69108, -32.75736, -156.00452],
					"position": [4.2, -17.9, -17.2],
					"scale": [1, 1.5, 1]
				},
				"righthand": {
					"rotation": [89.46958, 19.49923, -180.17705],
					"position": [-6.85, -14.075, 0.775],
					"scale": [1, 1.5, 1]
				},
				"constraint": {
					"rotation": [0.25, 0.25, 0.25],
					"position": [0.25, 0.25, 0.25]
				}
			}
		},
		"static_bolt_caught": {
			"animation_length": 0.125,
			"bones": {
				"root": {
					"rotation": [0, 0, 0],
					"position": [0, 0, 0],
					"scale": 1
				},
				"mag_and_lefthand": {
					"position": [0, 0, 0]
				},
				"lefthand": {
					"rotation": [107.69108, -32.75736, -156.00452],
					"position": [4.2, -17.9, -17.2],
					"scale": [1, 1.5, 1]
				},
				"righthand": {
					"rotation": [89.46958, 19.49923, -180.17705],
					"position": [-6.85, -14.075, 0.775],
					"scale": [1, 1.5, 1]
				}
			}
		},
		"inspect_empty": {
			"animation_length": 8.0667,
			"bones": {
				"bullet": {
					"scale": 0
				},
				"vector45_bolt": {
					"position": {
						"6.1667": [0, 0, 0],
						"6.3667": [0, 0, 1.23],
						"6.4": [0, 0, 1.3],
						"6.6667": [0, 0, 1.3],
						"6.9": [0, 0, 1.275],
						"7.0667": [0, 0, 1.37],
						"7.1": [0, 0, 0]
					}
				},
				"fix": {
					"rotation": {
						"5.8667": [0, 0, 0],
						"6.0667": [0, -90, 0],
						"7.0667": [0, -90, 0],
						"7.1": [0, 0, 0]
					}
				},
				"pull": {
					"position": {
						"0.0": [0, 0, 0],
						"5.7": [0, 0, 0],
						"5.8667": [0, 0, 3],
						"7.1": [0, 0, 3],
						"7.1333": [0, 0, 0]
					}
				},
				"root": {
					"rotation": {
						"0.0": {
							"post": [0, 0, 0],
							"lerp_mode": "catmullrom"
						},
						"0.1": {
							"post": [-0.48222, -10.32879, -10.6371],
							"lerp_mode": "catmullrom"
						},
						"0.2667": {
							"post": [-7.81643, -38.04124, -43.59864],
							"lerp_mode": "catmullrom"
						},
						"0.4": {
							"post": [0.52853, -46.12895, -62.22092],
							"lerp_mode": "catmullrom"
						},
						"0.6": {
							"post": [2.35707, -46.56151, -65.14637],
							"lerp_mode": "catmullrom"
						},
						"1.4": {
							"post": [3.9, -46, -66.9],
							"lerp_mode": "catmullrom"
						},
						"1.5": {
							"post": [10.5, -46.1, -76.07],
							"lerp_mode": "catmullrom"
						},
						"1.6": {
							"post": [12.04584, -46.16492, -78.2249],
							"lerp_mode": "catmullrom"
						},
						"1.7667": {
							"post": [9.46623, -46.63168, -74.66322],
							"lerp_mode": "catmullrom"
						},
						"2.0": {
							"post": [9.95239, -46.86376, -75.17502],
							"lerp_mode": "catmullrom"
						},
						"2.3": {
							"post": [9.61908, -43.90831, -74.82758],
							"lerp_mode": "catmullrom"
						},
						"2.5": {
							"post": [-13.05553, -29.41404, -39.12332],
							"lerp_mode": "catmullrom"
						},
						"2.6667": {
							"post": [-24.46, -29.06, -26.67],
							"lerp_mode": "catmullrom"
						},
						"2.8": {
							"post": [-24.77, -29.29, -26.41],
							"lerp_mode": "catmullrom"
						},
						"2.8667": {
							"post": [-25.53854, -28.5824, -24.30434],
							"lerp_mode": "catmullrom"
						},
						"2.9": {
							"post": [-26.02602, -27.90024, -23.26298],
							"lerp_mode": "catmullrom"
						},
						"3.1667": {
							"post": [-22.12661, -30.06214, -26.94814],
							"lerp_mode": "catmullrom"
						},
						"3.2667": {
							"post": [-17.89823, -31.26039, -38.8467],
							"lerp_mode": "catmullrom"
						},
						"3.3667": {
							"post": [-18.02675, -29.59281, -39.11901],
							"lerp_mode": "catmullrom"
						},
						"3.5": {
							"post": [-23.88068, -23.89861, -27.05986],
							"lerp_mode": "catmullrom"
						},
						"3.6": {
							"post": [-25.80209, -22.09574, -23.61591],
							"lerp_mode": "catmullrom"
						},
						"4.4667": {
							"post": [-26.42779, -21.32537, -21.92459],
							"lerp_mode": "catmullrom"
						},
						"4.6": {
							"post": [-20.88003, -27.95795, -23.38356],
							"lerp_mode": "catmullrom"
						},
						"4.7": {
							"post": [-13.29, -35, -31.65],
							"lerp_mode": "catmullrom"
						},
						"4.7667": {
							"post": [-7.08214, -39.04067, -40.65146],
							"lerp_mode": "catmullrom"
						},
						"4.8": {
							"post": [-4.53034, -42.10711, -40.64172],
							"lerp_mode": "catmullrom"
						},
						"4.9667": {
							"post": [-9.6791, -40.56442, -33.31033],
							"lerp_mode": "catmullrom"
						},
						"5.1": {
							"post": [-7.5921, -39.73003, -37.48158],
							"lerp_mode": "catmullrom"
						},
						"5.1667": {
							"post": [-15.61372, -37.31708, -24.62412],
							"lerp_mode": "catmullrom"
						},
						"5.2": {
							"post": [-10.19401, -38.49259, -33.45924],
							"lerp_mode": "catmullrom"
						},
						"5.3": {
							"post": [-10.47873, -36.44176, -27.0159],
							"lerp_mode": "catmullrom"
						},
						"5.4": {
							"post": [-5.42836, -33.76964, -25.99474],
							"lerp_mode": "catmullrom"
						},
						"5.5": {
							"post": [-19.91, -11.23, 17.39],
							"lerp_mode": "catmullrom"
						},
						"5.6": {
							"post": [-21.4, 8.05, 41.61],
							"lerp_mode": "catmullrom"
						},
						"5.7": {
							"post": [-31.70115, 25.78948, 56.73817],
							"lerp_mode": "catmullrom"
						},
						"5.8": {
							"post": [-35.075, 31.85, 60.09],
							"lerp_mode": "catmullrom"
						},
						"5.9": {
							"post": [-35.57112, 31.41816, 59.11623],
							"lerp_mode": "catmullrom"
						},
						"6.1667": {
							"post": [-35.81705, 31.19425, 58.63371],
							"lerp_mode": "catmullrom"
						},
						"6.3667": {
							"post": [-32.86454, 33.59838, 64.23084],
							"lerp_mode": "catmullrom"
						},
						"6.6": {
							"post": [-34.31093, 32.46214, 61.51885],
							"lerp_mode": "catmullrom"
						},
						"6.8667": {
							"post": [-33.77134, 32.90427, 62.54453],
							"lerp_mode": "catmullrom"
						},
						"7.0333": {
							"post": [-30.5461, 32.38395, 65.15087],
							"lerp_mode": "catmullrom"
						},
						"7.1667": {
							"post": [-38.95299, 28.16757, 52.23439],
							"lerp_mode": "catmullrom"
						},
						"7.2667": {
							"post": [-29.02628, 24.23817, 50.85545],
							"lerp_mode": "catmullrom"
						},
						"7.3667": {
							"post": [-7.61838, 4.90189, 37.11753],
							"lerp_mode": "catmullrom"
						},
						"7.4667": {
							"post": [-0.08, -1.71, 21.05],
							"lerp_mode": "catmullrom"
						},
						"7.5667": {
							"post": [5.1, 0.6, 6.7],
							"lerp_mode": "catmullrom"
						},
						"7.6667": {
							"post": [0, 0, 0],
							"lerp_mode": "catmullrom"
						},
						"7.7": {
							"post": [-0.18955, -0.01562, 1.75184],
							"lerp_mode": "catmullrom"
						},
						"7.8": {
							"post": [0, 0, -1.25],
							"lerp_mode": "catmullrom"
						},
						"7.9": {
							"post": [0.01, 0, 0.525],
							"lerp_mode": "catmullrom"
						},
						"8.0667": {
							"post": [0, 0, 0],
							"lerp_mode": "catmullrom"
						}
					},
					"position": {
						"0.0": {
							"post": [0, 0, 0],
							"lerp_mode": "catmullrom"
						},
						"0.2": {
							"post": [-0.07, -1.25, -2],
							"lerp_mode": "catmullrom"
						},
						"0.3667": {
							"post": [0.05, 0, -2.475],
							"lerp_mode": "catmullrom"
						},
						"0.5": {
							"post": [-0.12, -0.34, -2.23],
							"lerp_mode": "catmullrom"
						},
						"0.7": {
							"post": [-0.135, -0.445, -2.24],
							"lerp_mode": "catmullrom"
						},
						"1.1667": {
							"post": [0, -0.05, -2.3],
							"lerp_mode": "catmullrom"
						},
						"1.4667": {
							"post": [-0.06, 0.08, -2.38],
							"lerp_mode": "catmullrom"
						},
						"1.7": {
							"post": [-0.05, 0.625, -2.575],
							"lerp_mode": "catmullrom"
						},
						"2.1667": {
							"post": [-0.02, 0.76, -2.75],
							"lerp_mode": "catmullrom"
						},
						"2.3": {
							"post": [-0.1, 0.47, -2.395],
							"lerp_mode": "catmullrom"
						},
						"2.6": {
							"post": [-1.075, -1.485, -5.295],
							"lerp_mode": "catmullrom"
						},
						"2.6667": {
							"post": [-1.13, -1.79, -5.02],
							"lerp_mode": "catmullrom"
						},
						"2.7667": {
							"post": [-1.02, -1.905, -2.965],
							"lerp_mode": "catmullrom"
						},
						"2.8667": {
							"post": [-0.97, -1.86, -3.03],
							"lerp_mode": "catmullrom"
						},
						"3.0": {
							"post": [-1, -1.75, -2.97],
							"lerp_mode": "catmullrom"
						},
						"3.2": {
							"post": [-1.275, -1.71, -2.97],
							"lerp_mode": "catmullrom"
						},
						"3.3667": {
							"post": [-1.905, -1.13, -3.1],
							"lerp_mode": "catmullrom"
						},
						"3.5": {
							"post": [-3.23, -1.68, -3.11],
							"lerp_mode": "catmullrom"
						},
						"3.7": {
							"post": [-3.95, -2.555, -3.1],
							"lerp_mode": "catmullrom"
						},
						"3.8667": {
							"post": [-4.36, -2.46, -3.1],
							"lerp_mode": "catmullrom"
						},
						"4.1": {
							"post": [-4.335, -2.345, -3.1],
							"lerp_mode": "catmullrom"
						},
						"4.3": {
							"post": [-4.47, -2.45, -3.1],
							"lerp_mode": "catmullrom"
						},
						"4.4667": {
							"post": [-4.48, -2.28, -3.1],
							"lerp_mode": "catmullrom"
						},
						"4.6": {
							"post": [-4.31, -2.215, -3.1],
							"lerp_mode": "catmullrom"
						},
						"4.8": {
							"post": [-3.65, -0.885, -3.1],
							"lerp_mode": "catmullrom"
						},
						"4.9667": {
							"post": [-3.575, -1.065, -3.15],
							"lerp_mode": "catmullrom"
						},
						"5.1": {
							"post": [-3.5, -1.36, -3.1],
							"lerp_mode": "catmullrom"
						},
						"5.1667": {
							"post": [-3.4, -2.035, -2.875],
							"lerp_mode": "catmullrom"
						},
						"5.2667": {
							"post": [-3.4, -1.98, -2.87],
							"lerp_mode": "catmullrom"
						},
						"5.4": {
							"post": [-3.4, -2.285, -2.875],
							"lerp_mode": "catmullrom"
						},
						"5.5667": {
							"post": [-2.25, -2.29, -2.52],
							"lerp_mode": "catmullrom"
						},
						"5.7": {
							"post": [-2.14, -2.92, -2.26],
							"lerp_mode": "catmullrom"
						},
						"5.8667": {
							"post": [-2.28, -2.55, -2.15],
							"lerp_mode": "catmullrom"
						},
						"5.9": {
							"post": [-2.3, -2.465, -2.045],
							"lerp_mode": "catmullrom"
						},
						"6.0": {
							"post": [-2.27, -2.38, -2.09],
							"lerp_mode": "catmullrom"
						},
						"6.1": {
							"post": [-2.26, -2.33, -2.1],
							"lerp_mode": "catmullrom"
						},
						"6.3667": {
							"post": [-2.19, -2.16, -2.37],
							"lerp_mode": "catmullrom"
						},
						"6.5": {
							"post": [-2.2, -2.14, -2.43],
							"lerp_mode": "catmullrom"
						},
						"6.7": {
							"post": [-2.21, -2.22, -2.465],
							"lerp_mode": "catmullrom"
						},
						"7.0333": {
							"post": [-2.25, -2.16, -2.37],
							"lerp_mode": "catmullrom"
						},
						"7.1667": {
							"post": [-2.335, -2.005, -2.845],
							"lerp_mode": "catmullrom"
						},
						"7.2667": {
							"post": [-2.32, -2.555, -2.675],
							"lerp_mode": "catmullrom"
						},
						"7.3667": {
							"post": [-2, -1.85, -3],
							"lerp_mode": "catmullrom"
						},
						"7.4667": {
							"post": [-1.15, -0.48, -3.335],
							"lerp_mode": "catmullrom"
						},
						"7.6": {
							"post": [0, -0.825, -3.79766],
							"lerp_mode": "catmullrom"
						},
						"7.6667": {
							"post": [0.07, -0.54, 0.26016],
							"lerp_mode": "catmullrom"
						},
						"7.7": {
							"post": [0, -0.2, 0.49063],
							"lerp_mode": "catmullrom"
						},
						"7.8": {
							"post": [0, -0.1, -0.22109],
							"lerp_mode": "catmullrom"
						},
						"7.9": {
							"post": [0, 0, 0.03125],
							"lerp_mode": "catmullrom"
						},
						"8.0667": {
							"post": [0, 0, 0],
							"lerp_mode": "catmullrom"
						}
					},
					"scale": {
						"0.0": {
							"post": [1, 1, 1],
							"lerp_mode": "catmullrom"
						}
					}
				},
				"mag_and_lefthand": {
					"rotation": {
						"2.8667": [0, 0, 0],
						"2.9": [0, 0, 0],
						"3.0": [0, 0, 0],
						"3.2": [0, 0, 0],
						"3.3667": {
							"pre": [0, 0, 0],
							"post": [0, 0, 0],
							"lerp_mode": "catmullrom"
						},
						"3.5667": {
							"post": [-0.90904, -6.80041, 0.13291],
							"lerp_mode": "catmullrom"
						},
						"3.7667": {
							"post": [-5.57883, -11.04972, 3.16753],
							"lerp_mode": "catmullrom"
						},
						"4.0": {
							"post": [-8.02, -8.94, 6.33],
							"lerp_mode": "catmullrom"
						},
						"4.1": {
							"post": [-8.72535, -7.91594, 6.76449],
							"lerp_mode": "catmullrom"
						},
						"4.3": {
							"post": [-9.3, -6.79, 1.4],
							"lerp_mode": "catmullrom"
						},
						"4.4333": {
							"post": [-5.64649, -8.78819, -14.22248],
							"lerp_mode": "catmullrom"
						},
						"4.6": {
							"post": [-2.52626, -7.58991, -16.82727],
							"lerp_mode": "catmullrom"
						},
						"4.7667": [0, 0, 0],
						"4.8": [0, 0, 0],
						"4.9667": [-2, 0, 0],
						"5.0667": [-2, 0, 0],
						"5.1": [0, 0, 0],
						"5.1667": [0, 0, 0],
						"5.4": [0, 0, 0]
					},
					"position": {
						"2.9": [0, 0, 0],
						"3.0": [0, 0, 0],
						"3.2": [0, 0, 0],
						"3.3333": {
							"pre": [-0.06746, -0.22815, 9.11691],
							"post": [-0.06746, -0.22815, 9.11691],
							"lerp_mode": "catmullrom"
						},
						"3.4667": {
							"post": [0.34734, -0.32727, 9.81573],
							"lerp_mode": "catmullrom"
						},
						"3.6333": {
							"post": [4.55678, -0.14159, 9.26016],
							"lerp_mode": "catmullrom"
						},
						"3.8": {
							"post": [5.7, -4.2, -1.2],
							"lerp_mode": "catmullrom"
						},
						"4.0": {
							"post": [5.71031, -3.96353, -1.28],
							"lerp_mode": "catmullrom"
						},
						"4.2333": {
							"post": [5.71031, -3.96353, -1.2851],
							"lerp_mode": "catmullrom"
						},
						"4.3333": {
							"post": [5.7, 1.8, 7.8],
							"lerp_mode": "catmullrom"
						},
						"4.4667": {
							"post": [4.07, 0.93, 7.89],
							"lerp_mode": "catmullrom"
						},
						"4.6333": {
							"post": [2.44, 0.07, 7.97],
							"lerp_mode": "catmullrom"
						},
						"4.8": [0, 0.775, 7.35],
						"4.8333": [0, 0.775, 7.35],
						"4.9": [0, 0.58, 4.65],
						"5.0": [0, -0.275, -0.275],
						"5.0667": [0, -0.1, -0.275],
						"5.1": [0, -0.275, -0.075],
						"5.1667": [0, 0, 0],
						"5.4": [0, 0, 0]
					}
				},
				"lefthand": {
					"rotation": {
						"0.0": [107.69108, -32.75736, -156.00452],
						"0.1": [104.41741, -8.06723, -198.01172],
						"0.2667": [117.30897, -44.74439, -197.59411],
						"0.4": [92.43286, -42.35775, -144.3706],
						"2.4": [92.43286, -42.35775, -144.3706],
						"2.6": [120.62851, -8.48775, -193.60482],
						"2.7": [121.50104, -15.34359, -197.8213],
						"2.8": [120.99754, -11.92351, -195.6864],
						"2.9": [120.99754, -11.92351, -195.6864],
						"3.0": [105.80689, -29.94388, -161.02717],
						"3.1667": [78.86829, -31.18798, -110.80756],
						"3.8": [78.86829, -31.18798, -110.80756],
						"4.2667": [78.86829, -31.18798, -110.80756],
						"5.0667": [78.86829, -31.18798, -110.80756],
						"5.2": [78.86829, -31.18798, -110.80756],
						"5.4": [78.86829, -31.18798, -110.80756],
						"5.5": [88.77, -23.12, -163.8],
						"5.7": [55.58, -19.82, -179.11],
						"7.0333": [55.58, -19.82, -179.11],
						"7.2333": [55.58, -19.82, -179.11],
						"7.4667": [107.69108, -32.75736, -156.00452]
					},
					"position": {
						"0.0": [4.2, -17.9, -17.2],
						"0.1": [8, -10.3, -6.3],
						"0.2667": [8.02702, -15.48569, 0.0458],
						"0.4": [9.64611, -20.50474, 7.64554],
						"2.4": [9.64611, -20.50474, 7.64554],
						"2.6": [9.48668, -12.39341, 1.99359],
						"2.7": [9.14105, -10.98283, 2.25964],
						"2.9": [9.14105, -10.98283, 2.25964],
						"3.1": [8.55, -10.24, -1.83],
						"3.1667": [2.4, -10.8, -6.6],
						"3.8": [1.4, -12.8, -6.6],
						"4.2667": [2.4, -11.8, -5.6],
						"4.3333": [2.4, -11.8, -5.6],
						"5.0667": [2.4, -10.8, -5.6],
						"5.1333": {
							"pre": [2.4, -11.8, -5.6],
							"post": [2.4, -11.8, -5.6],
							"lerp_mode": "catmullrom"
						},
						"5.2": [7.4, -11.8, 1.4],
						"5.4": [7.36853, -14.25859, 3.68055],
						"5.5": [9.43521, -10.3576, 2.05644],
						"5.7": [10.69, -16.89, -9.59],
						"7.0333": [10.69, -16.89, -9.59],
						"7.2333": [10.69, -16.89, -9.59],
						"7.4667": [4.2, -17.9, -17.2]
					},
					"scale": {
						"0.0": [1, 1.5, 1],
						"7.4667": [1, 1.5, 1]
					}
				},
				"righthand": {
					"rotation": {
						"0.0": [89.46958, 19.49923, -180.17705],
						"7.4667": [89.46958, 19.49923, -180.17705]
					},
					"position": {
						"0.0": [-6.85, -14.075, 0.775],
						"7.4667": [-6.85, -14.075, 0.775]
					},
					"scale": {
						"0.0": [1, 1.5, 1],
						"7.4667": [1, 1.5, 1]
					}
				},
				"bone3": {
					"position": {
						"0.0": [0, 0, 0],
						"0.9333": {
							"pre": [0, 0, 0],
							"post": [0, 0, 0],
							"lerp_mode": "catmullrom"
						},
						"1.0667": {
							"post": [0.1, -0.2, 0],
							"lerp_mode": "catmullrom"
						},
						"6.5333": {
							"post": [0.1, -0.2, 0],
							"lerp_mode": "catmullrom"
						},
						"6.6333": {
							"post": [0, 0, 0],
							"lerp_mode": "catmullrom"
						}
					}
				},
				"bone": {
					"position": {
						"0.0": [0, 0, 0],
						"0.9333": {
							"pre": [0, 0, 0],
							"post": [0, 0, 0],
							"lerp_mode": "catmullrom"
						},
						"1.0667": {
							"post": [-0.1, -0.2, 0],
							"lerp_mode": "catmullrom"
						},
						"6.5333": {
							"post": [-0.1, -0.2, 0],
							"lerp_mode": "catmullrom"
						},
						"6.6333": {
							"post": [0, 0, 0],
							"lerp_mode": "catmullrom"
						}
					}
				},
				"bone104": {
					"position": {
						"0.0": [0, 0, 0],
						"0.8333": {
							"pre": [0, 0, 0],
							"post": [0, 0, 0],
							"lerp_mode": "catmullrom"
						},
						"0.9667": {
							"post": [0.1, -0.2, 0],
							"lerp_mode": "catmullrom"
						},
						"6.4333": {
							"post": [0.1, -0.2, 0],
							"lerp_mode": "catmullrom"
						},
						"6.5333": {
							"post": [0, 0, 0],
							"lerp_mode": "catmullrom"
						}
					}
				},
				"bone103": {
					"position": {
						"0.0": [0, 0, 0],
						"0.8333": {
							"pre": [0, 0, 0],
							"post": [0, 0, 0],
							"lerp_mode": "catmullrom"
						},
						"0.9667": {
							"post": [-0.1, -0.2, 0],
							"lerp_mode": "catmullrom"
						},
						"6.4333": {
							"post": [-0.1, -0.2, 0],
							"lerp_mode": "catmullrom"
						},
						"6.5333": {
							"post": [0, 0, 0],
							"lerp_mode": "catmullrom"
						}
					}
				},
				"bone107": {
					"position": {
						"0.0": [0, 0, 0],
						"0.7333": {
							"pre": [0, 0, 0],
							"post": [0, 0, 0],
							"lerp_mode": "catmullrom"
						},
						"0.8667": {
							"post": [-0.1, -0.2, 0],
							"lerp_mode": "catmullrom"
						},
						"6.3333": {
							"post": [-0.1, -0.2, 0],
							"lerp_mode": "catmullrom"
						},
						"6.4333": {
							"post": [0, 0, 0],
							"lerp_mode": "catmullrom"
						}
					}
				},
				"bone105": {
					"position": {
						"0.0": [0, 0, 0],
						"0.7333": {
							"pre": [0, 0, 0],
							"post": [0, 0, 0],
							"lerp_mode": "catmullrom"
						},
						"0.8667": {
							"post": [0.1, -0.2, 0],
							"lerp_mode": "catmullrom"
						},
						"6.3333": {
							"post": [0.1, -0.2, 0],
							"lerp_mode": "catmullrom"
						},
						"6.4333": {
							"post": [0, 0, 0],
							"lerp_mode": "catmullrom"
						}
					}
				},
				"bone106": {
					"position": {
						"0.0": [0, 0, 0],
						"0.6333": {
							"pre": [0, 0, 0],
							"post": [0, 0, 0],
							"lerp_mode": "catmullrom"
						},
						"0.7667": {
							"post": [0.1, -0.2, 0],
							"lerp_mode": "catmullrom"
						},
						"6.2333": {
							"post": [0.1, -0.2, 0],
							"lerp_mode": "catmullrom"
						},
						"6.3333": {
							"post": [0, 0, 0],
							"lerp_mode": "catmullrom"
						}
					}
				},
				"bone108": {
					"position": {
						"0.0": [0, 0, 0],
						"0.6333": {
							"pre": [0, 0, 0],
							"post": [0, 0, 0],
							"lerp_mode": "catmullrom"
						},
						"0.7667": {
							"post": [-0.1, -0.2, 0],
							"lerp_mode": "catmullrom"
						},
						"6.2333": {
							"post": [-0.1, -0.2, 0],
							"lerp_mode": "catmullrom"
						},
						"6.3333": {
							"post": [0, 0, 0],
							"lerp_mode": "catmullrom"
						}
					}
				},
				"bone110": {
					"position": {
						"0.0": [0, 0, 0],
						"0.5333": {
							"pre": [0, 0, 0],
							"post": [0, 0, 0],
							"lerp_mode": "catmullrom"
						},
						"0.6667": {
							"post": [0.1, -0.2, 0],
							"lerp_mode": "catmullrom"
						},
						"6.1333": {
							"post": [0.1, -0.2, 0],
							"lerp_mode": "catmullrom"
						},
						"6.2333": {
							"post": [0, 0, 0],
							"lerp_mode": "catmullrom"
						}
					}
				},
				"bone109": {
					"position": {
						"0.0": [0, 0, 0],
						"0.5333": {
							"pre": [0, 0, 0],
							"post": [0, 0, 0],
							"lerp_mode": "catmullrom"
						},
						"0.6667": {
							"post": [-0.1, -0.2, 0],
							"lerp_mode": "catmullrom"
						},
						"6.1333": {
							"post": [-0.1, -0.2, 0],
							"lerp_mode": "catmullrom"
						},
						"6.2333": {
							"post": [0, 0, 0],
							"lerp_mode": "catmullrom"
						}
					}
				},
				"camera": {
					"rotation": {
						"0.0": {
							"post": [0, 0, 0],
							"lerp_mode": "catmullrom"
						},
						"0.4667": {
							"post": [2.375, 0.3, -0.4],
							"lerp_mode": "catmullrom"
						},
						"0.6667": {
							"post": [3.085, 0.37, -0.23],
							"lerp_mode": "catmullrom"
						},
						"0.9": {
							"post": [3, 0.4, -0.5],
							"lerp_mode": "catmullrom"
						},
						"1.4": {
							"post": [3.175, 0.4, -0.5],
							"lerp_mode": "catmullrom"
						},
						"1.9": {
							"post": [0.5, -0.8, -0.7],
							"lerp_mode": "catmullrom"
						},
						"2.3": {
							"post": [-0.7, -0.7, -0.7],
							"lerp_mode": "catmullrom"
						},
						"2.6667": {
							"post": [1.1, 0.425, -0.4],
							"lerp_mode": "catmullrom"
						},
						"2.7667": {
							"post": [1.4, 0.51, -0.09],
							"lerp_mode": "catmullrom"
						},
						"2.8667": {
							"post": [1.44, 0.46, -0.32],
							"lerp_mode": "catmullrom"
						},
						"3.2": {
							"post": [1.5, 0.26, -0.17],
							"lerp_mode": "catmullrom"
						},
						"3.3667": {
							"post": [2.8, 0.05, -1.55],
							"lerp_mode": "catmullrom"
						},
						"3.5667": {
							"post": [2.895, -0.55, -1.415],
							"lerp_mode": "catmullrom"
						},
						"3.8": {
							"post": [4.125, -1.3, -1.6],
							"lerp_mode": "catmullrom"
						},
						"4.2667": {
							"post": [4.315, -1.34, -1.54],
							"lerp_mode": "catmullrom"
						},
						"4.4": {
							"post": [3.235, -1.19, -1.45],
							"lerp_mode": "catmullrom"
						},
						"4.6": {
							"post": [0.6, -0.4, -0.6],
							"lerp_mode": "catmullrom"
						},
						"4.7": {
							"post": [0.325, -0.17, 0.045],
							"lerp_mode": "catmullrom"
						},
						"4.8": {
							"post": [0.11, 0.02, -0.17],
							"lerp_mode": "catmullrom"
						},
						"4.9667": {
							"post": [-0.2, 0.3, 0],
							"lerp_mode": "catmullrom"
						},
						"5.1": {
							"post": [-0.18, 0.31, -0.12],
							"lerp_mode": "catmullrom"
						},
						"5.1667": {
							"post": [0.825, 0.3, -1.01],
							"lerp_mode": "catmullrom"
						},
						"5.2667": {
							"post": [-0.23, 0.26, 0.475],
							"lerp_mode": "catmullrom"
						},
						"5.3667": {
							"post": [-0.48, 0.24, -0.42],
							"lerp_mode": "catmullrom"
						},
						"5.5": {
							"post": [0.4, 0.3, -0.4],
							"lerp_mode": "catmullrom"
						},
						"5.7667": {
							"post": [2.36, 0.98, 1.24],
							"lerp_mode": "catmullrom"
						},
						"5.8667": {
							"post": [3.2, 1.2, 1.875],
							"lerp_mode": "catmullrom"
						},
						"6.1": {
							"post": [3.6, 1.2, 2.275],
							"lerp_mode": "catmullrom"
						},
						"6.2667": {
							"post": [4.41, 1.13, 2.88],
							"lerp_mode": "catmullrom"
						},
						"6.6667": {
							"post": [5, 0.9, 1.8],
							"lerp_mode": "catmullrom"
						},
						"6.9": {
							"post": [4.94, 1.13, 2.08],
							"lerp_mode": "catmullrom"
						},
						"7.0333": {
							"post": [6.175, 1.1, 0.75],
							"lerp_mode": "catmullrom"
						},
						"7.2": {
							"post": [3.68, 0.91, 2.755],
							"lerp_mode": "catmullrom"
						},
						"7.3667": {
							"post": [2.805, 0.52, 1],
							"lerp_mode": "catmullrom"
						},
						"7.5667": {
							"post": [-0.1, 0, -0.3],
							"lerp_mode": "catmullrom"
						},
						"7.6667": {
							"post": [0.575, 0, 0.775],
							"lerp_mode": "catmullrom"
						},
						"7.7667": {
							"post": [-0.1, 0, -0.325],
							"lerp_mode": "catmullrom"
						},
						"7.9": {
							"post": [0.00156, 0, 0.03516],
							"lerp_mode": "catmullrom"
						},
						"8.1667": {
							"post": [-0.1, 0, 0],
							"lerp_mode": "catmullrom"
						}
					}
				}
			},
			"sound_effects": {
				"0.1667": {
					"effect": "tacz:victor45/victor_inspect_raise"
				},
				"1.4": {
					"effect": "tacz:victor45/victor_inspect_moveclose"
				},
				"2.2333": {
					"effect": "tacz:victor45/victor_inspect_lower"
				},
				"2.8667": {
					"effect": "tacz:victor45/victor_inspect_magout"
				},
				"4.1667": {
					"effect": "tacz:victor45/victor_inspect_mvmnt"
				},
				"4.7": {
					"effect": "tacz:victor45/victor_inspect_maghit"
				},
				"5.1": {
					"effect": "tacz:victor45/victor_inspect_magin"
				},
				"5.4667": {
					"effect": "tacz:victor45/victor_inspect_rotate"
				},
				"6.0": {
					"effect": "tacz:victor45/victor_inspect_boltpull"
				},
				"7.0": {
					"effect": "tacz:victor45/victor_inspect_boltrelease"
				},
				"7.1": {
					"effect": "tacz:victor45/victor_inspect_end"
				}
			}
		},
		"reload_empty": {
			"animation_length": 3,
			"bones": {
				"bullet": {
					"scale": {
						"1.2": [0, 0, 0],
						"1.2333": [1, 1, 1]
					}
				},
				"bullet_in_mag": {
					"scale": {
						"1.2": [1, 1, 1],
						"1.2333": [0, 0, 0]
					}
				},
				"root": {
					"rotation": {
						"0.0": {
							"post": [0, 0, 0],
							"lerp_mode": "catmullrom"
						},
						"0.1": {
							"post": [-9.9798, -5.69315, -3.78492],
							"lerp_mode": "catmullrom"
						},
						"0.2667": {
							"post": [-22.64721, -22.90108, -21.45411],
							"lerp_mode": "catmullrom"
						},
						"0.4": {
							"post": [-22.78083, -23.99681, -21.41099],
							"lerp_mode": "catmullrom"
						},
						"0.4667": {
							"post": [-23.18285, -22.38797, -17.48681],
							"lerp_mode": "catmullrom"
						},
						"0.6": {
							"post": [-25.28526, -21.88253, -17.1827],
							"lerp_mode": "catmullrom"
						},
						"0.8": {
							"post": [-24.56547, -22.82701, -21.2417],
							"lerp_mode": "catmullrom"
						},
						"0.9": {
							"post": [-22.18774, -23.50748, -24.20756],
							"lerp_mode": "catmullrom"
						},
						"1.0": {
							"post": [-24.75731, -21.79456, -17.61184],
							"lerp_mode": "catmullrom"
						},
						"1.1": {
							"post": [-23.43435, -24.326, -23.31597],
							"lerp_mode": "catmullrom"
						},
						"1.2": {
							"post": [-24.7515, -23.9375, -22.89313],
							"lerp_mode": "catmullrom"
						},
						"1.3": {
							"post": [-25.26, -24.065, -23.035],
							"lerp_mode": "catmullrom"
						},
						"1.4333": {
							"post": [-20.77608, -26.65719, -33.11244],
							"lerp_mode": "catmullrom"
						},
						"1.5333": {
							"post": [-20.445, -26.395, -33.385],
							"lerp_mode": "catmullrom"
						},
						"1.7": {
							"post": [-20.60933, -26.39091, -32.51659],
							"lerp_mode": "catmullrom"
						},
						"1.7667": {
							"post": [-20.59005, -27.93453, -34.45059],
							"lerp_mode": "catmullrom"
						},
						"1.8667": {
							"post": [-19.53133, -27.39199, -32.68718],
							"lerp_mode": "catmullrom"
						},
						"2.0333": {
							"post": [-17.95987, -27.15229, -34.29352],
							"lerp_mode": "catmullrom"
						},
						"2.0667": {
							"post": [-20.06525, -26.57494, -28.46179],
							"lerp_mode": "catmullrom"
						},
						"2.1667": {
							"post": [-11.53925, -27.59772, -34.83451],
							"lerp_mode": "catmullrom"
						},
						"2.3333": {
							"post": [-14.36214, -19.444, -20.68301],
							"lerp_mode": "catmullrom"
						},
						"2.4333": {
							"post": [-12.63606, -4.76279, -6.39753],
							"lerp_mode": "catmullrom"
						},
						"2.5667": {
							"post": [-4.48906, -0.82, -0.77],
							"lerp_mode": "catmullrom"
						},
						"2.6667": {
							"post": [1.70703, 0, -1.4],
							"lerp_mode": "catmullrom"
						},
						"2.7667": {
							"post": [-0.36328, 0.425, 1.025],
							"lerp_mode": "catmullrom"
						},
						"2.8667": {
							"post": [0, 0, 0],
							"lerp_mode": "catmullrom"
						}
					},
					"position": {
						"0.0": {
							"post": [0, 0, 0],
							"lerp_mode": "catmullrom"
						},
						"0.1": {
							"post": [-1.08, -1.26, -0.28],
							"lerp_mode": "catmullrom"
						},
						"0.2667": {
							"post": [-2.6, -1.95, -1.1],
							"lerp_mode": "catmullrom"
						},
						"0.4": {
							"post": [-2.85, -1.775, -0.73],
							"lerp_mode": "catmullrom"
						},
						"0.5": {
							"post": [-2.85, -1.535, -0.605],
							"lerp_mode": "catmullrom"
						},
						"0.6667": {
							"post": [-2.8, -1.55, -0.7],
							"lerp_mode": "catmullrom"
						},
						"0.8": {
							"post": [-2.8, -1.6, -0.7],
							"lerp_mode": "catmullrom"
						},
						"0.9": {
							"post": [-2.79, -1.85, -0.65],
							"lerp_mode": "catmullrom"
						},
						"1.0": {
							"post": [-2.77, -1.71, -0.67],
							"lerp_mode": "catmullrom"
						},
						"1.1": {
							"post": [-2.78, -1.63, -0.69],
							"lerp_mode": "catmullrom"
						},
						"1.2": {
							"post": [-2.83, -1.845, -0.71],
							"lerp_mode": "catmullrom"
						},
						"1.4333": {
							"post": [-2.92, -1.905, -0.7],
							"lerp_mode": "catmullrom"
						},
						"1.6": {
							"post": [-2.93, -1.96, -0.7],
							"lerp_mode": "catmullrom"
						},
						"1.6333": {
							"post": [-2.93, -2, -1.7],
							"lerp_mode": "catmullrom"
						},
						"1.6667": {
							"post": [-2.92, -2.03, -0.7],
							"lerp_mode": "catmullrom"
						},
						"1.7667": {
							"post": [-2.895, -2.03, -0.7],
							"lerp_mode": "catmullrom"
						},
						"2.0333": {
							"post": [-2.8, -1.675, -0.7],
							"lerp_mode": "catmullrom"
						},
						"2.0667": {
							"post": [-2.9, -2.45, -0.5],
							"lerp_mode": "catmullrom"
						},
						"2.1333": {
							"post": [-2.9, -2.45, -0.54],
							"lerp_mode": "catmullrom"
						},
						"2.2667": {
							"post": [-2.7, -1.975, -0.575],
							"lerp_mode": "catmullrom"
						},
						"2.4333": {
							"post": [-0.8, -1.3, -0.875],
							"lerp_mode": "catmullrom"
						},
						"2.5333": {
							"post": [-0.05, -0.35, -1.525],
							"lerp_mode": "catmullrom"
						},
						"2.6667": {
							"post": [0.025, -0.05, 0.275],
							"lerp_mode": "catmullrom"
						},
						"2.7667": {
							"post": [0, -0.15, -0.15],
							"lerp_mode": "catmullrom"
						},
						"2.8667": {
							"post": [0, 0, 0],
							"lerp_mode": "catmullrom"
						}
					}
				},
				"mag_and_lefthand": {
					"rotation": {
						"0.0": [0, 0, 0],
						"0.9667": [0, 0, 0],
						"1.4333": [0, 0, 0],
						"1.6": [0, 0, 0],
						"2.0667": [0, 0, 0],
						"3.0": [0, 0, 0]
					},
					"position": {
						"0.0": [0, 0, 0],
						"0.4667": [0, 0, 0],
						"0.5667": [0, 0, 0],
						"0.7667": [0, 2, 21],
						"0.9667": [0, 2, 21],
						"1.4333": [0, 2, 14],
						"1.6": [0, 0, 0],
						"1.6667": [0, 0, 0],
						"1.7333": [0, 0, 0],
						"1.8333": [0, 0, 0],
						"1.9333": [0, 0, 0],
						"2.0": [0, 0, 0],
						"2.0333": [0, 0, 0],
						"2.0667": [0, 0, 0],
						"3.0": [0, 0, 0]
					},
					"scale": {
						"0.0": [1, 1, 1],
						"3.0": [1, 1, 1]
					}
				},
				"lefthand": {
					"rotation": {
						"0.0": [107.69108, -32.75736, -156.00452],
						"0.1667": [121.23178, -5.50436, -196.44119],
						"0.3667": [121.23178, -5.50436, -196.44119],
						"0.4667": [177.16, -9.57, -242.02],
						"0.5": [171.0442, -8.85241, -242.10675],
						"0.7": [171.0442, -8.85241, -242.10675],
						"1.1": [175.12669, -11.59773, -264.80618],
						"1.6": [171.0442, -8.85241, -242.10675],
						"1.6667": [171.0442, -8.85241, -242.10675],
						"1.9": {
							"pre": [112.47827, -65.78086, -205.49006],
							"post": [112.47827, -65.78086, -205.49006],
							"lerp_mode": "catmullrom"
						},
						"2.0": {
							"post": [112.47827, -65.78086, -205.49006],
							"lerp_mode": "catmullrom"
						},
						"2.0667": {
							"post": [112.47827, -65.78086, -205.49006],
							"lerp_mode": "catmullrom"
						},
						"2.2667": [99.56111, -11.48935, -192.43839],
						"2.4333": [93.69044, -14.89722, -170.46831],
						"2.5": [107.69108, -32.75736, -156.00452]
					},
					"position": {
						"0.0": [4.2, -17.9, -17.2],
						"0.1": [9.08, -13.52, -10.78],
						"0.1667": [10, -11.6, -10.5],
						"0.2667": [9.7, -11.6, -10.5],
						"0.3667": [9.7, -12.6, -9.5],
						"0.4667": [7.8057, -7.67024, -13.99296],
						"0.5": [7.8057, -7.67024, -12.99296],
						"0.7": [7.8057, -7.67024, -13.99296],
						"1.1": [7.8057, -7.67024, -12.99296],
						"1.2": [7.8057, -7.67024, -12.99296],
						"1.6": [7.8057, -7.67024, -12.99296],
						"1.6667": [7.8057, -7.67024, -10.39296],
						"1.7333": [7.8057, -7.67024, -6.99296],
						"1.9": {
							"pre": [4.83, -5.86, -3.85],
							"post": [4.83, -5.86, -3.85],
							"lerp_mode": "catmullrom"
						},
						"2.0": {
							"post": [4.83, -5.86, -4.85],
							"lerp_mode": "catmullrom"
						},
						"2.0333": {
							"post": [4.83, -12.86, -4.85],
							"lerp_mode": "catmullrom"
						},
						"2.0667": {
							"post": [4.83, -5.86, -4.85],
							"lerp_mode": "catmullrom"
						},
						"2.2667": [9.895, -18.075, -4.695],
						"2.4333": [7.415, -12.44, -7.795],
						"2.5": [4.2, -17.9, -17.2]
					},
					"scale": {
						"0.0": [1, 1.5, 1],
						"2.5": [1, 1.5, 1]
					}
				},
				"righthand": {
					"rotation": {
						"0.0": [89.46958, 19.49923, -180.17705],
						"3.0": [89.46958, 19.49923, -180.17705]
					},
					"position": {
						"0.0": [-6.85, -14.075, 0.775],
						"3.0": [-6.85, -14.075, 0.775]
					},
					"scale": {
						"0.0": [1, 1.5, 1],
						"3.0": [1, 1.5, 1]
					}
				},
				"refit_scope_view": {
					"position": [2, 0, 8]
				},
				"camera": {
					"rotation": {
						"0.0": {
							"post": [0, 0, 0],
							"lerp_mode": "catmullrom"
						},
						"0.1": {
							"post": [0.29, 0.05, -0.22],
							"lerp_mode": "catmullrom"
						},
						"0.3": {
							"post": [2.675, 0.3, -1.3],
							"lerp_mode": "catmullrom"
						},
						"0.4333": {
							"post": [2.875, 0.35, -1.51],
							"lerp_mode": "catmullrom"
						},
						"0.5": {
							"post": [3.195, 0.37, -1.43],
							"lerp_mode": "catmullrom"
						},
						"0.6": {
							"post": [3.325, 0.4, -1.725],
							"lerp_mode": "catmullrom"
						},
						"0.8333": {
							"post": [2.855, 0.4, -1.9],
							"lerp_mode": "catmullrom"
						},
						"0.9": {
							"post": [2.405, 0.4, -1.42],
							"lerp_mode": "catmullrom"
						},
						"1.0": {
							"post": [3.025, 0.4, -2.225],
							"lerp_mode": "catmullrom"
						},
						"1.1": {
							"post": [2.87, 0.44, -1.825],
							"lerp_mode": "catmullrom"
						},
						"1.2333": {
							"post": [2.55, 0.475, -1.7],
							"lerp_mode": "catmullrom"
						},
						"1.4333": {
							"post": [2.425, 0.475, -1.6],
							"lerp_mode": "catmullrom"
						},
						"1.6333": {
							"post": [2.625, 0.49, -1.76],
							"lerp_mode": "catmullrom"
						},
						"1.7": {
							"post": [3, 0.49, -1.61],
							"lerp_mode": "catmullrom"
						},
						"1.8": {
							"post": [2.775, 0.5, -1.925],
							"lerp_mode": "catmullrom"
						},
						"2.0": {
							"post": [2.85, 0.43, -1.79],
							"lerp_mode": "catmullrom"
						},
						"2.0667": {
							"post": [3.68, 0.4, -1.075],
							"lerp_mode": "catmullrom"
						},
						"2.1667": {
							"post": [2.675, 0.35, -2.11],
							"lerp_mode": "catmullrom"
						},
						"2.3333": {
							"post": [2.725, 0.3, -1.575],
							"lerp_mode": "catmullrom"
						},
						"2.5667": {
							"post": [0.04, 0.06, -0.4],
							"lerp_mode": "catmullrom"
						},
						"2.6333": {
							"post": [0.55, 0, 0.275],
							"lerp_mode": "catmullrom"
						},
						"2.7333": {
							"post": [-0.275, 0, -0.2],
							"lerp_mode": "catmullrom"
						},
						"2.8": {
							"post": [-0.19, 0, -0.13],
							"lerp_mode": "catmullrom"
						},
						"2.8667": {
							"post": [-0.05, 0, -0.04],
							"lerp_mode": "catmullrom"
						},
						"2.9667": {
							"post": [0, 0, 0],
							"lerp_mode": "catmullrom"
						}
					}
				},
				"mag_and_bullet": {
					"rotation": {
						"0.2667": [0, 0, 0],
						"0.3": [5, 0, 0],
						"2.0333": [5, 0, 0],
						"2.0667": [0, 0, 0]
					},
					"position": {
						"0.2667": [0, 0, 0],
						"2.0333": [0, 0, 0]
					}
				},
				"mag_extended_1": {
					"scale": 0
				},
				"constraint": {
					"rotation": {
						"0.0": [0.25, 0.25, 0.25],
						"0.3667": [0.75, 0.75, 0.75],
						"2.2": [0.75, 0.75, 0.75],
						"2.7667": [0.25, 0.25, 0.25]
					},
					"position": {
						"0.0": [0.25, 0.25, 0.25],
						"0.3667": [1, 1, 1],
						"2.2": [1, 1, 1],
						"2.7667": [0.25, 0.25, 0.25]
					}
				}
			},
			"sound_effects": {
				"0.1667": {
					"effect": "fennec_reload_fast_up"
				},
				"0.4667": {
					"effect": "p10_sm_victor_raise"
				},
				"1.5333": {
					"effect": "p10_sm_victor_reload_maghit"
				},
				"1.9": {
					"effect": "p10_sm_victor_reload_magin"
				},
				"2.1": {
					"effect": "p10_sm_victor_reload_end"
				}
			}
		},
		"reload_tactical": {
			"animation_length": 3,
			"bones": {
				"bullet": {
					"scale": {
						"1.2": [0, 0, 0],
						"1.2333": [1, 1, 1]
					}
				},
				"bullet_in_mag": {
					"scale": {
						"1.2": [1, 1, 1],
						"1.2333": [0, 0, 0]
					}
				},
				"root": {
					"rotation": {
						"0.0": [0, 0, 0],
						"0.1": {
							"pre": [-9.9798, -5.69315, -3.78492],
							"post": [-9.9798, -5.69315, -3.78492],
							"lerp_mode": "catmullrom"
						},
						"0.2667": {
							"post": [-22.64721, -22.90108, -21.45411],
							"lerp_mode": "catmullrom"
						},
						"0.4": {
							"post": [-22.78083, -23.99681, -21.41099],
							"lerp_mode": "catmullrom"
						},
						"0.4667": {
							"post": [-23.18285, -22.38797, -17.48681],
							"lerp_mode": "catmullrom"
						},
						"0.6": {
							"post": [-25.28526, -21.88253, -17.1827],
							"lerp_mode": "catmullrom"
						},
						"0.8": {
							"post": [-24.56547, -22.82701, -21.2417],
							"lerp_mode": "catmullrom"
						},
						"0.9": {
							"post": [-22.18774, -23.50748, -24.20756],
							"lerp_mode": "catmullrom"
						},
						"1.0": {
							"post": [-24.75731, -21.79456, -17.61184],
							"lerp_mode": "catmullrom"
						},
						"1.1": {
							"post": [-23.43435, -24.326, -23.31597],
							"lerp_mode": "catmullrom"
						},
						"1.2": {
							"post": [-24.7515, -23.9375, -22.89313],
							"lerp_mode": "catmullrom"
						},
						"1.3": {
							"post": [-25.26, -24.065, -23.035],
							"lerp_mode": "catmullrom"
						},
						"1.4333": {
							"post": [-20.77608, -26.65719, -33.11244],
							"lerp_mode": "catmullrom"
						},
						"1.5333": {
							"post": [-20.445, -26.395, -33.385],
							"lerp_mode": "catmullrom"
						},
						"1.7": {
							"post": [-20.60933, -26.39091, -32.51659],
							"lerp_mode": "catmullrom"
						},
						"1.7667": {
							"post": [-20.59005, -27.93453, -34.45059],
							"lerp_mode": "catmullrom"
						},
						"1.8667": {
							"post": [-19.53133, -27.39199, -32.68718],
							"lerp_mode": "catmullrom"
						},
						"2.0333": {
							"post": [-17.95987, -27.15229, -34.29352],
							"lerp_mode": "catmullrom"
						},
						"2.0667": {
							"post": [-20.06525, -26.57494, -28.46179],
							"lerp_mode": "catmullrom"
						},
						"2.1667": {
							"post": [-11.53925, -27.59772, -34.83451],
							"lerp_mode": "catmullrom"
						},
						"2.3333": {
							"post": [-14.36214, -19.444, -20.68301],
							"lerp_mode": "catmullrom"
						},
						"2.4333": {
							"post": [-12.63606, -4.76279, -6.39753],
							"lerp_mode": "catmullrom"
						},
						"2.5667": {
							"post": [-4.48906, -0.82, -0.77],
							"lerp_mode": "catmullrom"
						},
						"2.6667": {
							"post": [1.70703, 0, -1.4],
							"lerp_mode": "catmullrom"
						},
						"2.7667": {
							"post": [-0.36328, 0.425, 1.025],
							"lerp_mode": "catmullrom"
						},
						"2.8667": {
							"post": [0, 0, 0],
							"lerp_mode": "catmullrom"
						},
						"3.0": {
							"post": [0, 0, 0],
							"lerp_mode": "catmullrom"
						}
					},
					"position": {
						"0.0": [0, 0, 0],
						"0.1": {
							"pre": [-1.08, -1.26, -0.28],
							"post": [-1.08, -1.26, -0.28],
							"lerp_mode": "catmullrom"
						},
						"0.2667": {
							"post": [-2.6, -1.95, -1.1],
							"lerp_mode": "catmullrom"
						},
						"0.4": {
							"post": [-2.85, -1.775, -0.73],
							"lerp_mode": "catmullrom"
						},
						"0.5": {
							"post": [-2.85, -1.535, -0.605],
							"lerp_mode": "catmullrom"
						},
						"0.6667": {
							"post": [-2.8, -1.55, -0.7],
							"lerp_mode": "catmullrom"
						},
						"0.8": {
							"post": [-2.8, -1.6, -0.7],
							"lerp_mode": "catmullrom"
						},
						"0.9": {
							"post": [-2.79, -1.85, -0.65],
							"lerp_mode": "catmullrom"
						},
						"1.0": {
							"post": [-2.77, -1.71, -0.67],
							"lerp_mode": "catmullrom"
						},
						"1.1": {
							"post": [-2.78, -1.63, -0.69],
							"lerp_mode": "catmullrom"
						},
						"1.2": {
							"post": [-2.83, -1.845, -0.71],
							"lerp_mode": "catmullrom"
						},
						"1.4333": {
							"post": [-2.92, -1.905, -0.7],
							"lerp_mode": "catmullrom"
						},
						"1.6": {
							"post": [-2.93, -1.96, -0.7],
							"lerp_mode": "catmullrom"
						},
						"1.6333": {
							"post": [-2.93, -2, -1.7],
							"lerp_mode": "catmullrom"
						},
						"1.6667": {
							"post": [-2.92, -2.03, -0.7],
							"lerp_mode": "catmullrom"
						},
						"1.7667": {
							"post": [-2.895, -2.03, -0.7],
							"lerp_mode": "catmullrom"
						},
						"2.0333": {
							"post": [-2.8, -1.675, -0.7],
							"lerp_mode": "catmullrom"
						},
						"2.0667": {
							"post": [-2.9, -2.45, -0.5],
							"lerp_mode": "catmullrom"
						},
						"2.1333": {
							"post": [-2.9, -2.45, -0.54],
							"lerp_mode": "catmullrom"
						},
						"2.2667": {
							"post": [-2.7, -1.975, -0.575],
							"lerp_mode": "catmullrom"
						},
						"2.4333": {
							"post": [-0.8, -1.3, -0.875],
							"lerp_mode": "catmullrom"
						},
						"2.5333": {
							"post": [-0.05, -0.35, -1.525],
							"lerp_mode": "catmullrom"
						},
						"2.6667": {
							"post": [0.025, -0.05, 0.275],
							"lerp_mode": "catmullrom"
						},
						"2.7667": {
							"post": [0, -0.15, -0.15],
							"lerp_mode": "catmullrom"
						},
						"2.8667": {
							"post": [0, 0, 0],
							"lerp_mode": "catmullrom"
						},
						"3.0": {
							"post": [0, 0, 0],
							"lerp_mode": "catmullrom"
						}
					},
					"scale": {
						"0.0": [1, 1, 1],
						"3.0": [1, 1, 1]
					}
				},
				"mag_and_lefthand": {
					"rotation": {
						"0.0": [0, 0, 0],
						"0.9667": [0, 0, 0],
						"1.4333": [0, 0, 0],
						"1.6": [0, 0, 0],
						"2.0667": [0, 0, 0],
						"3.0": [0, 0, 0]
					},
					"position": {
						"0.0": [0, 0, 0],
						"0.4667": [0, 0, 0],
						"0.5667": [0, 0, 0],
						"0.7667": [0, 2, 21],
						"0.9667": [0, 2, 21],
						"1.4333": [0, 2, 14],
						"1.6": [0, 0, 0],
						"1.6667": [0, 0, 0],
						"1.7333": [0, 0, 0],
						"1.8333": [0, 0, 0],
						"1.9333": [0, 0, 0],
						"2.0": [0, 0, 0],
						"2.0333": [0, 0, 0],
						"2.0667": [0, 0, 0],
						"3.0": [0, 0, 0]
					},
					"scale": {
						"0.0": [1, 1, 1],
						"3.0": [1, 1, 1]
					}
				},
				"lefthand": {
					"rotation": {
						"0.0": [107.69108, -32.75736, -156.00452],
						"0.1667": [121.23178, -5.50436, -196.44119],
						"0.3667": [121.23178, -5.50436, -196.44119],
						"0.4667": [177.16, -9.57, -242.02],
						"0.5": [171.0442, -8.85241, -242.10675],
						"0.7": [171.0442, -8.85241, -242.10675],
						"1.1": [175.12669, -11.59773, -264.80618],
						"1.6": [171.0442, -8.85241, -242.10675],
						"1.6667": [171.0442, -8.85241, -242.10675],
						"1.9": {
							"pre": [112.47827, -65.78086, -205.49006],
							"post": [112.47827, -65.78086, -205.49006],
							"lerp_mode": "catmullrom"
						},
						"2.0": {
							"post": [112.47827, -65.78086, -205.49006],
							"lerp_mode": "catmullrom"
						},
						"2.0667": {
							"post": [112.47827, -65.78086, -205.49006],
							"lerp_mode": "catmullrom"
						},
						"2.2667": [99.56111, -11.48935, -192.43839],
						"2.4333": [93.69044, -14.89722, -170.46831],
						"2.5": [107.69108, -32.75736, -156.00452]
					},
					"position": {
						"0.0": [4.2, -17.9, -17.2],
						"0.1": [9.08, -13.52, -10.78],
						"0.1667": [10, -11.6, -10.5],
						"0.2667": [9.7, -11.6, -10.5],
						"0.3667": [9.7, -12.6, -9.5],
						"0.4667": [7.8057, -7.67024, -13.99296],
						"0.5": [7.8057, -7.67024, -12.99296],
						"0.7": [7.8057, -7.67024, -13.99296],
						"1.1": [7.8057, -7.67024, -12.99296],
						"1.2": [7.8057, -7.67024, -12.99296],
						"1.6": [7.8057, -7.67024, -12.99296],
						"1.6667": [7.8057, -7.67024, -10.39296],
						"1.7333": [7.8057, -7.67024, -6.99296],
						"1.9": {
							"pre": [4.83, -5.86, -3.85],
							"post": [4.83, -5.86, -3.85],
							"lerp_mode": "catmullrom"
						},
						"2.0": {
							"post": [4.83, -5.86, -4.85],
							"lerp_mode": "catmullrom"
						},
						"2.0333": {
							"post": [4.83, -12.86, -4.85],
							"lerp_mode": "catmullrom"
						},
						"2.0667": {
							"post": [4.83, -5.86, -4.85],
							"lerp_mode": "catmullrom"
						},
						"2.2667": [9.895, -18.075, -4.695],
						"2.4333": [7.415, -12.44, -7.795],
						"2.5": [4.2, -17.9, -17.2]
					},
					"scale": {
						"0.0": [1, 1.5, 1],
						"2.5": [1, 1.5, 1]
					}
				},
				"righthand": {
					"rotation": {
						"0.0": [89.46958, 19.49923, -180.17705],
						"3.0": [89.46958, 19.49923, -180.17705]
					},
					"position": {
						"0.0": [-6.85, -14.075, 0.775],
						"3.0": [-6.85, -14.075, 0.775]
					},
					"scale": {
						"0.0": [1, 1.5, 1],
						"3.0": [1, 1.5, 1]
					}
				},
				"refit_scope_view": {
					"position": [2, 0, 8]
				},
				"camera": {
					"rotation": {
						"0.0": {
							"post": [0, 0, 0],
							"lerp_mode": "catmullrom"
						},
						"0.1": {
							"post": [0.29, 0.05, -0.22],
							"lerp_mode": "catmullrom"
						},
						"0.3": {
							"post": [2.675, 0.3, -1.3],
							"lerp_mode": "catmullrom"
						},
						"0.4333": {
							"post": [2.875, 0.35, -1.51],
							"lerp_mode": "catmullrom"
						},
						"0.5": {
							"post": [3.195, 0.37, -1.43],
							"lerp_mode": "catmullrom"
						},
						"0.6": {
							"post": [3.325, 0.4, -1.725],
							"lerp_mode": "catmullrom"
						},
						"0.8333": {
							"post": [2.855, 0.4, -1.9],
							"lerp_mode": "catmullrom"
						},
						"0.9": {
							"post": [2.405, 0.4, -1.42],
							"lerp_mode": "catmullrom"
						},
						"1.0": {
							"post": [3.025, 0.4, -2.225],
							"lerp_mode": "catmullrom"
						},
						"1.1": {
							"post": [2.87, 0.44, -1.825],
							"lerp_mode": "catmullrom"
						},
						"1.2333": {
							"post": [2.55, 0.475, -1.7],
							"lerp_mode": "catmullrom"
						},
						"1.4333": {
							"post": [2.425, 0.475, -1.6],
							"lerp_mode": "catmullrom"
						},
						"1.6333": {
							"post": [2.625, 0.49, -1.76],
							"lerp_mode": "catmullrom"
						},
						"1.7": {
							"post": [3, 0.49, -1.61],
							"lerp_mode": "catmullrom"
						},
						"1.8": {
							"post": [2.775, 0.5, -1.925],
							"lerp_mode": "catmullrom"
						},
						"2.0": {
							"post": [2.85, 0.43, -1.79],
							"lerp_mode": "catmullrom"
						},
						"2.0667": {
							"post": [3.68, 0.4, -1.075],
							"lerp_mode": "catmullrom"
						},
						"2.1667": {
							"post": [2.675, 0.35, -2.11],
							"lerp_mode": "catmullrom"
						},
						"2.3333": {
							"post": [2.725, 0.3, -1.575],
							"lerp_mode": "catmullrom"
						},
						"2.5667": {
							"post": [0.04, 0.06, -0.4],
							"lerp_mode": "catmullrom"
						},
						"2.6333": {
							"post": [0.55, 0, 0.275],
							"lerp_mode": "catmullrom"
						},
						"2.7333": {
							"post": [-0.275, 0, -0.2],
							"lerp_mode": "catmullrom"
						},
						"2.8": {
							"post": [-0.19, 0, -0.13],
							"lerp_mode": "catmullrom"
						},
						"2.8667": {
							"post": [-0.05, 0, -0.04],
							"lerp_mode": "catmullrom"
						},
						"2.9667": {
							"post": [0, 0, 0],
							"lerp_mode": "catmullrom"
						}
					}
				},
				"mag_and_bullet": {
					"rotation": {
						"0.2667": [0, 0, 0],
						"0.3": [5, 0, 0],
						"2.0333": [5, 0, 0],
						"2.0667": [0, 0, 0]
					},
					"position": {
						"0.2667": [0, 0, 0],
						"2.0333": [0, 0, 0]
					}
				},
				"mag_extended_1": {
					"scale": 0
				},
				"constraint": {
					"rotation": {
						"0.0": [0.25, 0.25, 0.25],
						"0.3667": [0.75, 0.75, 0.75],
						"2.2": [0.75, 0.75, 0.75],
						"2.7667": [0.25, 0.25, 0.25]
					},
					"position": {
						"0.0": [0.25, 0.25, 0.25],
						"0.3667": [1, 1, 1],
						"2.2": [1, 1, 1],
						"2.7667": [0.25, 0.25, 0.25]
					}
				}
			},
			"sound_effects": {
				"0.1667": {
					"effect": "fennec_reload_fast_up"
				},
				"0.4667": {
					"effect": "p10_sm_victor_raise"
				},
				"1.5333": {
					"effect": "p10_sm_victor_reload_maghit"
				},
				"1.9": {
					"effect": "p10_sm_victor_reload_magin"
				},
				"2.1": {
					"effect": "p10_sm_victor_reload_end"
				}
			}
		},
		"inspect": {
			"loop": "hold_on_last_frame",
			"animation_length": 10.5333,
			"bones": {
				"bullet": {
					"scale": 0
				},
				"vector45_bolt": {
					"position": {
						"6.1667": [0, 0, 0],
						"6.3667": [0, 0, 1.23],
						"6.4": [0, 0, 1.3],
						"6.6667": [0, 0, 1.3],
						"6.9": [0, 0, 1.275],
						"7.0667": [0, 0, 1.37],
						"7.1": [0, 0, 0]
					}
				},
				"fix": {
					"rotation": {
						"5.8667": [0, 0, 0],
						"6.0667": [0, -90, 0],
						"7.0667": [0, -90, 0],
						"7.1": [0, 0, 0]
					}
				},
				"pull": {
					"position": {
						"0.0": [0, 0, 0],
						"5.7": [0, 0, 0],
						"5.8667": [0, 0, 3],
						"7.1": [0, 0, 3],
						"7.1333": [0, 0, 0]
					}
				},
				"root": {
					"rotation": {
						"0.0": {
							"post": [0, 0, 0],
							"lerp_mode": "catmullrom"
						},
						"0.1": {
							"post": [-0.48222, -10.32879, -10.6371],
							"lerp_mode": "catmullrom"
						},
						"0.2667": {
							"post": [-7.81643, -38.04124, -43.59864],
							"lerp_mode": "catmullrom"
						},
						"0.4": {
							"post": [0.52853, -46.12895, -62.22092],
							"lerp_mode": "catmullrom"
						},
						"0.6": {
							"post": [2.35707, -46.56151, -65.14637],
							"lerp_mode": "catmullrom"
						},
						"1.4": {
							"post": [3.9, -46, -66.9],
							"lerp_mode": "catmullrom"
						},
						"1.5": {
							"post": [10.5, -46.1, -76.07],
							"lerp_mode": "catmullrom"
						},
						"1.6": {
							"post": [12.04584, -46.16492, -78.2249],
							"lerp_mode": "catmullrom"
						},
						"1.7667": {
							"post": [9.46623, -46.63168, -74.66322],
							"lerp_mode": "catmullrom"
						},
						"2.0": {
							"post": [9.95239, -46.86376, -75.17502],
							"lerp_mode": "catmullrom"
						},
						"2.3": {
							"post": [9.61908, -43.90831, -74.82758],
							"lerp_mode": "catmullrom"
						},
						"2.5": {
							"post": [-13.05553, -29.41404, -39.12332],
							"lerp_mode": "catmullrom"
						},
						"2.6667": {
							"post": [-24.46, -29.06, -26.67],
							"lerp_mode": "catmullrom"
						},
						"2.8": {
							"post": [-24.77, -29.29, -26.41],
							"lerp_mode": "catmullrom"
						},
						"2.8667": {
							"post": [-25.53854, -28.5824, -24.30434],
							"lerp_mode": "catmullrom"
						},
						"2.9": {
							"post": [-26.02602, -27.90024, -23.26298],
							"lerp_mode": "catmullrom"
						},
						"3.1667": {
							"post": [-22.12661, -30.06214, -26.94814],
							"lerp_mode": "catmullrom"
						},
						"3.2667": {
							"post": [-17.89823, -31.26039, -38.8467],
							"lerp_mode": "catmullrom"
						},
						"3.3667": {
							"post": [-18.02675, -29.59281, -39.11901],
							"lerp_mode": "catmullrom"
						},
						"3.5": {
							"post": [-23.88068, -23.89861, -27.05986],
							"lerp_mode": "catmullrom"
						},
						"3.6": {
							"post": [-25.80209, -22.09574, -23.61591],
							"lerp_mode": "catmullrom"
						},
						"4.4667": {
							"post": [-26.42779, -21.32537, -21.92459],
							"lerp_mode": "catmullrom"
						},
						"4.6": {
							"post": [-20.88003, -27.95795, -23.38356],
							"lerp_mode": "catmullrom"
						},
						"4.7": {
							"post": [-13.29, -35, -31.65],
							"lerp_mode": "catmullrom"
						},
						"4.7667": {
							"post": [-7.08214, -39.04067, -40.65146],
							"lerp_mode": "catmullrom"
						},
						"4.8": {
							"post": [-4.53034, -42.10711, -40.64172],
							"lerp_mode": "catmullrom"
						},
						"4.9667": {
							"post": [-9.6791, -40.56442, -33.31033],
							"lerp_mode": "catmullrom"
						},
						"5.1": {
							"post": [-7.5921, -39.73003, -37.48158],
							"lerp_mode": "catmullrom"
						},
						"5.1667": {
							"post": [-15.61372, -37.31708, -24.62412],
							"lerp_mode": "catmullrom"
						},
						"5.2": {
							"post": [-10.19401, -38.49259, -33.45924],
							"lerp_mode": "catmullrom"
						},
						"5.3": {
							"post": [-10.47873, -36.44176, -27.0159],
							"lerp_mode": "catmullrom"
						},
						"5.4": {
							"post": [-5.42836, -33.76964, -25.99474],
							"lerp_mode": "catmullrom"
						},
						"5.5": {
							"post": [-19.91, -11.23, 17.39],
							"lerp_mode": "catmullrom"
						},
						"5.6": {
							"post": [-21.4, 8.05, 41.61],
							"lerp_mode": "catmullrom"
						},
						"5.7": {
							"post": [-31.70115, 25.78948, 56.73817],
							"lerp_mode": "catmullrom"
						},
						"5.8": {
							"post": [-35.075, 31.85, 60.09],
							"lerp_mode": "catmullrom"
						},
						"5.9": {
							"post": [-35.57112, 31.41816, 59.11623],
							"lerp_mode": "catmullrom"
						},
						"6.1667": {
							"post": [-35.81705, 31.19425, 58.63371],
							"lerp_mode": "catmullrom"
						},
						"6.3667": {
							"post": [-32.86454, 33.59838, 64.23084],
							"lerp_mode": "catmullrom"
						},
						"6.6": {
							"post": [-34.31093, 32.46214, 61.51885],
							"lerp_mode": "catmullrom"
						},
						"6.8667": {
							"post": [-33.77134, 32.90427, 62.54453],
							"lerp_mode": "catmullrom"
						},
						"7.0333": {
							"post": [-30.5461, 32.38395, 65.15087],
							"lerp_mode": "catmullrom"
						},
						"7.1667": {
							"post": [-38.95299, 28.16757, 52.23439],
							"lerp_mode": "catmullrom"
						},
						"7.2667": {
							"post": [-29.02628, 24.23817, 50.85545],
							"lerp_mode": "catmullrom"
						},
						"7.3667": {
							"post": [-7.61838, 4.90189, 37.11753],
							"lerp_mode": "catmullrom"
						},
						"7.4667": {
							"post": [-0.08, -1.71, 21.05],
							"lerp_mode": "catmullrom"
						},
						"7.5667": {
							"post": [5.1, 0.6, 6.7],
							"lerp_mode": "catmullrom"
						},
						"7.6667": {
							"post": [0, 0, 0],
							"lerp_mode": "catmullrom"
						},
						"7.7": {
							"post": [-0.18955, -0.01562, 1.75184],
							"lerp_mode": "catmullrom"
						},
						"7.8": {
							"post": [0, 0, -1.25],
							"lerp_mode": "catmullrom"
						},
						"7.9": {
							"post": [0.01, 0, 0.525],
							"lerp_mode": "catmullrom"
						},
						"8.0667": {
							"post": [0, 0, 0],
							"lerp_mode": "catmullrom"
						}
					},
					"position": {
						"0.0": {
							"post": [0, 0, 0],
							"lerp_mode": "catmullrom"
						},
						"0.2": {
							"post": [-0.07, -1.25, -2],
							"lerp_mode": "catmullrom"
						},
						"0.3667": {
							"post": [0.05, 0, -2.475],
							"lerp_mode": "catmullrom"
						},
						"0.5": {
							"post": [-0.12, -0.34, -2.23],
							"lerp_mode": "catmullrom"
						},
						"0.7": {
							"post": [-0.135, -0.445, -2.24],
							"lerp_mode": "catmullrom"
						},
						"1.1667": {
							"post": [0, -0.05, -2.3],
							"lerp_mode": "catmullrom"
						},
						"1.4667": {
							"post": [-0.06, 0.08, -2.38],
							"lerp_mode": "catmullrom"
						},
						"1.7": {
							"post": [-0.05, 0.625, -2.575],
							"lerp_mode": "catmullrom"
						},
						"2.1667": {
							"post": [-0.02, 0.76, -2.75],
							"lerp_mode": "catmullrom"
						},
						"2.3": {
							"post": [-0.1, 0.47, -2.395],
							"lerp_mode": "catmullrom"
						},
						"2.6": {
							"post": [-1.075, -1.485, -5.295],
							"lerp_mode": "catmullrom"
						},
						"2.6667": {
							"post": [-1.13, -1.79, -5.02],
							"lerp_mode": "catmullrom"
						},
						"2.7667": {
							"post": [-1.02, -1.905, -2.965],
							"lerp_mode": "catmullrom"
						},
						"2.8667": {
							"post": [-0.97, -1.86, -3.03],
							"lerp_mode": "catmullrom"
						},
						"3.0": {
							"post": [-1, -1.75, -2.97],
							"lerp_mode": "catmullrom"
						},
						"3.2": {
							"post": [-1.275, -1.71, -2.97],
							"lerp_mode": "catmullrom"
						},
						"3.3667": {
							"post": [-1.905, -1.13, -3.1],
							"lerp_mode": "catmullrom"
						},
						"3.5": {
							"post": [-3.23, -1.68, -3.11],
							"lerp_mode": "catmullrom"
						},
						"3.7": {
							"post": [-3.95, -2.555, -3.1],
							"lerp_mode": "catmullrom"
						},
						"3.8667": {
							"post": [-4.36, -2.46, -3.1],
							"lerp_mode": "catmullrom"
						},
						"4.1": {
							"post": [-4.335, -2.345, -3.1],
							"lerp_mode": "catmullrom"
						},
						"4.3": {
							"post": [-4.47, -2.45, -3.1],
							"lerp_mode": "catmullrom"
						},
						"4.4667": {
							"post": [-4.48, -2.28, -3.1],
							"lerp_mode": "catmullrom"
						},
						"4.6": {
							"post": [-4.31, -2.215, -3.1],
							"lerp_mode": "catmullrom"
						},
						"4.8": {
							"post": [-3.65, -0.885, -3.1],
							"lerp_mode": "catmullrom"
						},
						"4.9667": {
							"post": [-3.575, -1.065, -3.15],
							"lerp_mode": "catmullrom"
						},
						"5.1": {
							"post": [-3.5, -1.36, -3.1],
							"lerp_mode": "catmullrom"
						},
						"5.1667": {
							"post": [-3.4, -2.035, -2.875],
							"lerp_mode": "catmullrom"
						},
						"5.2667": {
							"post": [-3.4, -1.98, -2.87],
							"lerp_mode": "catmullrom"
						},
						"5.4": {
							"post": [-3.4, -2.285, -2.875],
							"lerp_mode": "catmullrom"
						},
						"5.5667": {
							"post": [-2.25, -2.29, -2.52],
							"lerp_mode": "catmullrom"
						},
						"5.7": {
							"post": [-2.14, -2.92, -2.26],
							"lerp_mode": "catmullrom"
						},
						"5.8667": {
							"post": [-2.28, -2.55, -2.15],
							"lerp_mode": "catmullrom"
						},
						"5.9": {
							"post": [-2.3, -2.465, -2.045],
							"lerp_mode": "catmullrom"
						},
						"6.0": {
							"post": [-2.27, -2.38, -2.09],
							"lerp_mode": "catmullrom"
						},
						"6.1": {
							"post": [-2.26, -2.33, -2.1],
							"lerp_mode": "catmullrom"
						},
						"6.3667": {
							"post": [-2.19, -2.16, -2.37],
							"lerp_mode": "catmullrom"
						},
						"6.5": {
							"post": [-2.2, -2.14, -2.43],
							"lerp_mode": "catmullrom"
						},
						"6.7": {
							"post": [-2.21, -2.22, -2.465],
							"lerp_mode": "catmullrom"
						},
						"7.0333": {
							"post": [-2.25, -2.16, -2.37],
							"lerp_mode": "catmullrom"
						},
						"7.1667": {
							"post": [-2.335, -2.005, -2.845],
							"lerp_mode": "catmullrom"
						},
						"7.2667": {
							"post": [-2.32, -2.555, -2.675],
							"lerp_mode": "catmullrom"
						},
						"7.3667": {
							"post": [-2, -1.85, -3],
							"lerp_mode": "catmullrom"
						},
						"7.4667": {
							"post": [-1.15, -0.48, -3.335],
							"lerp_mode": "catmullrom"
						},
						"7.6": {
							"post": [0, -0.825, -3.79766],
							"lerp_mode": "catmullrom"
						},
						"7.6667": {
							"post": [0.07, -0.54, 0.26016],
							"lerp_mode": "catmullrom"
						},
						"7.7": {
							"post": [0, -0.2, 0.49063],
							"lerp_mode": "catmullrom"
						},
						"7.8": {
							"post": [0, -0.1, -0.22109],
							"lerp_mode": "catmullrom"
						},
						"7.9": {
							"post": [0, 0, 0.03125],
							"lerp_mode": "catmullrom"
						},
						"8.0667": {
							"post": [0, 0, 0],
							"lerp_mode": "catmullrom"
						}
					},
					"scale": {
						"0.0": {
							"post": [1, 1, 1],
							"lerp_mode": "catmullrom"
						}
					}
				},
				"mag_and_lefthand": {
					"rotation": {
						"2.8667": [0, 0, 0],
						"2.9": [0, 0, 0],
						"3.0": [0, 0, 0],
						"3.2": [0, 0, 0],
						"3.3667": {
							"pre": [0, 0, 0],
							"post": [0, 0, 0],
							"lerp_mode": "catmullrom"
						},
						"3.5667": {
							"post": [-0.90904, -6.80041, 0.13291],
							"lerp_mode": "catmullrom"
						},
						"3.7667": {
							"post": [-5.57883, -11.04972, 3.16753],
							"lerp_mode": "catmullrom"
						},
						"4.0": {
							"post": [-8.02, -8.94, 6.33],
							"lerp_mode": "catmullrom"
						},
						"4.1": {
							"post": [-8.72535, -7.91594, 6.76449],
							"lerp_mode": "catmullrom"
						},
						"4.3": {
							"post": [-9.3, -6.79, 1.4],
							"lerp_mode": "catmullrom"
						},
						"4.4333": {
							"post": [-5.64649, -8.78819, -14.22248],
							"lerp_mode": "catmullrom"
						},
						"4.6": {
							"post": [-2.52626, -7.58991, -16.82727],
							"lerp_mode": "catmullrom"
						},
						"4.7667": [0, 0, 0],
						"4.8": [0, 0, 0],
						"4.9667": [-2, 0, 0],
						"5.0667": [-2, 0, 0],
						"5.1": [0, 0, 0],
						"5.1667": [0, 0, 0],
						"5.4": [0, 0, 0]
					},
					"position": {
						"2.9": [0, 0, 0],
						"3.0": [0, 0, 0],
						"3.2": [0, 0, 0],
						"3.3333": {
							"pre": [-0.06746, -0.22815, 9.11691],
							"post": [-0.06746, -0.22815, 9.11691],
							"lerp_mode": "catmullrom"
						},
						"3.4667": {
							"post": [0.34734, -0.32727, 9.81573],
							"lerp_mode": "catmullrom"
						},
						"3.6333": {
							"post": [4.55678, -0.14159, 9.26016],
							"lerp_mode": "catmullrom"
						},
						"3.8": {
							"post": [5.7, -4.2, -1.2],
							"lerp_mode": "catmullrom"
						},
						"4.0": {
							"post": [5.71031, -3.96353, -1.28],
							"lerp_mode": "catmullrom"
						},
						"4.2333": {
							"post": [5.71031, -3.96353, -1.2851],
							"lerp_mode": "catmullrom"
						},
						"4.3333": {
							"post": [5.7, 1.8, 7.8],
							"lerp_mode": "catmullrom"
						},
						"4.4667": {
							"post": [4.07, 0.93, 7.89],
							"lerp_mode": "catmullrom"
						},
						"4.6333": {
							"post": [2.44, 0.07, 7.97],
							"lerp_mode": "catmullrom"
						},
						"4.8": [0, 0.775, 7.35],
						"4.8333": [0, 0.775, 7.35],
						"4.9": [0, 0.58, 4.65],
						"5.0": [0, -0.275, -0.275],
						"5.0667": [0, -0.1, -0.275],
						"5.1": [0, -0.275, -0.075],
						"5.1667": [0, 0, 0],
						"5.4": [0, 0, 0]
					}
				},
				"lefthand": {
					"rotation": {
						"0.0": [107.69108, -32.75736, -156.00452],
						"0.1": [104.41741, -8.06723, -198.01172],
						"0.2667": [117.30897, -44.74439, -197.59411],
						"0.4": [92.43286, -42.35775, -144.3706],
						"2.4": [92.43286, -42.35775, -144.3706],
						"2.6": [120.62851, -8.48775, -193.60482],
						"2.7": [121.50104, -15.34359, -197.8213],
						"2.8": [120.99754, -11.92351, -195.6864],
						"2.9": [120.99754, -11.92351, -195.6864],
						"3.0": [105.80689, -29.94388, -161.02717],
						"3.1667": [78.86829, -31.18798, -110.80756],
						"3.8": [78.86829, -31.18798, -110.80756],
						"4.2667": [78.86829, -31.18798, -110.80756],
						"5.0667": [78.86829, -31.18798, -110.80756],
						"5.2": [78.86829, -31.18798, -110.80756],
						"5.4": [78.86829, -31.18798, -110.80756],
						"5.5": [88.77, -23.12, -163.8],
						"5.7": [55.58, -19.82, -179.11],
						"7.0333": [55.58, -19.82, -179.11],
						"7.2333": [55.58, -19.82, -179.11],
						"7.4667": [107.69108, -32.75736, -156.00452]
					},
					"position": {
						"0.0": [4.2, -17.9, -17.2],
						"0.1": [8, -10.3, -6.3],
						"0.2667": [8.02702, -15.48569, 0.0458],
						"0.4": [9.64611, -20.50474, 7.64554],
						"2.4": [9.64611, -20.50474, 7.64554],
						"2.6": [9.48668, -12.39341, 1.99359],
						"2.7": [9.14105, -10.98283, 2.25964],
						"2.9": [9.14105, -10.98283, 2.25964],
						"3.1": [8.55, -10.24, -1.83],
						"3.1667": [2.4, -10.8, -6.6],
						"3.8": [1.4, -12.8, -6.6],
						"4.2667": [2.4, -11.8, -5.6],
						"4.3333": [2.4, -11.8, -5.6],
						"5.0667": [2.4, -10.8, -5.6],
						"5.1333": {
							"pre": [2.4, -11.8, -5.6],
							"post": [2.4, -11.8, -5.6],
							"lerp_mode": "catmullrom"
						},
						"5.2": [7.4, -11.8, 1.4],
						"5.4": [7.36853, -14.25859, 3.68055],
						"5.5": [9.43521, -10.3576, 2.05644],
						"5.7": [10.69, -16.89, -9.59],
						"7.0333": [10.69, -16.89, -9.59],
						"7.2333": [10.69, -16.89, -9.59],
						"7.4667": [4.2, -17.9, -17.2]
					},
					"scale": {
						"0.0": [1, 1.5, 1],
						"7.4667": [1, 1.5, 1]
					}
				},
				"righthand": {
					"rotation": {
						"0.0": [89.46958, 19.49923, -180.17705],
						"7.4667": [89.46958, 19.49923, -180.17705]
					},
					"position": {
						"0.0": [-6.85, -14.075, 0.775],
						"7.4667": [-6.85, -14.075, 0.775]
					},
					"scale": {
						"0.0": [1, 1.5, 1],
						"7.4667": [1, 1.5, 1]
					}
				},
				"bone3": {
					"position": {
						"0.0": [0, 0, 0],
						"0.9333": {
							"pre": [0, 0, 0],
							"post": [0, 0, 0],
							"lerp_mode": "catmullrom"
						},
						"1.0667": {
							"post": [0.1, -0.2, 0],
							"lerp_mode": "catmullrom"
						},
						"3.6": {
							"post": [0.1, -0.2, 0],
							"lerp_mode": "catmullrom"
						},
						"3.7": {
							"post": [0, 0, 0],
							"lerp_mode": "catmullrom"
						},
						"3.8667": {
							"post": [0.1, -0.2, 0],
							"lerp_mode": "catmullrom"
						},
						"3.9667": {
							"post": [0, 0, 0],
							"lerp_mode": "catmullrom"
						},
						"4.1333": {
							"post": [0.1, -0.2, 0],
							"lerp_mode": "catmullrom"
						},
						"4.2333": {
							"post": [0, 0, 0],
							"lerp_mode": "catmullrom"
						},
						"4.4": {
							"post": [0.1, -0.2, 0],
							"lerp_mode": "catmullrom"
						},
						"4.5": {
							"post": [0, 0, 0],
							"lerp_mode": "catmullrom"
						},
						"4.6667": {
							"post": [0.1, -0.2, 0],
							"lerp_mode": "catmullrom"
						},
						"4.7667": {
							"post": [0, 0, 0],
							"lerp_mode": "catmullrom"
						},
						"6.5333": {
							"post": [0.1, -0.2, 0],
							"lerp_mode": "catmullrom"
						},
						"6.6333": {
							"post": [0, 0, 0],
							"lerp_mode": "catmullrom"
						}
					}
				},
				"bone": {
					"position": {
						"0.0": [0, 0, 0],
						"0.9333": {
							"pre": [0, 0, 0],
							"post": [0, 0, 0],
							"lerp_mode": "catmullrom"
						},
						"1.0667": {
							"post": [-0.1, -0.2, 0],
							"lerp_mode": "catmullrom"
						},
						"3.6": {
							"post": [-0.1, -0.2, 0],
							"lerp_mode": "catmullrom"
						},
						"3.7": {
							"post": [0, 0, 0],
							"lerp_mode": "catmullrom"
						},
						"3.8667": {
							"post": [-0.1, -0.2, 0],
							"lerp_mode": "catmullrom"
						},
						"3.9667": {
							"post": [0, 0, 0],
							"lerp_mode": "catmullrom"
						},
						"4.1333": {
							"post": [-0.1, -0.2, 0],
							"lerp_mode": "catmullrom"
						},
						"4.2333": {
							"post": [0, 0, 0],
							"lerp_mode": "catmullrom"
						},
						"4.4": {
							"post": [-0.1, -0.2, 0],
							"lerp_mode": "catmullrom"
						},
						"4.5": {
							"post": [0, 0, 0],
							"lerp_mode": "catmullrom"
						},
						"4.6667": {
							"post": [-0.1, -0.2, 0],
							"lerp_mode": "catmullrom"
						},
						"4.7667": {
							"post": [0, 0, 0],
							"lerp_mode": "catmullrom"
						},
						"6.5333": {
							"post": [-0.1, -0.2, 0],
							"lerp_mode": "catmullrom"
						},
						"6.6333": {
							"post": [0, 0, 0],
							"lerp_mode": "catmullrom"
						}
					}
				},
				"bone104": {
					"position": {
						"0.0": [0, 0, 0],
						"0.8333": {
							"pre": [0, 0, 0],
							"post": [0, 0, 0],
							"lerp_mode": "catmullrom"
						},
						"0.9667": {
							"post": [0.1, -0.2, 0],
							"lerp_mode": "catmullrom"
						},
						"3.5": {
							"post": [0.1, -0.2, 0],
							"lerp_mode": "catmullrom"
						},
						"3.6": {
							"post": [0, 0, 0],
							"lerp_mode": "catmullrom"
						},
						"3.7667": {
							"post": [0.1, -0.2, 0],
							"lerp_mode": "catmullrom"
						},
						"3.8667": {
							"post": [0, 0, 0],
							"lerp_mode": "catmullrom"
						},
						"4.0333": {
							"post": [0.1, -0.2, 0],
							"lerp_mode": "catmullrom"
						},
						"4.1333": {
							"post": [0, 0, 0],
							"lerp_mode": "catmullrom"
						},
						"4.3": {
							"post": [0.1, -0.2, 0],
							"lerp_mode": "catmullrom"
						},
						"4.4": {
							"post": [0, 0, 0],
							"lerp_mode": "catmullrom"
						},
						"4.5667": {
							"post": [0.1, -0.2, 0],
							"lerp_mode": "catmullrom"
						},
						"4.6667": {
							"post": [0, 0, 0],
							"lerp_mode": "catmullrom"
						},
						"6.4333": {
							"post": [0.1, -0.2, 0],
							"lerp_mode": "catmullrom"
						},
						"6.5333": {
							"post": [0, 0, 0],
							"lerp_mode": "catmullrom"
						}
					}
				},
				"bone103": {
					"position": {
						"0.0": [0, 0, 0],
						"0.8333": {
							"pre": [0, 0, 0],
							"post": [0, 0, 0],
							"lerp_mode": "catmullrom"
						},
						"0.9667": {
							"post": [-0.1, -0.2, 0],
							"lerp_mode": "catmullrom"
						},
						"3.5": {
							"post": [-0.1, -0.2, 0],
							"lerp_mode": "catmullrom"
						},
						"3.6": {
							"post": [0, 0, 0],
							"lerp_mode": "catmullrom"
						},
						"3.7667": {
							"post": [-0.1, -0.2, 0],
							"lerp_mode": "catmullrom"
						},
						"3.8667": {
							"post": [0, 0, 0],
							"lerp_mode": "catmullrom"
						},
						"4.0333": {
							"post": [-0.1, -0.2, 0],
							"lerp_mode": "catmullrom"
						},
						"4.1333": {
							"post": [0, 0, 0],
							"lerp_mode": "catmullrom"
						},
						"4.3": {
							"post": [-0.1, -0.2, 0],
							"lerp_mode": "catmullrom"
						},
						"4.4": {
							"post": [0, 0, 0],
							"lerp_mode": "catmullrom"
						},
						"4.5667": {
							"post": [-0.1, -0.2, 0],
							"lerp_mode": "catmullrom"
						},
						"4.6667": {
							"post": [0, 0, 0],
							"lerp_mode": "catmullrom"
						},
						"6.4333": {
							"post": [-0.1, -0.2, 0],
							"lerp_mode": "catmullrom"
						},
						"6.5333": {
							"post": [0, 0, 0],
							"lerp_mode": "catmullrom"
						}
					}
				},
				"bone107": {
					"position": {
						"0.7333": {
							"pre": [0, 0, 0],
							"post": [0, 0, 0],
							"lerp_mode": "catmullrom"
						},
						"0.8667": {
							"post": [-0.1, -0.2, 0],
							"lerp_mode": "catmullrom"
						},
						"3.4": {
							"post": [-0.1, -0.2, 0],
							"lerp_mode": "catmullrom"
						},
						"3.5": {
							"post": [0, 0, 0],
							"lerp_mode": "catmullrom"
						},
						"3.6667": {
							"post": [-0.1, -0.2, 0],
							"lerp_mode": "catmullrom"
						},
						"3.7667": {
							"post": [0, 0, 0],
							"lerp_mode": "catmullrom"
						},
						"3.9333": {
							"post": [-0.1, -0.2, 0],
							"lerp_mode": "catmullrom"
						},
						"4.0333": {
							"post": [0, 0, 0],
							"lerp_mode": "catmullrom"
						},
						"4.2": {
							"post": [-0.1, -0.2, 0],
							"lerp_mode": "catmullrom"
						},
						"4.3": {
							"post": [0, 0, 0],
							"lerp_mode": "catmullrom"
						},
						"4.4667": {
							"post": [-0.1, -0.2, 0],
							"lerp_mode": "catmullrom"
						},
						"4.5667": {
							"post": [0, 0, 0],
							"lerp_mode": "catmullrom"
						},
						"6.3333": {
							"post": [-0.1, -0.2, 0],
							"lerp_mode": "catmullrom"
						},
						"6.4333": {
							"post": [0, 0, 0],
							"lerp_mode": "catmullrom"
						}
					}
				},
				"bone105": {
					"position": {
						"0.0": [0, 0, 0],
						"0.7333": {
							"pre": [0, 0, 0],
							"post": [0, 0, 0],
							"lerp_mode": "catmullrom"
						},
						"0.8667": {
							"post": [0.1, -0.2, 0],
							"lerp_mode": "catmullrom"
						},
						"3.4": {
							"post": [0.1, -0.2, 0],
							"lerp_mode": "catmullrom"
						},
						"3.5": {
							"post": [0, 0, 0],
							"lerp_mode": "catmullrom"
						},
						"3.6667": {
							"post": [0.1, -0.2, 0],
							"lerp_mode": "catmullrom"
						},
						"3.7667": {
							"post": [0, 0, 0],
							"lerp_mode": "catmullrom"
						},
						"3.9333": {
							"post": [0.1, -0.2, 0],
							"lerp_mode": "catmullrom"
						},
						"4.0333": {
							"post": [0, 0, 0],
							"lerp_mode": "catmullrom"
						},
						"4.2": {
							"post": [0.1, -0.2, 0],
							"lerp_mode": "catmullrom"
						},
						"4.3": {
							"post": [0, 0, 0],
							"lerp_mode": "catmullrom"
						},
						"4.4667": {
							"post": [0.1, -0.2, 0],
							"lerp_mode": "catmullrom"
						},
						"4.5667": {
							"post": [0, 0, 0],
							"lerp_mode": "catmullrom"
						},
						"6.3333": {
							"post": [0.1, -0.2, 0],
							"lerp_mode": "catmullrom"
						},
						"6.4333": {
							"post": [0, 0, 0],
							"lerp_mode": "catmullrom"
						}
					}
				},
				"bone106": {
					"position": {
						"0.0": [0, 0, 0],
						"0.6333": {
							"pre": [0, 0, 0],
							"post": [0, 0, 0],
							"lerp_mode": "catmullrom"
						},
						"0.7667": {
							"post": [0.1, -0.2, 0],
							"lerp_mode": "catmullrom"
						},
						"3.3": {
							"post": [0.1, -0.2, 0],
							"lerp_mode": "catmullrom"
						},
						"3.4": {
							"post": [0, 0, 0],
							"lerp_mode": "catmullrom"
						},
						"3.5667": {
							"post": [0.1, -0.2, 0],
							"lerp_mode": "catmullrom"
						},
						"3.6667": {
							"post": [0, 0, 0],
							"lerp_mode": "catmullrom"
						},
						"3.8333": {
							"post": [0.1, -0.2, 0],
							"lerp_mode": "catmullrom"
						},
						"3.9333": {
							"post": [0, 0, 0],
							"lerp_mode": "catmullrom"
						},
						"4.1": {
							"post": [0.1, -0.2, 0],
							"lerp_mode": "catmullrom"
						},
						"4.2": {
							"post": [0, 0, 0],
							"lerp_mode": "catmullrom"
						},
						"4.3667": {
							"post": [0.1, -0.2, 0],
							"lerp_mode": "catmullrom"
						},
						"4.4667": {
							"post": [0, 0, 0],
							"lerp_mode": "catmullrom"
						},
						"6.2333": {
							"post": [0.1, -0.2, 0],
							"lerp_mode": "catmullrom"
						},
						"6.3333": {
							"post": [0, 0, 0],
							"lerp_mode": "catmullrom"
						}
					}
				},
				"bone108": {
					"position": {
						"0.0": [0, 0, 0],
						"0.6333": {
							"pre": [0, 0, 0],
							"post": [0, 0, 0],
							"lerp_mode": "catmullrom"
						},
						"0.7667": {
							"post": [-0.1, -0.2, 0],
							"lerp_mode": "catmullrom"
						},
						"3.3": {
							"post": [-0.1, -0.2, 0],
							"lerp_mode": "catmullrom"
						},
						"3.4": {
							"post": [0, 0, 0],
							"lerp_mode": "catmullrom"
						},
						"3.5667": {
							"post": [-0.1, -0.2, 0],
							"lerp_mode": "catmullrom"
						},
						"3.6667": {
							"post": [0, 0, 0],
							"lerp_mode": "catmullrom"
						},
						"3.8333": {
							"post": [-0.1, -0.2, 0],
							"lerp_mode": "catmullrom"
						},
						"3.9333": {
							"post": [0, 0, 0],
							"lerp_mode": "catmullrom"
						},
						"4.1": {
							"post": [-0.1, -0.2, 0],
							"lerp_mode": "catmullrom"
						},
						"4.2": {
							"post": [0, 0, 0],
							"lerp_mode": "catmullrom"
						},
						"4.3667": {
							"post": [-0.1, -0.2, 0],
							"lerp_mode": "catmullrom"
						},
						"4.4667": {
							"post": [0, 0, 0],
							"lerp_mode": "catmullrom"
						},
						"6.2333": {
							"post": [-0.1, -0.2, 0],
							"lerp_mode": "catmullrom"
						},
						"6.3333": {
							"post": [0, 0, 0],
							"lerp_mode": "catmullrom"
						}
					}
				},
				"bone110": {
					"position": {
						"0.0": [0, 0, 0],
						"0.5333": {
							"pre": [0, 0, 0],
							"post": [0, 0, 0],
							"lerp_mode": "catmullrom"
						},
						"0.6667": {
							"post": [0.1, -0.2, 0],
							"lerp_mode": "catmullrom"
						},
						"3.2": {
							"post": [0.1, -0.2, 0],
							"lerp_mode": "catmullrom"
						},
						"3.3": {
							"post": [0, 0, 0],
							"lerp_mode": "catmullrom"
						},
						"3.4667": {
							"post": [0.1, -0.2, 0],
							"lerp_mode": "catmullrom"
						},
						"3.5667": {
							"post": [0, 0, 0],
							"lerp_mode": "catmullrom"
						},
						"3.7333": {
							"post": [0.1, -0.2, 0],
							"lerp_mode": "catmullrom"
						},
						"3.8333": {
							"post": [0, 0, 0],
							"lerp_mode": "catmullrom"
						},
						"4.0": {
							"post": [0.1, -0.2, 0],
							"lerp_mode": "catmullrom"
						},
						"4.1": {
							"post": [0, 0, 0],
							"lerp_mode": "catmullrom"
						},
						"4.2667": {
							"post": [0.1, -0.2, 0],
							"lerp_mode": "catmullrom"
						},
						"4.3667": {
							"post": [0, 0, 0],
							"lerp_mode": "catmullrom"
						},
						"6.1333": {
							"post": [0.1, -0.2, 0],
							"lerp_mode": "catmullrom"
						},
						"6.2333": {
							"post": [0, 0, 0],
							"lerp_mode": "catmullrom"
						}
					}
				},
				"bone109": {
					"position": {
						"0.0": [0, 0, 0],
						"0.5333": {
							"pre": [0, 0, 0],
							"post": [0, 0, 0],
							"lerp_mode": "catmullrom"
						},
						"0.6667": {
							"post": [-0.1, -0.2, 0],
							"lerp_mode": "catmullrom"
						},
						"3.2": {
							"post": [-0.1, -0.2, 0],
							"lerp_mode": "catmullrom"
						},
						"3.3": {
							"post": [0, 0, 0],
							"lerp_mode": "catmullrom"
						},
						"3.4667": {
							"post": [-0.1, -0.2, 0],
							"lerp_mode": "catmullrom"
						},
						"3.5667": {
							"post": [0, 0, 0],
							"lerp_mode": "catmullrom"
						},
						"3.7333": {
							"post": [-0.1, -0.2, 0],
							"lerp_mode": "catmullrom"
						},
						"3.8333": {
							"post": [0, 0, 0],
							"lerp_mode": "catmullrom"
						},
						"4.0": {
							"post": [-0.1, -0.2, 0],
							"lerp_mode": "catmullrom"
						},
						"4.1": {
							"post": [0, 0, 0],
							"lerp_mode": "catmullrom"
						},
						"4.2667": {
							"post": [-0.1, -0.2, 0],
							"lerp_mode": "catmullrom"
						},
						"4.3667": {
							"post": [0, 0, 0],
							"lerp_mode": "catmullrom"
						},
						"6.1333": {
							"post": [-0.1, -0.2, 0],
							"lerp_mode": "catmullrom"
						},
						"6.2333": {
							"post": [0, 0, 0],
							"lerp_mode": "catmullrom"
						}
					}
				},
				"camera": {
					"rotation": {
						"0.0": {
							"post": [0, 0, 0],
							"lerp_mode": "catmullrom"
						},
						"0.4667": {
							"post": [2.375, 0.3, -0.4],
							"lerp_mode": "catmullrom"
						},
						"0.6667": {
							"post": [3.085, 0.37, -0.23],
							"lerp_mode": "catmullrom"
						},
						"0.9": {
							"post": [3, 0.4, -0.5],
							"lerp_mode": "catmullrom"
						},
						"1.4": {
							"post": [3.175, 0.4, -0.5],
							"lerp_mode": "catmullrom"
						},
						"1.9": {
							"post": [0.5, -0.8, -0.7],
							"lerp_mode": "catmullrom"
						},
						"2.3": {
							"post": [-0.7, -0.7, -0.7],
							"lerp_mode": "catmullrom"
						},
						"2.6667": {
							"post": [1.1, 0.425, -0.4],
							"lerp_mode": "catmullrom"
						},
						"2.7667": {
							"post": [1.4, 0.51, -0.09],
							"lerp_mode": "catmullrom"
						},
						"2.8667": {
							"post": [1.44, 0.46, -0.32],
							"lerp_mode": "catmullrom"
						},
						"3.2": {
							"post": [1.5, 0.26, -0.17],
							"lerp_mode": "catmullrom"
						},
						"3.3667": {
							"post": [2.8, 0.05, -1.55],
							"lerp_mode": "catmullrom"
						},
						"3.5667": {
							"post": [2.895, -0.55, -1.415],
							"lerp_mode": "catmullrom"
						},
						"3.8": {
							"post": [4.125, -1.3, -1.6],
							"lerp_mode": "catmullrom"
						},
						"4.2667": {
							"post": [4.315, -1.34, -1.54],
							"lerp_mode": "catmullrom"
						},
						"4.4": {
							"post": [3.235, -1.19, -1.45],
							"lerp_mode": "catmullrom"
						},
						"4.6": {
							"post": [0.6, -0.4, -0.6],
							"lerp_mode": "catmullrom"
						},
						"4.7": {
							"post": [0.325, -0.17, 0.045],
							"lerp_mode": "catmullrom"
						},
						"4.8": {
							"post": [0.11, 0.02, -0.17],
							"lerp_mode": "catmullrom"
						},
						"4.9667": {
							"post": [-0.2, 0.3, 0],
							"lerp_mode": "catmullrom"
						},
						"5.1": {
							"post": [-0.18, 0.31, -0.12],
							"lerp_mode": "catmullrom"
						},
						"5.1667": {
							"post": [0.825, 0.3, -1.01],
							"lerp_mode": "catmullrom"
						},
						"5.2667": {
							"post": [-0.23, 0.26, 0.475],
							"lerp_mode": "catmullrom"
						},
						"5.3667": {
							"post": [-0.48, 0.24, -0.42],
							"lerp_mode": "catmullrom"
						},
						"5.5": {
							"post": [0.4, 0.3, -0.4],
							"lerp_mode": "catmullrom"
						},
						"5.7667": {
							"post": [2.36, 0.98, 1.24],
							"lerp_mode": "catmullrom"
						},
						"5.8667": {
							"post": [3.2, 1.2, 1.875],
							"lerp_mode": "catmullrom"
						},
						"6.1": {
							"post": [3.6, 1.2, 2.275],
							"lerp_mode": "catmullrom"
						},
						"6.2667": {
							"post": [4.41, 1.13, 2.88],
							"lerp_mode": "catmullrom"
						},
						"6.6667": {
							"post": [5, 0.9, 1.8],
							"lerp_mode": "catmullrom"
						},
						"6.9": {
							"post": [4.94, 1.13, 2.08],
							"lerp_mode": "catmullrom"
						},
						"7.0333": {
							"post": [6.175, 1.1, 0.75],
							"lerp_mode": "catmullrom"
						},
						"7.2": {
							"post": [3.68, 0.91, 2.755],
							"lerp_mode": "catmullrom"
						},
						"7.3667": {
							"post": [2.805, 0.52, 1],
							"lerp_mode": "catmullrom"
						},
						"7.5667": {
							"post": [-0.1, 0, -0.3],
							"lerp_mode": "catmullrom"
						},
						"7.6667": {
							"post": [0.575, 0, 0.775],
							"lerp_mode": "catmullrom"
						},
						"7.7667": {
							"post": [-0.1, 0, -0.325],
							"lerp_mode": "catmullrom"
						},
						"7.9": {
							"post": [0.00156, 0, 0.03516],
							"lerp_mode": "catmullrom"
						},
						"8.1667": {
							"post": [-0.1, 0, 0],
							"lerp_mode": "catmullrom"
						}
					}
				}
			},
			"sound_effects": {
				"0.1667": {
					"effect": "tacz:victor45/victor_inspect_raise"
				},
				"1.4": {
					"effect": "tacz:victor45/victor_inspect_moveclose"
				},
				"2.2333": {
					"effect": "tacz:victor45/victor_inspect_lower"
				},
				"2.8667": {
					"effect": "tacz:victor45/victor_inspect_magout"
				},
				"4.1667": {
					"effect": "tacz:victor45/victor_inspect_mvmnt"
				},
				"4.7": {
					"effect": "tacz:victor45/victor_inspect_maghit"
				},
				"5.1": {
					"effect": "tacz:victor45/victor_inspect_magin"
				},
				"5.4667": {
					"effect": "tacz:victor45/victor_inspect_rotate"
				},
				"6.0": {
					"effect": "tacz:victor45/victor_inspect_boltpull"
				},
				"7.0": {
					"effect": "tacz:victor45/victor_inspect_boltrelease"
				},
				"7.1": {
					"effect": "tacz:victor45/victor_inspect_end"
				}
			}
		},
		"put_away": {
			"animation_length": 0.45,
			"bones": {
				"root": {
					"rotation": {
						"0.0": [0, 0, 0],
						"0.3": {
							"pre": [47.5, -80, 0],
							"post": [47.5, -80, 0],
							"lerp_mode": "catmullrom"
						},
						"0.45": [47.5, -80, 0]
					},
					"position": {
						"0.0": [0, 0, 0],
						"0.3": {
							"pre": [0, -17, 0],
							"post": [0, -17, 0],
							"lerp_mode": "catmullrom"
						},
						"0.45": [0, -17, 0]
					},
					"scale": 1
				},
				"mag_and_lefthand": {
					"rotation": [0, 0, 0],
					"position": [0, 0, 0],
					"scale": 1
				},
				"lefthand": {
					"rotation": [107.69108, -32.75736, -156.00452],
					"position": [4.2, -17.9, -17.2],
					"scale": [1, 1.5, 1]
				},
				"righthand": {
					"rotation": {
						"0.0": [89.46958, 19.49923, -180.17705],
						"0.4": [101.97, 19.5, -180.18]
					},
					"position": {
						"0.0": [-6.85, -14.075, 0.775],
						"0.4": [-6.85, -15.67, 0.78]
					},
					"scale": [1, 1.5, 1]
				},
				"constraint": {
					"rotation": [0.25, 0.25, 0.25],
					"position": [0.25, 0.25, 0.25]
				}
			}
		}
	}
}