{
	"format_version": "1.8.0",
	"animations": {
		"put_away": {
			"animation_length": 0.7333,
			"bones": {
				"root": {
					"rotation": {
						"0.0": [0, 0, 0],
						"0.0333": [-2.03, 0, 0],
						"0.0667": [-4.54, 0, 0],
						"0.1": [-7.48, 0, 0],
						"0.1333": [-10.79, 0, 0],
						"0.1667": [-14.42, 0, 0],
						"0.2": [-18.32, 0, 0],
						"0.2333": [-22.43, 0, 0],
						"0.2667": [-26.7, 0, 0],
						"0.3": [-31.07, 0, 0],
						"0.3333": [-35.5, 0, 0],
						"0.3667": [-39.93, 0, 0],
						"0.4": [-44.3, 0, 0],
						"0.4333": [-48.57, 0, 0],
						"0.4667": [-52.68, 0, 0],
						"0.5": [-56.58, 0, 0],
						"0.5333": [-60.21, 0, 0],
						"0.5667": [-63.52, 0, 0],
						"0.6": [-66.46, 0, 0],
						"0.6333": [-68.97, 0, 0],
						"0.6667": [-71, 0, 0]
					},
					"position": {
						"0.0": {
							"post": [0, 0, 0],
							"lerp_mode": "catmullrom"
						},
						"0.7333": {
							"post": [-1.65, 8.51, 28.08],
							"lerp_mode": "catmullrom"
						}
					}
				},
				"lefthand": {
					"rotation": [110.09172, -22.08351, -208.57082],
					"position": [9.1, -21, -5],
					"scale": [1, 1.5, 1]
				},
				"righthand": {
					"rotation": [94.35, 18.68, -173.87],
					"position": [-6.8, -21, 0],
					"scale": [1, 1.5, 1]
				},
				"camera": {
					"rotation": {
						"0.0": [0, 0, 0],
						"0.0333": [0.19, -0.01, -0.02],
						"0.0667": [0.47, -0.02, -0.07],
						"0.1": [0.78, -0.04, -0.1],
						"0.1333": [1.03, -0.06, -0.11],
						"0.1667": [1.15, -0.1, -0.07],
						"0.2": [1.14, -0.14, -0.01],
						"0.2333": [1.06, -0.18, 0.08],
						"0.2667": [0.93, -0.23, 0.2],
						"0.3": [0.78, -0.28, 0.32],
						"0.3333": [0.62, -0.33, 0.46],
						"0.3667": [0.47, -0.39, 0.59],
						"0.4": [0.34, -0.44, 0.73],
						"0.4333": [0.28, -0.45, 0.76],
						"0.4667": [0.22, -0.46, 0.76],
						"0.5": [0.17, -0.42, 0.7],
						"0.5333": [0.14, -0.38, 0.62],
						"0.5667": [0.11, -0.32, 0.52],
						"0.6": [0.08, -0.25, 0.41],
						"0.6333": [0.06, -0.17, 0.28],
						"0.6667": [0.03, -0.1, 0.17],
						"0.7": [0.01, -0.04, 0.07],
						"0.7333": [0, 0, 0]
					}
				}
			},
			"sound_effects": {
				"0.1667": {
					"effect": "p30_la_rpapa7_drop_hip_rattle"
				}
			}
		},
		"static_bolt_caught": {
			"loop": true,
			"bones": {
				"constraint": {
					"rotation": [0.2, 0.2, 0.2],
					"position": [0.2, 0.2, 0.2]
				},
				"gunfire_illuminated": {
					"scale": 0.01
				},
				"root": {
					"rotation": [0, 0, 0],
					"position": [0, 0, 0]
				},
				"lefthand": {
					"rotation": [110.09172, -22.08351, -208.57082],
					"position": [9.1, -21, -5],
					"scale": [1, 1.5, 1]
				},
				"righthand": {
					"rotation": [94.35, 18.68, -173.87],
					"position": [-6.8, -21, 0],
					"scale": [1, 1.5, 1]
				},
				"camera": {
					"rotation": [0, 0, 0]
				}
			},
			"sound_effects": {
				"0.0": {
					"effect": "rpg7_reload_lower"
				}
			}
		},
		"shoot_fake": {
			"loop": "hold_on_last_frame",
			"animation_length": 4.7667,
			"bones": {
				"constraint": {
					"rotation": {
						"4.3": [0.2, 0.2, 0.2],
						"4.3667": [0.1, 0.1, 0.1],
						"4.4667": [0, 0, 0]
					},
					"position": {
						"4.3": [0.15, 0.05, 0.25],
						"4.3667": [0.1, 0, 0.1],
						"4.4667": [0, 0, 0]
					}
				},
				"gunfire_illuminated": {
					"scale": {
						"0.0": [0, 0, 0],
						"0.5": [100, 100, 100],
						"4.1333": [100, 100, 100],
						"4.1667": [200, 200, 200],
						"4.3": [0, 0, 0]
					}
				},
				"bone5": {
					"rotation": {
						"0.0": [0, 0, 0],
						"0.2667": [0, 180, 0],
						"1.1333": [0, 360, 0],
						"1.6": [0, 540, 0],
						"2.1": [0, 720, 0],
						"2.3667": [0, 900, 0],
						"2.5333": [0, 1080, 0],
						"2.7": [0, 0, 0],
						"2.8333": [0, 180, 0],
						"2.9667": [0, 360, 0],
						"3.1": [0, 0, 0],
						"3.2333": [0, 180, 0],
						"3.3667": [0, 360, 0],
						"3.5": [0, 0, 0],
						"3.6333": [0, 180, 0],
						"3.7667": [0, 360, 0],
						"3.9": [0, 0, 0],
						"4.0333": [0, 180, 0],
						"4.1667": [0, 360, 0]
					}
				},
				"light_illuminated": {
					"scale": {
						"0.0": [100, 100, 100],
						"4.1333": [100, 100, 100],
						"4.1667": [0, 0, 0]
					}
				},
				"b4": {
					"scale": {
						"1.6": [0, 0, 0],
						"1.6333": [1, 1, 1]
					}
				},
				"b1": {
					"scale": {
						"3.8": [0, 0, 0],
						"3.8333": [1, 1, 1]
					}
				},
				"b2": {
					"scale": {
						"3.0": [0, 0, 0],
						"3.0333": [1, 1, 1]
					}
				},
				"b3": {
					"scale": {
						"2.4": [0, 0, 0],
						"2.4333": [1, 1, 1]
					}
				},
				"b6": {
					"scale": {
						"0.0": [0, 0, 0],
						"0.0333": [1, 1, 1]
					}
				},
				"b5": {
					"scale": {
						"0.8": [0, 0, 0],
						"0.8333": [1, 1, 1]
					}
				},
				"root": {
					"rotation": {
						"4.1333": [0, 0, 0],
						"4.1667": [1.23, 0, 0.73],
						"4.2": [-1.87, 0, -1.17],
						"4.2333": [-1.99, 0, -1.23],
						"4.2667": [-0.91, 0, -0.35],
						"4.3": [0.18, 0, 0.53],
						"4.3333": [0.27, 0, 0.27],
						"4.3667": [0.36, 0, 0.01],
						"4.4": [0.45, 0, -0.25],
						"4.4333": [0.38, -0.07, -0.08],
						"4.4667": [0.3, -0.13, 0.08],
						"4.5": [0.23, -0.2, 0.25],
						"4.5333": [0.18, -0.17, 0.17],
						"4.5667": [0.14, -0.14, 0.09],
						"4.6": [0.1, -0.11, 0.01],
						"4.6333": [0.06, -0.07, -0.07],
						"4.6667": [0.04, -0.06, -0.06],
						"4.7": [0.03, -0.04, -0.04],
						"4.7333": [0.01, -0.02, -0.02],
						"4.7667": [0, 0, 0]
					},
					"position": {
						"4.1333": [0, 0, 0],
						"4.1667": [0, -0.02, 1.73],
						"4.2": [0, -0.05, 1.38],
						"4.2333": [0, -0.05, 0.67],
						"4.2667": [0, -0.05, -0.04],
						"4.3": [0, -0.04, -0.01],
						"4.3333": [0, -0.04, 0.03],
						"4.3667": [0, -0.03, 0.06],
						"4.4": [0, -0.02, 0.1],
						"4.4333": [0, -0.02, 0.07],
						"4.4667": [0, -0.01, 0.03],
						"4.5": [0, 0, 0]
					}
				},
				"c2": {
					"rotation": {
						"1.1333": [0, 0, 0],
						"2.1": [0, 0, -360],
						"2.3667": [0, 0, 0],
						"2.5333": [0, 0, -360],
						"2.7": [0, 0, 0],
						"2.8667": [0, 0, -360],
						"3.0333": [0, 0, 0],
						"3.2": [0, 0, -360],
						"3.3667": [0, 0, 0],
						"3.5333": [0, 0, -360],
						"3.7": [0, 0, 0],
						"3.8667": [0, 0, -360],
						"4.0333": [0, 0, 0],
						"4.2": [0, 0, -360]
					},
					"scale": {
						"1.1333": [0, 0, 0],
						"1.6": [1, 1, 1]
					}
				},
				"c1": {
					"rotation": {
						"0.0": [0, 0, 0],
						"0.5": [0, 0, 180],
						"1.0": [0, 0, 360],
						"1.5": [0, 0, 0],
						"2.0667": [0, 0, 360],
						"2.3667": [0, 0, 0],
						"2.5333": [0, 0, 360],
						"2.7": [0, 0, 0],
						"2.8667": [0, 0, 360],
						"3.0333": [0, 0, 0],
						"3.2": [0, 0, 360],
						"3.3667": [0, 0, 0],
						"3.5333": [0, 0, 360],
						"3.7": [0, 0, 0],
						"3.8667": [0, 0, 360],
						"4.0333": [0, 0, 0],
						"4.2": [0, 0, 360]
					},
					"scale": {
						"0.0": [0, 0, 0],
						"0.5": [1, 1, 1]
					}
				},
				"camera": {
					"rotation": {
						"4.1333": [0, 0, 0],
						"4.1667": [0, 0, 0.6],
						"4.2": [0, 0, -0.4],
						"4.2333": [0, 0, -0.07],
						"4.2667": [0, 0, 0.33],
						"4.3": [0, 0, 0.08],
						"4.3333": [0, 0, -0.22],
						"4.3667": [0, 0, -0.15],
						"4.4": [0, 0, 0],
						"4.4333": [0, 0, 0.02],
						"4.4667": [0, 0, 0.01],
						"4.5": [0, 0, 0]
					}
				}
			}
		},
		"inspect": {
			"animation_length": 5.9333,
			"bones": {
				"root": {
					"rotation": {
						"0.0": [0, 0, 0],
						"0.0333": [0.54, -0.47, 0.14],
						"0.0667": [1.38, -1.07, 0.37],
						"0.1": [2.25, -1.86, 0.59],
						"0.1333": [2.89, -2.96, 0.7],
						"0.1667": [3.05, -4.43, 0.61],
						"0.2": [2.22, -6.76, 0.96],
						"0.2333": [0.66, -9.55, 1.59],
						"0.2667": [-0.91, -12.93, 1.02],
						"0.3": [-1.74, -16.97, -2.22],
						"0.3333": [-1.7, -19.17, -5.12],
						"0.3667": [-1.43, -21.74, -9.1],
						"0.4": [-0.99, -24.56, -13.83],
						"0.4333": [-0.46, -27.51, -18.99],
						"0.4667": [0.1, -30.46, -24.25],
						"0.5": [0.62, -33.28, -29.31],
						"0.5333": [1.04, -35.87, -33.83],
						"0.5667": [1.29, -38.08, -37.5],
						"0.6": [1.3, -39.79, -39.99],
						"0.6333": [0.65, -41.68, -41.55],
						"0.6667": [-0.59, -42.49, -40.56],
						"0.7": [-2.04, -42.64, -38.26],
						"0.7333": [-3.33, -42.55, -35.84],
						"0.7667": [-4.07, -42.64, -34.55],
						"0.8": [-4.05, -42.91, -34.67],
						"0.8333": [-3.42, -42.99, -35.46],
						"0.8667": [-2.66, -42.98, -36.33],
						"0.9": [-2.23, -42.96, -36.72],
						"0.9333": [-2.25, -42.94, -36.54],
						"0.9667": [-2.39, -42.89, -36.11],
						"1.0": [-2.61, -42.83, -35.55],
						"1.0333": [-2.87, -42.76, -34.97],
						"1.0667": [-3.12, -42.69, -34.49],
						"1.1": [-3.31, -42.65, -34.21],
						"1.1333": [-3.34, -42.65, -34.19],
						"1.1667": [-3.38, -42.64, -34.19],
						"1.2": [-3.41, -42.64, -34.21],
						"1.2333": [-3.44, -42.64, -34.25],
						"1.2667": [-3.47, -42.63, -34.3],
						"1.3": [-3.49, -42.63, -34.37],
						"1.3333": [-3.52, -42.63, -34.45],
						"1.3667": [-3.54, -42.63, -34.53],
						"1.4": [-3.57, -42.64, -34.62],
						"1.4333": [-3.59, -42.64, -34.72],
						"1.4667": [-3.62, -42.64, -34.81],
						"1.5": [-3.64, -42.64, -34.91],
						"1.5333": [-3.66, -42.64, -35],
						"1.5667": [-3.69, -42.65, -35.08],
						"1.6": [-3.71, -42.65, -35.15],
						"1.6333": [-3.74, -42.65, -35.21],
						"1.6667": [-3.76, -42.65, -35.25],
						"1.7": [-3.79, -42.65, -35.28],
						"1.7333": [-3.82, -42.65, -35.29],
						"1.7667": [-3.85, -42.65, -35.27],
						"1.8": [-3.88, -42.65, -35.23],
						"1.8333": [-3.91, -42.65, -35.17],
						"1.8667": [-3.95, -42.65, -35.07],
						"1.9": [-4.11, -42.65, -34.51],
						"1.9333": [-4.33, -42.66, -33.67],
						"1.9667": [-4.56, -42.67, -32.64],
						"2.0": [-4.78, -42.67, -31.55],
						"2.0333": [-4.95, -42.65, -30.5],
						"2.0667": [-5.05, -42.6, -29.62],
						"2.1": [-5.03, -42.51, -29.01],
						"2.1333": [-4.87, -42.5, -29],
						"2.1667": [-4.57, -42.61, -29.53],
						"2.2": [-4.18, -42.77, -30.34],
						"2.2333": [-3.75, -42.87, -31.15],
						"2.2667": [-3.35, -42.83, -31.69],
						"2.3": [-3.01, -42.57, -31.7],
						"2.3333": [-2.78, -41.99, -30.9],
						"2.3667": [-2.73, -41, -29.02],
						"2.4": [-2.73, -39.58, -26.06],
						"2.4333": [-2.67, -37.77, -22.26],
						"2.4667": [-2.64, -35.66, -17.76],
						"2.5": [-2.73, -33.31, -12.67],
						"2.5333": [-3, -30.81, -7.12],
						"2.5667": [-3.56, -28.23, -1.21],
						"2.6": [-4.47, -25.64, 4.91],
						"2.6333": [-5.82, -23.11, 11.14],
						"2.6667": [-7.59, -20.75, 17.25],
						"2.7": [-9.94, -18.13, 24.27],
						"2.7333": [-12.69, -15.36, 31.86],
						"2.7667": [-15.69, -12.54, 39.7],
						"2.8": [-18.75, -9.78, 47.44],
						"2.8333": [-21.72, -7.19, 54.76],
						"2.8667": [-24.41, -4.87, 61.31],
						"2.9": [-26.66, -2.94, 66.78],
						"2.9333": [-28.3, -1.49, 70.81],
						"2.9667": [-29.53, -0.41, 73.78],
						"3.0": [-30.05, -0.06, 74.78],
						"3.0333": [-30.06, -0.22, 74.35],
						"3.0667": [-29.75, -0.7, 73.01],
						"3.1": [-29.32, -1.31, 71.31],
						"3.1333": [-28.94, -1.82, 69.78],
						"3.1667": [-28.83, -2.05, 68.95],
						"3.2": [-28.95, -2.06, 68.44],
						"3.2333": [-29.07, -2.03, 67.82],
						"3.2667": [-29.19, -1.97, 67.22],
						"3.3": [-29.31, -1.88, 66.77],
						"3.3333": [-29.41, -1.74, 66.6],
						"3.3667": [-29.53, -1.33, 67.15],
						"3.4": [-29.61, -0.82, 68.24],
						"3.4333": [-29.69, -0.51, 69.06],
						"3.4667": [-29.76, -0.56, 69.21],
						"3.5": [-29.82, -0.78, 69.15],
						"3.5333": [-29.87, -1.02, 69.07],
						"3.5667": [-29.91, -1.13, 69.18],
						"3.6": [-29.92, -1.12, 69.29],
						"3.6333": [-29.93, -1.08, 69.45],
						"3.6667": [-29.94, -1.02, 69.64],
						"3.7": [-29.95, -0.95, 69.85],
						"3.7333": [-29.96, -0.87, 70.07],
						"3.7667": [-29.97, -0.78, 70.3],
						"3.8": [-29.97, -0.7, 70.51],
						"3.8333": [-29.97, -0.63, 70.72],
						"3.8667": [-29.95, -0.57, 70.89],
						"3.9": [-29.93, -0.52, 71.03],
						"3.9333": [-29.91, -0.51, 71.12],
						"3.9667": [-29.89, -0.5, 71.18],
						"4.0": [-29.88, -0.5, 71.24],
						"4.0333": [-29.88, -0.49, 71.3],
						"4.0667": [-29.88, -0.49, 71.36],
						"4.1": [-29.88, -0.49, 71.42],
						"4.1333": [-29.87, -0.5, 71.46],
						"4.1667": [-29.86, -0.51, 71.49],
						"4.2": [-29.85, -0.53, 71.5],
						"4.2333": [-29.81, -0.56, 71.49],
						"4.2667": [-29.76, -0.61, 71.44],
						"4.3": [-29.7, -0.66, 71.37],
						"4.3333": [-29.61, -0.74, 71.26],
						"4.3667": [-29.49, -0.83, 71.1],
						"4.4": [-29.34, -0.93, 70.9],
						"4.4333": [-29.16, -1.06, 70.66],
						"4.4667": [-28.73, -1.38, 69.97],
						"4.5": [-28.23, -1.75, 69.12],
						"4.5333": [-27.66, -2.18, 68.12],
						"4.5667": [-26.97, -2.68, 66.97],
						"4.6": [-26.16, -3.25, 65.7],
						"4.6333": [-25.19, -3.9, 64.32],
						"4.6667": [-24.04, -4.64, 62.84],
						"4.7": [-22.42, -5.78, 61.15],
						"4.7333": [-20.54, -7.22, 59.5],
						"4.7667": [-18.45, -8.77, 57.68],
						"4.8": [-16.22, -10.22, 55.52],
						"4.8333": [-13.93, -11.39, 52.83],
						"4.8667": [-11.62, -12.05, 49.41],
						"4.9": [-9.97, -12.17, 46.5],
						"4.9333": [-8.15, -12.09, 42.99],
						"4.9667": [-6.21, -11.84, 39.06],
						"5.0": [-4.24, -11.46, 34.9],
						"5.0333": [-2.31, -10.98, 30.68],
						"5.0667": [-0.5, -10.45, 26.57],
						"5.1": [1.11, -9.89, 22.76],
						"5.1333": [2.46, -9.36, 19.43],
						"5.1667": [3.46, -8.87, 16.74],
						"5.2": [4.35, -7.99, 13.44],
						"5.2333": [4.39, -6.99, 11.46],
						"5.2667": [3.91, -5.95, 10.26],
						"5.3": [3.28, -4.95, 9.29],
						"5.3333": [2.85, -4.05, 8.01],
						"5.3667": [2.5, -3.05, 5.88],
						"5.4": [2.06, -2.11, 3.72],
						"5.4333": [1.62, -1.32, 1.86],
						"5.4667": [1.26, -0.73, 0.59],
						"5.5": [0.95, -0.36, 0.25],
						"5.5333": [0.73, -0.32, 0.78],
						"5.5667": [0.54, -0.32, 1.08],
						"5.6": [0.41, -0.29, 0.86],
						"5.6333": [0.29, -0.29, 0.5],
						"5.6667": [0.18, -0.29, 0.08],
						"5.7": [0.09, -0.29, -0.29],
						"5.7333": [0.02, -0.28, -0.5],
						"5.7667": [-0.02, -0.22, -0.51],
						"5.8": [-0.02, -0.13, -0.35],
						"5.8333": [-0.01, -0.05, -0.14],
						"5.8667": [0, 0, 0]
					},
					"position": {
						"0.0": [0, 0, 0],
						"0.0333": [0.11, -0.06, -0.12],
						"0.0667": [0.26, -0.17, -0.29],
						"0.1": [0.45, -0.27, -0.49],
						"0.1333": [0.65, -0.31, -0.72],
						"0.1667": [0.86, -0.26, -0.98],
						"0.2": [1.06, -0.1, -1.24],
						"0.2333": [1.29, 0.15, -1.56],
						"0.2667": [1.53, 0.45, -1.89],
						"0.3": [1.76, 0.75, -2.22],
						"0.3333": [1.95, 1.01, -2.5],
						"0.3667": [2.1, 1.2, -2.7],
						"0.4": [2.22, 1.36, -2.86],
						"0.4333": [2.21, 1.38, -2.84],
						"0.4667": [2.2, 1.32, -2.8],
						"0.5": [2.22, 1.26, -2.79],
						"0.5333": [2.24, 1.17, -2.78],
						"0.5667": [2.26, 1.05, -2.76],
						"0.6": [2.28, 0.95, -2.73],
						"0.6333": [2.3, 0.86, -2.71],
						"0.6667": [2.3, 0.83, -2.7],
						"0.7": [2.28, 0.87, -2.69],
						"0.7333": [2.24, 1, -2.69],
						"0.7667": [2.2, 1.14, -2.69],
						"0.8": [2.19, 1.23, -2.69],
						"0.8333": [2.19, 1.25, -2.69],
						"0.8667": [2.2, 1.26, -2.69],
						"0.9": [2.22, 1.26, -2.7],
						"0.9333": [2.24, 1.26, -2.7],
						"0.9667": [2.26, 1.25, -2.7],
						"1.0": [2.28, 1.24, -2.7],
						"1.0333": [2.29, 1.23, -2.7],
						"1.0667": [2.3, 1.23, -2.7],
						"1.1": [2.3, 1.22, -2.7],
						"1.1333": [2.3, 1.22, -2.7],
						"1.1667": [2.3, 1.22, -2.7],
						"1.2": [2.3, 1.22, -2.69],
						"1.2333": [2.3, 1.22, -2.69],
						"1.2667": [2.3, 1.22, -2.69],
						"1.3": [2.3, 1.22, -2.69],
						"1.3333": [2.3, 1.22, -2.69],
						"1.3667": [2.3, 1.21, -2.69],
						"1.4": [2.3, 1.21, -2.68],
						"1.4333": [2.3, 1.21, -2.68],
						"1.4667": [2.3, 1.21, -2.68],
						"1.5": [2.29, 1.21, -2.68],
						"1.5333": [2.29, 1.2, -2.67],
						"1.5667": [2.29, 1.2, -2.67],
						"1.6": [2.29, 1.2, -2.67],
						"1.6333": [2.29, 1.19, -2.66],
						"1.6667": [2.29, 1.19, -2.66],
						"1.7": [2.28, 1.18, -2.65],
						"1.7333": [2.28, 1.18, -2.65],
						"1.7667": [2.28, 1.17, -2.65],
						"1.8": [2.28, 1.16, -2.64],
						"1.8333": [2.28, 1.15, -2.64],
						"1.8667": [2.28, 1.14, -2.63],
						"1.9": [2.28, 1.09, -2.6],
						"1.9333": [2.28, 1.01, -2.57],
						"1.9667": [2.29, 0.92, -2.53],
						"2.0": [2.29, 0.84, -2.49],
						"2.0333": [2.29, 0.76, -2.45],
						"2.0667": [2.3, 0.72, -2.43],
						"2.1": [2.3, 0.71, -2.42],
						"2.1333": [2.3, 0.73, -2.43],
						"2.1667": [2.31, 0.78, -2.43],
						"2.2": [2.31, 0.85, -2.45],
						"2.2333": [2.32, 0.93, -2.46],
						"2.2667": [2.32, 1.02, -2.48],
						"2.3": [2.33, 1.1, -2.5],
						"2.3333": [2.33, 1.19, -2.53],
						"2.3667": [2.33, 1.26, -2.57],
						"2.4": [2.33, 1.32, -2.62],
						"2.4333": [2.33, 1.36, -2.67],
						"2.4667": [2.32, 1.35, -2.77],
						"2.5": [2.31, 1.27, -2.88],
						"2.5333": [2.3, 1.17, -3],
						"2.5667": [2.28, 1.1, -3.15],
						"2.6": [2.26, 1.09, -3.34],
						"2.6333": [2.23, 1.2, -3.56],
						"2.6667": [2.21, 1.36, -3.75],
						"2.7": [2.17, 1.6, -3.99],
						"2.7333": [2.14, 1.88, -4.26],
						"2.7667": [2.1, 2.2, -4.54],
						"2.8": [2.06, 2.52, -4.82],
						"2.8333": [2.03, 2.84, -5.08],
						"2.8667": [2, 3.12, -5.31],
						"2.9": [1.97, 3.34, -5.5],
						"2.9333": [1.96, 3.49, -5.62],
						"2.9667": [1.95, 3.55, -5.67],
						"3.0": [1.94, 3.56, -5.67],
						"3.0333": [1.95, 3.52, -5.62],
						"3.0667": [1.95, 3.44, -5.54],
						"3.1": [1.96, 3.34, -5.44],
						"3.1333": [1.97, 3.24, -5.34],
						"3.1667": [1.98, 3.14, -5.24],
						"3.2": [1.99, 3.06, -5.16],
						"3.2333": [2, 3.02, -5.11],
						"3.2667": [2, 2.99, -5.09],
						"3.3": [2.01, 2.98, -5.08],
						"3.3333": [2.01, 2.98, -5.09],
						"3.3667": [2.02, 2.99, -5.1],
						"3.4": [2.02, 3, -5.12],
						"3.4333": [2.02, 3.01, -5.13],
						"3.4667": [2.03, 3.01, -5.14],
						"3.5": [2.03, 3.01, -5.14],
						"3.5333": [2.04, 3.01, -5.14],
						"3.5667": [2.04, 3, -5.14],
						"3.6": [2.05, 3, -5.15],
						"3.6333": [2.05, 3, -5.15],
						"3.6667": [2.06, 2.99, -5.15],
						"3.7": [2.06, 2.99, -5.15],
						"3.7333": [2.07, 2.98, -5.15],
						"3.7667": [2.07, 2.98, -5.15],
						"3.8": [2.08, 2.98, -5.16],
						"3.8333": [2.08, 2.97, -5.16],
						"3.8667": [2.09, 2.97, -5.16],
						"3.9": [2.09, 2.97, -5.16],
						"3.9333": [2.1, 2.97, -5.16],
						"3.9667": [2.1, 2.97, -5.16],
						"4.0": [2.11, 2.97, -5.16],
						"4.0333": [2.12, 2.98, -5.16],
						"4.0667": [2.12, 2.99, -5.16],
						"4.1": [2.13, 3.01, -5.16],
						"4.1333": [2.14, 3.02, -5.16],
						"4.1667": [2.14, 3.03, -5.16],
						"4.2": [2.15, 3.04, -5.16],
						"4.2333": [2.15, 3.04, -5.16],
						"4.2667": [2.15, 3.05, -5.16],
						"4.3": [2.16, 3.06, -5.16],
						"4.3333": [2.16, 3.07, -5.16],
						"4.3667": [2.17, 3.08, -5.17],
						"4.4": [2.17, 3.09, -5.17],
						"4.4333": [2.17, 3.09, -5.16],
						"4.4667": [2.16, 3.08, -5.15],
						"4.5": [2.14, 3.04, -5.14],
						"4.5333": [2.12, 2.99, -5.11],
						"4.5667": [2.08, 2.86, -5.06],
						"4.6": [2.05, 2.69, -5],
						"4.6333": [2, 2.49, -4.93],
						"4.6667": [1.93, 2.28, -4.85],
						"4.7": [1.82, 2.06, -4.74],
						"4.7333": [1.65, 1.87, -4.61],
						"4.7667": [1.44, 1.71, -4.49],
						"4.8": [1.15, 1.54, -4.37],
						"4.8333": [0.83, 1.38, -4.24],
						"4.8667": [0.49, 1.22, -4.09],
						"4.9": [0.18, 1.07, -3.91],
						"4.9333": [-0.07, 0.92, -3.68],
						"4.9667": [-0.24, 0.78, -3.4],
						"5.0": [-0.32, 0.66, -3.08],
						"5.0333": [-0.33, 0.55, -2.69],
						"5.0667": [-0.3, 0.44, -2.25],
						"5.1": [-0.24, 0.33, -1.8],
						"5.1333": [-0.17, 0.24, -1.34],
						"5.1667": [-0.09, 0.15, -0.92],
						"5.2": [-0.03, 0.07, -0.56],
						"5.2333": [0, 0, -0.29],
						"5.2667": [0.01, -0.07, -0.05],
						"5.3": [0.02, -0.12, 0.08],
						"5.3333": [0.02, -0.15, 0.13],
						"5.3667": [0.01, -0.17, 0.15],
						"5.4": [0, -0.18, 0.14],
						"5.4333": [0, -0.19, 0.14],
						"5.4667": [0, -0.18, 0.15],
						"5.5": [0, -0.17, 0.13],
						"5.5333": [0, -0.15, 0.09],
						"5.5667": [0, -0.12, 0.05],
						"5.6": [0, -0.09, 0.01],
						"5.6333": [0, -0.07, -0.03],
						"5.6667": [0, -0.05, -0.05],
						"5.7": [0, -0.04, -0.06],
						"5.7333": [0, -0.03, -0.05],
						"5.7667": [0, -0.02, -0.05],
						"5.8": [0, -0.02, -0.04],
						"5.8333": [0, -0.01, -0.03],
						"5.8667": [0, -0.01, -0.01],
						"5.9": [0, 0, -0.01],
						"5.9333": [0, 0, 0]
					}
				},
				"lefthand": {
					"rotation": {
						"0.0": [110.09172, -22.08351, -208.57082],
						"0.2": [96.44793, -42.46023, -169.07066],
						"0.5667": [90.36278, -43.42127, -163.69299]
					},
					"position": [9.1, -21, -5],
					"scale": [1, 1.5, 1]
				},
				"righthand": {
					"rotation": {
						"0.0": [94.35, 18.68, -173.87],
						"0.1667": [94.35, 18.68, -173.87],
						"2.7333": [94.35, 18.68, -173.87],
						"2.9333": [94.12145, -1.26651, -175.35689],
						"4.7667": [94.12145, -1.26651, -175.35689],
						"5.1333": [94.35, 18.68, -173.87]
					},
					"position": {
						"0.0": [-6.8, -21, 0],
						"0.1667": [-6.8, -21, 0],
						"0.3": [-6.8, -21, 0],
						"2.7333": [-6.8, -21, 0],
						"2.9333": [-6.8, -21, 0],
						"4.7667": [-6.8, -21, 0],
						"5.1333": [-6.8, -21, 0]
					},
					"scale": [1, 1.5, 1]
				},
				"gunfire_illuminated": {
					"scale": 0.01
				},
				"camera": {
					"rotation": {
						"0.0": [0, 0, 0],
						"0.0333": [0.04, -0.01, -0.02],
						"0.0667": [0.11, -0.03, -0.06],
						"0.1": [0.2, -0.05, -0.12],
						"0.1333": [0.29, -0.07, -0.18],
						"0.1667": [0.38, -0.09, -0.22],
						"0.2": [0.45, -0.1, -0.24],
						"0.2333": [0.5, -0.09, -0.22],
						"0.2667": [0.52, -0.06, -0.14],
						"0.3": [0.5, 0, 0],
						"0.3333": [0.43, 0.1, 0.24],
						"0.3667": [0.3, 0.23, 0.58],
						"0.4": [0.15, 0.39, 0.99],
						"0.4333": [-0.03, 0.57, 1.44],
						"0.4667": [-0.22, 0.75, 1.9],
						"0.5": [-0.41, 0.93, 2.34],
						"0.5333": [-0.58, 1.09, 2.73],
						"0.5667": [-0.72, 1.23, 3.04],
						"0.6": [-0.82, 1.33, 3.23],
						"0.6333": [-0.94, 1.46, 3.17],
						"0.6667": [-0.93, 1.45, 2.65],
						"0.7": [-0.88, 1.46, 2.27],
						"0.7333": [-0.86, 1.52, 2.31],
						"0.7667": [-0.81, 1.6, 2.48],
						"0.8": [-0.74, 1.7, 2.56],
						"0.8333": [-0.74, 1.7, 2.54],
						"0.8667": [-0.79, 1.68, 2.49],
						"0.9": [-0.86, 1.63, 2.43],
						"0.9333": [-0.95, 1.58, 2.36],
						"0.9667": [-1.03, 1.53, 2.29],
						"1.0": [-1.08, 1.5, 2.21],
						"1.0333": [-1.09, 1.5, 2.14],
						"1.0667": [-1.05, 1.55, 2.07],
						"1.1": [-0.92, 1.64, 2.02],
						"1.1333": [-0.71, 1.81, 1.98],
						"1.1667": [-0.39, 2.05, 1.97],
						"1.2": [-0.03, 2.32, 1.97],
						"1.2333": [0.44, 2.66, 1.98],
						"1.2667": [0.99, 3.07, 2.01],
						"1.3": [1.6, 3.53, 2.04],
						"1.3333": [2.27, 4.02, 2.08],
						"1.3667": [2.98, 4.54, 2.13],
						"1.4": [3.7, 5.06, 2.17],
						"1.4333": [4.42, 5.59, 2.22],
						"1.4667": [5.12, 6.11, 2.27],
						"1.5": [5.78, 6.59, 2.32],
						"1.5333": [6.39, 7.04, 2.37],
						"1.5667": [6.92, 7.44, 2.41],
						"1.6": [7.37, 7.77, 2.44],
						"1.6333": [7.71, 8.02, 2.47],
						"1.6667": [7.87, 8.15, 2.48],
						"1.7": [8.02, 8.26, 2.51],
						"1.7333": [8.16, 8.36, 2.54],
						"1.7667": [8.27, 8.45, 2.58],
						"1.8": [8.37, 8.52, 2.61],
						"1.8333": [8.45, 8.58, 2.66],
						"1.8667": [8.51, 8.63, 2.7],
						"1.9": [8.55, 8.67, 2.74],
						"1.9333": [8.58, 8.69, 2.78],
						"1.9667": [8.59, 8.7, 2.82],
						"2.0": [8.58, 8.7, 2.85],
						"2.0333": [8.56, 8.69, 2.88],
						"2.0667": [8.52, 8.66, 2.9],
						"2.1": [8.46, 8.62, 2.91],
						"2.1333": [8.39, 8.58, 2.91],
						"2.1667": [8.3, 8.52, 2.9],
						"2.2": [8.19, 8.45, 2.88],
						"2.2333": [8.07, 8.37, 2.85],
						"2.2667": [7.93, 8.28, 2.8],
						"2.3": [7.77, 8.18, 2.73],
						"2.3333": [7.6, 8.07, 2.65],
						"2.3667": [7.41, 7.95, 2.55],
						"2.4": [7.17, 7.79, 2.41],
						"2.4333": [6.87, 7.61, 2.23],
						"2.4667": [6.53, 7.39, 2.02],
						"2.5": [6.14, 7.14, 1.78],
						"2.5333": [5.72, 6.87, 1.51],
						"2.5667": [5.27, 6.59, 1.23],
						"2.6": [4.79, 6.28, 0.93],
						"2.6333": [4.3, 5.97, 0.62],
						"2.6667": [3.8, 5.65, 0.3],
						"2.7": [3.29, 5.32, -0.01],
						"2.7333": [2.77, 4.99, -0.33],
						"2.7667": [2.27, 4.66, -0.64],
						"2.8": [1.77, 4.33, -0.94],
						"2.8333": [1.29, 4.02, -1.23],
						"2.8667": [0.83, 3.72, -1.5],
						"2.9": [0.4, 3.43, -1.74],
						"2.9333": [0, 3.17, -1.96],
						"2.9667": [-0.35, 2.92, -2.14],
						"3.0": [-0.66, 2.71, -2.29],
						"3.0333": [-0.93, 2.52, -2.39],
						"3.0667": [-1.36, 2.19, -2.49],
						"3.1": [-1.65, 1.93, -2.43],
						"3.1333": [-1.81, 1.73, -2.26],
						"3.1667": [-1.89, 1.59, -2.01],
						"3.2": [-1.91, 1.48, -1.71],
						"3.2333": [-1.89, 1.4, -1.41],
						"3.2667": [-1.86, 1.32, -1.13],
						"3.3": [-1.86, 1.25, -0.92],
						"3.3333": [-1.92, 1.15, -0.8],
						"3.3667": [-2.12, 0.95, -0.82],
						"3.4": [-2.3, 0.8, -1.01],
						"3.4333": [-2.44, 0.69, -1.26],
						"3.4667": [-2.49, 0.6, -1.45],
						"3.5": [-2.49, 0.57, -1.49],
						"3.5333": [-2.46, 0.54, -1.53],
						"3.5667": [-2.42, 0.52, -1.57],
						"3.6": [-2.37, 0.51, -1.6],
						"3.6333": [-2.31, 0.5, -1.63],
						"3.6667": [-2.24, 0.49, -1.66],
						"3.7": [-2.17, 0.48, -1.69],
						"3.7333": [-2.11, 0.47, -1.71],
						"3.7667": [-2.05, 0.46, -1.73],
						"3.8": [-2, 0.45, -1.75],
						"3.8333": [-1.96, 0.44, -1.76],
						"3.8667": [-1.95, 0.43, -1.77],
						"3.9": [-1.93, 0.43, -1.78],
						"3.9333": [-1.92, 0.42, -1.8],
						"3.9667": [-1.91, 0.41, -1.82],
						"4.0": [-1.9, 0.4, -1.84],
						"4.0333": [-1.89, 0.4, -1.86],
						"4.0667": [-1.89, 0.39, -1.88],
						"4.1": [-1.88, 0.39, -1.89],
						"4.1333": [-1.88, 0.38, -1.9],
						"4.1667": [-1.87, 0.37, -1.91],
						"4.2": [-1.87, 0.37, -1.92],
						"4.2333": [-1.87, 0.36, -1.92],
						"4.2667": [-1.87, 0.36, -1.91],
						"4.3": [-1.86, 0.35, -1.9],
						"4.3333": [-1.86, 0.35, -1.87],
						"4.3667": [-1.85, 0.34, -1.84],
						"4.4": [-1.85, 0.34, -1.8],
						"4.4333": [-1.84, 0.33, -1.74],
						"4.4667": [-1.83, 0.32, -1.59],
						"4.5": [-1.82, 0.31, -1.4],
						"4.5333": [-1.81, 0.3, -1.18],
						"4.5667": [-1.8, 0.29, -0.93],
						"4.6": [-1.78, 0.29, -0.66],
						"4.6333": [-1.77, 0.28, -0.38],
						"4.6667": [-1.76, 0.28, -0.1],
						"4.7": [-1.75, 0.28, 0.17],
						"4.7333": [-1.73, 0.28, 0.42],
						"4.7667": [-1.73, 0.29, 0.69],
						"4.8": [-1.73, 0.31, 1],
						"4.8333": [-1.75, 0.33, 1.33],
						"4.8667": [-1.76, 0.36, 1.66],
						"4.9": [-1.77, 0.39, 1.97],
						"4.9333": [-1.76, 0.41, 2.24],
						"4.9667": [-1.73, 0.43, 2.46],
						"5.0": [-1.68, 0.44, 2.59],
						"5.0333": [-1.59, 0.44, 2.62],
						"5.0667": [-1.46, 0.42, 2.53],
						"5.1": [-1.27, 0.39, 2.34],
						"5.1333": [-1.06, 0.36, 2.06],
						"5.1667": [-0.83, 0.31, 1.72],
						"5.2": [-0.58, 0.27, 1.34],
						"5.2333": [-0.35, 0.22, 0.95],
						"5.2667": [-0.14, 0.18, 0.58],
						"5.3": [0.04, 0.15, 0.25],
						"5.3333": [0.18, 0.12, -0.02],
						"5.3667": [0.36, 0.08, -0.73],
						"5.4": [0.36, 0.07, -1.31],
						"5.4333": [0.31, 0.06, -1.52],
						"5.4667": [0.25, 0.04, -1.26],
						"5.5": [0.16, 0.03, -0.71],
						"5.5333": [0.07, 0.01, -0.13],
						"5.5667": [0, 0, 0.25],
						"5.6": [-0.02, 0, 0.33],
						"5.6333": [-0.02, 0, 0.28],
						"5.6667": [-0.01, 0, 0.18],
						"5.7": [0, 0, 0.07],
						"5.7333": [0, 0, 0]
					}
				}
			},
			"sound_effects": {
				"0.0": {
					"effect": "p30_la_rpapa7_inspect_hip_raise"
				},
				"1.7667": {
					"effect": "p30_la_rpapa7_inspect_hip_rotate"
				},
				"4.4": {
					"effect": "p30_la_rpapa7_inspect_hip_end"
				}
			}
		},
		"inspect_empty": {
			"animation_length": 5.9333,
			"bones": {
				"root": {
					"rotation": {
						"0.0": [0, 0, 0],
						"0.0333": [0.54, -0.47, 0.14],
						"0.0667": [1.38, -1.07, 0.37],
						"0.1": [2.25, -1.86, 0.59],
						"0.1333": [2.89, -2.96, 0.7],
						"0.1667": [3.05, -4.43, 0.61],
						"0.2": [2.22, -6.76, 0.96],
						"0.2333": [0.66, -9.55, 1.59],
						"0.2667": [-0.91, -12.93, 1.02],
						"0.3": [-1.74, -16.97, -2.22],
						"0.3333": [-1.7, -19.17, -5.12],
						"0.3667": [-1.43, -21.74, -9.1],
						"0.4": [-0.99, -24.56, -13.83],
						"0.4333": [-0.46, -27.51, -18.99],
						"0.4667": [0.1, -30.46, -24.25],
						"0.5": [0.62, -33.28, -29.31],
						"0.5333": [1.04, -35.87, -33.83],
						"0.5667": [1.29, -38.08, -37.5],
						"0.6": [1.3, -39.79, -39.99],
						"0.6333": [0.65, -41.68, -41.55],
						"0.6667": [-0.59, -42.49, -40.56],
						"0.7": [-2.04, -42.64, -38.26],
						"0.7333": [-3.33, -42.55, -35.84],
						"0.7667": [-4.07, -42.64, -34.55],
						"0.8": [-4.05, -42.91, -34.67],
						"0.8333": [-3.42, -42.99, -35.46],
						"0.8667": [-2.66, -42.98, -36.33],
						"0.9": [-2.23, -42.96, -36.72],
						"0.9333": [-2.25, -42.94, -36.54],
						"0.9667": [-2.39, -42.89, -36.11],
						"1.0": [-2.61, -42.83, -35.55],
						"1.0333": [-2.87, -42.76, -34.97],
						"1.0667": [-3.12, -42.69, -34.49],
						"1.1": [-3.31, -42.65, -34.21],
						"1.1333": [-3.34, -42.65, -34.19],
						"1.1667": [-3.38, -42.64, -34.19],
						"1.2": [-3.41, -42.64, -34.21],
						"1.2333": [-3.44, -42.64, -34.25],
						"1.2667": [-3.47, -42.63, -34.3],
						"1.3": [-3.49, -42.63, -34.37],
						"1.3333": [-3.52, -42.63, -34.45],
						"1.3667": [-3.54, -42.63, -34.53],
						"1.4": [-3.57, -42.64, -34.62],
						"1.4333": [-3.59, -42.64, -34.72],
						"1.4667": [-3.62, -42.64, -34.81],
						"1.5": [-3.64, -42.64, -34.91],
						"1.5333": [-3.66, -42.64, -35],
						"1.5667": [-3.69, -42.65, -35.08],
						"1.6": [-3.71, -42.65, -35.15],
						"1.6333": [-3.74, -42.65, -35.21],
						"1.6667": [-3.76, -42.65, -35.25],
						"1.7": [-3.79, -42.65, -35.28],
						"1.7333": [-3.82, -42.65, -35.29],
						"1.7667": [-3.85, -42.65, -35.27],
						"1.8": [-3.88, -42.65, -35.23],
						"1.8333": [-3.91, -42.65, -35.17],
						"1.8667": [-3.95, -42.65, -35.07],
						"1.9": [-4.11, -42.65, -34.51],
						"1.9333": [-4.33, -42.66, -33.67],
						"1.9667": [-4.56, -42.67, -32.64],
						"2.0": [-4.78, -42.67, -31.55],
						"2.0333": [-4.95, -42.65, -30.5],
						"2.0667": [-5.05, -42.6, -29.62],
						"2.1": [-5.03, -42.51, -29.01],
						"2.1333": [-4.87, -42.5, -29],
						"2.1667": [-4.57, -42.61, -29.53],
						"2.2": [-4.18, -42.77, -30.34],
						"2.2333": [-3.75, -42.87, -31.15],
						"2.2667": [-3.35, -42.83, -31.69],
						"2.3": [-3.01, -42.57, -31.7],
						"2.3333": [-2.78, -41.99, -30.9],
						"2.3667": [-2.73, -41, -29.02],
						"2.4": [-2.73, -39.58, -26.06],
						"2.4333": [-2.67, -37.77, -22.26],
						"2.4667": [-2.64, -35.66, -17.76],
						"2.5": [-2.73, -33.31, -12.67],
						"2.5333": [-3, -30.81, -7.12],
						"2.5667": [-3.56, -28.23, -1.21],
						"2.6": [-4.47, -25.64, 4.91],
						"2.6333": [-5.82, -23.11, 11.14],
						"2.6667": [-7.59, -20.75, 17.25],
						"2.7": [-9.94, -18.13, 24.27],
						"2.7333": [-12.69, -15.36, 31.86],
						"2.7667": [-15.69, -12.54, 39.7],
						"2.8": [-18.75, -9.78, 47.44],
						"2.8333": [-21.72, -7.19, 54.76],
						"2.8667": [-24.41, -4.87, 61.31],
						"2.9": [-26.66, -2.94, 66.78],
						"2.9333": [-28.3, -1.49, 70.81],
						"2.9667": [-29.53, -0.41, 73.78],
						"3.0": [-30.05, -0.06, 74.78],
						"3.0333": [-30.06, -0.22, 74.35],
						"3.0667": [-29.75, -0.7, 73.01],
						"3.1": [-29.32, -1.31, 71.31],
						"3.1333": [-28.94, -1.82, 69.78],
						"3.1667": [-28.83, -2.05, 68.95],
						"3.2": [-28.95, -2.06, 68.44],
						"3.2333": [-29.07, -2.03, 67.82],
						"3.2667": [-29.19, -1.97, 67.22],
						"3.3": [-29.31, -1.88, 66.77],
						"3.3333": [-29.41, -1.74, 66.6],
						"3.3667": [-29.53, -1.33, 67.15],
						"3.4": [-29.61, -0.82, 68.24],
						"3.4333": [-29.69, -0.51, 69.06],
						"3.4667": [-29.76, -0.56, 69.21],
						"3.5": [-29.82, -0.78, 69.15],
						"3.5333": [-29.87, -1.02, 69.07],
						"3.5667": [-29.91, -1.13, 69.18],
						"3.6": [-29.92, -1.12, 69.29],
						"3.6333": [-29.93, -1.08, 69.45],
						"3.6667": [-29.94, -1.02, 69.64],
						"3.7": [-29.95, -0.95, 69.85],
						"3.7333": [-29.96, -0.87, 70.07],
						"3.7667": [-29.97, -0.78, 70.3],
						"3.8": [-29.97, -0.7, 70.51],
						"3.8333": [-29.97, -0.63, 70.72],
						"3.8667": [-29.95, -0.57, 70.89],
						"3.9": [-29.93, -0.52, 71.03],
						"3.9333": [-29.91, -0.51, 71.12],
						"3.9667": [-29.89, -0.5, 71.18],
						"4.0": [-29.88, -0.5, 71.24],
						"4.0333": [-29.88, -0.49, 71.3],
						"4.0667": [-29.88, -0.49, 71.36],
						"4.1": [-29.88, -0.49, 71.42],
						"4.1333": [-29.87, -0.5, 71.46],
						"4.1667": [-29.86, -0.51, 71.49],
						"4.2": [-29.85, -0.53, 71.5],
						"4.2333": [-29.81, -0.56, 71.49],
						"4.2667": [-29.76, -0.61, 71.44],
						"4.3": [-29.7, -0.66, 71.37],
						"4.3333": [-29.61, -0.74, 71.26],
						"4.3667": [-29.49, -0.83, 71.1],
						"4.4": [-29.34, -0.93, 70.9],
						"4.4333": [-29.16, -1.06, 70.66],
						"4.4667": [-28.73, -1.38, 69.97],
						"4.5": [-28.23, -1.75, 69.12],
						"4.5333": [-27.66, -2.18, 68.12],
						"4.5667": [-26.97, -2.68, 66.97],
						"4.6": [-26.16, -3.25, 65.7],
						"4.6333": [-25.19, -3.9, 64.32],
						"4.6667": [-24.04, -4.64, 62.84],
						"4.7": [-22.42, -5.78, 61.15],
						"4.7333": [-20.54, -7.22, 59.5],
						"4.7667": [-18.45, -8.77, 57.68],
						"4.8": [-16.22, -10.22, 55.52],
						"4.8333": [-13.93, -11.39, 52.83],
						"4.8667": [-11.62, -12.05, 49.41],
						"4.9": [-9.97, -12.17, 46.5],
						"4.9333": [-8.15, -12.09, 42.99],
						"4.9667": [-6.21, -11.84, 39.06],
						"5.0": [-4.24, -11.46, 34.9],
						"5.0333": [-2.31, -10.98, 30.68],
						"5.0667": [-0.5, -10.45, 26.57],
						"5.1": [1.11, -9.89, 22.76],
						"5.1333": [2.46, -9.36, 19.43],
						"5.1667": [3.46, -8.87, 16.74],
						"5.2": [4.35, -7.99, 13.44],
						"5.2333": [4.39, -6.99, 11.46],
						"5.2667": [3.91, -5.95, 10.26],
						"5.3": [3.28, -4.95, 9.29],
						"5.3333": [2.85, -4.05, 8.01],
						"5.3667": [2.5, -3.05, 5.88],
						"5.4": [2.06, -2.11, 3.72],
						"5.4333": [1.62, -1.32, 1.86],
						"5.4667": [1.26, -0.73, 0.59],
						"5.5": [0.95, -0.36, 0.25],
						"5.5333": [0.73, -0.32, 0.78],
						"5.5667": [0.54, -0.32, 1.08],
						"5.6": [0.41, -0.29, 0.86],
						"5.6333": [0.29, -0.29, 0.5],
						"5.6667": [0.18, -0.29, 0.08],
						"5.7": [0.09, -0.29, -0.29],
						"5.7333": [0.02, -0.28, -0.5],
						"5.7667": [-0.02, -0.22, -0.51],
						"5.8": [-0.02, -0.13, -0.35],
						"5.8333": [-0.01, -0.05, -0.14],
						"5.8667": [0, 0, 0]
					},
					"position": {
						"0.0": [0, 0, 0],
						"0.0333": [0.11, -0.06, -0.12],
						"0.0667": [0.26, -0.17, -0.29],
						"0.1": [0.45, -0.27, -0.49],
						"0.1333": [0.65, -0.31, -0.72],
						"0.1667": [0.86, -0.26, -0.98],
						"0.2": [1.06, -0.1, -1.24],
						"0.2333": [1.29, 0.15, -1.56],
						"0.2667": [1.53, 0.45, -1.89],
						"0.3": [1.76, 0.75, -2.22],
						"0.3333": [1.95, 1.01, -2.5],
						"0.3667": [2.1, 1.2, -2.7],
						"0.4": [2.22, 1.36, -2.86],
						"0.4333": [2.21, 1.38, -2.84],
						"0.4667": [2.2, 1.32, -2.8],
						"0.5": [2.22, 1.26, -2.79],
						"0.5333": [2.24, 1.17, -2.78],
						"0.5667": [2.26, 1.05, -2.76],
						"0.6": [2.28, 0.95, -2.73],
						"0.6333": [2.3, 0.86, -2.71],
						"0.6667": [2.3, 0.83, -2.7],
						"0.7": [2.28, 0.87, -2.69],
						"0.7333": [2.24, 1, -2.69],
						"0.7667": [2.2, 1.14, -2.69],
						"0.8": [2.19, 1.23, -2.69],
						"0.8333": [2.19, 1.25, -2.69],
						"0.8667": [2.2, 1.26, -2.69],
						"0.9": [2.22, 1.26, -2.7],
						"0.9333": [2.24, 1.26, -2.7],
						"0.9667": [2.26, 1.25, -2.7],
						"1.0": [2.28, 1.24, -2.7],
						"1.0333": [2.29, 1.23, -2.7],
						"1.0667": [2.3, 1.23, -2.7],
						"1.1": [2.3, 1.22, -2.7],
						"1.1333": [2.3, 1.22, -2.7],
						"1.1667": [2.3, 1.22, -2.7],
						"1.2": [2.3, 1.22, -2.69],
						"1.2333": [2.3, 1.22, -2.69],
						"1.2667": [2.3, 1.22, -2.69],
						"1.3": [2.3, 1.22, -2.69],
						"1.3333": [2.3, 1.22, -2.69],
						"1.3667": [2.3, 1.21, -2.69],
						"1.4": [2.3, 1.21, -2.68],
						"1.4333": [2.3, 1.21, -2.68],
						"1.4667": [2.3, 1.21, -2.68],
						"1.5": [2.29, 1.21, -2.68],
						"1.5333": [2.29, 1.2, -2.67],
						"1.5667": [2.29, 1.2, -2.67],
						"1.6": [2.29, 1.2, -2.67],
						"1.6333": [2.29, 1.19, -2.66],
						"1.6667": [2.29, 1.19, -2.66],
						"1.7": [2.28, 1.18, -2.65],
						"1.7333": [2.28, 1.18, -2.65],
						"1.7667": [2.28, 1.17, -2.65],
						"1.8": [2.28, 1.16, -2.64],
						"1.8333": [2.28, 1.15, -2.64],
						"1.8667": [2.28, 1.14, -2.63],
						"1.9": [2.28, 1.09, -2.6],
						"1.9333": [2.28, 1.01, -2.57],
						"1.9667": [2.29, 0.92, -2.53],
						"2.0": [2.29, 0.84, -2.49],
						"2.0333": [2.29, 0.76, -2.45],
						"2.0667": [2.3, 0.72, -2.43],
						"2.1": [2.3, 0.71, -2.42],
						"2.1333": [2.3, 0.73, -2.43],
						"2.1667": [2.31, 0.78, -2.43],
						"2.2": [2.31, 0.85, -2.45],
						"2.2333": [2.32, 0.93, -2.46],
						"2.2667": [2.32, 1.02, -2.48],
						"2.3": [2.33, 1.1, -2.5],
						"2.3333": [2.33, 1.19, -2.53],
						"2.3667": [2.33, 1.26, -2.57],
						"2.4": [2.33, 1.32, -2.62],
						"2.4333": [2.33, 1.36, -2.67],
						"2.4667": [2.32, 1.35, -2.77],
						"2.5": [2.31, 1.27, -2.88],
						"2.5333": [2.3, 1.17, -3],
						"2.5667": [2.28, 1.1, -3.15],
						"2.6": [2.26, 1.09, -3.34],
						"2.6333": [2.23, 1.2, -3.56],
						"2.6667": [2.21, 1.36, -3.75],
						"2.7": [2.17, 1.6, -3.99],
						"2.7333": [2.14, 1.88, -4.26],
						"2.7667": [2.1, 2.2, -4.54],
						"2.8": [2.06, 2.52, -4.82],
						"2.8333": [2.03, 2.84, -5.08],
						"2.8667": [2, 3.12, -5.31],
						"2.9": [1.97, 3.34, -5.5],
						"2.9333": [1.96, 3.49, -5.62],
						"2.9667": [1.95, 3.55, -5.67],
						"3.0": [1.94, 3.56, -5.67],
						"3.0333": [1.95, 3.52, -5.62],
						"3.0667": [1.95, 3.44, -5.54],
						"3.1": [1.96, 3.34, -5.44],
						"3.1333": [1.97, 3.24, -5.34],
						"3.1667": [1.98, 3.14, -5.24],
						"3.2": [1.99, 3.06, -5.16],
						"3.2333": [2, 3.02, -5.11],
						"3.2667": [2, 2.99, -5.09],
						"3.3": [2.01, 2.98, -5.08],
						"3.3333": [2.01, 2.98, -5.09],
						"3.3667": [2.02, 2.99, -5.1],
						"3.4": [2.02, 3, -5.12],
						"3.4333": [2.02, 3.01, -5.13],
						"3.4667": [2.03, 3.01, -5.14],
						"3.5": [2.03, 3.01, -5.14],
						"3.5333": [2.04, 3.01, -5.14],
						"3.5667": [2.04, 3, -5.14],
						"3.6": [2.05, 3, -5.15],
						"3.6333": [2.05, 3, -5.15],
						"3.6667": [2.06, 2.99, -5.15],
						"3.7": [2.06, 2.99, -5.15],
						"3.7333": [2.07, 2.98, -5.15],
						"3.7667": [2.07, 2.98, -5.15],
						"3.8": [2.08, 2.98, -5.16],
						"3.8333": [2.08, 2.97, -5.16],
						"3.8667": [2.09, 2.97, -5.16],
						"3.9": [2.09, 2.97, -5.16],
						"3.9333": [2.1, 2.97, -5.16],
						"3.9667": [2.1, 2.97, -5.16],
						"4.0": [2.11, 2.97, -5.16],
						"4.0333": [2.12, 2.98, -5.16],
						"4.0667": [2.12, 2.99, -5.16],
						"4.1": [2.13, 3.01, -5.16],
						"4.1333": [2.14, 3.02, -5.16],
						"4.1667": [2.14, 3.03, -5.16],
						"4.2": [2.15, 3.04, -5.16],
						"4.2333": [2.15, 3.04, -5.16],
						"4.2667": [2.15, 3.05, -5.16],
						"4.3": [2.16, 3.06, -5.16],
						"4.3333": [2.16, 3.07, -5.16],
						"4.3667": [2.17, 3.08, -5.17],
						"4.4": [2.17, 3.09, -5.17],
						"4.4333": [2.17, 3.09, -5.16],
						"4.4667": [2.16, 3.08, -5.15],
						"4.5": [2.14, 3.04, -5.14],
						"4.5333": [2.12, 2.99, -5.11],
						"4.5667": [2.08, 2.86, -5.06],
						"4.6": [2.05, 2.69, -5],
						"4.6333": [2, 2.49, -4.93],
						"4.6667": [1.93, 2.28, -4.85],
						"4.7": [1.82, 2.06, -4.74],
						"4.7333": [1.65, 1.87, -4.61],
						"4.7667": [1.44, 1.71, -4.49],
						"4.8": [1.15, 1.54, -4.37],
						"4.8333": [0.83, 1.38, -4.24],
						"4.8667": [0.49, 1.22, -4.09],
						"4.9": [0.18, 1.07, -3.91],
						"4.9333": [-0.07, 0.92, -3.68],
						"4.9667": [-0.24, 0.78, -3.4],
						"5.0": [-0.32, 0.66, -3.08],
						"5.0333": [-0.33, 0.55, -2.69],
						"5.0667": [-0.3, 0.44, -2.25],
						"5.1": [-0.24, 0.33, -1.8],
						"5.1333": [-0.17, 0.24, -1.34],
						"5.1667": [-0.09, 0.15, -0.92],
						"5.2": [-0.03, 0.07, -0.56],
						"5.2333": [0, 0, -0.29],
						"5.2667": [0.01, -0.07, -0.05],
						"5.3": [0.02, -0.12, 0.08],
						"5.3333": [0.02, -0.15, 0.13],
						"5.3667": [0.01, -0.17, 0.15],
						"5.4": [0, -0.18, 0.14],
						"5.4333": [0, -0.19, 0.14],
						"5.4667": [0, -0.18, 0.15],
						"5.5": [0, -0.17, 0.13],
						"5.5333": [0, -0.15, 0.09],
						"5.5667": [0, -0.12, 0.05],
						"5.6": [0, -0.09, 0.01],
						"5.6333": [0, -0.07, -0.03],
						"5.6667": [0, -0.05, -0.05],
						"5.7": [0, -0.04, -0.06],
						"5.7333": [0, -0.03, -0.05],
						"5.7667": [0, -0.02, -0.05],
						"5.8": [0, -0.02, -0.04],
						"5.8333": [0, -0.01, -0.03],
						"5.8667": [0, -0.01, -0.01],
						"5.9": [0, 0, -0.01],
						"5.9333": [0, 0, 0]
					}
				},
				"lefthand": {
					"rotation": {
						"0.0": [110.09172, -22.08351, -208.57082],
						"0.2": [96.44793, -42.46023, -169.07066],
						"0.5667": [90.36278, -43.42127, -163.69299],
						"4.7333": [90.36278, -43.42127, -163.69299],
						"5.3": [110.09172, -22.08351, -208.57082]
					},
					"position": {
						"0.0": [9.1, -21, -5],
						"4.7333": [9.1, -21, -5],
						"5.3": [9.1, -21, -5]
					},
					"scale": [1, 1.5, 1]
				},
				"righthand": {
					"rotation": {
						"0.0": [94.35, 18.68, -173.87],
						"0.1667": [94.35, 18.68, -173.87],
						"2.7333": [94.35, 18.68, -173.87],
						"2.9333": [94.12145, -1.26651, -175.35689],
						"4.7667": [94.12145, -1.26651, -175.35689],
						"5.1333": [94.35, 18.68, -173.87]
					},
					"position": {
						"0.0": [-6.8, -21, 0],
						"0.1667": [-6.8, -21, 0],
						"0.3": [-6.8, -21, 0],
						"2.7333": [-6.8, -21, 0],
						"2.9333": [-6.8, -21, 0],
						"4.7667": [-6.8, -21, 0],
						"5.1333": [-6.8, -21, 0]
					},
					"scale": [1, 1.5, 1]
				},
				"gunfire_illuminated": {
					"scale": 0.01
				},
				"camera": {
					"rotation": {
						"0.0": [0, 0, 0],
						"0.0333": [0.04, -0.01, -0.02],
						"0.0667": [0.11, -0.03, -0.06],
						"0.1": [0.2, -0.05, -0.12],
						"0.1333": [0.29, -0.07, -0.18],
						"0.1667": [0.38, -0.09, -0.22],
						"0.2": [0.45, -0.1, -0.24],
						"0.2333": [0.5, -0.09, -0.22],
						"0.2667": [0.52, -0.06, -0.14],
						"0.3": [0.5, 0, 0],
						"0.3333": [0.43, 0.1, 0.24],
						"0.3667": [0.3, 0.23, 0.58],
						"0.4": [0.15, 0.39, 0.99],
						"0.4333": [-0.03, 0.57, 1.44],
						"0.4667": [-0.22, 0.75, 1.9],
						"0.5": [-0.41, 0.93, 2.34],
						"0.5333": [-0.58, 1.09, 2.73],
						"0.5667": [-0.72, 1.23, 3.04],
						"0.6": [-0.82, 1.33, 3.23],
						"0.6333": [-0.94, 1.46, 3.17],
						"0.6667": [-0.93, 1.45, 2.65],
						"0.7": [-0.88, 1.46, 2.27],
						"0.7333": [-0.86, 1.52, 2.31],
						"0.7667": [-0.81, 1.6, 2.48],
						"0.8": [-0.74, 1.7, 2.56],
						"0.8333": [-0.74, 1.7, 2.54],
						"0.8667": [-0.79, 1.68, 2.49],
						"0.9": [-0.86, 1.63, 2.43],
						"0.9333": [-0.95, 1.58, 2.36],
						"0.9667": [-1.03, 1.53, 2.29],
						"1.0": [-1.08, 1.5, 2.21],
						"1.0333": [-1.09, 1.5, 2.14],
						"1.0667": [-1.05, 1.55, 2.07],
						"1.1": [-0.92, 1.64, 2.02],
						"1.1333": [-0.71, 1.81, 1.98],
						"1.1667": [-0.39, 2.05, 1.97],
						"1.2": [-0.03, 2.32, 1.97],
						"1.2333": [0.44, 2.66, 1.98],
						"1.2667": [0.99, 3.07, 2.01],
						"1.3": [1.6, 3.53, 2.04],
						"1.3333": [2.27, 4.02, 2.08],
						"1.3667": [2.98, 4.54, 2.13],
						"1.4": [3.7, 5.06, 2.17],
						"1.4333": [4.42, 5.59, 2.22],
						"1.4667": [5.12, 6.11, 2.27],
						"1.5": [5.78, 6.59, 2.32],
						"1.5333": [6.39, 7.04, 2.37],
						"1.5667": [6.92, 7.44, 2.41],
						"1.6": [7.37, 7.77, 2.44],
						"1.6333": [7.71, 8.02, 2.47],
						"1.6667": [7.87, 8.15, 2.48],
						"1.7": [8.02, 8.26, 2.51],
						"1.7333": [8.16, 8.36, 2.54],
						"1.7667": [8.27, 8.45, 2.58],
						"1.8": [8.37, 8.52, 2.61],
						"1.8333": [8.45, 8.58, 2.66],
						"1.8667": [8.51, 8.63, 2.7],
						"1.9": [8.55, 8.67, 2.74],
						"1.9333": [8.58, 8.69, 2.78],
						"1.9667": [8.59, 8.7, 2.82],
						"2.0": [8.58, 8.7, 2.85],
						"2.0333": [8.56, 8.69, 2.88],
						"2.0667": [8.52, 8.66, 2.9],
						"2.1": [8.46, 8.62, 2.91],
						"2.1333": [8.39, 8.58, 2.91],
						"2.1667": [8.3, 8.52, 2.9],
						"2.2": [8.19, 8.45, 2.88],
						"2.2333": [8.07, 8.37, 2.85],
						"2.2667": [7.93, 8.28, 2.8],
						"2.3": [7.77, 8.18, 2.73],
						"2.3333": [7.6, 8.07, 2.65],
						"2.3667": [7.41, 7.95, 2.55],
						"2.4": [7.17, 7.79, 2.41],
						"2.4333": [6.87, 7.61, 2.23],
						"2.4667": [6.53, 7.39, 2.02],
						"2.5": [6.14, 7.14, 1.78],
						"2.5333": [5.72, 6.87, 1.51],
						"2.5667": [5.27, 6.59, 1.23],
						"2.6": [4.79, 6.28, 0.93],
						"2.6333": [4.3, 5.97, 0.62],
						"2.6667": [3.8, 5.65, 0.3],
						"2.7": [3.29, 5.32, -0.01],
						"2.7333": [2.77, 4.99, -0.33],
						"2.7667": [2.27, 4.66, -0.64],
						"2.8": [1.77, 4.33, -0.94],
						"2.8333": [1.29, 4.02, -1.23],
						"2.8667": [0.83, 3.72, -1.5],
						"2.9": [0.4, 3.43, -1.74],
						"2.9333": [0, 3.17, -1.96],
						"2.9667": [-0.35, 2.92, -2.14],
						"3.0": [-0.66, 2.71, -2.29],
						"3.0333": [-0.93, 2.52, -2.39],
						"3.0667": [-1.36, 2.19, -2.49],
						"3.1": [-1.65, 1.93, -2.43],
						"3.1333": [-1.81, 1.73, -2.26],
						"3.1667": [-1.89, 1.59, -2.01],
						"3.2": [-1.91, 1.48, -1.71],
						"3.2333": [-1.89, 1.4, -1.41],
						"3.2667": [-1.86, 1.32, -1.13],
						"3.3": [-1.86, 1.25, -0.92],
						"3.3333": [-1.92, 1.15, -0.8],
						"3.3667": [-2.12, 0.95, -0.82],
						"3.4": [-2.3, 0.8, -1.01],
						"3.4333": [-2.44, 0.69, -1.26],
						"3.4667": [-2.49, 0.6, -1.45],
						"3.5": [-2.49, 0.57, -1.49],
						"3.5333": [-2.46, 0.54, -1.53],
						"3.5667": [-2.42, 0.52, -1.57],
						"3.6": [-2.37, 0.51, -1.6],
						"3.6333": [-2.31, 0.5, -1.63],
						"3.6667": [-2.24, 0.49, -1.66],
						"3.7": [-2.17, 0.48, -1.69],
						"3.7333": [-2.11, 0.47, -1.71],
						"3.7667": [-2.05, 0.46, -1.73],
						"3.8": [-2, 0.45, -1.75],
						"3.8333": [-1.96, 0.44, -1.76],
						"3.8667": [-1.95, 0.43, -1.77],
						"3.9": [-1.93, 0.43, -1.78],
						"3.9333": [-1.92, 0.42, -1.8],
						"3.9667": [-1.91, 0.41, -1.82],
						"4.0": [-1.9, 0.4, -1.84],
						"4.0333": [-1.89, 0.4, -1.86],
						"4.0667": [-1.89, 0.39, -1.88],
						"4.1": [-1.88, 0.39, -1.89],
						"4.1333": [-1.88, 0.38, -1.9],
						"4.1667": [-1.87, 0.37, -1.91],
						"4.2": [-1.87, 0.37, -1.92],
						"4.2333": [-1.87, 0.36, -1.92],
						"4.2667": [-1.87, 0.36, -1.91],
						"4.3": [-1.86, 0.35, -1.9],
						"4.3333": [-1.86, 0.35, -1.87],
						"4.3667": [-1.85, 0.34, -1.84],
						"4.4": [-1.85, 0.34, -1.8],
						"4.4333": [-1.84, 0.33, -1.74],
						"4.4667": [-1.83, 0.32, -1.59],
						"4.5": [-1.82, 0.31, -1.4],
						"4.5333": [-1.81, 0.3, -1.18],
						"4.5667": [-1.8, 0.29, -0.93],
						"4.6": [-1.78, 0.29, -0.66],
						"4.6333": [-1.77, 0.28, -0.38],
						"4.6667": [-1.76, 0.28, -0.1],
						"4.7": [-1.75, 0.28, 0.17],
						"4.7333": [-1.73, 0.28, 0.42],
						"4.7667": [-1.73, 0.29, 0.69],
						"4.8": [-1.73, 0.31, 1],
						"4.8333": [-1.75, 0.33, 1.33],
						"4.8667": [-1.76, 0.36, 1.66],
						"4.9": [-1.77, 0.39, 1.97],
						"4.9333": [-1.76, 0.41, 2.24],
						"4.9667": [-1.73, 0.43, 2.46],
						"5.0": [-1.68, 0.44, 2.59],
						"5.0333": [-1.59, 0.44, 2.62],
						"5.0667": [-1.46, 0.42, 2.53],
						"5.1": [-1.27, 0.39, 2.34],
						"5.1333": [-1.06, 0.36, 2.06],
						"5.1667": [-0.83, 0.31, 1.72],
						"5.2": [-0.58, 0.27, 1.34],
						"5.2333": [-0.35, 0.22, 0.95],
						"5.2667": [-0.14, 0.18, 0.58],
						"5.3": [0.04, 0.15, 0.25],
						"5.3333": [0.18, 0.12, -0.02],
						"5.3667": [0.36, 0.08, -0.73],
						"5.4": [0.36, 0.07, -1.31],
						"5.4333": [0.31, 0.06, -1.52],
						"5.4667": [0.25, 0.04, -1.26],
						"5.5": [0.16, 0.03, -0.71],
						"5.5333": [0.07, 0.01, -0.13],
						"5.5667": [0, 0, 0.25],
						"5.6": [-0.02, 0, 0.33],
						"5.6333": [-0.02, 0, 0.28],
						"5.6667": [-0.01, 0, 0.18],
						"5.7": [0, 0, 0.07],
						"5.7333": [0, 0, 0]
					}
				}
			},
			"sound_effects": {
				"0.0": {
					"effect": "p30_la_rpapa7_inspect_hip_raise"
				},
				"1.7667": {
					"effect": "p30_la_rpapa7_inspect_hip_rotate"
				},
				"4.4": {
					"effect": "p30_la_rpapa7_inspect_hip_end"
				}
			}
		},
		"draw": {
			"animation_length": 1.4,
			"bones": {
				"root": {
					"rotation": {
						"0.0": [-91.18, 3.42, -1.14],
						"0.0333": [-88.13, 4.53, -0.86],
						"0.0667": [-83.58, 6.01, -0.43],
						"0.1": [-77.61, 6.78, 0.19],
						"0.1333": [-73.76, 6.63, 0.62],
						"0.1667": [-69.14, 6.21, 1.15],
						"0.2": [-64.17, 5.61, 1.72],
						"0.2333": [-59.26, 4.93, 2.29],
						"0.2667": [-54.83, 4.26, 2.79],
						"0.3": [-51.3, 3.7, 3.17],
						"0.3333": [-48.73, 3.15, 3.49],
						"0.3667": [-47.48, 2.64, 3.74],
						"0.4": [-46.61, 2.14, 3.89],
						"0.4333": [-45.17, 1.61, 3.9],
						"0.4667": [-42.22, 1.01, 3.77],
						"0.5": [-38.71, 0.5, 3.51],
						"0.5333": [-34.19, -0.1, 3.08],
						"0.5667": [-29.07, -0.73, 2.56],
						"0.6": [-23.79, -1.36, 2.02],
						"0.6333": [-18.76, -1.92, 1.53],
						"0.6667": [-14.4, -2.39, 1.15],
						"0.7": [-11.12, -2.7, 0.97],
						"0.7333": [-7.39, -2.89, 1.43],
						"0.7667": [-6.54, -2.59, 2.41],
						"0.8": [-5.94, -2.14, 2.91],
						"0.8333": [-5.21, -1.79, 2.66],
						"0.8667": [-4.6, -1.33, 2.11],
						"0.9": [-4.06, -0.84, 1.46],
						"0.9333": [-3.54, -0.4, 0.87],
						"0.9667": [-2.98, -0.11, 0.54],
						"1.0": [-2.18, 0.01, 0.63],
						"1.0333": [-1.33, -0.03, 1.03],
						"1.0667": [-0.57, -0.14, 1.43],
						"1.1": [-0.01, -0.2, 1.53],
						"1.1333": [0.36, -0.16, 0.41],
						"1.1667": [0.36, -0.1, -0.74],
						"1.2": [0.38, -0.07, -0.69],
						"1.2333": [0.35, -0.03, -0.3],
						"1.2667": [0.3, -0.01, 0],
						"1.3": [0.24, 0, 0.05],
						"1.3333": [0.15, 0, 0.05],
						"1.3667": [0.06, 0, 0.02],
						"1.4": [0, 0, 0]
					},
					"position": {
						"0.0": [-2.6, -12.3, 19.5],
						"0.0333": [-2.89, -9.74, 18.55],
						"0.0667": [-3.26, -6.19, 17.12],
						"0.1": [-3.4, -3.38, 15.14],
						"0.1333": [-3.32, -2.69, 14.01],
						"0.1667": [-3.17, -2.19, 12.63],
						"0.2": [-2.97, -1.83, 11.12],
						"0.2333": [-2.74, -1.59, 9.58],
						"0.2667": [-2.5, -1.41, 8.11],
						"0.3": [-2.28, -1.26, 6.81],
						"0.3333": [-2.1, -1.1, 5.8],
						"0.3667": [-1.9, -0.89, 4.87],
						"0.4": [-1.71, -0.77, 4.34],
						"0.4333": [-1.55, -0.73, 4.02],
						"0.4667": [-1.39, -0.75, 3.76],
						"0.5": [-1.23, -0.81, 3.38],
						"0.5333": [-1.09, -0.93, 2.94],
						"0.5667": [-0.95, -1.13, 2.47],
						"0.6": [-0.82, -1.36, 2],
						"0.6333": [-0.7, -1.6, 1.56],
						"0.6667": [-0.59, -1.8, 1.18],
						"0.7": [-0.5, -1.92, 0.9],
						"0.7333": [-0.41, -2.01, 0.66],
						"0.7667": [-0.39, -1.95, 0.66],
						"0.8": [-0.35, -1.73, 0.69],
						"0.8333": [-0.29, -1.47, 0.68],
						"0.8667": [-0.21, -1.11, 0.69],
						"0.9": [-0.13, -0.72, 0.7],
						"0.9333": [-0.05, -0.37, 0.69],
						"0.9667": [0, -0.12, 0.65],
						"1.0": [0.03, 0, 0.53],
						"1.0333": [0.04, 0, 0.36],
						"1.0667": [0.03, -0.05, 0.2],
						"1.1": [0.03, -0.07, 0.08],
						"1.1333": [0.02, -0.06, 0.02],
						"1.1667": [0.01, -0.03, 0],
						"1.2": [0.01, -0.01, 0],
						"1.2333": [0, 0, 0],
						"1.2667": [0, 0, 0],
						"1.3": [0, 0.01, -0.01],
						"1.3333": [0, 0, 0],
						"1.3667": [0, 0, 0],
						"1.4": [0, 0, 0]
					}
				},
				"lefthand": {
					"rotation": {
						"0.4": [55.13, -21.08, -84.71],
						"0.4333": [57.66, -23.29, -89.75],
						"0.4667": [61.09, -26.29, -96.57],
						"0.5": [65.22, -29.9, -104.79],
						"0.5333": [69.86, -33.94, -114],
						"0.5667": [74.79, -38.24, -123.81],
						"0.6": [79.82, -42.64, -133.82],
						"0.6333": [84.75, -46.94, -143.63],
						"0.6667": [89.39, -50.98, -152.84],
						"0.7": [93.52, -54.59, -161.06],
						"0.7333": [96.95, -57.59, -167.88],
						"0.7667": [110.09172, -22.08351, -208.57082]
					},
					"position": {
						"0.4": [6.4, -16.1, -6.3],
						"0.4333": [6.66, -16.35, -5.71],
						"0.4667": [7.07, -16.74, -4.87],
						"0.5": [7.53, -17.17, -3.89],
						"0.5333": [7.94, -17.6, -2.86],
						"0.5667": [8.22, -17.93, -1.86],
						"0.6": [8.26, -18.11, -0.99],
						"0.6333": [7.9, -18.07, -0.04],
						"0.6667": [7.21, -17.84, 0.89],
						"0.7": [6.38, -17.51, 1.75],
						"0.7333": [5.61, -17.2, 2.48],
						"0.7667": [9.1, -21, -5]
					},
					"scale": {
						"0.0": [1, 1.5, 1],
						"0.7667": [1, 1.5, 1]
					}
				},
				"righthand": {
					"rotation": {
						"0.0": [94.35, 18.68, -173.87],
						"0.0333": [94.35, 18.68, -173.87],
						"0.0667": [94.35, 18.68, -173.87],
						"0.1": [94.35, 18.68, -173.87],
						"0.1333": [94.35, 18.68, -173.87],
						"0.1667": [94.35, 18.68, -173.87],
						"0.2": [94.35, 18.68, -173.87],
						"0.2333": [94.35, 18.68, -173.87],
						"0.2667": [94.35, 18.68, -173.87],
						"0.7667": [94.35, 18.68, -173.87]
					},
					"position": {
						"0.0": [-10.4, -17, 7.2],
						"0.0333": [-10, -17, 6.18],
						"0.0667": [-9.6, -17, 5.16],
						"0.1": [-9.2, -17, 4.13],
						"0.1333": [-8.8, -17, 3.11],
						"0.1667": [-8.4, -17, 2.09],
						"0.2": [-8, -17, 1.07],
						"0.2333": [-7.6, -17, 0.04],
						"0.2667": [-7.2, -17, -0.98],
						"0.7667": [-6.8, -21, 0]
					},
					"scale": {
						"0.0": [1, 1.5, 1],
						"0.7667": [1, 1.5, 1]
					}
				},
				"camera": {
					"rotation": {
						"0.0": [0, 0, 0],
						"0.0333": [0.01, -0.01, 0.03],
						"0.0667": [0.02, -0.02, 0.05],
						"0.1": [0.04, -0.04, 0.1],
						"0.1333": [0.11, -0.08, 0.2],
						"0.1667": [0.24, -0.14, 0.38],
						"0.2": [0.44, -0.23, 0.64],
						"0.2333": [0.72, -0.36, 1.01],
						"0.2667": [1.04, -0.51, 1.42],
						"0.3": [1.35, -0.64, 1.81],
						"0.3333": [1.6, -0.76, 2.1],
						"0.3667": [1.75, -0.82, 2.23],
						"0.4": [1.78, -0.83, 2.17],
						"0.4333": [1.75, -0.8, 1.99],
						"0.4667": [1.67, -0.75, 1.73],
						"0.5": [1.56, -0.69, 1.43],
						"0.5333": [1.44, -0.63, 1.12],
						"0.5667": [1.34, -0.56, 0.86],
						"0.6": [1.27, -0.52, 0.68],
						"0.6333": [1.22, -0.47, 0.55],
						"0.6667": [1.21, -0.43, 0.51],
						"0.7": [1.19, -0.39, 0.5],
						"0.7333": [1.16, -0.34, 0.48],
						"0.7667": [1.08, -0.28, 0.41],
						"0.8": [0.88, -0.18, 0.18],
						"0.8333": [0.61, -0.06, -0.13],
						"0.8667": [0.35, 0.05, -0.4],
						"0.9": [0.14, 0.12, -0.51],
						"0.9333": [0.05, 0.12, -0.44],
						"0.9667": [-0.02, 0.11, -0.28],
						"1.0": [-0.07, 0.08, -0.06],
						"1.0333": [-0.1, 0.05, 0.16],
						"1.0667": [-0.12, 0.02, 0.34],
						"1.1": [-0.12, 0, 0.43],
						"1.1333": [-0.07, -0.01, 0.3],
						"1.1667": [0.03, 0, 0.01],
						"1.2": [0.1, 0, -0.2],
						"1.2333": [0.1, 0, -0.2],
						"1.2667": [0.06, 0, -0.14],
						"1.3": [0.03, 0, -0.06],
						"1.3333": [0, 0, 0]
					}
				}
			},
			"sound_effects": {
				"0.3333": {
					"effect": "rpg7_reload_lower"
				}
			}
		},
		"shoot": {
			"animation_length": 0.65,
			"bones": {
				"camera": {
					"rotation": {
						"0.0": [0, 0, 0],
						"0.05": [0, 0, -0.4],
						"0.1": [0, 0, -0.07],
						"0.15": [0, 0, 0.08],
						"0.2": [0, 0, -0.22],
						"0.25": [0, 0, 0],
						"0.3": [0, 0, 0.02],
						"0.35": [0, 0, 0]
					}
				},
				"root": {
					"rotation": {
						"0.0": [0, 0, 0],
						"0.05": [-1.87, 0, -1.17],
						"0.1": [-1.99, 0, -1.23],
						"0.15": [0.18, 0, 0.53],
						"0.2": [0.27, 0, 0.27],
						"0.25": [0.45, 0, -0.25],
						"0.3": [0.38, -0.07, -0.08],
						"0.35": [0.23, -0.2, 0.25],
						"0.4": [0.18, -0.17, 0.17],
						"0.45": [0.1, -0.11, 0.01],
						"0.5": [0.06, -0.07, -0.07],
						"0.55": [0.03, -0.04, -0.04],
						"0.6": [0.01, -0.02, -0.02],
						"0.65": [0, 0, 0]
					},
					"position": {
						"0.0": [0, 0, 0],
						"0.05": [0, -0.05, 1.38],
						"0.1": [0, -0.05, 0.67],
						"0.15": [0, -0.04, -0.01],
						"0.2": [0, -0.04, 0.03],
						"0.25": [0, -0.02, 0.1],
						"0.3": [0, -0.02, 0.07],
						"0.35": [0, 0, 0]
					}
				},
				"gunfire_illuminated": {
					"position": {
						"0.0": [0, 0, 0],
						"0.1": [0, 0, -100]
					},
					"scale": {
						"0.0": {
							"post": [150, 150, 150],
							"lerp_mode": "catmullrom"
						},
						"0.05": {
							"post": [25, 50, 575],
							"lerp_mode": "catmullrom"
						},
						"0.1": {
							"post": [0, 0, 1000],
							"lerp_mode": "catmullrom"
						}
					}
				}
			},
			"sound_effects": {
				"0.0": {
					"effect": "zeta:quasar/shoot"
				}
			}
		},
		"charge": {
			"animation_length": 4,
			"bones": {
				"gunfire_illuminated": {
					"scale": {
						"0.0": {
							"post": [0.01, 0.01, 0.01],
							"lerp_mode": "catmullrom"
						},
						"0.3": {
							"post": [1, 1, 1],
							"lerp_mode": "catmullrom"
						}
					}
				},
				"bone5": {
					"scale": {
						"0.0": {
							"post": [1, 1, 1],
							"lerp_mode": "catmullrom"
						},
						"0.4": {
							"post": [1, 1, 1],
							"lerp_mode": "catmullrom"
						},
						"4.0": {
							"post": [1.2, 1.2, 1.2],
							"lerp_mode": "catmullrom"
						}
					}
				},
				"c2": {
					"scale": {
						"0.6": {
							"pre": [1, 1, 1],
							"post": [1, 1, 1],
							"lerp_mode": "catmullrom"
						},
						"1.2": {
							"post": [1, 1, 1],
							"lerp_mode": "catmullrom"
						},
						"4.0": {
							"post": [1.2, 1.2, 1.2],
							"lerp_mode": "catmullrom"
						}
					}
				},
				"c1": {
					"scale": {
						"0.1": {
							"pre": [1, 1, 1],
							"post": [1, 1, 1],
							"lerp_mode": "catmullrom"
						},
						"0.65": {
							"post": [1, 1, 1],
							"lerp_mode": "catmullrom"
						},
						"4.0": {
							"post": [1.2, 1.2, 1.2],
							"lerp_mode": "catmullrom"
						}
					}
				},
				"black1": {
					"scale": {
						"0.0": [1, 1, 1],
						"4.0": [1, 1, 0]
					}
				},
				"black2": {
					"scale": {
						"0.0": [1, 1, 1],
						"4.0": [0, 1, 1]
					}
				}
			},
			"sound_effects": {
				"0.0": {
					"effect": "zeta:quasar/charging"
				}
			}
		},
		"charge_start": {
			"animation_length": 4,
			"bones": {
				"bone5": {
					"scale": {
						"4.0": {
							"pre": [1.2, 1.2, 1.2],
							"post": [1.2, 1.2, 1.2],
							"lerp_mode": "catmullrom"
						}
					}
				},
				"c2": {
					"scale": {
						"4.0": {
							"pre": [1.2, 1.2, 1.2],
							"post": [1.2, 1.2, 1.2],
							"lerp_mode": "catmullrom"
						}
					}
				},
				"c1": {
					"scale": {
						"4.0": {
							"pre": [1.2, 1.2, 1.2],
							"post": [1.2, 1.2, 1.2],
							"lerp_mode": "catmullrom"
						}
					}
				}
			},
			"sound_effects": {
				"0.0": {
					"effect": "zeta:quasar/start"
				},
				"0.75": {
					"effect": "zeta:quasar/charging"
				}
			}
		},
		"charge_spin": {
			"animation_length": 4,
			"bones": {
				"gunfire_illuminated": {
					"rotation": {
						"0.0": {
							"post": [0, 0, 0],
							"lerp_mode": "catmullrom"
						},
						"3.0": {
							"post": [0, 0, 30],
							"lerp_mode": "catmullrom"
						}
					}
				},
				"bone5": {
					"rotation": {
						"0.0": {
							"post": [0, 0, 0],
							"lerp_mode": "catmullrom"
						},
						"3.0": {
							"post": [0, 0, 45],
							"lerp_mode": "catmullrom"
						}
					}
				},
				"c2": {
					"rotation": {
						"0.0": {
							"post": [0, 0, 0],
							"lerp_mode": "catmullrom"
						},
						"3.0": {
							"post": [0, 0, 15],
							"lerp_mode": "catmullrom"
						}
					}
				},
				"c1": {
					"rotation": {
						"0.0": {
							"post": [0, 0, 0],
							"lerp_mode": "catmullrom"
						},
						"3.0": {
							"post": [0, 0, -45],
							"lerp_mode": "catmullrom"
						}
					}
				}
			}
		},
		"static_over_heating": {
			"loop": true,
			"animation_length": 1,
			"bones": {
				"bone6": {
					"position": {
						"0.0": [0, 0, 0],
						"0.45": [0, 0, 0],
						"0.5": [0, 0, -0.1],
						"0.95": [0, 0, -0.1],
						"1.0": [0, 0, 0]
					}
				},
				"bone7": {
					"position": {
						"0.0": [0, 0, 0],
						"0.45": [0, 0, 0],
						"0.5": [-1, 0, 0],
						"0.95": [-1, 0, 0],
						"1.0": [0, 0, 0]
					}
				},
				"bone8": {
					"position": {
						"0.0": [0, 0, 0],
						"0.45": [0, 0, 0],
						"0.5": [1, 0, 0],
						"0.95": [1, 0, 0],
						"1.0": [0, 0, 0]
					}
				},
				"light_illuminated": {
					"scale": 0
				}
			}
		},
		"static_idle": {
			"loop": true,
			"animation_length": 6,
			"bones": {
				"constraint": {
					"rotation": [0.2, 0.2, 0.2],
					"position": [0.2, 0.2, 0.2]
				},
				"root": {
					"rotation": [0, 0, 0],
					"position": [0, 0, 0]
				},
				"lefthand": {
					"rotation": [110.09172, -22.08351, -208.57082],
					"position": [9.1, -21, -5],
					"scale": [1, 1.5, 1]
				},
				"righthand": {
					"rotation": [94.35, 18.68, -173.87],
					"position": [-6.8, -21, 0],
					"scale": [1, 1.5, 1]
				},
				"camera": {
					"rotation": [0, 0, 0]
				},
				"bone8": {
					"position": [0.1, 0, 0]
				},
				"bone6": {
					"position": [0, 0, -0.1]
				},
				"bone7": {
					"position": [-0.1, 0, 0]
				}
			},
			"sound_effects": {
				"0.0": {
					"effect": "rpg7_reload_lower"
				}
			}
		}
	}
}