{
	"format_version": "1.8.0",
	"animations": {
		"draw": {
			"loop": "hold_on_last_frame",
			"animation_length": 1.2917,
			"bones": {
				"root": {
					"rotation": {
						"0.0": [-106.51189, -22.48392, 9.41779],
						"0.25": [-52.59389, -13.40941, -2.66565],
						"0.3333": [-35.13359, -5.12707, 0.31771],
						"0.4167": [-12.90997, -6.50028, -7.19254],
						"0.5": [-4.36769, -5.14555, 0.4584],
						"0.5417": [-3.78864, -5.08234, -2.86114],
						"0.625": {
							"pre": [-0.94724, -3.20987, 0.9386],
							"post": [-0.94724, -3.20987, 0.9386],
							"lerp_mode": "catmullrom"
						},
						"0.875": {
							"post": [-1.95, -0.44, -1.31],
							"lerp_mode": "catmullrom"
						},
						"0.9167": {
							"post": [-2.0016, 0.01741, -1.49817],
							"lerp_mode": "catmullrom"
						},
						"1.0417": {
							"post": [0.3296, -0.02576, 2.32998],
							"lerp_mode": "catmullrom"
						},
						"1.125": {
							"post": [0, 0, 2],
							"lerp_mode": "catmullrom"
						},
						"1.2917": {
							"post": [0, 0, 0],
							"lerp_mode": "catmullrom"
						}
					},
					"position": {
						"0.0": [-17, -31, 15],
						"0.2083": [-6.05, -11.1, 4.67],
						"0.3333": {
							"pre": [-0.5, -2.7, 1.9],
							"post": [-0.5, -2.7, 1.9],
							"lerp_mode": "catmullrom"
						},
						"0.5": {
							"post": [0.01, -3.42, -0.41],
							"lerp_mode": "catmullrom"
						},
						"0.5417": {
							"post": [-0.04, -3.95, 0.36],
							"lerp_mode": "catmullrom"
						},
						"0.625": {
							"post": [-0.02, -3.15, 1.76],
							"lerp_mode": "catmullrom"
						},
						"0.875": {
							"post": [0, -1.01, -0.25],
							"lerp_mode": "catmullrom"
						},
						"0.9167": {
							"post": [0, -0.6, -0.5],
							"lerp_mode": "catmullrom"
						},
						"1.0417": {
							"post": [0, -0.08, 1.26],
							"lerp_mode": "catmullrom"
						},
						"1.0833": {
							"post": [0, -0.19, 0.51],
							"lerp_mode": "catmullrom"
						},
						"1.25": {
							"post": [0, 0, 0],
							"lerp_mode": "catmullrom"
						}
					}
				},
				"lefthand": {
					"rotation": {
						"0.0": [105.21401, -25.37935, -150.1551],
						"0.3333": {
							"pre": [105.21401, -25.37935, -150.1551],
							"post": [105.21401, -25.37935, -150.1551],
							"lerp_mode": "catmullrom"
						}
					},
					"position": {
						"0.0": [7.03, -14.15, -14.57],
						"0.3333": {
							"pre": [7.03, -14.15, -14.57],
							"post": [7.03, -14.15, -14.57],
							"lerp_mode": "catmullrom"
						}
					},
					"scale": {
						"0.0": [1, 1.5, 1],
						"0.3333": [1, 1.5, 1]
					}
				},
				"righthand": {
					"rotation": [95.0274, 5.97708, -179.47516],
					"position": [-6.95, -15.1, 2.825],
					"scale": [1, 1.5, 1]
				},
				"camera": {
					"rotation": {
						"0.0": {
							"post": [0, 0, 0],
							"lerp_mode": "catmullrom"
						},
						"0.2917": {
							"post": [-1.175, 0.325, -0.7],
							"lerp_mode": "catmullrom"
						},
						"0.5417": {
							"post": [0.88, -0.025, -0.925],
							"lerp_mode": "catmullrom"
						},
						"0.8333": {
							"post": [-0.245, 0.025, 0.175],
							"lerp_mode": "catmullrom"
						},
						"0.9167": {
							"post": [0.15, 0, -0.2],
							"lerp_mode": "catmullrom"
						},
						"1.0": {
							"post": [0.02, 0, -0.08],
							"lerp_mode": "catmullrom"
						},
						"1.0833": {
							"post": [-0.15, 0, 0.3],
							"lerp_mode": "catmullrom"
						},
						"1.1667": {
							"post": [-0.06, 0, -0.205],
							"lerp_mode": "catmullrom"
						},
						"1.25": {
							"post": [0, 0, 0],
							"lerp_mode": "catmullrom"
						}
					}
				}
			}
		},
		"shoot_old": {
			"animation_length": 1.5,
			"bones": {
				"bolt": {
					"position": {
						"0.0": [0, 0, 0],
						"0.0417": [0, 0, 4],
						"0.0833": [0, 0, 0]
					}
				},
				"blue": {
					"scale": 0
				},
				"animate": {
					"scale": 0
				},
				"root": {
					"rotation": {
						"0.0": {
							"post": [0, 0, 0],
							"lerp_mode": "catmullrom"
						},
						"0.0417": {
							"post": [0.24839, 0.0283, -6.49994],
							"lerp_mode": "catmullrom"
						},
						"0.0833": {
							"post": [-4.16351, -0.12391, -1.41431],
							"lerp_mode": "catmullrom"
						},
						"0.1667": {
							"post": [-1.9984, 0.06651, 0.74977],
							"lerp_mode": "catmullrom"
						},
						"0.25": {
							"post": [0.37499, -0.00327, 0.24998],
							"lerp_mode": "catmullrom"
						},
						"0.4167": {
							"post": [-0.135, 0, -0.18],
							"lerp_mode": "catmullrom"
						},
						"0.5417": {
							"post": [0.125, 0, 0],
							"lerp_mode": "catmullrom"
						},
						"0.6667": {
							"post": [0, 0, 0],
							"lerp_mode": "catmullrom"
						}
					},
					"position": {
						"0.0": {
							"post": [0, 0, 0],
							"lerp_mode": "catmullrom"
						},
						"0.0417": {
							"post": [0, -0.3, 1.65],
							"lerp_mode": "catmullrom"
						},
						"0.0833": {
							"post": [0, 0.075, 0.455],
							"lerp_mode": "catmullrom"
						},
						"0.1667": {
							"post": [0, 0.0375, -0.325],
							"lerp_mode": "catmullrom"
						},
						"0.25": {
							"post": [0, -0.0625, -0.075],
							"lerp_mode": "catmullrom"
						},
						"0.375": {
							"post": [0, -0.0625, 0.03125],
							"lerp_mode": "catmullrom"
						},
						"0.5417": {
							"post": [0, 0, 0],
							"lerp_mode": "catmullrom"
						},
						"0.6667": {
							"post": [0, 0, 0],
							"lerp_mode": "catmullrom"
						}
					}
				},
				"1_illuminated": {
					"scale": {
						"0.0": [1, 1, 1],
						"0.0417": [0, 0, 0]
					}
				},
				"2_illuminated": {
					"scale": {
						"0.0417": [1, 1, 1],
						"0.0833": [0, 0, 0]
					}
				},
				"3_illuminated": {
					"scale": {
						"0.0833": [1, 1, 1],
						"0.125": [0, 0, 0]
					}
				},
				"4_illuminated": {
					"scale": {
						"0.125": [1, 1, 1],
						"0.1667": [0, 0, 0]
					}
				},
				"5_illuminated": {
					"scale": {
						"0.1667": [1, 1, 1],
						"0.2083": [0, 0, 0]
					}
				},
				"6_illuminated": {
					"scale": {
						"0.2083": [1, 1, 1],
						"0.25": [0, 0, 0]
					}
				},
				"7_illuminated": {
					"scale": {
						"0.25": [1, 1, 1],
						"0.2917": [0, 0, 0]
					}
				},
				"frame7": {
					"scale": {
						"0.2917": [1, 1, 1],
						"0.3333": [0, 0, 0]
					}
				},
				"frame1": {
					"scale": {
						"0.0": [1, 1, 1],
						"0.0417": [0, 0, 0]
					}
				},
				"frame2": {
					"scale": {
						"0.0417": [1, 1, 1],
						"0.0833": [0, 0, 0]
					}
				},
				"frame3": {
					"scale": {
						"0.0833": [1, 1, 1],
						"0.125": [0, 0, 0]
					}
				},
				"frame4": {
					"scale": {
						"0.125": [1, 1, 1],
						"0.1667": [0, 0, 0]
					}
				},
				"frame5": {
					"scale": {
						"0.1667": [1, 1, 1],
						"0.2083": [0, 0, 0]
					}
				},
				"frame6": {
					"scale": {
						"0.25": [1, 1, 1],
						"0.2917": [0, 0, 0]
					}
				},
				"teeth_r_up": {
					"rotation": {
						"0.0": [0, 0, 0],
						"0.0417": [0, 0, 60],
						"0.75": [0, 0, 60],
						"1.5": {
							"pre": [0, 0, 0],
							"post": [0, 0, 0],
							"lerp_mode": "catmullrom"
						}
					}
				},
				"teeth_l_up": {
					"rotation": {
						"0.0": [0, 0, 0],
						"0.0417": [0, 0, -60],
						"0.75": [0, 0, -60],
						"1.5": {
							"pre": [0, 0, 0],
							"post": [0, 0, 0],
							"lerp_mode": "catmullrom"
						}
					}
				},
				"teeth_l_down": {
					"rotation": {
						"0.0": [0, 0, 0],
						"0.0417": [0, 0, 60],
						"0.75": [0, 0, 60],
						"1.5": {
							"pre": [0, 0, 0],
							"post": [0, 0, 0],
							"lerp_mode": "catmullrom"
						}
					}
				},
				"teeth_r_down": {
					"rotation": {
						"0.0": [0, 0, 0],
						"0.0417": [0, 0, -60],
						"0.75": [0, 0, -60],
						"1.5": {
							"pre": [0, 0, 0],
							"post": [0, 0, 0],
							"lerp_mode": "catmullrom"
						}
					}
				},
				"camera": {
					"rotation": {
						"0.0": {
							"post": [0, 0, 0],
							"lerp_mode": "catmullrom"
						},
						"0.0417": {
							"post": [0, 0, 1.1],
							"lerp_mode": "catmullrom"
						},
						"0.0833": {
							"post": [0, 0, 0.755],
							"lerp_mode": "catmullrom"
						},
						"0.125": {
							"post": [0, 0, -0.39],
							"lerp_mode": "catmullrom"
						},
						"0.1667": {
							"post": [0, 0, 0.28],
							"lerp_mode": "catmullrom"
						},
						"0.25": {
							"post": [0, 0, -0.07],
							"lerp_mode": "catmullrom"
						},
						"0.2917": {
							"post": [0, 0, 0],
							"lerp_mode": "catmullrom"
						}
					}
				},
				"mag_and_bullet": {
					"rotation": {
						"0.4167": [0, 0, 0],
						"0.4583": [0, 0, -40],
						"0.5": [0, 0, -72.5],
						"0.5833": [0, 0, -75]
					},
					"position": {
						"0.375": [0, 0, 0],
						"0.4167": {
							"pre": [-1, 0, 0],
							"post": [-1, 0, 0],
							"lerp_mode": "catmullrom"
						},
						"0.4583": {
							"post": [-8, 0, 0],
							"lerp_mode": "catmullrom"
						},
						"0.5": {
							"post": [-11, -7, 0],
							"lerp_mode": "catmullrom"
						},
						"0.5833": {
							"post": [-15, -42, 0],
							"lerp_mode": "catmullrom"
						}
					},
					"scale": 1
				}
			}
		},
		"put_away": {
			"animation_length": 0.8667,
			"bones": {
				"root": {
					"rotation": {
						"0.0": {
							"post": [0, 0, 0],
							"lerp_mode": "catmullrom"
						},
						"0.1667": {
							"post": [-4.53, -1.25, -1.42],
							"lerp_mode": "catmullrom"
						},
						"0.3333": {
							"post": [-27.15, -7.52, -8.53],
							"lerp_mode": "catmullrom"
						},
						"0.4333": {
							"post": [-40.73045, -11.28181, -12.80042],
							"lerp_mode": "catmullrom"
						},
						"0.5333": {
							"post": [-51.25268, -7.98916, -16.98839],
							"lerp_mode": "catmullrom"
						},
						"0.6667": {
							"post": [-59.1046, 20.10068, 0.608],
							"lerp_mode": "catmullrom"
						},
						"0.7667": {
							"post": [-67.12, 33.68, 8.77],
							"lerp_mode": "catmullrom"
						},
						"0.8667": {
							"post": [-74.38, 35.33, 10.02],
							"lerp_mode": "catmullrom"
						}
					},
					"position": {
						"0.0": {
							"post": [0, 0, 0],
							"lerp_mode": "catmullrom"
						},
						"0.1667": {
							"post": [-0.38, -0.89, 0.09],
							"lerp_mode": "catmullrom"
						},
						"0.3333": {
							"post": [-1.325, -1.5, 0.28],
							"lerp_mode": "catmullrom"
						},
						"0.4333": {
							"post": [-1.95, -2.9, 1.95],
							"lerp_mode": "catmullrom"
						},
						"0.5333": {
							"post": [-2.2, -4.555, 4.37],
							"lerp_mode": "catmullrom"
						},
						"0.7": {
							"post": [-7.7, -8.48, 7.94],
							"lerp_mode": "catmullrom"
						},
						"0.8667": {
							"post": [-11.59, -13.82, 20.07],
							"lerp_mode": "catmullrom"
						}
					}
				},
				"lefthand": {
					"rotation": [105.21401, -25.37935, -150.1551],
					"position": [7.03, -14.15, -14.57],
					"scale": [1, 1.5, 1]
				},
				"righthand": {
					"rotation": {
						"0.0": [95.0274, 5.97708, -179.47516],
						"0.1": [95.0274, 5.97708, -179.47516],
						"0.3": [95.0274, 5.97708, -179.47516],
						"0.5667": [95.0274, 5.97708, -179.47516],
						"0.6667": [95.0274, 5.97708, -179.47516],
						"0.8667": [95.0274, 5.97708, -179.47516]
					},
					"position": {
						"0.0": [-6.95, -15.1, 2.825],
						"0.1": [-6.4, -14.425, 2],
						"0.3": [-9.38656, -8.07425, 7.05538],
						"0.3667": [-4.83735, -3.87436, 7.75939],
						"0.4667": [-2.14866, -7.06411, 1.38744],
						"0.5667": [-2.36662, -9.54845, -4.43353],
						"0.6667": [-3.50353, -7.0548, -5.75069],
						"0.8667": [-6.95, -15.1, 2.825]
					},
					"scale": [1, 1.5, 1]
				},
				"camera": {
					"rotation": {
						"0.0": {
							"post": [0, 0, 0],
							"lerp_mode": "catmullrom"
						},
						"0.1333": {
							"post": [-0.225, 0, -0.125],
							"lerp_mode": "catmullrom"
						},
						"0.3667": {
							"post": [0.725, 0, 0.175],
							"lerp_mode": "catmullrom"
						},
						"0.5": {
							"post": [1.125, 0, 1.575],
							"lerp_mode": "catmullrom"
						},
						"0.7333": {
							"post": [0.275, 0, 1.5],
							"lerp_mode": "catmullrom"
						},
						"0.8667": {
							"post": [0, 0, 0],
							"lerp_mode": "catmullrom"
						}
					}
				}
			},
			"sound_effects": {
				"0.0": {
					"effect": "tacz:m95/m95_put_away"
				}
			}
		},
		"reload_empty": {
			"loop": "hold_on_last_frame",
			"animation_length": 2.2167,
			"bones": {
				"l2": {
					"rotation": {
						"0.2167": [0, 0, 0],
						"0.2833": [-3, 0, 0],
						"0.35": [0, 0, 0],
						"0.4167": [-2, 0, 0],
						"0.5": [-2, 0, 0],
						"0.5667": [0, 0, 0],
						"0.6333": [-2, 0, 0],
						"0.7": [-0.75, 0, 0],
						"0.75": [4.375, 0, 0],
						"0.8333": [-1.025, 0, 0],
						"0.9": [2.25, 0, 0],
						"0.9667": [1.25, 0, 0],
						"1.0667": [2.25, 0, 0],
						"1.1667": [0.25, 0, 0],
						"1.25": [1.25, 0, 0],
						"1.3333": [2.25, 0, 0],
						"1.3833": [2.25, 0, 0],
						"1.4": [6.75, 0, 0],
						"1.4667": [-2.2, 0, 0],
						"1.5333": [3.95, 0, 0],
						"1.6": [0, 0, 0],
						"1.6833": [1.75, 0, 0],
						"1.75": [0, 0, 0],
						"1.8667": [0, 0, 0],
						"1.9333": [-3, 0, 0],
						"2.0": [-2, 0, 0],
						"2.0667": [0, 0, 0],
						"2.15": [-1, 0, 0],
						"2.2167": [0, 0, 0]
					}
				},
				"l3": {
					"rotation": {
						"0.2167": [0, 0, 0],
						"0.2833": [-3, 0, 0],
						"0.35": [0, 0, 0],
						"0.4167": [-2, 0, 0],
						"0.5": [-2, 0, 0],
						"0.5667": [0, 0, 0],
						"0.6333": [-2, 0, 0],
						"0.7": [-0.75, 0, 0],
						"0.75": [4.375, 0, 0],
						"0.8333": [-1.025, 0, 0],
						"0.9": [2.25, 0, 0],
						"0.9667": [1.25, 0, 0],
						"1.0667": [2.25, 0, 0],
						"1.1667": [0.25, 0, 0],
						"1.25": [1.25, 0, 0],
						"1.3333": [2.25, 0, 0],
						"1.3833": [2.25, 0, 0],
						"1.4": [5.175, 0, 0],
						"1.4667": [-0.425, 0, 0],
						"1.5333": [3.95, 0, 0],
						"1.6": [0.6, 0, 0],
						"1.6833": [1.75, 0, 0],
						"1.75": [0, 0, 0],
						"1.8667": [0, 0, 0],
						"1.9333": [-3, 0, 0],
						"2.0": [-2, 0, 0],
						"2.0667": [0, 0, 0],
						"2.15": [-1, 0, 0],
						"2.2167": [0, 0, 0]
					}
				},
				"root": {
					"rotation": {
						"0.0": {
							"post": [0, 0, 0],
							"lerp_mode": "catmullrom"
						},
						"0.1": {
							"post": [-22.58669, -3.07441, 15.33405],
							"lerp_mode": "catmullrom"
						},
						"0.2": {
							"post": [-30.43858, 1.86212, 31.81402],
							"lerp_mode": "catmullrom"
						},
						"0.2833": {
							"post": [-33.05971, 5.16183, 39.67005],
							"lerp_mode": "catmullrom"
						},
						"0.3333": {
							"post": [-33.53098, 3.86184, 41.8581],
							"lerp_mode": "catmullrom"
						},
						"0.4333": {
							"post": [-34.29177, 2.97517, 41.93889],
							"lerp_mode": "catmullrom"
						},
						"0.5": {
							"post": [-33.99449, 1.80964, 38.54477],
							"lerp_mode": "catmullrom"
						},
						"0.6333": [-33.70746, 2.98188, 39.9892],
						"0.6833": [-35.56928, -0.02315, 35.34261],
						"0.7333": [-34.28199, 2.99703, 40.07586],
						"0.75": [-32.97341, 5.29328, 44.51485],
						"0.8333": {
							"pre": [-33.10974, 1.50976, 37.92265],
							"post": [-33.10974, 1.50976, 37.92265],
							"lerp_mode": "catmullrom"
						},
						"0.9333": {
							"post": [-33.82274, 3.77808, 41.84919],
							"lerp_mode": "catmullrom"
						},
						"1.0167": [-36.61201, 6.92709, 45.45735],
						"1.15": {
							"pre": [-39.27183, 6.82856, 43.68822],
							"post": [-39.27183, 6.82856, 43.68822],
							"lerp_mode": "catmullrom"
						},
						"1.2333": {
							"post": [-39.53149, 8.31942, 47.48088],
							"lerp_mode": "catmullrom"
						},
						"1.2833": {
							"post": [-39.53025, 8.3138, 47.46774],
							"lerp_mode": "catmullrom"
						},
						"1.3833": {
							"post": [-40.19436, 9.98962, 48.96567],
							"lerp_mode": "catmullrom"
						},
						"1.4": {
							"post": [-39.16916, 7.3395, 44.59081],
							"lerp_mode": "catmullrom"
						},
						"1.4333": {
							"post": [-40.49827, 9.36274, 47.47311],
							"lerp_mode": "catmullrom"
						},
						"1.4833": {
							"post": [-39.82513, 6.2649, 44.60883],
							"lerp_mode": "catmullrom"
						},
						"1.5333": [-40.76065, 5.80425, 43.73373],
						"1.6333": [-37.66518, 5.67474, 36.22251],
						"1.7": [-29.32038, 3.42008, 13.4317],
						"1.7833": {
							"pre": [-10.59028, -1.92168, 0.36644],
							"post": [-10.59028, -1.92168, 0.36644],
							"lerp_mode": "catmullrom"
						},
						"1.85": [-4.44534, -0.51817, 4.83543],
						"1.9333": {
							"pre": [-0.94585, 0.78959, 0.87252],
							"post": [-0.94585, 0.78959, 0.87252],
							"lerp_mode": "catmullrom"
						},
						"2.0333": {
							"post": [2, 0.00105, -0.5],
							"lerp_mode": "catmullrom"
						},
						"2.0833": {
							"post": [0.20183, 0.07896, 1.68632],
							"lerp_mode": "catmullrom"
						},
						"2.15": {
							"post": [0.23051, 0.06375, 0.75603],
							"lerp_mode": "catmullrom"
						},
						"2.25": {
							"post": [0, 0, 0],
							"lerp_mode": "catmullrom"
						}
					},
					"position": {
						"0.0": {
							"post": [0, 0, 0],
							"lerp_mode": "catmullrom"
						},
						"0.0833": {
							"post": [2.54, 0.25, 0.135],
							"lerp_mode": "catmullrom"
						},
						"0.1833": {
							"post": [6.075, 3.675, 0.7075],
							"lerp_mode": "catmullrom"
						},
						"0.25": {
							"post": [7.805, 4.925, 1.3675],
							"lerp_mode": "catmullrom"
						},
						"0.3333": {
							"post": [7.775, 4.25, 1.6575],
							"lerp_mode": "catmullrom"
						},
						"0.4333": {
							"post": [7.775, 4, 1.3075],
							"lerp_mode": "catmullrom"
						},
						"0.4833": {
							"post": [7.785, 3.68, 1.245],
							"lerp_mode": "catmullrom"
						},
						"0.5333": {
							"post": [7.775, 3.625, 1.1075],
							"lerp_mode": "catmullrom"
						},
						"0.6833": [7.575, 4.15, 1.1075],
						"0.7333": [7.575, 3.7725, 1.1075],
						"0.7833": [7.475, 3.5225, 1.1075],
						"0.9": {
							"pre": [7.675, 3.7225, 1.1075],
							"post": [7.675, 3.7225, 1.1075],
							"lerp_mode": "catmullrom"
						},
						"0.9667": {
							"post": [8.14, 3.75, 1.12],
							"lerp_mode": "catmullrom"
						},
						"1.0833": {
							"post": [8.47, 4.5, 1.14],
							"lerp_mode": "catmullrom"
						},
						"1.15": {
							"post": [8.475, 4.8225, 1.1075],
							"lerp_mode": "catmullrom"
						},
						"1.25": {
							"post": [8.825, 4.9325, 0.7675],
							"lerp_mode": "catmullrom"
						},
						"1.3": {
							"post": [8.905, 4.9625, 0.7975],
							"lerp_mode": "catmullrom"
						},
						"1.35": {
							"post": [8.875, 4.8725, 1.1075],
							"lerp_mode": "catmullrom"
						},
						"1.4": {
							"post": [8.775, 4.8725, 1.1075],
							"lerp_mode": "catmullrom"
						},
						"1.4333": {
							"post": [8.775, 4.4725, 1.1075],
							"lerp_mode": "catmullrom"
						},
						"1.5": {
							"post": [8.855, 4.3725, 1.0675],
							"lerp_mode": "catmullrom"
						},
						"1.6": [7.275, 1.8225, 1.1075],
						"1.6833": [3.45, 0.205, 1.625],
						"1.7833": {
							"pre": [0.7, -0.8, 0.525],
							"post": [0.7, -0.8, 0.525],
							"lerp_mode": "catmullrom"
						},
						"1.85": {
							"post": [0.46, -1.55, -0.79],
							"lerp_mode": "catmullrom"
						},
						"1.9333": {
							"post": [0.28, -1.35, -2.04],
							"lerp_mode": "catmullrom"
						},
						"1.9833": {
							"post": [0.13, -1.14, -1.475],
							"lerp_mode": "catmullrom"
						},
						"2.0333": {
							"post": [0, -0.85, 0.225],
							"lerp_mode": "catmullrom"
						},
						"2.0833": {
							"post": [0, 0.04, 0.51],
							"lerp_mode": "catmullrom"
						},
						"2.1333": {
							"post": [0, -0.02, -0.18],
							"lerp_mode": "catmullrom"
						},
						"2.2": {
							"post": [0, 0, 0],
							"lerp_mode": "catmullrom"
						}
					}
				},
				"lefthand": {
					"rotation": {
						"0.0": {
							"post": [105.21401, -25.37935, -150.1551],
							"lerp_mode": "catmullrom"
						}
					},
					"position": {
						"0.0": {
							"post": [7.03, -14.15, -14.57],
							"lerp_mode": "catmullrom"
						}
					},
					"scale": [1, 1.5, 1]
				},
				"righthand": {
					"rotation": {
						"0.0": [95.0274, 5.97708, -179.47516],
						"0.2": [95.0274, 5.97708, -179.47516],
						"0.2833": [95.0274, 5.97708, -179.47516],
						"0.3667": [106.64, 36.26, -178.83],
						"0.8167": [95.91, 30, -222.28],
						"0.8333": [90.44, 27.5, -241.99],
						"0.85": [86.47, 27, -250.62],
						"0.8833": [81.32, 28, -255.38],
						"0.9167": [83.18573, 30, -255.64935],
						"0.9333": [85.05271, 33, -255.90746],
						"0.9667": [87.64261, 37.5, -256.59675],
						"0.9833": [87.67086, 36.5, -256.54876],
						"1.0167": [87.64261, 37.5, -256.59675],
						"1.0333": [88.06665, 14.5, -255.64757],
						"1.0667": [88.07, 14.55, -255.65],
						"1.0833": [88.09, 12.5, -255.58],
						"1.1": [87.57, 12.5, -258.37],
						"1.1167": [87.06, 13, -261.18],
						"1.1333": [88.08, 14.5, -255.61],
						"1.15": [92.25, 15, -233.4],
						"1.1667": [97.96, 16, -202.81],
						"1.1833": [101.89, 18, -180.34],
						"1.2": [102.44, 19, -175.17],
						"1.2167": [102.07, 20, -174.04],
						"1.2333": [101.2, 20.51, -175.27],
						"1.25": [100.27, 21.28, -177.18],
						"1.2667": [99.7, 21.53, -178.1],
						"1.3167": [99.41439, 17, -178.97857],
						"1.3833": [95.0274, 5.97708, -179.47516]
					},
					"position": {
						"0.0": [-6.95, -15.1, 2.825],
						"0.2": [-6.4, -14.425, 2],
						"0.2833": [-6.4, -14.425, 2],
						"0.3667": [-7.5, -30.02, 23.45],
						"0.5333": [-8.49, -23.12, 12.53],
						"0.8167": [-8.49, -23.12, 12.53],
						"0.8333": [-8.59, -22.09, 7.92],
						"0.85": [-8.12, -20.3, 2.48],
						"0.8833": [-12.75, -16.35, -4.02],
						"0.9167": [-11.95, -9.85, -4.725],
						"0.9333": [-11.95, -9.85, -4.725],
						"0.9667": [-11.95, -9.85, -4.725],
						"0.9833": [-11.95, -9.85, -4.725],
						"1.0167": [-11.95, -9.85, -4.725],
						"1.0333": [-9.95, -9.85, -4.725],
						"1.0667": [-9.95, -9.85, -4.725],
						"1.0833": [-9.95, -9.85, -4.725],
						"1.1": [-9.95, -9.85, -4.725],
						"1.1167": [-9.95, -9.85, -4.725],
						"1.1333": [-9.95, -9.85, -4.725],
						"1.15": [-9.95, -9.85, -4.725],
						"1.1667": [-8.4, -14.31, -0.74],
						"1.1833": [-9.2, -18.02, 2.6],
						"1.2": [-8.99, -17.49, 2.16],
						"1.2167": [-8.38, -16.69, 1.98],
						"1.2333": [-7.61, -15.79, 1.96],
						"1.25": [-6.88, -14.98, 2],
						"1.2667": [-6.4, -14.42, 2],
						"1.3167": [-6.4, -14.425, 2],
						"1.3833": [-6.95, -15.1, 2.825]
					},
					"scale": {
						"0.0": [1, 1.5, 1],
						"1.3833": [1, 1.5, 1]
					}
				},
				"constraint": {
					"rotation": {
						"0.0": [0.2, 0.2, 0.2],
						"0.5167": [0.375, 0.375, 0.375],
						"1.6": [0.3, 0.3, 0.3],
						"2.1833": [0.2, 0.2, 0.2]
					},
					"position": {
						"0.0": [0.25, 0.25, 0.25],
						"0.5167": [0.325, 0.325, 0.325],
						"1.6": [0.3, 0.3, 0.3],
						"2.1833": [0.25, 0.25, 0.25]
					}
				},
				"mag_and_bullet": {
					"rotation": {
						"0.0": [0, 0, 0],
						"0.5333": {
							"pre": [-31.83, 12.81, 68.22],
							"post": [-31.83, 12.81, 68.22],
							"lerp_mode": "catmullrom"
						},
						"0.8333": {
							"post": [-19.69755, 0.77037, 8.10029],
							"lerp_mode": "catmullrom"
						},
						"0.8833": [-12.5, 0, 0],
						"0.9167": [-14.5, 0, 0],
						"0.9333": [-17.5, 0, 0],
						"0.9667": {
							"pre": [-31.5, 0, 0],
							"post": [-31.5, 0, 0],
							"lerp_mode": "catmullrom"
						},
						"1.0167": {
							"post": [0, 0, 0],
							"lerp_mode": "catmullrom"
						},
						"1.0333": {
							"post": [0, 0, 0],
							"lerp_mode": "catmullrom"
						},
						"1.0667": {
							"post": [0, 0, 0],
							"lerp_mode": "catmullrom"
						},
						"1.0833": {
							"post": [0, 0, 0],
							"lerp_mode": "catmullrom"
						}
					},
					"position": {
						"0.0": [0, 0, 0],
						"0.5333": {
							"pre": [-2.14206, -7.25763, 14.40391],
							"post": [-2.14206, -7.25763, 14.40391],
							"lerp_mode": "catmullrom"
						},
						"0.8333": {
							"post": [-0.5, -9.5, 11.1],
							"lerp_mode": "catmullrom"
						},
						"0.8833": [-5, -4, -0.8],
						"0.9167": [-4, 0.2, -0.85],
						"0.9333": [-4, 0.6, -1.025],
						"0.9667": {
							"pre": [-5, 2.075, -1.85],
							"post": [-5, 2.075, -1.85],
							"lerp_mode": "catmullrom"
						},
						"1.0167": {
							"post": [-3, 0, -0.575],
							"lerp_mode": "catmullrom"
						},
						"1.0333": {
							"post": [0, -0.2, 0],
							"lerp_mode": "catmullrom"
						},
						"1.0667": {
							"post": [0, -0.2, 0],
							"lerp_mode": "catmullrom"
						},
						"1.0833": {
							"post": [0, 0, 0],
							"lerp_mode": "catmullrom"
						}
					},
					"scale": {
						"0.0": [0, 0, 0],
						"0.5167": [0, 0, 0],
						"0.5333": [1, 1, 1],
						"1.0833": [1, 1, 1]
					}
				},
				"camera": {
					"rotation": {
						"0.0": {
							"post": [0, 0, 0],
							"lerp_mode": "catmullrom"
						},
						"0.1": {
							"post": [0.545, 0, 0],
							"lerp_mode": "catmullrom"
						},
						"0.2": {
							"post": [3.645, -0.28, 1.06],
							"lerp_mode": "catmullrom"
						},
						"0.2667": {
							"post": [4.235, -0.46, 1.73],
							"lerp_mode": "catmullrom"
						},
						"0.6": {
							"post": [5.305, 0.19, 1.375],
							"lerp_mode": "catmullrom"
						},
						"0.7667": {
							"post": [4.915, 0.26, 1.3],
							"lerp_mode": "catmullrom"
						},
						"0.95": {
							"post": [6.93, -0.65, 1.525],
							"lerp_mode": "catmullrom"
						},
						"1.0": {
							"post": [6.87, -0.74, 1.56],
							"lerp_mode": "catmullrom"
						},
						"1.05": {
							"post": [8, -0.76, 3.045],
							"lerp_mode": "catmullrom"
						},
						"1.1": {
							"post": [6.27, -0.81, 0.625],
							"lerp_mode": "catmullrom"
						},
						"1.1667": {
							"post": [6.97, -0.89, 1.985],
							"lerp_mode": "catmullrom"
						},
						"1.2333": {
							"post": [5.445, -0.85, 1.525],
							"lerp_mode": "catmullrom"
						},
						"1.4667": {
							"post": [-0.195, 0.125, 0],
							"lerp_mode": "catmullrom"
						},
						"1.5167": {
							"post": [0.335, 0.16, 0.365],
							"lerp_mode": "catmullrom"
						},
						"1.5667": {
							"post": [0.58, 0.08, -0.235],
							"lerp_mode": "catmullrom"
						},
						"1.6333": {
							"post": [0.17, 0, 0],
							"lerp_mode": "catmullrom"
						},
						"1.6833": {
							"post": [0.56, -0.01, 1.225],
							"lerp_mode": "catmullrom"
						},
						"1.7333": {
							"post": [-0.4, 0, -0.825],
							"lerp_mode": "catmullrom"
						},
						"1.8": {
							"post": [0.075, 0, 0.325],
							"lerp_mode": "catmullrom"
						},
						"1.8833": {
							"post": [0, 0, 0],
							"lerp_mode": "catmullrom"
						}
					}
				}
			},
			"sound_effects": {
				"0.0": {
					"effect": "tacz:m95/m95_reload_raise"
				},
				"0.9": {
					"effect": "tacz:m95/m95_reload_arm"
				},
				"0.9833": {
					"effect": "tacz:m95/m95_reload_magin"
				},
				"1.5": {
					"effect": "tacz:m95/m95_reload_rotate"
				},
				"1.7333": {
					"effect": "tacz:m95/m95_reload_end"
				}
			}
		},
		"inspect": {
			"animation_length": 5.9333,
			"bones": {
				"root": {
					"rotation": {
						"0.0": [0, 0, 0],
						"0.0333": [0.54, -0.47, 0.14],
						"0.0667": [1.38, -1.07, 0.37],
						"0.1": [2.25, -1.86, 0.59],
						"0.1333": [2.89, -2.96, 0.7],
						"0.1667": [3.05, -4.43, 0.61],
						"0.2": [2.22, -6.76, 0.96],
						"0.2333": [0.66, -9.55, 1.59],
						"0.2667": [-0.91, -12.93, 1.02],
						"0.3": [-1.74, -16.97, -2.22],
						"0.3333": [-1.7, -19.17, -5.12],
						"0.3667": [-1.43, -21.74, -9.1],
						"0.4": [-0.99, -24.56, -13.83],
						"0.4333": [-0.46, -27.51, -18.99],
						"0.4667": [0.1, -30.46, -24.25],
						"0.5": [0.62, -33.28, -29.31],
						"0.5333": [1.04, -35.87, -33.83],
						"0.5667": [1.29, -38.08, -37.5],
						"0.6": [1.3, -39.79, -39.99],
						"0.6333": [0.65, -41.68, -41.55],
						"0.6667": [-0.59, -42.49, -40.56],
						"0.7": [-2.04, -42.64, -38.26],
						"0.7333": [-3.33, -42.55, -35.84],
						"0.7667": [-4.07, -42.64, -34.55],
						"0.8": [-4.05, -42.91, -34.67],
						"0.8333": [-3.42, -42.99, -35.46],
						"0.8667": [-2.66, -42.98, -36.33],
						"0.9": [-2.23, -42.96, -36.72],
						"0.9333": [-2.25, -42.94, -36.54],
						"0.9667": [-2.39, -42.89, -36.11],
						"1.0": [-2.61, -42.83, -35.55],
						"1.0333": [-2.87, -42.76, -34.97],
						"1.0667": [-3.12, -42.69, -34.49],
						"1.1": [-3.31, -42.65, -34.21],
						"1.1333": [-3.34, -42.65, -34.19],
						"1.1667": [-3.38, -42.64, -34.19],
						"1.2": [-3.41, -42.64, -34.21],
						"1.2333": [-3.44, -42.64, -34.25],
						"1.2667": [-3.47, -42.63, -34.3],
						"1.3": [-3.49, -42.63, -34.37],
						"1.3333": [-3.52, -42.63, -34.45],
						"1.3667": [-3.54, -42.63, -34.53],
						"1.4": [-3.57, -42.64, -34.62],
						"1.4333": [-3.59, -42.64, -34.72],
						"1.4667": [-3.62, -42.64, -34.81],
						"1.5": [-3.64, -42.64, -34.91],
						"1.5333": [-3.66, -42.64, -35],
						"1.5667": [-3.69, -42.65, -35.08],
						"1.6": [-3.71, -42.65, -35.15],
						"1.6333": [-3.74, -42.65, -35.21],
						"1.6667": [-3.76, -42.65, -35.25],
						"1.7": [-3.79, -42.65, -35.28],
						"1.7333": [-3.82, -42.65, -35.29],
						"1.7667": [-3.85, -42.65, -35.27],
						"1.8": [-3.88, -42.65, -35.23],
						"1.8333": [-3.91, -42.65, -35.17],
						"1.8667": [-3.95, -42.65, -35.07],
						"1.9": [-4.11, -42.65, -34.51],
						"1.9333": [-4.33, -42.66, -33.67],
						"1.9667": [-4.56, -42.67, -32.64],
						"2.0": [-4.78, -42.67, -31.55],
						"2.0333": [-4.95, -42.65, -30.5],
						"2.0667": [-5.05, -42.6, -29.62],
						"2.1": [-5.03, -42.51, -29.01],
						"2.1333": [-4.87, -42.5, -29],
						"2.1667": [-4.57, -42.61, -29.53],
						"2.2": [-4.18, -42.77, -30.34],
						"2.2333": [-3.75, -42.87, -31.15],
						"2.2667": [-3.35, -42.83, -31.69],
						"2.3": [-3.01, -42.57, -31.7],
						"2.3333": [-2.78, -41.99, -30.9],
						"2.3667": [-2.73, -41, -29.02],
						"2.4": [-2.73, -39.58, -26.06],
						"2.4333": [-2.67, -37.77, -22.26],
						"2.4667": [-2.64, -35.66, -17.76],
						"2.5": [-2.73, -33.31, -12.67],
						"2.5333": [-3, -30.81, -7.12],
						"2.5667": [-3.56, -28.23, -1.21],
						"2.6": [-4.47, -25.64, 4.91],
						"2.6333": [-5.82, -23.11, 11.14],
						"2.6667": [-7.59, -20.75, 17.25],
						"2.7": [-9.94, -18.13, 24.27],
						"2.7333": [-12.69, -15.36, 31.86],
						"2.7667": [-15.69, -12.54, 39.7],
						"2.8": [-18.75, -9.78, 47.44],
						"2.8333": [-21.72, -7.19, 54.76],
						"2.8667": [-24.41, -4.87, 61.31],
						"2.9": [-26.66, -2.94, 66.78],
						"2.9333": [-28.3, -1.49, 70.81],
						"2.9667": [-29.53, -0.41, 73.78],
						"3.0": [-30.05, -0.06, 74.78],
						"3.0333": [-30.06, -0.22, 74.35],
						"3.0667": [-29.75, -0.7, 73.01],
						"3.1": [-29.32, -1.31, 71.31],
						"3.1333": [-28.94, -1.82, 69.78],
						"3.1667": [-28.83, -2.05, 68.95],
						"3.2": [-28.95, -2.06, 68.44],
						"3.2333": [-29.07, -2.03, 67.82],
						"3.2667": [-29.19, -1.97, 67.22],
						"3.3": [-29.31, -1.88, 66.77],
						"3.3333": [-29.41, -1.74, 66.6],
						"3.3667": [-29.53, -1.33, 67.15],
						"3.4": [-29.61, -0.82, 68.24],
						"3.4333": [-29.69, -0.51, 69.06],
						"3.4667": [-29.76, -0.56, 69.21],
						"3.5": [-29.82, -0.78, 69.15],
						"3.5333": [-29.87, -1.02, 69.07],
						"3.5667": [-29.91, -1.13, 69.18],
						"3.6": [-29.92, -1.12, 69.29],
						"3.6333": [-29.93, -1.08, 69.45],
						"3.6667": [-29.94, -1.02, 69.64],
						"3.7": [-29.95, -0.95, 69.85],
						"3.7333": [-29.96, -0.87, 70.07],
						"3.7667": [-29.97, -0.78, 70.3],
						"3.8": [-29.97, -0.7, 70.51],
						"3.8333": [-29.97, -0.63, 70.72],
						"3.8667": [-29.95, -0.57, 70.89],
						"3.9": [-29.93, -0.52, 71.03],
						"3.9333": [-29.91, -0.51, 71.12],
						"3.9667": [-29.89, -0.5, 71.18],
						"4.0": [-29.88, -0.5, 71.24],
						"4.0333": [-29.88, -0.49, 71.3],
						"4.0667": [-29.88, -0.49, 71.36],
						"4.1": [-29.88, -0.49, 71.42],
						"4.1333": [-29.87, -0.5, 71.46],
						"4.1667": [-29.86, -0.51, 71.49],
						"4.2": [-29.85, -0.53, 71.5],
						"4.2333": [-29.81, -0.56, 71.49],
						"4.2667": [-29.76, -0.61, 71.44],
						"4.3": [-29.7, -0.66, 71.37],
						"4.3333": [-29.61, -0.74, 71.26],
						"4.3667": [-29.49, -0.83, 71.1],
						"4.4": [-29.34, -0.93, 70.9],
						"4.4333": [-29.16, -1.06, 70.66],
						"4.4667": [-28.73, -1.38, 69.97],
						"4.5": [-28.23, -1.75, 69.12],
						"4.5333": [-27.66, -2.18, 68.12],
						"4.5667": [-26.97, -2.68, 66.97],
						"4.6": [-26.16, -3.25, 65.7],
						"4.6333": [-25.19, -3.9, 64.32],
						"4.6667": [-24.04, -4.64, 62.84],
						"4.7": [-22.42, -5.78, 61.15],
						"4.7333": [-20.54, -7.22, 59.5],
						"4.7667": [-18.45, -8.77, 57.68],
						"4.8": [-16.22, -10.22, 55.52],
						"4.8333": [-13.93, -11.39, 52.83],
						"4.8667": [-11.62, -12.05, 49.41],
						"4.9": [-9.97, -12.17, 46.5],
						"4.9333": [-8.15, -12.09, 42.99],
						"4.9667": [-6.21, -11.84, 39.06],
						"5.0": [-4.24, -11.46, 34.9],
						"5.0333": [-2.31, -10.98, 30.68],
						"5.0667": [-0.5, -10.45, 26.57],
						"5.1": [1.11, -9.89, 22.76],
						"5.1333": [2.46, -9.36, 19.43],
						"5.1667": [3.46, -8.87, 16.74],
						"5.2": [4.35, -7.99, 13.44],
						"5.2333": [4.39, -6.99, 11.46],
						"5.2667": [3.91, -5.95, 10.26],
						"5.3": [3.28, -4.95, 9.29],
						"5.3333": [2.85, -4.05, 8.01],
						"5.3667": [2.5, -3.05, 5.88],
						"5.4": [2.06, -2.11, 3.72],
						"5.4333": [1.62, -1.32, 1.86],
						"5.4667": [1.26, -0.73, 0.59],
						"5.5": [0.95, -0.36, 0.25],
						"5.5333": [0.73, -0.32, 0.78],
						"5.5667": [0.54, -0.32, 1.08],
						"5.6": [0.41, -0.29, 0.86],
						"5.6333": [0.29, -0.29, 0.5],
						"5.6667": [0.18, -0.29, 0.08],
						"5.7": [0.09, -0.29, -0.29],
						"5.7333": [0.02, -0.28, -0.5],
						"5.7667": [-0.02, -0.22, -0.51],
						"5.8": [-0.02, -0.13, -0.35],
						"5.8333": [-0.01, -0.05, -0.14],
						"5.8667": [0, 0, 0]
					},
					"position": {
						"0.0": [0, 0, 0],
						"0.0333": [0.11, -0.06, -0.12],
						"0.0667": [0.26, -0.17, -0.29],
						"0.1": [0.45, -0.27, -0.49],
						"0.1333": [0.65, -0.31, -0.72],
						"0.1667": [0.86, -0.26, -0.98],
						"0.2": [1.06, -0.1, -1.24],
						"0.2333": [1.29, 0.15, -1.56],
						"0.2667": [1.53, 0.45, -1.89],
						"0.3": [1.76, 0.75, -2.22],
						"0.3333": [1.95, 1.01, -2.5],
						"0.3667": [2.1, 1.2, -2.7],
						"0.4": [2.22, 1.36, -2.86],
						"0.4333": [2.21, 1.38, -2.84],
						"0.4667": [2.2, 1.32, -2.8],
						"0.5": [2.22, 1.26, -2.79],
						"0.5333": [2.24, 1.17, -2.78],
						"0.5667": [2.26, 1.05, -2.76],
						"0.6": [2.28, 0.95, -2.73],
						"0.6333": [2.3, 0.86, -2.71],
						"0.6667": [2.3, 0.83, -2.7],
						"0.7": [2.28, 0.87, -2.69],
						"0.7333": [2.24, 1, -2.69],
						"0.7667": [2.2, 1.14, -2.69],
						"0.8": [2.19, 1.23, -2.69],
						"0.8333": [2.19, 1.25, -2.69],
						"0.8667": [2.2, 1.26, -2.69],
						"0.9": [2.22, 1.26, -2.7],
						"0.9333": [2.24, 1.26, -2.7],
						"0.9667": [2.26, 1.25, -2.7],
						"1.0": [2.28, 1.24, -2.7],
						"1.0333": [2.29, 1.23, -2.7],
						"1.0667": [2.3, 1.23, -2.7],
						"1.1": [2.3, 1.22, -2.7],
						"1.1333": [2.3, 1.22, -2.7],
						"1.1667": [2.3, 1.22, -2.7],
						"1.2": [2.3, 1.22, -2.69],
						"1.2333": [2.3, 1.22, -2.69],
						"1.2667": [2.3, 1.22, -2.69],
						"1.3": [2.3, 1.22, -2.69],
						"1.3333": [2.3, 1.22, -2.69],
						"1.3667": [2.3, 1.21, -2.69],
						"1.4": [2.3, 1.21, -2.68],
						"1.4333": [2.3, 1.21, -2.68],
						"1.4667": [2.3, 1.21, -2.68],
						"1.5": [2.29, 1.21, -2.68],
						"1.5333": [2.29, 1.2, -2.67],
						"1.5667": [2.29, 1.2, -2.67],
						"1.6": [2.29, 1.2, -2.67],
						"1.6333": [2.29, 1.19, -2.66],
						"1.6667": [2.29, 1.19, -2.66],
						"1.7": [2.28, 1.18, -2.65],
						"1.7333": [2.28, 1.18, -2.65],
						"1.7667": [2.28, 1.17, -2.65],
						"1.8": [2.28, 1.16, -2.64],
						"1.8333": [2.28, 1.15, -2.64],
						"1.8667": [2.28, 1.14, -2.63],
						"1.9": [2.28, 1.09, -2.6],
						"1.9333": [2.28, 1.01, -2.57],
						"1.9667": [2.29, 0.92, -2.53],
						"2.0": [2.29, 0.84, -2.49],
						"2.0333": [2.29, 0.76, -2.45],
						"2.0667": [2.3, 0.72, -2.43],
						"2.1": [2.3, 0.71, -2.42],
						"2.1333": [2.3, 0.73, -2.43],
						"2.1667": [2.31, 0.78, -2.43],
						"2.2": [2.31, 0.85, -2.45],
						"2.2333": [2.32, 0.93, -2.46],
						"2.2667": [2.32, 1.02, -2.48],
						"2.3": [2.33, 1.1, -2.5],
						"2.3333": [2.33, 1.19, -2.53],
						"2.3667": [2.33, 1.26, -2.57],
						"2.4": [2.33, 1.32, -2.62],
						"2.4333": [2.33, 1.36, -2.67],
						"2.4667": [2.32, 1.35, -2.77],
						"2.5": [2.31, 1.27, -2.88],
						"2.5333": [2.3, 1.17, -3],
						"2.5667": [2.28, 1.1, -3.15],
						"2.6": [2.26, 1.09, -3.34],
						"2.6333": [2.23, 1.2, -3.56],
						"2.6667": [2.21, 1.36, -3.75],
						"2.7": [2.17, 1.6, -3.99],
						"2.7333": [2.14, 1.88, -4.26],
						"2.7667": [2.1, 2.2, -4.54],
						"2.8": [2.06, 2.52, -4.82],
						"2.8333": [2.03, 2.84, -5.08],
						"2.8667": [2, 3.12, -5.31],
						"2.9": [1.97, 3.34, -5.5],
						"2.9333": [1.96, 3.49, -5.62],
						"2.9667": [1.95, 3.55, -5.67],
						"3.0": [1.94, 3.56, -5.67],
						"3.0333": [1.95, 3.52, -5.62],
						"3.0667": [1.95, 3.44, -5.54],
						"3.1": [1.96, 3.34, -5.44],
						"3.1333": [1.97, 3.24, -5.34],
						"3.1667": [1.98, 3.14, -5.24],
						"3.2": [1.99, 3.06, -5.16],
						"3.2333": [2, 3.02, -5.11],
						"3.2667": [2, 2.99, -5.09],
						"3.3": [2.01, 2.98, -5.08],
						"3.3333": [2.01, 2.98, -5.09],
						"3.3667": [2.02, 2.99, -5.1],
						"3.4": [2.02, 3, -5.12],
						"3.4333": [2.02, 3.01, -5.13],
						"3.4667": [2.03, 3.01, -5.14],
						"3.5": [2.03, 3.01, -5.14],
						"3.5333": [2.04, 3.01, -5.14],
						"3.5667": [2.04, 3, -5.14],
						"3.6": [2.05, 3, -5.15],
						"3.6333": [2.05, 3, -5.15],
						"3.6667": [2.06, 2.99, -5.15],
						"3.7": [2.06, 2.99, -5.15],
						"3.7333": [2.07, 2.98, -5.15],
						"3.7667": [2.07, 2.98, -5.15],
						"3.8": [2.08, 2.98, -5.16],
						"3.8333": [2.08, 2.97, -5.16],
						"3.8667": [2.09, 2.97, -5.16],
						"3.9": [2.09, 2.97, -5.16],
						"3.9333": [2.1, 2.97, -5.16],
						"3.9667": [2.1, 2.97, -5.16],
						"4.0": [2.11, 2.97, -5.16],
						"4.0333": [2.12, 2.98, -5.16],
						"4.0667": [2.12, 2.99, -5.16],
						"4.1": [2.13, 3.01, -5.16],
						"4.1333": [2.14, 3.02, -5.16],
						"4.1667": [2.14, 3.03, -5.16],
						"4.2": [2.15, 3.04, -5.16],
						"4.2333": [2.15, 3.04, -5.16],
						"4.2667": [2.15, 3.05, -5.16],
						"4.3": [2.16, 3.06, -5.16],
						"4.3333": [2.16, 3.07, -5.16],
						"4.3667": [2.17, 3.08, -5.17],
						"4.4": [2.17, 3.09, -5.17],
						"4.4333": [2.17, 3.09, -5.16],
						"4.4667": [2.16, 3.08, -5.15],
						"4.5": [2.14, 3.04, -5.14],
						"4.5333": [2.12, 2.99, -5.11],
						"4.5667": [2.08, 2.86, -5.06],
						"4.6": [2.05, 2.69, -5],
						"4.6333": [2, 2.49, -4.93],
						"4.6667": [1.93, 2.28, -4.85],
						"4.7": [1.82, 2.06, -4.74],
						"4.7333": [1.65, 1.87, -4.61],
						"4.7667": [1.44, 1.71, -4.49],
						"4.8": [1.15, 1.54, -4.37],
						"4.8333": [0.83, 1.38, -4.24],
						"4.8667": [0.49, 1.22, -4.09],
						"4.9": [0.18, 1.07, -3.91],
						"4.9333": [-0.07, 0.92, -3.68],
						"4.9667": [-0.24, 0.78, -3.4],
						"5.0": [-0.32, 0.66, -3.08],
						"5.0333": [-0.33, 0.55, -2.69],
						"5.0667": [-0.3, 0.44, -2.25],
						"5.1": [-0.24, 0.33, -1.8],
						"5.1333": [-0.17, 0.24, -1.34],
						"5.1667": [-0.09, 0.15, -0.92],
						"5.2": [-0.03, 0.07, -0.56],
						"5.2333": [0, 0, -0.29],
						"5.2667": [0.01, -0.07, -0.05],
						"5.3": [0.02, -0.12, 0.08],
						"5.3333": [0.02, -0.15, 0.13],
						"5.3667": [0.01, -0.17, 0.15],
						"5.4": [0, -0.18, 0.14],
						"5.4333": [0, -0.19, 0.14],
						"5.4667": [0, -0.18, 0.15],
						"5.5": [0, -0.17, 0.13],
						"5.5333": [0, -0.15, 0.09],
						"5.5667": [0, -0.12, 0.05],
						"5.6": [0, -0.09, 0.01],
						"5.6333": [0, -0.07, -0.03],
						"5.6667": [0, -0.05, -0.05],
						"5.7": [0, -0.04, -0.06],
						"5.7333": [0, -0.03, -0.05],
						"5.7667": [0, -0.02, -0.05],
						"5.8": [0, -0.02, -0.04],
						"5.8333": [0, -0.01, -0.03],
						"5.8667": [0, -0.01, -0.01],
						"5.9": [0, 0, -0.01],
						"5.9333": [0, 0, 0]
					}
				},
				"lefthand": {
					"rotation": {
						"0.0": [105.21401, -25.37935, -150.1551],
						"0.2": [95.80502, -35.00282, -168.0453],
						"0.5667": [90.36278, -43.42127, -163.69299],
						"2.4333": [90.36278, -43.42127, -163.69299],
						"2.6667": [112.86278, -43.42127, -163.69299],
						"3.2": [112.86278, -43.42127, -163.69299],
						"3.4667": [143.91675, -30.40323, -206.96358],
						"3.7333": [187.14877, -21.6785, -255.11488],
						"5.1333": [105.21401, -25.37935, -150.1551]
					},
					"position": {
						"0.0": [7.03, -14.15, -14.57],
						"0.5667": [7.03, -14.15, -2.57],
						"2.4333": [7.03, -14.15, -2.57],
						"2.6667": [7.03, -8.15, -2.57],
						"3.2": [7.03, -8.15, -2.57],
						"3.4667": [9.03, -6.98, -5.23],
						"3.7333": [6.03, -5.98, 1.77],
						"3.8667": [6.03, -5.98, 4.77],
						"4.0": [6.03, -5.98, 1.77],
						"4.1333": [6.03, -5.98, 4.77],
						"4.2667": [6.03, -5.98, 1.77],
						"4.7": [9.03, -6.98, -5.23],
						"4.7667": [7.03, -9.28, -10.17],
						"4.9333": [7.03, -9.28, -10.17],
						"5.1333": [7.03, -14.15, -14.57]
					},
					"scale": {
						"0.0": [1, 1.5, 1],
						"5.1333": [1, 1.5, 1]
					}
				},
				"righthand": {
					"rotation": {
						"0.0": [95.0274, 5.97708, -179.47516],
						"0.1667": [94.35, 18.68, -173.87],
						"2.7333": [94.35, 18.68, -173.87],
						"2.9333": [94.24122, 13.69402, -174.25984],
						"4.7667": [94.24122, 13.69402, -174.25984],
						"5.1333": [95.0274, 5.97708, -179.47516]
					},
					"position": {
						"0.0": [-6.95, -15.1, 2.825],
						"0.1667": [-6.8, -16, 4],
						"0.3": [-6.8, -16, 4],
						"2.7333": [-6.8, -16, 4],
						"2.9333": [-6.8, -17, -2],
						"4.7667": [-6.8, -17, -2],
						"5.1333": [-6.95, -15.1, 2.825]
					},
					"scale": {
						"0.0": [1, 1.5, 1],
						"5.1333": [1, 1.5, 1]
					}
				},
				"camera": {
					"rotation": {
						"0.0": [0, 0, 0],
						"0.0333": [0.04, -0.01, -0.02],
						"0.0667": [0.11, -0.03, -0.06],
						"0.1": [0.2, -0.05, -0.12],
						"0.1333": [0.29, -0.07, -0.18],
						"0.1667": [0.38, -0.09, -0.22],
						"0.2": [0.45, -0.1, -0.24],
						"0.2333": [0.5, -0.09, -0.22],
						"0.2667": [0.52, -0.06, -0.14],
						"0.3": [0.5, 0, 0],
						"0.3333": [0.43, 0.1, 0.24],
						"0.3667": [0.3, 0.23, 0.58],
						"0.4": [0.15, 0.39, 0.99],
						"0.4333": [-0.03, 0.57, 1.44],
						"0.4667": [-0.22, 0.75, 1.9],
						"0.5": [-0.41, 0.93, 2.34],
						"0.5333": [-0.58, 1.09, 2.73],
						"0.5667": [-0.72, 1.23, 3.04],
						"0.6": [-0.82, 1.33, 3.23],
						"0.6333": [-0.94, 1.46, 3.17],
						"0.6667": [-0.93, 1.45, 2.65],
						"0.7": [-0.88, 1.46, 2.27],
						"0.7333": [-0.86, 1.52, 2.31],
						"0.7667": [-0.81, 1.6, 2.48],
						"0.8": [-0.74, 1.7, 2.56],
						"0.8333": [-0.74, 1.7, 2.54],
						"0.8667": [-0.79, 1.68, 2.49],
						"0.9": [-0.86, 1.63, 2.43],
						"0.9333": [-0.95, 1.58, 2.36],
						"0.9667": [-1.03, 1.53, 2.29],
						"1.0": [-1.08, 1.5, 2.21],
						"1.0333": [-1.09, 1.5, 2.14],
						"1.0667": [-1.05, 1.55, 2.07],
						"1.1": [-0.92, 1.64, 2.02],
						"1.1333": [-0.71, 1.81, 1.98],
						"1.1667": [-0.39, 2.05, 1.97],
						"1.2": [-0.03, 2.32, 1.97],
						"1.2333": [0.44, 2.66, 1.98],
						"1.2667": [0.99, 3.07, 2.01],
						"1.3": [1.6, 3.53, 2.04],
						"1.3333": [2.27, 4.02, 2.08],
						"1.3667": [2.98, 4.54, 2.13],
						"1.4": [3.7, 5.06, 2.17],
						"1.4333": [4.42, 5.59, 2.22],
						"1.4667": [5.12, 6.11, 2.27],
						"1.5": [5.78, 6.59, 2.32],
						"1.5333": [6.39, 7.04, 2.37],
						"1.5667": [6.92, 7.44, 2.41],
						"1.6": [7.37, 7.77, 2.44],
						"1.6333": [7.71, 8.02, 2.47],
						"1.6667": [7.87, 8.15, 2.48],
						"1.7": [8.02, 8.26, 2.51],
						"1.7333": [8.16, 8.36, 2.54],
						"1.7667": [8.27, 8.45, 2.58],
						"1.8": [8.37, 8.52, 2.61],
						"1.8333": [8.45, 8.58, 2.66],
						"1.8667": [8.51, 8.63, 2.7],
						"1.9": [8.55, 8.67, 2.74],
						"1.9333": [8.58, 8.69, 2.78],
						"1.9667": [8.59, 8.7, 2.82],
						"2.0": [8.58, 8.7, 2.85],
						"2.0333": [8.56, 8.69, 2.88],
						"2.0667": [8.52, 8.66, 2.9],
						"2.1": [8.46, 8.62, 2.91],
						"2.1333": [8.39, 8.58, 2.91],
						"2.1667": [8.3, 8.52, 2.9],
						"2.2": [8.19, 8.45, 2.88],
						"2.2333": [8.07, 8.37, 2.85],
						"2.2667": [7.93, 8.28, 2.8],
						"2.3": [7.77, 8.18, 2.73],
						"2.3333": [7.6, 8.07, 2.65],
						"2.3667": [7.41, 7.95, 2.55],
						"2.4": [7.17, 7.79, 2.41],
						"2.4333": [6.87, 7.61, 2.23],
						"2.4667": [6.53, 7.39, 2.02],
						"2.5": [6.14, 7.14, 1.78],
						"2.5333": [5.72, 6.87, 1.51],
						"2.5667": [5.27, 6.59, 1.23],
						"2.6": [4.79, 6.28, 0.93],
						"2.6333": [4.3, 5.97, 0.62],
						"2.6667": [3.8, 5.65, 0.3],
						"2.7": [3.29, 5.32, -0.01],
						"2.7333": [2.77, 4.99, -0.33],
						"2.7667": [2.27, 4.66, -0.64],
						"2.8": [1.77, 4.33, -0.94],
						"2.8333": [1.29, 4.02, -1.23],
						"2.8667": [0.83, 3.72, -1.5],
						"2.9": [0.4, 3.43, -1.74],
						"2.9333": [0, 3.17, -1.96],
						"2.9667": [-0.35, 2.92, -2.14],
						"3.0": [-0.66, 2.71, -2.29],
						"3.0333": [-0.93, 2.52, -2.39],
						"3.0667": [-1.36, 2.19, -2.49],
						"3.1": [-1.65, 1.93, -2.43],
						"3.1333": [-1.81, 1.73, -2.26],
						"3.1667": [-1.89, 1.59, -2.01],
						"3.2": [-1.91, 1.48, -1.71],
						"3.2333": [-1.89, 1.4, -1.41],
						"3.2667": [-1.86, 1.32, -1.13],
						"3.3": [-1.86, 1.25, -0.92],
						"3.3333": [-1.92, 1.15, -0.8],
						"3.3667": [-2.12, 0.95, -0.82],
						"3.4": [-2.3, 0.8, -1.01],
						"3.4333": [-2.44, 0.69, -1.26],
						"3.4667": [-2.49, 0.6, -1.45],
						"3.5": [-2.49, 0.57, -1.49],
						"3.5333": [-2.46, 0.54, -1.53],
						"3.5667": [-2.42, 0.52, -1.57],
						"3.6": [-2.37, 0.51, -1.6],
						"3.6333": [-2.31, 0.5, -1.63],
						"3.6667": [-2.24, 0.49, -1.66],
						"3.7": [-2.17, 0.48, -1.69],
						"3.7333": [-2.11, 0.47, -1.71],
						"3.7667": [-2.05, 0.46, -1.73],
						"3.8": [-2, 0.45, -1.75],
						"3.8333": [-1.96, 0.44, -1.76],
						"3.8667": [-1.95, 0.43, -1.77],
						"3.9": [-1.93, 0.43, -1.78],
						"3.9333": [-1.92, 0.42, -1.8],
						"3.9667": [-1.91, 0.41, -1.82],
						"4.0": [-1.9, 0.4, -1.84],
						"4.0333": [-1.89, 0.4, -1.86],
						"4.0667": [-1.89, 0.39, -1.88],
						"4.1": [-1.88, 0.39, -1.89],
						"4.1333": [-1.88, 0.38, -1.9],
						"4.1667": [-1.87, 0.37, -1.91],
						"4.2": [-1.87, 0.37, -1.92],
						"4.2333": [-1.87, 0.36, -1.92],
						"4.2667": [-1.87, 0.36, -1.91],
						"4.3": [-1.86, 0.35, -1.9],
						"4.3333": [-1.86, 0.35, -1.87],
						"4.3667": [-1.85, 0.34, -1.84],
						"4.4": [-1.85, 0.34, -1.8],
						"4.4333": [-1.84, 0.33, -1.74],
						"4.4667": [-1.83, 0.32, -1.59],
						"4.5": [-1.82, 0.31, -1.4],
						"4.5333": [-1.81, 0.3, -1.18],
						"4.5667": [-1.8, 0.29, -0.93],
						"4.6": [-1.78, 0.29, -0.66],
						"4.6333": [-1.77, 0.28, -0.38],
						"4.6667": [-1.76, 0.28, -0.1],
						"4.7": [-1.75, 0.28, 0.17],
						"4.7333": [-1.73, 0.28, 0.42],
						"4.7667": [-1.73, 0.29, 0.69],
						"4.8": [-1.73, 0.31, 1],
						"4.8333": [-1.75, 0.33, 1.33],
						"4.8667": [-1.76, 0.36, 1.66],
						"4.9": [-1.77, 0.39, 1.97],
						"4.9333": [-1.76, 0.41, 2.24],
						"4.9667": [-1.73, 0.43, 2.46],
						"5.0": [-1.68, 0.44, 2.59],
						"5.0333": [-1.59, 0.44, 2.62],
						"5.0667": [-1.46, 0.42, 2.53],
						"5.1": [-1.27, 0.39, 2.34],
						"5.1333": [-1.06, 0.36, 2.06],
						"5.1667": [-0.83, 0.31, 1.72],
						"5.2": [-0.58, 0.27, 1.34],
						"5.2333": [-0.35, 0.22, 0.95],
						"5.2667": [-0.14, 0.18, 0.58],
						"5.3": [0.04, 0.15, 0.25],
						"5.3333": [0.18, 0.12, -0.02],
						"5.3667": [0.36, 0.08, -0.73],
						"5.4": [0.36, 0.07, -1.31],
						"5.4333": [0.31, 0.06, -1.52],
						"5.4667": [0.25, 0.04, -1.26],
						"5.5": [0.16, 0.03, -0.71],
						"5.5333": [0.07, 0.01, -0.13],
						"5.5667": [0, 0, 0.25],
						"5.6": [-0.02, 0, 0.33],
						"5.6333": [-0.02, 0, 0.28],
						"5.6667": [-0.01, 0, 0.18],
						"5.7": [0, 0, 0.07],
						"5.7333": [0, 0, 0]
					}
				}
			},
			"sound_effects": {
				"0.0": {
					"effect": "p30_la_rpapa7_inspect_hip_raise"
				},
				"1.7667": {
					"effect": "p30_la_rpapa7_inspect_hip_rotate"
				},
				"4.4": {
					"effect": "p30_la_rpapa7_inspect_hip_end"
				}
			}
		},
		"inspect_empty": {
			"animation_length": 5.9333,
			"bones": {
				"root": {
					"rotation": {
						"0.0": [0, 0, 0],
						"0.0333": [0.54, -0.47, 0.14],
						"0.0667": [1.38, -1.07, 0.37],
						"0.1": [2.25, -1.86, 0.59],
						"0.1333": [2.89, -2.96, 0.7],
						"0.1667": [3.05, -4.43, 0.61],
						"0.2": [2.22, -6.76, 0.96],
						"0.2333": [0.66, -9.55, 1.59],
						"0.2667": [-0.91, -12.93, 1.02],
						"0.3": [-1.74, -16.97, -2.22],
						"0.3333": [-1.7, -19.17, -5.12],
						"0.3667": [-1.43, -21.74, -9.1],
						"0.4": [-0.99, -24.56, -13.83],
						"0.4333": [-0.46, -27.51, -18.99],
						"0.4667": [0.1, -30.46, -24.25],
						"0.5": [0.62, -33.28, -29.31],
						"0.5333": [1.04, -35.87, -33.83],
						"0.5667": [1.29, -38.08, -37.5],
						"0.6": [1.3, -39.79, -39.99],
						"0.6333": [0.65, -41.68, -41.55],
						"0.6667": [-0.59, -42.49, -40.56],
						"0.7": [-2.04, -42.64, -38.26],
						"0.7333": [-3.33, -42.55, -35.84],
						"0.7667": [-4.07, -42.64, -34.55],
						"0.8": [-4.05, -42.91, -34.67],
						"0.8333": [-3.42, -42.99, -35.46],
						"0.8667": [-2.66, -42.98, -36.33],
						"0.9": [-2.23, -42.96, -36.72],
						"0.9333": [-2.25, -42.94, -36.54],
						"0.9667": [-2.39, -42.89, -36.11],
						"1.0": [-2.61, -42.83, -35.55],
						"1.0333": [-2.87, -42.76, -34.97],
						"1.0667": [-3.12, -42.69, -34.49],
						"1.1": [-3.31, -42.65, -34.21],
						"1.1333": [-3.34, -42.65, -34.19],
						"1.1667": [-3.38, -42.64, -34.19],
						"1.2": [-3.41, -42.64, -34.21],
						"1.2333": [-3.44, -42.64, -34.25],
						"1.2667": [-3.47, -42.63, -34.3],
						"1.3": [-3.49, -42.63, -34.37],
						"1.3333": [-3.52, -42.63, -34.45],
						"1.3667": [-3.54, -42.63, -34.53],
						"1.4": [-3.57, -42.64, -34.62],
						"1.4333": [-3.59, -42.64, -34.72],
						"1.4667": [-3.62, -42.64, -34.81],
						"1.5": [-3.64, -42.64, -34.91],
						"1.5333": [-3.66, -42.64, -35],
						"1.5667": [-3.69, -42.65, -35.08],
						"1.6": [-3.71, -42.65, -35.15],
						"1.6333": [-3.74, -42.65, -35.21],
						"1.6667": [-3.76, -42.65, -35.25],
						"1.7": [-3.79, -42.65, -35.28],
						"1.7333": [-3.82, -42.65, -35.29],
						"1.7667": [-3.85, -42.65, -35.27],
						"1.8": [-3.88, -42.65, -35.23],
						"1.8333": [-3.91, -42.65, -35.17],
						"1.8667": [-3.95, -42.65, -35.07],
						"1.9": [-4.11, -42.65, -34.51],
						"1.9333": [-4.33, -42.66, -33.67],
						"1.9667": [-4.56, -42.67, -32.64],
						"2.0": [-4.78, -42.67, -31.55],
						"2.0333": [-4.95, -42.65, -30.5],
						"2.0667": [-5.05, -42.6, -29.62],
						"2.1": [-5.03, -42.51, -29.01],
						"2.1333": [-4.87, -42.5, -29],
						"2.1667": [-4.57, -42.61, -29.53],
						"2.2": [-4.18, -42.77, -30.34],
						"2.2333": [-3.75, -42.87, -31.15],
						"2.2667": [-3.35, -42.83, -31.69],
						"2.3": [-3.01, -42.57, -31.7],
						"2.3333": [-2.78, -41.99, -30.9],
						"2.3667": [-2.73, -41, -29.02],
						"2.4": [-2.73, -39.58, -26.06],
						"2.4333": [-2.67, -37.77, -22.26],
						"2.4667": [-2.64, -35.66, -17.76],
						"2.5": [-2.73, -33.31, -12.67],
						"2.5333": [-3, -30.81, -7.12],
						"2.5667": [-3.56, -28.23, -1.21],
						"2.6": [-4.47, -25.64, 4.91],
						"2.6333": [-5.82, -23.11, 11.14],
						"2.6667": [-7.59, -20.75, 17.25],
						"2.7": [-9.94, -18.13, 24.27],
						"2.7333": [-12.69, -15.36, 31.86],
						"2.7667": [-15.69, -12.54, 39.7],
						"2.8": [-18.75, -9.78, 47.44],
						"2.8333": [-21.72, -7.19, 54.76],
						"2.8667": [-24.41, -4.87, 61.31],
						"2.9": [-26.66, -2.94, 66.78],
						"2.9333": [-28.3, -1.49, 70.81],
						"2.9667": [-29.53, -0.41, 73.78],
						"3.0": [-30.05, -0.06, 74.78],
						"3.0333": [-30.06, -0.22, 74.35],
						"3.0667": [-29.75, -0.7, 73.01],
						"3.1": [-29.32, -1.31, 71.31],
						"3.1333": [-28.94, -1.82, 69.78],
						"3.1667": [-28.83, -2.05, 68.95],
						"3.2": [-28.95, -2.06, 68.44],
						"3.2333": [-29.07, -2.03, 67.82],
						"3.2667": [-29.19, -1.97, 67.22],
						"3.3": [-29.31, -1.88, 66.77],
						"3.3333": [-29.41, -1.74, 66.6],
						"3.3667": [-29.53, -1.33, 67.15],
						"3.4": [-29.61, -0.82, 68.24],
						"3.4333": [-29.69, -0.51, 69.06],
						"3.4667": [-29.76, -0.56, 69.21],
						"3.5": [-29.82, -0.78, 69.15],
						"3.5333": [-29.87, -1.02, 69.07],
						"3.5667": [-29.91, -1.13, 69.18],
						"3.6": [-29.92, -1.12, 69.29],
						"3.6333": [-29.93, -1.08, 69.45],
						"3.6667": [-29.94, -1.02, 69.64],
						"3.7": [-29.95, -0.95, 69.85],
						"3.7333": [-29.96, -0.87, 70.07],
						"3.7667": [-29.97, -0.78, 70.3],
						"3.8": [-29.97, -0.7, 70.51],
						"3.8333": [-29.97, -0.63, 70.72],
						"3.8667": [-29.95, -0.57, 70.89],
						"3.9": [-29.93, -0.52, 71.03],
						"3.9333": [-29.91, -0.51, 71.12],
						"3.9667": [-29.89, -0.5, 71.18],
						"4.0": [-29.88, -0.5, 71.24],
						"4.0333": [-29.88, -0.49, 71.3],
						"4.0667": [-29.88, -0.49, 71.36],
						"4.1": [-29.88, -0.49, 71.42],
						"4.1333": [-29.87, -0.5, 71.46],
						"4.1667": [-29.86, -0.51, 71.49],
						"4.2": [-29.85, -0.53, 71.5],
						"4.2333": [-29.81, -0.56, 71.49],
						"4.2667": [-29.76, -0.61, 71.44],
						"4.3": [-29.7, -0.66, 71.37],
						"4.3333": [-29.61, -0.74, 71.26],
						"4.3667": [-29.49, -0.83, 71.1],
						"4.4": [-29.34, -0.93, 70.9],
						"4.4333": [-29.16, -1.06, 70.66],
						"4.4667": [-28.73, -1.38, 69.97],
						"4.5": [-28.23, -1.75, 69.12],
						"4.5333": [-27.66, -2.18, 68.12],
						"4.5667": [-26.97, -2.68, 66.97],
						"4.6": [-26.16, -3.25, 65.7],
						"4.6333": [-25.19, -3.9, 64.32],
						"4.6667": [-24.04, -4.64, 62.84],
						"4.7": [-22.42, -5.78, 61.15],
						"4.7333": [-20.54, -7.22, 59.5],
						"4.7667": [-18.45, -8.77, 57.68],
						"4.8": [-16.22, -10.22, 55.52],
						"4.8333": [-13.93, -11.39, 52.83],
						"4.8667": [-11.62, -12.05, 49.41],
						"4.9": [-9.97, -12.17, 46.5],
						"4.9333": [-8.15, -12.09, 42.99],
						"4.9667": [-6.21, -11.84, 39.06],
						"5.0": [-4.24, -11.46, 34.9],
						"5.0333": [-2.31, -10.98, 30.68],
						"5.0667": [-0.5, -10.45, 26.57],
						"5.1": [1.11, -9.89, 22.76],
						"5.1333": [2.46, -9.36, 19.43],
						"5.1667": [3.46, -8.87, 16.74],
						"5.2": [4.35, -7.99, 13.44],
						"5.2333": [4.39, -6.99, 11.46],
						"5.2667": [3.91, -5.95, 10.26],
						"5.3": [3.28, -4.95, 9.29],
						"5.3333": [2.85, -4.05, 8.01],
						"5.3667": [2.5, -3.05, 5.88],
						"5.4": [2.06, -2.11, 3.72],
						"5.4333": [1.62, -1.32, 1.86],
						"5.4667": [1.26, -0.73, 0.59],
						"5.5": [0.95, -0.36, 0.25],
						"5.5333": [0.73, -0.32, 0.78],
						"5.5667": [0.54, -0.32, 1.08],
						"5.6": [0.41, -0.29, 0.86],
						"5.6333": [0.29, -0.29, 0.5],
						"5.6667": [0.18, -0.29, 0.08],
						"5.7": [0.09, -0.29, -0.29],
						"5.7333": [0.02, -0.28, -0.5],
						"5.7667": [-0.02, -0.22, -0.51],
						"5.8": [-0.02, -0.13, -0.35],
						"5.8333": [-0.01, -0.05, -0.14],
						"5.8667": [0, 0, 0]
					},
					"position": {
						"0.0": [0, 0, 0],
						"0.0333": [0.11, -0.06, -0.12],
						"0.0667": [0.26, -0.17, -0.29],
						"0.1": [0.45, -0.27, -0.49],
						"0.1333": [0.65, -0.31, -0.72],
						"0.1667": [0.86, -0.26, -0.98],
						"0.2": [1.06, -0.1, -1.24],
						"0.2333": [1.29, 0.15, -1.56],
						"0.2667": [1.53, 0.45, -1.89],
						"0.3": [1.76, 0.75, -2.22],
						"0.3333": [1.95, 1.01, -2.5],
						"0.3667": [2.1, 1.2, -2.7],
						"0.4": [2.22, 1.36, -2.86],
						"0.4333": [2.21, 1.38, -2.84],
						"0.4667": [2.2, 1.32, -2.8],
						"0.5": [2.22, 1.26, -2.79],
						"0.5333": [2.24, 1.17, -2.78],
						"0.5667": [2.26, 1.05, -2.76],
						"0.6": [2.28, 0.95, -2.73],
						"0.6333": [2.3, 0.86, -2.71],
						"0.6667": [2.3, 0.83, -2.7],
						"0.7": [2.28, 0.87, -2.69],
						"0.7333": [2.24, 1, -2.69],
						"0.7667": [2.2, 1.14, -2.69],
						"0.8": [2.19, 1.23, -2.69],
						"0.8333": [2.19, 1.25, -2.69],
						"0.8667": [2.2, 1.26, -2.69],
						"0.9": [2.22, 1.26, -2.7],
						"0.9333": [2.24, 1.26, -2.7],
						"0.9667": [2.26, 1.25, -2.7],
						"1.0": [2.28, 1.24, -2.7],
						"1.0333": [2.29, 1.23, -2.7],
						"1.0667": [2.3, 1.23, -2.7],
						"1.1": [2.3, 1.22, -2.7],
						"1.1333": [2.3, 1.22, -2.7],
						"1.1667": [2.3, 1.22, -2.7],
						"1.2": [2.3, 1.22, -2.69],
						"1.2333": [2.3, 1.22, -2.69],
						"1.2667": [2.3, 1.22, -2.69],
						"1.3": [2.3, 1.22, -2.69],
						"1.3333": [2.3, 1.22, -2.69],
						"1.3667": [2.3, 1.21, -2.69],
						"1.4": [2.3, 1.21, -2.68],
						"1.4333": [2.3, 1.21, -2.68],
						"1.4667": [2.3, 1.21, -2.68],
						"1.5": [2.29, 1.21, -2.68],
						"1.5333": [2.29, 1.2, -2.67],
						"1.5667": [2.29, 1.2, -2.67],
						"1.6": [2.29, 1.2, -2.67],
						"1.6333": [2.29, 1.19, -2.66],
						"1.6667": [2.29, 1.19, -2.66],
						"1.7": [2.28, 1.18, -2.65],
						"1.7333": [2.28, 1.18, -2.65],
						"1.7667": [2.28, 1.17, -2.65],
						"1.8": [2.28, 1.16, -2.64],
						"1.8333": [2.28, 1.15, -2.64],
						"1.8667": [2.28, 1.14, -2.63],
						"1.9": [2.28, 1.09, -2.6],
						"1.9333": [2.28, 1.01, -2.57],
						"1.9667": [2.29, 0.92, -2.53],
						"2.0": [2.29, 0.84, -2.49],
						"2.0333": [2.29, 0.76, -2.45],
						"2.0667": [2.3, 0.72, -2.43],
						"2.1": [2.3, 0.71, -2.42],
						"2.1333": [2.3, 0.73, -2.43],
						"2.1667": [2.31, 0.78, -2.43],
						"2.2": [2.31, 0.85, -2.45],
						"2.2333": [2.32, 0.93, -2.46],
						"2.2667": [2.32, 1.02, -2.48],
						"2.3": [2.33, 1.1, -2.5],
						"2.3333": [2.33, 1.19, -2.53],
						"2.3667": [2.33, 1.26, -2.57],
						"2.4": [2.33, 1.32, -2.62],
						"2.4333": [2.33, 1.36, -2.67],
						"2.4667": [2.32, 1.35, -2.77],
						"2.5": [2.31, 1.27, -2.88],
						"2.5333": [2.3, 1.17, -3],
						"2.5667": [2.28, 1.1, -3.15],
						"2.6": [2.26, 1.09, -3.34],
						"2.6333": [2.23, 1.2, -3.56],
						"2.6667": [2.21, 1.36, -3.75],
						"2.7": [2.17, 1.6, -3.99],
						"2.7333": [2.14, 1.88, -4.26],
						"2.7667": [2.1, 2.2, -4.54],
						"2.8": [2.06, 2.52, -4.82],
						"2.8333": [2.03, 2.84, -5.08],
						"2.8667": [2, 3.12, -5.31],
						"2.9": [1.97, 3.34, -5.5],
						"2.9333": [1.96, 3.49, -5.62],
						"2.9667": [1.95, 3.55, -5.67],
						"3.0": [1.94, 3.56, -5.67],
						"3.0333": [1.95, 3.52, -5.62],
						"3.0667": [1.95, 3.44, -5.54],
						"3.1": [1.96, 3.34, -5.44],
						"3.1333": [1.97, 3.24, -5.34],
						"3.1667": [1.98, 3.14, -5.24],
						"3.2": [1.99, 3.06, -5.16],
						"3.2333": [2, 3.02, -5.11],
						"3.2667": [2, 2.99, -5.09],
						"3.3": [2.01, 2.98, -5.08],
						"3.3333": [2.01, 2.98, -5.09],
						"3.3667": [2.02, 2.99, -5.1],
						"3.4": [2.02, 3, -5.12],
						"3.4333": [2.02, 3.01, -5.13],
						"3.4667": [2.03, 3.01, -5.14],
						"3.5": [2.03, 3.01, -5.14],
						"3.5333": [2.04, 3.01, -5.14],
						"3.5667": [2.04, 3, -5.14],
						"3.6": [2.05, 3, -5.15],
						"3.6333": [2.05, 3, -5.15],
						"3.6667": [2.06, 2.99, -5.15],
						"3.7": [2.06, 2.99, -5.15],
						"3.7333": [2.07, 2.98, -5.15],
						"3.7667": [2.07, 2.98, -5.15],
						"3.8": [2.08, 2.98, -5.16],
						"3.8333": [2.08, 2.97, -5.16],
						"3.8667": [2.09, 2.97, -5.16],
						"3.9": [2.09, 2.97, -5.16],
						"3.9333": [2.1, 2.97, -5.16],
						"3.9667": [2.1, 2.97, -5.16],
						"4.0": [2.11, 2.97, -5.16],
						"4.0333": [2.12, 2.98, -5.16],
						"4.0667": [2.12, 2.99, -5.16],
						"4.1": [2.13, 3.01, -5.16],
						"4.1333": [2.14, 3.02, -5.16],
						"4.1667": [2.14, 3.03, -5.16],
						"4.2": [2.15, 3.04, -5.16],
						"4.2333": [2.15, 3.04, -5.16],
						"4.2667": [2.15, 3.05, -5.16],
						"4.3": [2.16, 3.06, -5.16],
						"4.3333": [2.16, 3.07, -5.16],
						"4.3667": [2.17, 3.08, -5.17],
						"4.4": [2.17, 3.09, -5.17],
						"4.4333": [2.17, 3.09, -5.16],
						"4.4667": [2.16, 3.08, -5.15],
						"4.5": [2.14, 3.04, -5.14],
						"4.5333": [2.12, 2.99, -5.11],
						"4.5667": [2.08, 2.86, -5.06],
						"4.6": [2.05, 2.69, -5],
						"4.6333": [2, 2.49, -4.93],
						"4.6667": [1.93, 2.28, -4.85],
						"4.7": [1.82, 2.06, -4.74],
						"4.7333": [1.65, 1.87, -4.61],
						"4.7667": [1.44, 1.71, -4.49],
						"4.8": [1.15, 1.54, -4.37],
						"4.8333": [0.83, 1.38, -4.24],
						"4.8667": [0.49, 1.22, -4.09],
						"4.9": [0.18, 1.07, -3.91],
						"4.9333": [-0.07, 0.92, -3.68],
						"4.9667": [-0.24, 0.78, -3.4],
						"5.0": [-0.32, 0.66, -3.08],
						"5.0333": [-0.33, 0.55, -2.69],
						"5.0667": [-0.3, 0.44, -2.25],
						"5.1": [-0.24, 0.33, -1.8],
						"5.1333": [-0.17, 0.24, -1.34],
						"5.1667": [-0.09, 0.15, -0.92],
						"5.2": [-0.03, 0.07, -0.56],
						"5.2333": [0, 0, -0.29],
						"5.2667": [0.01, -0.07, -0.05],
						"5.3": [0.02, -0.12, 0.08],
						"5.3333": [0.02, -0.15, 0.13],
						"5.3667": [0.01, -0.17, 0.15],
						"5.4": [0, -0.18, 0.14],
						"5.4333": [0, -0.19, 0.14],
						"5.4667": [0, -0.18, 0.15],
						"5.5": [0, -0.17, 0.13],
						"5.5333": [0, -0.15, 0.09],
						"5.5667": [0, -0.12, 0.05],
						"5.6": [0, -0.09, 0.01],
						"5.6333": [0, -0.07, -0.03],
						"5.6667": [0, -0.05, -0.05],
						"5.7": [0, -0.04, -0.06],
						"5.7333": [0, -0.03, -0.05],
						"5.7667": [0, -0.02, -0.05],
						"5.8": [0, -0.02, -0.04],
						"5.8333": [0, -0.01, -0.03],
						"5.8667": [0, -0.01, -0.01],
						"5.9": [0, 0, -0.01],
						"5.9333": [0, 0, 0]
					}
				},
				"lefthand": {
					"rotation": {
						"0.0": [105.21401, -25.37935, -150.1551],
						"0.2": [95.80502, -35.00282, -168.0453],
						"0.5667": [90.36278, -43.42127, -163.69299],
						"2.4333": [90.36278, -43.42127, -163.69299],
						"2.6667": [112.86278, -43.42127, -163.69299],
						"3.2": [112.86278, -43.42127, -163.69299],
						"3.4667": [143.91675, -30.40323, -206.96358],
						"3.7333": [187.14877, -21.6785, -255.11488],
						"5.1333": [105.21401, -25.37935, -150.1551]
					},
					"position": {
						"0.0": [7.03, -14.15, -14.57],
						"0.5667": [7.03, -14.15, -2.57],
						"2.4333": [7.03, -14.15, -2.57],
						"2.6667": [7.03, -8.15, -2.57],
						"3.2": [7.03, -8.15, -2.57],
						"3.4667": [9.03, -6.98, -5.23],
						"3.7333": [6.03, -5.98, 1.77],
						"3.8667": [6.03, -5.98, 4.77],
						"4.0": [6.03, -5.98, 1.77],
						"4.1333": [6.03, -5.98, 4.77],
						"4.2667": [6.03, -5.98, 1.77],
						"4.7": [9.03, -6.98, -5.23],
						"4.7667": [7.03, -9.28, -10.17],
						"4.9333": [7.03, -9.28, -10.17],
						"5.1333": [7.03, -14.15, -14.57]
					},
					"scale": {
						"0.0": [1, 1.5, 1],
						"5.1333": [1, 1.5, 1]
					}
				},
				"righthand": {
					"rotation": {
						"0.0": [95.0274, 5.97708, -179.47516],
						"0.1667": [94.35, 18.68, -173.87],
						"2.7333": [94.35, 18.68, -173.87],
						"2.9333": [94.24122, 13.69402, -174.25984],
						"4.7667": [94.24122, 13.69402, -174.25984],
						"5.1333": [95.0274, 5.97708, -179.47516]
					},
					"position": {
						"0.0": [-6.95, -15.1, 2.825],
						"0.1667": [-6.8, -16, 4],
						"0.3": [-6.8, -16, 4],
						"2.7333": [-6.8, -16, 4],
						"2.9333": [-6.8, -17, -2],
						"4.7667": [-6.8, -17, -2],
						"5.1333": [-6.95, -15.1, 2.825]
					},
					"scale": {
						"0.0": [1, 1.5, 1],
						"5.1333": [1, 1.5, 1]
					}
				},
				"mag_and_bullet": {
					"scale": 0
				},
				"code_illuminated": {
					"scale": 0
				},
				"lights_illuminated": {
					"scale": 0
				},
				"camera": {
					"rotation": {
						"0.0": [0, 0, 0],
						"0.0333": [0.04, -0.01, -0.02],
						"0.0667": [0.11, -0.03, -0.06],
						"0.1": [0.2, -0.05, -0.12],
						"0.1333": [0.29, -0.07, -0.18],
						"0.1667": [0.38, -0.09, -0.22],
						"0.2": [0.45, -0.1, -0.24],
						"0.2333": [0.5, -0.09, -0.22],
						"0.2667": [0.52, -0.06, -0.14],
						"0.3": [0.5, 0, 0],
						"0.3333": [0.43, 0.1, 0.24],
						"0.3667": [0.3, 0.23, 0.58],
						"0.4": [0.15, 0.39, 0.99],
						"0.4333": [-0.03, 0.57, 1.44],
						"0.4667": [-0.22, 0.75, 1.9],
						"0.5": [-0.41, 0.93, 2.34],
						"0.5333": [-0.58, 1.09, 2.73],
						"0.5667": [-0.72, 1.23, 3.04],
						"0.6": [-0.82, 1.33, 3.23],
						"0.6333": [-0.94, 1.46, 3.17],
						"0.6667": [-0.93, 1.45, 2.65],
						"0.7": [-0.88, 1.46, 2.27],
						"0.7333": [-0.86, 1.52, 2.31],
						"0.7667": [-0.81, 1.6, 2.48],
						"0.8": [-0.74, 1.7, 2.56],
						"0.8333": [-0.74, 1.7, 2.54],
						"0.8667": [-0.79, 1.68, 2.49],
						"0.9": [-0.86, 1.63, 2.43],
						"0.9333": [-0.95, 1.58, 2.36],
						"0.9667": [-1.03, 1.53, 2.29],
						"1.0": [-1.08, 1.5, 2.21],
						"1.0333": [-1.09, 1.5, 2.14],
						"1.0667": [-1.05, 1.55, 2.07],
						"1.1": [-0.92, 1.64, 2.02],
						"1.1333": [-0.71, 1.81, 1.98],
						"1.1667": [-0.39, 2.05, 1.97],
						"1.2": [-0.03, 2.32, 1.97],
						"1.2333": [0.44, 2.66, 1.98],
						"1.2667": [0.99, 3.07, 2.01],
						"1.3": [1.6, 3.53, 2.04],
						"1.3333": [2.27, 4.02, 2.08],
						"1.3667": [2.98, 4.54, 2.13],
						"1.4": [3.7, 5.06, 2.17],
						"1.4333": [4.42, 5.59, 2.22],
						"1.4667": [5.12, 6.11, 2.27],
						"1.5": [5.78, 6.59, 2.32],
						"1.5333": [6.39, 7.04, 2.37],
						"1.5667": [6.92, 7.44, 2.41],
						"1.6": [7.37, 7.77, 2.44],
						"1.6333": [7.71, 8.02, 2.47],
						"1.6667": [7.87, 8.15, 2.48],
						"1.7": [8.02, 8.26, 2.51],
						"1.7333": [8.16, 8.36, 2.54],
						"1.7667": [8.27, 8.45, 2.58],
						"1.8": [8.37, 8.52, 2.61],
						"1.8333": [8.45, 8.58, 2.66],
						"1.8667": [8.51, 8.63, 2.7],
						"1.9": [8.55, 8.67, 2.74],
						"1.9333": [8.58, 8.69, 2.78],
						"1.9667": [8.59, 8.7, 2.82],
						"2.0": [8.58, 8.7, 2.85],
						"2.0333": [8.56, 8.69, 2.88],
						"2.0667": [8.52, 8.66, 2.9],
						"2.1": [8.46, 8.62, 2.91],
						"2.1333": [8.39, 8.58, 2.91],
						"2.1667": [8.3, 8.52, 2.9],
						"2.2": [8.19, 8.45, 2.88],
						"2.2333": [8.07, 8.37, 2.85],
						"2.2667": [7.93, 8.28, 2.8],
						"2.3": [7.77, 8.18, 2.73],
						"2.3333": [7.6, 8.07, 2.65],
						"2.3667": [7.41, 7.95, 2.55],
						"2.4": [7.17, 7.79, 2.41],
						"2.4333": [6.87, 7.61, 2.23],
						"2.4667": [6.53, 7.39, 2.02],
						"2.5": [6.14, 7.14, 1.78],
						"2.5333": [5.72, 6.87, 1.51],
						"2.5667": [5.27, 6.59, 1.23],
						"2.6": [4.79, 6.28, 0.93],
						"2.6333": [4.3, 5.97, 0.62],
						"2.6667": [3.8, 5.65, 0.3],
						"2.7": [3.29, 5.32, -0.01],
						"2.7333": [2.77, 4.99, -0.33],
						"2.7667": [2.27, 4.66, -0.64],
						"2.8": [1.77, 4.33, -0.94],
						"2.8333": [1.29, 4.02, -1.23],
						"2.8667": [0.83, 3.72, -1.5],
						"2.9": [0.4, 3.43, -1.74],
						"2.9333": [0, 3.17, -1.96],
						"2.9667": [-0.35, 2.92, -2.14],
						"3.0": [-0.66, 2.71, -2.29],
						"3.0333": [-0.93, 2.52, -2.39],
						"3.0667": [-1.36, 2.19, -2.49],
						"3.1": [-1.65, 1.93, -2.43],
						"3.1333": [-1.81, 1.73, -2.26],
						"3.1667": [-1.89, 1.59, -2.01],
						"3.2": [-1.91, 1.48, -1.71],
						"3.2333": [-1.89, 1.4, -1.41],
						"3.2667": [-1.86, 1.32, -1.13],
						"3.3": [-1.86, 1.25, -0.92],
						"3.3333": [-1.92, 1.15, -0.8],
						"3.3667": [-2.12, 0.95, -0.82],
						"3.4": [-2.3, 0.8, -1.01],
						"3.4333": [-2.44, 0.69, -1.26],
						"3.4667": [-2.49, 0.6, -1.45],
						"3.5": [-2.49, 0.57, -1.49],
						"3.5333": [-2.46, 0.54, -1.53],
						"3.5667": [-2.42, 0.52, -1.57],
						"3.6": [-2.37, 0.51, -1.6],
						"3.6333": [-2.31, 0.5, -1.63],
						"3.6667": [-2.24, 0.49, -1.66],
						"3.7": [-2.17, 0.48, -1.69],
						"3.7333": [-2.11, 0.47, -1.71],
						"3.7667": [-2.05, 0.46, -1.73],
						"3.8": [-2, 0.45, -1.75],
						"3.8333": [-1.96, 0.44, -1.76],
						"3.8667": [-1.95, 0.43, -1.77],
						"3.9": [-1.93, 0.43, -1.78],
						"3.9333": [-1.92, 0.42, -1.8],
						"3.9667": [-1.91, 0.41, -1.82],
						"4.0": [-1.9, 0.4, -1.84],
						"4.0333": [-1.89, 0.4, -1.86],
						"4.0667": [-1.89, 0.39, -1.88],
						"4.1": [-1.88, 0.39, -1.89],
						"4.1333": [-1.88, 0.38, -1.9],
						"4.1667": [-1.87, 0.37, -1.91],
						"4.2": [-1.87, 0.37, -1.92],
						"4.2333": [-1.87, 0.36, -1.92],
						"4.2667": [-1.87, 0.36, -1.91],
						"4.3": [-1.86, 0.35, -1.9],
						"4.3333": [-1.86, 0.35, -1.87],
						"4.3667": [-1.85, 0.34, -1.84],
						"4.4": [-1.85, 0.34, -1.8],
						"4.4333": [-1.84, 0.33, -1.74],
						"4.4667": [-1.83, 0.32, -1.59],
						"4.5": [-1.82, 0.31, -1.4],
						"4.5333": [-1.81, 0.3, -1.18],
						"4.5667": [-1.8, 0.29, -0.93],
						"4.6": [-1.78, 0.29, -0.66],
						"4.6333": [-1.77, 0.28, -0.38],
						"4.6667": [-1.76, 0.28, -0.1],
						"4.7": [-1.75, 0.28, 0.17],
						"4.7333": [-1.73, 0.28, 0.42],
						"4.7667": [-1.73, 0.29, 0.69],
						"4.8": [-1.73, 0.31, 1],
						"4.8333": [-1.75, 0.33, 1.33],
						"4.8667": [-1.76, 0.36, 1.66],
						"4.9": [-1.77, 0.39, 1.97],
						"4.9333": [-1.76, 0.41, 2.24],
						"4.9667": [-1.73, 0.43, 2.46],
						"5.0": [-1.68, 0.44, 2.59],
						"5.0333": [-1.59, 0.44, 2.62],
						"5.0667": [-1.46, 0.42, 2.53],
						"5.1": [-1.27, 0.39, 2.34],
						"5.1333": [-1.06, 0.36, 2.06],
						"5.1667": [-0.83, 0.31, 1.72],
						"5.2": [-0.58, 0.27, 1.34],
						"5.2333": [-0.35, 0.22, 0.95],
						"5.2667": [-0.14, 0.18, 0.58],
						"5.3": [0.04, 0.15, 0.25],
						"5.3333": [0.18, 0.12, -0.02],
						"5.3667": [0.36, 0.08, -0.73],
						"5.4": [0.36, 0.07, -1.31],
						"5.4333": [0.31, 0.06, -1.52],
						"5.4667": [0.25, 0.04, -1.26],
						"5.5": [0.16, 0.03, -0.71],
						"5.5333": [0.07, 0.01, -0.13],
						"5.5667": [0, 0, 0.25],
						"5.6": [-0.02, 0, 0.33],
						"5.6333": [-0.02, 0, 0.28],
						"5.6667": [-0.01, 0, 0.18],
						"5.7": [0, 0, 0.07],
						"5.7333": [0, 0, 0]
					}
				}
			},
			"sound_effects": {
				"0.0": {
					"effect": "p30_la_rpapa7_inspect_hip_raise"
				},
				"1.7667": {
					"effect": "p30_la_rpapa7_inspect_hip_rotate"
				},
				"4.4": {
					"effect": "p30_la_rpapa7_inspect_hip_end"
				}
			}
		},
		"charge": {
			"loop": "hold_on_last_frame",
			"animation_length": 1.04,
			"bones": {
				"code_illuminated": {
					"scale": {
						"0.0": [0, 0, 0],
						"0.04": {
							"pre": [0, 0, 0],
							"post": [1, 1, 1]
						}
					}
				},
				"1_illuminated": {
					"scale": {
						"1.0": [0, 0, 0],
						"1.04": {
							"pre": [0, 0, 0],
							"post": [1, 1, 1]
						}
					}
				},
				"2_illuminated": {
					"scale": {
						"0.84": [0, 0, 0],
						"0.88": {
							"pre": [0, 0, 0],
							"post": [1, 1, 1]
						}
					}
				},
				"3_illuminated": {
					"scale": {
						"0.68": [0, 0, 0],
						"0.72": {
							"pre": [0, 0, 0],
							"post": [1, 1, 1]
						}
					}
				},
				"4_illuminated": {
					"scale": {
						"0.52": [0, 0, 0],
						"0.56": {
							"pre": [0, 0, 0],
							"post": [1, 1, 1]
						}
					}
				},
				"5_illuminated": {
					"scale": {
						"0.36": [0, 0, 0],
						"0.4": {
							"pre": [0, 0, 0],
							"post": [1, 1, 1]
						}
					}
				},
				"6_illuminated": {
					"scale": {
						"0.2": [0, 0, 0],
						"0.24": {
							"pre": [0, 0, 0],
							"post": [1, 1, 1]
						}
					}
				},
				"7_illuminated": {
					"scale": {
						"0.04": [0, 0, 0],
						"0.08": {
							"pre": [0, 0, 0],
							"post": [1, 1, 1]
						}
					}
				},
				"lights_illuminated": {
					"scale": {
						"0.0": [0, 0, 0],
						"0.04": {
							"pre": [0, 0, 0],
							"post": [1, 1, 1]
						}
					}
				},
				"frame7": {
					"scale": {
						"0.04": [0, 0, 0],
						"0.08": {
							"pre": [0, 0, 0],
							"post": [1, 1, 1]
						}
					}
				},
				"frame1": {
					"scale": {
						"1.0": [0, 0, 0],
						"1.04": {
							"pre": [0, 0, 0],
							"post": [1, 1, 1]
						}
					}
				},
				"frame2": {
					"scale": {
						"0.84": [0, 0, 0],
						"0.88": {
							"pre": [0, 0, 0],
							"post": [1, 1, 1]
						}
					}
				},
				"frame3": {
					"scale": {
						"0.68": [0, 0, 0],
						"0.72": {
							"pre": [0, 0, 0],
							"post": [1, 1, 1]
						}
					}
				},
				"frame4": {
					"scale": {
						"0.52": [0, 0, 0],
						"0.56": {
							"pre": [0, 0, 0],
							"post": [1, 1, 1]
						}
					}
				},
				"frame5": {
					"scale": {
						"0.36": [0, 0, 0],
						"0.4": {
							"pre": [0, 0, 0],
							"post": [1, 1, 1]
						}
					}
				},
				"frame6": {
					"scale": {
						"0.2": [0, 0, 0],
						"0.24": {
							"pre": [0, 0, 0],
							"post": [1, 1, 1]
						}
					}
				}
			}
		},
		"shoot": {
			"animation_length": 3,
			"bones": {
				"root": {
					"rotation": {
						"0.0": {
							"post": [-6.5, 0, 0],
							"lerp_mode": "catmullrom"
						},
						"0.0417": {
							"post": [-4.75161, 0.0283, -6.49994],
							"lerp_mode": "catmullrom"
						},
						"0.0833": {
							"post": [-8.91351, -0.12391, -1.41431],
							"lerp_mode": "catmullrom"
						},
						"0.1667": {
							"post": [-1.9984, 0.06651, 0.74977],
							"lerp_mode": "catmullrom"
						},
						"0.25": {
							"post": [0.37499, -0.00327, 0.24998],
							"lerp_mode": "catmullrom"
						},
						"0.4167": {
							"post": [-0.135, 0, -0.18],
							"lerp_mode": "catmullrom"
						},
						"0.5417": {
							"post": [0.125, 0, 0],
							"lerp_mode": "catmullrom"
						},
						"0.6667": {
							"post": [0, 0, 0],
							"lerp_mode": "catmullrom"
						}
					},
					"position": {
						"0.0": {
							"post": [0, 0, 0],
							"lerp_mode": "catmullrom"
						},
						"0.0417": {
							"post": [0, -0.3, 1.65],
							"lerp_mode": "catmullrom"
						},
						"0.0833": {
							"post": [0, 0.075, 0.455],
							"lerp_mode": "catmullrom"
						},
						"0.1667": {
							"post": [0, 0.0375, -0.325],
							"lerp_mode": "catmullrom"
						},
						"0.25": {
							"post": [0, -0.0625, -0.075],
							"lerp_mode": "catmullrom"
						},
						"0.375": {
							"post": [0, -0.0625, 0.03125],
							"lerp_mode": "catmullrom"
						},
						"0.5417": {
							"post": [0, 0, 0],
							"lerp_mode": "catmullrom"
						},
						"0.6667": {
							"post": [0, 0, 0],
							"lerp_mode": "catmullrom"
						}
					}
				},
				"1_illuminated": {
					"scale": {
						"0.0": [1, 1, 1],
						"0.0417": [0, 0, 0]
					}
				},
				"2_illuminated": {
					"scale": {
						"0.0417": [1, 1, 1],
						"0.0833": [0, 0, 0]
					}
				},
				"3_illuminated": {
					"scale": {
						"0.0833": [1, 1, 1],
						"0.125": [0, 0, 0]
					}
				},
				"4_illuminated": {
					"scale": {
						"0.125": [1, 1, 1],
						"0.1667": [0, 0, 0]
					}
				},
				"5_illuminated": {
					"scale": {
						"0.1667": [1, 1, 1],
						"0.2083": [0, 0, 0]
					}
				},
				"6_illuminated": {
					"scale": {
						"0.2083": [1, 1, 1],
						"0.25": [0, 0, 0]
					}
				},
				"7_illuminated": {
					"scale": {
						"0.25": [1, 1, 1],
						"0.2917": [0, 0, 0]
					}
				},
				"frame7": {
					"scale": {
						"0.2917": [1, 1, 1],
						"0.3333": [0, 0, 0]
					}
				},
				"frame1": {
					"scale": {
						"0.0": [1, 1, 1],
						"0.0417": [0, 0, 0]
					}
				},
				"frame2": {
					"scale": {
						"0.0417": [1, 1, 1],
						"0.0833": [0, 0, 0]
					}
				},
				"frame3": {
					"scale": {
						"0.0833": [1, 1, 1],
						"0.125": [0, 0, 0]
					}
				},
				"frame4": {
					"scale": {
						"0.125": [1, 1, 1],
						"0.1667": [0, 0, 0]
					}
				},
				"frame5": {
					"scale": {
						"0.1667": [1, 1, 1],
						"0.2083": [0, 0, 0]
					}
				},
				"frame6": {
					"scale": {
						"0.25": [1, 1, 1],
						"0.2917": [0, 0, 0]
					}
				},
				"teeth_r_up": {
					"rotation": {
						"0.0": [0, 0, 0],
						"0.0417": [0, 0, 60],
						"0.75": [0, 0, 60],
						"1.5": {
							"pre": [0, 0, 0],
							"post": [0, 0, 0],
							"lerp_mode": "catmullrom"
						}
					}
				},
				"teeth_l_up": {
					"rotation": {
						"0.0": [0, 0, 0],
						"0.0417": [0, 0, -60],
						"0.75": [0, 0, -60],
						"1.5": {
							"pre": [0, 0, 0],
							"post": [0, 0, 0],
							"lerp_mode": "catmullrom"
						}
					}
				},
				"teeth_l_down": {
					"rotation": {
						"0.0": [0, 0, 0],
						"0.0417": [0, 0, 60],
						"0.75": [0, 0, 60],
						"1.5": {
							"pre": [0, 0, 0],
							"post": [0, 0, 0],
							"lerp_mode": "catmullrom"
						}
					}
				},
				"teeth_r_down": {
					"rotation": {
						"0.0": [0, 0, 0],
						"0.0417": [0, 0, -60],
						"0.75": [0, 0, -60],
						"1.5": {
							"pre": [0, 0, 0],
							"post": [0, 0, 0],
							"lerp_mode": "catmullrom"
						}
					}
				},
				"camera": {
					"rotation": {
						"0.0": {
							"post": [-6.75, 0, 0],
							"lerp_mode": "catmullrom"
						},
						"0.0417": {
							"post": [-6.25, 0, 1.1],
							"lerp_mode": "catmullrom"
						},
						"0.0833": {
							"post": [-4.25, 0, 0.755],
							"lerp_mode": "catmullrom"
						},
						"0.125": {
							"post": [-1.75, 0, -0.39],
							"lerp_mode": "catmullrom"
						},
						"0.1667": {
							"post": [-0.25, 0, 0.28],
							"lerp_mode": "catmullrom"
						},
						"0.25": {
							"post": [0.3125, 0, -0.07],
							"lerp_mode": "catmullrom"
						},
						"0.3333": {
							"post": [0, 0, 0],
							"lerp_mode": "catmullrom"
						}
					}
				},
				"constraint": {
					"rotation": {
						"0.0": [0.1, 0.1, 0.1],
						"0.4167": [0.2, 0.2, 0.2]
					},
					"position": {
						"0.0": [0.125, 0.125, 0.125],
						"0.4167": [0.25, 0.25, 0.25]
					}
				}
			},
			"sound_effects": {
				"0.0417": {
					"effect": "zeta:railgun/railgun_shoot_1"
				}
			}
		},
		"static_idle": {
			"loop": true,
			"bones": {
				"lefthand": {
					"rotation": [105.21401, -25.37935, -150.1551],
					"position": [7.03, -14.15, -14.57],
					"scale": [1, 1.5, 1]
				},
				"righthand": {
					"rotation": [95.0274, 5.97708, -179.47516],
					"position": [-6.95, -15.1, 2.825],
					"scale": [1, 1.5, 1]
				},
				"constraint": {
					"rotation": [0.2, 0.2, 0.2],
					"position": [0.25, 0.25, 0.25]
				}
			}
		},
		"shoot_1": {
			"animation_length": 1.5,
			"bones": {
				"root": {
					"rotation": {
						"0.0": {
							"post": [0, 0, 0],
							"lerp_mode": "catmullrom"
						},
						"1.5": {
							"post": [0, 0, 0],
							"lerp_mode": "catmullrom"
						}
					},
					"position": {
						"0.0": {
							"post": [0, 0, 0],
							"lerp_mode": "catmullrom"
						},
						"1.5": {
							"post": [0, 0, 0],
							"lerp_mode": "catmullrom"
						}
					}
				},
				"1_illuminated": {
					"scale": {
						"0.0": [0, 0, 0],
						"0.9": {
							"pre": [0, 0, 0],
							"post": [1, 1, 1]
						}
					}
				},
				"2_illuminated": {
					"scale": {
						"0.0": [0, 0, 0],
						"0.8": {
							"pre": [0, 0, 0],
							"post": [1, 1, 1]
						}
					}
				},
				"3_illuminated": {
					"scale": {
						"0.0": [0, 0, 0],
						"0.7": {
							"pre": [0, 0, 0],
							"post": [1, 1, 1]
						}
					}
				},
				"4_illuminated": {
					"scale": {
						"0.0": [0, 0, 0],
						"0.6": {
							"pre": [0, 0, 0],
							"post": [1, 1, 1]
						}
					}
				},
				"5_illuminated": {
					"scale": {
						"0.0": [0, 0, 0],
						"0.5": {
							"pre": [0, 0, 0],
							"post": [1, 1, 1]
						}
					}
				},
				"6_illuminated": {
					"scale": {
						"0.0": [0, 0, 0],
						"0.4": {
							"pre": [0, 0, 0],
							"post": [1, 1, 1]
						}
					}
				},
				"7_illuminated": {
					"scale": {
						"0.0": [0, 0, 0],
						"0.3": {
							"pre": [0, 0, 0],
							"post": [1, 1, 1]
						}
					}
				},
				"frame7": {
					"scale": {
						"0.0": [0, 0, 0],
						"0.3": {
							"pre": [0, 0, 0],
							"post": [1, 1, 1]
						}
					}
				},
				"frame1": {
					"scale": {
						"0.0": [0, 0, 0],
						"0.9": {
							"pre": [0, 0, 0],
							"post": [1, 1, 1]
						}
					}
				},
				"frame2": {
					"scale": {
						"0.0": [0, 0, 0],
						"0.8": {
							"pre": [0, 0, 0],
							"post": [1, 1, 1]
						}
					}
				},
				"frame3": {
					"scale": {
						"0.0": [0, 0, 0],
						"0.7": {
							"pre": [0, 0, 0],
							"post": [1, 1, 1]
						}
					}
				},
				"frame4": {
					"scale": {
						"0.0": [0, 0, 0],
						"0.6": {
							"pre": [0, 0, 0],
							"post": [1, 1, 1]
						}
					}
				},
				"frame5": {
					"scale": {
						"0.0": [0, 0, 0],
						"0.5": {
							"pre": [0, 0, 0],
							"post": [1, 1, 1]
						}
					}
				},
				"frame6": {
					"scale": {
						"0.0": [0, 0, 0],
						"0.4": {
							"pre": [0, 0, 0],
							"post": [1, 1, 1]
						}
					}
				}
			},
			"sound_effects": {
				"0.0": {
					"effect": "zeta:railgun/railgun_shoot_2"
				}
			}
		},
		"charge_start": {
			"loop": true,
			"sound_effects": {
				"0.0": {
					"effect": "zeta:railgun/railgun_shoot_2"
				}
			}
		},
		"static_bolt_caught": {
			"loop": true,
			"bones": {
				"red": {
					"scale": 0
				},
				"blue": {
					"scale": 1
				},
				"animate": {
					"scale": 0
				},
				"lefthand": {
					"rotation": [105.21401, -25.37935, -150.1551],
					"position": [7.03, -14.15, -14.57],
					"scale": [1, 1.5, 1]
				},
				"righthand": {
					"rotation": [95.0274, 5.97708, -179.47516],
					"position": [-6.95, -15.1, 2.825],
					"scale": [1, 1.5, 1]
				},
				"magazine": {
					"scale": 0
				},
				"lights_illuminated": {
					"position": [0, 0, -0.1]
				},
				"mag_and_bullet": {
					"scale": 0
				},
				"code_illuminated": {
					"position": [0, 0, -0.1]
				}
			}
		}
	}
}