{
  "materials": [
    {
      "item": {
        "tag": "forge:gems/diamond"
      },
      "count": 1
    },
    {
      "item": {
        "tag": "forge:ingots/gold"
      },
      "count": 25
    },
    {
      "item": {
        "tag": "forge:ingots/iron"
      },
      "count": 32
    },
    {
      "item": {
        "tag": "forge:rods/blaze"
      },
      "count": 5
    },
    {
      "item": {
        "tag": "minecraft:logs"
      },
      "count": 2
    }
  ],
  "result": {
    "type": "gun",
    "id": "swb2:dl44"
  },
  "type": "tacz:gun_smith_table_crafting"
}