{
    "materials": [
      {
        "item": {
          "tag": "forge:gems/diamond"
        },
        "count": 3
      },
      {
        "item": {
          "tag": "forge:ingots/gold"
        },
        "count": 30
      },
      {
        "item": {
          "tag": "forge:ingots/iron"
        },
        "count": 64
      },
      {
        "item": {
          "tag": "forge:rods/blaze"
        },
        "count": 11
      },
      {
        "item": {
          "tag": "forge:dusts/redstone"
        },
        "count": 8
      }
    ],
    "result": {
      "type": "gun",
      "id": "swb2:dlt19"
    },
    "type": "tacz:gun_smith_table_crafting"
  }