{
    "materials": [
      {
        "item": {
          "tag": "forge:gems/diamond"
        },
        "count": 6
      },
      {
        "item": {
          "tag": "forge:ingots/gold"
        },
        "count": 64
      },
      {
        "item": {
          "tag": "forge:ingots/iron"
        },
        "count": 100
      },
      {
        "item": {
          "tag": "forge:rods/blaze"
        },
        "count": 15
      },
      {
        "item": {
          "tag": "forge:dusts/redstone"
        },
        "count": 15
      }
    ],
    "result": {
      "type": "gun",
      "id": "swb2:dlt19d"
    },
    "type": "tacz:gun_smith_table_crafting"
  }