{
    "materials": [
      {
        "item": {
          "tag": "forge:gems/diamond"
        },
        "count": 3
      },
      {
        "item": {
          "tag": "forge:ingots/gold"
        },
        "count": 40
      },
      {
        "item": {
          "tag": "forge:ingots/iron"
        },
        "count": 50
      },
      {
        "item": {
          "tag": "forge:rods/blaze"
        },
        "count": 10
      }
    ],
    "result": {
      "type": "gun",
      "id": "swb2:e5"
    },
    "type": "tacz:gun_smith_table_crafting"
  }