{
    "materials": [
      {
        "item": {
          "tag": "forge:gems/diamond"
        },
        "count": 1
      },
      {
        "item": {
          "tag": "forge:ingots/gold"
        },
        "count": 20
      },
      {
        "item": {
          "tag": "forge:ingots/iron"
        },
        "count": 50
      },
      {
        "item": {
          "tag": "forge:rods/blaze"
        },
        "count": 5
      }
    ],
    "result": {
      "type": "gun",
      "id": "swb2:rk3"
    },
    "type": "tacz:gun_smith_table_crafting"
  }