{
  "materials": [
    {
      "item": {
        "tag": "forge:gems/diamond"
      },
      "count": 5
    },
    {
      "item": {
        "tag": "forge:ingots/gold"
      },
      "count": 64
    },
    {
      "item": {
        "tag": "forge:ingots/iron"
      },
      "count": 100
    },
    {
      "item": {
        "tag": "forge:rods/blaze"
      },
      "count": 15
    },
    {
      "item": {
        "tag": "forge:dusts/redstone"
      },
      "count": 15
    }
  ],
  "result": {
    "type": "gun",
    "id": "swb2:vk38"
  },
  "type": "tacz:gun_smith_table_crafting"
}