{
	"format_version": "1.12.0",
	"minecraft:geometry": [
		{
			"description": {
				"identifier": "geometry.unknown",
				"texture_width": 32,
				"texture_height": 32,
				"visible_bounds_width": 2,
				"visible_bounds_height": 1.5,
				"visible_bounds_offset": [0, 0.25, 0]
			},
			"bones": [
				{
					"name": "muzzle_brake",
					"pivot": [-1.90753, 0.69764, -6.1875],
					"cubes": [
						{
							"origin": [0.59204, -1.25734, -1.93123],
							"size": [0.001, 0.17701, 2],
							"pivot": [0.00108, 0.04197, -3.58748],
							"rotation": [0, 0, 45],
							"uv": {
								"north": {"uv": [4, 17], "uv_size": [0, 0.25]},
								"east": {"uv": [10, 0], "uv_size": [2, 0.25]},
								"south": {"uv": [19, 22], "uv_size": [0, 0.25]},
								"up": {"uv": [16, 30], "uv_size": [0, 2]},
								"down": {"uv": [17, 32], "uv_size": [0, -2]}
							}
						},
						{
							"origin": [-0.49964, -1.29479, -1.93124],
							"size": [1, 0.00099, 0.75001],
							"uv": {
								"north": {"uv": [6, 3], "uv_size": [1, 0]},
								"east": {"uv": [0, 10], "uv_size": [0.75, 0]},
								"south": {"uv": [16, 5], "uv_size": [1, 0]},
								"west": {"uv": [29, 18], "uv_size": [0.75, 0]},
								"up": {"uv": [8, 6], "uv_size": [1, 0.75]},
								"down": {"uv": [8, 8.75], "uv_size": [1, -0.75]}
							}
						},
						{
							"origin": [-0.59262, -1.25662, -1.93123],
							"size": [0.001, 0.17699, 2],
							"pivot": [0.00036, 0.04269, -3.58748],
							"rotation": [0, 0, -45],
							"uv": {
								"west": {"uv": [10, 2], "uv_size": [2, 0.25]},
								"down": {"uv": [18, 32], "uv_size": [0, -2]}
							}
						},
						{
							"origin": [-0.76862, -1.25661, -1.93024],
							"size": [0.177, 0.17699, 1.997],
							"pivot": [0.00036, 0.0427, -3.58749],
							"rotation": [0, 0, -45],
							"uv": {
								"north": {"uv": [16, 24], "uv_size": [0.25, 0.25]},
								"south": {"uv": [24, 16], "uv_size": [0.25, 0.25]},
								"down": {"uv": [6, 11], "uv_size": [0.25, -2]}
							}
						},
						{
							"origin": [-1.29916, -0.72626, -1.93291],
							"size": [0.177, 0.177, 1.997],
							"pivot": [0.00014, 0.04273, -3.59016],
							"rotation": [0, 0, -45],
							"uv": {
								"north": {"uv": [18, 24], "uv_size": [0.25, 0.25]},
								"east": {"uv": [10, 4], "uv_size": [2, 0.25]},
								"south": {"uv": [20, 24], "uv_size": [0.25, 0.25]}
							}
						},
						{
							"origin": [-0.37464, -1.41981, -1.93123],
							"size": [0.75, 0.125, 2],
							"uv": {
								"north": {"uv": [17, 22], "uv_size": [0.75, 0.25]},
								"east": {"uv": [10, 6], "uv_size": [2, 0.25]},
								"south": {"uv": [22, 21], "uv_size": [0.75, 0.25]},
								"down": {"uv": [0, 6], "uv_size": [0.75, -2]}
							}
						},
						{
							"origin": [-0.23402, -1.29481, -1.93124],
							"size": [0.46803, 0.15625, 2.00001],
							"uv": {
								"north": {"uv": [24, 4], "uv_size": [0.5, 0.25]},
								"east": {"uv": [8, 10], "uv_size": [2, 0.25]},
								"south": {"uv": [24, 6], "uv_size": [0.5, 0.25]},
								"west": {"uv": [10, 8], "uv_size": [2, 0.25]},
								"up": {"uv": [4, 6], "uv_size": [0.5, 2]}
							}
						},
						{
							"origin": [0.23401, -1.29481, -1.93124],
							"size": [0.14063, 0.21875, 2.00001],
							"uv": {
								"north": {"uv": [24, 20], "uv_size": [0.25, 0.25]},
								"east": {"uv": [0, 11], "uv_size": [2, 0.25]},
								"south": {"uv": [24, 22], "uv_size": [0.25, 0.25]},
								"west": {"uv": [3, 11], "uv_size": [2, 0.25]},
								"up": {"uv": [11, 10], "uv_size": [0.25, 2]}
							}
						},
						{
							"origin": [-0.37464, -1.29481, -1.93124],
							"size": [0.14063, 0.21875, 2.00001],
							"uv": {
								"north": {"uv": [24, 24], "uv_size": [0.25, 0.25]},
								"east": {"uv": [6, 12], "uv_size": [2, 0.25]},
								"south": {"uv": [25, 0], "uv_size": [0.25, 0.25]},
								"west": {"uv": [0, 13], "uv_size": [2, 0.25]},
								"up": {"uv": [9, 12], "uv_size": [0.25, 2]}
							}
						},
						{
							"origin": [0.06673, -1.06664, -1.93024],
							"size": [0.42188, 0.09581, 1.99443],
							"pivot": [0.39486, -1.01874, 1.64988],
							"rotation": [0, 0, -30],
							"uv": {
								"north": {"uv": [8, 24], "uv_size": [0.5, 0.25]},
								"east": {"uv": [13, 0], "uv_size": [2, 0.25]},
								"south": {"uv": [10, 24], "uv_size": [0.5, 0.25]},
								"west": {"uv": [13, 2], "uv_size": [2, 0.25]},
								"up": {"uv": [6, 6], "uv_size": [0.5, 2]},
								"down": {"uv": [0, 9], "uv_size": [0.5, -2]}
							}
						},
						{
							"origin": [0.35937, -1.01335, -1.93124],
							"size": [0.14063, 0.28331, 1.99743],
							"uv": {
								"north": {"uv": [2, 25], "uv_size": [0.25, 0.25]},
								"east": {"uv": [3, 13], "uv_size": [2, 0.25]},
								"south": {"uv": [25, 2], "uv_size": [0.25, 0.25]},
								"west": {"uv": [13, 4], "uv_size": [2, 0.25]},
								"up": {"uv": [13, 6], "uv_size": [0.25, 2]},
								"down": {"uv": [13, 11], "uv_size": [0.25, -2]}
							}
						},
						{
							"origin": [-0.5, -1.01335, -1.93124],
							"size": [0.14062, 0.28331, 1.99743],
							"uv": {
								"north": {"uv": [4, 25], "uv_size": [0.25, 0.25]},
								"east": {"uv": [11, 13], "uv_size": [2, 0.25]},
								"south": {"uv": [6, 25], "uv_size": [0.25, 0.25]},
								"west": {"uv": [6, 14], "uv_size": [2, 0.25]},
								"up": {"uv": [14, 12], "uv_size": [0.25, 2]},
								"down": {"uv": [0, 17], "uv_size": [0.25, -2]}
							}
						},
						{
							"origin": [-0.48861, -1.06664, -1.93024],
							"size": [0.42188, 0.09581, 1.99443],
							"pivot": [-0.39486, -1.01874, 1.64988],
							"rotation": [0, 0, 30],
							"uv": {
								"north": {"uv": [24, 11], "uv_size": [0.5, 0.25]},
								"east": {"uv": [2, 15], "uv_size": [2, 0.25]},
								"south": {"uv": [12, 24], "uv_size": [0.5, 0.25]},
								"west": {"uv": [15, 6], "uv_size": [2, 0.25]},
								"up": {"uv": [8, 0], "uv_size": [0.5, 2]},
								"down": {"uv": [8, 5], "uv_size": [0.5, -2]}
							}
						},
						{
							"origin": [-0.36716, -0.15422, -1.28538],
							"size": [0.07941, 0.30081, 1.3125],
							"uv": {
								"north": {"uv": [25, 8], "uv_size": [0.25, 0.25]},
								"east": {"uv": [9, 17], "uv_size": [1.25, 0.25]},
								"south": {"uv": [25, 13], "uv_size": [0.25, 0.25]},
								"west": {"uv": [18, 2], "uv_size": [1.25, 0.25]}
							}
						},
						{
							"origin": [-0.36716, -0.15422, -1.28438],
							"size": [0.07941, 0.30081, 1.3095],
							"pivot": [-0.00404, -0.00382, -5.12776],
							"rotation": [0, 0, 45],
							"uv": {
								"north": {"uv": [14, 25], "uv_size": [0.25, 0.25]},
								"east": {"uv": [18, 4], "uv_size": [1.25, 0.25]},
								"south": {"uv": [25, 18], "uv_size": [0.25, 0.25]},
								"west": {"uv": [18, 6], "uv_size": [1.25, 0.25]}
							}
						},
						{
							"origin": [0.27965, -0.15422, -1.28538],
							"size": [0.07941, 0.30081, 1.3125],
							"uv": {
								"north": {"uv": [22, 25], "uv_size": [0.25, 0.25]},
								"east": {"uv": [18, 8], "uv_size": [1.25, 0.25]},
								"south": {"uv": [0, 26], "uv_size": [0.25, 0.25]},
								"west": {"uv": [18, 10], "uv_size": [1.25, 0.25]}
							}
						},
						{
							"origin": [0.27965, -0.15422, -1.28438],
							"size": [0.07941, 0.30081, 1.3095],
							"pivot": [-0.00404, -0.00382, -5.12776],
							"rotation": [0, 0, 45],
							"uv": {
								"north": {"uv": [26, 4], "uv_size": [0.25, 0.25]},
								"east": {"uv": [12, 18], "uv_size": [1.25, 0.25]},
								"south": {"uv": [26, 6], "uv_size": [0.25, 0.25]},
								"west": {"uv": [18, 12], "uv_size": [1.25, 0.25]}
							}
						},
						{
							"origin": [-0.15445, 0.27988, -1.28538],
							"size": [0.30081, 0.07941, 1.3125],
							"uv": {
								"north": {"uv": [8, 26], "uv_size": [0.25, 0.25]},
								"south": {"uv": [10, 26], "uv_size": [0.25, 0.25]},
								"up": {"uv": [0, 18], "uv_size": [0.25, 1.25]},
								"down": {"uv": [18, 15.25], "uv_size": [0.25, -1.25]}
							}
						},
						{
							"origin": [-0.15445, 0.27988, -1.28438],
							"size": [0.30081, 0.07941, 1.3095],
							"pivot": [-0.00404, -0.00382, -5.12776],
							"rotation": [0, 0, 45],
							"uv": {
								"north": {"uv": [26, 10], "uv_size": [0.25, 0.25]},
								"south": {"uv": [12, 26], "uv_size": [0.25, 0.25]},
								"west": {"uv": [15, 18], "uv_size": [1.25, 0.25]},
								"up": {"uv": [18, 17], "uv_size": [0.25, 1.25]},
								"down": {"uv": [4, 20.25], "uv_size": [0.25, -1.25]}
							}
						},
						{
							"origin": [-0.15445, -0.36693, -1.28538],
							"size": [0.30081, 0.07942, 1.3125],
							"uv": {
								"north": {"uv": [26, 15], "uv_size": [0.25, 0.25]},
								"south": {"uv": [16, 26], "uv_size": [0.25, 0.25]},
								"west": {"uv": [19, 0], "uv_size": [1.25, 0.25]},
								"up": {"uv": [6, 19], "uv_size": [0.25, 1.25]},
								"down": {"uv": [8, 20.25], "uv_size": [0.25, -1.25]}
							}
						},
						{
							"origin": [-0.15445, -0.36693, -1.28438],
							"size": [0.30081, 0.07942, 1.3095],
							"pivot": [-0.00404, -0.00382, -5.12776],
							"rotation": [0, 0, 45],
							"uv": {
								"north": {"uv": [18, 26], "uv_size": [0.25, 0.25]},
								"south": {"uv": [20, 26], "uv_size": [0.25, 0.25]},
								"up": {"uv": [10, 19], "uv_size": [0.25, 1.25]},
								"down": {"uv": [2, 21.25], "uv_size": [0.25, -1.25]}
							}
						},
						{
							"origin": [-0.07713, 0.5624, -1.15842],
							"size": [0.15425, 0.15194, 0.86171],
							"pivot": [0, 0.53208, -0.74631],
							"rotation": [10, 0, 0],
							"uv": {
								"north": {"uv": [2, 27], "uv_size": [0.25, 0.25]},
								"east": {"uv": [2, 23], "uv_size": [0.75, 0.25]},
								"south": {"uv": [27, 2], "uv_size": [0.25, 0.25]},
								"west": {"uv": [23, 2], "uv_size": [0.75, 0.25]},
								"up": {"uv": [23, 9], "uv_size": [0.25, 0.75]},
								"down": {"uv": [14, 23.75], "uv_size": [0.25, -0.75]}
							}
						},
						{
							"origin": [-0.07763, 0.48665, -1.18281],
							"size": [0.15525, 0.15336, 0.874],
							"uv": {
								"north": {"uv": [4, 27], "uv_size": [0.25, 0.25]},
								"east": {"uv": [23, 14], "uv_size": [0.75, 0.25]},
								"south": {"uv": [6, 27], "uv_size": [0.25, 0.25]},
								"west": {"uv": [23, 18], "uv_size": [0.75, 0.25]},
								"up": {"uv": [22, 23], "uv_size": [0.25, 0.75]},
								"down": {"uv": [0, 24.75], "uv_size": [0.25, -0.75]}
							}
						},
						{
							"origin": [-0.33891, 0.12062, -1.18281],
							"size": [0.1875, 0.28331, 1.21575],
							"pivot": [-0.24516, 0.38727, 3.29353],
							"rotation": [0, 0, 45],
							"uv": {
								"north": {"uv": [28, 4], "uv_size": [0.25, 0.25]},
								"east": {"uv": [12, 20], "uv_size": [1.25, 0.25]},
								"south": {"uv": [28, 6], "uv_size": [0.25, 0.25]},
								"west": {"uv": [20, 14], "uv_size": [1.25, 0.25]},
								"up": {"uv": [15, 20], "uv_size": [0.25, 1.25]},
								"down": {"uv": [20, 17.25], "uv_size": [0.25, -1.25]}
							}
						},
						{
							"origin": [-0.2043, 0.24663, -1.18081],
							"size": [0.18966, 0.3065, 1.21175],
							"pivot": [-0.10839, 0.41954, 3.29353],
							"rotation": [0, 0, 75],
							"uv": {
								"north": {"uv": [8, 28], "uv_size": [0.25, 0.25]},
								"east": {"uv": [17, 20], "uv_size": [1.25, 0.25]},
								"south": {"uv": [10, 28], "uv_size": [0.25, 0.25]},
								"west": {"uv": [20, 19], "uv_size": [1.25, 0.25]},
								"up": {"uv": [0, 21], "uv_size": [0.25, 1.25]},
								"down": {"uv": [21, 3.25], "uv_size": [0.25, -1.25]}
							}
						},
						{
							"origin": [0.01464, 0.24663, -1.18181],
							"size": [0.1875, 0.31456, 1.21375],
							"pivot": [0.10839, 0.41954, 3.29353],
							"rotation": [0, 0, -75],
							"uv": {
								"north": {"uv": [28, 10], "uv_size": [0.25, 0.25]},
								"east": {"uv": [21, 5], "uv_size": [1.25, 0.25]},
								"south": {"uv": [12, 28], "uv_size": [0.25, 0.25]},
								"west": {"uv": [21, 7], "uv_size": [1.25, 0.25]},
								"up": {"uv": [21, 9], "uv_size": [0.25, 1.25]},
								"down": {"uv": [20, 22.25], "uv_size": [0.25, -1.25]}
							}
						},
						{
							"origin": [0.15141, 0.12062, -1.18281],
							"size": [0.1875, 0.28331, 1.21575],
							"pivot": [0.24516, 0.38727, 3.29353],
							"rotation": [0, 0, -45],
							"uv": {
								"north": {"uv": [28, 14], "uv_size": [0.25, 0.25]},
								"east": {"uv": [21, 12], "uv_size": [1.25, 0.25]},
								"south": {"uv": [16, 28], "uv_size": [0.25, 0.25]},
								"west": {"uv": [22, 0], "uv_size": [1.25, 0.25]},
								"up": {"uv": [4, 22], "uv_size": [0.25, 1.25]},
								"down": {"uv": [6, 23.25], "uv_size": [0.25, -1.25]}
							}
						},
						{
							"origin": [-0.33891, 0.12062, -1.93081],
							"size": [0.1875, 0.28331, 0.247],
							"pivot": [-0.24516, 0.38727, 2.54353],
							"rotation": [0, 0, 45],
							"uv": {
								"north": {"uv": [18, 28], "uv_size": [0.25, 0.25]},
								"east": {"uv": [28, 19], "uv_size": [0.25, 0.25]},
								"south": {"uv": [20, 28], "uv_size": [0.25, 0.25]},
								"west": {"uv": [28, 21], "uv_size": [0.25, 0.25]},
								"up": {"uv": [28, 23], "uv_size": [0.25, 0.25]},
								"down": {"uv": [24, 28.25], "uv_size": [0.25, -0.25]}
							}
						},
						{
							"origin": [0.01464, 0.24663, -1.92981],
							"size": [0.1875, 0.31456, 0.245],
							"pivot": [0.10839, 0.41954, 2.54353],
							"rotation": [0, 0, -75],
							"uv": {
								"north": {"uv": [28, 25], "uv_size": [0.25, 0.25]},
								"east": {"uv": [26, 28], "uv_size": [0.25, 0.25]},
								"south": {"uv": [28, 27], "uv_size": [0.25, 0.25]},
								"west": {"uv": [29, 0], "uv_size": [0.25, 0.25]},
								"up": {"uv": [2, 29], "uv_size": [0.25, 0.25]},
								"down": {"uv": [29, 2.25], "uv_size": [0.25, -0.25]}
							}
						},
						{
							"origin": [-0.2043, 0.24663, -1.92881],
							"size": [0.18966, 0.3065, 0.243],
							"pivot": [-0.10839, 0.41954, 2.54353],
							"rotation": [0, 0, 75],
							"uv": {
								"north": {"uv": [4, 29], "uv_size": [0.25, 0.25]},
								"east": {"uv": [6, 29], "uv_size": [0.25, 0.25]},
								"south": {"uv": [29, 8], "uv_size": [0.25, 0.25]},
								"west": {"uv": [29, 12], "uv_size": [0.25, 0.25]},
								"up": {"uv": [14, 29], "uv_size": [0.25, 0.25]},
								"down": {"uv": [29, 16.25], "uv_size": [0.25, -0.25]}
							}
						},
						{
							"origin": [0.15141, 0.12062, -1.93081],
							"size": [0.1875, 0.28331, 0.247],
							"pivot": [0.24516, 0.38727, 2.54353],
							"rotation": [0, 0, -45],
							"uv": {
								"north": {"uv": [22, 29], "uv_size": [0.25, 0.25]},
								"east": {"uv": [28, 29], "uv_size": [0.25, 0.25]},
								"south": {"uv": [0, 30], "uv_size": [0.25, 0.25]},
								"west": {"uv": [30, 4], "uv_size": [0.25, 0.25]},
								"up": {"uv": [30, 6], "uv_size": [0.25, 0.25]},
								"down": {"uv": [8, 30.25], "uv_size": [0.25, -0.25]}
							}
						},
						{
							"origin": [-0.5, -0.6071, -1.93081],
							"size": [0.26562, 0.13774, 1.96375],
							"pivot": [-0.03125, -0.48354, -1.87131],
							"rotation": [0, 0, 45],
							"uv": {
								"north": {"uv": [10, 30], "uv_size": [0.25, 0.25]},
								"east": {"uv": [15, 8], "uv_size": [2, 0.25]},
								"south": {"uv": [30, 10], "uv_size": [0.25, 0.25]},
								"west": {"uv": [9, 15], "uv_size": [2, 0.25]},
								"up": {"uv": [12, 15], "uv_size": [0.25, 2]},
								"down": {"uv": [14, 17], "uv_size": [0.25, -2]}
							}
						},
						{
							"origin": [0.23437, -0.6071, -1.93081],
							"size": [0.26563, 0.13774, 1.96375],
							"pivot": [0.03125, -0.48354, -1.87131],
							"rotation": [0, 0, -45],
							"uv": {
								"north": {"uv": [12, 30], "uv_size": [0.25, 0.25]},
								"east": {"uv": [15, 10], "uv_size": [2, 0.25]},
								"south": {"uv": [30, 14], "uv_size": [0.25, 0.25]},
								"west": {"uv": [16, 0], "uv_size": [2, 0.25]},
								"up": {"uv": [16, 2], "uv_size": [0.25, 2]},
								"down": {"uv": [5, 18], "uv_size": [0.25, -2]}
							}
						},
						{
							"origin": [-0.35938, -1.13835, -1.93381],
							"size": [0.71875, 0.80961, 1.96775],
							"uv": {
								"north": {"uv": [2, 9], "uv_size": [0.75, 0.75]},
								"east": {"uv": [2, 4], "uv_size": [2, 0.75]},
								"south": {"uv": [4, 9], "uv_size": [0.75, 0.75]},
								"west": {"uv": [5, 4], "uv_size": [2, 0.75]},
								"up": {"uv": [6, 0], "uv_size": [0.75, 2]},
								"down": {"uv": [2, 8], "uv_size": [0.75, -2]}
							}
						},
						{
							"origin": [-0.5, -0.73004, -1.93124],
							"size": [0.15625, 0.99505, 1.96618],
							"uv": {
								"north": {"uv": [8, 22], "uv_size": [0.25, 1]},
								"east": {"uv": [0, 0], "uv_size": [2, 1]},
								"south": {"uv": [10, 22], "uv_size": [0.25, 1]},
								"west": {"uv": [0, 2], "uv_size": [2, 1]},
								"up": {"uv": [7, 16], "uv_size": [0.25, 2]},
								"down": {"uv": [16, 14], "uv_size": [0.25, -2]}
							}
						},
						{
							"origin": [0.34375, -0.73004, -1.93124],
							"size": [0.15625, 0.99505, 1.96618],
							"uv": {
								"north": {"uv": [12, 22], "uv_size": [0.25, 1]},
								"east": {"uv": [3, 0], "uv_size": [2, 1]},
								"south": {"uv": [22, 16], "uv_size": [0.25, 1]},
								"west": {"uv": [3, 2], "uv_size": [2, 1]},
								"up": {"uv": [16, 15], "uv_size": [0.25, 2]},
								"down": {"uv": [2, 19], "uv_size": [0.25, -2]}
							}
						}
					]
				},
				{
					"name": "sight_2_illuminated",
					"parent": "muzzle_brake",
					"pivot": [-2, 0.69501, -0.38753],
					"cubes": [
						{
							"origin": [-0.04687, 0.65126, -0.44378],
							"size": [0.09375, 0.09375, 0.125],
							"inflate": 0.005,
							"pivot": [0, 0.69814, -0.38128],
							"rotation": [-7.10708, 7.05302, -135.43855],
							"uv": {
								"north": {"uv": [26, 20], "uv_size": [0.25, 0.25]},
								"east": {"uv": [26, 22], "uv_size": [0.25, 0.25]},
								"south": {"uv": [24, 26], "uv_size": [0.25, 0.25]},
								"west": {"uv": [26, 24], "uv_size": [0.25, 0.25]},
								"up": {"uv": [26, 26], "uv_size": [0.25, 0.25]},
								"down": {"uv": [27, 0.25], "uv_size": [0.25, -0.25]}
							}
						}
					]
				},
				{
					"name": "laser_illuminated",
					"parent": "muzzle_brake",
					"pivot": [-2, -1.17187, -0.9375],
					"cubes": [
						{
							"origin": [-0.0625, -1.23125, -1.9425],
							"size": [0.125, 0.125, 0.25],
							"pivot": [0, -1.16875, -0.93125],
							"rotation": [0, 0, 45],
							"uv": {
								"north": {"uv": [27, 8], "uv_size": [0.25, 0.25]},
								"east": {"uv": [27, 12], "uv_size": [0.25, 0.25]},
								"south": {"uv": [14, 27], "uv_size": [0.25, 0.25]},
								"west": {"uv": [27, 17], "uv_size": [0.25, 0.25]},
								"up": {"uv": [22, 27], "uv_size": [0.25, 0.25]},
								"down": {"uv": [0, 28.25], "uv_size": [0.25, -0.25]}
							}
						}
					]
				},
				{
					"name": "laser_beam",
					"pivot": [0, -1.15624, -1.9375]
				}
			]
		}
	]
}