{
	"format_version": "1.12.0",
	"minecraft:geometry": [
		{
			"description": {
				"identifier": "geometry.unknown",
				"texture_width": 32,
				"texture_height": 32,
				"visible_bounds_width": 2,
				"visible_bounds_height": 1.5,
				"visible_bounds_offset": [0, 0.25, 0]
			},
			"bones": [
				{
					"name": "muzzle_silencer",
					"pivot": [-1.90753, 0.69764, -6.1875],
					"cubes": [
						{
							"origin": [0.59187, -1.25746, -6.03928],
							"size": [0.00117, 0.17713, 6.10806],
							"pivot": [0.00108, 0.04197, -3.58748],
							"rotation": [0, 0, 45],
							"uv": {
								"north": {"uv": [0, 0], "uv_size": [0, 0.5]},
								"east": {"uv": [1, 2], "uv_size": [6, 0.5]},
								"south": {"uv": [0, 0], "uv_size": [0, 0.5]},
								"up": {"uv": [0, 0], "uv_size": [0, 6]},
								"down": {"uv": [0, 6], "uv_size": [0, -6]}
							}
						},
						{
							"origin": [-0.49964, -1.29479, -1.93124],
							"size": [1, 0.00099, 0.75001],
							"uv": {
								"north": {"uv": [0, 0], "uv_size": [1, 0]},
								"east": {"uv": [0, 0], "uv_size": [1, 0]},
								"south": {"uv": [0, 0], "uv_size": [1, 0]},
								"west": {"uv": [0, 0], "uv_size": [1, 0]},
								"up": {"uv": [21, 20], "uv_size": [1, 1]},
								"down": {"uv": [21, 22], "uv_size": [1, -1]}
							}
						},
						{
							"origin": [-0.59262, -1.25661, -6.03962],
							"size": [0.00101, 0.17698, 6.10839],
							"pivot": [0.00036, 0.04269, -3.58748],
							"rotation": [0, 0, -45],
							"uv": {
								"west": {"uv": [1, 3], "uv_size": [6, 0.5]},
								"down": {"uv": [0, 6], "uv_size": [0, -6]}
							}
						},
						{
							"origin": [-0.76862, -1.25661, -6.03961],
							"size": [0.177, 0.17699, 6.10638],
							"pivot": [0.00036, 0.0427, -3.58749],
							"rotation": [0, 0, -45],
							"uv": {
								"north": {"uv": [19, 24], "uv_size": [0.5, 0.5]},
								"south": {"uv": [20, 24], "uv_size": [0.5, 0.5]},
								"down": {"uv": [1, 10], "uv_size": [0.5, -6]}
							}
						},
						{
							"origin": [-1.29916, -0.72626, -6.03928],
							"size": [0.177, 0.177, 6.10338],
							"pivot": [0.00014, 0.04273, -3.59016],
							"rotation": [0, 0, -45],
							"uv": {
								"north": {"uv": [24, 20], "uv_size": [0.5, 0.5]},
								"east": {"uv": [2, 4], "uv_size": [6, 0.5]},
								"south": {"uv": [21, 24], "uv_size": [0.5, 0.5]}
							}
						},
						{
							"origin": [-0.37464, -1.41981, -6.0406],
							"size": [0.75, 0.125, 6.10938],
							"uv": {
								"north": {"uv": [22, 15], "uv_size": [1, 0.5]},
								"east": {"uv": [2, 5], "uv_size": [6, 0.5]},
								"south": {"uv": [16, 22], "uv_size": [1, 0.5]},
								"down": {"uv": [0, 6], "uv_size": [1, -6]}
							}
						},
						{
							"origin": [-0.23402, -1.29481, -6.04061],
							"size": [0.46803, 0.15625, 6.10939],
							"uv": {
								"north": {"uv": [24, 21], "uv_size": [0.5, 0.5]},
								"east": {"uv": [2, 6], "uv_size": [6, 0.5]},
								"south": {"uv": [22, 24], "uv_size": [0.5, 0.5]},
								"west": {"uv": [7, 0], "uv_size": [6, 0.5]},
								"up": {"uv": [0, 6], "uv_size": [0.5, 6]}
							}
						},
						{
							"origin": [0.23401, -1.29481, -6.04061],
							"size": [0.14063, 0.21875, 6.10939],
							"uv": {
								"north": {"uv": [24, 22], "uv_size": [0.5, 0.5]},
								"east": {"uv": [7, 1], "uv_size": [6, 0.5]},
								"south": {"uv": [23, 24], "uv_size": [0.5, 0.5]},
								"west": {"uv": [2, 7], "uv_size": [6, 0.5]},
								"up": {"uv": [2, 8], "uv_size": [0.5, 6]}
							}
						},
						{
							"origin": [-0.37464, -1.29481, -6.04061],
							"size": [0.14063, 0.21875, 6.10939],
							"uv": {
								"north": {"uv": [24, 23], "uv_size": [0.5, 0.5]},
								"east": {"uv": [7, 2], "uv_size": [6, 0.5]},
								"south": {"uv": [24, 24], "uv_size": [0.5, 0.5]},
								"west": {"uv": [7, 3], "uv_size": [6, 0.5]},
								"up": {"uv": [3, 8], "uv_size": [0.5, 6]}
							}
						},
						{
							"origin": [0.06673, -1.06664, -6.03962],
							"size": [0.42188, 0.09581, 6.10381],
							"pivot": [0.39486, -1.01874, 1.64988],
							"rotation": [0, 0, -30],
							"uv": {
								"north": {"uv": [0, 25], "uv_size": [0.5, 0.5]},
								"east": {"uv": [4, 8], "uv_size": [6, 0.5]},
								"south": {"uv": [25, 0], "uv_size": [0.5, 0.5]},
								"west": {"uv": [8, 4], "uv_size": [6, 0.5]},
								"up": {"uv": [4, 9], "uv_size": [0.5, 6]},
								"down": {"uv": [5, 15], "uv_size": [0.5, -6]}
							}
						},
						{
							"origin": [0.35937, -1.01335, -0.75936],
							"size": [0.14063, 0.28331, 0.82556],
							"uv": {
								"north": {"uv": [1, 25], "uv_size": [0.5, 0.5]},
								"east": {"uv": [17, 22], "uv_size": [1, 0.5]},
								"south": {"uv": [25, 1], "uv_size": [0.5, 0.5]},
								"west": {"uv": [18, 22], "uv_size": [1, 0.5]},
								"up": {"uv": [22, 20], "uv_size": [0.5, 1]},
								"down": {"uv": [21, 23], "uv_size": [0.5, -1]}
							}
						},
						{
							"origin": [-0.5, -1.01335, -0.75936],
							"size": [0.14062, 0.28331, 0.82556],
							"uv": {
								"north": {"uv": [25, 2], "uv_size": [0.5, 0.5]},
								"east": {"uv": [22, 21], "uv_size": [1, 0.5]},
								"south": {"uv": [3, 25], "uv_size": [0.5, 0.5]},
								"west": {"uv": [22, 22], "uv_size": [1, 0.5]},
								"up": {"uv": [1, 23], "uv_size": [0.5, 1]},
								"down": {"uv": [23, 9], "uv_size": [0.5, -1]}
							}
						},
						{
							"origin": [-0.48861, -1.06664, -6.03962],
							"size": [0.42188, 0.09581, 6.10381],
							"pivot": [-0.39486, -1.01874, 1.64988],
							"rotation": [0, 0, 30],
							"uv": {
								"north": {"uv": [25, 3], "uv_size": [0.5, 0.5]},
								"east": {"uv": [8, 5], "uv_size": [6, 0.5]},
								"south": {"uv": [4, 25], "uv_size": [0.5, 0.5]},
								"west": {"uv": [8, 6], "uv_size": [6, 0.5]},
								"up": {"uv": [6, 9], "uv_size": [0.5, 6]},
								"down": {"uv": [7, 15], "uv_size": [0.5, -6]}
							}
						},
						{
							"origin": [-0.36716, -0.15422, -6.12913],
							"size": [0.07941, 0.30081, 6.15625],
							"uv": {
								"north": {"uv": [25, 4], "uv_size": [0.5, 0.5]},
								"east": {"uv": [8, 7], "uv_size": [6, 0.5]},
								"south": {"uv": [5, 25], "uv_size": [0.5, 0.5]},
								"west": {"uv": [8, 9], "uv_size": [6, 0.5]}
							}
						},
						{
							"origin": [-0.36716, -0.15422, -6.12813],
							"size": [0.07941, 0.30081, 6.15325],
							"pivot": [-0.00404, -0.00382, -5.12776],
							"rotation": [0, 0, 45],
							"uv": {
								"north": {"uv": [25, 5], "uv_size": [0.5, 0.5]},
								"east": {"uv": [8, 10], "uv_size": [6, 0.5]},
								"south": {"uv": [6, 25], "uv_size": [0.5, 0.5]},
								"west": {"uv": [10, 8], "uv_size": [6, 0.5]}
							}
						},
						{
							"origin": [0.27965, -0.15422, -6.12913],
							"size": [0.07941, 0.30081, 6.15625],
							"uv": {
								"north": {"uv": [25, 6], "uv_size": [0.5, 0.5]},
								"east": {"uv": [8, 11], "uv_size": [6, 0.5]},
								"south": {"uv": [7, 25], "uv_size": [0.5, 0.5]},
								"west": {"uv": [8, 12], "uv_size": [6, 0.5]}
							}
						},
						{
							"origin": [0.27965, -0.15422, -6.12813],
							"size": [0.07941, 0.30081, 6.15325],
							"pivot": [-0.00404, -0.00382, -5.12776],
							"rotation": [0, 0, 45],
							"uv": {
								"north": {"uv": [25, 7], "uv_size": [0.5, 0.5]},
								"east": {"uv": [13, 0], "uv_size": [6, 0.5]},
								"south": {"uv": [8, 25], "uv_size": [0.5, 0.5]},
								"west": {"uv": [13, 1], "uv_size": [6, 0.5]}
							}
						},
						{
							"origin": [-0.15445, 0.27988, -6.12913],
							"size": [0.30081, 0.07941, 6.15625],
							"uv": {
								"north": {"uv": [25, 8], "uv_size": [0.5, 0.5]},
								"south": {"uv": [9, 25], "uv_size": [0.5, 0.5]},
								"up": {"uv": [1, 10], "uv_size": [0.5, 6]},
								"down": {"uv": [0, 18], "uv_size": [0.5, -6]}
							}
						},
						{
							"origin": [-0.15445, 0.27988, -6.12813],
							"size": [0.30081, 0.07941, 6.15325],
							"pivot": [-0.00404, -0.00382, -5.12776],
							"rotation": [0, 0, 45],
							"uv": {
								"north": {"uv": [25, 9], "uv_size": [0.5, 0.5]},
								"south": {"uv": [10, 25], "uv_size": [0.5, 0.5]},
								"west": {"uv": [13, 2], "uv_size": [6, 0.5]},
								"up": {"uv": [8, 13], "uv_size": [0.5, 6]},
								"down": {"uv": [9, 19], "uv_size": [0.5, -6]}
							}
						},
						{
							"origin": [-0.15445, -0.36693, -6.12913],
							"size": [0.30081, 0.07942, 6.15625],
							"uv": {
								"north": {"uv": [25, 10], "uv_size": [0.5, 0.5]},
								"south": {"uv": [11, 25], "uv_size": [0.5, 0.5]},
								"west": {"uv": [13, 3], "uv_size": [6, 0.5]},
								"up": {"uv": [10, 13], "uv_size": [0.5, 6]},
								"down": {"uv": [11, 19], "uv_size": [0.5, -6]}
							}
						},
						{
							"origin": [-0.15445, -0.36693, -6.12813],
							"size": [0.30081, 0.07942, 6.15325],
							"pivot": [-0.00404, -0.00382, -5.12776],
							"rotation": [0, 0, 45],
							"uv": {
								"north": {"uv": [25, 11], "uv_size": [0.5, 0.5]},
								"south": {"uv": [12, 25], "uv_size": [0.5, 0.5]},
								"up": {"uv": [12, 13], "uv_size": [0.5, 6]},
								"down": {"uv": [13, 19], "uv_size": [0.5, -6]}
							}
						},
						{
							"origin": [-0.07713, 0.5624, -1.15842],
							"size": [0.15425, 0.15194, 0.86171],
							"pivot": [0, 0.53208, -0.74631],
							"rotation": [10, 0, 0],
							"uv": {
								"north": {"uv": [25, 12], "uv_size": [0.5, 0.5]},
								"east": {"uv": [23, 13], "uv_size": [1, 0.5]},
								"south": {"uv": [13, 25], "uv_size": [0.5, 0.5]},
								"west": {"uv": [23, 14], "uv_size": [1, 0.5]},
								"up": {"uv": [23, 15], "uv_size": [0.5, 1]},
								"down": {"uv": [16, 24], "uv_size": [0.5, -1]}
							}
						},
						{
							"origin": [-0.07763, 0.48665, -1.18281],
							"size": [0.15525, 0.15336, 0.874],
							"uv": {
								"north": {"uv": [25, 13], "uv_size": [0.5, 0.5]},
								"east": {"uv": [17, 23], "uv_size": [1, 0.5]},
								"south": {"uv": [14, 25], "uv_size": [0.5, 0.5]},
								"west": {"uv": [18, 23], "uv_size": [1, 0.5]},
								"up": {"uv": [23, 20], "uv_size": [0.5, 1]},
								"down": {"uv": [21, 24], "uv_size": [0.5, -1]}
							}
						},
						{
							"origin": [-0.33891, 0.12062, -6.03962],
							"size": [0.1875, 0.28331, 6.07256],
							"pivot": [-0.24516, 0.38727, 3.29353],
							"rotation": [0, 0, 45],
							"uv": {
								"north": {"uv": [25, 14], "uv_size": [0.5, 0.5]},
								"east": {"uv": [14, 4], "uv_size": [6, 0.5]},
								"south": {"uv": [15, 25], "uv_size": [0.5, 0.5]},
								"west": {"uv": [14, 5], "uv_size": [6, 0.5]},
								"up": {"uv": [2, 14], "uv_size": [0.5, 6]},
								"down": {"uv": [3, 20], "uv_size": [0.5, -6]}
							}
						},
						{
							"origin": [-0.2043, 0.24663, -6.03761],
							"size": [0.18966, 0.3065, 6.06856],
							"pivot": [-0.10839, 0.41954, 3.29353],
							"rotation": [0, 0, 75],
							"uv": {
								"north": {"uv": [25, 15], "uv_size": [0.5, 0.5]},
								"east": {"uv": [14, 6], "uv_size": [6, 0.5]},
								"south": {"uv": [16, 25], "uv_size": [0.5, 0.5]},
								"west": {"uv": [14, 7], "uv_size": [6, 0.5]},
								"up": {"uv": [14, 9], "uv_size": [0.5, 6]},
								"down": {"uv": [4, 21], "uv_size": [0.5, -6]}
							}
						},
						{
							"origin": [0.01464, 0.24663, -6.03861],
							"size": [0.1875, 0.31456, 6.07055],
							"pivot": [0.10839, 0.41954, 3.29353],
							"rotation": [0, 0, -75],
							"uv": {
								"north": {"uv": [25, 16], "uv_size": [0.5, 0.5]},
								"east": {"uv": [15, 9], "uv_size": [6, 0.5]},
								"south": {"uv": [17, 25], "uv_size": [0.5, 0.5]},
								"west": {"uv": [15, 10], "uv_size": [6, 0.5]},
								"up": {"uv": [5, 15], "uv_size": [0.5, 6]},
								"down": {"uv": [6, 21], "uv_size": [0.5, -6]}
							}
						},
						{
							"origin": [0.15141, 0.12062, -6.03962],
							"size": [0.1875, 0.28331, 6.07256],
							"pivot": [0.24516, 0.38727, 3.29353],
							"rotation": [0, 0, -45],
							"uv": {
								"north": {"uv": [25, 17], "uv_size": [0.5, 0.5]},
								"east": {"uv": [15, 11], "uv_size": [6, 0.5]},
								"south": {"uv": [18, 25], "uv_size": [0.5, 0.5]},
								"west": {"uv": [15, 12], "uv_size": [6, 0.5]},
								"up": {"uv": [7, 15], "uv_size": [0.5, 6]},
								"down": {"uv": [15, 19], "uv_size": [0.5, -6]}
							}
						},
						{
							"origin": [-0.5, -0.6071, -6.04019],
							"size": [0.26562, 0.13774, 6.07313],
							"pivot": [-0.03125, -0.48354, -1.87131],
							"rotation": [0, 0, 45],
							"uv": {
								"north": {"uv": [25, 18], "uv_size": [0.5, 0.5]},
								"east": {"uv": [16, 8], "uv_size": [6, 0.5]},
								"south": {"uv": [19, 25], "uv_size": [0.5, 0.5]},
								"west": {"uv": [16, 13], "uv_size": [6, 0.5]},
								"up": {"uv": [14, 15], "uv_size": [0.5, 6]},
								"down": {"uv": [1, 22], "uv_size": [0.5, -6]}
							}
						},
						{
							"origin": [0.23437, -0.6071, -6.04019],
							"size": [0.26563, 0.13774, 6.07313],
							"pivot": [0.03125, -0.48354, -1.87131],
							"rotation": [0, 0, -45],
							"uv": {
								"north": {"uv": [25, 19], "uv_size": [0.5, 0.5]},
								"east": {"uv": [16, 14], "uv_size": [6, 0.5]},
								"south": {"uv": [20, 25], "uv_size": [0.5, 0.5]},
								"west": {"uv": [16, 15], "uv_size": [6, 0.5]},
								"up": {"uv": [16, 16], "uv_size": [0.5, 6]},
								"down": {"uv": [17, 22], "uv_size": [0.5, -6]}
							}
						},
						{
							"origin": [-0.35938, -1.13835, -6.04318],
							"size": [0.71875, 0.80961, 6.07712],
							"uv": {
								"north": {"uv": [23, 21], "uv_size": [0.5, 1]},
								"east": {"uv": [1, 0], "uv_size": [6, 1]},
								"south": {"uv": [22, 23], "uv_size": [0.5, 1]},
								"west": {"uv": [1, 1], "uv_size": [6, 1]},
								"up": {"uv": [0, 18], "uv_size": [0.5, 6]},
								"down": {"uv": [18, 22], "uv_size": [0.5, -6]}
							}
						},
						{
							"origin": [-0.5, -0.73004, -0.75936],
							"size": [0.15625, 0.99505, 0.79431],
							"uv": {
								"north": {"uv": [23, 22], "uv_size": [0.5, 1]},
								"east": {"uv": [1, 22], "uv_size": [1, 1]},
								"south": {"uv": [23, 23], "uv_size": [0.5, 1]},
								"west": {"uv": [22, 8], "uv_size": [1, 1]},
								"up": {"uv": [0, 24], "uv_size": [0.5, 1]},
								"down": {"uv": [1, 25], "uv_size": [0.5, -1]}
							}
						},
						{
							"origin": [0.34375, -0.73004, -0.75936],
							"size": [0.15625, 0.99505, 0.79431],
							"uv": {
								"north": {"uv": [3, 24], "uv_size": [0.5, 1]},
								"east": {"uv": [22, 13], "uv_size": [1, 1]},
								"south": {"uv": [24, 4], "uv_size": [0.5, 1]},
								"west": {"uv": [22, 14], "uv_size": [1, 1]},
								"up": {"uv": [24, 5], "uv_size": [0.5, 1]},
								"down": {"uv": [24, 7], "uv_size": [0.5, -1]}
							}
						},
						{
							"origin": [0.34375, -0.23004, -6.04061],
							"size": [0.15625, 0.49505, 5.28125],
							"uv": {
								"north": {"uv": [25, 20], "uv_size": [0.5, 0.5]},
								"east": {"uv": [19, 0], "uv_size": [5.5, 0.5]},
								"south": {"uv": [21, 25], "uv_size": [0.5, 0.5]},
								"west": {"uv": [19, 1], "uv_size": [5.5, 0.5]},
								"up": {"uv": [8, 19], "uv_size": [0.5, 5.5]},
								"down": {"uv": [9, 24.5], "uv_size": [0.5, -5.5]}
							}
						},
						{
							"origin": [0.34375, -0.7058, -6.04061],
							"size": [0.15625, 0.47576, 0.79687],
							"uv": {
								"north": {"uv": [25, 21], "uv_size": [0.5, 0.5]},
								"east": {"uv": [24, 7], "uv_size": [1, 0.5]},
								"south": {"uv": [22, 25], "uv_size": [0.5, 0.5]},
								"west": {"uv": [24, 8], "uv_size": [1, 0.5]},
								"up": {"uv": [24, 13], "uv_size": [0.5, 1]},
								"down": {"uv": [24, 15], "uv_size": [0.5, -1]}
							}
						},
						{
							"origin": [0.34375, -0.43613, -5.29308],
							"size": [0.15525, 0.37, 0.15625],
							"pivot": [0.42187, -0.25113, -5.35558],
							"rotation": [-36, 0, 0],
							"uv": {
								"north": {"uv": [25, 22], "uv_size": [0.5, 0.5]},
								"east": {"uv": [23, 25], "uv_size": [0.5, 0.5]},
								"south": {"uv": [25, 23], "uv_size": [0.5, 0.5]},
								"west": {"uv": [24, 25], "uv_size": [0.5, 0.5]},
								"up": {"uv": [25, 24], "uv_size": [0.5, 0.5]},
								"down": {"uv": [25, 25.5], "uv_size": [0.5, -0.5]}
							}
						},
						{
							"origin": [-0.499, -0.86971, -5.29308],
							"size": [0.15525, 0.37, 0.15625],
							"pivot": [-0.42188, -0.68471, -5.35558],
							"rotation": [36, 0, 0],
							"uv": {
								"north": {"uv": [0, 26], "uv_size": [0.5, 0.5]},
								"east": {"uv": [26, 0], "uv_size": [0.5, 0.5]},
								"south": {"uv": [1, 26], "uv_size": [0.5, 0.5]},
								"west": {"uv": [26, 1], "uv_size": [0.5, 0.5]},
								"up": {"uv": [2, 26], "uv_size": [0.5, 0.5]},
								"down": {"uv": [26, 2.5], "uv_size": [0.5, -0.5]}
							}
						},
						{
							"origin": [-0.499, -0.43613, -5.29308],
							"size": [0.15525, 0.37, 0.15625],
							"pivot": [-0.42187, -0.25113, -5.35558],
							"rotation": [-36, 0, 0],
							"uv": {
								"north": {"uv": [3, 26], "uv_size": [0.5, 0.5]},
								"east": {"uv": [26, 3], "uv_size": [0.5, 0.5]},
								"south": {"uv": [4, 26], "uv_size": [0.5, 0.5]},
								"west": {"uv": [26, 4], "uv_size": [0.5, 0.5]},
								"up": {"uv": [5, 26], "uv_size": [0.5, 0.5]},
								"down": {"uv": [26, 5.5], "uv_size": [0.5, -0.5]}
							}
						},
						{
							"origin": [0.34375, -0.43613, -0.86317],
							"size": [0.15525, 0.37, 0.15625],
							"pivot": [0.42187, -0.25113, -0.64442],
							"rotation": [36, 0, 0],
							"uv": {
								"north": {"uv": [6, 26], "uv_size": [0.5, 0.5]},
								"east": {"uv": [26, 6], "uv_size": [0.5, 0.5]},
								"south": {"uv": [7, 26], "uv_size": [0.5, 0.5]},
								"west": {"uv": [26, 7], "uv_size": [0.5, 0.5]},
								"up": {"uv": [8, 26], "uv_size": [0.5, 0.5]},
								"down": {"uv": [26, 8.5], "uv_size": [0.5, -0.5]}
							}
						},
						{
							"origin": [0.34375, -0.86971, -0.86317],
							"size": [0.15525, 0.37, 0.15625],
							"pivot": [0.42188, -0.68471, -0.64442],
							"rotation": [-36, 0, 0],
							"uv": {
								"north": {"uv": [9, 26], "uv_size": [0.5, 0.5]},
								"east": {"uv": [26, 9], "uv_size": [0.5, 0.5]},
								"south": {"uv": [10, 26], "uv_size": [0.5, 0.5]},
								"west": {"uv": [26, 10], "uv_size": [0.5, 0.5]},
								"up": {"uv": [11, 26], "uv_size": [0.5, 0.5]},
								"down": {"uv": [26, 11.5], "uv_size": [0.5, -0.5]}
							}
						},
						{
							"origin": [-0.499, -0.86971, -0.86317],
							"size": [0.15525, 0.37, 0.15625],
							"pivot": [-0.42188, -0.68471, -0.64442],
							"rotation": [-36, 0, 0],
							"uv": {
								"north": {"uv": [12, 26], "uv_size": [0.5, 0.5]},
								"east": {"uv": [26, 12], "uv_size": [0.5, 0.5]},
								"south": {"uv": [13, 26], "uv_size": [0.5, 0.5]},
								"west": {"uv": [26, 13], "uv_size": [0.5, 0.5]},
								"up": {"uv": [14, 26], "uv_size": [0.5, 0.5]},
								"down": {"uv": [26, 14.5], "uv_size": [0.5, -0.5]}
							}
						},
						{
							"origin": [-0.499, -0.43613, -0.86317],
							"size": [0.15525, 0.37, 0.15625],
							"pivot": [-0.42187, -0.25113, -0.64442],
							"rotation": [36, 0, 0],
							"uv": {
								"north": {"uv": [15, 26], "uv_size": [0.5, 0.5]},
								"east": {"uv": [26, 15], "uv_size": [0.5, 0.5]},
								"south": {"uv": [16, 26], "uv_size": [0.5, 0.5]},
								"west": {"uv": [26, 16], "uv_size": [0.5, 0.5]},
								"up": {"uv": [17, 26], "uv_size": [0.5, 0.5]},
								"down": {"uv": [26, 17.5], "uv_size": [0.5, -0.5]}
							}
						},
						{
							"origin": [0.34375, -0.86971, -5.29308],
							"size": [0.15525, 0.37, 0.15625],
							"pivot": [0.42188, -0.68471, -5.35558],
							"rotation": [36, 0, 0],
							"uv": {
								"north": {"uv": [18, 26], "uv_size": [0.5, 0.5]},
								"east": {"uv": [26, 18], "uv_size": [0.5, 0.5]},
								"south": {"uv": [19, 26], "uv_size": [0.5, 0.5]},
								"west": {"uv": [26, 19], "uv_size": [0.5, 0.5]},
								"up": {"uv": [20, 26], "uv_size": [0.5, 0.5]},
								"down": {"uv": [26, 20.5], "uv_size": [0.5, -0.5]}
							}
						},
						{
							"origin": [-0.5, -0.7058, -6.04061],
							"size": [0.15625, 0.47576, 0.79687],
							"uv": {
								"north": {"uv": [21, 26], "uv_size": [0.5, 0.5]},
								"east": {"uv": [24, 15], "uv_size": [1, 0.5]},
								"south": {"uv": [26, 21], "uv_size": [0.5, 0.5]},
								"west": {"uv": [16, 24], "uv_size": [1, 0.5]},
								"up": {"uv": [17, 24], "uv_size": [0.5, 1]},
								"down": {"uv": [18, 25], "uv_size": [0.5, -1]}
							}
						},
						{
							"origin": [-0.5, -0.23004, -6.04061],
							"size": [0.15625, 0.49505, 5.28125],
							"uv": {
								"north": {"uv": [22, 26], "uv_size": [0.5, 0.5]},
								"east": {"uv": [19, 2], "uv_size": [5.5, 0.5]},
								"south": {"uv": [26, 22], "uv_size": [0.5, 0.5]},
								"west": {"uv": [19, 3], "uv_size": [5.5, 0.5]},
								"up": {"uv": [10, 19], "uv_size": [0.5, 5.5]},
								"down": {"uv": [11, 24.5], "uv_size": [0.5, -5.5]}
							}
						},
						{
							"origin": [0.34375, -1.01335, -6.04061],
							"size": [0.15625, 0.30755, 5.28125],
							"uv": {
								"north": {"uv": [23, 26], "uv_size": [0.5, 0.5]},
								"east": {"uv": [19, 16], "uv_size": [5.5, 0.5]},
								"south": {"uv": [26, 23], "uv_size": [0.5, 0.5]},
								"west": {"uv": [19, 17], "uv_size": [5.5, 0.5]},
								"up": {"uv": [12, 19], "uv_size": [0.5, 5.5]},
								"down": {"uv": [13, 24.5], "uv_size": [0.5, -5.5]}
							}
						},
						{
							"origin": [0.35215, -0.34035, -5.06986],
							"size": [0.15625, 0.30755, 4.13863],
							"pivot": [0.0084, -0.11031, -2],
							"rotation": [0, 0, 22.5],
							"uv": {
								"north": {"uv": [24, 26], "uv_size": [0.5, 0.5]},
								"east": {"uv": [20, 4], "uv_size": [4, 0.5]},
								"south": {"uv": [26, 24], "uv_size": [0.5, 0.5]},
								"west": {"uv": [20, 5], "uv_size": [4, 0.5]},
								"up": {"uv": [3, 20], "uv_size": [0.5, 4]},
								"down": {"uv": [19, 24], "uv_size": [0.5, -4]}
							}
						},
						{
							"origin": [0.24081, -0.62693, -1.12593],
							"size": [0.15625, 0.37005, 0.29188],
							"pivot": [0.3353, -0.46792, -0.93777],
							"rotation": [-49.22878, 25.68645, 20.35591],
							"uv": {
								"north": {"uv": [25, 26], "uv_size": [0.5, 0.5]},
								"east": {"uv": [26, 25], "uv_size": [0.5, 0.5]},
								"south": {"uv": [26, 26], "uv_size": [0.5, 0.5]},
								"west": {"uv": [0, 27], "uv_size": [0.5, 0.5]},
								"up": {"uv": [27, 0], "uv_size": [0.5, 0.5]},
								"down": {"uv": [1, 27.5], "uv_size": [0.5, -0.5]}
							}
						},
						{
							"origin": [-0.39706, -0.67896, -1.12593],
							"size": [0.15625, 0.37005, 0.29188],
							"pivot": [-0.3353, -0.46792, -0.93777],
							"rotation": [49.22878, -25.68645, 20.35591],
							"uv": {
								"north": {"uv": [27, 1], "uv_size": [0.5, 0.5]},
								"east": {"uv": [2, 27], "uv_size": [0.5, 0.5]},
								"south": {"uv": [27, 2], "uv_size": [0.5, 0.5]},
								"west": {"uv": [3, 27], "uv_size": [0.5, 0.5]},
								"up": {"uv": [27, 3], "uv_size": [0.5, 0.5]},
								"down": {"uv": [4, 27.5], "uv_size": [0.5, -0.5]}
							}
						},
						{
							"origin": [-0.39706, -0.62693, -1.12593],
							"size": [0.15625, 0.37005, 0.29188],
							"pivot": [-0.3353, -0.46792, -0.93777],
							"rotation": [-49.22878, -25.68645, -20.35591],
							"uv": {
								"north": {"uv": [27, 4], "uv_size": [0.5, 0.5]},
								"east": {"uv": [5, 27], "uv_size": [0.5, 0.5]},
								"south": {"uv": [27, 5], "uv_size": [0.5, 0.5]},
								"west": {"uv": [6, 27], "uv_size": [0.5, 0.5]},
								"up": {"uv": [27, 6], "uv_size": [0.5, 0.5]},
								"down": {"uv": [7, 27.5], "uv_size": [0.5, -0.5]}
							}
						},
						{
							"origin": [0.24081, -0.67896, -5.18268],
							"size": [0.15625, 0.37005, 0.3075],
							"pivot": [0.3353, -0.46792, -5.06334],
							"rotation": [-49.22878, -25.68645, -20.35591],
							"uv": {
								"north": {"uv": [27, 7], "uv_size": [0.5, 0.5]},
								"east": {"uv": [8, 27], "uv_size": [0.5, 0.5]},
								"south": {"uv": [27, 8], "uv_size": [0.5, 0.5]},
								"west": {"uv": [9, 27], "uv_size": [0.5, 0.5]},
								"up": {"uv": [27, 9], "uv_size": [0.5, 0.5]},
								"down": {"uv": [10, 27.5], "uv_size": [0.5, -0.5]}
							}
						},
						{
							"origin": [0.24081, -0.62693, -5.18268],
							"size": [0.15625, 0.37005, 0.3075],
							"pivot": [0.3353, -0.46792, -5.06334],
							"rotation": [49.22878, -25.68645, 20.35591],
							"uv": {
								"north": {"uv": [27, 10], "uv_size": [0.5, 0.5]},
								"east": {"uv": [11, 27], "uv_size": [0.5, 0.5]},
								"south": {"uv": [27, 11], "uv_size": [0.5, 0.5]},
								"west": {"uv": [12, 27], "uv_size": [0.5, 0.5]},
								"up": {"uv": [27, 12], "uv_size": [0.5, 0.5]},
								"down": {"uv": [13, 27.5], "uv_size": [0.5, -0.5]}
							}
						},
						{
							"origin": [-0.39706, -0.67896, -5.16705],
							"size": [0.15625, 0.37005, 0.29187],
							"pivot": [-0.3353, -0.46792, -5.06334],
							"rotation": [-49.22878, 25.68645, 20.35591],
							"uv": {
								"north": {"uv": [27, 13], "uv_size": [0.5, 0.5]},
								"east": {"uv": [14, 27], "uv_size": [0.5, 0.5]},
								"south": {"uv": [27, 14], "uv_size": [0.5, 0.5]},
								"west": {"uv": [15, 27], "uv_size": [0.5, 0.5]},
								"up": {"uv": [27, 15], "uv_size": [0.5, 0.5]},
								"down": {"uv": [16, 27.5], "uv_size": [0.5, -0.5]}
							}
						},
						{
							"origin": [-0.39706, -0.62693, -5.16705],
							"size": [0.15625, 0.37005, 0.29188],
							"pivot": [-0.3353, -0.46792, -5.06334],
							"rotation": [49.22878, 25.68645, -20.35591],
							"uv": {
								"north": {"uv": [27, 16], "uv_size": [0.5, 0.5]},
								"east": {"uv": [17, 27], "uv_size": [0.5, 0.5]},
								"south": {"uv": [27, 17], "uv_size": [0.5, 0.5]},
								"west": {"uv": [18, 27], "uv_size": [0.5, 0.5]},
								"up": {"uv": [27, 18], "uv_size": [0.5, 0.5]},
								"down": {"uv": [19, 27.5], "uv_size": [0.5, -0.5]}
							}
						},
						{
							"origin": [0.24081, -0.67896, -1.12593],
							"size": [0.15625, 0.37005, 0.29188],
							"pivot": [0.3353, -0.46792, -0.93777],
							"rotation": [49.22878, 25.68645, -20.35591],
							"uv": {
								"north": {"uv": [27, 19], "uv_size": [0.5, 0.5]},
								"east": {"uv": [20, 27], "uv_size": [0.5, 0.5]},
								"south": {"uv": [27, 20], "uv_size": [0.5, 0.5]},
								"west": {"uv": [21, 27], "uv_size": [0.5, 0.5]},
								"up": {"uv": [27, 21], "uv_size": [0.5, 0.5]},
								"down": {"uv": [22, 27.5], "uv_size": [0.5, -0.5]}
							}
						},
						{
							"origin": [-0.5084, -0.90304, -5.07086],
							"size": [0.15625, 0.37005, 4.13963],
							"pivot": [-0.0084, -0.82553, -2],
							"rotation": [0, 0, 22.5],
							"uv": {
								"north": {"uv": [27, 22], "uv_size": [0.5, 0.5]},
								"east": {"uv": [20, 6], "uv_size": [4, 0.5]},
								"south": {"uv": [23, 27], "uv_size": [0.5, 0.5]},
								"west": {"uv": [20, 7], "uv_size": [4, 0.5]},
								"up": {"uv": [20, 20], "uv_size": [0.5, 4]},
								"down": {"uv": [4, 25], "uv_size": [0.5, -4]}
							}
						},
						{
							"origin": [-0.5084, -0.34035, -5.06986],
							"size": [0.15625, 0.30755, 4.13863],
							"pivot": [-0.0084, -0.11031, -2],
							"rotation": [0, 0, -22.5],
							"uv": {
								"north": {"uv": [27, 23], "uv_size": [0.5, 0.5]},
								"east": {"uv": [21, 9], "uv_size": [4, 0.5]},
								"south": {"uv": [24, 27], "uv_size": [0.5, 0.5]},
								"west": {"uv": [21, 10], "uv_size": [4, 0.5]},
								"up": {"uv": [5, 21], "uv_size": [0.5, 4]},
								"down": {"uv": [6, 25], "uv_size": [0.5, -4]}
							}
						},
						{
							"origin": [0.35215, -0.90304, -5.07086],
							"size": [0.15625, 0.37005, 4.13963],
							"pivot": [0.0084, -0.82553, -2],
							"rotation": [0, 0, -22.5],
							"uv": {
								"north": {"uv": [27, 24], "uv_size": [0.5, 0.5]},
								"east": {"uv": [21, 11], "uv_size": [4, 0.5]},
								"south": {"uv": [25, 27], "uv_size": [0.5, 0.5]},
								"west": {"uv": [21, 12], "uv_size": [4, 0.5]},
								"up": {"uv": [7, 21], "uv_size": [0.5, 4]},
								"down": {"uv": [14, 25], "uv_size": [0.5, -4]}
							}
						},
						{
							"origin": [-0.5, -1.01335, -6.04061],
							"size": [0.15625, 0.30755, 5.28125],
							"uv": {
								"north": {"uv": [27, 25], "uv_size": [0.5, 0.5]},
								"east": {"uv": [19, 18], "uv_size": [5.5, 0.5]},
								"south": {"uv": [26, 27], "uv_size": [0.5, 0.5]},
								"west": {"uv": [19, 19], "uv_size": [5.5, 0.5]},
								"up": {"uv": [15, 19], "uv_size": [0.5, 5.5]},
								"down": {"uv": [2, 25.5], "uv_size": [0.5, -5.5]}
							}
						}
					]
				},
				{
					"name": "sight_2_illuminated",
					"parent": "muzzle_silencer",
					"pivot": [-2, 0.69501, -0.38753],
					"cubes": [
						{
							"origin": [-0.04687, 0.65126, -0.44378],
							"size": [0.09375, 0.09375, 0.125],
							"inflate": 0.005,
							"pivot": [0, 0.69814, -0.38128],
							"rotation": [-7.10708, 7.05302, -135.43855],
							"uv": {
								"north": {"uv": [27, 26], "uv_size": [0.5, 0.5]},
								"east": {"uv": [27, 27], "uv_size": [0.5, 0.5]},
								"south": {"uv": [0, 28], "uv_size": [0.5, 0.5]},
								"west": {"uv": [28, 0], "uv_size": [0.5, 0.5]},
								"up": {"uv": [1, 28], "uv_size": [0.5, 0.5]},
								"down": {"uv": [28, 1.5], "uv_size": [0.5, -0.5]}
							}
						}
					]
				},
				{
					"name": "laser_illuminated",
					"parent": "muzzle_silencer",
					"pivot": [-2, -1.17187, -0.9375],
					"cubes": [
						{
							"origin": [-0.0625, -1.23125, -6.0675],
							"size": [0.125, 0.125, 0.25],
							"pivot": [0, -1.16875, -5.05625],
							"rotation": [0, 0, 45],
							"uv": {
								"north": {"uv": [2, 28], "uv_size": [0.5, 0.5]},
								"east": {"uv": [28, 2], "uv_size": [0.5, 0.5]},
								"south": {"uv": [3, 28], "uv_size": [0.5, 0.5]},
								"west": {"uv": [28, 3], "uv_size": [0.5, 0.5]},
								"up": {"uv": [4, 28], "uv_size": [0.5, 0.5]},
								"down": {"uv": [28, 4.5], "uv_size": [0.5, -0.5]}
							}
						}
					]
				},
				{
					"name": "laser_beam",
					"pivot": [0, -1.17186, -6.0625]
				}
			]
		}
	]
}