{
	"format_version": "1.12.0",
	"minecraft:geometry": [
		{
			"description": {
				"identifier": "geometry.sight_sro_dot - Converted",
				"texture_width": 16,
				"texture_height": 16,
				"visible_bounds_width": 7,
				"visible_bounds_height": 1.5,
				"visible_bounds_offset": [0, 0.25, 0]
			},
			"bones": [
				{
					"name": "scope_body",
					"pivot": [0, 0.275, 0.35],
					"cubes": [
						{
							"origin": [-0.68664, 0.42424, -1.76778],
							"size": [0.10611, 0.24969, 0.44844],
							"uv": {
								"north": {"uv": [4, 3], "uv_size": [0.5, 0.5]},
								"east": {"uv": [4, 4], "uv_size": [0.5, 0.5]},
								"south": {"uv": [0, 5], "uv_size": [0.5, 0.5]}
							}
						},
						{
							"origin": [-0.5832, 0.45288, -1.74281],
							"size": [0.07491, 0.09987, 0.42447],
							"uv": {
								"north": {"uv": [5, 0], "uv_size": [0.5, 0.5]},
								"south": {"uv": [1, 5], "uv_size": [0.5, 0.5]},
								"west": {"uv": [5, 1], "uv_size": [0.5, 0.5]}
							}
						},
						{
							"origin": [-0.6581, 0.28239, -1.76578],
							"size": [0.27465, 0.14981, 0.14781],
							"pivot": [-0.50829, 0.38226, -1.39325],
							"rotation": [0, 0, 45],
							"uv": {
								"north": {"uv": [2, 5], "uv_size": [0.5, 0.5]},
								"south": {"uv": [5, 2], "uv_size": [0.5, 0.5]},
								"up": {"uv": [3, 5], "uv_size": [0.5, 0.5]}
							}
						},
						{
							"origin": [-0.63875, 0.35042, -1.66791],
							"size": [0.10612, 0.14357, 0.34757],
							"pivot": [-0.57009, 0.44405, -1.53058],
							"rotation": [0, 0, 45],
							"uv": {
								"north": {"uv": [5, 3], "uv_size": [0.5, 0.5]},
								"south": {"uv": [4, 5], "uv_size": [0.5, 0.5]},
								"west": {"uv": [5, 4], "uv_size": [0.5, 0.5]}
							}
						},
						{
							"origin": [0.50828, 0.45288, -1.74281],
							"size": [0.07491, 0.09987, 0.42447],
							"uv": {
								"north": {"uv": [5, 5], "uv_size": [0.5, 0.5]},
								"east": {"uv": [0, 6], "uv_size": [0.5, 0.5]},
								"south": {"uv": [6, 0], "uv_size": [0.5, 0.5]}
							}
						},
						{
							"origin": [0.58052, 0.42424, -1.76778],
							"size": [0.10612, 0.24969, 0.44844],
							"uv": {
								"north": {"uv": [1, 6], "uv_size": [0.5, 0.5]},
								"south": {"uv": [6, 1], "uv_size": [0.5, 0.5]},
								"west": {"uv": [2, 6], "uv_size": [0.5, 0.5]}
							}
						},
						{
							"origin": [0.53263, 0.35042, -1.66791],
							"size": [0.10611, 0.14357, 0.34757],
							"pivot": [0.57008, 0.44405, -1.53058],
							"rotation": [0, 0, -45],
							"uv": {
								"north": {"uv": [6, 2], "uv_size": [0.5, 0.5]},
								"east": {"uv": [3, 6], "uv_size": [0.5, 0.5]},
								"south": {"uv": [6, 3], "uv_size": [0.5, 0.5]}
							}
						},
						{
							"origin": [0.38344, 0.28239, -1.76578],
							"size": [0.27466, 0.14981, 0.14781],
							"pivot": [0.50828, 0.38226, -1.39325],
							"rotation": [0, 0, -45],
							"uv": {
								"north": {"uv": [4, 6], "uv_size": [0.5, 0.5]},
								"south": {"uv": [6, 4], "uv_size": [0.5, 0.5]},
								"up": {"uv": [5, 6], "uv_size": [0.5, 0.5]}
							}
						},
						{
							"origin": [-0.66167, -0.00023, -1.76678],
							"size": [0.05617, 0.42447, 1.22247],
							"uv": {
								"north": {"uv": [6, 5], "uv_size": [0.5, 0.5]},
								"east": {"uv": [2, 2], "uv_size": [1, 0.5]},
								"west": {"uv": [0, 3], "uv_size": [1, 0.5]},
								"up": {"uv": [3, 0], "uv_size": [0.5, 1]},
								"down": {"uv": [1, 4], "uv_size": [0.5, -1]}
							}
						},
						{
							"origin": [0.60549, -0.00023, -1.76678],
							"size": [0.05618, 0.42447, 1.22247],
							"uv": {
								"north": {"uv": [6, 6], "uv_size": [0.5, 0.5]},
								"east": {"uv": [3, 1], "uv_size": [1, 0.5]},
								"west": {"uv": [2, 3], "uv_size": [1, 0.5]},
								"up": {"uv": [3, 2], "uv_size": [0.5, 1]},
								"down": {"uv": [3, 4], "uv_size": [0.5, -1]}
							}
						},
						{
							"origin": [0.63046, 0.14958, -1.49312],
							"size": [0.08115, 0.27466, 0.27465],
							"pivot": [0.67103, 0.32436, -1.39325],
							"rotation": [45, 0, 0],
							"uv": {
								"north": {"uv": [0, 7], "uv_size": [0.5, 0.5]},
								"east": {"uv": [7, 0], "uv_size": [0.5, 0.5]},
								"south": {"uv": [1, 7], "uv_size": [0.5, 0.5]},
								"west": {"uv": [7, 1], "uv_size": [0.5, 0.5]},
								"up": {"uv": [2, 7], "uv_size": [0.5, 0.5]},
								"down": {"uv": [7, 2.5], "uv_size": [0.5, -0.5]}
							}
						},
						{
							"origin": [-0.71161, 0.14958, -1.49312],
							"size": [0.08114, 0.27466, 0.27465],
							"pivot": [-0.67104, 0.32436, -1.39325],
							"rotation": [45, 0, 0],
							"uv": {
								"north": {"uv": [3, 7], "uv_size": [0.5, 0.5]},
								"east": {"uv": [7, 3], "uv_size": [0.5, 0.5]},
								"south": {"uv": [4, 7], "uv_size": [0.5, 0.5]},
								"west": {"uv": [7, 4], "uv_size": [0.5, 0.5]},
								"up": {"uv": [5, 7], "uv_size": [0.5, 0.5]},
								"down": {"uv": [7, 5.5], "uv_size": [0.5, -0.5]}
							}
						},
						{
							"origin": [-0.71161, 0.05595, -0.56928],
							"size": [0.08114, 0.22472, 0.22472],
							"pivot": [-0.67104, 0.20577, -0.49437],
							"rotation": [45, 0, 0],
							"uv": {
								"north": {"uv": [6, 7], "uv_size": [0.5, 0.5]},
								"east": {"uv": [7, 6], "uv_size": [0.5, 0.5]},
								"south": {"uv": [7, 7], "uv_size": [0.5, 0.5]},
								"west": {"uv": [0, 8], "uv_size": [0.5, 0.5]},
								"up": {"uv": [8, 0], "uv_size": [0.5, 0.5]},
								"down": {"uv": [1, 8.5], "uv_size": [0.5, -0.5]}
							}
						},
						{
							"origin": [0.60549, 0.10589, -0.51934],
							"size": [0.08115, 0.12484, 0.12484],
							"pivot": [0.64606, 0.20577, -0.49437],
							"rotation": [45, 0, 0],
							"uv": {
								"north": {"uv": [8, 1], "uv_size": [0.5, 0.5]},
								"east": {"uv": [2, 8], "uv_size": [0.5, 0.5]},
								"south": {"uv": [8, 2], "uv_size": [0.5, 0.5]},
								"west": {"uv": [3, 8], "uv_size": [0.5, 0.5]},
								"up": {"uv": [8, 3], "uv_size": [0.5, 0.5]},
								"down": {"uv": [4, 8.5], "uv_size": [0.5, -0.5]}
							}
						},
						{
							"origin": [-0.61174, -0.00023, -1.76778],
							"size": [1.22347, 0.34956, 1.22347],
							"uv": {
								"north": {"uv": [0, 4], "uv_size": [1, 0.5]},
								"up": {"uv": [0, 0], "uv_size": [1, 1]},
								"down": {"uv": [0, 2], "uv_size": [1, -1]}
							}
						},
						{
							"origin": [-0.51186, -0.00023, -0.16978],
							"size": [1.02372, 0.42447, 0.14981],
							"uv": {
								"south": {"uv": [4, 0], "uv_size": [1, 0.5]},
								"up": {"uv": [1, 4], "uv_size": [1, 0.5]},
								"down": {"uv": [4, 1.5], "uv_size": [1, -0.5]}
							}
						},
						{
							"origin": [-0.51656, 0.00077, -0.53885],
							"size": [0.21187, 0.42247, 0.1186],
							"pivot": [-0.89146, 0.27443, -0.47019],
							"rotation": [0, -45, 0],
							"uv": {
								"south": {"uv": [8, 4], "uv_size": [0.5, 0.5]},
								"up": {"uv": [5, 8], "uv_size": [0.5, 0.5]},
								"down": {"uv": [8, 5.5], "uv_size": [0.5, -0.5]}
							}
						},
						{
							"origin": [0.30468, 0.00077, -0.53885],
							"size": [0.21187, 0.42247, 0.1186],
							"pivot": [0.89145, 0.27443, -0.47019],
							"rotation": [0, 45, 0],
							"uv": {
								"south": {"uv": [6, 8], "uv_size": [0.5, 0.5]},
								"up": {"uv": [8, 6], "uv_size": [0.5, 0.5]},
								"down": {"uv": [7, 8.5], "uv_size": [0.5, -0.5]}
							}
						},
						{
							"origin": [-0.5146, 0.2994, -0.91962],
							"size": [0.15373, 0.12384, 0.0749],
							"pivot": [-0.89146, 0.27443, -0.89465],
							"rotation": [0, -45, 0],
							"uv": {
								"north": {"uv": [8, 7], "uv_size": [0.5, 0.5]},
								"up": {"uv": [8, 8], "uv_size": [0.5, 0.5]},
								"down": {"uv": [0, 9.5], "uv_size": [0.5, -0.5]}
							}
						},
						{
							"origin": [0.36087, 0.2994, -0.91962],
							"size": [0.15372, 0.12384, 0.0749],
							"pivot": [0.89145, 0.27443, -0.89465],
							"rotation": [0, 45, 0],
							"uv": {
								"north": {"uv": [9, 0], "uv_size": [0.5, 0.5]},
								"up": {"uv": [1, 9], "uv_size": [0.5, 0.5]},
								"down": {"uv": [9, 1.5], "uv_size": [0.5, -0.5]}
							}
						},
						{
							"origin": [-0.66167, -0.00023, -0.54431],
							"size": [1.32334, 0.42447, 0.37453],
							"uv": {
								"north": {"uv": [1, 0], "uv_size": [1.5, 0.5]},
								"east": {"uv": [2, 9], "uv_size": [0.5, 0.5]},
								"west": {"uv": [9, 2], "uv_size": [0.5, 0.5]},
								"up": {"uv": [1, 1], "uv_size": [1.5, 0.5]},
								"down": {"uv": [0, 2.5], "uv_size": [1.5, -0.5]}
							}
						},
						{
							"origin": [-0.02638, 0.39927, -0.794],
							"size": [0.29963, 0.07491, 0.29963],
							"pivot": [-0.38842, 0.26194, -0.60673],
							"rotation": [0, -45, 0],
							"uv": {
								"north": {"uv": [3, 9], "uv_size": [0.5, 0.5]},
								"east": {"uv": [9, 3], "uv_size": [0.5, 0.5]},
								"south": {"uv": [4, 9], "uv_size": [0.5, 0.5]},
								"west": {"uv": [9, 4], "uv_size": [0.5, 0.5]},
								"up": {"uv": [5, 9], "uv_size": [0.5, 0.5]},
								"down": {"uv": [9, 5.5], "uv_size": [0.5, -0.5]}
							}
						}
					]
				},
				{
					"name": "hexadecagon2",
					"parent": "scope_body",
					"pivot": [0, 0.275, 0.35],
					"cubes": [
						{
							"origin": [-0.31068, 0.34173, -2.04144],
							"size": [0.22322, 0.0799, 0.29763],
							"pivot": [-0.29894, 1.02837, -1.94256],
							"rotation": [0, 0, 22.5],
							"uv": {
								"north": {"uv": [6, 9], "uv_size": [0.5, 0.5]},
								"south": {"uv": [9, 6], "uv_size": [0.5, 0.5]},
								"down": {"uv": [7, 9.5], "uv_size": [0.5, -0.5]}
							}
						},
						{
							"origin": [-0.36632, 0.31307, -2.04244],
							"size": [0.73263, 0.0799, 0.29963],
							"uv": {
								"north": {"uv": [9, 7], "uv_size": [0.5, 0.5]},
								"south": {"uv": [8, 9], "uv_size": [0.5, 0.5]},
								"down": {"uv": [9, 8.5], "uv_size": [0.5, -0.5]}
							}
						},
						{
							"origin": [-0.42772, 0.39297, -2.04244],
							"size": [0.85543, 0.0749, 0.29963],
							"uv": {
								"north": {"uv": [2, 4], "uv_size": [1, 0.5]},
								"south": {"uv": [4, 2], "uv_size": [1, 0.5]},
								"up": {"uv": [3, 4], "uv_size": [1, 0.5]}
							}
						},
						{
							"origin": [-0.13658, 1.51862, -2.04244],
							"size": [0.27316, 0.0799, 0.7241],
							"pivot": [0, 0.91188, -1.94256],
							"rotation": [0, 0, 45],
							"uv": {
								"north": {"uv": [9, 9], "uv_size": [0.5, 0.5]},
								"south": {"uv": [0, 10], "uv_size": [0.5, 0.5]},
								"up": {"uv": [10, 0], "uv_size": [0.5, 0.5]},
								"down": {"uv": [1, 10.5], "uv_size": [0.5, -0.5]}
							}
						},
						{
							"origin": [-0.13658, 1.51862, -2.04144],
							"size": [0.27316, 0.0799, 0.7221],
							"pivot": [0, 0.91188, -1.94256],
							"rotation": [0, 0, 22.5],
							"uv": {
								"north": {"uv": [10, 1], "uv_size": [0.5, 0.5]},
								"south": {"uv": [2, 10], "uv_size": [0.5, 0.5]},
								"up": {"uv": [10, 2], "uv_size": [0.5, 0.5]},
								"down": {"uv": [3, 10.5], "uv_size": [0.5, -0.5]}
							}
						},
						{
							"origin": [-0.13658, 1.51862, -2.04244],
							"size": [0.27316, 0.0799, 0.7241],
							"uv": {
								"north": {"uv": [10, 3], "uv_size": [0.5, 0.5]},
								"south": {"uv": [4, 10], "uv_size": [0.5, 0.5]},
								"up": {"uv": [10, 4], "uv_size": [0.5, 0.5]},
								"down": {"uv": [5, 10.5], "uv_size": [0.5, -0.5]}
							}
						},
						{
							"origin": [-0.13658, 1.51862, -2.04144],
							"size": [0.27316, 0.0799, 0.7221],
							"pivot": [0, 0.91188, -1.94256],
							"rotation": [0, 0, -22.5],
							"uv": {
								"north": {"uv": [10, 5], "uv_size": [0.5, 0.5]},
								"south": {"uv": [6, 10], "uv_size": [0.5, 0.5]},
								"up": {"uv": [10, 6], "uv_size": [0.5, 0.5]},
								"down": {"uv": [7, 10.5], "uv_size": [0.5, -0.5]}
							}
						},
						{
							"origin": [-0.13658, 1.51862, -2.04244],
							"size": [0.27316, 0.0799, 0.7241],
							"pivot": [0, 0.91188, -1.94256],
							"rotation": [0, 0, -45],
							"uv": {
								"north": {"uv": [10, 7], "uv_size": [0.5, 0.5]},
								"south": {"uv": [8, 10], "uv_size": [0.5, 0.5]},
								"up": {"uv": [10, 8], "uv_size": [0.5, 0.5]},
								"down": {"uv": [9, 10.5], "uv_size": [0.5, -0.5]}
							}
						},
						{
							"origin": [-0.68664, 0.7753, -2.04144],
							"size": [0.0799, 0.27316, 0.7221],
							"pivot": [0, 0.91188, -1.94256],
							"rotation": [0, 0, 22.5],
							"uv": {
								"north": {"uv": [10, 9], "uv_size": [0.5, 0.5]},
								"east": {"uv": [10, 10], "uv_size": [0.5, 0.5]},
								"south": {"uv": [0, 11], "uv_size": [0.5, 0.5]},
								"west": {"uv": [11, 0], "uv_size": [0.5, 0.5]}
							}
						},
						{
							"origin": [-0.68664, 0.67393, -2.04244],
							"size": [0.0799, 0.37453, 0.7241],
							"uv": {
								"north": {"uv": [1, 11], "uv_size": [0.5, 0.5]},
								"east": {"uv": [11, 1], "uv_size": [0.5, 0.5]},
								"west": {"uv": [2, 11], "uv_size": [0.5, 0.5]}
							}
						},
						{
							"origin": [-0.68664, -0.00023, -1.76678],
							"size": [0.02497, 0.42585, 0.70643],
							"uv": {
								"north": {"uv": [11, 2], "uv_size": [0.5, 0.5]},
								"east": {"uv": [3, 11], "uv_size": [0.5, 0.5]},
								"south": {"uv": [11, 3], "uv_size": [0.5, 0.5]},
								"west": {"uv": [4, 11], "uv_size": [0.5, 0.5]},
								"down": {"uv": [11, 4.5], "uv_size": [0.5, -0.5]}
							}
						},
						{
							"origin": [-0.68564, 0.20239, -1.50276],
							"size": [0.0779, 0.67416, 0.22472],
							"pivot": [-0.64669, 0.86119, -1.73033],
							"rotation": [22.5, 0, 0],
							"uv": {
								"north": {"uv": [5, 11], "uv_size": [0.5, 0.5]},
								"east": {"uv": [11, 5], "uv_size": [0.5, 0.5]},
								"south": {"uv": [6, 11], "uv_size": [0.5, 0.5]},
								"west": {"uv": [11, 6], "uv_size": [0.5, 0.5]}
							}
						},
						{
							"origin": [-0.66067, 0.65276, -1.29991],
							"size": [0.05193, 0.14981, 0.52434],
							"pivot": [-0.64669, 0.67773, -1.29991],
							"rotation": [-45, 0, 0],
							"uv": {
								"east": {"uv": [7, 11], "uv_size": [0.5, 0.5]},
								"west": {"uv": [11, 7], "uv_size": [0.5, 0.5]},
								"up": {"uv": [8, 11], "uv_size": [0.5, 0.5]}
							}
						},
						{
							"origin": [-0.65967, 0.51151, -1.08804],
							"size": [0.04993, 0.09988, 0.4744],
							"pivot": [-0.64669, 0.53648, -1.08804],
							"rotation": [-22.5, 0, 0],
							"uv": {
								"east": {"uv": [11, 8], "uv_size": [0.5, 0.5]},
								"west": {"uv": [9, 11], "uv_size": [0.5, 0.5]},
								"up": {"uv": [11, 9], "uv_size": [0.5, 0.5]}
							}
						},
						{
							"origin": [0.66167, -0.00023, -1.76678],
							"size": [0.02497, 0.42585, 0.70643],
							"uv": {
								"north": {"uv": [10, 11], "uv_size": [0.5, 0.5]},
								"east": {"uv": [11, 10], "uv_size": [0.5, 0.5]},
								"south": {"uv": [11, 11], "uv_size": [0.5, 0.5]},
								"west": {"uv": [0, 12], "uv_size": [0.5, 0.5]},
								"down": {"uv": [12, 0.5], "uv_size": [0.5, -0.5]}
							}
						},
						{
							"origin": [0.60774, 0.20239, -1.50276],
							"size": [0.0779, 0.67416, 0.22472],
							"pivot": [0.64669, 0.86119, -1.73033],
							"rotation": [22.5, 0, 0],
							"uv": {
								"north": {"uv": [1, 12], "uv_size": [0.5, 0.5]},
								"east": {"uv": [12, 1], "uv_size": [0.5, 0.5]},
								"south": {"uv": [2, 12], "uv_size": [0.5, 0.5]},
								"west": {"uv": [12, 2], "uv_size": [0.5, 0.5]}
							}
						},
						{
							"origin": [0.60874, 0.65276, -1.29991],
							"size": [0.05193, 0.14981, 0.52434],
							"pivot": [0.64669, 0.67773, -1.29991],
							"rotation": [-45, 0, 0],
							"uv": {
								"east": {"uv": [3, 12], "uv_size": [0.5, 0.5]},
								"west": {"uv": [12, 3], "uv_size": [0.5, 0.5]},
								"up": {"uv": [4, 12], "uv_size": [0.5, 0.5]}
							}
						},
						{
							"origin": [0.60974, 0.51151, -1.08804],
							"size": [0.04993, 0.09988, 0.4744],
							"pivot": [0.64669, 0.53648, -1.08804],
							"rotation": [-22.5, 0, 0],
							"uv": {
								"east": {"uv": [12, 4], "uv_size": [0.5, 0.5]},
								"west": {"uv": [5, 12], "uv_size": [0.5, 0.5]},
								"up": {"uv": [12, 5], "uv_size": [0.5, 0.5]}
							}
						},
						{
							"origin": [-0.68664, 0.64896, -2.04044],
							"size": [0.0799, 0.29813, 0.29763],
							"pivot": [0, 0.81051, -1.94256],
							"rotation": [0, 0, -22.5],
							"uv": {
								"north": {"uv": [6, 12], "uv_size": [0.5, 0.5]},
								"east": {"uv": [12, 6], "uv_size": [0.5, 0.5]},
								"south": {"uv": [7, 12], "uv_size": [0.5, 0.5]}
							}
						},
						{
							"origin": [0.08745, 0.34173, -2.04144],
							"size": [0.22323, 0.0799, 0.29763],
							"pivot": [0.29894, 1.02837, -1.94256],
							"rotation": [0, 0, -22.5],
							"uv": {
								"north": {"uv": [12, 7], "uv_size": [0.5, 0.5]},
								"south": {"uv": [8, 12], "uv_size": [0.5, 0.5]},
								"down": {"uv": [12, 8.5], "uv_size": [0.5, -0.5]}
							}
						},
						{
							"origin": [0.60674, 0.64896, -2.04044],
							"size": [0.0799, 0.29813, 0.29763],
							"pivot": [0, 0.81051, -1.94256],
							"rotation": [0, 0, 22.5],
							"uv": {
								"north": {"uv": [9, 12], "uv_size": [0.5, 0.5]},
								"south": {"uv": [12, 9], "uv_size": [0.5, 0.5]},
								"west": {"uv": [10, 12], "uv_size": [0.5, 0.5]}
							}
						},
						{
							"origin": [0.60674, 0.67393, -2.04244],
							"size": [0.0799, 0.37453, 0.7241],
							"uv": {
								"north": {"uv": [12, 10], "uv_size": [0.5, 0.5]},
								"east": {"uv": [11, 12], "uv_size": [0.5, 0.5]},
								"west": {"uv": [12, 11], "uv_size": [0.5, 0.5]}
							}
						},
						{
							"origin": [0.60674, 0.7753, -2.04144],
							"size": [0.0799, 0.27316, 0.7221],
							"pivot": [0, 0.91188, -1.94256],
							"rotation": [0, 0, -22.5],
							"uv": {
								"north": {"uv": [12, 12], "uv_size": [0.5, 0.5]},
								"east": {"uv": [0, 13], "uv_size": [0.5, 0.5]},
								"south": {"uv": [13, 0], "uv_size": [0.5, 0.5]},
								"west": {"uv": [1, 13], "uv_size": [0.5, 0.5]}
							}
						}
					]
				},
				{
					"name": "hexadecagon",
					"parent": "scope_body",
					"pivot": [0, 0.275, 0.35],
					"cubes": [
						{
							"origin": [-0.13658, 0.22449, -2.03844],
							"size": [0.22946, 0.0799, 0.29363],
							"pivot": [0, 0.91113, -1.94256],
							"rotation": [0, 0, 45],
							"uv": {
								"north": {"uv": [13, 1], "uv_size": [0.5, 0.5]},
								"south": {"uv": [2, 13], "uv_size": [0.5, 0.5]},
								"up": {"uv": [13, 2], "uv_size": [0.5, 0.5]}
							}
						},
						{
							"origin": [-0.6804, 0.77455, -2.03944],
							"size": [0.07366, 0.27316, 0.7191],
							"pivot": [0, 0.91113, -1.94256],
							"rotation": [0, 0, -22.5],
							"uv": {
								"north": {"uv": [3, 13], "uv_size": [0.5, 0.5]},
								"south": {"uv": [13, 3], "uv_size": [0.5, 0.5]},
								"west": {"uv": [4, 13], "uv_size": [0.5, 0.5]}
							}
						},
						{
							"origin": [-0.09289, 0.22449, -2.03844],
							"size": [0.22947, 0.0799, 0.29363],
							"pivot": [0, 0.91113, -1.94256],
							"rotation": [0, 0, -45],
							"uv": {
								"north": {"uv": [13, 4], "uv_size": [0.5, 0.5]},
								"south": {"uv": [5, 13], "uv_size": [0.5, 0.5]},
								"up": {"uv": [13, 5], "uv_size": [0.5, 0.5]}
							}
						},
						{
							"origin": [0.60674, 0.77455, -2.03944],
							"size": [0.07365, 0.27316, 0.7191],
							"pivot": [0, 0.91113, -1.94256],
							"rotation": [0, 0, 22.5],
							"uv": {
								"north": {"uv": [6, 13], "uv_size": [0.5, 0.5]},
								"east": {"uv": [13, 6], "uv_size": [0.5, 0.5]},
								"south": {"uv": [7, 13], "uv_size": [0.5, 0.5]}
							}
						}
					]
				},
				{
					"name": "division",
					"pivot": [0, 1, -61]
				},
				{
					"name": "division_illuminated",
					"parent": "division",
					"pivot": [0, 1, -61],
					"cubes": [
						{
							"origin": [-0.1375, 0.8125, -61.2625],
							"size": [0.275, 0.275, 0.0125],
							"pivot": [0, 0.95, -61.35],
							"rotation": [0, 0, 45],
							"uv": {
								"south": {"uv": [13, 7], "uv_size": [0.5, 0.5]}
							}
						}
					]
				},
				{
					"name": "ocular",
					"pivot": [0, 1, -0.725],
					"cubes": [
						{
							"origin": [-0.50138, 0.34927, -1.744],
							"size": [0.99963, 1.02491, 0.02463],
							"uv": {
								"south": {"uv": [13, 8], "uv_size": [0.5, 0.5]}
							}
						},
						{
							"origin": [-0.17638, 1.34927, -1.744],
							"size": [0.37463, 0.22491, 0.02363],
							"uv": {
								"south": {"uv": [13, 8], "uv_size": [0.5, 0.5]}
							}
						},
						{
							"origin": [0.47362, 0.34927, -1.744],
							"size": [0.14963, 0.84991, 0.02363],
							"uv": {
								"south": {"uv": [13, 8], "uv_size": [0.5, 0.5]}
							}
						},
						{
							"origin": [-0.62638, 0.34927, -1.744],
							"size": [0.14963, 0.84991, 0.02363],
							"uv": {
								"south": {"uv": [13, 8], "uv_size": [0.5, 0.5]}
							}
						},
						{
							"origin": [-0.62638, 1.42427, -1.744],
							"size": [0.52463, 0.22491, 0.02263],
							"pivot": [-0.38842, 0.26194, -0.60673],
							"rotation": [0, 0, 32.5],
							"uv": {
								"south": {"uv": [13, 8], "uv_size": [0.5, 0.5]}
							}
						},
						{
							"origin": [0.09862, 0.87427, -1.744],
							"size": [0.52463, 0.22491, 0.02263],
							"pivot": [-0.38842, 0.26194, -0.60673],
							"rotation": [0, 0, -42.5],
							"uv": {
								"south": {"uv": [13, 8], "uv_size": [0.5, 0.5]}
							}
						}
					]
				},
				{
					"name": "scope_view",
					"pivot": [0, 1, 10]
				}
			]
		}
	]
}