{
	"format_version": "1.12.0",
	"minecraft:geometry": [
		{
			"description": {
				"identifier": "geometry.unknown",
				"texture_width": 32,
				"texture_height": 32,
				"visible_bounds_width": 8,
				"visible_bounds_height": 1.5,
				"visible_bounds_offset": [0, 0.25, 0]
			},
			"bones": [
				{
					"name": "scope_body",
					"pivot": [0, -0.125, 0]
				},
				{
					"name": "bb_main",
					"parent": "scope_body",
					"pivot": [0, 0, 0],
					"cubes": [
						{
							"origin": [-0.625, 0.125, -1.25],
							"size": [1.25, 0.75, 0.5625],
							"inflate": 0.002,
							"uv": {
								"west": {"uv": [2, 11], "uv_size": [0.5625, 0.75]}
							}
						}
					]
				},
				{
					"name": "main",
					"parent": "scope_body",
					"pivot": [-2, -1, 0],
					"cubes": [
						{
							"origin": [0.5, 0, -2],
							"size": [0.125, 1, 2],
							"uv": {
								"north": {"uv": [2, 15], "uv_size": [0.125, 1]},
								"east": {"uv": [0, 0], "uv_size": [2, 1]},
								"south": {"uv": [15, 2], "uv_size": [0.125, 1]},
								"west": {"uv": [0, 2], "uv_size": [2, 1]}
							}
						},
						{
							"origin": [-0.6855, 0.52145, -0.5625],
							"size": [0.0605, 0.20711, 0.1875],
							"pivot": [-0.65625, 0.625, -0.3125],
							"rotation": [135, 0, 0],
							"uv": {
								"north": {"uv": [28, 18], "uv_size": [0.0625, 0.21875]},
								"east": {"uv": [18, 16], "uv_size": [0.1875, 0.21875]},
								"south": {"uv": [20, 28], "uv_size": [0.0625, 0.21875]}
							}
						},
						{
							"origin": [-0.6865, 0.6875, -0.41605],
							"size": [0.0615, 0.1875, 0.20711],
							"pivot": [-0.65625, 0.625, -0.3125],
							"rotation": [180, 0, 0],
							"uv": {
								"east": {"uv": [18, 18], "uv_size": [0.21875, 0.1875]},
								"up": {"uv": [28, 20], "uv_size": [0.0625, 0.21875]},
								"down": {"uv": [22, 28.21875], "uv_size": [0.0625, -0.21875]}
							}
						},
						{
							"origin": [-0.6855, 0.6875, -0.41605],
							"size": [0.0605, 0.1875, 0.20711],
							"pivot": [-0.65625, 0.625, -0.3125],
							"rotation": [135, 0, 0],
							"uv": {
								"east": {"uv": [2, 19], "uv_size": [0.21875, 0.1875]},
								"up": {"uv": [28, 22], "uv_size": [0.0625, 0.21875]},
								"down": {"uv": [24, 28.21875], "uv_size": [0.0625, -0.21875]}
							}
						},
						{
							"origin": [-0.6875, 0.52145, -0.25],
							"size": [0.0625, 0.20711, 0.1875],
							"pivot": [-0.65625, 0.625, -0.3125],
							"rotation": [180, 0, 0],
							"uv": {
								"north": {"uv": [28, 24], "uv_size": [0.0625, 0.21875]},
								"east": {"uv": [19, 2], "uv_size": [0.1875, 0.21875]},
								"south": {"uv": [26, 28], "uv_size": [0.0625, 0.21875]}
							}
						},
						{
							"origin": [-0.6865, 0.6875, -0.41605],
							"size": [0.0615, 0.1875, 0.20711],
							"uv": {
								"east": {"uv": [19, 4], "uv_size": [0.21875, 0.1875]},
								"up": {"uv": [28, 26], "uv_size": [0.0625, 0.21875]},
								"down": {"uv": [28, 28.21875], "uv_size": [0.0625, -0.21875]}
							}
						},
						{
							"origin": [-0.6855, 0.6875, -0.41605],
							"size": [0.0605, 0.1875, 0.20711],
							"pivot": [-0.65625, 0.625, -0.3125],
							"rotation": [-45, 0, 0],
							"uv": {
								"east": {"uv": [19, 8], "uv_size": [0.21875, 0.1875]},
								"up": {"uv": [2, 29], "uv_size": [0.0625, 0.21875]},
								"down": {"uv": [29, 2.21875], "uv_size": [0.0625, -0.21875]}
							}
						},
						{
							"origin": [-0.6875, 0.52145, -0.25],
							"size": [0.0625, 0.20711, 0.1875],
							"uv": {
								"north": {"uv": [29, 4], "uv_size": [0.0625, 0.21875]},
								"east": {"uv": [19, 10], "uv_size": [0.1875, 0.21875]},
								"south": {"uv": [29, 8], "uv_size": [0.0625, 0.21875]}
							}
						},
						{
							"origin": [-0.6855, 0.52145, -0.5625],
							"size": [0.0605, 0.20711, 0.1875],
							"pivot": [-0.65625, 0.625, -0.3125],
							"rotation": [-45, 0, 0],
							"uv": {
								"north": {"uv": [29, 10], "uv_size": [0.0625, 0.21875]},
								"east": {"uv": [19, 12], "uv_size": [0.1875, 0.21875]},
								"south": {"uv": [29, 12], "uv_size": [0.0625, 0.21875]}
							}
						},
						{
							"origin": [0.53125, 0.1875, -1.3125],
							"size": [0.125, 0.625, 0.0625],
							"uv": {
								"north": {"uv": [4, 16], "uv_size": [0.125, 0.625]},
								"east": {"uv": [14, 20], "uv_size": [0.0625, 0.625]},
								"south": {"uv": [6, 16], "uv_size": [0.125, 0.625]},
								"west": {"uv": [20, 14], "uv_size": [0.0625, 0.625]}
							}
						},
						{
							"origin": [0.53125, 0.1875, -0.6875],
							"size": [0.125, 0.625, 0.0625],
							"uv": {
								"north": {"uv": [16, 6], "uv_size": [0.125, 0.625]},
								"east": {"uv": [16, 20], "uv_size": [0.0625, 0.625]},
								"south": {"uv": [8, 16], "uv_size": [0.125, 0.625]},
								"west": {"uv": [20, 16], "uv_size": [0.0625, 0.625]}
							}
						},
						{
							"origin": [0.53125, 0.875, -1.1875],
							"size": [0.125, 0.0625, 0.4375],
							"uv": {
								"east": {"uv": [16, 24], "uv_size": [0.4375, 0.0625]},
								"west": {"uv": [24, 16], "uv_size": [0.4375, 0.0625]},
								"up": {"uv": [18, 0], "uv_size": [0.125, 0.4375]},
								"down": {"uv": [4, 18.4375], "uv_size": [0.125, -0.4375]}
							}
						},
						{
							"origin": [0.53125, 0.46875, -1.25],
							"size": [0.125, 0.0625, 0.5625],
							"uv": {
								"east": {"uv": [21, 12], "uv_size": [0.5625, 0.0625]},
								"west": {"uv": [0, 22], "uv_size": [0.5625, 0.0625]},
								"up": {"uv": [10, 16], "uv_size": [0.125, 0.5625]},
								"down": {"uv": [12, 16.5625], "uv_size": [0.125, -0.5625]}
							}
						},
						{
							"origin": [0.53125, 0.28125, -1.09375],
							"size": [0.125, 0.0625, 0.25],
							"uv": {
								"north": {"uv": [22, 30], "uv_size": [0.125, 0.0625]},
								"south": {"uv": [30, 22], "uv_size": [0.125, 0.0625]},
								"west": {"uv": [10, 28], "uv_size": [0.25, 0.0625]},
								"up": {"uv": [8, 22], "uv_size": [0.125, 0.25]},
								"down": {"uv": [10, 22.25], "uv_size": [0.125, -0.25]}
							}
						},
						{
							"origin": [0.53125, 0.65625, -1.09375],
							"size": [0.125, 0.0625, 0.25],
							"uv": {
								"north": {"uv": [24, 30], "uv_size": [0.125, 0.0625]},
								"south": {"uv": [30, 24], "uv_size": [0.125, 0.0625]},
								"west": {"uv": [12, 28], "uv_size": [0.25, 0.0625]},
								"up": {"uv": [12, 22], "uv_size": [0.125, 0.25]},
								"down": {"uv": [14, 22.25], "uv_size": [0.125, -0.25]}
							}
						},
						{
							"origin": [0.53125, 0.625, -1.125],
							"size": [0.124, 0.0625, 0.25],
							"pivot": [0.59375, 0.65625, -0.96875],
							"rotation": [-90, 0, 0],
							"uv": {
								"north": {"uv": [26, 30], "uv_size": [0.125, 0.0625]},
								"south": {"uv": [30, 26], "uv_size": [0.125, 0.0625]},
								"west": {"uv": [14, 28], "uv_size": [0.25, 0.0625]},
								"up": {"uv": [22, 14], "uv_size": [0.125, 0.25]},
								"down": {"uv": [16, 22.25], "uv_size": [0.125, -0.25]}
							}
						},
						{
							"origin": [0.53125, 0.73863, -0.85826],
							"size": [0.124, 0.0625, 0.17678],
							"pivot": [0.59375, 0.73863, -0.63951],
							"rotation": [-45, 0, 0],
							"uv": {
								"east": {"uv": [0, 30], "uv_size": [0.1875, 0.0625]},
								"west": {"uv": [30, 0], "uv_size": [0.1875, 0.0625]},
								"up": {"uv": [8, 26], "uv_size": [0.125, 0.1875]},
								"down": {"uv": [10, 26.1875], "uv_size": [0.125, -0.1875]}
							}
						},
						{
							"origin": [0.53125, 0.92299, -1.33238],
							"size": [0.124, 0.0625, 0.17678],
							"pivot": [0.59375, 0.92299, -1.11363],
							"rotation": [45, 0, 0],
							"uv": {
								"east": {"uv": [4, 30], "uv_size": [0.1875, 0.0625]},
								"west": {"uv": [6, 30], "uv_size": [0.1875, 0.0625]},
								"up": {"uv": [12, 26], "uv_size": [0.125, 0.1875]},
								"down": {"uv": [14, 26.1875], "uv_size": [0.125, -0.1875]}
							}
						},
						{
							"origin": [0.53125, 0.01451, -1.33238],
							"size": [0.124, 0.0625, 0.17678],
							"pivot": [0.59375, 0.07701, -1.11363],
							"rotation": [-45, 0, 0],
							"uv": {
								"east": {"uv": [30, 6], "uv_size": [0.1875, 0.0625]},
								"west": {"uv": [8, 30], "uv_size": [0.1875, 0.0625]},
								"up": {"uv": [26, 14], "uv_size": [0.125, 0.1875]},
								"down": {"uv": [16, 26.1875], "uv_size": [0.125, -0.1875]}
							}
						},
						{
							"origin": [0.53125, 0.19887, -0.85826],
							"size": [0.124, 0.0625, 0.17678],
							"pivot": [0.59375, 0.26137, -0.63951],
							"rotation": [45, 0, 0],
							"uv": {
								"east": {"uv": [10, 30], "uv_size": [0.1875, 0.0625]},
								"west": {"uv": [12, 30], "uv_size": [0.1875, 0.0625]},
								"up": {"uv": [26, 16], "uv_size": [0.125, 0.1875]},
								"down": {"uv": [18, 26.1875], "uv_size": [0.125, -0.1875]}
							}
						},
						{
							"origin": [0.53125, 0.0625, -1.1875],
							"size": [0.125, 0.0625, 0.4375],
							"uv": {
								"east": {"uv": [18, 24], "uv_size": [0.4375, 0.0625]},
								"west": {"uv": [24, 18], "uv_size": [0.4375, 0.0625]},
								"up": {"uv": [6, 18], "uv_size": [0.125, 0.4375]},
								"down": {"uv": [18, 6.4375], "uv_size": [0.125, -0.4375]}
							}
						},
						{
							"origin": [-0.625, 0, -2],
							"size": [0.125, 1, 2],
							"uv": {
								"north": {"uv": [15, 4], "uv_size": [0.125, 1]},
								"east": {"uv": [3, 0], "uv_size": [2, 1]},
								"south": {"uv": [15, 8], "uv_size": [0.125, 1]},
								"west": {"uv": [3, 2], "uv_size": [2, 1]}
							}
						},
						{
							"origin": [-0.6875, 0, -0.8125],
							"size": [0.125, 0.25, 0.25],
							"pivot": [-0.625, 0.125, -0.6875],
							"rotation": [45, 0, 0],
							"uv": {
								"north": {"uv": [22, 16], "uv_size": [0.125, 0.25]},
								"east": {"uv": [14, 16], "uv_size": [0.25, 0.25]},
								"south": {"uv": [18, 22], "uv_size": [0.125, 0.25]},
								"up": {"uv": [22, 18], "uv_size": [0.125, 0.25]},
								"down": {"uv": [20, 22.25], "uv_size": [0.125, -0.25]}
							}
						},
						{
							"origin": [-0.5, 0, -2],
							"size": [1, 0.125, 2],
							"uv": {
								"north": {"uv": [15, 10], "uv_size": [1, 0.125]},
								"south": {"uv": [15, 12], "uv_size": [1, 0.125]},
								"up": {"uv": [0, 4], "uv_size": [1, 2]},
								"down": {"uv": [2, 6], "uv_size": [1, -2]}
							}
						},
						{
							"origin": [-0.625, -0.125, -2],
							"size": [0.25, 0.125, 2],
							"uv": {
								"north": {"uv": [22, 20], "uv_size": [0.25, 0.125]},
								"east": {"uv": [11, 6], "uv_size": [2, 0.125]},
								"south": {"uv": [22, 22], "uv_size": [0.25, 0.125]},
								"down": {"uv": [6, 11], "uv_size": [0.25, -2]}
							}
						},
						{
							"origin": [0.375, -0.125, -2],
							"size": [0.25, 0.125, 2],
							"uv": {
								"north": {"uv": [2, 23], "uv_size": [0.25, 0.125]},
								"south": {"uv": [23, 2], "uv_size": [0.25, 0.125]},
								"west": {"uv": [6, 12], "uv_size": [2, 0.125]},
								"down": {"uv": [9, 8], "uv_size": [0.25, -2]}
							}
						},
						{
							"origin": [0.26831, -0.05492, -1.999],
							"size": [0.1875, 0.125, 1.998],
							"pivot": [0.33081, 0.00758, -1],
							"rotation": [0, 0, 45],
							"uv": {
								"north": {"uv": [26, 18], "uv_size": [0.1875, 0.125]},
								"south": {"uv": [20, 26], "uv_size": [0.1875, 0.125]},
								"down": {"uv": [11, 5], "uv_size": [0.1875, -2]}
							}
						},
						{
							"origin": [-0.45581, -0.05492, -1.999],
							"size": [0.1875, 0.125, 1.998],
							"pivot": [-0.33081, 0.00758, -1],
							"rotation": [0, 0, -45],
							"uv": {
								"north": {"uv": [26, 20], "uv_size": [0.1875, 0.125]},
								"south": {"uv": [22, 26], "uv_size": [0.1875, 0.125]},
								"down": {"uv": [4, 13], "uv_size": [0.1875, -2]}
							}
						},
						{
							"origin": [-0.5, 0.125, -1.9375],
							"size": [1, 0.0625, 1.875],
							"uv": {
								"north": {"uv": [16, 14], "uv_size": [1, 0.0625]},
								"south": {"uv": [16, 16], "uv_size": [1, 0.0625]},
								"up": {"uv": [4, 4], "uv_size": [1, 1.875]}
							}
						},
						{
							"origin": [-0.5, 0.9375, -1.9375],
							"size": [1, 0.0625, 1.875],
							"uv": {
								"north": {"uv": [2, 17], "uv_size": [1, 0.0625]},
								"south": {"uv": [17, 2], "uv_size": [1, 0.0625]},
								"down": {"uv": [6, 1.875], "uv_size": [1, -1.875]}
							}
						},
						{
							"origin": [0.4375, 0.1875, -1.9375],
							"size": [0.0625, 0.75, 1.875],
							"uv": {
								"north": {"uv": [12, 18], "uv_size": [0.0625, 0.75]},
								"east": {"uv": [0, 7], "uv_size": [1.875, 0.75]},
								"south": {"uv": [14, 18], "uv_size": [0.0625, 0.75]}
							}
						},
						{
							"origin": [0.4375, 0.64163, -1.9365],
							"size": [0.125, 0.124, 1.873],
							"pivot": [0.1875, 0.75, -1],
							"rotation": [0, 0, -45],
							"uv": {
								"north": {"uv": [28, 14], "uv_size": [0.125, 0.125]},
								"east": {"uv": [12, 8], "uv_size": [1.875, 0.125]},
								"south": {"uv": [16, 28], "uv_size": [0.125, 0.125]}
							}
						},
						{
							"origin": [-0.5625, 0.64163, -1.9365],
							"size": [0.125, 0.124, 1.873],
							"pivot": [-0.1875, 0.75, -1],
							"rotation": [0, 0, 45],
							"uv": {
								"north": {"uv": [28, 16], "uv_size": [0.125, 0.125]},
								"south": {"uv": [18, 28], "uv_size": [0.125, 0.125]},
								"west": {"uv": [9, 12], "uv_size": [1.875, 0.125]}
							}
						},
						{
							"origin": [0.28347, 0.10815, -1.9365],
							"size": [0.25, 0.124, 1.873],
							"pivot": [0.40847, 0.16965, -1],
							"rotation": [0, 0, -22.5],
							"uv": {
								"north": {"uv": [23, 4], "uv_size": [0.25, 0.125]},
								"south": {"uv": [23, 8], "uv_size": [0.25, 0.125]},
								"up": {"uv": [0, 11], "uv_size": [0.25, 1.875]}
							}
						},
						{
							"origin": [-0.53347, 0.10815, -1.9365],
							"size": [0.25, 0.124, 1.873],
							"pivot": [-0.40847, 0.16965, -1],
							"rotation": [0, 0, 22.5],
							"uv": {
								"north": {"uv": [23, 10], "uv_size": [0.25, 0.125]},
								"south": {"uv": [23, 12], "uv_size": [0.25, 0.125]},
								"up": {"uv": [11, 0], "uv_size": [0.25, 1.875]}
							}
						},
						{
							"origin": [0.34597, 0.04565, -1.999],
							"size": [0.25, 0.124, 1.998],
							"pivot": [0.47097, 0.10715, -1],
							"rotation": [0, 0, -22.5],
							"uv": {
								"north": {"uv": [0, 24], "uv_size": [0.25, 0.125]},
								"south": {"uv": [24, 0], "uv_size": [0.25, 0.125]},
								"up": {"uv": [8, 9], "uv_size": [0.25, 2]}
							}
						},
						{
							"origin": [-0.59597, 0.04565, -1.999],
							"size": [0.25, 0.124, 1.998],
							"pivot": [-0.47097, 0.10715, -1],
							"rotation": [0, 0, 22.5],
							"uv": {
								"north": {"uv": [4, 24], "uv_size": [0.25, 0.125]},
								"south": {"uv": [6, 24], "uv_size": [0.25, 0.125]},
								"up": {"uv": [10, 9], "uv_size": [0.25, 2]}
							}
						},
						{
							"origin": [-0.5, 0.1875, -1.9375],
							"size": [0.0625, 0.75, 1.875],
							"uv": {
								"north": {"uv": [18, 14], "uv_size": [0.0625, 0.75]},
								"south": {"uv": [16, 18], "uv_size": [0.0625, 0.75]},
								"west": {"uv": [3, 7], "uv_size": [1.875, 0.75]}
							}
						},
						{
							"origin": [-0.625, 1, -2],
							"size": [1.25, 0.16233, 1.26778],
							"uv": {
								"north": {"uv": [13, 0], "uv_size": [1.25, 0.15625]},
								"east": {"uv": [12, 10], "uv_size": [1.28125, 0.15625]},
								"west": {"uv": [12, 12], "uv_size": [1.28125, 0.15625]},
								"up": {"uv": [6, 3], "uv_size": [1.25, 1.28125]},
								"down": {"uv": [6, 7.28125], "uv_size": [1.25, -1.28125]}
							}
						},
						{
							"origin": [-0.38657, 1.16233, -2],
							"size": [0.77314, 0.07518, 0.76778],
							"uv": {
								"north": {"uv": [8, 18], "uv_size": [0.78125, 0.0625]},
								"south": {"uv": [10, 18], "uv_size": [0.78125, 0.0625]},
								"up": {"uv": [9, 2], "uv_size": [0.78125, 0.78125]}
							}
						},
						{
							"origin": [-0.625, 0.91233, -1.999],
							"size": [0.25, 0.25, 0.76578],
							"pivot": [-0.625, 1.16233, -1.61611],
							"rotation": [0, 0, -17.5],
							"uv": {
								"north": {"uv": [17, 4], "uv_size": [0.25, 0.25]},
								"south": {"uv": [17, 8], "uv_size": [0.25, 0.25]},
								"up": {"uv": [2, 13], "uv_size": [0.25, 0.78125]},
								"down": {"uv": [13, 2.78125], "uv_size": [0.25, -0.78125]}
							}
						},
						{
							"origin": [0.375, 0.91233, -1.999],
							"size": [0.25, 0.25, 0.76578],
							"pivot": [0.625, 1.16233, -1.61611],
							"rotation": [0, 0, 17.5],
							"uv": {
								"north": {"uv": [17, 10], "uv_size": [0.25, 0.25]},
								"south": {"uv": [17, 12], "uv_size": [0.25, 0.25]},
								"up": {"uv": [13, 4], "uv_size": [0.25, 0.78125]},
								"down": {"uv": [0, 14.78125], "uv_size": [0.25, -0.78125]}
							}
						},
						{
							"origin": [-0.624, 1, -0.25],
							"size": [1.248, 0.75, 0.25],
							"pivot": [-0.001, 1, 0],
							"rotation": [77.5, 0, 0],
							"uv": {
								"east": {"uv": [6, 14], "uv_size": [0.25, 0.75]},
								"south": {"uv": [8, 0], "uv_size": [1.25, 0.75]},
								"west": {"uv": [14, 6], "uv_size": [0.25, 0.75]}
							}
						},
						{
							"origin": [-0.39403, 1.0934, -0.10429],
							"size": [0.78806, 0.75, 0.125],
							"pivot": [-0.23097, 1.0934, 0.02071],
							"rotation": [77.5, 0, 0],
							"uv": {
								"north": {"uv": [4, 9], "uv_size": [0.78125, 0.75]},
								"south": {"uv": [9, 4], "uv_size": [0.78125, 0.75]},
								"up": {"uv": [0, 16], "uv_size": [0.78125, 0.125]},
								"down": {"uv": [16, 0.125], "uv_size": [0.78125, -0.125]}
							}
						},
						{
							"origin": [-0.39403, 0.57382, -0.96062],
							"size": [0.78806, 0.25, 0.125],
							"pivot": [0, 0.94882, -0.96062],
							"rotation": [122.5, 0, 0],
							"uv": {
								"east": {"uv": [24, 6], "uv_size": [0.125, 0.25]},
								"south": {"uv": [4, 14], "uv_size": [0.78125, 0.25]},
								"west": {"uv": [8, 24], "uv_size": [0.125, 0.25]}
							}
						},
						{
							"origin": [0.375, 0.70716, -0.49111],
							"size": [0.25, 0.749, 0.125],
							"pivot": [0.625, 1.08116, -0.36611],
							"rotation": [78.42482, 4.75113, 22.01816],
							"uv": {
								"north": {"uv": [8, 14], "uv_size": [0.25, 0.75]},
								"south": {"uv": [10, 14], "uv_size": [0.25, 0.75]},
								"up": {"uv": [10, 24], "uv_size": [0.25, 0.125]},
								"down": {"uv": [12, 24.125], "uv_size": [0.25, -0.125]}
							}
						},
						{
							"origin": [-0.625, 0.70716, -0.49111],
							"size": [0.25, 0.749, 0.125],
							"pivot": [-0.625, 1.08116, -0.36611],
							"rotation": [78.42482, -4.75113, -22.01816],
							"uv": {
								"north": {"uv": [12, 14], "uv_size": [0.25, 0.75]},
								"south": {"uv": [14, 14], "uv_size": [0.25, 0.75]},
								"up": {"uv": [14, 24], "uv_size": [0.25, 0.125]},
								"down": {"uv": [24, 14.125], "uv_size": [0.25, -0.125]}
							}
						},
						{
							"origin": [0.0625, 1.09375, -0.54105],
							"size": [0.1875, 0.125, 0.20711],
							"pivot": [0, 0.71875, -0.4375],
							"rotation": [-12.5, 0, 0],
							"uv": {
								"east": {"uv": [20, 24], "uv_size": [0.21875, 0.125]},
								"west": {"uv": [24, 20], "uv_size": [0.21875, 0.125]},
								"up": {"uv": [0, 20], "uv_size": [0.1875, 0.21875]}
							}
						},
						{
							"origin": [0.0625, 1.09375, -0.54105],
							"size": [0.1875, 0.123, 0.20711],
							"pivot": [0, 0.71875, -0.4375],
							"rotation": [-17.4074, -43.6575, 12.2127],
							"uv": {
								"east": {"uv": [22, 24], "uv_size": [0.21875, 0.125]},
								"west": {"uv": [24, 22], "uv_size": [0.21875, 0.125]},
								"up": {"uv": [20, 0], "uv_size": [0.1875, 0.21875]}
							}
						},
						{
							"origin": [-0.10355, 1.09375, -0.375],
							"size": [0.20711, 0.124, 0.1875],
							"pivot": [0, 0.71875, -0.4375],
							"rotation": [-12.5, 0, 0],
							"uv": {
								"north": {"uv": [24, 24], "uv_size": [0.21875, 0.125]},
								"south": {"uv": [2, 25], "uv_size": [0.21875, 0.125]},
								"up": {"uv": [4, 20], "uv_size": [0.21875, 0.1875]}
							}
						},
						{
							"origin": [-0.10355, 1.09375, -0.6875],
							"size": [0.20711, 0.123, 0.1875],
							"pivot": [0, 0.71875, -0.4375],
							"rotation": [-17.4074, -43.6575, 12.2127],
							"uv": {
								"north": {"uv": [25, 2], "uv_size": [0.21875, 0.125]},
								"south": {"uv": [25, 4], "uv_size": [0.21875, 0.125]},
								"up": {"uv": [6, 20], "uv_size": [0.21875, 0.1875]}
							}
						},
						{
							"origin": [-0.25, 1.09375, -0.54105],
							"size": [0.1875, 0.125, 0.20711],
							"pivot": [0, 0.71875, -0.4375],
							"rotation": [-12.5, 0, 0],
							"uv": {
								"east": {"uv": [25, 8], "uv_size": [0.21875, 0.125]},
								"west": {"uv": [25, 10], "uv_size": [0.21875, 0.125]},
								"up": {"uv": [20, 6], "uv_size": [0.1875, 0.21875]}
							}
						},
						{
							"origin": [-0.25, 1.09375, -0.54105],
							"size": [0.1875, 0.123, 0.20711],
							"pivot": [0, 0.71875, -0.4375],
							"rotation": [-17.4074, -43.6575, 12.2127],
							"uv": {
								"east": {"uv": [25, 12], "uv_size": [0.21875, 0.125]},
								"west": {"uv": [0, 26], "uv_size": [0.21875, 0.125]},
								"up": {"uv": [8, 20], "uv_size": [0.1875, 0.21875]}
							}
						},
						{
							"origin": [-0.10355, 1.09375, -0.6875],
							"size": [0.20711, 0.124, 0.1875],
							"pivot": [0, 0.71875, -0.4375],
							"rotation": [-12.5, 0, 0],
							"uv": {
								"north": {"uv": [26, 0], "uv_size": [0.21875, 0.125]},
								"south": {"uv": [4, 26], "uv_size": [0.21875, 0.125]},
								"up": {"uv": [10, 20], "uv_size": [0.21875, 0.1875]}
							}
						},
						{
							"origin": [-0.10355, 1.09375, -0.375],
							"size": [0.20711, 0.123, 0.1875],
							"pivot": [0, 0.71875, -0.4375],
							"rotation": [-17.4074, -43.6575, 12.2127],
							"uv": {
								"north": {"uv": [6, 26], "uv_size": [0.21875, 0.125]},
								"south": {"uv": [26, 6], "uv_size": [0.21875, 0.125]},
								"up": {"uv": [12, 20], "uv_size": [0.21875, 0.1875]}
							}
						},
						{
							"origin": [-0.6865, 0.53217, -0.75],
							"size": [0.0615, 0.31066, 0.125],
							"pivot": [-0.65625, 0.6875, -1],
							"rotation": [135, 0, 0],
							"uv": {
								"north": {"uv": [26, 22], "uv_size": [0.0625, 0.3125]},
								"east": {"uv": [18, 20], "uv_size": [0.125, 0.3125]},
								"south": {"uv": [24, 26], "uv_size": [0.0625, 0.3125]}
							}
						},
						{
							"origin": [-0.6865, 0.9375, -1.15533],
							"size": [0.0615, 0.125, 0.31066],
							"pivot": [-0.65625, 0.6875, -1],
							"rotation": [135, 0, 0],
							"uv": {
								"east": {"uv": [20, 18], "uv_size": [0.3125, 0.125]},
								"up": {"uv": [26, 24], "uv_size": [0.0625, 0.3125]},
								"down": {"uv": [26, 26.3125], "uv_size": [0.0625, -0.3125]}
							}
						},
						{
							"origin": [-0.6855, 0.28217, -1.09467],
							"size": [0.0615, 0.18842, 0.18842],
							"pivot": [-0.65625, 0.37592, -0.84467],
							"rotation": [-90, 0, 0],
							"uv": {
								"north": {"uv": [14, 30], "uv_size": [0.0625, 0.1875]},
								"east": {"uv": [22, 0], "uv_size": [0.1875, 0.1875]},
								"down": {"uv": [30, 14.1875], "uv_size": [0.0625, -0.1875]}
							}
						},
						{
							"origin": [-0.6855, 0.59375, -1.09467],
							"size": [0.0615, 0.18842, 0.18842],
							"pivot": [-0.65625, 0.6875, -0.84467],
							"rotation": [-90, 0, 0],
							"uv": {
								"east": {"uv": [4, 22], "uv_size": [0.1875, 0.1875]},
								"south": {"uv": [16, 30], "uv_size": [0.0625, 0.1875]},
								"down": {"uv": [30, 16.1875], "uv_size": [0.0625, -0.1875]}
							}
						},
						{
							"origin": [-0.6855, 0.28217, -1.40625],
							"size": [0.0615, 0.18842, 0.18842],
							"pivot": [-0.65625, 0.37592, -1.15625],
							"rotation": [-90, 0, 0],
							"uv": {
								"north": {"uv": [18, 30], "uv_size": [0.0625, 0.1875]},
								"east": {"uv": [6, 22], "uv_size": [0.1875, 0.1875]},
								"up": {"uv": [30, 18], "uv_size": [0.0625, 0.1875]}
							}
						},
						{
							"origin": [-0.6855, 0.59375, -1.40625],
							"size": [0.0615, 0.18842, 0.18842],
							"pivot": [-0.65625, 0.6875, -1.15625],
							"rotation": [-90, 0, 0],
							"uv": {
								"east": {"uv": [22, 6], "uv_size": [0.1875, 0.1875]},
								"south": {"uv": [20, 30], "uv_size": [0.0625, 0.1875]},
								"up": {"uv": [30, 20], "uv_size": [0.0625, 0.1875]}
							}
						},
						{
							"origin": [-0.6875, 0.53217, -0.75],
							"size": [0.0625, 0.31066, 0.125],
							"pivot": [-0.65625, 0.6875, -1],
							"rotation": [-180, 0, 0],
							"uv": {
								"north": {"uv": [2, 27], "uv_size": [0.0625, 0.3125]},
								"east": {"uv": [20, 20], "uv_size": [0.125, 0.3125]},
								"south": {"uv": [27, 2], "uv_size": [0.0625, 0.3125]}
							}
						},
						{
							"origin": [-0.6875, 0.9375, -1.15533],
							"size": [0.0625, 0.125, 0.31066],
							"pivot": [-0.65625, 0.6875, -1],
							"rotation": [-180, 0, 0],
							"uv": {
								"east": {"uv": [2, 21], "uv_size": [0.3125, 0.125]},
								"up": {"uv": [27, 4], "uv_size": [0.0625, 0.3125]},
								"down": {"uv": [27, 8.3125], "uv_size": [0.0625, -0.3125]}
							}
						},
						{
							"origin": [-0.6875, 0.9375, -1.15533],
							"size": [0.0625, 0.125, 0.31066],
							"uv": {
								"east": {"uv": [21, 2], "uv_size": [0.3125, 0.125]},
								"up": {"uv": [27, 10], "uv_size": [0.0625, 0.3125]},
								"down": {"uv": [27, 12.3125], "uv_size": [0.0625, -0.3125]}
							}
						},
						{
							"origin": [-0.6865, 0.9375, -1.15533],
							"size": [0.0615, 0.125, 0.31066],
							"pivot": [-0.65625, 0.6875, -1],
							"rotation": [-45, 0, 0],
							"uv": {
								"east": {"uv": [21, 4], "uv_size": [0.3125, 0.125]},
								"up": {"uv": [0, 28], "uv_size": [0.0625, 0.3125]},
								"down": {"uv": [28, 0.3125], "uv_size": [0.0625, -0.3125]}
							}
						},
						{
							"origin": [-0.6875, 0.53217, -0.75],
							"size": [0.0625, 0.31066, 0.125],
							"uv": {
								"north": {"uv": [4, 28], "uv_size": [0.0625, 0.3125]},
								"east": {"uv": [21, 8], "uv_size": [0.125, 0.3125]},
								"south": {"uv": [6, 28], "uv_size": [0.0625, 0.3125]}
							}
						},
						{
							"origin": [-0.6865, 0.53217, -0.75],
							"size": [0.0615, 0.31066, 0.125],
							"pivot": [-0.65625, 0.6875, -1],
							"rotation": [-45, 0, 0],
							"uv": {
								"north": {"uv": [28, 6], "uv_size": [0.0625, 0.3125]},
								"east": {"uv": [21, 10], "uv_size": [0.125, 0.3125]},
								"south": {"uv": [8, 28], "uv_size": [0.0625, 0.3125]}
							}
						}
					]
				},
				{
					"name": "ocular",
					"pivot": [0, 0.5625, -1.03125],
					"cubes": [
						{
							"origin": [-0.5, 0.125, -1.96875],
							"size": [1, 0.875, 1.875],
							"uv": {
								"north": {"uv": [0, 9], "uv_size": [1, 0.875]},
								"south": {"uv": [2, 9], "uv_size": [1, 0.875]}
							}
						}
					]
				},
				{
					"name": "division",
					"pivot": [0, 0.5625, -1.03125]
				},
				{
					"name": "division_illuminated",
					"parent": "division",
					"pivot": [0, 0.5625, -1.03125],
					"cubes": [
						{
							"origin": [-0.125, 0.4375, -64.03125],
							"size": [0.25, 0.25, 0],
							"pivot": [0, 0.5625, -64.03125],
							"rotation": [0, 0, -45],
							"uv": {
								"south": {"uv": [0, 18], "uv_size": [0.25, 0.25]}
							}
						}
					]
				},
				{
					"name": "scope_view",
					"pivot": [0, 0.5625, 10]
				}
			]
		}
	]
}