{
	"format_version": "1.12.0",
	"minecraft:geometry": [
		{
			"description": {
				"identifier": "geometry.sight_sro_dot - Converted",
				"texture_width": 32,
				"texture_height": 32,
				"visible_bounds_width": 11,
				"visible_bounds_height": 1.5,
				"visible_bounds_offset": [0, 0.25, 0]
			},
			"bones": [
				{
					"name": "scope_body",
					"pivot": [0, 18.95, 0],
					"cubes": [
						{
							"origin": [-0.62184, -0.00483, -0.75711],
							"size": [1.24055, 0.29225, 0.68378],
							"uv": {
								"north": {"uv": [0, 4], "uv_size": [1, 0.5]},
								"east": {"uv": [8, 5], "uv_size": [0.5, 0.5]},
								"south": {"uv": [1, 4], "uv_size": [1, 0.5]},
								"west": {"uv": [6, 8], "uv_size": [0.5, 0.5]},
								"up": {"uv": [4, 1], "uv_size": [1, 0.5]},
								"down": {"uv": [4, 2.5], "uv_size": [1, -0.5]}
							}
						},
						{
							"origin": [-0.62184, -0.00483, -2.06251],
							"size": [1.24055, 0.29225, 0.68378],
							"uv": {
								"north": {"uv": [4, 3], "uv_size": [1, 0.5]},
								"east": {"uv": [8, 6], "uv_size": [0.5, 0.5]},
								"south": {"uv": [4, 4], "uv_size": [1, 0.5]},
								"west": {"uv": [7, 8], "uv_size": [0.5, 0.5]},
								"up": {"uv": [0, 5], "uv_size": [1, 0.5]},
								"down": {"uv": [5, 0.5], "uv_size": [1, -0.5]}
							}
						},
						{
							"origin": [-0.55967, -0.00483, -1.37873],
							"size": [1.11622, 0.06217, 0.62162],
							"uv": {
								"north": {"uv": [1, 5], "uv_size": [1, 0.5]},
								"east": {"uv": [8, 7], "uv_size": [0.5, 0.5]},
								"south": {"uv": [5, 1], "uv_size": [1, 0.5]},
								"west": {"uv": [8, 8], "uv_size": [0.5, 0.5]},
								"up": {"uv": [2, 5], "uv_size": [1, 0.5]},
								"down": {"uv": [5, 2.5], "uv_size": [1, -0.5]}
							}
						},
						{
							"origin": [-0.20628, -0.31057, -1.37873],
							"size": [0.08792, 0.06216, 0.62162],
							"pivot": [0.03005, 0.375, -1.22477],
							"rotation": [0, 0, 45],
							"uv": {
								"north": {"uv": [0, 9], "uv_size": [0.5, 0.5]},
								"east": {"uv": [9, 0], "uv_size": [0.5, 0.5]},
								"south": {"uv": [1, 9], "uv_size": [0.5, 0.5]},
								"west": {"uv": [9, 1], "uv_size": [0.5, 0.5]},
								"up": {"uv": [2, 9], "uv_size": [0.5, 0.5]},
								"down": {"uv": [9, 2.5], "uv_size": [0.5, -0.5]}
							}
						},
						{
							"origin": [-0.62184, 0.05734, -1.37873],
							"size": [1.24055, 0.23008, 0.62162],
							"uv": {
								"north": {"uv": [3, 5], "uv_size": [1, 0.5]},
								"east": {"uv": [3, 9], "uv_size": [0.5, 0.5]},
								"south": {"uv": [5, 3], "uv_size": [1, 0.5]},
								"west": {"uv": [9, 3], "uv_size": [0.5, 0.5]},
								"up": {"uv": [4, 5], "uv_size": [1, 0.5]},
								"down": {"uv": [5, 4.5], "uv_size": [1, -0.5]}
							}
						},
						{
							"origin": [0.13376, -0.26587, -1.37873],
							"size": [0.08791, 0.06216, 0.62162],
							"pivot": [0.03005, 0.375, -1.22477],
							"rotation": [0, 0, -45],
							"uv": {
								"north": {"uv": [4, 9], "uv_size": [0.5, 0.5]},
								"east": {"uv": [9, 4], "uv_size": [0.5, 0.5]},
								"south": {"uv": [5, 9], "uv_size": [0.5, 0.5]},
								"west": {"uv": [9, 5], "uv_size": [0.5, 0.5]},
								"up": {"uv": [6, 9], "uv_size": [0.5, 0.5]},
								"down": {"uv": [9, 6.5], "uv_size": [0.5, -0.5]}
							}
						},
						{
							"origin": [-0.55966, 0.28741, -2.06151],
							"size": [1.11621, 0.06217, 1.05575],
							"uv": {
								"north": {"uv": [5, 5], "uv_size": [1, 0.5]},
								"east": {"uv": [0, 6], "uv_size": [1, 0.5]},
								"south": {"uv": [6, 0], "uv_size": [1, 0.5]},
								"west": {"uv": [1, 6], "uv_size": [1, 0.5]},
								"up": {"uv": [0, 0], "uv_size": [1, 1]},
								"down": {"uv": [0, 2], "uv_size": [1, -1]}
							}
						},
						{
							"origin": [-0.43804, 0.44972, -1.05192],
							"size": [0.87297, 0.06216, 0.12432],
							"pivot": [0.03005, 0.375, -1.22477],
							"rotation": [-45, 0, 0],
							"uv": {
								"north": {"uv": [6, 1], "uv_size": [1, 0.5]},
								"east": {"uv": [7, 9], "uv_size": [0.5, 0.5]},
								"south": {"uv": [2, 6], "uv_size": [1, 0.5]},
								"west": {"uv": [9, 7], "uv_size": [0.5, 0.5]},
								"up": {"uv": [6, 2], "uv_size": [1, 0.5]},
								"down": {"uv": [3, 6.5], "uv_size": [1, -0.5]}
							}
						},
						{
							"origin": [-0.43804, 0.06281, -0.87406],
							"size": [0.87296, 0.06216, 0.18649],
							"pivot": [0.03005, 0.375, -1.22477],
							"rotation": [22.5, 0, 0],
							"uv": {
								"north": {"uv": [6, 3], "uv_size": [1, 0.5]},
								"east": {"uv": [8, 9], "uv_size": [0.5, 0.5]},
								"south": {"uv": [4, 6], "uv_size": [1, 0.5]},
								"west": {"uv": [9, 8], "uv_size": [0.5, 0.5]},
								"up": {"uv": [6, 4], "uv_size": [1, 0.5]},
								"down": {"uv": [5, 6.5], "uv_size": [1, -0.5]}
							}
						},
						{
							"origin": [0.43493, 0.28741, -1.00576],
							"size": [0.12162, 0.06217, 0.37298],
							"uv": {
								"north": {"uv": [9, 9], "uv_size": [0.5, 0.5]},
								"east": {"uv": [0, 10], "uv_size": [0.5, 0.5]},
								"south": {"uv": [10, 0], "uv_size": [0.5, 0.5]},
								"west": {"uv": [1, 10], "uv_size": [0.5, 0.5]},
								"up": {"uv": [10, 1], "uv_size": [0.5, 0.5]},
								"down": {"uv": [2, 10.5], "uv_size": [0.5, -0.5]}
							}
						},
						{
							"origin": [-0.55967, 0.28741, -1.00576],
							"size": [0.12163, 0.06217, 0.37298],
							"uv": {
								"north": {"uv": [10, 2], "uv_size": [0.5, 0.5]},
								"east": {"uv": [3, 10], "uv_size": [0.5, 0.5]},
								"south": {"uv": [10, 3], "uv_size": [0.5, 0.5]},
								"west": {"uv": [4, 10], "uv_size": [0.5, 0.5]},
								"up": {"uv": [10, 4], "uv_size": [0.5, 0.5]},
								"down": {"uv": [5, 10.5], "uv_size": [0.5, -0.5]}
							}
						},
						{
							"origin": [-0.55966, 0.28741, -0.63278],
							"size": [1.11621, 0.06217, 0.55945],
							"uv": {
								"north": {"uv": [6, 5], "uv_size": [1, 0.5]},
								"east": {"uv": [10, 5], "uv_size": [0.5, 0.5]},
								"south": {"uv": [6, 6], "uv_size": [1, 0.5]},
								"west": {"uv": [6, 10], "uv_size": [0.5, 0.5]},
								"up": {"uv": [0, 7], "uv_size": [1, 0.5]},
								"down": {"uv": [7, 0.5], "uv_size": [1, -0.5]}
							}
						},
						{
							"origin": [-0.49284, 0.71488, -2.06051],
							"size": [0.08792, 0.05913, 1.98618],
							"pivot": [0.03005, 0.375, -1.22477],
							"rotation": [0, 0, -45],
							"uv": {
								"north": {"uv": [10, 6], "uv_size": [0.5, 0.5]},
								"east": {"uv": [1, 0], "uv_size": [2, 0.5]},
								"south": {"uv": [7, 10], "uv_size": [0.5, 0.5]},
								"west": {"uv": [1, 1], "uv_size": [2, 0.5]},
								"up": {"uv": [0, 2], "uv_size": [0.5, 2]},
								"down": {"uv": [1, 4], "uv_size": [0.5, -2]}
							}
						},
						{
							"origin": [0.42032, 0.67018, -2.06051],
							"size": [0.08791, 0.05913, 1.98618],
							"pivot": [0.03005, 0.375, -1.22477],
							"rotation": [0, 0, 45],
							"uv": {
								"north": {"uv": [10, 7], "uv_size": [0.5, 0.5]},
								"east": {"uv": [2, 2], "uv_size": [2, 0.5]},
								"south": {"uv": [8, 10], "uv_size": [0.5, 0.5]},
								"west": {"uv": [3, 0], "uv_size": [2, 0.5]},
								"up": {"uv": [2, 3], "uv_size": [0.5, 2]},
								"down": {"uv": [3, 5], "uv_size": [0.5, -2]}
							}
						},
						{
							"origin": [-0.62183, 0.28742, -2.01892],
							"size": [0.12163, 0.93243, 0.66521],
							"uv": {
								"north": {"uv": [1, 7], "uv_size": [0.5, 1]},
								"east": {"uv": [7, 1], "uv_size": [0.5, 1]},
								"south": {"uv": [2, 7], "uv_size": [0.5, 1]},
								"west": {"uv": [7, 2], "uv_size": [0.5, 1]},
								"up": {"uv": [10, 8], "uv_size": [0.5, 0.5]},
								"down": {"uv": [9, 10.5], "uv_size": [0.5, -0.5]}
							}
						},
						{
							"origin": [-1.0283, 0.51145, -2.01792],
							"size": [0.12892, 0.17702, 0.66321],
							"pivot": [0.03005, 0.375, -1.22477],
							"rotation": [0, 0, 45],
							"uv": {
								"north": {"uv": [10, 9], "uv_size": [0.5, 0.5]},
								"east": {"uv": [10, 10], "uv_size": [0.5, 0.5]},
								"south": {"uv": [0, 11], "uv_size": [0.5, 0.5]},
								"west": {"uv": [11, 0], "uv_size": [0.5, 0.5]},
								"up": {"uv": [1, 11], "uv_size": [0.5, 0.5]},
								"down": {"uv": [11, 1.5], "uv_size": [0.5, -0.5]}
							}
						},
						{
							"origin": [-0.49666, 1.18622, -2.01892],
							"size": [0.12433, 0.1588, 0.66521],
							"uv": {
								"north": {"uv": [2, 11], "uv_size": [0.5, 0.5]},
								"east": {"uv": [11, 2], "uv_size": [0.5, 0.5]},
								"south": {"uv": [3, 11], "uv_size": [0.5, 0.5]},
								"west": {"uv": [11, 3], "uv_size": [0.5, 0.5]},
								"up": {"uv": [4, 11], "uv_size": [0.5, 0.5]},
								"down": {"uv": [11, 4.5], "uv_size": [0.5, -0.5]}
							}
						},
						{
							"origin": [0.36922, 1.18622, -2.01892],
							"size": [0.12432, 0.1588, 0.66521],
							"uv": {
								"north": {"uv": [5, 11], "uv_size": [0.5, 0.5]},
								"east": {"uv": [11, 5], "uv_size": [0.5, 0.5]},
								"south": {"uv": [6, 11], "uv_size": [0.5, 0.5]},
								"west": {"uv": [11, 6], "uv_size": [0.5, 0.5]},
								"up": {"uv": [7, 11], "uv_size": [0.5, 0.5]},
								"down": {"uv": [11, 7.5], "uv_size": [0.5, -0.5]}
							}
						},
						{
							"origin": [-0.27284, 1.17995, -2.01892],
							"size": [0.54257, 0.11674, 0.66521],
							"uv": {
								"north": {"uv": [8, 11], "uv_size": [0.5, 0.5]},
								"east": {"uv": [11, 8], "uv_size": [0.5, 0.5]},
								"south": {"uv": [9, 11], "uv_size": [0.5, 0.5]},
								"west": {"uv": [11, 9], "uv_size": [0.5, 0.5]},
								"up": {"uv": [10, 11], "uv_size": [0.5, 0.5]},
								"down": {"uv": [11, 10.5], "uv_size": [0.5, -0.5]}
							}
						},
						{
							"origin": [-0.38378, 1.21412, -2.01792],
							"size": [0.35845, 0.106, 0.66321],
							"pivot": [-0.23581, 1.26713, -1.68632],
							"rotation": [0, 0, 10],
							"uv": {
								"north": {"uv": [11, 11], "uv_size": [0.5, 0.5]},
								"east": {"uv": [0, 12], "uv_size": [0.5, 0.5]},
								"south": {"uv": [12, 0], "uv_size": [0.5, 0.5]},
								"west": {"uv": [1, 12], "uv_size": [0.5, 0.5]},
								"up": {"uv": [12.10938, 1], "uv_size": [0.5, 0.5]},
								"down": {"uv": [2, 12.5], "uv_size": [0.5, -0.5]}
							}
						},
						{
							"origin": [0.02533, 1.21412, -2.01792],
							"size": [0.35845, 0.106, 0.66321],
							"pivot": [0.23581, 1.26713, -1.68632],
							"rotation": [0, 0, -10],
							"uv": {
								"north": {"uv": [11.5, 11], "uv_size": [-0.5, 0.5]},
								"east": {"uv": [1.5, 12], "uv_size": [-0.5, 0.5]},
								"south": {"uv": [12.5, 0], "uv_size": [-0.5, 0.5]},
								"west": {"uv": [0.5, 12], "uv_size": [-0.5, 0.5]},
								"up": {"uv": [12, 1.5], "uv_size": [0.5, -0.5]},
								"down": {"uv": [2, 12.5], "uv_size": [0.5, -0.5]}
							}
						},
						{
							"origin": [0.91478, 0.55615, -2.01792],
							"size": [0.12891, 0.17702, 0.66321],
							"pivot": [0.03005, 0.375, -1.22477],
							"rotation": [0, 0, -45],
							"uv": {
								"north": {"uv": [12, 2], "uv_size": [0.5, 0.5]},
								"east": {"uv": [3, 12], "uv_size": [0.5, 0.5]},
								"south": {"uv": [12, 3], "uv_size": [0.5, 0.5]},
								"west": {"uv": [4, 12], "uv_size": [0.5, 0.5]},
								"up": {"uv": [12, 4], "uv_size": [0.5, 0.5]},
								"down": {"uv": [5, 12.5], "uv_size": [0.5, -0.5]}
							}
						},
						{
							"origin": [-0.62083, 0.1941, -1.38286],
							"size": [0.11963, 0.9169, 0.32332],
							"pivot": [0.03005, 0.375, -1.22477],
							"rotation": [22.5, 0, 0],
							"uv": {
								"north": {"uv": [3, 7], "uv_size": [0.5, 1]},
								"east": {"uv": [7, 3], "uv_size": [0.5, 1]},
								"south": {"uv": [4, 7], "uv_size": [0.5, 1]},
								"west": {"uv": [7, 4], "uv_size": [0.5, 1]},
								"up": {"uv": [12, 5], "uv_size": [0.5, 0.5]},
								"down": {"uv": [6, 12.5], "uv_size": [0.5, -0.5]}
							}
						},
						{
							"origin": [-0.61983, 0.07271, -1.14272],
							"size": [0.11763, 0.29527, 0.09022],
							"pivot": [0.03005, 0.375, -1.22477],
							"rotation": [45, 0, 0],
							"uv": {
								"north": {"uv": [12, 6], "uv_size": [0.5, 0.5]},
								"east": {"uv": [7, 12], "uv_size": [0.5, 0.5]},
								"south": {"uv": [12, 7], "uv_size": [0.5, 0.5]},
								"west": {"uv": [8, 12], "uv_size": [0.5, 0.5]},
								"up": {"uv": [12, 8], "uv_size": [0.5, 0.5]},
								"down": {"uv": [9, 12.5], "uv_size": [0.5, -0.5]}
							}
						},
						{
							"origin": [0.49908, 0.07271, -1.14272],
							"size": [0.11763, 0.29527, 0.09022],
							"pivot": [0.03005, 0.375, -1.22477],
							"rotation": [45, 0, 0],
							"uv": {
								"north": {"uv": [12, 9], "uv_size": [0.5, 0.5]},
								"east": {"uv": [10, 12], "uv_size": [0.5, 0.5]},
								"south": {"uv": [12, 10], "uv_size": [0.5, 0.5]},
								"west": {"uv": [11, 12], "uv_size": [0.5, 0.5]},
								"up": {"uv": [12, 11], "uv_size": [0.5, 0.5]},
								"down": {"uv": [12, 12.5], "uv_size": [0.5, -0.5]}
							}
						},
						{
							"origin": [-0.62183, 0.28742, -2.06251],
							"size": [0.12163, 0.45067, 0.04359],
							"uv": {
								"north": {"uv": [0, 13], "uv_size": [0.5, 0.5]},
								"east": {"uv": [13, 0], "uv_size": [0.5, 0.5]},
								"south": {"uv": [1, 13], "uv_size": [0.5, 0.5]},
								"west": {"uv": [13, 1], "uv_size": [0.5, 0.5]},
								"up": {"uv": [2, 13], "uv_size": [0.5, 0.5]},
								"down": {"uv": [13, 2.5], "uv_size": [0.5, -0.5]}
							}
						},
						{
							"origin": [0.49708, 0.28742, -2.01892],
							"size": [0.12163, 0.93243, 0.66521],
							"uv": {
								"north": {"uv": [5, 7], "uv_size": [0.5, 1]},
								"east": {"uv": [7, 5], "uv_size": [0.5, 1]},
								"south": {"uv": [6, 7], "uv_size": [0.5, 1]},
								"west": {"uv": [7, 6], "uv_size": [0.5, 1]},
								"up": {"uv": [3, 13], "uv_size": [0.5, 0.5]},
								"down": {"uv": [13, 3.5], "uv_size": [0.5, -0.5]}
							}
						},
						{
							"origin": [-0.11787, 1.18848, -2.01692],
							"size": [0.31081, 0.11126, 0.66121],
							"pivot": [0.03005, 0.375, -1.22477],
							"rotation": [0, 0, 22.5],
							"uv": {
								"north": {"uv": [4, 13], "uv_size": [0.5, 0.5]},
								"east": {"uv": [13, 4], "uv_size": [0.5, 0.5]},
								"south": {"uv": [5, 13], "uv_size": [0.5, 0.5]},
								"west": {"uv": [13, 5], "uv_size": [0.5, 0.5]},
								"up": {"uv": [6, 13], "uv_size": [0.5, 0.5]},
								"down": {"uv": [13, 6.5], "uv_size": [0.5, -0.5]}
							}
						},
						{
							"origin": [0.6666, 0.57826, -2.01592],
							"size": [0.08019, 0.34189, 0.65921],
							"pivot": [0.03005, 0.375, -1.22477],
							"rotation": [0, 0, -22.5],
							"uv": {
								"north": {"uv": [7, 13], "uv_size": [0.5, 0.5]},
								"east": {"uv": [13, 7], "uv_size": [0.5, 0.5]},
								"south": {"uv": [8, 13], "uv_size": [0.5, 0.5]},
								"west": {"uv": [13, 8], "uv_size": [0.5, 0.5]},
								"up": {"uv": [9, 13], "uv_size": [0.5, 0.5]},
								"down": {"uv": [13, 9.5], "uv_size": [0.5, -0.5]}
							}
						},
						{
							"origin": [0.11941, 0.15597, -2.06051],
							"size": [0.37298, 0.12163, 0.92741],
							"pivot": [0.03005, 0.375, -1.22477],
							"rotation": [0, 0, -22.5],
							"uv": {
								"north": {"uv": [10, 13], "uv_size": [0.5, 0.5]},
								"east": {"uv": [7, 7], "uv_size": [1, 0.5]},
								"south": {"uv": [13, 10], "uv_size": [0.5, 0.5]},
								"west": {"uv": [0, 8], "uv_size": [1, 0.5]},
								"up": {"uv": [8, 0], "uv_size": [0.5, 1]},
								"down": {"uv": [1, 9], "uv_size": [0.5, -1]}
							}
						},
						{
							"origin": [-0.49069, 0.13178, -2.06051],
							"size": [0.37297, 0.12163, 0.92741],
							"pivot": [0.03005, 0.375, -1.22477],
							"rotation": [0, 0, 22.5],
							"uv": {
								"north": {"uv": [11, 13], "uv_size": [0.5, 0.5]},
								"east": {"uv": [8, 1], "uv_size": [1, 0.5]},
								"south": {"uv": [13, 11], "uv_size": [0.5, 0.5]},
								"west": {"uv": [2, 8], "uv_size": [1, 0.5]},
								"up": {"uv": [8, 2], "uv_size": [0.5, 1]},
								"down": {"uv": [3, 9], "uv_size": [0.5, -1]}
							}
						},
						{
							"origin": [-0.74509, 0.55407, -2.01592],
							"size": [0.08019, 0.34189, 0.65921],
							"pivot": [0.03005, 0.375, -1.22477],
							"rotation": [0, 0, 22.5],
							"uv": {
								"north": {"uv": [12, 13], "uv_size": [0.5, 0.5]},
								"east": {"uv": [13, 12], "uv_size": [0.5, 0.5]},
								"south": {"uv": [13, 13], "uv_size": [0.5, 0.5]},
								"west": {"uv": [0, 14], "uv_size": [0.5, 0.5]},
								"up": {"uv": [14, 0], "uv_size": [0.5, 0.5]},
								"down": {"uv": [1, 14.5], "uv_size": [0.5, -0.5]}
							}
						},
						{
							"origin": [-0.19124, 1.21266, -2.01692],
							"size": [0.31081, 0.11127, 0.66121],
							"pivot": [0.03005, 0.375, -1.22477],
							"rotation": [0, 0, -22.5],
							"uv": {
								"north": {"uv": [14, 1], "uv_size": [0.5, 0.5]},
								"east": {"uv": [2, 14], "uv_size": [0.5, 0.5]},
								"south": {"uv": [14, 2], "uv_size": [0.5, 0.5]},
								"west": {"uv": [3, 14], "uv_size": [0.5, 0.5]},
								"up": {"uv": [14, 3], "uv_size": [0.5, 0.5]},
								"down": {"uv": [4, 14.5], "uv_size": [0.5, -0.5]}
							}
						},
						{
							"origin": [0.49708, 0.28742, -2.06251],
							"size": [0.12163, 0.45067, 0.04359],
							"uv": {
								"north": {"uv": [14, 4], "uv_size": [0.5, 0.5]},
								"east": {"uv": [5, 14], "uv_size": [0.5, 0.5]},
								"south": {"uv": [14, 5], "uv_size": [0.5, 0.5]},
								"west": {"uv": [6, 14], "uv_size": [0.5, 0.5]},
								"up": {"uv": [14, 6], "uv_size": [0.5, 0.5]},
								"down": {"uv": [7, 14.5], "uv_size": [0.5, -0.5]}
							}
						},
						{
							"origin": [0.49808, 0.38986, -2.13769],
							"size": [0.11963, 0.13986, 0.04359],
							"pivot": [0.03005, 0.375, -1.22477],
							"rotation": [-22.5, 0, 0],
							"uv": {
								"north": {"uv": [14, 7], "uv_size": [0.5, 0.5]},
								"east": {"uv": [8, 14], "uv_size": [0.5, 0.5]},
								"south": {"uv": [14, 8], "uv_size": [0.5, 0.5]},
								"west": {"uv": [9, 14], "uv_size": [0.5, 0.5]},
								"up": {"uv": [14, 9], "uv_size": [0.5, 0.5]},
								"down": {"uv": [10, 14.5], "uv_size": [0.5, -0.5]}
							}
						},
						{
							"origin": [-0.62083, 0.38986, -2.13769],
							"size": [0.11963, 0.13986, 0.04359],
							"pivot": [0.03005, 0.375, -1.22477],
							"rotation": [-22.5, 0, 0],
							"uv": {
								"north": {"uv": [14, 10], "uv_size": [0.5, 0.5]},
								"east": {"uv": [11, 14], "uv_size": [0.5, 0.5]},
								"south": {"uv": [14, 11], "uv_size": [0.5, 0.5]},
								"west": {"uv": [12, 14], "uv_size": [0.5, 0.5]},
								"up": {"uv": [14, 12], "uv_size": [0.5, 0.5]},
								"down": {"uv": [13, 14.5], "uv_size": [0.5, -0.5]}
							}
						},
						{
							"origin": [0.49808, 0.1941, -1.38286],
							"size": [0.11963, 0.9169, 0.32332],
							"pivot": [0.03005, 0.375, -1.22477],
							"rotation": [22.5, 0, 0],
							"uv": {
								"north": {"uv": [8, 3], "uv_size": [0.5, 1]},
								"east": {"uv": [4, 8], "uv_size": [0.5, 1]},
								"south": {"uv": [8, 4], "uv_size": [0.5, 1]},
								"west": {"uv": [5, 8], "uv_size": [0.5, 1]},
								"up": {"uv": [14, 13], "uv_size": [0.5, 0.5]},
								"down": {"uv": [14, 14.5], "uv_size": [0.5, -0.5]}
							}
						},
						{
							"origin": [0.42218, 0.39535, -0.61925],
							"size": [0.24354, 0.08239, 0.19892],
							"pivot": [0.03005, 0.375, -1.22477],
							"rotation": [-22.5, 0, 0],
							"uv": {
								"north": {"uv": [0, 15], "uv_size": [0.5, 0.5]},
								"east": {"uv": [15, 0], "uv_size": [0.5, 0.5]},
								"south": {"uv": [1, 15], "uv_size": [0.5, 0.5]},
								"west": {"uv": [15, 1], "uv_size": [0.5, 0.5]},
								"up": {"uv": [2, 15], "uv_size": [0.5, 0.5]},
								"down": {"uv": [15, 2.5], "uv_size": [0.5, -0.5]}
							}
						},
						{
							"origin": [0.42218, -0.12117, -0.78221],
							"size": [0.24554, 0.08239, 0.19892],
							"pivot": [0.03005, 0.375, -1.22477],
							"rotation": [22.5, 0, 0],
							"uv": {
								"north": {"uv": [3, 15], "uv_size": [0.5, 0.5]},
								"east": {"uv": [15, 3], "uv_size": [0.5, 0.5]},
								"south": {"uv": [4, 15], "uv_size": [0.5, 0.5]},
								"west": {"uv": [15, 4], "uv_size": [0.5, 0.5]},
								"up": {"uv": [5, 15], "uv_size": [0.5, 0.5]},
								"down": {"uv": [15, 5.5], "uv_size": [0.5, -0.5]}
							}
						},
						{
							"origin": [0.42218, 0.33709, -0.56099],
							"size": [0.24354, 0.19892, 0.08239],
							"pivot": [0.03005, 0.375, -1.22477],
							"rotation": [-22.5, 0, 0],
							"uv": {
								"north": {"uv": [6, 15], "uv_size": [0.5, 0.5]},
								"east": {"uv": [15, 6], "uv_size": [0.5, 0.5]},
								"south": {"uv": [7, 15], "uv_size": [0.5, 0.5]},
								"west": {"uv": [15, 7], "uv_size": [0.5, 0.5]},
								"up": {"uv": [8, 15], "uv_size": [0.5, 0.5]},
								"down": {"uv": [15, 8.5], "uv_size": [0.5, -0.5]}
							}
						},
						{
							"origin": [0.42218, -0.17943, -0.72395],
							"size": [0.24454, 0.19892, 0.08239],
							"pivot": [0.03005, 0.375, -1.22477],
							"rotation": [22.5, 0, 0],
							"uv": {
								"north": {"uv": [9, 15], "uv_size": [0.5, 0.5]},
								"east": {"uv": [15, 9], "uv_size": [0.5, 0.5]},
								"south": {"uv": [10, 15], "uv_size": [0.5, 0.5]},
								"west": {"uv": [15, 10], "uv_size": [0.5, 0.5]},
								"up": {"uv": [11, 15], "uv_size": [0.5, 0.5]},
								"down": {"uv": [15, 11.5], "uv_size": [0.5, -0.5]}
							}
						},
						{
							"origin": [0.26075, 0.25618, -0.58522],
							"size": [0.12359, 0.13575, 0.29838],
							"pivot": [0.03005, 0.375, -1.22477],
							"rotation": [0, -22.5, 0],
							"uv": {
								"north": {"uv": [12, 15], "uv_size": [0.5, 0.5]},
								"east": {"uv": [15, 12], "uv_size": [0.5, 0.5]},
								"south": {"uv": [13, 15], "uv_size": [0.5, 0.5]},
								"west": {"uv": [15, 13], "uv_size": [0.5, 0.5]},
								"up": {"uv": [14, 15], "uv_size": [0.5, 0.5]},
								"down": {"uv": [15, 14.5], "uv_size": [0.5, -0.5]}
							}
						},
						{
							"origin": [-0.38264, 0.25618, -0.60941],
							"size": [0.12359, 0.13475, 0.29838],
							"pivot": [0.03005, 0.375, -1.22477],
							"rotation": [0, 22.5, 0],
							"uv": {
								"north": {"uv": [15, 15], "uv_size": [0.5, 0.5]},
								"east": {"uv": [0, 16], "uv_size": [0.5, 0.5]},
								"south": {"uv": [16, 0], "uv_size": [0.5, 0.5]},
								"west": {"uv": [1, 16], "uv_size": [0.5, 0.5]},
								"up": {"uv": [16, 1], "uv_size": [0.5, 0.5]},
								"down": {"uv": [2, 16.5], "uv_size": [0.5, -0.5]}
							}
						},
						{
							"origin": [0.17335, 0.25618, -0.49782],
							"size": [0.29838, 0.13675, 0.12358],
							"pivot": [0.03005, 0.375, -1.22477],
							"rotation": [0, -22.5, 0],
							"uv": {
								"north": {"uv": [16, 2], "uv_size": [0.5, 0.5]},
								"east": {"uv": [3, 16], "uv_size": [0.5, 0.5]},
								"south": {"uv": [16, 3], "uv_size": [0.5, 0.5]},
								"west": {"uv": [4, 16], "uv_size": [0.5, 0.5]},
								"up": {"uv": [16, 4], "uv_size": [0.5, 0.5]},
								"down": {"uv": [5, 16.5], "uv_size": [0.5, -0.5]}
							}
						},
						{
							"origin": [-0.47004, 0.25618, -0.52201],
							"size": [0.29838, 0.13475, 0.12359],
							"pivot": [0.03005, 0.375, -1.22477],
							"rotation": [0, 22.5, 0],
							"uv": {
								"north": {"uv": [16, 5], "uv_size": [0.5, 0.5]},
								"east": {"uv": [6, 16], "uv_size": [0.5, 0.5]},
								"south": {"uv": [16, 6], "uv_size": [0.5, 0.5]},
								"west": {"uv": [7, 16], "uv_size": [0.5, 0.5]},
								"up": {"uv": [16, 7], "uv_size": [0.5, 0.5]},
								"down": {"uv": [8, 16.5], "uv_size": [0.5, -0.5]}
							}
						}
					]
				},
				{
					"name": "knobs",
					"parent": "scope_body",
					"pivot": [0, 18.95, 0]
				},
				{
					"name": "octagon3",
					"parent": "knobs",
					"pivot": [0, 18.95, 0]
				},
				{
					"name": "octagon",
					"parent": "knobs",
					"pivot": [0, 18.95, 0]
				},
				{
					"name": "screws",
					"parent": "scope_body",
					"pivot": [0, 18.90581, 1.25]
				},
				{
					"name": "division",
					"pivot": [0, 0, 0]
				},
				{
					"name": "division_illuminated",
					"parent": "division",
					"pivot": [0, 0.75125, -55.3],
					"cubes": [
						{
							"origin": [-0.12511, 0.74078, -19.71875],
							"size": [0.0834, 0.3334, 0.01875],
							"pivot": [0.30204, 0.99079, -19.85],
							"rotation": [0, 0, -45],
							"uv": {
								"south": {"uv": [16, 8], "uv_size": [0.5, 0.5]}
							}
						},
						{
							"origin": [0.04172, 0.74078, -19.71875],
							"size": [0.08339, 0.25001, 0.01875],
							"pivot": [-0.30204, 0.99079, -19.85],
							"rotation": [0, 0, 45],
							"uv": {
								"south": {"uv": [16.5, 8], "uv_size": [-0.5, 0.5]}
							}
						}
					]
				},
				{
					"name": "ocular",
					"pivot": [0, 2.60938, -0.2875],
					"cubes": [
						{
							"origin": [-0.54826, 0.07114, -1.4815],
							"size": [1.10901, 1.21241, 0.02463],
							"uv": {
								"south": {"uv": [3, 1], "uv_size": [1, 1]}
							}
						}
					]
				},
				{
					"name": "scope_view",
					"pivot": [0, 0.75, 10]
				}
			]
		}
	]
}