{
	"format_version": "1.12.0",
	"minecraft:geometry": [
		{
			"description": {
				"identifier": "geometry.unknown",
				"texture_width": 16,
				"texture_height": 16,
				"visible_bounds_width": 4,
				"visible_bounds_height": 1.5,
				"visible_bounds_offset": [0, 0.25, 0]
			},
			"bones": [
				{
					"name": "scope_body",
					"pivot": [0, 0, 0],
					"rotation": [0, 180, 0],
					"cubes": [
						{
							"origin": [-0.5625, 0, 0],
							"size": [1.125, 0.375, 1.75],
							"uv": {
								"north": {"uv": [3, 2], "uv_size": [1.125, 0.375]},
								"east": {"uv": [2, 0], "uv_size": [1.75, 0.375]},
								"south": {"uv": [3, 3], "uv_size": [1.125, 0.375]},
								"west": {"uv": [2, 1], "uv_size": [1.75, 0.375]},
								"up": {"uv": [0, 0], "uv_size": [1.125, 1.75]},
								"down": {"uv": [0, 3.75], "uv_size": [1.125, -1.75]}
							}
						},
						{
							"origin": [-0.5625, 0.1875, 1.75],
							"size": [1.125, 0.1875, 0.0625],
							"uv": {
								"east": {"uv": [2, 11], "uv_size": [0.0625, 0.1875]},
								"west": {"uv": [11, 2], "uv_size": [0.0625, 0.1875]}
							}
						},
						{
							"origin": [-0.59375, 0.21875, 1.0625],
							"size": [0.0625, 0.125, 0.25],
							"uv": {
								"north": {"uv": [3, 11], "uv_size": [0.0625, 0.125]},
								"east": {"uv": [3, 10], "uv_size": [0.25, 0.125]},
								"south": {"uv": [11, 3], "uv_size": [0.0625, 0.125]},
								"up": {"uv": [10, 5], "uv_size": [0.0625, 0.25]},
								"down": {"uv": [6, 10.25], "uv_size": [0.0625, -0.25]}
							}
						},
						{
							"origin": [0.5, 0.375, 1.3125],
							"size": [0.0625, 0.5625, 0.5],
							"uv": {
								"north": {"uv": [6, 9], "uv_size": [0.0625, 0.5625]},
								"east": {"uv": [4, 0], "uv_size": [0.5, 0.5625]},
								"south": {"uv": [9, 6], "uv_size": [0.0625, 0.5625]},
								"west": {"uv": [1, 4], "uv_size": [0.5, 0.5625]}
							}
						},
						{
							"origin": [0.32322, 1.01072, 1.3145],
							"size": [0.0625, 0.25, 0.496],
							"pivot": [0.5625, 1.1875, 1.5625],
							"rotation": [0, 0, -45],
							"uv": {
								"north": {"uv": [10, 6], "uv_size": [0.0625, 0.25]},
								"east": {"uv": [7, 1], "uv_size": [0.5, 0.25]},
								"south": {"uv": [7, 10], "uv_size": [0.0625, 0.25]},
								"west": {"uv": [7, 2], "uv_size": [0.5, 0.25]}
							}
						},
						{
							"origin": [-0.00394, 1.16257, 1.3135],
							"size": [0.0625, 0.25, 0.498],
							"pivot": [0.25828, 1.38324, 1.5625],
							"rotation": [0, 0, -67.5],
							"uv": {
								"north": {"uv": [10, 7], "uv_size": [0.0625, 0.25]},
								"east": {"uv": [3, 7], "uv_size": [0.5, 0.25]},
								"south": {"uv": [8, 10], "uv_size": [0.0625, 0.25]},
								"west": {"uv": [7, 3], "uv_size": [0.5, 0.25]}
							}
						},
						{
							"origin": [-0.15533, 0.1875, 0.8125],
							"size": [0.31066, 0.248, 0.75],
							"pivot": [0, 0.1875, 1.1875],
							"rotation": [0, -45, 0],
							"uv": {
								"north": {"uv": [8, 3], "uv_size": [0.3125, 0.25]},
								"east": {"uv": [4, 5], "uv_size": [0.75, 0.25]},
								"south": {"uv": [4, 8], "uv_size": [0.3125, 0.25]},
								"west": {"uv": [5, 4], "uv_size": [0.75, 0.25]},
								"up": {"uv": [4, 4], "uv_size": [0.3125, 0.75]}
							}
						},
						{
							"origin": [-0.15533, 0.1875, 0.8125],
							"size": [0.31066, 0.249, 0.75],
							"uv": {
								"north": {"uv": [8, 4], "uv_size": [0.3125, 0.25]},
								"east": {"uv": [5, 5], "uv_size": [0.75, 0.25]},
								"south": {"uv": [5, 8], "uv_size": [0.3125, 0.25]},
								"west": {"uv": [0, 6], "uv_size": [0.75, 0.25]},
								"up": {"uv": [0, 5], "uv_size": [0.3125, 0.75]}
							}
						},
						{
							"origin": [-0.375, 0.1875, 1.03217],
							"size": [0.75, 0.248, 0.31066],
							"pivot": [0, 0.1875, 1.1875],
							"rotation": [0, -45, 0],
							"uv": {
								"north": {"uv": [6, 0], "uv_size": [0.75, 0.25]},
								"east": {"uv": [8, 5], "uv_size": [0.3125, 0.25]},
								"south": {"uv": [1, 6], "uv_size": [0.75, 0.25]},
								"west": {"uv": [6, 8], "uv_size": [0.3125, 0.25]},
								"up": {"uv": [5, 0], "uv_size": [0.75, 0.3125]}
							}
						},
						{
							"origin": [-0.375, 0.1875, 1.03217],
							"size": [0.75, 0.25, 0.31066],
							"uv": {
								"north": {"uv": [6, 1], "uv_size": [0.75, 0.25]},
								"east": {"uv": [8, 6], "uv_size": [0.3125, 0.25]},
								"south": {"uv": [2, 6], "uv_size": [0.75, 0.25]},
								"west": {"uv": [7, 8], "uv_size": [0.3125, 0.25]},
								"up": {"uv": [1, 5], "uv_size": [0.75, 0.3125]}
							}
						},
						{
							"origin": [-0.05856, 1.16257, 1.3135],
							"size": [0.0625, 0.25, 0.498],
							"pivot": [-0.25828, 1.38324, 1.5625],
							"rotation": [0, 0, 67.5],
							"uv": {
								"north": {"uv": [10, 8], "uv_size": [0.0625, 0.25]},
								"east": {"uv": [4, 7], "uv_size": [0.5, 0.25]},
								"south": {"uv": [9, 10], "uv_size": [0.0625, 0.25]},
								"west": {"uv": [7, 4], "uv_size": [0.5, 0.25]}
							}
						},
						{
							"origin": [0.2485, 1.24419, 1.3125],
							"size": [0.0625, 0.30951, 0.5],
							"pivot": [0.02975, 1.4287, 1.5625],
							"rotation": [0, 0, 90],
							"uv": {
								"north": {"uv": [10, 4], "uv_size": [0.0625, 0.3125]},
								"east": {"uv": [6, 2], "uv_size": [0.5, 0.3125]},
								"south": {"uv": [5, 10], "uv_size": [0.0625, 0.3125]},
								"west": {"uv": [3, 6], "uv_size": [0.5, 0.3125]}
							}
						},
						{
							"origin": [-0.38572, 1.01072, 1.3145],
							"size": [0.0625, 0.25, 0.496],
							"pivot": [-0.5625, 1.1875, 1.5625],
							"rotation": [0, 0, 45],
							"uv": {
								"north": {"uv": [10, 9], "uv_size": [0.0625, 0.25]},
								"east": {"uv": [5, 7], "uv_size": [0.5, 0.25]},
								"south": {"uv": [10, 10], "uv_size": [0.0625, 0.25]},
								"west": {"uv": [7, 5], "uv_size": [0.5, 0.25]}
							}
						},
						{
							"origin": [-0.5625, 0.375, 1.3125],
							"size": [0.0625, 0.5625, 0.5],
							"uv": {
								"north": {"uv": [7, 9], "uv_size": [0.0625, 0.5625]},
								"east": {"uv": [4, 1], "uv_size": [0.5, 0.5625]},
								"south": {"uv": [9, 7], "uv_size": [0.0625, 0.5625]},
								"west": {"uv": [2, 4], "uv_size": [0.5, 0.5625]}
							}
						},
						{
							"origin": [0.5002, 0.2426, 1.29103],
							"size": [0.0613, 0.5625, 0.25],
							"pivot": [0.53145, 0.75482, 1.32036],
							"rotation": [-22.5, 0, 0],
							"uv": {
								"north": {"uv": [8, 9], "uv_size": [0.0625, 0.5625]},
								"east": {"uv": [6, 3], "uv_size": [0.25, 0.5625]},
								"west": {"uv": [4, 6], "uv_size": [0.25, 0.5625]}
							}
						},
						{
							"origin": [-0.5623, 0.19477, 1.28151],
							"size": [0.0613, 0.5625, 0.25],
							"pivot": [0.0001, 0.70699, 1.43584],
							"rotation": [-22.5, 0, 0],
							"uv": {
								"north": {"uv": [9, 8], "uv_size": [0.0625, 0.5625]},
								"east": {"uv": [6, 4], "uv_size": [0.25, 0.5625]},
								"west": {"uv": [5, 6], "uv_size": [0.25, 0.5625]}
							}
						},
						{
							"origin": [-0.561, 0.32027, 1.12129],
							"size": [0.0595, 0.5625, 0.25],
							"pivot": [0, 0.6767, 1.00786],
							"rotation": [-72.5, 0, 0],
							"uv": {
								"north": {"uv": [9, 9], "uv_size": [0.0625, 0.5625]},
								"east": {"uv": [6, 5], "uv_size": [0.25, 0.5625]},
								"west": {"uv": [6, 6], "uv_size": [0.25, 0.5625]},
								"down": {"uv": [0, 11.25], "uv_size": [0.0625, -0.25]}
							}
						},
						{
							"origin": [0.501, 0.32027, 1.12129],
							"size": [0.0595, 0.5625, 0.25],
							"pivot": [0, 0.6767, 1.00786],
							"rotation": [-72.5, 0, 0],
							"uv": {
								"north": {"uv": [0, 10], "uv_size": [0.0625, 0.5625]},
								"east": {"uv": [0, 7], "uv_size": [0.25, 0.5625]},
								"west": {"uv": [7, 0], "uv_size": [0.25, 0.5625]},
								"down": {"uv": [11, 0.25], "uv_size": [0.0625, -0.25]}
							}
						},
						{
							"origin": [-0.30927, 0.375, 0],
							"size": [0.61855, 0.11808, 0.75],
							"uv": {
								"north": {"uv": [8, 7], "uv_size": [0.625, 0.125]},
								"east": {"uv": [7, 7], "uv_size": [0.75, 0.125]},
								"south": {"uv": [8, 8], "uv_size": [0.625, 0.125]},
								"west": {"uv": [0, 8], "uv_size": [0.75, 0.125]},
								"up": {"uv": [2, 2], "uv_size": [0.625, 0.75]},
								"down": {"uv": [2, 3.75], "uv_size": [0.625, -0.75]}
							}
						},
						{
							"origin": [-0.71177, 0.48544, 0.001],
							"size": [0.2794, 0.125, 0.748],
							"pivot": [-0.10612, 0.82939, 0.375],
							"rotation": [0, 0, -25],
							"uv": {
								"north": {"uv": [10, 0], "uv_size": [0.28125, 0.125]},
								"east": {"uv": [8, 0], "uv_size": [0.75, 0.125]},
								"south": {"uv": [1, 10], "uv_size": [0.28125, 0.125]},
								"west": {"uv": [1, 8], "uv_size": [0.75, 0.125]},
								"up": {"uv": [5, 1], "uv_size": [0.28125, 0.75]},
								"down": {"uv": [2, 5.75], "uv_size": [0.28125, -0.75]}
							}
						},
						{
							"origin": [0.43237, 0.48544, 0.001],
							"size": [0.2794, 0.125, 0.748],
							"pivot": [0.10612, 0.82939, 0.375],
							"rotation": [0, 0, 25],
							"uv": {
								"north": {"uv": [10, 1], "uv_size": [0.28125, 0.125]},
								"east": {"uv": [8, 1], "uv_size": [0.75, 0.125]},
								"south": {"uv": [2, 10], "uv_size": [0.28125, 0.125]},
								"west": {"uv": [2, 8], "uv_size": [0.75, 0.125]},
								"up": {"uv": [5, 2], "uv_size": [0.28125, 0.75]},
								"down": {"uv": [3, 5.75], "uv_size": [0.28125, -0.75]}
							}
						},
						{
							"origin": [-0.5, 0.375, 1.5625],
							"size": [1, 0.125, 0.25],
							"uv": {
								"north": {"uv": [6, 7], "uv_size": [1, 0.125]},
								"up": {"uv": [3, 4], "uv_size": [1, 0.25]}
							}
						},
						{
							"origin": [-0.5, 0.375, 1.375],
							"size": [0.125, 0.125, 0.1875],
							"uv": {
								"north": {"uv": [1, 11], "uv_size": [0.125, 0.125]},
								"up": {"uv": [10, 3], "uv_size": [0.125, 0.1875]}
							}
						},
						{
							"origin": [0.375, 0.375, 1.375],
							"size": [0.125, 0.125, 0.1875],
							"uv": {
								"north": {"uv": [11, 1], "uv_size": [0.125, 0.125]},
								"up": {"uv": [4, 10], "uv_size": [0.125, 0.1875]}
							}
						},
						{
							"origin": [0.26831, 0.375, 1.38258],
							"size": [0.1875, 0.124, 0.375],
							"pivot": [0.33081, 0.6875, 1.50758],
							"rotation": [0, -45, 0],
							"uv": {
								"east": {"uv": [4, 9], "uv_size": [0.375, 0.125]},
								"up": {"uv": [1, 9], "uv_size": [0.1875, 0.375]}
							}
						},
						{
							"origin": [-0.45581, 0.375, 1.38258],
							"size": [0.1875, 0.124, 0.375],
							"pivot": [-0.33081, 0.6875, 1.50758],
							"rotation": [0, 45, 0],
							"uv": {
								"west": {"uv": [9, 4], "uv_size": [0.375, 0.125]},
								"up": {"uv": [9, 1], "uv_size": [0.1875, 0.375]}
							}
						},
						{
							"origin": [-0.31843, 0.1875, 1.8125],
							"size": [0.63685, 0.3125, 0.05411],
							"uv": {
								"south": {"uv": [5, 3], "uv_size": [0.625, 0.3125]},
								"up": {"uv": [5, 9], "uv_size": [0.625, 0.0625]},
								"down": {"uv": [9, 5.0625], "uv_size": [0.625, -0.0625]}
							}
						},
						{
							"origin": [0.3125, 0.1885, 1.5625],
							"size": [0.25, 0.3105, 0.25],
							"pivot": [0.5625, 0.6875, 1.8125],
							"rotation": [0, 12.5, 0],
							"uv": {
								"south": {"uv": [0, 9], "uv_size": [0.25, 0.3125]},
								"up": {"uv": [2, 9], "uv_size": [0.25, 0.25]},
								"down": {"uv": [9, 2.25], "uv_size": [0.25, -0.25]}
							}
						},
						{
							"origin": [-0.5625, 0.1885, 1.5625],
							"size": [0.25, 0.3105, 0.25],
							"pivot": [-0.5625, 0.6875, 1.8125],
							"rotation": [0, -12.5, 0],
							"uv": {
								"south": {"uv": [9, 0], "uv_size": [0.25, 0.3125]},
								"up": {"uv": [3, 9], "uv_size": [0.25, 0.25]},
								"down": {"uv": [9, 3.25], "uv_size": [0.25, -0.25]}
							}
						},
						{
							"origin": [-0.5615, -0.41671, 1.68777],
							"size": [1.123, 0.0625, 0.125],
							"pivot": [0, -0.11493, 1.0833],
							"rotation": [45, 0, 0],
							"uv": {
								"east": {"uv": [4, 11], "uv_size": [0.125, 0.0625]},
								"west": {"uv": [11, 4], "uv_size": [0.125, 0.0625]},
								"down": {"uv": [1, 7.125], "uv_size": [1.125, -0.125]}
							}
						}
					]
				},
				{
					"name": "ocular",
					"pivot": [0, 2.0781, -1.812],
					"cubes": [
						{
							"origin": [-0.5, 0.5, -1.75],
							"size": [1, 0.40625, 0.001],
							"uv": {
								"south": {"uv": [0, 4], "uv_size": [1, 0.40625]}
							}
						},
						{
							"origin": [-0.25, 0.90625, -1.75],
							"size": [0.5, 0.25, 0.001],
							"uv": {
								"south": {"uv": [7, 6], "uv_size": [0.5, 0.25]}
							}
						},
						{
							"origin": [0.08839, 0.76608, -1.75],
							"size": [0.35355, 0.25, 0.001],
							"pivot": [0.33839, 0.89108, -1.7495],
							"rotation": [0, 0, 45],
							"uv": {
								"south": {"uv": [8, 2], "uv_size": [0.34375, 0.25]}
							}
						},
						{
							"origin": [-0.44194, 0.76608, -1.75],
							"size": [0.35355, 0.25, 0.001],
							"pivot": [-0.33839, 0.89108, -1.7495],
							"rotation": [0, 0, -45],
							"uv": {
								"south": {"uv": [3, 8], "uv_size": [0.34375, 0.25]}
							}
						}
					]
				},
				{
					"name": "division",
					"pivot": [0, 0.8281, 5]
				},
				{
					"name": "division_illuminated",
					"parent": "division",
					"pivot": [0, 0.8281, 5],
					"cubes": [
						{
							"origin": [-0.0625, 0.7031, -32],
							"size": [0.1875, 0.1875, 0],
							"pivot": [0, 0.8281, -32],
							"rotation": [0, 0, 45],
							"uv": {
								"south": {"uv": [10, 2], "uv_size": [0.1875, 0.1875]}
							}
						}
					]
				},
				{
					"name": "scope_view",
					"pivot": [0, 0.8281, 10]
				}
			]
		}
	]
}