{
	"format_version": "1.12.0",
	"minecraft:geometry": [
		{
			"description": {
				"identifier": "geometry.unknown",
				"texture_width": 16,
				"texture_height": 16,
				"visible_bounds_width": 4,
				"visible_bounds_height": 1.5,
				"visible_bounds_offset": [0, 0.25, 0]
			},
			"bones": [
				{
					"name": "scope_body",
					"pivot": [0, -0.1875, -1.1875],
					"cubes": [
						{
							"origin": [-0.5, 0, -1.9375],
							"size": [1, 0.25, 1.875],
							"uv": {
								"north": {"uv": [1, 5], "uv_size": [1, 0.25]},
								"east": {"uv": [2, 1], "uv_size": [1.875, 0.25]},
								"west": {"uv": [2, 2], "uv_size": [1.875, 0.25]},
								"up": {"uv": [0, 0], "uv_size": [1, 1.875]},
								"down": {"uv": [1, 1.875], "uv_size": [1, -1.875]}
							}
						},
						{
							"origin": [-0.5625, 0.1875, -1.8125],
							"size": [1.125, 0.25, 0.375],
							"uv": {
								"north": {"uv": [4, 1], "uv_size": [1.125, 0.25]},
								"east": {"uv": [6, 8], "uv_size": [0.375, 0.25]},
								"south": {"uv": [2, 4], "uv_size": [1.125, 0.25]},
								"west": {"uv": [8, 6], "uv_size": [0.375, 0.25]},
								"up": {"uv": [0, 3], "uv_size": [1.125, 0.375]},
								"down": {"uv": [3, 0.375], "uv_size": [1.125, -0.375]}
							}
						},
						{
							"origin": [-0.4375, 0.25, -1.9375],
							"size": [0.875, 0.125, 0.8125],
							"uv": {
								"north": {"uv": [8, 5], "uv_size": [0.875, 0.125]},
								"up": {"uv": [0, 2], "uv_size": [0.875, 0.8125]}
							}
						},
						{
							"origin": [-0.4375, -0.01896, -1.28818],
							"size": [0.875, 0.125, 0.25],
							"pivot": [0, 0.04354, -0.88193],
							"rotation": [-45, 0, 0],
							"uv": {
								"up": {"uv": [5, 2], "uv_size": [0.875, 0.25]}
							}
						},
						{
							"origin": [-0.5, 0.25, -0.5625],
							"size": [1, 0.25, 0.5],
							"uv": {
								"north": {"uv": [2, 5], "uv_size": [1, 0.25]},
								"east": {"uv": [2, 7], "uv_size": [0.5, 0.25]},
								"west": {"uv": [7, 2], "uv_size": [0.5, 0.25]},
								"up": {"uv": [1, 2], "uv_size": [1, 0.5]}
							}
						},
						{
							"origin": [-0.5, 0.25, -0.8125],
							"size": [0.0625, 0.25, 0.25],
							"uv": {
								"north": {"uv": [10, 7], "uv_size": [0.0625, 0.25]},
								"east": {"uv": [9, 1], "uv_size": [0.25, 0.25]},
								"west": {"uv": [2, 9], "uv_size": [0.25, 0.25]}
							}
						},
						{
							"origin": [-0.497, 0.3135, -0.8125],
							"size": [0.0555, 0.124, 0.0625],
							"pivot": [-0.46875, 0.375, -0.9375],
							"rotation": [45, 0, 0],
							"uv": {
								"north": {"uv": [12, 2], "uv_size": [0.0625, 0.125]},
								"east": {"uv": [3, 12], "uv_size": [0.0625, 0.125]},
								"west": {"uv": [12, 3], "uv_size": [0.0625, 0.125]}
							}
						},
						{
							"origin": [-0.497, 0.501, -1],
							"size": [0.0555, 0.0615, 0.125],
							"pivot": [-0.46875, 0.375, -0.9375],
							"rotation": [45, 0, 0],
							"uv": {
								"east": {"uv": [4, 12], "uv_size": [0.125, 0.0625]},
								"west": {"uv": [12, 4], "uv_size": [0.125, 0.0625]},
								"down": {"uv": [5, 12.125], "uv_size": [0.0625, -0.125]}
							}
						},
						{
							"origin": [-0.497, 0.3135, -1.125],
							"size": [0.0585, 0.124, 0.0625],
							"pivot": [-0.46875, 0.375, -0.9375],
							"rotation": [45, 0, 0],
							"uv": {
								"east": {"uv": [12, 5], "uv_size": [0.0625, 0.125]},
								"south": {"uv": [6, 12], "uv_size": [0.0625, 0.125]},
								"west": {"uv": [12, 6], "uv_size": [0.0625, 0.125]}
							}
						},
						{
							"origin": [-0.497, 0.1885, -1],
							"size": [0.0585, 0.0615, 0.125],
							"pivot": [-0.46875, 0.375, -0.9375],
							"rotation": [45, 0, 0],
							"uv": {
								"east": {"uv": [7, 12], "uv_size": [0.125, 0.0625]},
								"west": {"uv": [12, 7], "uv_size": [0.125, 0.0625]},
								"up": {"uv": [8, 12], "uv_size": [0.0625, 0.125]}
							}
						},
						{
							"origin": [-0.5, 0.25, -1.9375],
							"size": [0.0625, 0.25, 0.875],
							"uv": {
								"north": {"uv": [8, 10], "uv_size": [0.0625, 0.25]},
								"east": {"uv": [3, 5], "uv_size": [0.875, 0.25]},
								"south": {"uv": [10, 8], "uv_size": [0.0625, 0.25]},
								"west": {"uv": [5, 3], "uv_size": [0.875, 0.25]}
							}
						},
						{
							"origin": [-0.5, 0.5, -1.0625],
							"size": [0.0625, 0.0625, 0.25],
							"uv": {
								"east": {"uv": [9, 10], "uv_size": [0.25, 0.0625]},
								"west": {"uv": [10, 9], "uv_size": [0.25, 0.0625]},
								"down": {"uv": [10, 10.25], "uv_size": [0.0625, -0.25]}
							}
						},
						{
							"origin": [0.4375, 0.5, -1.9375],
							"size": [0.0625, 0.5, 0.625],
							"uv": {
								"north": {"uv": [10, 1], "uv_size": [0.0625, 0.5]},
								"east": {"uv": [2, 3], "uv_size": [0.625, 0.5]},
								"south": {"uv": [2, 10], "uv_size": [0.0625, 0.5]},
								"west": {"uv": [3, 3], "uv_size": [0.625, 0.5]},
								"up": {"uv": [9, 4], "uv_size": [0.0625, 0.625]},
								"down": {"uv": [5, 9.625], "uv_size": [0.0625, -0.625]}
							}
						},
						{
							"origin": [-0.499, 0.4385, -1.8125],
							"size": [0.0605, 0.5615, 0.5],
							"pivot": [-0.46875, 1, -1.3125],
							"rotation": [45, 0, 0],
							"uv": {
								"east": {"uv": [4, 2], "uv_size": [0.5, 0.5625]},
								"south": {"uv": [9, 8], "uv_size": [0.0625, 0.5625]},
								"west": {"uv": [4, 3], "uv_size": [0.5, 0.5625]}
							}
						},
						{
							"origin": [-0.498, 0.08495, -0.76072],
							"size": [0.0585, 0.749, 0.125],
							"pivot": [-0.46875, 0.45895, -0.76072],
							"rotation": [67.5, 0, 0],
							"uv": {
								"east": {"uv": [7, 8], "uv_size": [0.125, 0.75]},
								"south": {"uv": [9, 3], "uv_size": [0.0625, 0.75]},
								"west": {"uv": [8, 7], "uv_size": [0.125, 0.75]}
							}
						},
						{
							"origin": [0.4365, 0.4375, -1.8125],
							"size": [0.0615, 0.5625, 0.5],
							"pivot": [0.46875, 1, -1.3125],
							"rotation": [45, 0, 0],
							"uv": {
								"east": {"uv": [4, 4], "uv_size": [0.5, 0.5625]},
								"south": {"uv": [9, 9], "uv_size": [0.0625, 0.5625]},
								"west": {"uv": [0, 5], "uv_size": [0.5, 0.5625]}
							}
						},
						{
							"origin": [0.4355, 0.08395, -0.76072],
							"size": [0.0615, 0.75, 0.125],
							"pivot": [0.46875, 0.45895, -0.76072],
							"rotation": [67.5, 0, 0],
							"uv": {
								"east": {"uv": [8, 8], "uv_size": [0.125, 0.75]},
								"south": {"uv": [4, 9], "uv_size": [0.0625, 0.75]},
								"west": {"uv": [0, 9], "uv_size": [0.125, 0.75]}
							}
						},
						{
							"origin": [0.4375, 0.5, -1.0625],
							"size": [0.0625, 0.0625, 0.25],
							"uv": {
								"east": {"uv": [0, 11], "uv_size": [0.25, 0.0625]},
								"west": {"uv": [11, 0], "uv_size": [0.25, 0.0625]},
								"down": {"uv": [1, 11.25], "uv_size": [0.0625, -0.25]}
							}
						},
						{
							"origin": [0.4385, 0.3125, -0.8125],
							"size": [0.0575, 0.125, 0.0625],
							"pivot": [0.46875, 0.375, -0.9375],
							"rotation": [45, 0, 0],
							"uv": {
								"north": {"uv": [12, 8], "uv_size": [0.0625, 0.125]},
								"east": {"uv": [9, 12], "uv_size": [0.0625, 0.125]},
								"west": {"uv": [12, 9], "uv_size": [0.0625, 0.125]}
							}
						},
						{
							"origin": [0.4375, 0.25, -0.8125],
							"size": [0.0625, 0.25, 0.25],
							"uv": {
								"north": {"uv": [11, 1], "uv_size": [0.0625, 0.25]},
								"east": {"uv": [9, 2], "uv_size": [0.25, 0.25]},
								"west": {"uv": [3, 9], "uv_size": [0.25, 0.25]}
							}
						},
						{
							"origin": [0.4385, 0.1875, -1],
							"size": [0.0605, 0.0625, 0.125],
							"pivot": [0.46875, 0.375, -0.9375],
							"rotation": [45, 0, 0],
							"uv": {
								"east": {"uv": [10, 12], "uv_size": [0.125, 0.0625]},
								"west": {"uv": [12, 10], "uv_size": [0.125, 0.0625]},
								"up": {"uv": [11, 12], "uv_size": [0.0625, 0.125]}
							}
						},
						{
							"origin": [0.4385, 0.3125, -1.125],
							"size": [0.0605, 0.125, 0.0625],
							"pivot": [0.46875, 0.375, -0.9375],
							"rotation": [45, 0, 0],
							"uv": {
								"east": {"uv": [12, 11], "uv_size": [0.0625, 0.125]},
								"south": {"uv": [12, 12], "uv_size": [0.0625, 0.125]},
								"west": {"uv": [0, 13], "uv_size": [0.0625, 0.125]}
							}
						},
						{
							"origin": [0.4375, 0.25, -1.9375],
							"size": [0.0625, 0.25, 0.875],
							"uv": {
								"north": {"uv": [2, 11], "uv_size": [0.0625, 0.25]},
								"east": {"uv": [4, 5], "uv_size": [0.875, 0.25]},
								"south": {"uv": [11, 2], "uv_size": [0.0625, 0.25]},
								"west": {"uv": [5, 4], "uv_size": [0.875, 0.25]}
							}
						},
						{
							"origin": [0.4385, 0.5, -1],
							"size": [0.0575, 0.0625, 0.125],
							"pivot": [0.46875, 0.375, -0.9375],
							"rotation": [45, 0, 0],
							"uv": {
								"east": {"uv": [13, 0], "uv_size": [0.125, 0.0625]},
								"west": {"uv": [1, 13], "uv_size": [0.125, 0.0625]},
								"down": {"uv": [13, 1.125], "uv_size": [0.0625, -0.125]}
							}
						},
						{
							"origin": [-0.5, 0.5, -1.9375],
							"size": [0.0625, 0.5, 0.625],
							"uv": {
								"north": {"uv": [10, 2], "uv_size": [0.0625, 0.5]},
								"east": {"uv": [0, 4], "uv_size": [0.625, 0.5]},
								"south": {"uv": [3, 10], "uv_size": [0.0625, 0.5]},
								"west": {"uv": [1, 4], "uv_size": [0.625, 0.5]},
								"up": {"uv": [9, 5], "uv_size": [0.0625, 0.625]},
								"down": {"uv": [6, 9.625], "uv_size": [0.0625, -0.625]}
							}
						},
						{
							"origin": [0.20233, 0.002, -0.04957],
							"size": [0.25, 0.497, 0.125],
							"pivot": [-0.04767, 0.375, -0.17457],
							"rotation": [0, 15, 0],
							"uv": {
								"south": {"uv": [3, 7], "uv_size": [0.25, 0.5]},
								"up": {"uv": [10, 3], "uv_size": [0.25, 0.125]},
								"down": {"uv": [4, 10.125], "uv_size": [0.25, -0.125]}
							}
						},
						{
							"origin": [-0.45233, 0.002, -0.04957],
							"size": [0.25, 0.497, 0.125],
							"pivot": [0.04767, 0.375, -0.17457],
							"rotation": [0, -15, 0],
							"uv": {
								"south": {"uv": [7, 3], "uv_size": [0.25, 0.5]},
								"up": {"uv": [10, 4], "uv_size": [0.25, 0.125]},
								"down": {"uv": [5, 10.125], "uv_size": [0.25, -0.125]}
							}
						},
						{
							"origin": [-0.25852, 0, -0.0625],
							"size": [0.51704, 0.5, 0.0647],
							"uv": {
								"south": {"uv": [5, 0], "uv_size": [0.53125, 0.5]},
								"up": {"uv": [10, 0], "uv_size": [0.53125, 0.0625]},
								"down": {"uv": [1, 10.0625], "uv_size": [0.53125, -0.0625]}
							}
						},
						{
							"origin": [-0.5, 0.80109, -1.9365],
							"size": [0.0625, 0.19891, 0.623],
							"pivot": [0, 0.90054, -1.4375],
							"rotation": [0, 0, 22.5],
							"uv": {
								"north": {"uv": [3, 11], "uv_size": [0.0625, 0.1875]},
								"east": {"uv": [4, 7], "uv_size": [0.625, 0.1875]},
								"south": {"uv": [11, 3], "uv_size": [0.0625, 0.1875]},
								"west": {"uv": [7, 4], "uv_size": [0.625, 0.1875]}
							}
						},
						{
							"origin": [-0.16196, 0.30679, -1.9355],
							"size": [0.26141, 0.15625, 0.622],
							"pivot": [0, 0.90054, -1.4375],
							"rotation": [0, 0, -45],
							"uv": {
								"north": {"uv": [9, 6], "uv_size": [0.25, 0.15625]},
								"south": {"uv": [7, 9], "uv_size": [0.25, 0.15625]},
								"up": {"uv": [1, 7], "uv_size": [0.25, 0.625]}
							}
						},
						{
							"origin": [-0.09946, 0.33804, -1.9345],
							"size": [0.19891, 0.125, 0.62],
							"pivot": [0, 0.90054, -1.4375],
							"rotation": [0, 0, -22.5],
							"uv": {
								"north": {"uv": [10, 5], "uv_size": [0.1875, 0.125]},
								"south": {"uv": [6, 10], "uv_size": [0.1875, 0.125]},
								"up": {"uv": [5, 7], "uv_size": [0.1875, 0.625]}
							}
						},
						{
							"origin": [-0.4375, 0.46304, -1.9365],
							"size": [0.0625, 0.1875, 0.624],
							"uv": {
								"north": {"uv": [4, 11], "uv_size": [0.0625, 0.1875]},
								"south": {"uv": [11, 4], "uv_size": [0.0625, 0.1875]}
							}
						},
						{
							"origin": [0.375, 0.46304, -1.9365],
							"size": [0.0625, 0.1875, 0.624],
							"uv": {
								"north": {"uv": [5, 11], "uv_size": [0.0625, 0.1875]},
								"south": {"uv": [11, 5], "uv_size": [0.0625, 0.1875]}
							}
						},
						{
							"origin": [-0.4375, 0.375, -1.9375],
							"size": [0.875, 0.08804, 0.625],
							"uv": {
								"north": {"uv": [9, 0], "uv_size": [0.875, 0.09375]},
								"south": {"uv": [1, 9], "uv_size": [0.875, 0.09375]},
								"up": {"uv": [2, 0], "uv_size": [0.875, 0.625]}
							}
						},
						{
							"origin": [-0.09946, 0.33804, -1.9345],
							"size": [0.19891, 0.125, 0.62],
							"pivot": [0, 0.90054, -1.4375],
							"rotation": [0, 0, 22.5],
							"uv": {
								"north": {"uv": [10, 6], "uv_size": [0.1875, 0.125]},
								"south": {"uv": [7, 10], "uv_size": [0.1875, 0.125]},
								"up": {"uv": [7, 5], "uv_size": [0.1875, 0.625]}
							}
						},
						{
							"origin": [-0.09946, 0.30679, -1.9355],
							"size": [0.26141, 0.15625, 0.622],
							"pivot": [0, 0.90054, -1.4375],
							"rotation": [0, 0, 45],
							"uv": {
								"north": {"uv": [9, 7], "uv_size": [0.25, 0.15625]},
								"south": {"uv": [8, 9], "uv_size": [0.25, 0.15625]},
								"up": {"uv": [7, 1], "uv_size": [0.25, 0.625]}
							}
						},
						{
							"origin": [-0.5, 0.80109, -1.9345],
							"size": [0.0625, 0.19891, 0.62],
							"pivot": [0, 0.90054, -1.4375],
							"rotation": [0, 0, -22.5],
							"uv": {
								"north": {"uv": [6, 11], "uv_size": [0.0625, 0.1875]},
								"south": {"uv": [11, 6], "uv_size": [0.0625, 0.1875]},
								"west": {"uv": [6, 7], "uv_size": [0.625, 0.1875]}
							}
						},
						{
							"origin": [0.4375, 0.80109, -1.9345],
							"size": [0.0625, 0.19891, 0.62],
							"pivot": [0, 0.90054, -1.4375],
							"rotation": [0, 0, 22.5],
							"uv": {
								"north": {"uv": [7, 11], "uv_size": [0.0625, 0.1875]},
								"east": {"uv": [7, 6], "uv_size": [0.625, 0.1875]},
								"south": {"uv": [11, 7], "uv_size": [0.0625, 0.1875]}
							}
						},
						{
							"origin": [0.4375, 0.80109, -1.9365],
							"size": [0.0625, 0.19891, 0.623],
							"pivot": [0, 0.90054, -1.4375],
							"rotation": [0, 0, -22.5],
							"uv": {
								"north": {"uv": [8, 11], "uv_size": [0.0625, 0.1875]},
								"east": {"uv": [7, 7], "uv_size": [0.625, 0.1875]},
								"south": {"uv": [11, 8], "uv_size": [0.0625, 0.1875]},
								"west": {"uv": [0, 8], "uv_size": [0.625, 0.1875]}
							}
						},
						{
							"origin": [-0.09946, 1.33804, -1.9375],
							"size": [0.19891, 0.0625, 0.625],
							"pivot": [0, 0.90054, -1.4375],
							"rotation": [0, 0, 45],
							"uv": {
								"north": {"uv": [9, 11], "uv_size": [0.1875, 0.0625]},
								"south": {"uv": [11, 9], "uv_size": [0.1875, 0.0625]},
								"up": {"uv": [8, 0], "uv_size": [0.1875, 0.625]},
								"down": {"uv": [1, 8.625], "uv_size": [0.1875, -0.625]}
							}
						},
						{
							"origin": [-0.09946, 1.33804, -1.9365],
							"size": [0.19891, 0.0625, 0.623],
							"pivot": [0, 0.90054, -1.4375],
							"rotation": [0, 0, 22.5],
							"uv": {
								"north": {"uv": [10, 11], "uv_size": [0.1875, 0.0625]},
								"south": {"uv": [11, 10], "uv_size": [0.1875, 0.0625]},
								"up": {"uv": [8, 1], "uv_size": [0.1875, 0.625]},
								"down": {"uv": [2, 8.625], "uv_size": [0.1875, -0.625]}
							}
						},
						{
							"origin": [-0.09946, 1.33804, -1.9375],
							"size": [0.19891, 0.0625, 0.625],
							"uv": {
								"north": {"uv": [11, 11], "uv_size": [0.1875, 0.0625]},
								"south": {"uv": [0, 12], "uv_size": [0.1875, 0.0625]},
								"up": {"uv": [8, 2], "uv_size": [0.1875, 0.625]},
								"down": {"uv": [3, 8.625], "uv_size": [0.1875, -0.625]}
							}
						},
						{
							"origin": [-0.09946, 1.33804, -1.9365],
							"size": [0.19891, 0.0625, 0.623],
							"pivot": [0, 0.90054, -1.4375],
							"rotation": [0, 0, -22.5],
							"uv": {
								"north": {"uv": [12, 0], "uv_size": [0.1875, 0.0625]},
								"south": {"uv": [1, 12], "uv_size": [0.1875, 0.0625]},
								"up": {"uv": [8, 3], "uv_size": [0.1875, 0.625]},
								"down": {"uv": [4, 8.625], "uv_size": [0.1875, -0.625]}
							}
						},
						{
							"origin": [-0.09946, 1.33804, -1.9375],
							"size": [0.19891, 0.0625, 0.625],
							"pivot": [0, 0.90054, -1.4375],
							"rotation": [0, 0, -45],
							"uv": {
								"north": {"uv": [12, 1], "uv_size": [0.1875, 0.0625]},
								"south": {"uv": [2, 12], "uv_size": [0.1875, 0.0625]},
								"up": {"uv": [8, 4], "uv_size": [0.1875, 0.625]},
								"down": {"uv": [5, 8.625], "uv_size": [0.1875, -0.625]}
							}
						}
					]
				},
				{
					"name": "ocular",
					"pivot": [0, 1.9005, -1.6245],
					"cubes": [
						{
							"origin": [-0.4375, 0.81348, -1.622],
							"size": [0.875, 0.17405, -0.005],
							"pivot": [0, 0.9005, -1.125],
							"rotation": [0, 0, 22.5],
							"uv": {
								"north": {"uv": [5, 5], "uv_size": [0.875, 0.1875]},
								"south": {"uv": [0, 6], "uv_size": [0.875, 0.1875]}
							}
						},
						{
							"origin": [-0.4375, 0.81348, -1.625],
							"size": [0.875, 0.17405, 0.001],
							"uv": {
								"north": {"uv": [6, 0], "uv_size": [0.875, 0.1875]},
								"south": {"uv": [1, 6], "uv_size": [0.875, 0.1875]}
							}
						},
						{
							"origin": [-0.4375, 0.81348, -1.622],
							"size": [0.875, 0.17405, -0.005],
							"pivot": [0, 0.9005, -1.125],
							"rotation": [0, 0, -22.5],
							"uv": {
								"north": {"uv": [6, 1], "uv_size": [0.875, 0.1875]},
								"south": {"uv": [2, 6], "uv_size": [0.875, 0.1875]}
							}
						},
						{
							"origin": [-0.08702, 0.463, -1.623],
							"size": [0.17405, 0.875, -0.003],
							"pivot": [0, 0.9005, -1.125],
							"rotation": [0, 0, 45],
							"uv": {
								"north": {"uv": [6, 2], "uv_size": [0.1875, 0.875]},
								"south": {"uv": [3, 6], "uv_size": [0.1875, 0.875]}
							}
						},
						{
							"origin": [-0.08702, 0.463, -1.622],
							"size": [0.17405, 0.875, -0.005],
							"pivot": [0, 0.9005, -1.125],
							"rotation": [0, 0, 22.5],
							"uv": {
								"north": {"uv": [6, 3], "uv_size": [0.1875, 0.875]},
								"south": {"uv": [4, 6], "uv_size": [0.1875, 0.875]}
							}
						},
						{
							"origin": [-0.08702, 0.463, -1.624],
							"size": [0.17405, 0.875, -0.001],
							"uv": {
								"north": {"uv": [6, 4], "uv_size": [0.1875, 0.875]},
								"south": {"uv": [5, 6], "uv_size": [0.1875, 0.875]}
							}
						},
						{
							"origin": [-0.08702, 0.463, -1.622],
							"size": [0.17405, 0.875, -0.005],
							"pivot": [0, 0.9005, -1.125],
							"rotation": [0, 0, -22.5],
							"uv": {
								"north": {"uv": [6, 5], "uv_size": [0.1875, 0.875]},
								"south": {"uv": [6, 6], "uv_size": [0.1875, 0.875]}
							}
						},
						{
							"origin": [-0.08702, 0.463, -1.623],
							"size": [0.17405, 0.875, -0.003],
							"pivot": [0, 0.9005, -1.125],
							"rotation": [0, 0, -45],
							"uv": {
								"north": {"uv": [0, 7], "uv_size": [0.1875, 0.875]},
								"south": {"uv": [7, 0], "uv_size": [0.1875, 0.875]}
							}
						}
					]
				},
				{
					"name": "division",
					"pivot": [0, 0.9005, -0.6245]
				},
				{
					"name": "division_illuminated",
					"parent": "division",
					"pivot": [0, 0.9005, -0.6245],
					"cubes": [
						{
							"origin": [-0.09375, 0.80675, -32.6245],
							"size": [0.1875, 0.1875, 0],
							"pivot": [0, 0.9005, -32.6245],
							"rotation": [0, 0, -45],
							"uv": {
								"south": {"uv": [0, 10], "uv_size": [0.1875, 0.1875]}
							}
						}
					]
				},
				{
					"name": "scope_view",
					"pivot": [0, 0.9005, 10]
				}
			]
		}
	]
}