{
	"format_version": "1.12.0",
	"minecraft:geometry": [
		{
			"description": {
				"identifier": "geometry.GunSmith_bench",
				"texture_width": 128,
				"texture_height": 128,
				"visible_bounds_width": 3,
				"visible_bounds_height": 4.5,
				"visible_bounds_offset": [0, 1.75, 0]
			},
			"bones": [
				{
					"name": "bench",
					"pivot": [27, 10, 0]
				},
				{
					"name": "bone",
					"parent": "bench",
					"pivot": [7.5, 16.83724, 3.64175],
					"cubes": [
						{
							"origin": [-8, 15, -6],
							"size": [31, 1, 14],
							"uv": {
								"north": {"uv": [60, 53], "uv_size": [31, 1]},
								"east": {"uv": [71, 60], "uv_size": [14, 1]},
								"south": {"uv": [62, 13], "uv_size": [31, 1]},
								"west": {"uv": [71, 61], "uv_size": [14, 1]},
								"up": {"uv": [0, 30], "uv_size": [31, 14]},
								"down": {"uv": [31, 14], "uv_size": [31, -14]}
							}
						},
						{
							"origin": [-6, 14, -4],
							"size": [27, 1, 1],
							"uv": {
								"north": {"uv": [69, 69], "uv_size": [27, 1]},
								"east": {"uv": [25, 74], "uv_size": [1, 1]},
								"south": {"uv": [14, 70], "uv_size": [27, 1]},
								"west": {"uv": [74, 73], "uv_size": [1, 1]},
								"up": {"uv": [69, 70], "uv_size": [27, 1]},
								"down": {"uv": [14, 72], "uv_size": [27, -1]}
							}
						},
						{
							"origin": [19, 13, -4],
							"size": [2, 1, 1],
							"uv": {
								"north": {"uv": [20, 69], "uv_size": [2, 1]},
								"east": {"uv": [74, 74], "uv_size": [1, 1]},
								"south": {"uv": [22, 69], "uv_size": [2, 1]},
								"west": {"uv": [15, 75], "uv_size": [1, 1]},
								"up": {"uv": [49, 72], "uv_size": [2, 1]},
								"down": {"uv": [73, 23], "uv_size": [2, -1]}
							}
						},
						{
							"origin": [17.5, 13, -4],
							"size": [1.5, 1, 1],
							"pivot": [19, 13, -3.5],
							"rotation": [0, 0, 45],
							"uv": {
								"north": {"uv": [73, 66], "uv_size": [1.5, 1]},
								"east": {"uv": [16, 75], "uv_size": [1, 1]},
								"south": {"uv": [21, 74], "uv_size": [1.5, 1]},
								"west": {"uv": [17, 75], "uv_size": [1, 1]},
								"up": {"uv": [23, 74], "uv_size": [1.5, 1]},
								"down": {"uv": [29, 75], "uv_size": [1.5, -1]}
							}
						},
						{
							"origin": [-4, 13, -4],
							"size": [1.5, 1, 1],
							"pivot": [-4, 13, -3.5],
							"rotation": [0, 0, -45],
							"uv": {
								"north": {"uv": [31, 74], "uv_size": [1.5, 1]},
								"east": {"uv": [18, 75], "uv_size": [1, 1]},
								"south": {"uv": [33, 74], "uv_size": [1.5, 1]},
								"west": {"uv": [21, 75], "uv_size": [1, 1]},
								"up": {"uv": [35, 74], "uv_size": [1.5, 1]},
								"down": {"uv": [37, 75], "uv_size": [1.5, -1]}
							}
						},
						{
							"origin": [-6, 13, -4],
							"size": [2, 1, 1],
							"uv": {
								"north": {"uv": [73, 23], "uv_size": [2, 1]},
								"east": {"uv": [22, 75], "uv_size": [1, 1]},
								"south": {"uv": [73, 24], "uv_size": [2, 1]},
								"west": {"uv": [75, 22], "uv_size": [1, 1]},
								"up": {"uv": [29, 73], "uv_size": [2, 1]},
								"down": {"uv": [31, 74], "uv_size": [2, -1]}
							}
						},
						{
							"origin": [-4, 13, 5],
							"size": [1.5, 1, 1],
							"pivot": [-4, 13, 5.5],
							"rotation": [0, 0, -45],
							"uv": {
								"north": {"uv": [39, 74], "uv_size": [1.5, 1]},
								"east": {"uv": [23, 75], "uv_size": [1, 1]},
								"south": {"uv": [41, 74], "uv_size": [1.5, 1]},
								"west": {"uv": [75, 23], "uv_size": [1, 1]},
								"up": {"uv": [43, 74], "uv_size": [1.5, 1]},
								"down": {"uv": [45, 75], "uv_size": [1.5, -1]}
							}
						},
						{
							"origin": [-6, 13, 5],
							"size": [2, 1, 1],
							"uv": {
								"north": {"uv": [33, 73], "uv_size": [2, 1]},
								"east": {"uv": [24, 75], "uv_size": [1, 1]},
								"south": {"uv": [35, 73], "uv_size": [2, 1]},
								"west": {"uv": [75, 24], "uv_size": [1, 1]},
								"up": {"uv": [37, 73], "uv_size": [2, 1]},
								"down": {"uv": [39, 74], "uv_size": [2, -1]}
							}
						},
						{
							"origin": [-6, 14, 5],
							"size": [27, 1, 1],
							"uv": {
								"north": {"uv": [71, 54], "uv_size": [27, 1]},
								"east": {"uv": [25, 75], "uv_size": [1, 1]},
								"south": {"uv": [71, 55], "uv_size": [27, 1]},
								"west": {"uv": [26, 75], "uv_size": [1, 1]},
								"up": {"uv": [71, 56], "uv_size": [27, 1]},
								"down": {"uv": [71, 58], "uv_size": [27, -1]}
							}
						},
						{
							"origin": [19, 13, 5],
							"size": [2, 1, 1],
							"uv": {
								"north": {"uv": [41, 73], "uv_size": [2, 1]},
								"east": {"uv": [29, 75], "uv_size": [1, 1]},
								"south": {"uv": [43, 73], "uv_size": [2, 1]},
								"west": {"uv": [30, 75], "uv_size": [1, 1]},
								"up": {"uv": [49, 73], "uv_size": [2, 1]},
								"down": {"uv": [52, 74], "uv_size": [2, -1]}
							}
						},
						{
							"origin": [17.5, 13, 5],
							"size": [1.5, 1, 1],
							"pivot": [19, 13, 5.5],
							"rotation": [0, 0, 45],
							"uv": {
								"north": {"uv": [49, 74], "uv_size": [1.5, 1]},
								"east": {"uv": [31, 75], "uv_size": [1, 1]},
								"south": {"uv": [52, 74], "uv_size": [1.5, 1]},
								"west": {"uv": [32, 75], "uv_size": [1, 1]},
								"up": {"uv": [74, 62], "uv_size": [1.5, 1]},
								"down": {"uv": [74, 64], "uv_size": [1.5, -1]}
							}
						},
						{
							"origin": [-7, 1, 4],
							"size": [1, 14, 2],
							"uv": {
								"north": {"uv": [51, 70], "uv_size": [1, 14]},
								"east": {"uv": [57, 64], "uv_size": [2, 14]},
								"south": {"uv": [69, 71], "uv_size": [1, 14]},
								"west": {"uv": [59, 68], "uv_size": [2, 14]},
								"up": {"uv": [26, 73], "uv_size": [1, 2]},
								"down": {"uv": [54, 75], "uv_size": [1, -2]}
							}
						},
						{
							"origin": [-7, 1, -4],
							"size": [1, 14, 2],
							"uv": {
								"north": {"uv": [70, 71], "uv_size": [1, 14]},
								"east": {"uv": [61, 68], "uv_size": [2, 14]},
								"south": {"uv": [71, 71], "uv_size": [1, 14]},
								"west": {"uv": [63, 68], "uv_size": [2, 14]},
								"up": {"uv": [55, 73], "uv_size": [1, 2]},
								"down": {"uv": [56, 75], "uv_size": [1, -2]}
							}
						},
						{
							"origin": [21, 1, -4],
							"size": [1, 14, 2],
							"uv": {
								"north": {"uv": [0, 72], "uv_size": [1, 14]},
								"east": {"uv": [65, 68], "uv_size": [2, 14]},
								"south": {"uv": [1, 72], "uv_size": [1, 14]},
								"west": {"uv": [67, 68], "uv_size": [2, 14]},
								"up": {"uv": [73, 62], "uv_size": [1, 2]},
								"down": {"uv": [73, 66], "uv_size": [1, -2]}
							}
						},
						{
							"origin": [21, 14, -2],
							"size": [1, 1, 6],
							"uv": {
								"north": {"uv": [33, 75], "uv_size": [1, 1]},
								"east": {"uv": [14, 69], "uv_size": [6, 1]},
								"south": {"uv": [34, 75], "uv_size": [1, 1]},
								"west": {"uv": [71, 67], "uv_size": [6, 1]},
								"up": {"uv": [19, 72], "uv_size": [1, 6]},
								"down": {"uv": [20, 78], "uv_size": [1, -6]}
							}
						},
						{
							"origin": [-7, 14, -2],
							"size": [1, 1, 6],
							"uv": {
								"north": {"uv": [35, 75], "uv_size": [1, 1]},
								"east": {"uv": [21, 72], "uv_size": [6, 1]},
								"south": {"uv": [36, 75], "uv_size": [1, 1]},
								"west": {"uv": [72, 25], "uv_size": [6, 1]},
								"up": {"uv": [27, 72], "uv_size": [1, 6]},
								"down": {"uv": [28, 78], "uv_size": [1, -6]}
							}
						},
						{
							"origin": [21, 1, 4],
							"size": [1, 14, 2],
							"uv": {
								"north": {"uv": [2, 72], "uv_size": [1, 14]},
								"east": {"uv": [10, 69], "uv_size": [2, 14]},
								"south": {"uv": [3, 72], "uv_size": [1, 14]},
								"west": {"uv": [12, 69], "uv_size": [2, 14]},
								"up": {"uv": [72, 73], "uv_size": [1, 2]},
								"down": {"uv": [73, 75], "uv_size": [1, -2]}
							}
						},
						{
							"origin": [-6, 13, 5.5],
							"size": [-1, -11, -1],
							"uv": {
								"north": {"uv": [4, 72], "uv_size": [1, 11]},
								"south": {"uv": [5, 72], "uv_size": [1, 11]},
								"up": {"uv": [37, 75], "uv_size": [1, 1]},
								"down": {"uv": [38, 76], "uv_size": [1, -1]}
							}
						},
						{
							"origin": [22, 13, 5.5],
							"size": [-1, -11, -1],
							"uv": {
								"north": {"uv": [8, 72], "uv_size": [1, 11]},
								"south": {"uv": [9, 72], "uv_size": [1, 11]},
								"up": {"uv": [41, 75], "uv_size": [1, 1]},
								"down": {"uv": [42, 76], "uv_size": [1, -1]}
							}
						},
						{
							"origin": [-6.5, 15.62607, 4.82882],
							"size": [28, 2, 2.125],
							"uv": {
								"east": {"uv": [55, 64], "uv_size": [2, 2]},
								"south": {"uv": [24, 66], "uv_size": [28, 2]},
								"west": {"uv": [45, 72], "uv_size": [2, 2]},
								"up": {"uv": [24, 68], "uv_size": [28, 2]}
							}
						},
						{
							"origin": [-6.5, 15.24349, -5.00533],
							"size": [28, 1.06526, 0.47193],
							"uv": {
								"north": {"uv": [69, 68], "uv_size": [28, 1]},
								"east": {"uv": [45, 75], "uv_size": [0.5, 1]},
								"west": {"uv": [46, 75], "uv_size": [0.5, 1]}
							}
						},
						{
							"origin": [-6.5, 15.83724, -5.00034],
							"size": [28, 1.62714, 9.92197],
							"pivot": [7.5, 16.83724, 3.64175],
							"rotation": [7.5, 0, 0],
							"uv": {
								"east": {"uv": [41, 70], "uv_size": [10, 1.5]},
								"west": {"uv": [71, 58], "uv_size": [10, 1.5]},
								"up": {"uv": [31, 54], "uv_size": [28, 10]}
							}
						}
					]
				},
				{
					"name": "panel",
					"parent": "bone",
					"pivot": [0, -14, 0],
					"cubes": [
						{
							"origin": [1.5, 17.46438, -4.17075],
							"size": [9.375, 0.125, 8.09237],
							"pivot": [8.5, 16.83724, 3.64175],
							"rotation": [7.5, 0, 0],
							"uv": {
								"north": {"uv": [72, 26], "uv_size": [9.5, 0.5]},
								"east": {"uv": [29, 72], "uv_size": [8, 0.5]},
								"south": {"uv": [72, 27], "uv_size": [9.5, 0.5]},
								"west": {"uv": [37, 72], "uv_size": [8, 0.5]},
								"up": {"uv": [0, 64], "uv_size": [9.5, 8]}
							}
						},
						{
							"origin": [8.5, 17.58938, -3.42075],
							"size": [1.75, 0.125, 4.34237],
							"pivot": [8.5, 16.83724, 3.64175],
							"rotation": [7.5, 0, 0],
							"uv": {
								"north": {"uv": [74, 64], "uv_size": [2, 0.5]},
								"east": {"uv": [21, 73], "uv_size": [4.5, 0.5]},
								"south": {"uv": [74, 65], "uv_size": [2, 0.5]},
								"west": {"uv": [73, 21], "uv_size": [4.5, 0.5]},
								"up": {"uv": [71, 62], "uv_size": [2, 4.5]}
							}
						},
						{
							"origin": [7.625, 17.58938, -3.45338],
							"size": [0.3125, 0.125, 6.6875],
							"pivot": [8.5, 16.83724, 3.64175],
							"rotation": [7.5, 0, 0],
							"uv": {
								"north": {"uv": [49, 75], "uv_size": [0.5, 0.5]},
								"east": {"uv": [72, 71], "uv_size": [6.5, 0.5]},
								"south": {"uv": [50, 75], "uv_size": [0.5, 0.5]},
								"west": {"uv": [72, 72], "uv_size": [6.5, 0.5]},
								"up": {"uv": [47, 72], "uv_size": [0.5, 6.5]}
							}
						},
						{
							"origin": [2.75, 17.58938, 2.92162],
							"size": [4.875, 0.125, 0.3125],
							"pivot": [8.5, 16.83724, 3.64175],
							"rotation": [7.5, 0, 0],
							"uv": {
								"north": {"uv": [52, 72], "uv_size": [5, 0.5]},
								"south": {"uv": [73, 16], "uv_size": [5, 0.5]},
								"up": {"uv": [73, 17], "uv_size": [5, 0.5]}
							}
						},
						{
							"origin": [2.75, 17.59754, -3.45391],
							"size": [4.875, 0.125, 0.3125],
							"pivot": [8.5, 16.8454, 3.70372],
							"rotation": [7.5, 0, 0],
							"uv": {
								"north": {"uv": [73, 18], "uv_size": [5, 0.5]},
								"south": {"uv": [73, 19], "uv_size": [5, 0.5]},
								"up": {"uv": [73, 20], "uv_size": [5, 0.5]}
							}
						},
						{
							"origin": [2.4375, 17.58938, -3.45338],
							"size": [0.3125, 0.125, 6.6875],
							"pivot": [8.5, 16.83724, 3.64175],
							"rotation": [7.5, 0, 0],
							"uv": {
								"north": {"uv": [52, 75], "uv_size": [0.5, 0.5]},
								"east": {"uv": [73, 14], "uv_size": [6.5, 0.5]},
								"south": {"uv": [53, 75], "uv_size": [0.5, 0.5]},
								"west": {"uv": [73, 15], "uv_size": [6.5, 0.5]},
								"up": {"uv": [48, 72], "uv_size": [0.5, 6.5]}
							}
						}
					]
				},
				{
					"name": "panel_illuminated",
					"parent": "panel",
					"pivot": [0, -14, 0],
					"cubes": [
						{
							"origin": [9.4375, 17.71438, -1.07838],
							"size": [0.625, 0.125, 0.3125],
							"pivot": [9.25, 16.83724, 3.64175],
							"rotation": [7.5, 0, 0],
							"uv": {
								"north": {"uv": [54, 75], "uv_size": [0.5, 0.5]},
								"east": {"uv": [55, 75], "uv_size": [0.5, 0.5]},
								"south": {"uv": [56, 75], "uv_size": [0.5, 0.5]},
								"west": {"uv": [75, 66], "uv_size": [0.5, 0.5]},
								"up": {"uv": [72, 75], "uv_size": [0.5, 0.5]}
							}
						},
						{
							"origin": [9.4375, 17.71438, -0.51588],
							"size": [0.625, 0.125, 0.3125],
							"pivot": [9.25, 16.83724, 3.64175],
							"rotation": [7.5, 0, 0],
							"uv": {
								"north": {"uv": [73, 75], "uv_size": [0.5, 0.5]},
								"east": {"uv": [75, 73], "uv_size": [0.5, 0.5]},
								"south": {"uv": [74, 75], "uv_size": [0.5, 0.5]},
								"west": {"uv": [75, 74], "uv_size": [0.5, 0.5]},
								"up": {"uv": [75, 75], "uv_size": [0.5, 0.5]}
							}
						},
						{
							"origin": [9.4375, 17.71438, 0.04662],
							"size": [0.625, 0.125, 0.3125],
							"pivot": [9.25, 16.83724, 3.64175],
							"rotation": [7.5, 0, 0],
							"uv": {
								"north": {"uv": [76, 8], "uv_size": [0.5, 0.5]},
								"east": {"uv": [76, 9], "uv_size": [0.5, 0.5]},
								"south": {"uv": [76, 10], "uv_size": [0.5, 0.5]},
								"west": {"uv": [76, 11], "uv_size": [0.5, 0.5]},
								"up": {"uv": [76, 12], "uv_size": [0.5, 0.5]}
							}
						},
						{
							"origin": [8.6875, 17.71438, 0.04662],
							"size": [0.625, 0.125, 0.3125],
							"pivot": [8.5, 16.83724, 3.64175],
							"rotation": [7.5, 0, 0],
							"uv": {
								"north": {"uv": [15, 76], "uv_size": [0.5, 0.5]},
								"east": {"uv": [16, 76], "uv_size": [0.5, 0.5]},
								"south": {"uv": [17, 76], "uv_size": [0.5, 0.5]},
								"west": {"uv": [18, 76], "uv_size": [0.5, 0.5]},
								"up": {"uv": [21, 76], "uv_size": [0.5, 0.5]}
							}
						},
						{
							"origin": [8.6875, 17.71438, -0.51588],
							"size": [0.625, 0.125, 0.3125],
							"pivot": [8.5, 16.83724, 3.64175],
							"rotation": [7.5, 0, 0],
							"uv": {
								"north": {"uv": [22, 76], "uv_size": [0.5, 0.5]},
								"east": {"uv": [76, 22], "uv_size": [0.5, 0.5]},
								"south": {"uv": [23, 76], "uv_size": [0.5, 0.5]},
								"west": {"uv": [76, 23], "uv_size": [0.5, 0.5]},
								"up": {"uv": [24, 76], "uv_size": [0.5, 0.5]}
							}
						},
						{
							"origin": [8.6875, 17.71438, -1.07838],
							"size": [0.625, 0.125, 0.3125],
							"pivot": [8.5, 16.83724, 3.64175],
							"rotation": [7.5, 0, 0],
							"uv": {
								"north": {"uv": [76, 24], "uv_size": [0.5, 0.5]},
								"east": {"uv": [25, 76], "uv_size": [0.5, 0.5]},
								"south": {"uv": [26, 76], "uv_size": [0.5, 0.5]},
								"west": {"uv": [76, 28], "uv_size": [0.5, 0.5]},
								"up": {"uv": [29, 76], "uv_size": [0.5, 0.5]}
							}
						},
						{
							"origin": [8.875, 17.71438, -1.70338],
							"size": [0.25, 0.125, 0.25],
							"pivot": [8.875, 16.83724, 3.70425],
							"rotation": [7.5, 0, 0],
							"uv": {
								"north": {"uv": [76, 29], "uv_size": [0.5, 0.5]},
								"east": {"uv": [30, 76], "uv_size": [0.5, 0.5]},
								"south": {"uv": [76, 30], "uv_size": [0.5, 0.5]},
								"west": {"uv": [31, 76], "uv_size": [0.5, 0.5]},
								"up": {"uv": [76, 31], "uv_size": [0.5, 0.5]}
							}
						},
						{
							"origin": [9.625, 17.71438, -1.70338],
							"size": [0.25, 0.125, 0.25],
							"pivot": [9.625, 16.83724, 3.70425],
							"rotation": [7.5, 0, 0],
							"uv": {
								"north": {"uv": [32, 76], "uv_size": [0.5, 0.5]},
								"east": {"uv": [76, 32], "uv_size": [0.5, 0.5]},
								"south": {"uv": [33, 76], "uv_size": [0.5, 0.5]},
								"west": {"uv": [76, 33], "uv_size": [0.5, 0.5]},
								"up": {"uv": [34, 76], "uv_size": [0.5, 0.5]}
							}
						},
						{
							"origin": [9.25, 17.71438, -2.07838],
							"size": [0.25, 0.125, 0.25],
							"pivot": [9.25, 16.83724, 3.70425],
							"rotation": [7.5, 0, 0],
							"uv": {
								"north": {"uv": [76, 34], "uv_size": [0.5, 0.5]},
								"east": {"uv": [35, 76], "uv_size": [0.5, 0.5]},
								"south": {"uv": [76, 35], "uv_size": [0.5, 0.5]},
								"west": {"uv": [36, 76], "uv_size": [0.5, 0.5]},
								"up": {"uv": [76, 36], "uv_size": [0.5, 0.5]}
							}
						},
						{
							"origin": [9.625, 17.71438, -2.07838],
							"size": [0.25, 0.125, 0.25],
							"pivot": [9.625, 16.83724, 3.70425],
							"rotation": [7.5, 0, 0],
							"uv": {
								"north": {"uv": [37, 76], "uv_size": [0.5, 0.5]},
								"east": {"uv": [76, 37], "uv_size": [0.5, 0.5]},
								"south": {"uv": [38, 76], "uv_size": [0.5, 0.5]},
								"west": {"uv": [76, 38], "uv_size": [0.5, 0.5]},
								"up": {"uv": [39, 76], "uv_size": [0.5, 0.5]}
							}
						},
						{
							"origin": [9.25, 17.71438, -1.70338],
							"size": [0.25, 0.125, 0.25],
							"pivot": [9.25, 16.83724, 3.70425],
							"rotation": [7.5, 0, 0],
							"uv": {
								"north": {"uv": [76, 39], "uv_size": [0.5, 0.5]},
								"east": {"uv": [40, 76], "uv_size": [0.5, 0.5]},
								"south": {"uv": [76, 40], "uv_size": [0.5, 0.5]},
								"west": {"uv": [41, 76], "uv_size": [0.5, 0.5]},
								"up": {"uv": [76, 41], "uv_size": [0.5, 0.5]}
							}
						},
						{
							"origin": [8.875, 17.71438, -2.07838],
							"size": [0.25, 0.125, 0.25],
							"pivot": [8.875, 16.83724, 3.70425],
							"rotation": [7.5, 0, 0],
							"uv": {
								"north": {"uv": [42, 76], "uv_size": [0.5, 0.5]},
								"east": {"uv": [76, 42], "uv_size": [0.5, 0.5]},
								"south": {"uv": [43, 76], "uv_size": [0.5, 0.5]},
								"west": {"uv": [76, 43], "uv_size": [0.5, 0.5]},
								"up": {"uv": [44, 76], "uv_size": [0.5, 0.5]}
							}
						},
						{
							"origin": [8.875, 17.71438, -2.45338],
							"size": [0.25, 0.125, 0.25],
							"pivot": [8.875, 16.83724, 3.70425],
							"rotation": [7.5, 0, 0],
							"uv": {
								"north": {"uv": [76, 44], "uv_size": [0.5, 0.5]},
								"east": {"uv": [45, 76], "uv_size": [0.5, 0.5]},
								"south": {"uv": [76, 45], "uv_size": [0.5, 0.5]},
								"west": {"uv": [46, 76], "uv_size": [0.5, 0.5]},
								"up": {"uv": [76, 46], "uv_size": [0.5, 0.5]}
							}
						},
						{
							"origin": [9.25, 17.71438, -2.45338],
							"size": [0.25, 0.125, 0.25],
							"pivot": [9.25, 16.83724, 3.70425],
							"rotation": [7.5, 0, 0],
							"uv": {
								"north": {"uv": [76, 47], "uv_size": [0.5, 0.5]},
								"east": {"uv": [49, 76], "uv_size": [0.5, 0.5]},
								"south": {"uv": [50, 76], "uv_size": [0.5, 0.5]},
								"west": {"uv": [52, 76], "uv_size": [0.5, 0.5]},
								"up": {"uv": [53, 76], "uv_size": [0.5, 0.5]}
							}
						},
						{
							"origin": [9.625, 17.71438, -2.45338],
							"size": [0.25, 0.125, 0.25],
							"pivot": [9.625, 16.83724, 3.70425],
							"rotation": [7.5, 0, 0],
							"uv": {
								"north": {"uv": [54, 76], "uv_size": [0.5, 0.5]},
								"east": {"uv": [55, 76], "uv_size": [0.5, 0.5]},
								"south": {"uv": [56, 76], "uv_size": [0.5, 0.5]},
								"west": {"uv": [76, 62], "uv_size": [0.5, 0.5]},
								"up": {"uv": [76, 63], "uv_size": [0.5, 0.5]}
							}
						},
						{
							"origin": [9.625, 17.71438, -2.82838],
							"size": [0.25, 0.125, 0.25],
							"pivot": [9.625, 16.83724, 3.70425],
							"rotation": [7.5, 0, 0],
							"uv": {
								"north": {"uv": [76, 64], "uv_size": [0.5, 0.5]},
								"east": {"uv": [76, 65], "uv_size": [0.5, 0.5]},
								"south": {"uv": [76, 66], "uv_size": [0.5, 0.5]},
								"west": {"uv": [72, 76], "uv_size": [0.5, 0.5]},
								"up": {"uv": [73, 76], "uv_size": [0.5, 0.5]}
							}
						},
						{
							"origin": [9.25, 17.71438, -2.82838],
							"size": [0.25, 0.125, 0.25],
							"pivot": [9.25, 16.83724, 3.70425],
							"rotation": [7.5, 0, 0],
							"uv": {
								"north": {"uv": [76, 73], "uv_size": [0.5, 0.5]},
								"east": {"uv": [74, 76], "uv_size": [0.5, 0.5]},
								"south": {"uv": [76, 74], "uv_size": [0.5, 0.5]},
								"west": {"uv": [75, 76], "uv_size": [0.5, 0.5]},
								"up": {"uv": [76, 75], "uv_size": [0.5, 0.5]}
							}
						},
						{
							"origin": [8.875, 17.71438, -2.82838],
							"size": [0.25, 0.125, 0.25],
							"pivot": [8.875, 16.83724, 3.70425],
							"rotation": [7.5, 0, 0],
							"uv": {
								"north": {"uv": [76, 76], "uv_size": [0.5, 0.5]},
								"east": {"uv": [77, 8], "uv_size": [0.5, 0.5]},
								"south": {"uv": [77, 9], "uv_size": [0.5, 0.5]},
								"west": {"uv": [77, 10], "uv_size": [0.5, 0.5]},
								"up": {"uv": [77, 11], "uv_size": [0.5, 0.5]}
							}
						},
						{
							"origin": [2.75, 17.33938, -3.14088],
							"size": [4.875, 0.3125, 6.0625],
							"pivot": [8.5, 16.83724, 3.64175],
							"rotation": [7.5, 0, 0],
							"uv": {
								"up": {"uv": [52, 66], "uv_size": [5, 6]}
							}
						}
					]
				},
				{
					"name": "bone3",
					"parent": "bench",
					"pivot": [0, -14, 0],
					"cubes": [
						{
							"origin": [22, 13, -2.5],
							"size": [-1, -11, -1],
							"uv": {
								"north": {"uv": [14, 72], "uv_size": [1, 11]},
								"south": {"uv": [72, 14], "uv_size": [1, 11]},
								"up": {"uv": [43, 75], "uv_size": [1, 1]},
								"down": {"uv": [44, 76], "uv_size": [1, -1]}
							}
						},
						{
							"origin": [-8, 0, -8],
							"size": [31, 10, 16],
							"uv": {
								"north": {"uv": [0, 44], "uv_size": [31, 10]},
								"east": {"uv": [60, 28], "uv_size": [16, 10]},
								"south": {"uv": [0, 54], "uv_size": [31, 10]},
								"west": {"uv": [60, 38], "uv_size": [16, 10]},
								"down": {"uv": [0, 16], "uv_size": [31, -16]}
							}
						},
						{
							"origin": [-8, 10, -8],
							"size": [31, 3, 2],
							"pivot": [7.5, 10, -8],
							"rotation": [-45, 0, 0],
							"uv": {
								"north": {"uv": [62, 5], "uv_size": [31, 3]},
								"east": {"uv": [15, 72], "uv_size": [2, 3]},
								"west": {"uv": [17, 72], "uv_size": [2, 3]},
								"down": {"uv": [24, 66], "uv_size": [31, -2]}
							}
						},
						{
							"origin": [-8, 10, -6],
							"size": [31, 5, 14],
							"uv": {
								"north": {"uv": [60, 48], "uv_size": [31, 5]},
								"east": {"uv": [62, 8], "uv_size": [14, 5]},
								"south": {"uv": [62, 0], "uv_size": [31, 5]},
								"west": {"uv": [10, 64], "uv_size": [14, 5]},
								"up": {"uv": [0, 16], "uv_size": [31, 14]}
							}
						},
						{
							"origin": [22, 15, 7],
							"size": [-29, -13.5, -12],
							"uv": {
								"north": {"uv": [31, 14], "uv_size": [29, 13.5]},
								"east": {"uv": [59, 54], "uv_size": [12, 13.5]},
								"south": {"uv": [31, 28], "uv_size": [29, 13.5]},
								"west": {"uv": [60, 14], "uv_size": [12, 13.5]},
								"up": {"uv": [31, 42], "uv_size": [29, 12]}
							}
						},
						{
							"origin": [-6, 13, -2.5],
							"size": [-1, -11, -1],
							"uv": {
								"north": {"uv": [6, 72], "uv_size": [1, 11]},
								"south": {"uv": [7, 72], "uv_size": [1, 11]},
								"up": {"uv": [39, 75], "uv_size": [1, 1]},
								"down": {"uv": [40, 76], "uv_size": [1, -1]}
							}
						}
					]
				}
			]
		}
	]
}