{
	"format_version": "1.12.0",
	"minecraft:geometry": [
		{
			"description": {
				"identifier": "geometry.GunSmith_bench",
				"texture_width": 128,
				"texture_height": 128,
				"visible_bounds_width": 3,
				"visible_bounds_height": 4.5,
				"visible_bounds_offset": [0, 1.75, 0]
			},
			"bones": [
				{
					"name": "bench",
					"pivot": [27, 10, 0]
				},
				{
					"name": "bone",
					"parent": "bench",
					"pivot": [7.5, 30.83724, 3.64175],
					"cubes": [
						{
							"origin": [-8, 29, -6],
							"size": [31, 1, 14],
							"uv": {
								"north": {"uv": [71, 64], "uv_size": [31, 1]},
								"east": {"uv": [74, 25], "uv_size": [14, 1]},
								"south": {"uv": [71, 65], "uv_size": [31, 1]},
								"west": {"uv": [74, 26], "uv_size": [14, 1]},
								"up": {"uv": [0, 30], "uv_size": [31, 14]},
								"down": {"uv": [31, 14], "uv_size": [31, -14]}
							}
						},
						{
							"origin": [-6, 28, -4],
							"size": [27, 1, 1],
							"uv": {
								"north": {"uv": [71, 67], "uv_size": [27, 1]},
								"east": {"uv": [88, 13], "uv_size": [1, 1]},
								"south": {"uv": [43, 73], "uv_size": [27, 1]},
								"west": {"uv": [20, 88], "uv_size": [1, 1]},
								"up": {"uv": [70, 73], "uv_size": [27, 1]},
								"down": {"uv": [74, 15], "uv_size": [27, -1]}
							}
						},
						{
							"origin": [19, 27, -4],
							"size": [2, 1, 1],
							"uv": {
								"north": {"uv": [85, 71], "uv_size": [2, 1]},
								"east": {"uv": [21, 88], "uv_size": [1, 1]},
								"south": {"uv": [85, 72], "uv_size": [2, 1]},
								"west": {"uv": [88, 21], "uv_size": [1, 1]},
								"up": {"uv": [76, 85], "uv_size": [2, 1]},
								"down": {"uv": [78, 86], "uv_size": [2, -1]}
							}
						},
						{
							"origin": [17.5, 27, -4],
							"size": [1.5, 1, 1],
							"pivot": [19, 27, -3.5],
							"rotation": [0, 0, 45],
							"uv": {
								"north": {"uv": [87, 33], "uv_size": [1.5, 1]},
								"east": {"uv": [22, 88], "uv_size": [1, 1]},
								"south": {"uv": [87, 34], "uv_size": [1.5, 1]},
								"west": {"uv": [88, 22], "uv_size": [1, 1]},
								"up": {"uv": [35, 87], "uv_size": [1.5, 1]},
								"down": {"uv": [87, 36], "uv_size": [1.5, -1]}
							}
						},
						{
							"origin": [-4, 27, -4],
							"size": [1.5, 1, 1],
							"pivot": [-4, 27, -3.5],
							"rotation": [0, 0, -45],
							"uv": {
								"north": {"uv": [87, 36], "uv_size": [1.5, 1]},
								"east": {"uv": [23, 88], "uv_size": [1, 1]},
								"south": {"uv": [37, 87], "uv_size": [1.5, 1]},
								"west": {"uv": [24, 88], "uv_size": [1, 1]},
								"up": {"uv": [87, 37], "uv_size": [1.5, 1]},
								"down": {"uv": [87, 39], "uv_size": [1.5, -1]}
							}
						},
						{
							"origin": [-6, 27, -4],
							"size": [2, 1, 1],
							"uv": {
								"north": {"uv": [80, 85], "uv_size": [2, 1]},
								"east": {"uv": [25, 88], "uv_size": [1, 1]},
								"south": {"uv": [82, 85], "uv_size": [2, 1]},
								"west": {"uv": [88, 25], "uv_size": [1, 1]},
								"up": {"uv": [84, 85], "uv_size": [2, 1]},
								"down": {"uv": [0, 87], "uv_size": [2, -1]}
							}
						},
						{
							"origin": [-4, 27, 5],
							"size": [1.5, 1, 1],
							"pivot": [-4, 27, 5.5],
							"rotation": [0, 0, -45],
							"uv": {
								"north": {"uv": [39, 87], "uv_size": [1.5, 1]},
								"east": {"uv": [26, 88], "uv_size": [1, 1]},
								"south": {"uv": [87, 39], "uv_size": [1.5, 1]},
								"west": {"uv": [88, 26], "uv_size": [1, 1]},
								"up": {"uv": [41, 87], "uv_size": [1.5, 1]},
								"down": {"uv": [87, 48], "uv_size": [1.5, -1]}
							}
						},
						{
							"origin": [-6, 27, 5],
							"size": [2, 1, 1],
							"uv": {
								"north": {"uv": [2, 86], "uv_size": [2, 1]},
								"east": {"uv": [28, 88], "uv_size": [1, 1]},
								"south": {"uv": [4, 86], "uv_size": [2, 1]},
								"west": {"uv": [88, 28], "uv_size": [1, 1]},
								"up": {"uv": [86, 4], "uv_size": [2, 1]},
								"down": {"uv": [86, 6], "uv_size": [2, -1]}
							}
						},
						{
							"origin": [-6, 28, 5],
							"size": [27, 1, 1],
							"uv": {
								"north": {"uv": [74, 15], "uv_size": [27, 1]},
								"east": {"uv": [29, 88], "uv_size": [1, 1]},
								"south": {"uv": [74, 16], "uv_size": [27, 1]},
								"west": {"uv": [88, 29], "uv_size": [1, 1]},
								"up": {"uv": [74, 17], "uv_size": [27, 1]},
								"down": {"uv": [74, 19], "uv_size": [27, -1]}
							}
						},
						{
							"origin": [19, 27, 5],
							"size": [2, 1, 1],
							"uv": {
								"north": {"uv": [8, 86], "uv_size": [2, 1]},
								"east": {"uv": [30, 88], "uv_size": [1, 1]},
								"south": {"uv": [12, 86], "uv_size": [2, 1]},
								"west": {"uv": [31, 88], "uv_size": [1, 1]},
								"up": {"uv": [14, 86], "uv_size": [2, 1]},
								"down": {"uv": [18, 87], "uv_size": [2, -1]}
							}
						},
						{
							"origin": [17.5, 27, 5],
							"size": [1.5, 1, 1],
							"pivot": [19, 27, 5.5],
							"rotation": [0, 0, 45],
							"uv": {
								"north": {"uv": [87, 48], "uv_size": [1.5, 1]},
								"east": {"uv": [32, 88], "uv_size": [1, 1]},
								"south": {"uv": [58, 87], "uv_size": [1.5, 1]},
								"west": {"uv": [33, 88], "uv_size": [1, 1]},
								"up": {"uv": [61, 87], "uv_size": [1.5, 1]},
								"down": {"uv": [63, 88], "uv_size": [1.5, -1]}
							}
						},
						{
							"origin": [-7, 15, 4],
							"size": [1, 14, 2],
							"uv": {
								"north": {"uv": [43, 74], "uv_size": [1, 14]},
								"east": {"uv": [29, 69], "uv_size": [2, 14]},
								"south": {"uv": [44, 74], "uv_size": [1, 14]},
								"west": {"uv": [72, 14], "uv_size": [2, 14]},
								"up": {"uv": [6, 86], "uv_size": [1, 2]},
								"down": {"uv": [22, 88], "uv_size": [1, -2]}
							}
						},
						{
							"origin": [-7, 15, -4],
							"size": [1, 14, 2],
							"uv": {
								"north": {"uv": [45, 74], "uv_size": [1, 14]},
								"east": {"uv": [31, 73], "uv_size": [2, 14]},
								"south": {"uv": [46, 74], "uv_size": [1, 14]},
								"west": {"uv": [33, 73], "uv_size": [2, 14]},
								"up": {"uv": [23, 86], "uv_size": [1, 2]},
								"down": {"uv": [28, 88], "uv_size": [1, -2]}
							}
						},
						{
							"origin": [21, 15, -4],
							"size": [1, 14, 2],
							"uv": {
								"north": {"uv": [47, 74], "uv_size": [1, 14]},
								"east": {"uv": [35, 73], "uv_size": [2, 14]},
								"south": {"uv": [48, 74], "uv_size": [1, 14]},
								"west": {"uv": [37, 73], "uv_size": [2, 14]},
								"up": {"uv": [29, 86], "uv_size": [1, 2]},
								"down": {"uv": [30, 88], "uv_size": [1, -2]}
							}
						},
						{
							"origin": [21, 28, -2],
							"size": [1, 1, 6],
							"uv": {
								"north": {"uv": [34, 88], "uv_size": [1, 1]},
								"east": {"uv": [79, 12], "uv_size": [6, 1]},
								"south": {"uv": [35, 88], "uv_size": [1, 1]},
								"west": {"uv": [79, 13], "uv_size": [6, 1]},
								"up": {"uv": [58, 81], "uv_size": [1, 6]},
								"down": {"uv": [59, 87], "uv_size": [1, -6]}
							}
						},
						{
							"origin": [-7, 28, -2],
							"size": [1, 1, 6],
							"uv": {
								"north": {"uv": [36, 88], "uv_size": [1, 1]},
								"east": {"uv": [60, 81], "uv_size": [6, 1]},
								"south": {"uv": [37, 88], "uv_size": [1, 1]},
								"west": {"uv": [81, 75], "uv_size": [6, 1]},
								"up": {"uv": [66, 81], "uv_size": [1, 6]},
								"down": {"uv": [81, 82], "uv_size": [1, -6]}
							}
						},
						{
							"origin": [21, 15, 4],
							"size": [1, 14, 2],
							"uv": {
								"north": {"uv": [49, 74], "uv_size": [1, 14]},
								"east": {"uv": [39, 73], "uv_size": [2, 14]},
								"south": {"uv": [50, 74], "uv_size": [1, 14]},
								"west": {"uv": [41, 73], "uv_size": [2, 14]},
								"up": {"uv": [86, 47], "uv_size": [1, 2]},
								"down": {"uv": [54, 88], "uv_size": [1, -2]}
							}
						},
						{
							"origin": [-6, 27, 5.5],
							"size": [-1, -11, -1],
							"uv": {
								"north": {"uv": [28, 75], "uv_size": [1, 11]},
								"south": {"uv": [71, 75], "uv_size": [1, 11]},
								"up": {"uv": [38, 88], "uv_size": [1, 1]},
								"down": {"uv": [39, 89], "uv_size": [1, -1]}
							}
						},
						{
							"origin": [-6, 27, -2.5],
							"size": [-1, -11, -1],
							"uv": {
								"north": {"uv": [72, 75], "uv_size": [1, 11]},
								"south": {"uv": [73, 75], "uv_size": [1, 11]},
								"up": {"uv": [40, 88], "uv_size": [1, 1]},
								"down": {"uv": [41, 89], "uv_size": [1, -1]}
							}
						},
						{
							"origin": [22, 27, 5.5],
							"size": [-1, -11, -1],
							"uv": {
								"north": {"uv": [74, 75], "uv_size": [1, 11]},
								"south": {"uv": [75, 75], "uv_size": [1, 11]},
								"up": {"uv": [42, 88], "uv_size": [1, 1]},
								"down": {"uv": [43, 89], "uv_size": [1, -1]}
							}
						},
						{
							"origin": [22, 27, -2.5],
							"size": [-1, -11, -1],
							"uv": {
								"north": {"uv": [10, 76], "uv_size": [1, 11]},
								"south": {"uv": [11, 76], "uv_size": [1, 11]},
								"up": {"uv": [44, 88], "uv_size": [1, 1]},
								"down": {"uv": [45, 89], "uv_size": [1, -1]}
							}
						},
						{
							"origin": [-6.5, 29.62607, 4.82882],
							"size": [28, 2, 2.125],
							"uv": {
								"east": {"uv": [82, 77], "uv_size": [2, 2]},
								"south": {"uv": [71, 60], "uv_size": [28, 2]},
								"west": {"uv": [82, 79], "uv_size": [2, 2]},
								"up": {"uv": [71, 62], "uv_size": [28, 2]}
							}
						},
						{
							"origin": [-6.5, 29.24349, -5.00533],
							"size": [28, 1.06526, 0.47193],
							"uv": {
								"north": {"uv": [71, 66], "uv_size": [28, 1]},
								"east": {"uv": [75, 89], "uv_size": [0.5, 1]},
								"west": {"uv": [76, 89], "uv_size": [0.5, 1]}
							}
						},
						{
							"origin": [-6.5, 29.83724, -5.00034],
							"size": [28, 1.62714, 9.92197],
							"pivot": [7.5, 30.83724, 3.64175],
							"rotation": [7.5, 0, 0],
							"uv": {
								"east": {"uv": [48, 64], "uv_size": [10, 1.5]},
								"west": {"uv": [48, 66], "uv_size": [10, 1.5]},
								"up": {"uv": [31, 54], "uv_size": [28, 10]}
							}
						}
					]
				},
				{
					"name": "bone2",
					"parent": "bench",
					"pivot": [14, 21, 3],
					"cubes": [
						{
							"origin": [-6, 19, 5],
							"size": [27, 6, 1],
							"uv": {
								"north": {"uv": [60, 28], "uv_size": [27, 6]},
								"east": {"uv": [82, 0], "uv_size": [1, 6]},
								"south": {"uv": [60, 34], "uv_size": [27, 6]},
								"west": {"uv": [60, 82], "uv_size": [1, 6]},
								"up": {"uv": [74, 19], "uv_size": [27, 1]},
								"down": {"uv": [74, 21], "uv_size": [27, -1]}
							}
						},
						{
							"origin": [-4, 18.5, 4.5],
							"size": [2, 7, 1],
							"uv": {
								"north": {"uv": [51, 74], "uv_size": [2, 7]},
								"east": {"uv": [76, 75], "uv_size": [1, 7]},
								"south": {"uv": [53, 74], "uv_size": [2, 7]},
								"west": {"uv": [0, 77], "uv_size": [1, 7]},
								"up": {"uv": [86, 49], "uv_size": [2, 1]},
								"down": {"uv": [71, 87], "uv_size": [2, -1]}
							}
						},
						{
							"origin": [3, 18.5, 4.5],
							"size": [2, 7, 1],
							"uv": {
								"north": {"uv": [55, 74], "uv_size": [2, 7]},
								"east": {"uv": [1, 77], "uv_size": [1, 7]},
								"south": {"uv": [57, 74], "uv_size": [2, 7]},
								"west": {"uv": [2, 77], "uv_size": [1, 7]},
								"up": {"uv": [73, 86], "uv_size": [2, 1]},
								"down": {"uv": [75, 87], "uv_size": [2, -1]}
							}
						},
						{
							"origin": [10, 18.5, 4.5],
							"size": [2, 7, 1],
							"uv": {
								"north": {"uv": [59, 74], "uv_size": [2, 7]},
								"east": {"uv": [3, 77], "uv_size": [1, 7]},
								"south": {"uv": [61, 74], "uv_size": [2, 7]},
								"west": {"uv": [4, 77], "uv_size": [1, 7]},
								"up": {"uv": [77, 86], "uv_size": [2, 1]},
								"down": {"uv": [79, 87], "uv_size": [2, -1]}
							}
						},
						{
							"origin": [17, 18.5, 4.5],
							"size": [2, 7, 1],
							"uv": {
								"north": {"uv": [63, 74], "uv_size": [2, 7]},
								"east": {"uv": [5, 77], "uv_size": [1, 7]},
								"south": {"uv": [65, 74], "uv_size": [2, 7]},
								"west": {"uv": [6, 77], "uv_size": [1, 7]},
								"up": {"uv": [81, 86], "uv_size": [2, 1]},
								"down": {"uv": [83, 87], "uv_size": [2, -1]}
							}
						},
						{
							"origin": [19, 24.5, 5],
							"size": [-23, -5, -0.5],
							"inflate": 0.001,
							"uv": {
								"north": {"uv": [62, 68], "uv_size": [23, 5]},
								"up": {"uv": [74, 27], "uv_size": [23, 0.5]},
								"down": {"uv": [67, 74.5], "uv_size": [23, -0.5]}
							}
						},
						{
							"origin": [-1, 20, 4.4375],
							"size": [17, 4, 0.5],
							"uv": {
								"north": {"uv": [62, 10], "uv_size": [17, 4]},
								"east": {"uv": [55, 86], "uv_size": [0.5, 4]},
								"south": {"uv": [31, 64], "uv_size": [17, 4]},
								"west": {"uv": [65, 86], "uv_size": [0.5, 4]},
								"up": {"uv": [76, 40], "uv_size": [17, 0.5]},
								"down": {"uv": [76, 41.5], "uv_size": [17, -0.5]}
							}
						},
						{
							"origin": [1, 20.5, 1],
							"size": [1, 1.5, 0.5],
							"uv": {
								"north": {"uv": [66, 87], "uv_size": [1, 1.5]},
								"east": {"uv": [89, 35], "uv_size": [0.5, 1.5]},
								"south": {"uv": [67, 87], "uv_size": [1, 1.5]},
								"west": {"uv": [37, 89], "uv_size": [0.5, 1.5]},
								"up": {"uv": [77, 89], "uv_size": [1, 0.5]},
								"down": {"uv": [78, 89.5], "uv_size": [1, -0.5]}
							}
						},
						{
							"origin": [1, 20, 1],
							"size": [1, 0.5, 3.5],
							"uv": {
								"north": {"uv": [79, 89], "uv_size": [1, 0.5]},
								"east": {"uv": [87, 30], "uv_size": [3.5, 0.5]},
								"south": {"uv": [81, 89], "uv_size": [1, 0.5]},
								"west": {"uv": [31, 87], "uv_size": [3.5, 0.5]},
								"up": {"uv": [58, 64], "uv_size": [1, 3.5]},
								"down": {"uv": [65, 85.5], "uv_size": [1, -3.5]}
							}
						},
						{
							"origin": [13, 20.5, 1],
							"size": [1, 1.5, 0.5],
							"uv": {
								"north": {"uv": [71, 87], "uv_size": [1, 1.5]},
								"east": {"uv": [89, 37], "uv_size": [0.5, 1.5]},
								"south": {"uv": [87, 71], "uv_size": [1, 1.5]},
								"west": {"uv": [38, 89], "uv_size": [0.5, 1.5]},
								"up": {"uv": [82, 89], "uv_size": [1, 0.5]},
								"down": {"uv": [83, 89.5], "uv_size": [1, -0.5]}
							}
						},
						{
							"origin": [13, 20, 1],
							"size": [1, 0.5, 3.5],
							"uv": {
								"north": {"uv": [84, 89], "uv_size": [1, 0.5]},
								"east": {"uv": [87, 31], "uv_size": [3.5, 0.5]},
								"south": {"uv": [86, 89], "uv_size": [1, 0.5]},
								"west": {"uv": [87, 32], "uv_size": [3.5, 0.5]},
								"up": {"uv": [27, 83], "uv_size": [1, 3.5]},
								"down": {"uv": [67, 86.5], "uv_size": [1, -3.5]}
							}
						},
						{
							"origin": [21, 23, 6],
							"size": [-27, -2, -1],
							"inflate": 0.001,
							"uv": {
								"east": {"uv": [27, 87], "uv_size": [1, 2]},
								"west": {"uv": [87, 28], "uv_size": [1, 2]},
								"up": {"uv": [74, 23], "uv_size": [27, 1]},
								"down": {"uv": [74, 25], "uv_size": [27, -1]}
							}
						}
					]
				},
				{
					"name": "bone3",
					"parent": "bench",
					"pivot": [0, 0, 0],
					"cubes": [
						{
							"origin": [22, 15, 7],
							"size": [-29, -13.5, -12],
							"uv": {
								"north": {"uv": [31, 14], "uv_size": [29, 13.5]},
								"east": {"uv": [59, 54], "uv_size": [12, 13.5]},
								"south": {"uv": [31, 28], "uv_size": [29, 13.5]},
								"west": {"uv": [60, 14], "uv_size": [12, 13.5]},
								"up": {"uv": [31, 42], "uv_size": [29, 12]}
							}
						},
						{
							"origin": [-8, 0, -8],
							"size": [31, 10, 16],
							"uv": {
								"north": {"uv": [0, 44], "uv_size": [31, 10]},
								"east": {"uv": [60, 40], "uv_size": [16, 10]},
								"south": {"uv": [0, 54], "uv_size": [31, 10]},
								"west": {"uv": [62, 0], "uv_size": [16, 10]},
								"down": {"uv": [0, 16], "uv_size": [31, -16]}
							}
						},
						{
							"origin": [-8, 10, -8],
							"size": [31, 3, 2],
							"pivot": [7.5, 10, -8],
							"rotation": [-45, 0, 0],
							"uv": {
								"north": {"uv": [60, 50], "uv_size": [31, 3]},
								"east": {"uv": [54, 81], "uv_size": [2, 3]},
								"west": {"uv": [56, 81], "uv_size": [2, 3]},
								"down": {"uv": [71, 60], "uv_size": [31, -2]}
							}
						},
						{
							"origin": [-8, 10, -6],
							"size": [31, 5, 14],
							"uv": {
								"north": {"uv": [0, 64], "uv_size": [31, 5]},
								"east": {"uv": [10, 69], "uv_size": [14, 5]},
								"south": {"uv": [31, 68], "uv_size": [31, 5]},
								"west": {"uv": [71, 53], "uv_size": [14, 5]},
								"up": {"uv": [0, 16], "uv_size": [31, 14]}
							}
						}
					]
				},
				{
					"name": "lod",
					"pivot": [6.99959, 20.31692, 2.77724],
					"rotation": [0, -90, 0],
					"cubes": [
						{
							"origin": [6.63989, 17.66658, -0.39203],
							"size": [0.72, 1.44, 2.115],
							"pivot": [6.99989, 18.38658, 0.68797],
							"rotation": [-6, 0, 0],
							"uv": {
								"north": {"uv": [39, 89], "uv_size": [0.5, 1.5]},
								"east": {"uv": [8, 84], "uv_size": [2, 1.5]},
								"south": {"uv": [40, 89], "uv_size": [0.5, 1.5]},
								"west": {"uv": [18, 84], "uv_size": [2, 1.5]},
								"up": {"uv": [46, 88], "uv_size": [0.5, 2]},
								"down": {"uv": [47, 90], "uv_size": [0.5, -2]}
							}
						},
						{
							"origin": [6.23489, 21.53658, -8.44703],
							"size": [1.53, 0.54, 7.695],
							"uv": {
								"north": {"uv": [89, 39], "uv_size": [1.5, 0.5]},
								"east": {"uv": [83, 0], "uv_size": [7.5, 0.5]},
								"south": {"uv": [41, 89], "uv_size": [1.5, 0.5]},
								"west": {"uv": [83, 1], "uv_size": [7.5, 0.5]},
								"up": {"uv": [24, 75], "uv_size": [1.5, 7.5]},
								"down": {"uv": [26, 82.5], "uv_size": [1.5, -7.5]}
							}
						},
						{
							"origin": [6.23517, 21.67186, -8.44675],
							"size": [1.52944, 0.26944, 7.33444],
							"inflate": 0.001,
							"uv": {
								"north": {"uv": [43, 89], "uv_size": [1.5, 0.5]},
								"east": {"uv": [83, 2], "uv_size": [7.5, 0.5]},
								"south": {"uv": [89, 47], "uv_size": [1.5, 0.5]},
								"west": {"uv": [83, 3], "uv_size": [7.5, 0.5]},
								"up": {"uv": [67, 75], "uv_size": [1.5, 7.5]},
								"down": {"uv": [69, 82.5], "uv_size": [1.5, -7.5]}
							}
						},
						{
							"origin": [6.72989, 21.13158, -8.44703],
							"size": [0.99, 0.99, 7.695],
							"pivot": [6.99989, 21.85158, -4.59953],
							"rotation": [0, 0, 45],
							"uv": {
								"north": {"uv": [48, 88], "uv_size": [1, 1]},
								"east": {"uv": [60, 53], "uv_size": [7.5, 1]},
								"south": {"uv": [49, 88], "uv_size": [1, 1]},
								"west": {"uv": [76, 42], "uv_size": [7.5, 1]},
								"up": {"uv": [18, 76], "uv_size": [1, 7.5]},
								"down": {"uv": [19, 83.5], "uv_size": [1, -7.5]}
							}
						},
						{
							"origin": [6.72989, 21.67158, -8.44703],
							"size": [0.99, 0.99, 7.695],
							"pivot": [6.99989, 22.39158, -4.59953],
							"rotation": [0, 0, 45],
							"uv": {
								"north": {"uv": [88, 49], "uv_size": [1, 1]},
								"east": {"uv": [76, 43], "uv_size": [7.5, 1]},
								"south": {"uv": [50, 88], "uv_size": [1, 1]},
								"west": {"uv": [76, 44], "uv_size": [7.5, 1]},
								"up": {"uv": [20, 76], "uv_size": [1, 7.5]},
								"down": {"uv": [21, 83.5], "uv_size": [1, -7.5]}
							}
						},
						{
							"origin": [6.72989, 21.49158, -11.01203],
							"size": [0.675, 0.675, 2.16],
							"pivot": [6.99989, 21.89658, -10.35953],
							"rotation": [0, 0, 45],
							"uv": {
								"north": {"uv": [48, 90], "uv_size": [0.5, 0.5]},
								"east": {"uv": [58, 88], "uv_size": [2, 0.5]},
								"south": {"uv": [49, 90], "uv_size": [0.5, 0.5]},
								"west": {"uv": [60, 88], "uv_size": [2, 0.5]},
								"up": {"uv": [54, 88], "uv_size": [0.5, 2]},
								"down": {"uv": [62, 90], "uv_size": [0.5, -2]}
							}
						},
						{
							"origin": [6.81989, 21.58158, -8.85203],
							"size": [0.495, 0.495, 0.36],
							"pivot": [6.99989, 21.89658, -10.35953],
							"rotation": [0, 0, 45],
							"uv": {
								"north": {"uv": [90, 53], "uv_size": [0.5, 0.5]},
								"east": {"uv": [54, 90], "uv_size": [0.5, 0.5]},
								"south": {"uv": [90, 54], "uv_size": [0.5, 0.5]},
								"west": {"uv": [55, 90], "uv_size": [0.5, 0.5]},
								"up": {"uv": [90, 55], "uv_size": [0.5, 0.5]},
								"down": {"uv": [56, 90.5], "uv_size": [0.5, -0.5]}
							}
						},
						{
							"origin": [6.60401, 21.4956, -1.06703],
							"size": [0.83401, 0.82062, 7.33465],
							"pivot": [6.85303, 21.9456, 3.88263],
							"rotation": [0, 0, -45],
							"uv": {
								"north": {"uv": [63, 88], "uv_size": [1, 1]},
								"east": {"uv": [76, 45], "uv_size": [7.5, 1]},
								"south": {"uv": [64, 88], "uv_size": [1, 1]},
								"west": {"uv": [76, 46], "uv_size": [7.5, 1]},
								"up": {"uv": [22, 76], "uv_size": [1, 7.5]},
								"down": {"uv": [23, 83.5], "uv_size": [1, -7.5]}
							}
						},
						{
							"origin": [6.61072, 20.99112, -0.75203],
							"size": [0.82732, 0.82732, 7.02],
							"pivot": [6.85303, 21.44112, 4.06297],
							"rotation": [0, 0, -45],
							"uv": {
								"north": {"uv": [88, 71], "uv_size": [1, 1]},
								"east": {"uv": [76, 47], "uv_size": [7, 1]},
								"south": {"uv": [88, 72], "uv_size": [1, 1]},
								"west": {"uv": [76, 48], "uv_size": [7, 1]},
								"up": {"uv": [7, 77], "uv_size": [1, 7]},
								"down": {"uv": [8, 84], "uv_size": [1, -7]}
							}
						},
						{
							"origin": [6.41489, 21.53658, -0.75203],
							"size": [1.17, 0.495, 7.02],
							"uv": {
								"north": {"uv": [87, 89], "uv_size": [1, 0.5]},
								"east": {"uv": [80, 83], "uv_size": [7, 0.5]},
								"south": {"uv": [88, 89], "uv_size": [1, 0.5]},
								"west": {"uv": [0, 84], "uv_size": [7, 0.5]},
								"up": {"uv": [9, 77], "uv_size": [1, 7]},
								"down": {"uv": [77, 82], "uv_size": [1, -7]}
							}
						},
						{
							"origin": [7.67489, 21.53658, 2.98297],
							"size": [1.17, 0.765, 1.125],
							"pivot": [8.25989, 21.78408, 0.59797],
							"rotation": [0, -30, 0],
							"uv": {
								"north": {"uv": [74, 88], "uv_size": [1, 1]},
								"east": {"uv": [75, 88], "uv_size": [1, 1]},
								"south": {"uv": [76, 88], "uv_size": [1, 1]},
								"west": {"uv": [77, 88], "uv_size": [1, 1]},
								"up": {"uv": [78, 88], "uv_size": [1, 1]},
								"down": {"uv": [79, 89], "uv_size": [1, -1]}
							}
						},
						{
							"origin": [5.9811, 21.52874, 3.21858],
							"size": [1.035, 0.54, 2.16],
							"pivot": [6.4311, 21.68624, 4.81608],
							"rotation": [0, -22.5, 0],
							"uv": {
								"north": {"uv": [89, 89], "uv_size": [1, 0.5]},
								"east": {"uv": [88, 82], "uv_size": [2, 0.5]},
								"south": {"uv": [0, 90], "uv_size": [1, 0.5]},
								"west": {"uv": [88, 85], "uv_size": [2, 0.5]},
								"up": {"uv": [85, 86], "uv_size": [1, 2]},
								"down": {"uv": [86, 87], "uv_size": [1, -2]}
							}
						},
						{
							"origin": [6.68489, 20.86158, -8.49203],
							"size": [0.63, 1.845, 13.725],
							"uv": {
								"north": {"uv": [80, 88], "uv_size": [0.5, 2]},
								"east": {"uv": [10, 74], "uv_size": [13.5, 2]},
								"south": {"uv": [85, 88], "uv_size": [0.5, 2]},
								"west": {"uv": [74, 21], "uv_size": [13.5, 2]},
								"up": {"uv": [17, 81], "uv_size": [0.5, 13.5]},
								"down": {"uv": [51, 94.5], "uv_size": [0.5, -13.5]}
							}
						},
						{
							"origin": [6.68489, 22.70658, -8.49203],
							"size": [0.63, 0.225, 13.41],
							"uv": {
								"north": {"uv": [90, 56], "uv_size": [0.5, 0.5]},
								"east": {"uv": [79, 10], "uv_size": [13.5, 0.5]},
								"south": {"uv": [57, 90], "uv_size": [0.5, 0.5]},
								"west": {"uv": [79, 11], "uv_size": [13.5, 0.5]},
								"up": {"uv": [52, 81], "uv_size": [0.5, 13.5]},
								"down": {"uv": [53, 94.5], "uv_size": [0.5, -13.5]}
							}
						},
						{
							"origin": [6.05489, 22.52658, 5.23297],
							"size": [1.935, 0.27, 0.54],
							"uv": {
								"north": {"uv": [88, 86], "uv_size": [2, 0.5]},
								"east": {"uv": [90, 57], "uv_size": [0.5, 0.5]},
								"south": {"uv": [88, 87], "uv_size": [2, 0.5]},
								"west": {"uv": [58, 90], "uv_size": [0.5, 0.5]},
								"up": {"uv": [88, 88], "uv_size": [2, 0.5]},
								"down": {"uv": [1, 89.5], "uv_size": [2, -0.5]}
							}
						},
						{
							"origin": [6.68489, 20.63658, -7.50203],
							"size": [0.63, 0.27, 6.84],
							"uv": {
								"north": {"uv": [59, 90], "uv_size": [0.5, 0.5]},
								"east": {"uv": [84, 42], "uv_size": [7, 0.5]},
								"south": {"uv": [62, 90], "uv_size": [0.5, 0.5]},
								"west": {"uv": [84, 43], "uv_size": [7, 0.5]},
								"up": {"uv": [68, 83], "uv_size": [0.5, 7]},
								"down": {"uv": [69, 90], "uv_size": [0.5, -7]}
							}
						},
						{
							"origin": [6.32489, 18.74658, -0.30203],
							"size": [1.35, 0.225, 2.7],
							"pivot": [6.99989, 21.62658, 4.01797],
							"rotation": [-5, 0, 0],
							"uv": {
								"north": {"uv": [48, 89], "uv_size": [1.5, 0.5]},
								"east": {"uv": [87, 83], "uv_size": [2.5, 0.5]},
								"south": {"uv": [89, 48], "uv_size": [1.5, 0.5]},
								"west": {"uv": [1, 88], "uv_size": [2.5, 0.5]},
								"up": {"uv": [12, 83], "uv_size": [1.5, 2.5]},
								"down": {"uv": [14, 85.5], "uv_size": [1.5, -2.5]}
							}
						},
						{
							"origin": [6.50489, 19.15158, -0.34703],
							"size": [0.99, 1.485, 2.475],
							"uv": {
								"north": {"uv": [72, 87], "uv_size": [1, 1.5]},
								"east": {"uv": [83, 4], "uv_size": [2.5, 1.5]},
								"south": {"uv": [73, 87], "uv_size": [1, 1.5]},
								"west": {"uv": [24, 83], "uv_size": [2.5, 1.5]},
								"up": {"uv": [61, 84], "uv_size": [1, 2.5]},
								"down": {"uv": [62, 86.5], "uv_size": [1, -2.5]}
							}
						},
						{
							"origin": [6.99989, 19.01658, 2.17297],
							"size": [0, 0.945, 1.98],
							"uv": {
								"north": {"uv": [0, 0], "uv_size": [0, 1]},
								"east": {"uv": [0, 87], "uv_size": [2, 1]},
								"south": {"uv": [0, 0], "uv_size": [0, 1]},
								"west": {"uv": [2, 87], "uv_size": [2, 1]},
								"up": {"uv": [0, 0], "uv_size": [0, 2]},
								"down": {"uv": [0, 2], "uv_size": [0, -2]}
							}
						},
						{
							"origin": [6.50489, 19.91658, 2.12797],
							"size": [0.99, 0.72, 3.24],
							"uv": {
								"north": {"uv": [1, 90], "uv_size": [1, 0.5]},
								"east": {"uv": [74, 87], "uv_size": [3, 0.5]},
								"south": {"uv": [2, 90], "uv_size": [1, 0.5]},
								"west": {"uv": [87, 75], "uv_size": [3, 0.5]},
								"up": {"uv": [20, 84], "uv_size": [1, 3]},
								"down": {"uv": [21, 87], "uv_size": [1, -3]}
							}
						},
						{
							"origin": [6.45989, 18.88158, 4.19797],
							"size": [1.08, 1.035, 1.575],
							"uv": {
								"north": {"uv": [3, 89], "uv_size": [1, 1]},
								"east": {"uv": [77, 87], "uv_size": [1.5, 1]},
								"south": {"uv": [4, 89], "uv_size": [1, 1]},
								"west": {"uv": [79, 87], "uv_size": [1.5, 1]},
								"up": {"uv": [81, 87], "uv_size": [1, 1.5]},
								"down": {"uv": [82, 88.5], "uv_size": [1, -1.5]}
							}
						},
						{
							"origin": [6.46017, 19.69659, 5.59877],
							"size": [1.07944, 1.39444, 0.62944],
							"inflate": 0.001,
							"pivot": [6.99989, 20.84381, 5.35099],
							"rotation": [-35, 0, 0],
							"uv": {
								"north": {"uv": [83, 87], "uv_size": [1, 1.5]},
								"east": {"uv": [45, 89], "uv_size": [0.5, 1.5]},
								"south": {"uv": [84, 87], "uv_size": [1, 1.5]},
								"west": {"uv": [50, 89], "uv_size": [0.5, 1.5]},
								"up": {"uv": [3, 90], "uv_size": [1, 0.5]},
								"down": {"uv": [4, 90.5], "uv_size": [1, -0.5]}
							}
						},
						{
							"origin": [6.45989, 16.25973, 4.84704],
							"size": [1.08, 0.73726, 1.95021],
							"pivot": [6.99989, 16.62837, 5.64214],
							"rotation": [11, 0, 0],
							"uv": {
								"north": {"uv": [10, 90], "uv_size": [1, 0.5]},
								"east": {"uv": [10, 89], "uv_size": [2, 0.5]},
								"south": {"uv": [11, 90], "uv_size": [1, 0.5]},
								"west": {"uv": [12, 89], "uv_size": [2, 0.5]},
								"up": {"uv": [4, 87], "uv_size": [1, 2]},
								"down": {"uv": [5, 89], "uv_size": [1, -2]}
							}
						},
						{
							"origin": [6.46017, 16.67686, 4.0653],
							"size": [1.07944, 2.57103, 1.6624],
							"inflate": 0.001,
							"pivot": [6.99989, 19.39908, 4.87297],
							"rotation": [22.5, 0, 0],
							"uv": {
								"north": {"uv": [63, 84], "uv_size": [1, 2.5]},
								"east": {"uv": [29, 83], "uv_size": [1.5, 2.5]},
								"south": {"uv": [64, 84], "uv_size": [1, 2.5]},
								"west": {"uv": [83, 47], "uv_size": [1.5, 2.5]},
								"up": {"uv": [87, 85], "uv_size": [1, 1.5]},
								"down": {"uv": [86, 88.5], "uv_size": [1, -1.5]}
							}
						},
						{
							"origin": [6.50489, 20.63658, -0.75203],
							"size": [0.99, 0.495, 6.975],
							"uv": {
								"north": {"uv": [12, 90], "uv_size": [1, 0.5]},
								"east": {"uv": [84, 44], "uv_size": [7, 0.5]},
								"south": {"uv": [13, 90], "uv_size": [1, 0.5]},
								"west": {"uv": [84, 45], "uv_size": [7, 0.5]},
								"up": {"uv": [78, 0], "uv_size": [1, 7]},
								"down": {"uv": [78, 82], "uv_size": [1, -7]}
							}
						},
						{
							"origin": [6.36989, 21.49158, 8.24797],
							"size": [1.26, 0.585, 7.02],
							"uv": {
								"north": {"uv": [89, 49], "uv_size": [1.5, 0.5]},
								"east": {"uv": [84, 46], "uv_size": [7, 0.5]},
								"south": {"uv": [58, 89], "uv_size": [1.5, 0.5]},
								"west": {"uv": [76, 84], "uv_size": [7, 0.5]},
								"up": {"uv": [12, 76], "uv_size": [1.5, 7]},
								"down": {"uv": [14, 83], "uv_size": [1.5, -7]}
							}
						},
						{
							"origin": [6.68517, 19.39759, 9.71863],
							"size": [0.62944, 0.58444, 5.71444],
							"inflate": 0.001,
							"pivot": [6.99989, 20.74731, 11.83335],
							"rotation": [-35, 0, 0],
							"uv": {
								"north": {"uv": [65, 90], "uv_size": [0.5, 0.5]},
								"east": {"uv": [85, 7], "uv_size": [5.5, 0.5]},
								"south": {"uv": [66, 90], "uv_size": [0.5, 0.5]},
								"west": {"uv": [85, 8], "uv_size": [5.5, 0.5]},
								"up": {"uv": [56, 84], "uv_size": [0.5, 5.5]},
								"down": {"uv": [57, 89.5], "uv_size": [0.5, -5.5]}
							}
						},
						{
							"origin": [6.68545, 20.56787, 8.41391],
							"size": [0.62888, 0.58388, 2.15888],
							"inflate": 0.002,
							"uv": {
								"north": {"uv": [67, 90], "uv_size": [0.5, 0.5]},
								"east": {"uv": [89, 13], "uv_size": [2, 0.5]},
								"south": {"uv": [68, 90], "uv_size": [0.5, 0.5]},
								"west": {"uv": [14, 89], "uv_size": [2, 0.5]},
								"up": {"uv": [5, 89], "uv_size": [0.5, 2]},
								"down": {"uv": [20, 91], "uv_size": [0.5, -2]}
							}
						},
						{
							"origin": [6.68545, 20.56787, 10.52891],
							"size": [0.62888, 0.44888, 2.42888],
							"inflate": 0.002,
							"pivot": [6.99989, 20.85981, 11.33835],
							"rotation": [-10, 0, 0],
							"uv": {
								"north": {"uv": [90, 68], "uv_size": [0.5, 0.5]},
								"east": {"uv": [88, 4], "uv_size": [2.5, 0.5]},
								"south": {"uv": [69, 90], "uv_size": [0.5, 0.5]},
								"west": {"uv": [88, 5], "uv_size": [2.5, 0.5]},
								"up": {"uv": [6, 88], "uv_size": [0.5, 2.5]},
								"down": {"uv": [16, 90.5], "uv_size": [0.5, -2.5]}
							}
						},
						{
							"origin": [6.68489, 16.09158, 12.52297],
							"size": [0.63, 1.26, 3.87],
							"pivot": [6.99989, 18.20658, 13.15297],
							"rotation": [90, 0, 0],
							"uv": {
								"north": {"uv": [60, 89], "uv_size": [0.5, 1.5]},
								"east": {"uv": [61, 82], "uv_size": [4, 1.5]},
								"south": {"uv": [61, 89], "uv_size": [0.5, 1.5]},
								"west": {"uv": [76, 82], "uv_size": [4, 1.5]},
								"up": {"uv": [8, 87], "uv_size": [0.5, 4]},
								"down": {"uv": [9, 91], "uv_size": [0.5, -4]}
							}
						},
						{
							"origin": [5.96886, 21.2357, 8.24797],
							"size": [0.89096, 0.89096, 7.02],
							"pivot": [6.22982, 22.5857, 11.75797],
							"rotation": [0, 0, -45],
							"uv": {
								"north": {"uv": [21, 89], "uv_size": [1, 1]},
								"east": {"uv": [76, 49], "uv_size": [7, 1]},
								"south": {"uv": [89, 21], "uv_size": [1, 1]},
								"west": {"uv": [78, 7], "uv_size": [7, 1]},
								"up": {"uv": [79, 0], "uv_size": [1, 7]},
								"down": {"uv": [79, 82], "uv_size": [1, -7]}
							}
						},
						{
							"origin": [6.50941, 21.63674, 8.24797],
							"size": [0.84596, 0.62096, 7.02],
							"pivot": [6.95489, 21.98658, 11.75797],
							"rotation": [0, 0, -90],
							"uv": {
								"north": {"uv": [14, 90], "uv_size": [1, 0.5]},
								"east": {"uv": [84, 77], "uv_size": [7, 0.5]},
								"south": {"uv": [15, 90], "uv_size": [1, 0.5]},
								"west": {"uv": [84, 78], "uv_size": [7, 0.5]},
								"up": {"uv": [80, 0], "uv_size": [1, 7]},
								"down": {"uv": [80, 82], "uv_size": [1, -7]}
							}
						},
						{
							"origin": [5.96886, 20.6507, 8.24797],
							"size": [0.89096, 0.89096, 7.02],
							"pivot": [6.22982, 22.0007, 11.75797],
							"rotation": [0, 0, -45],
							"uv": {
								"north": {"uv": [22, 89], "uv_size": [1, 1]},
								"east": {"uv": [78, 8], "uv_size": [7, 1]},
								"south": {"uv": [89, 22], "uv_size": [1, 1]},
								"west": {"uv": [78, 9], "uv_size": [7, 1]},
								"up": {"uv": [81, 0], "uv_size": [1, 7]},
								"down": {"uv": [16, 88], "uv_size": [1, -7]}
							}
						},
						{
							"origin": [6.52041, 21.57725, 6.26797],
							"size": [0.97362, 0.41365, 1.98],
							"pivot": [7.00355, 21.77523, 7.25797],
							"rotation": [0, 0, -45],
							"uv": {
								"north": {"uv": [21, 90], "uv_size": [1, 0.5]},
								"east": {"uv": [23, 89], "uv_size": [2, 0.5]},
								"south": {"uv": [90, 21], "uv_size": [1, 0.5]},
								"west": {"uv": [25, 89], "uv_size": [2, 0.5]},
								"up": {"uv": [10, 87], "uv_size": [1, 2]},
								"down": {"uv": [11, 89], "uv_size": [1, -2]}
							}
						},
						{
							"origin": [6.51307, 21.57725, 6.26797],
							"size": [0.97362, 0.41365, 1.98],
							"pivot": [6.99989, 21.78408, 7.25797],
							"rotation": [0, 0, -135],
							"uv": {
								"north": {"uv": [22, 90], "uv_size": [1, 0.5]},
								"east": {"uv": [89, 25], "uv_size": [2, 0.5]},
								"south": {"uv": [90, 22], "uv_size": [1, 0.5]},
								"west": {"uv": [89, 26], "uv_size": [2, 0.5]},
								"up": {"uv": [12, 87], "uv_size": [1, 2]},
								"down": {"uv": [13, 89], "uv_size": [1, -2]}
							}
						},
						{
							"origin": [6.50941, 21.58611, 6.26797],
							"size": [0.98096, 0.39596, 1.98],
							"uv": {
								"north": {"uv": [23, 90], "uv_size": [1, 0.5]},
								"east": {"uv": [27, 89], "uv_size": [2, 0.5]},
								"south": {"uv": [24, 90], "uv_size": [1, 0.5]},
								"west": {"uv": [89, 28], "uv_size": [2, 0.5]},
								"up": {"uv": [14, 87], "uv_size": [1, 2]},
								"down": {"uv": [15, 89], "uv_size": [1, -2]}
							}
						},
						{
							"origin": [6.80191, 21.29361, 6.26797],
							"size": [0.39596, 0.98096, 1.98],
							"uv": {
								"north": {"uv": [25, 90], "uv_size": [0.5, 1]},
								"east": {"uv": [18, 87], "uv_size": [2, 1]},
								"south": {"uv": [26, 90], "uv_size": [0.5, 1]},
								"west": {"uv": [20, 87], "uv_size": [2, 1]},
								"up": {"uv": [29, 89], "uv_size": [0.5, 2]},
								"down": {"uv": [30, 91], "uv_size": [0.5, -2]}
							}
						},
						{
							"origin": [6.63989, 16.18975, -0.62404],
							"size": [0.72, 1.665, 2.115],
							"pivot": [6.99989, 17.13475, 0.45596],
							"rotation": [-15, 0, 0],
							"uv": {
								"north": {"uv": [63, 89], "uv_size": [0.5, 1.5]},
								"east": {"uv": [22, 84], "uv_size": [2, 1.5]},
								"south": {"uv": [64, 89], "uv_size": [0.5, 1.5]},
								"west": {"uv": [54, 84], "uv_size": [2, 1.5]},
								"up": {"uv": [31, 89], "uv_size": [0.5, 2]},
								"down": {"uv": [32, 91], "uv_size": [0.5, -2]}
							}
						},
						{
							"origin": [6.54989, 15.55975, -0.66904],
							"size": [0.9, 0.72, 2.25],
							"pivot": [6.99989, 17.13475, 0.45596],
							"rotation": [-16, 0, 0],
							"uv": {
								"north": {"uv": [27, 90], "uv_size": [1, 0.5]},
								"east": {"uv": [88, 9], "uv_size": [2.5, 0.5]},
								"south": {"uv": [28, 90], "uv_size": [1, 0.5]},
								"west": {"uv": [88, 12], "uv_size": [2.5, 0.5]},
								"up": {"uv": [24, 85], "uv_size": [1, 2.5]},
								"down": {"uv": [25, 87.5], "uv_size": [1, -2.5]}
							}
						},
						{
							"origin": [6.54989, 14.70475, 0.14096],
							"size": [0.9, 0.855, 0.63],
							"pivot": [6.99989, 17.13475, 0.45596],
							"rotation": [-16, 0, 0],
							"uv": {
								"north": {"uv": [89, 29], "uv_size": [1, 1]},
								"east": {"uv": [90, 29], "uv_size": [0.5, 1]},
								"south": {"uv": [33, 89], "uv_size": [1, 1]},
								"west": {"uv": [33, 90], "uv_size": [0.5, 1]},
								"up": {"uv": [90, 33], "uv_size": [1, 0.5]},
								"down": {"uv": [34, 90.5], "uv_size": [1, -0.5]}
							}
						},
						{
							"origin": [6.68459, 21.44192, -0.32776],
							"size": [1.035, 1.035, 2.745],
							"pivot": [6.99959, 22.47692, 2.77724],
							"rotation": [0, 0, 22.5],
							"uv": {
								"north": {"uv": [89, 33], "uv_size": [1, 1]},
								"east": {"uv": [68, 53], "uv_size": [2.5, 1]},
								"south": {"uv": [34, 89], "uv_size": [1, 1]},
								"west": {"uv": [85, 9], "uv_size": [2.5, 1]},
								"up": {"uv": [26, 85], "uv_size": [1, 2.5]},
								"down": {"uv": [85, 49.5], "uv_size": [1, -2.5]}
							}
						},
						{
							"origin": [6.18982, 20.60479, -0.32776],
							"size": [0.135, 1.035, 2.745],
							"pivot": [6.25732, 21.12229, 1.04474],
							"rotation": [0, 0, 13.5],
							"uv": {
								"north": {"uv": [35, 90], "uv_size": [0.5, 1]},
								"east": {"uv": [85, 12], "uv_size": [2.5, 1]},
								"south": {"uv": [90, 35], "uv_size": [0.5, 1]},
								"west": {"uv": [85, 13], "uv_size": [2.5, 1]},
								"up": {"uv": [18, 88], "uv_size": [0.5, 2.5]},
								"down": {"uv": [19, 90.5], "uv_size": [0.5, -2.5]}
							}
						}
					]
				},
				{
					"name": "sight",
					"parent": "lod",
					"pivot": [6.99959, 30.39692, 2.77724],
					"cubes": [
						{
							"origin": [6.54959, 22.83692, 3.13724],
							"size": [0.9, 0.405, 1.44],
							"uv": {
								"north": {"uv": [36, 90], "uv_size": [1, 0.5]},
								"east": {"uv": [66, 89], "uv_size": [1.5, 0.5]},
								"south": {"uv": [90, 36], "uv_size": [1, 0.5]},
								"west": {"uv": [71, 89], "uv_size": [1.5, 0.5]},
								"up": {"uv": [87, 87], "uv_size": [1, 1.5]},
								"down": {"uv": [0, 89.5], "uv_size": [1, -1.5]}
							}
						},
						{
							"origin": [6.64015, 22.83748, 3.9928],
							"size": [0.71888, 1.03388, 0.58388],
							"inflate": 0.002,
							"uv": {
								"north": {"uv": [90, 37], "uv_size": [0.5, 1]},
								"east": {"uv": [90, 38], "uv_size": [0.5, 1]},
								"south": {"uv": [41, 90], "uv_size": [0.5, 1]},
								"west": {"uv": [42, 90], "uv_size": [0.5, 1]},
								"up": {"uv": [90, 69], "uv_size": [0.5, 0.5]},
								"down": {"uv": [70, 90.5], "uv_size": [0.5, -0.5]}
							}
						},
						{
							"origin": [6.64647, 23.64692, -7.79776],
							"size": [0.63, 0.63, 0.45],
							"pivot": [6.98397, 23.91692, -7.46026],
							"rotation": [0, 0, 45],
							"uv": {
								"north": {"uv": [90, 70], "uv_size": [0.5, 0.5]},
								"east": {"uv": [71, 90], "uv_size": [0.5, 0.5]},
								"south": {"uv": [72, 90], "uv_size": [0.5, 0.5]},
								"west": {"uv": [90, 74], "uv_size": [0.5, 0.5]},
								"up": {"uv": [75, 90], "uv_size": [0.5, 0.5]},
								"down": {"uv": [90, 75.5], "uv_size": [0.5, -0.5]}
							}
						},
						{
							"origin": [6.77489, 23.15465, -7.79776],
							"size": [0.45, 0.72, 0.45],
							"uv": {
								"north": {"uv": [76, 90], "uv_size": [0.5, 0.5]},
								"east": {"uv": [77, 90], "uv_size": [0.5, 0.5]},
								"south": {"uv": [78, 90], "uv_size": [0.5, 0.5]},
								"west": {"uv": [79, 90], "uv_size": [0.5, 0.5]},
								"up": {"uv": [80, 90], "uv_size": [0.5, 0.5]},
								"down": {"uv": [81, 90.5], "uv_size": [0.5, -0.5]}
							}
						},
						{
							"origin": [6.63959, 22.83692, -7.79776],
							"size": [0.765, 0.27, 0.675],
							"uv": {
								"north": {"uv": [43, 90], "uv_size": [1, 0.5]},
								"east": {"uv": [90, 81], "uv_size": [0.5, 0.5]},
								"south": {"uv": [44, 90], "uv_size": [1, 0.5]},
								"west": {"uv": [82, 90], "uv_size": [0.5, 0.5]},
								"up": {"uv": [46, 90], "uv_size": [1, 0.5]},
								"down": {"uv": [47, 90.5], "uv_size": [1, -0.5]}
							}
						},
						{
							"origin": [6.63987, 23.0622, 3.36252],
							"size": [0.71944, 0.40444, 1.25944],
							"inflate": 0.001,
							"pivot": [6.99959, 22.94942, 3.65474],
							"rotation": [22.5, 0, 0],
							"uv": {
								"north": {"uv": [90, 82], "uv_size": [0.5, 0.5]},
								"east": {"uv": [89, 71], "uv_size": [1.5, 0.5]},
								"south": {"uv": [83, 90], "uv_size": [0.5, 0.5]},
								"west": {"uv": [89, 72], "uv_size": [1.5, 0.5]},
								"up": {"uv": [73, 89], "uv_size": [0.5, 1.5]},
								"down": {"uv": [74, 90.5], "uv_size": [0.5, -1.5]}
							}
						},
						{
							"origin": [6.63959, 23.37692, 3.67724],
							"size": [0.72, 0.405, 0.72],
							"pivot": [6.99959, 22.94942, 3.65474],
							"rotation": [22.5, 0, 0],
							"uv": {
								"north": {"uv": [90, 83], "uv_size": [0.5, 0.5]},
								"east": {"uv": [84, 90], "uv_size": [0.5, 0.5]},
								"south": {"uv": [90, 84], "uv_size": [0.5, 0.5]},
								"west": {"uv": [85, 90], "uv_size": [0.5, 0.5]},
								"up": {"uv": [90, 85], "uv_size": [0.5, 0.5]},
								"down": {"uv": [86, 90.5], "uv_size": [0.5, -0.5]}
							}
						}
					]
				},
				{
					"name": "positioning_attachment",
					"parent": "lod",
					"pivot": [6.99989, 19.90874, 4.07163]
				},
				{
					"name": "muzzle_flash",
					"parent": "positioning_attachment",
					"pivot": [6.99989, 21.78074, -11.01237]
				},
				{
					"name": "muzzle_pos",
					"parent": "positioning_attachment",
					"pivot": [6.99989, 21.79874, -8.85237]
				},
				{
					"name": "laser_pos",
					"parent": "positioning_attachment",
					"pivot": [7.98953, 21.79874, -7.59237],
					"rotation": [0, 0, 90]
				},
				{
					"name": "scope_pos",
					"parent": "positioning_attachment",
					"pivot": [6.99989, 23.05694, 3.62163]
				},
				{
					"name": "grip_pos",
					"parent": "positioning_attachment",
					"pivot": [6.99989, 20.63324, -4.29837]
				},
				{
					"name": "shell",
					"parent": "positioning_attachment",
					"pivot": [6.85589, 21.88874, 0.92163]
				},
				{
					"name": "fixed",
					"parent": "lod",
					"pivot": [7.62989, 21.79874, 3.00963],
					"rotation": [0, 90, 0]
				},
				{
					"name": "ground",
					"parent": "lod",
					"pivot": [6.99989, 14.22074, 2.68563]
				},
				{
					"name": "thirdperson_hand",
					"parent": "lod",
					"pivot": [6.99989, 19.92674, 4.12563]
				},
				{
					"name": "panel",
					"pivot": [0, 0, 0],
					"cubes": [
						{
							"origin": [1.5, 31.46438, -4.17075],
							"size": [9.375, 0.125, 8.09237],
							"pivot": [8.5, 30.83724, 3.64175],
							"rotation": [7.5, 0, 0],
							"uv": {
								"north": {"uv": [82, 6], "uv_size": [9.5, 0.5]},
								"east": {"uv": [80, 82], "uv_size": [8, 0.5]},
								"south": {"uv": [82, 76], "uv_size": [9.5, 0.5]},
								"west": {"uv": [82, 81], "uv_size": [8, 0.5]},
								"up": {"uv": [0, 69], "uv_size": [9.5, 8]}
							}
						},
						{
							"origin": [8.5, 31.58938, -3.42075],
							"size": [1.75, 0.125, 4.34237],
							"pivot": [8.5, 30.83724, 3.64175],
							"rotation": [7.5, 0, 0],
							"uv": {
								"north": {"uv": [89, 34], "uv_size": [2, 0.5]},
								"east": {"uv": [85, 69], "uv_size": [4.5, 0.5]},
								"south": {"uv": [35, 89], "uv_size": [2, 0.5]},
								"west": {"uv": [85, 70], "uv_size": [4.5, 0.5]},
								"up": {"uv": [16, 76], "uv_size": [2, 4.5]}
							}
						},
						{
							"origin": [7.625, 31.58938, -3.45338],
							"size": [0.3125, 0.125, 6.6875],
							"pivot": [8.5, 30.83724, 3.64175],
							"rotation": [7.5, 0, 0],
							"uv": {
								"north": {"uv": [90, 86], "uv_size": [0.5, 0.5]},
								"east": {"uv": [84, 79], "uv_size": [6.5, 0.5]},
								"south": {"uv": [87, 90], "uv_size": [0.5, 0.5]},
								"west": {"uv": [84, 80], "uv_size": [6.5, 0.5]},
								"up": {"uv": [70, 83], "uv_size": [0.5, 6.5]}
							}
						},
						{
							"origin": [2.75, 31.58938, 2.92162],
							"size": [4.875, 0.125, 0.3125],
							"pivot": [8.5, 30.83724, 3.64175],
							"rotation": [7.5, 0, 0],
							"uv": {
								"north": {"uv": [85, 53], "uv_size": [5, 0.5]},
								"south": {"uv": [85, 54], "uv_size": [5, 0.5]},
								"up": {"uv": [85, 55], "uv_size": [5, 0.5]}
							}
						},
						{
							"origin": [2.75, 31.59754, -3.45391],
							"size": [4.875, 0.125, 0.3125],
							"pivot": [8.5, 30.8454, 3.70372],
							"rotation": [7.5, 0, 0],
							"uv": {
								"north": {"uv": [85, 56], "uv_size": [5, 0.5]},
								"south": {"uv": [85, 57], "uv_size": [5, 0.5]},
								"up": {"uv": [85, 68], "uv_size": [5, 0.5]}
							}
						},
						{
							"origin": [2.4375, 31.58938, -3.45338],
							"size": [0.3125, 0.125, 6.6875],
							"pivot": [8.5, 30.83724, 3.64175],
							"rotation": [7.5, 0, 0],
							"uv": {
								"north": {"uv": [90, 87], "uv_size": [0.5, 0.5]},
								"east": {"uv": [83, 84], "uv_size": [6.5, 0.5]},
								"south": {"uv": [88, 90], "uv_size": [0.5, 0.5]},
								"west": {"uv": [0, 85], "uv_size": [6.5, 0.5]},
								"up": {"uv": [7, 84], "uv_size": [0.5, 6.5]}
							}
						}
					]
				},
				{
					"name": "panel_illuminated",
					"parent": "panel",
					"pivot": [0, 0, 0],
					"cubes": [
						{
							"origin": [9.4375, 31.71438, -1.07838],
							"size": [0.625, 0.125, 0.3125],
							"pivot": [9.25, 30.83724, 3.64175],
							"rotation": [7.5, 0, 0],
							"uv": {
								"north": {"uv": [90, 88], "uv_size": [0.5, 0.5]},
								"east": {"uv": [89, 90], "uv_size": [0.5, 0.5]},
								"south": {"uv": [90, 89], "uv_size": [0.5, 0.5]},
								"west": {"uv": [90, 90], "uv_size": [0.5, 0.5]},
								"up": {"uv": [0, 91], "uv_size": [0.5, 0.5]}
							}
						},
						{
							"origin": [9.4375, 31.71438, -0.51588],
							"size": [0.625, 0.125, 0.3125],
							"pivot": [9.25, 30.83724, 3.64175],
							"rotation": [7.5, 0, 0],
							"uv": {
								"north": {"uv": [91, 0], "uv_size": [0.5, 0.5]},
								"east": {"uv": [1, 91], "uv_size": [0.5, 0.5]},
								"south": {"uv": [91, 1], "uv_size": [0.5, 0.5]},
								"west": {"uv": [2, 91], "uv_size": [0.5, 0.5]},
								"up": {"uv": [91, 2], "uv_size": [0.5, 0.5]}
							}
						},
						{
							"origin": [9.4375, 31.71438, 0.04662],
							"size": [0.625, 0.125, 0.3125],
							"pivot": [9.25, 30.83724, 3.64175],
							"rotation": [7.5, 0, 0],
							"uv": {
								"north": {"uv": [3, 91], "uv_size": [0.5, 0.5]},
								"east": {"uv": [91, 3], "uv_size": [0.5, 0.5]},
								"south": {"uv": [4, 91], "uv_size": [0.5, 0.5]},
								"west": {"uv": [91, 4], "uv_size": [0.5, 0.5]},
								"up": {"uv": [5, 91], "uv_size": [0.5, 0.5]}
							}
						},
						{
							"origin": [8.6875, 31.71438, 0.04662],
							"size": [0.625, 0.125, 0.3125],
							"pivot": [8.5, 30.83724, 3.64175],
							"rotation": [7.5, 0, 0],
							"uv": {
								"north": {"uv": [91, 5], "uv_size": [0.5, 0.5]},
								"east": {"uv": [6, 91], "uv_size": [0.5, 0.5]},
								"south": {"uv": [7, 91], "uv_size": [0.5, 0.5]},
								"west": {"uv": [91, 7], "uv_size": [0.5, 0.5]},
								"up": {"uv": [8, 91], "uv_size": [0.5, 0.5]}
							}
						},
						{
							"origin": [8.6875, 31.71438, -0.51588],
							"size": [0.625, 0.125, 0.3125],
							"pivot": [8.5, 30.83724, 3.64175],
							"rotation": [7.5, 0, 0],
							"uv": {
								"north": {"uv": [91, 8], "uv_size": [0.5, 0.5]},
								"east": {"uv": [9, 91], "uv_size": [0.5, 0.5]},
								"south": {"uv": [91, 9], "uv_size": [0.5, 0.5]},
								"west": {"uv": [10, 91], "uv_size": [0.5, 0.5]},
								"up": {"uv": [11, 91], "uv_size": [0.5, 0.5]}
							}
						},
						{
							"origin": [8.6875, 31.71438, -1.07838],
							"size": [0.625, 0.125, 0.3125],
							"pivot": [8.5, 30.83724, 3.64175],
							"rotation": [7.5, 0, 0],
							"uv": {
								"north": {"uv": [12, 91], "uv_size": [0.5, 0.5]},
								"east": {"uv": [91, 12], "uv_size": [0.5, 0.5]},
								"south": {"uv": [13, 91], "uv_size": [0.5, 0.5]},
								"west": {"uv": [91, 13], "uv_size": [0.5, 0.5]},
								"up": {"uv": [14, 91], "uv_size": [0.5, 0.5]}
							}
						},
						{
							"origin": [8.875, 31.71438, -1.70338],
							"size": [0.25, 0.125, 0.25],
							"pivot": [8.875, 30.83724, 3.70425],
							"rotation": [7.5, 0, 0],
							"uv": {
								"north": {"uv": [15, 91], "uv_size": [0.5, 0.5]},
								"east": {"uv": [16, 91], "uv_size": [0.5, 0.5]},
								"south": {"uv": [18, 91], "uv_size": [0.5, 0.5]},
								"west": {"uv": [19, 91], "uv_size": [0.5, 0.5]},
								"up": {"uv": [20, 91], "uv_size": [0.5, 0.5]}
							}
						},
						{
							"origin": [9.625, 31.71438, -1.70338],
							"size": [0.25, 0.125, 0.25],
							"pivot": [9.625, 30.83724, 3.70425],
							"rotation": [7.5, 0, 0],
							"uv": {
								"north": {"uv": [21, 91], "uv_size": [0.5, 0.5]},
								"east": {"uv": [91, 21], "uv_size": [0.5, 0.5]},
								"south": {"uv": [22, 91], "uv_size": [0.5, 0.5]},
								"west": {"uv": [91, 22], "uv_size": [0.5, 0.5]},
								"up": {"uv": [23, 91], "uv_size": [0.5, 0.5]}
							}
						},
						{
							"origin": [9.25, 31.71438, -2.07838],
							"size": [0.25, 0.125, 0.25],
							"pivot": [9.25, 30.83724, 3.70425],
							"rotation": [7.5, 0, 0],
							"uv": {
								"north": {"uv": [24, 91], "uv_size": [0.5, 0.5]},
								"east": {"uv": [25, 91], "uv_size": [0.5, 0.5]},
								"south": {"uv": [91, 25], "uv_size": [0.5, 0.5]},
								"west": {"uv": [26, 91], "uv_size": [0.5, 0.5]},
								"up": {"uv": [91, 26], "uv_size": [0.5, 0.5]}
							}
						},
						{
							"origin": [9.625, 31.71438, -2.07838],
							"size": [0.25, 0.125, 0.25],
							"pivot": [9.625, 30.83724, 3.70425],
							"rotation": [7.5, 0, 0],
							"uv": {
								"north": {"uv": [27, 91], "uv_size": [0.5, 0.5]},
								"east": {"uv": [28, 91], "uv_size": [0.5, 0.5]},
								"south": {"uv": [91, 28], "uv_size": [0.5, 0.5]},
								"west": {"uv": [29, 91], "uv_size": [0.5, 0.5]},
								"up": {"uv": [91, 29], "uv_size": [0.5, 0.5]}
							}
						},
						{
							"origin": [9.25, 31.71438, -1.70338],
							"size": [0.25, 0.125, 0.25],
							"pivot": [9.25, 30.83724, 3.70425],
							"rotation": [7.5, 0, 0],
							"uv": {
								"north": {"uv": [30, 91], "uv_size": [0.5, 0.5]},
								"east": {"uv": [91, 30], "uv_size": [0.5, 0.5]},
								"south": {"uv": [31, 91], "uv_size": [0.5, 0.5]},
								"west": {"uv": [91, 31], "uv_size": [0.5, 0.5]},
								"up": {"uv": [32, 91], "uv_size": [0.5, 0.5]}
							}
						},
						{
							"origin": [8.875, 31.71438, -2.07838],
							"size": [0.25, 0.125, 0.25],
							"pivot": [8.875, 30.83724, 3.70425],
							"rotation": [7.5, 0, 0],
							"uv": {
								"north": {"uv": [91, 32], "uv_size": [0.5, 0.5]},
								"east": {"uv": [33, 91], "uv_size": [0.5, 0.5]},
								"south": {"uv": [91, 33], "uv_size": [0.5, 0.5]},
								"west": {"uv": [34, 91], "uv_size": [0.5, 0.5]},
								"up": {"uv": [91, 34], "uv_size": [0.5, 0.5]}
							}
						},
						{
							"origin": [8.875, 31.71438, -2.45338],
							"size": [0.25, 0.125, 0.25],
							"pivot": [8.875, 30.83724, 3.70425],
							"rotation": [7.5, 0, 0],
							"uv": {
								"north": {"uv": [35, 91], "uv_size": [0.5, 0.5]},
								"east": {"uv": [91, 35], "uv_size": [0.5, 0.5]},
								"south": {"uv": [36, 91], "uv_size": [0.5, 0.5]},
								"west": {"uv": [91, 36], "uv_size": [0.5, 0.5]},
								"up": {"uv": [37, 91], "uv_size": [0.5, 0.5]}
							}
						},
						{
							"origin": [9.25, 31.71438, -2.45338],
							"size": [0.25, 0.125, 0.25],
							"pivot": [9.25, 30.83724, 3.70425],
							"rotation": [7.5, 0, 0],
							"uv": {
								"north": {"uv": [91, 37], "uv_size": [0.5, 0.5]},
								"east": {"uv": [38, 91], "uv_size": [0.5, 0.5]},
								"south": {"uv": [91, 38], "uv_size": [0.5, 0.5]},
								"west": {"uv": [39, 91], "uv_size": [0.5, 0.5]},
								"up": {"uv": [91, 39], "uv_size": [0.5, 0.5]}
							}
						},
						{
							"origin": [9.625, 31.71438, -2.45338],
							"size": [0.25, 0.125, 0.25],
							"pivot": [9.625, 30.83724, 3.70425],
							"rotation": [7.5, 0, 0],
							"uv": {
								"north": {"uv": [40, 91], "uv_size": [0.5, 0.5]},
								"east": {"uv": [41, 91], "uv_size": [0.5, 0.5]},
								"south": {"uv": [42, 91], "uv_size": [0.5, 0.5]},
								"west": {"uv": [91, 42], "uv_size": [0.5, 0.5]},
								"up": {"uv": [43, 91], "uv_size": [0.5, 0.5]}
							}
						},
						{
							"origin": [9.625, 31.71438, -2.82838],
							"size": [0.25, 0.125, 0.25],
							"pivot": [9.625, 30.83724, 3.70425],
							"rotation": [7.5, 0, 0],
							"uv": {
								"north": {"uv": [91, 43], "uv_size": [0.5, 0.5]},
								"east": {"uv": [44, 91], "uv_size": [0.5, 0.5]},
								"south": {"uv": [91, 44], "uv_size": [0.5, 0.5]},
								"west": {"uv": [45, 91], "uv_size": [0.5, 0.5]},
								"up": {"uv": [91, 45], "uv_size": [0.5, 0.5]}
							}
						},
						{
							"origin": [9.25, 31.71438, -2.82838],
							"size": [0.25, 0.125, 0.25],
							"pivot": [9.25, 30.83724, 3.70425],
							"rotation": [7.5, 0, 0],
							"uv": {
								"north": {"uv": [46, 91], "uv_size": [0.5, 0.5]},
								"east": {"uv": [91, 46], "uv_size": [0.5, 0.5]},
								"south": {"uv": [47, 91], "uv_size": [0.5, 0.5]},
								"west": {"uv": [91, 47], "uv_size": [0.5, 0.5]},
								"up": {"uv": [48, 91], "uv_size": [0.5, 0.5]}
							}
						},
						{
							"origin": [8.875, 31.71438, -2.82838],
							"size": [0.25, 0.125, 0.25],
							"pivot": [8.875, 30.83724, 3.70425],
							"rotation": [7.5, 0, 0],
							"uv": {
								"north": {"uv": [91, 48], "uv_size": [0.5, 0.5]},
								"east": {"uv": [49, 91], "uv_size": [0.5, 0.5]},
								"south": {"uv": [91, 49], "uv_size": [0.5, 0.5]},
								"west": {"uv": [50, 91], "uv_size": [0.5, 0.5]},
								"up": {"uv": [91, 50], "uv_size": [0.5, 0.5]}
							}
						},
						{
							"origin": [2.75, 31.33938, -3.14088],
							"size": [4.875, 0.3125, 6.0625],
							"pivot": [8.5, 30.83724, 3.64175],
							"rotation": [7.5, 0, 0],
							"uv": {
								"up": {"uv": [24, 69], "uv_size": [5, 6]}
							}
						}
					]
				}
			]
		}
	]
}