{
  "model": "timeless_renew:gun/timeless50_geo",
  "texture": "timeless_renew:gun/uv/timeless50",
  "lod": {
    "model": "tacz:gun/lod/timeless50",
    "texture": "tacz:gun/lod/timeless50"
  },
  "hud": "timeless_renew:gun/hud/timeless50",
  "slot": "timeless_renew:gun/slot/timeless50",
  "animation": "timeless_renew:timeless50",
  "use_default_animation": "pistol",
  "state_machine": "timeless_renew:timeless50_state_machine",
  "player_animator_3rd": "tacz:pistol_default.player_animation",
  "transform": {
    "scale": {
      "thirdperson": [0.6, 0.6, 0.6],
      "ground": [0.6, 0.6, 0.6],
      "fixed": [1.2, 1.2, 1.2]
    }
  },
  "shell": {
    "initial_velocity": [3.5, 4.0, -6],
    "random_velocity": [1, 2, 4],
    "acceleration": [0.0, -20, 0.0],
    "angular_velocity": [360, -1200, 360],
    "living_time": 1.0
  },
  "muzzle_flash": {
    "texture": "timeless_renew:flash/common_muzzle_flash",
    "scale": 0.65
  },
  "sounds": {
    "put_away": "timeless_renew:timeless50/timeless50_put_away",
    "shoot": "timeless_renew:timeless50/timeless50_shoot",
    "shoot_3p": "timeless_renew:timeless50/timeless50_shoot_3p",
    "silence": "timeless_renew:timeless50/timeless50_silence",
    "silence_3p": "timeless_renew:timeless50/timeless50_silence_3p"
  },
  "offhand_show": {
    "pos": [4, 13, -1],
    "rotate": [-90, -35, 90],
    "scale": [0.5, 0.5, 0.5]
  },
  "hotbar_show": {
    "0": {
      "pos": [-5, 13, -1],
      "rotate": [-90, -35, 90],
      "scale": [0.5, 0.5, 0.5]
    }
  }
}