{
	"format_version": "1.12.0",
	"minecraft:geometry": [
		{
			"description": {
				"identifier": "geometry.unknown",
				"texture_width": 50,
				"texture_height": 50,
				"visible_bounds_width": 8,
				"visible_bounds_height": 4,
				"visible_bounds_offset": [0, 1, 0]
			},
			"bones": [
				{
					"name": "ammo",
					"pivot": [1, 6.75, -11.5],
					"cubes": [
						{"origin": [-3.3, 0, -9.225], "size": [8, 4, 14], "pivot": [4.7, 3, -8.225], "rotation": [0, -13.5, 0], "uv": [0, 0]},
						{"origin": [-3.05, 0, 4.775], "size": [7.5, 3.25, 5], "pivot": [4.7, 3, -8.225], "rotation": [0, -13.5, 0], "uv": [0, 18]}
					]
				}
			]
		}
	]
}