{
	"format_version": "1.12.0",
	"minecraft:geometry": [
		{
			"description": {
				"identifier": "geometry.unknown",
				"texture_width": 28,
				"texture_height": 14,
				"visible_bounds_width": 11,
				"visible_bounds_height": 4,
				"visible_bounds_offset": [0, 1, 0]
			},
			"bones": [
				{
					"name": "main",
					"pivot": [0.5, 24.5, -21],
					"cubes": [
						{"origin": [1.75, 0.5, -4.7], "size": [3, 3, 11], "pivot": [3.25, 0.75, 4.3], "rotation": [-1.55252, -4.75344, 21.05746], "uv": [0, 0]},
						{"origin": [-1.5, 1.75, -9.7], "size": [3, 3, 11], "pivot": [0, 2, -0.7], "rotation": [-90, 7.5, 0], "uv": [0, 0]},
						{"origin": [-4.25, 1.75, -13.2], "size": [3, 3, 11], "pivot": [-2.75, 2, -4.2], "rotation": [-90, -42.5, 0], "uv": [0, 0]}
					]
				}
			]
		}
	]
}