{
	"format_version": "1.12.0",
	"minecraft:geometry": [
		{
			"description": {
				"identifier": "geometry.unknown",
				"texture_width": 32,
				"texture_height": 32,
				"visible_bounds_width": 8,
				"visible_bounds_height": 4,
				"visible_bounds_offset": [0, 1, 0]
			},
			"bones": [
				{
					"name": "ammo",
					"pivot": [1, 6.75, -11.5],
					"cubes": [
						{"origin": [-2.3, -3, -3.3], "size": [6, 4, 8], "pivot": [3.7, 0, -9.3], "rotation": [-13.5, 0, 90], "uv": [0, 0]},
						{"origin": [2.625, -0.375, 3.925], "size": [2, 4.25, 2], "inflate": -0.4, "pivot": [3.625, 2.625, 4.925], "rotation": [0, -22.5, 0], "uv": [0, 12]},
						{"origin": [3.075, -2.35, 1.15], "size": [2, 4.25, 2], "inflate": -0.4, "pivot": [4.075, 0.65, 2.15], "rotation": [90, -45, 0], "uv": [0, 0]}
					]
				}
			]
		}
	]
}