{
	"format_version": "1.12.0",
	"minecraft:geometry": [
		{
			"description": {
				"identifier": "geometry.unknown",
				"texture_width": 120,
				"texture_height": 120,
				"visible_bounds_width": 8,
				"visible_bounds_height": 6,
				"visible_bounds_offset": [0, 0, 0]
			},
			"bones": [
				{
					"name": "main",
					"pivot": [0, 20, 0]
				},
				{
					"name": "gun",
					"parent": "main",
					"pivot": [1, 11, -1],
					"cubes": [
						{"origin": [-1.65, 4.95, -3.225], "size": [3.3, 13.4, 4.75], "inflate": 0.002, "pivot": [1.35, 18.95, -3.225], "rotation": [21.25, 0, 0], "uv": [14, 83]},
						{"origin": [-1.65, 19.45, -11.25], "size": [3.3, 1.1, 18.525], "inflate": 0.001, "uv": [53, 5]},
						{"origin": [-1.25, 21.8, -7.65], "size": [2.6, 1.85, 5.025], "inflate": 0.001, "uv": [72, 68]},
						{"origin": [0.1, 19.35, -0.4], "size": [1.8, 1, 2], "inflate": 0.001, "pivot": [1.9, 20.35, -0.375], "rotation": [7.17576, 1.0376, -8.18494], "uv": [0, 37]},
						{"origin": [-1.9, 18.55, -4.1], "size": [3.8, 1, 1], "inflate": -0.2, "pivot": [1.9, 19.55, -4.075], "rotation": [-26, 0, 0], "uv": [0, 22]},
						{"origin": [-2.05, 18.275, -6.025], "size": [4.1, 1.9, 1.15], "inflate": -0.3, "pivot": [1.75, 19.875, -5.7], "rotation": [20.5, 0, 0], "uv": [14, 10]},
						{"origin": [0.2, 14.6, -1.925], "size": [1.8, 1.25, 2], "inflate": 0.001, "pivot": [1.675, 15.35, -1.95], "rotation": [20.80868, -4.20756, -1.59718], "uv": [6, 31]},
						{"origin": [-1.675, 14.6, -1.925], "size": [1.8, 1.25, 2], "inflate": 0.001, "pivot": [-1.675, 15.35, -1.95], "rotation": [20.75072, -0.46757, -0.17715], "uv": [29, 28]},
						{"origin": [-1.9, 19.35, -0.4], "size": [1.8, 1, 2], "inflate": 0.001, "pivot": [-1.9, 20.35, -0.375], "rotation": [7.17576, -1.0376, 8.18494], "uv": [29, 31]},
						{"origin": [-1.15, 19.6, 6.35], "size": [2.3, 1.1, 1.025], "uv": [5, 39]},
						{"origin": [-1.15, 20.6, 5.9], "size": [2.3, 1.1, 1.025], "uv": [16, 25]},
						{"origin": [0.125, 20.325, 6.475], "size": [1, 1.1, 1.025], "inflate": -0.2, "uv": [54, 25]},
						{"origin": [0.45, 19.45, -19.1], "size": [1, 1.1, 8.725], "pivot": [1.45, 20.45, -19.075], "rotation": [0, 0, 5], "uv": [88, 54]},
						{"origin": [-1.45, 19.45, -19.1], "size": [1, 1.1, 8.725], "pivot": [-1.45, 20.45, -19.075], "rotation": [0, 0, -5], "uv": [85, 81]},
						{"origin": [-1.1, 11.725, -18.975], "size": [2.2, 7, 1.225], "pivot": [-0.9, 18.725, -19.05], "rotation": [88, 0, 0], "uv": [0, 28]},
						{"origin": [-1.5, 10.325, -19.375], "size": [3, 8.7, 1.075], "inflate": -0.3, "pivot": [-0.9, 18.725, -19.05], "rotation": [88, 0, 0], "uv": [0, 13]},
						{"origin": [-1.5, 17.825, -19.375], "size": [3, 1.2, 1.425], "inflate": -0.301, "pivot": [-0.9, 18.725, -19.05], "rotation": [94.75, 0, 0], "uv": [8, 25]},
						{"origin": [-1.5, 19.2, -19.425], "size": [3, 1.7, 1.425], "inflate": -0.3, "uv": [0, 25]},
						{"origin": [-1.65, 18.45, -11.25], "size": [3.3, 1, 11.625], "inflate": -0.001, "uv": [77, 0]},
						{"origin": [-1.65, 18.475, -7.875], "size": [3.3, 1, 5.625], "pivot": [1.65, 19.475, -7.85], "rotation": [-8, 0, 0], "uv": [24, 51]},
						{"origin": [0.65, 18.45, -12.225], "size": [1, 2.1, 1], "pivot": [1.65, 20.45, -11.225], "rotation": [0, 33.5, 0], "uv": [44, 23]},
						{"origin": [-1.65, 18.45, -12.225], "size": [1, 2.1, 1], "pivot": [-1.65, 20.45, -11.225], "rotation": [0, -33.5, 0], "uv": [23, 24]},
						{"origin": [-1.65, 17.45, 7.275], "size": [3.3, 3, 1.1], "inflate": -0.002, "pivot": [1.65, 20.45, 7.375], "rotation": [-69.5, 0, 0], "uv": [29, 36]},
						{"origin": [-1.65, 16.675, 5.275], "size": [3.3, 3, 1], "inflate": -0.003, "pivot": [1.65, 19.675, 5.275], "rotation": [-23.5, 0, 0], "uv": [5, 35]},
						{"origin": [-1.65, 5.125, -0.125], "size": [3.3, 13.9, 4.75], "pivot": [1.35, 19.125, -0.125], "rotation": [16.5, 0, 0], "uv": [0, 83]},
						{"origin": [-1.65, 8.125, 4.25], "size": [3.3, 6, 2], "inflate": -0.002, "pivot": [1.65, 14.125, 6.25], "rotation": [28.75, 0, 0], "uv": [0, 0]},
						{"origin": [-1.65, 5.9, 7.125], "size": [3.3, 3, 2], "inflate": -0.003, "pivot": [1.65, 8.9, 9.125], "rotation": [11, 0, 0], "uv": [14, 0]},
						{"origin": [-1.65, 5.575, 1.325], "size": [3.3, 2, 6.4], "inflate": -0.002, "uv": [29, 28]},
						{"origin": [-0.5, 15, -5.225], "size": [1, 4, 1], "inflate": -0.1, "pivot": [0.5, 15, -4.225], "rotation": [-19.25, 0, 0], "uv": [37, 0]},
						{"origin": [-1.25, 13.8, -9.25], "size": [2.5, 1, 5.5], "inflate": -0.201, "pivot": [1.25, 14, -3.95], "rotation": [-2.25, 0, 0], "uv": [80, 54]},
						{"origin": [-1.25, 14, -9.85], "size": [2.5, 1.75, 1], "inflate": -0.202, "pivot": [1.25, 14.2, -9.05], "rotation": [-23.5, 0, 0], "uv": [41, 32]},
						{"origin": [-1.25, 14.425, -8.775], "size": [2.5, 1.75, 1.1], "inflate": -0.203, "pivot": [1.25, 14.625, -7.875], "rotation": [32.75, 0, 0], "uv": [41, 30]},
						{"origin": [-1.25, 13.8, -4.15], "size": [2.5, 1, 2.4], "inflate": -0.202, "pivot": [1.25, 14, -3.95], "rotation": [28.75, 0, 0], "uv": [34, 23]},
						{"origin": [-1.25, 14.525, -3.075], "size": [2.5, 3, 2.4], "inflate": -0.201, "pivot": [1.25, 14.725, -2.875], "rotation": [-13.75, 0, 0], "uv": [29, 0]},
						{"origin": [-1.25, 15.125, -9.4], "size": [2.5, 3, 1], "inflate": -0.201, "uv": [21, 13]},
						{"origin": [-1.25, 16.775, -11.775], "size": [2.5, 2.75, 3], "inflate": -0.2, "pivot": [1.25, 16.975, -8.975], "rotation": [-47.25, 0, 0], "uv": [14, 5]},
						{"origin": [-1.425, 19.5, -19.725], "size": [2, 2, 15], "inflate": -0.4, "pivot": [0.575, 21.5, -19.725], "rotation": [0, 0, -20.75], "uv": [53, 62]}
					]
				},
				{
					"name": "drake",
					"parent": "gun",
					"pivot": [0, 22.5, -4.75],
					"cubes": [
						{
							"origin": [-1.00336, 21.45742, -39.7599],
							"size": [2, 2, 35],
							"inflate": -0.3,
							"pivot": [0.1, 22.7, -19.725],
							"rotation": [0, -0.02618, 16.75045],
							"uv": {
								"north": {"uv": [81, 118], "uv_size": [2, 2]},
								"east": {"uv": [46, 118], "uv_size": [35, 2]},
								"south": {"uv": [118, 118], "uv_size": [2, 2]},
								"west": {"uv": [83, 118], "uv_size": [35, 2]},
								"up": {"uv": [114, 100], "uv_size": [-2, -35]},
								"down": {"uv": [107, 104], "uv_size": [2, -35]}
							}
						}
					]
				},
				{
					"name": "_cb_suppressor",
					"parent": "drake",
					"pivot": [0, 24.475, -24.15],
					"cubes": [
						{"origin": [-0.5, 21.9, -36.275], "size": [1, 1, 1], "uv": [23, 9]}
					]
				},
				{
					"name": "slide",
					"parent": "gun",
					"pivot": [1, 22.25, -19.25],
					"cubes": [
						{"origin": [-1.75, 20.55, -19.25], "size": [3.5, 1.25, 16.5], "uv": [58, 44]},
						{"origin": [-1, 19.1, -19.25], "size": [2, 1.45, 1], "uv": [21, 17]},
						{"origin": [0.75, 21.8, -19.25], "size": [1, 1.6, 11.6], "uv": [59, 80]},
						{"origin": [-1.75, 21.8, -19.25], "size": [1, 1.6, 11.6], "uv": [0, 13]},
						{"origin": [1.05, 23.1, -19.55], "size": [1, 1.095, 27.1], "inflate": -0.302, "pivot": [1.75, 23.4, -19.25], "rotation": [0, 0, -45], "uv": [0, 0]},
						{"origin": [-2.05, 23.1, -19.55], "size": [1, 1.095, 12.2], "inflate": -0.302, "pivot": [-1.75, 23.4, -19.25], "rotation": [0, 0, 45], "uv": [0, 0]},
						{"origin": [-2.05, 23.1, -3.55], "size": [1, 1.095, 11.1], "inflate": -0.301, "pivot": [-1.75, 23.4, -3.25], "rotation": [0, 0, 45], "uv": [80, 42]},
						{"origin": [0.55, 22.35, 6.45], "size": [1, 1.095, 2.1], "inflate": -0.302, "pivot": [1.25, 22.65, -8.25], "rotation": [0, 0, -45], "uv": [71, 2]},
						{"origin": [-1.45, 20.55, 6.55], "size": [1, 2.3, 1.9], "inflate": -0.199, "uv": [58, 10]},
						{"origin": [-1.1, 20.5, 6.55], "size": [2.2, 2.7, 1.9], "inflate": -0.2, "uv": [65, 10]},
						{"origin": [-1.55, 22.35, 6.45], "size": [1, 1.095, 2.1], "inflate": -0.301, "pivot": [-1.25, 22.65, 7.75], "rotation": [0, 0, 45], "uv": [63, 0]},
						{"origin": [-1.4, 22.75, -19.25], "size": [2.8, 1, 11.6], "inflate": -0.001, "uv": [35, 8]},
						{"origin": [0.6, 22.55, -3.45], "size": [1, 1.4, 10.9], "inflate": -0.2, "uv": [77, 12]},
						{"origin": [-1.6, 22.55, -3.45], "size": [1, 1.4, 10.9], "inflate": -0.2, "uv": [66, 24]},
						{"origin": [-0.9, 22.75, -2.75], "size": [1.8, 1, 2], "inflate": 0.001, "uv": [40, 24]},
						{"origin": [-0.9, 22.65, -0.95], "size": [1.8, 1, 6], "inflate": 0.001, "uv": [13, 13]},
						{"origin": [-0.9, 22.75, 4.75], "size": [1.8, 1, 2.5], "inflate": 0.001, "uv": [5, 8]},
						{"origin": [-1.15, 21.25, 6.275], "size": [2.3, 1.5, 1], "uv": [41, 28]},
						{"origin": [-0.6, 20.65, 6.375], "size": [1, 1, 1], "inflate": -0.101, "uv": [0, 57]},
						{"origin": [0.55, 20.35, 6.675], "size": [1, 1.3, 1], "inflate": -0.4, "uv": [4, 55]},
						{"origin": [-1.55, 20.35, 6.675], "size": [1, 1.3, 1], "inflate": -0.4, "uv": [0, 55]},
						{"origin": [-1.95, 22.6, -3.45], "size": [1.1, 1, 10.9], "inflate": -0.199, "uv": [73, 82]},
						{"origin": [-1.95, 20.35, -3.95], "size": [1, 1.95, 11.4], "inflate": -0.201, "uv": [46, 79]},
						{"origin": [-1.95, 21.9, -0.95], "size": [1, 1.15, 8.4], "inflate": -0.201, "uv": [32, 52]},
						{"origin": [-1.825, 21.875, -3.3], "size": [1, 1.175, 2.65], "inflate": -0.25, "pivot": [0.875, 20.55, -4.6], "rotation": [0, -4.5, 0], "uv": [35, 38]},
						{"origin": [0.95, 20.35, -7.95], "size": [1, 3.25, 15.4], "inflate": -0.199, "uv": [74, 24]},
						{"origin": [1.1, 21.45, 3.725], "size": [1, 2, 2], "inflate": -0.2, "pivot": [2.1, 21.45, 3.725], "rotation": [-30, 0, 0], "uv": [13, 13]},
						{"origin": [0.85, 21.45, 7.075], "size": [1, 1, 1], "inflate": -0.2, "pivot": [1.85, 21.45, 7.075], "rotation": [-30, 0, 0], "uv": [14, 14]},
						{"origin": [1.425, 22.6, 3.475], "size": [1.25, 1, 2.5], "inflate": -0.3, "pivot": [2.675, 22.6, 3.475], "rotation": [-45.68718, -8.80348, 8.90928], "uv": [6, 28]},
						{"origin": [1.052, 21.35, -11.95], "size": [1, 1.25, 6.4], "inflate": -0.3, "uv": [72, 61]},
						{"origin": [-5.752, 16.6, -3.05], "size": [8.55, 10.75, 13], "inflate": -4, "uv": [0, 28]},
						{"origin": [-2.798, 16.6, -3.05], "size": [8.55, 10.75, 13], "inflate": -4, "uv": [29, 0]},
						{"origin": [-5.149, 17.275, 3.05], "size": [10.298, 8.95, 8.226], "inflate": -4, "uv": [32, 61]},
						{"origin": [-1.2, 23.025, 5.55], "size": [1.15, 1, 1], "inflate": -0.2, "pivot": [-1, 23.825, 6.35], "rotation": [-79.25, 0, 0], "uv": [35, 53]},
						{"origin": [0.05, 23.025, 5.55], "size": [1.15, 1, 1], "inflate": -0.2, "pivot": [1, 23.825, 6.35], "rotation": [-79.25, 0, 0], "uv": [24, 53]},
						{"origin": [-1, 22.625, 5.35], "size": [2, 1.2, 1], "inflate": 0.001, "uv": [13, 17]},
						{"origin": [-0.65, 23.225, 5.7], "size": [1.3, 1, 1.05], "inflate": -0.4, "pivot": [-1, 23.825, 6.35], "rotation": [-79.25, 0, 0], "uv": [4, 53]},
						{"origin": [-0.6, 23.275, 5.2], "size": [1.15, 1, 1.3], "inflate": -0.202, "uv": [0, 53]},
						{"origin": [-1.2, 23.625, 5.275], "size": [1.15, 1, 1.15], "inflate": -0.202, "uv": [35, 51]},
						{"origin": [0.05, 23.325, 5.275], "size": [1.15, 1.3, 1.15], "inflate": -0.202, "pivot": [1, 24.425, 5.475], "rotation": [0, 0, -32.5], "uv": [48, 23]},
						{"origin": [-1.2, 23.325, 5.275], "size": [1.15, 1.3, 1.15], "inflate": -0.202, "pivot": [-1, 24.425, 5.475], "rotation": [0, 0, 32.5], "uv": [47, 25]},
						{"origin": [0.05, 23.025, 5.15], "size": [1.15, 1, 1], "inflate": -0.201, "pivot": [1, 23.825, 5.35], "rotation": [79.25, 0, 0], "uv": [51, 24]},
						{"origin": [0.05, 23.625, 5.275], "size": [1.15, 1, 1.15], "inflate": -0.202, "uv": [24, 51]},
						{"origin": [-1.2, 23.025, 5.15], "size": [1.15, 1, 1], "inflate": -0.201, "pivot": [-1, 23.825, 5.35], "rotation": [79.25, 0, 0], "uv": [4, 51]},
						{"origin": [-0.65, 23.225, 4.95], "size": [1.3, 1, 1.05], "inflate": -0.4, "pivot": [-1, 23.825, 5.35], "rotation": [79.25, 0, 0], "uv": [0, 51]},
						{"origin": [-0.5, 23.225, -18.35], "size": [1, 1.5, 2.15], "inflate": -0.299, "uv": [61, 7]},
						{"origin": [-0.5, 23.725, -19.4], "size": [1, 1, 1.65], "inflate": -0.3, "pivot": [0.2, 24.425, -18.05], "rotation": [59.25, 0, 0], "uv": [46, 31]},
						{"origin": [0.45, 20.55, 6.55], "size": [1, 2.3, 1.9], "inflate": -0.199, "uv": [58, 0], "mirror": true}
					]
				},
				{
					"name": "_cb_scope",
					"parent": "slide",
					"pivot": [0, 25.625, 14.625],
					"cubes": [
						{"origin": [-0.5, 23.05, 2.5], "size": [1, 1, 1], "uv": [23, 9]}
					]
				},
				{
					"name": "glowy",
					"parent": "slide",
					"pivot": [1, 23.825, 6.35],
					"cubes": [
						{"origin": [-0.5, 23.7, -17.16], "size": [1, 1, 1], "inflate": -0.33, "uv": [8, 0]},
						{"origin": [0, 23.23, 5.475], "size": [1.2, 1, 1.175], "inflate": -0.4, "pivot": [1.35, 23.825, 6.35], "rotation": [-79.25, 0, 0], "uv": [22, 0]},
						{"origin": [-1.2, 23.23, 5.475], "size": [1.2, 1, 1.175], "inflate": -0.4, "pivot": [-1.35, 23.825, 6.35], "rotation": [-79.25, 0, 0], "uv": [23, 9], "mirror": true}
					]
				},
				{
					"name": "ball",
					"parent": "gun",
					"pivot": [0, 18.75, -13],
					"cubes": [
						{"origin": [0.1, 14, -14], "size": [1.9, 5, 1], "pivot": [1, 14, -13], "rotation": [-4.88206, -1.08089, -12.45392], "uv": [2, 1], "mirror": true},
						{"origin": [-2, 14, -13], "size": [1.9, 5, 1], "pivot": [-1, 14, -12], "rotation": [4.88206, -1.08089, 12.45392], "uv": [1, 1]},
						{"origin": [0.1, 14, -13], "size": [1.9, 5, 1], "inflate": 0.002, "pivot": [1, 14, -12], "rotation": [4.88206, 1.08089, -12.45392], "uv": [2, 1], "mirror": true},
						{"origin": [-2, 14, -14], "size": [1.9, 5, 1], "inflate": 0.001, "pivot": [-1, 14, -13], "rotation": [-4.88206, 1.08089, 12.45392], "uv": [1, 1]},
						{"origin": [-1, 12.1, -13.5], "size": [3, 3, 3], "pivot": [1, 12.1, -12.5], "rotation": [18.52273, -40.42263, 34.52407], "uv": [108, 33]},
						{"origin": [-2.61218, 12.10541, -14.16902], "size": [3, 3, 3], "pivot": [-1, 13.35, -12.75], "rotation": [-135.61867, -33.2678, 120.10587], "uv": [108, 39]}
					]
				},
				{
					"name": "magazine",
					"parent": "main",
					"pivot": [0, 5, 4.25],
					"cubes": [
						{"origin": [-2, 1.5, 2.25], "size": [4, 2, 7], "uv": [24, 111]},
						{"origin": [-6, -4.5, 2.25], "size": [2, 4, 7], "uv": [102, 12]},
						{"origin": [4, -4.5, 2.25], "size": [2, 4, 7], "uv": [64, 94]},
						{"origin": [-2, -8.5, 2.25], "size": [4, 2, 7], "uv": [91, 23]},
						{"origin": [-4, -6.5, 1.25], "size": [8, 8, 9], "pivot": [0, -2.5, 4.25], "rotation": [0, 0, 45], "uv": [39, 101]},
						{"origin": [-1.75, -7.75, 2.25], "size": [5.5, 2.25, 7], "pivot": [1, -3.5, 4.25], "rotation": [0, 0, -45], "uv": [46, 92]},
						{"origin": [-1.75, -5.75, 2.25], "size": [5.5, 2.25, 7], "pivot": [1, -1.5, 4.25], "rotation": [0, 0, -135], "uv": [0, 111]},
						{"origin": [-3.75, -5.75, 2.25], "size": [5.5, 2.25, 7], "pivot": [-1, -1.5, 4.25], "rotation": [0, 0, 135], "uv": [96, 0]},
						{"origin": [-3.75, -7.75, 2.25], "size": [5.5, 2.25, 7], "pivot": [-1, -3.5, 4.25], "rotation": [0, 0, 45], "uv": [0, 100]},
						{"origin": [-1.4, -0.125, -2.4], "size": [2.8, 19.4, 5.25], "pivot": [1.6, 17.875, -1.5], "rotation": [21.25, 0, 0], "uv": [32, 77]}
					]
				},
				{
					"name": "bullet",
					"parent": "magazine",
					"pivot": [-0.6, 19, -0.6],
					"rotation": [5.35987, 1.23543, -12.94217],
					"cubes": [
						{"origin": [-0.6, 18.5, -2.5], "size": [1.5, 1.5, 3.5], "uv": [29, 9]}
					]
				},
				{
					"name": "magazine2",
					"parent": "main",
					"pivot": [0, 5, 4.25],
					"cubes": [
						{"origin": [-2, 1.5, 2.25], "size": [4, 2, 7], "uv": [24, 111]},
						{"origin": [-6, -4.5, 2.25], "size": [2, 4, 7], "uv": [102, 12]},
						{"origin": [4, -4.5, 2.25], "size": [2, 4, 7], "uv": [64, 94]},
						{"origin": [-2, -8.5, 2.25], "size": [4, 2, 7], "uv": [91, 23]},
						{"origin": [-4, -6.5, 1.25], "size": [8, 8, 9], "pivot": [0, -2.5, 4.25], "rotation": [0, 0, 45], "uv": [39, 101]},
						{"origin": [-1.75, -7.75, 2.25], "size": [5.5, 2.25, 7], "pivot": [1, -3.5, 4.25], "rotation": [0, 0, -45], "uv": [46, 92]},
						{"origin": [-1.75, -5.75, 2.25], "size": [5.5, 2.25, 7], "pivot": [1, -1.5, 4.25], "rotation": [0, 0, -135], "uv": [0, 111]},
						{"origin": [-3.75, -5.75, 2.25], "size": [5.5, 2.25, 7], "pivot": [-1, -1.5, 4.25], "rotation": [0, 0, 135], "uv": [96, 0]},
						{"origin": [-3.75, -7.75, 2.25], "size": [5.5, 2.25, 7], "pivot": [-1, -3.5, 4.25], "rotation": [0, 0, 45], "uv": [0, 100]},
						{"origin": [-1.4, -0.125, -2.4], "size": [2.8, 19.4, 5.25], "pivot": [1.6, 17.875, -1.5], "rotation": [21.25, 0, 0], "uv": [32, 77]}
					]
				},
				{
					"name": "bullet2",
					"parent": "magazine2",
					"pivot": [-0.6, 19, -0.6],
					"rotation": [5.35987, 1.23543, -12.94217],
					"cubes": [
						{"origin": [-0.6, 18.5, -2.5], "size": [1.5, 1.5, 3.5], "uv": [29, 9]}
					]
				},
				{
					"name": "rightarm",
					"parent": "main",
					"pivot": [-4.8, 9.525, 20.9],
					"rotation": [-104.56106, -12.40003, -2.46982],
					"cubes": [
						{"origin": [-8.8, -14.475, 16.9], "size": [8, 24, 8], "uv": [0, 51]}
					]
				},
				{
					"name": "leftarm",
					"parent": "main",
					"pivot": [10.2, 3, 19.4],
					"rotation": [-118.95832, 6.70101, -29.35181],
					"cubes": [
						{"origin": [6.2, -21, 15.4], "size": [8, 24, 8], "uv": [42, 28]}
					]
				},
				{
					"name": "muzzleflash",
					"parent": "main",
					"pivot": [0, 22.4, -39.875],
					"cubes": [
						{"origin": [-0.5, 21.9, -40.175], "size": [1, 1, 1], "inflate": -0.4, "uv": [24, 57]}
					]
				},
				{
					"name": "scope",
					"parent": "main",
					"pivot": [0, 24.4, 20.75],
					"cubes": [
						{"origin": [-0.5, 23.9, 20.45], "size": [1, 1, 1], "inflate": -0.4, "uv": [4, 57]}
					]
				}
			]
		}
	]
}