{
	"format_version": "1.12.0",
	"minecraft:geometry": [
		{
			"description": {
				"identifier": "geometry.unknown",
				"texture_width": 16,
				"texture_height": 16,
				"visible_bounds_width": 8,
				"visible_bounds_height": 4,
				"visible_bounds_offset": [0, 1, 0]
			},
			"bones": [
				{
					"name": "sight",
					"pivot": [0, 0, 0],
					"cubes": [
						{"origin": [-0.75, 5.4, -1.65], "size": [1.5, 1.25, 3.9], "inflate": -0.5, "uv": [0, 4]},
						{"origin": [-0.75, 5.82889, 0.85529], "size": [1.5, 1.15, 1.275], "inflate": -0.5, "uv": [5, 4]},
						{"origin": [-0.75, 5.65, -1.65], "size": [1.5, 1.325, 1.275], "inflate": -0.5, "uv": [5, 0]},
						{"origin": [-0.75, 5.65, -0.4], "size": [1.5, 1.325, 1.275], "inflate": -0.5, "uv": [8, 1]},
						{"origin": [-0.75, 5.65, 0.95], "size": [1.5, 1.35, 1.3], "inflate": -0.501, "pivot": [0, 6.15, 1.75], "rotation": [20, 0, 0], "uv": [7, 7]}
					]
				},
				{
					"name": "glowy",
					"parent": "sight",
					"pivot": [0, 0, 0],
					"cubes": [
						{"origin": [-0.7, 5.65, -1.7], "size": [1.3, 1.3, 3.95], "inflate": -0.5, "pivot": [0.05, 6.35, -0.25], "rotation": [0, 0, -21], "uv": [0, 0]}
					]
				},
				{
					"name": "_ca_frontsight",
					"pivot": [0, 0, -31],
					"cubes": [
						{"origin": [-0.5, 5.3, -0.4], "size": [1, 1, 1], "uv": [0, 8]}
					]
				}
			]
		}
	]
}