{
	"format_version": "1.12.0",
	"minecraft:geometry": [
		{
			"description": {
				"identifier": "geometry.unknown",
				"texture_width": 130,
				"texture_height": 130,
				"visible_bounds_width": 8,
				"visible_bounds_height": 4,
				"visible_bounds_offset": [0, 1, 0]
			},
			"bones": [
				{
					"name": "main",
					"pivot": [0, 20, 0]
				},
				{
					"name": "gun",
					"parent": "main",
					"pivot": [1, 11, -1],
					"cubes": [
						{"origin": [-1.65, 4.95, -3.225], "size": [3.3, 13.4, 4.75], "inflate": 0.002, "pivot": [1.35, 18.95, -3.225], "rotation": [21.25, 0, 0], "uv": [0, 80]},
						{"origin": [-1.65, 19.45, -11.25], "size": [3.3, 1.1, 18.525], "inflate": 0.001, "uv": [24, 33]},
						{"origin": [-1.25, 21.8, -7.65], "size": [2.6, 1.85, 5.025], "inflate": 0.001, "uv": [40, 52]},
						{"origin": [0.1, 19.35, -0.4], "size": [1.8, 1, 2], "inflate": 0.001, "pivot": [1.9, 20.35, -0.375], "rotation": [7.17576, 1.0376, -8.18494], "uv": [29, 10]},
						{"origin": [-1.9, 18.55, -4.1], "size": [3.8, 1, 1], "inflate": -0.2, "pivot": [1.9, 19.55, -4.075], "rotation": [-26, 0, 0], "uv": [0, 25]},
						{"origin": [-2.05, 18.275, -6.025], "size": [4.1, 1.9, 1.15], "inflate": -0.3, "pivot": [1.75, 19.875, -5.7], "rotation": [20.5, 0, 0], "uv": [14, 10]},
						{"origin": [0.2, 14.6, -1.925], "size": [1.8, 1.25, 2], "inflate": 0.001, "pivot": [1.675, 15.35, -1.95], "rotation": [20.80868, -4.20756, -1.59718], "uv": [21, 5]},
						{"origin": [-1.675, 14.6, -1.925], "size": [1.8, 1.25, 2], "inflate": 0.001, "pivot": [-1.675, 15.35, -1.95], "rotation": [20.75072, -0.46757, -0.17715], "uv": [5, 8]},
						{"origin": [-1.9, 19.35, -0.4], "size": [1.8, 1, 2], "inflate": 0.001, "pivot": [-1.9, 20.35, -0.375], "rotation": [7.17576, -1.0376, 8.18494], "uv": [29, 7]},
						{"origin": [-1.15, 19.6, 6.35], "size": [2.3, 1.1, 1.025], "uv": [0, 32]},
						{"origin": [-1.15, 20.6, 5.9], "size": [2.3, 1.1, 1.025], "uv": [29, 30]},
						{"origin": [0.125, 20.325, 6.475], "size": [1, 1.1, 1.025], "inflate": -0.2, "uv": [33, 36]},
						{"origin": [0.45, 19.45, -19.1], "size": [1, 1.1, 8.725], "pivot": [1.45, 20.45, -19.075], "rotation": [0, 0, 5], "uv": [75, 0]},
						{"origin": [-1.45, 19.45, -19.1], "size": [1, 1.1, 8.725], "pivot": [-1.45, 20.45, -19.075], "rotation": [0, 0, -5], "uv": [74, 69]},
						{"origin": [-1.1, 11.725, -18.975], "size": [2.2, 7, 1.225], "pivot": [-0.9, 18.725, -19.05], "rotation": [88, 0, 0], "uv": [15, 13]},
						{"origin": [-1.5, 10.325, -19.375], "size": [3, 8.7, 1.075], "inflate": -0.3, "pivot": [-0.9, 18.725, -19.05], "rotation": [88, 0, 0], "uv": [0, 13]},
						{"origin": [-1.5, 17.825, -19.375], "size": [3, 1.2, 1.425], "inflate": -0.301, "pivot": [-0.9, 18.725, -19.05], "rotation": [94.75, 0, 0], "uv": [16, 25]},
						{"origin": [-1.5, 19.2, -19.425], "size": [3, 1.7, 1.425], "inflate": -0.3, "uv": [8, 25]},
						{"origin": [-1.65, 18.45, -11.25], "size": [3.3, 1, 11.625], "inflate": -0.001, "uv": [58, 0]},
						{"origin": [-1.65, 18.475, -7.875], "size": [3.3, 1, 5.625], "pivot": [1.65, 19.475, -7.85], "rotation": [-8, 0, 0], "uv": [48, 28]},
						{"origin": [0.65, 18.45, -12.225], "size": [1, 2.1, 1], "pivot": [1.65, 20.45, -11.225], "rotation": [0, 33.5, 0], "uv": [15, 21]},
						{"origin": [-1.65, 18.45, -12.225], "size": [1, 2.1, 1], "pivot": [-1.65, 20.45, -11.225], "rotation": [0, -33.5, 0], "uv": [7, 20]},
						{"origin": [-1.65, 17.45, 7.275], "size": [3.3, 3, 1.1], "inflate": -0.002, "pivot": [1.65, 20.45, 7.375], "rotation": [-69.5, 0, 0], "uv": [29, 0]},
						{"origin": [-1.65, 16.675, 5.275], "size": [3.3, 3, 1], "inflate": -0.003, "pivot": [1.65, 19.675, 5.275], "rotation": [-23.5, 0, 0], "uv": [0, 28]},
						{"origin": [-1.65, 5.125, -0.125], "size": [3.3, 13.9, 4.75], "pivot": [1.35, 19.125, -0.125], "rotation": [16.5, 0, 0], "uv": [48, 77]},
						{"origin": [-1.65, 8.125, 4.25], "size": [3.3, 6, 2], "inflate": -0.002, "pivot": [1.65, 14.125, 6.25], "rotation": [28.75, 0, 0], "uv": [0, 0]},
						{"origin": [-1.65, 5.9, 7.125], "size": [3.3, 3, 2], "inflate": -0.003, "pivot": [1.65, 8.9, 9.125], "rotation": [11, 0, 0], "uv": [14, 0]},
						{"origin": [-1.65, 5.575, 1.325], "size": [3.3, 2, 6.4], "inflate": -0.002, "uv": [79, 12]},
						{"origin": [-0.5, 15, -5.225], "size": [1, 4, 1], "inflate": -0.1, "pivot": [0.5, 15, -4.225], "rotation": [-19.25, 0, 0], "uv": [8, 28]},
						{"origin": [-1.25, 13.8, -9.25], "size": [2.5, 1, 5.5], "inflate": -0.201, "pivot": [1.25, 14, -3.95], "rotation": [-2.25, 0, 0], "uv": [40, 58]},
						{"origin": [-1.25, 14, -9.85], "size": [2.5, 1.75, 1], "inflate": -0.202, "pivot": [1.25, 14.2, -9.05], "rotation": [-23.5, 0, 0], "uv": [33, 7]},
						{"origin": [-1.25, 14.425, -8.775], "size": [2.5, 1.75, 1.1], "inflate": -0.203, "pivot": [1.25, 14.625, -7.875], "rotation": [32.75, 0, 0], "uv": [5, 33]},
						{"origin": [-1.25, 13.8, -4.15], "size": [2.5, 1, 2.4], "inflate": -0.202, "pivot": [1.25, 14, -3.95], "rotation": [28.75, 0, 0], "uv": [29, 4]},
						{"origin": [-1.25, 14.525, -3.075], "size": [2.5, 3, 2.4], "inflate": -0.201, "pivot": [1.25, 14.725, -2.875], "rotation": [-13.75, 0, 0], "uv": [19, 19]},
						{"origin": [-1.25, 15.125, -9.4], "size": [2.5, 3, 1], "inflate": -0.201, "uv": [21, 13]},
						{"origin": [-1.25, 16.775, -11.775], "size": [2.5, 2.75, 3], "inflate": -0.2, "pivot": [1.25, 16.975, -8.975], "rotation": [-47.25, 0, 0], "uv": [14, 5]},
						{"origin": [-1.425, 19.5, -19.725], "size": [2, 2, 15], "inflate": -0.4, "pivot": [0.575, 21.5, -19.725], "rotation": [0, 0, -20.75], "uv": [51, 40]},
						{"origin": [-1.425, 21.7, -19.725], "size": [2, 2, 15], "inflate": -0.3, "pivot": [0.575, 23.7, -19.725], "rotation": [-1.87037, -0.70846, -20.73844], "uv": [21, 53]}
					]
				},
				{
					"name": "slide",
					"parent": "gun",
					"pivot": [1, 22.25, -19.25],
					"cubes": [
						{"origin": [-1.75, 20.55, -19.25], "size": [3.5, 1.25, 16.5], "uv": [48, 23]},
						{"origin": [-1, 19.1, -19.25], "size": [2, 1.45, 1], "uv": [29, 28]},
						{"origin": [-1.75, 21.8, -19.25], "size": [3.5, 1.6, 11.6], "uv": [57, 57]},
						{"origin": [1.05, 23.1, -19.55], "size": [1, 1.095, 27.1], "inflate": -0.302, "pivot": [1.75, 23.4, -19.25], "rotation": [0, 0, -45], "uv": [0, 0]},
						{"origin": [-2.05, 23.1, -19.55], "size": [1, 1.095, 12.2], "inflate": -0.302, "pivot": [-1.75, 23.4, -19.25], "rotation": [0, 0, 45], "uv": [0, 0]},
						{"origin": [-2.05, 23.1, -3.55], "size": [1, 1.095, 11.1], "inflate": -0.301, "pivot": [-1.75, 23.4, -3.25], "rotation": [0, 0, 45], "uv": [61, 69]},
						{"origin": [-1.4, 22.75, -19.25], "size": [2.8, 1, 11.6], "inflate": -0.001, "uv": [0, 13]},
						{"origin": [0.6, 22.55, -3.45], "size": [1, 1.4, 10.9], "inflate": -0.2, "uv": [74, 28]},
						{"origin": [-1.6, 22.55, -3.45], "size": [1, 1.4, 10.9], "inflate": -0.2, "uv": [70, 40]},
						{"origin": [-0.9, 22.75, -2.75], "size": [1.8, 1, 10], "inflate": 0.001, "uv": [26, 71]},
						{"origin": [-1.15, 21.25, 6.275], "size": [2.3, 1.5, 1], "uv": [29, 32]},
						{"origin": [-0.6, 20.65, 6.375], "size": [1, 1, 1], "inflate": -0.101, "uv": [37, 0]},
						{"origin": [0.55, 20.35, 6.675], "size": [1, 1.3, 1], "inflate": -0.4, "uv": [36, 35]},
						{"origin": [-1.55, 20.35, 6.675], "size": [1, 1.3, 1], "inflate": -0.4, "uv": [36, 33]},
						{"origin": [-1.95, 22.6, -3.45], "size": [1.1, 1, 10.9], "inflate": -0.199, "uv": [74, 57]},
						{"origin": [-1.95, 20.35, -3.95], "size": [1, 1.95, 11.4], "inflate": -0.201, "uv": [0, 68]},
						{"origin": [-1.95, 21.9, -0.95], "size": [1, 1.15, 8.4], "inflate": -0.201, "uv": [48, 40]},
						{"origin": [-1.825, 21.875, -3.3], "size": [1, 1.175, 2.65], "inflate": -0.25, "pivot": [0.875, 20.55, -4.6], "rotation": [0, -4.5, 0], "uv": [29, 23]},
						{"origin": [0.95, 20.35, -7.95], "size": [1, 3.25, 15.4], "inflate": -0.199, "uv": [40, 57]},
						{"origin": [1.052, 21.35, -10.95], "size": [1, 1.25, 10.4], "inflate": -0.3, "uv": [14, 70]},
						{"origin": [-5.752, 16.6, -3.05], "size": [8.55, 10.75, 13], "inflate": -4, "uv": [0, 28]},
						{"origin": [-2.798, 16.6, -3.05], "size": [8.55, 10.75, 13], "inflate": -4, "uv": [29, 0]},
						{"origin": [-5.149, 17.275, 3.05], "size": [10.298, 8.95, 8.226], "inflate": -4, "uv": [0, 52]}
					]
				},
				{
					"name": "_ca_grip",
					"parent": "slide",
					"pivot": [0, 25.625, 14.625],
					"cubes": [
						{"origin": [-0.5, 23.05, 2.5], "size": [1, 1, 1], "uv": [27, 9]}
					]
				},
				{
					"name": "_cb_suppressor",
					"parent": "gun",
					"pivot": [0, 24.475, -7.15],
					"cubes": [
						{"origin": [-0.5, 21.9, -19.275], "size": [1, 1, 1], "uv": [27, 9]}
					]
				},
				{
					"name": "magazine",
					"parent": "gun",
					"pivot": [0, 5, 4.25],
					"cubes": [
						{"origin": [-1.4, 3.875, -2.4], "size": [2.8, 15.4, 5.25], "pivot": [1.6, 17.875, -1.5], "rotation": [21.25, 0, 0], "uv": [70, 18]},
						{"origin": [-1.4, 3, 0.525], "size": [2.8, 1, 2.325], "inflate": -0.001, "pivot": [1.6, 17.875, -1.5], "rotation": [21.25, 0, 0], "uv": [0, 21]},
						{"origin": [-1.75, 4.5, 1.25], "size": [3.5, 1.075, 6.7], "uv": [79, 78]}
					]
				},
				{
					"name": "bullet",
					"parent": "magazine",
					"pivot": [-0.6, 19, -0.6],
					"rotation": [5.35987, 1.23543, -12.94217],
					"cubes": [
						{"origin": [-0.6, 18.5, -2.5], "size": [1.5, 1.5, 3.5], "uv": [0, 8]}
					]
				}
			]
		}
	]
}