{
	"format_version": "1.12.0",
	"minecraft:geometry": [
		{
			"description": {
				"identifier": "geometry.unknown",
				"texture_width": 256,
				"texture_height": 256,
				"visible_bounds_width": 8,
				"visible_bounds_height": 4,
				"visible_bounds_offset": [0, 1, 0]
			},
			"bones": [
				{
					"name": "main",
					"pivot": [0, 20, 0]
				},
				{
					"name": "gun",
					"parent": "main",
					"pivot": [1, 11, -1],
					"cubes": [
						{
							"origin": [1.75, 14.25, -0.3],
							"size": [0.4, 1.1, 2.6],
							"pivot": [2, 14.75, 1],
							"rotation": [-5.12076, 12.45167, -1.10693],
							"uv": {
								"north": {"uv": [35, 47], "uv_size": [0, 1]},
								"east": {"uv": [33, 48], "uv_size": [2, 1]},
								"south": {"uv": [33, 47], "uv_size": [0, 1]},
								"west": {"uv": [130, 9], "uv_size": [2, 1]},
								"up": {"uv": [34, 47], "uv_size": [0, 2]},
								"down": {"uv": [35, 49], "uv_size": [0, -2]}
							}
						},
						{
							"origin": [2.1, 14.5, 2.25],
							"size": [0.5, 1.2, 2.8],
							"pivot": [4, 14.75, 1],
							"rotation": [-22.67458, -6.92618, 2.88419],
							"uv": {
								"north": {"uv": [2, 27], "uv_size": [0, 1]},
								"east": {"uv": [32, 47], "uv_size": [2, 1]},
								"south": {"uv": [84, 60], "uv_size": [0, 1]},
								"west": {"uv": [133, 13], "uv_size": [2, 1]},
								"up": {"uv": [83, 58], "uv_size": [0, 2]},
								"down": {"uv": [35, 49], "uv_size": [0, -2]}
							}
						},
						{
							"origin": [1.5, 13.72908, 4.69041],
							"size": [0.4, 0.5, 1.5],
							"pivot": [3.75, 13.75, 5.45],
							"rotation": [6, -12.5, 0],
							"uv": {
								"north": {"uv": [34, 48], "uv_size": [0, 0]},
								"east": {"uv": [33, 48], "uv_size": [1, 0]},
								"south": {"uv": [33, 47], "uv_size": [0, 0]},
								"west": {"uv": [130, 6], "uv_size": [1, 1]},
								"up": {"uv": [34, 48], "uv_size": [0, 1]},
								"down": {"uv": [34, 48], "uv_size": [0, -1]}
							}
						},
						{
							"origin": [1.5, 13.43247, 4.62024],
							"size": [0.4, 0.5, 1.65],
							"pivot": [3.75, 13.75, 5.45],
							"rotation": [28.5, -12.5, 0],
							"uv": {
								"north": {"uv": [34, 49], "uv_size": [0, 0]},
								"east": {"uv": [32, 47], "uv_size": [1, 0]},
								"south": {"uv": [33, 48], "uv_size": [0, 0]},
								"west": {"uv": [122, 48], "uv_size": [1, 1]},
								"up": {"uv": [33, 46], "uv_size": [0, 1]},
								"down": {"uv": [34, 48], "uv_size": [0, -1]}
							}
						},
						{
							"origin": [-2.15, 14.25, -0.3],
							"size": [0.4, 1.1, 2.6],
							"pivot": [-2, 14.75, 1],
							"rotation": [-5.12076, -12.45167, 1.10693],
							"uv": {
								"north": {"uv": [35, 46], "uv_size": [0, 1]},
								"east": {"uv": [0, 25], "uv_size": [2, 1]},
								"south": {"uv": [34, 47], "uv_size": [0, 1]},
								"west": {"uv": [33, 47], "uv_size": [2, 1]},
								"up": {"uv": [34, 47], "uv_size": [0, 2]},
								"down": {"uv": [34, 48], "uv_size": [0, -2]}
							}
						},
						{
							"origin": [-1.9, 13.72908, 4.69041],
							"size": [0.4, 0.5, 1.5],
							"pivot": [-3.75, 13.75, 5.45],
							"rotation": [6, 12.5, 0],
							"uv": {
								"north": {"uv": [35, 48], "uv_size": [0, 0]},
								"east": {"uv": [130, 9], "uv_size": [1, 1]},
								"south": {"uv": [33, 47], "uv_size": [0, 0]},
								"west": {"uv": [34, 49], "uv_size": [1, 0]},
								"up": {"uv": [34, 47], "uv_size": [0, 1]},
								"down": {"uv": [35, 49], "uv_size": [0, -1]}
							}
						},
						{
							"origin": [-2.6, 14.5, 2.25],
							"size": [0.5, 1.2, 2.8],
							"pivot": [-4, 14.75, 1],
							"rotation": [-22.67458, 6.92618, -2.88419],
							"uv": {
								"north": {"uv": [34, 48], "uv_size": [0, 1]},
								"east": {"uv": [11, 25], "uv_size": [2, 1]},
								"south": {"uv": [33, 49], "uv_size": [0, 1]},
								"west": {"uv": [33, 46], "uv_size": [2, 1]},
								"up": {"uv": [33, 47], "uv_size": [0, 2]},
								"down": {"uv": [34, 49], "uv_size": [0, -2]}
							}
						},
						{
							"origin": [-1.9, 13.43247, 4.62024],
							"size": [0.4, 0.5, 1.65],
							"pivot": [-3.75, 13.75, 5.45],
							"rotation": [28.5, 12.5, 0],
							"uv": {
								"north": {"uv": [1, 1], "uv_size": [0, 0]},
								"east": {"uv": [131, 9], "uv_size": [1, 1]},
								"south": {"uv": [2, 1], "uv_size": [0, 0]},
								"west": {"uv": [1, 1], "uv_size": [1, 0]},
								"up": {"uv": [1, 0], "uv_size": [0, 1]},
								"down": {"uv": [1, 1], "uv_size": [0, -1]}
							}
						},
						{
							"origin": [-1, 21.625, -36.5],
							"size": [2, 0.6, 28],
							"uv": {
								"north": {"uv": [153, 42], "uv_size": [2, 1]},
								"east": {"uv": [138, 57], "uv_size": [28, 1]},
								"south": {"uv": [154, 50], "uv_size": [2, 0]},
								"west": {"uv": [138, 51], "uv_size": [28, 1]},
								"up": {"uv": [28, 0], "uv_size": [2, 28]},
								"down": {"uv": [30, 28], "uv_size": [2, -28]}
							}
						},
						{
							"origin": [-1, 20.775, -36.5],
							"size": [1, 0.85, 28],
							"inflate": -0.001,
							"pivot": [-1, 21.625, -24],
							"rotation": [0, 0, -26.25],
							"uv": {
								"north": {"uv": [153, 47], "uv_size": [1, 0]},
								"east": {"uv": [138, 55], "uv_size": [28, 1]},
								"south": {"uv": [152, 52], "uv_size": [1, 0]},
								"west": {"uv": [42, 28], "uv_size": [28, 0]},
								"up": {"uv": [41, 0], "uv_size": [1, 28]},
								"down": {"uv": [42, 28], "uv_size": [1, -28]}
							}
						},
						{
							"origin": [0, 20.775, -36.5],
							"size": [1, 0.85, 28],
							"inflate": -0.001,
							"pivot": [1, 21.625, -24],
							"rotation": [0, 0, 26.25],
							"uv": {
								"north": {"uv": [154, 43], "uv_size": [1, 0]},
								"east": {"uv": [15, 28], "uv_size": [28, 0]},
								"south": {"uv": [158, 50], "uv_size": [1, 0]},
								"west": {"uv": [138, 53], "uv_size": [28, 1]},
								"up": {"uv": [43, 0], "uv_size": [1, 28]},
								"down": {"uv": [44, 28], "uv_size": [1, -28]}
							}
						},
						{
							"origin": [-1.14995, 22.8763, -36.5],
							"size": [1, 0.85, 28],
							"inflate": -0.001,
							"pivot": [-0.25, 22.725, -24],
							"rotation": [0, 0, 153.75],
							"uv": {
								"north": {"uv": [32, 28], "uv_size": [1, 0]},
								"east": {"uv": [139, 49], "uv_size": [28, 1]},
								"south": {"uv": [61, 28], "uv_size": [1, 0]},
								"west": {"uv": [138, 49], "uv_size": [28, 0]},
								"up": {"uv": [140, 14], "uv_size": [1, 28]},
								"down": {"uv": [136, 43], "uv_size": [1, -28]}
							}
						},
						{
							"origin": [-0.6, 22.475, -36.5],
							"size": [1.2, 0.75, 28],
							"pivot": [0, 22.725, -24],
							"rotation": [0, 0, -180],
							"uv": {
								"north": {"uv": [153, 46], "uv_size": [1, 1]},
								"east": {"uv": [9, 28], "uv_size": [28, 0]},
								"south": {"uv": [154, 43], "uv_size": [1, 0]},
								"west": {"uv": [38, 28], "uv_size": [28, 0]},
								"up": {"uv": [37, 0], "uv_size": [1, 28]},
								"down": {"uv": [142, 42], "uv_size": [1, -28]}
							}
						},
						{
							"origin": [0.14995, 22.8763, -36.5],
							"size": [1, 0.85, 28],
							"inflate": -0.001,
							"pivot": [0.25, 22.725, -24],
							"rotation": [0, 0, -153.75],
							"uv": {
								"north": {"uv": [150, 56], "uv_size": [1, 0]},
								"east": {"uv": [11, 28], "uv_size": [28, 0]},
								"south": {"uv": [154, 43], "uv_size": [1, 0]},
								"west": {"uv": [138, 60], "uv_size": [28, 1]},
								"up": {"uv": [39, 0], "uv_size": [1, 28]},
								"down": {"uv": [40, 28], "uv_size": [1, -28]}
							}
						},
						{
							"origin": [-0.6, 20.875, -36.5],
							"size": [1.2, 0.75, 28],
							"uv": {
								"north": {"uv": [153, 46], "uv_size": [1, 1]},
								"east": {"uv": [17, 28], "uv_size": [28, 0]},
								"south": {"uv": [154, 43], "uv_size": [1, 0]},
								"west": {"uv": [46, 28], "uv_size": [28, 0]},
								"up": {"uv": [45, 0], "uv_size": [1, 28]},
								"down": {"uv": [145, 42], "uv_size": [1, -28]}
							}
						},
						{"origin": [-1.65, 5.075, -2], "size": [3.3, 13.4, 4.25], "pivot": [1.35, 19.075, -2.5], "rotation": [17.25, 0, 0], "uv": [28, 36]},
						{"origin": [-1.1, 5.13401, 1.18895], "size": [2.35, 10.1, 2.25], "pivot": [0.75, 6.925, 1.95], "rotation": [24.03208, -42.406, -16.73634], "uv": [63, 0]},
						{"origin": [-0.65, 6.15, 2], "size": [3, 12.65, 2.5], "inflate": 0.001, "pivot": [2.35, 6.15, 4.5], "rotation": [16.17444, 12.9841, 3.72853], "uv": [64, 98]},
						{"origin": [-0.65, 6.15, 4.5], "size": [3, 12.65, 2.5], "pivot": [2.35, 6.15, 4.5], "rotation": [16.22407, -13.70433, -3.94357], "uv": [76, 52]},
						{"origin": [-2.35, 6.15, 2], "size": [3, 12.65, 2.5], "inflate": 0.001, "pivot": [-2.35, 6.15, 4.5], "rotation": [16.17444, -12.9841, -3.72853], "uv": [18, 14]},
						{"origin": [-2.35, 6.15, 4.5], "size": [3, 12.65, 2.5], "pivot": [-2.35, 6.15, 4.5], "rotation": [16.22407, 13.70433, 3.94357], "uv": [18, 0]},
						{"origin": [-0.05, 15.05, -1.875], "size": [1, 3.65, 1], "pivot": [0.95, 15.05, -1.875], "rotation": [21.8169, 42.12569, 15.03019], "uv": [24, 29]},
						{"origin": [-0.95, 15.05, -1.875], "size": [1, 3.65, 1], "pivot": [-0.95, 15.05, -1.875], "rotation": [21.8169, -42.12569, -15.03019], "uv": [0, 29]},
						{"origin": [-0.95, 15.05, -1.875], "size": [1.9, 3.65, 1], "pivot": [-1.2, 15.05, -1.875], "rotation": [16.0002, 0, 0], "uv": [11, 21]},
						{"origin": [-0.95, 17.3, -2.35], "size": [1.9, 1.65, 1], "pivot": [-1.2, 17.3, -2.35], "rotation": [59.5002, 0, 0], "uv": [17, 49]},
						{"origin": [-1.65, 14.175, -2.25], "size": [3.3, 1, 1.5], "inflate": 0.001, "pivot": [1.35, 15.175, -2.25], "rotation": [15.75, 0, 0], "uv": [52, 39]},
						{"origin": [0.8, 13.95, -2.025], "size": [1, 1, 1], "inflate": 0.001, "pivot": [1.5, 14.95, -2.025], "rotation": [48, 0, 0], "uv": [10, 49]},
						{"origin": [1.325, 18.825, -3.125], "size": [1, 1, 2], "inflate": 0.001, "pivot": [2.325, 18.825, -3.125], "rotation": [4.40897, 2.34623, -31.4854], "uv": [38, 54]},
						{
							"origin": [1.325, 20.95, 2.175],
							"size": [0.9, 0.85, 1.75],
							"inflate": -0.2,
							"pivot": [2.325, 18.95, 3.025],
							"rotation": [-112.75, 0, 0],
							"uv": {
								"north": {"uv": [120, 15], "uv_size": [1, 3]},
								"east": {"uv": [120, 12], "uv_size": [3, 1]},
								"south": {"uv": [120, 12], "uv_size": [3, 1]},
								"west": {"uv": [120, 12], "uv_size": [3, 1]},
								"up": {"uv": [123, 13], "uv_size": [-3, -1]},
								"down": {"uv": [123, 13], "uv_size": [-3, -1]}
							}
						},
						{"origin": [1.325, 19.35, 3.025], "size": [1, 1, 3.5], "inflate": -0.2, "pivot": [2.325, 18.95, 3.025], "rotation": [-22.75, 0, 0], "uv": [10, 0]},
						{"origin": [0.775, 16.05, 2.825], "size": [1, 1, 2.5], "inflate": 0.001, "pivot": [1.775, 17.05, 5.325], "rotation": [-69.5, 0, 0], "uv": [32, 54]},
						{"origin": [0.775, 16.05, 3.575], "size": [1, 1, 1.75], "pivot": [1.775, 17.05, 5.325], "rotation": [-125.5, 0, 0], "uv": [47, 24]},
						{"origin": [0.775, 17.075, 4.3], "size": [1, 1, 1.1], "inflate": -0.001, "pivot": [1.775, 18.075, 5.3], "rotation": [-105.25, 0, 0], "uv": [47, 22]},
						{"origin": [1.325, 18.975, -1.425], "size": [1, 1, 5.25], "inflate": -0.2, "pivot": [2.325, 18.975, -1.425], "rotation": [0, 0, -19.75], "uv": [10, 47]},
						{"origin": [2.05, 19.4, -6.15], "size": [1, 1, 3], "inflate": 0.001, "pivot": [2.325, 18.825, -3.125], "rotation": [0.66282, 2.70497, -86.58156], "uv": [0, 40]},
						{"origin": [-1.65, 12.2, -1.975], "size": [3.3, 2, 1.25], "inflate": -0.001, "pivot": [1.35, 14.2, -1.975], "rotation": [59.25, 0, 0], "uv": [52, 36]},
						{"origin": [-1.65, 16.05, -3.775], "size": [3.3, 2.5, 1.5], "inflate": -0.001, "pivot": [1.35, 18.55, -3.525], "rotation": [59.25, 0, 0], "uv": [0, 50]},
						{"origin": [-1.65, 13.925, -2.25], "size": [3.3, 1.25, 2.25], "inflate": -0.001, "pivot": [1.35, 15.175, -2.25], "rotation": [70.5, 0, 0], "uv": [11, 42]},
						{"origin": [-1.65, 18.975, -17], "size": [3.3, 1, 22.7], "inflate": 0.002, "uv": [0, 36]},
						{"origin": [-1.175, 22.35, -8.35], "size": [2, 1, 4.9], "inflate": 0.002, "pivot": [0.825, 23.35, -8.35], "rotation": [0, 0, -15.5], "uv": [52, 30]},
						{"origin": [-1.425, 21.15, -8.875], "size": [2, 2, 5.25], "inflate": -0.3, "pivot": [0.575, 23.15, -21.625], "rotation": [0, 0, -20.75], "uv": [24, 68]},
						{"origin": [0.65, 17.975, -17], "size": [1, 1, 22.7], "inflate": -0.001, "pivot": [1.65, 18.975, -15], "rotation": [0, 0, 33], "uv": [24, 60]},
						{"origin": [-1.65, 17.975, -17], "size": [1, 1, 22.7], "inflate": -0.001, "pivot": [-1.65, 18.975, -15], "rotation": [0, 0, -33], "uv": [0, 59]},
						{"origin": [-1.15, 18.125, -17], "size": [2.25, 1, 22.7], "uv": [37, 6]},
						{"origin": [-1.65, 18.975, 5.7], "size": [3.3, 1, 1.7], "inflate": 0.003, "pivot": [1.35, 19.975, 5.7], "rotation": [-66, 0, 0], "uv": [10, 4]},
						{"origin": [-0.65, 19.475, 3.3], "size": [1.3, 3, 1.2], "inflate": 0.003, "uv": [0, 21]},
						{"origin": [-0.775, 21.025, 3.825], "size": [1, 1, 1], "inflate": -0.2, "pivot": [0.225, 21.025, 3.825], "rotation": [0, 0, 26.25], "uv": [47, 19]},
						{"origin": [-0.6, 18.3, 5.95], "size": [1.2, 1, 2.7], "inflate": 0.001, "pivot": [0.6, 19.3, 5.95], "rotation": [-13.75, 0, 0], "uv": [16, 54]},
						{"origin": [-0.6, 17.325, 5.575], "size": [1.2, 1, 2.7], "pivot": [0.6, 17.325, 5.575], "rotation": [9.25, 0, 0], "uv": [28, 53]},
						{"origin": [-1.65, 18.375, -7.85], "size": [3.3, 1, 13.7], "inflate": 0.001, "uv": [96, 42]},
						{"origin": [0.85, 17.575, -8.05], "size": [1, 1, 6], "inflate": -0.2, "pivot": [1.65, 18.375, -7.85], "rotation": [0, 0, 65.75], "uv": [0, 68]},
						{"origin": [-1.85, 17.575, -8.05], "size": [1, 1, 6], "inflate": -0.2, "pivot": [-1.65, 18.375, -7.85], "rotation": [0, 0, -65.75], "uv": [36, 47]},
						{"origin": [-1.65, 18.375, -7.85], "size": [3.3, 2, 1], "pivot": [1.35, 18.375, -7.85], "rotation": [65.25, 0, 0], "uv": [0, 47]},
						{"origin": [-1.65, 17.875, 3.325], "size": [3.3, 1, 4], "inflate": -0.002, "pivot": [1.35, 18.875, 7.325], "rotation": [16.5, 0, 0], "uv": [14, 29]},
						{"origin": [-1.65, 17.875, 1.425], "size": [3.3, 3, 4], "inflate": -0.001, "pivot": [1.35, 18.875, 5.425], "rotation": [61, 0, 0], "uv": [52, 52]},
						{"origin": [-1.25, 16.875, 1.35], "size": [2.5, 1.25, 4], "pivot": [0.95, 17.875, 5.35], "rotation": [65.5, 0, 0], "uv": [47, 22]},
						{"origin": [-1.25, 15.875, 0.8], "size": [2.5, 1.25, 4], "inflate": -0.001, "pivot": [0.95, 16.875, 4.8], "rotation": [112.75, 0, 0], "uv": [47, 17]},
						{"origin": [-1.25, 11.3, 0.175], "size": [2.5, 2, 6], "pivot": [0.95, 12.8, 5.975], "rotation": [117, 0, 0], "uv": [24, 60]},
						{"origin": [-1.65, 17.875, 3.325], "size": [3.3, 1, 4], "inflate": -0.003, "pivot": [1.35, 18.875, 7.325], "rotation": [-16, 0, 0], "uv": [0, 29]},
						{"origin": [-1.65, 5.05, 2.1], "size": [3.3, 1.5, 4.75], "inflate": -0.001, "pivot": [1.35, 6.05, 1.6], "rotation": [10.25, 0, 0], "uv": [1, 22]},
						{"origin": [-1.65, 5.575, 1.45], "size": [3.3, 14, 3], "pivot": [1.35, 19.575, 3.2], "rotation": [20.75, 0, 0], "uv": [47, 0]},
						{"origin": [-0.5, 15, -3.4], "size": [1, 4, 2], "inflate": -0.1, "pivot": [0.5, 15, -2.4], "rotation": [5.25, 0, 0], "uv": [0, 0]},
						{"origin": [-1.25, 14.05, -6.5], "size": [2.5, 1, 4.75], "inflate": -0.201, "uv": [44, 29]},
						{"origin": [-1.25, 14.05, -8.1], "size": [2.5, 1, 2], "inflate": -0.2, "pivot": [1.25, 14.25, -6.3], "rotation": [-41.5, 0, 0], "uv": [42, 43]},
						{"origin": [-1.25, 15.125, -10.3], "size": [2.5, 1, 3], "inflate": -0.201, "pivot": [1.25, 15.325, -7.5], "rotation": [-87, 0, 0], "uv": [38, 36]},
						{"origin": [-1.25, 16.8, -10.3], "size": [2.5, 2.75, 3], "inflate": -0.2, "pivot": [1.25, 17, -7.5], "rotation": [-47.25, 0, 0], "uv": [52, 45]},
						{"origin": [-1.25, 19.375, -31], "size": [2.5, 1.35, 16], "uv": [76, 52]},
						{"origin": [0.25, 18.275, -31], "size": [1, 1.1, 16], "inflate": -0.001, "pivot": [1.25, 19.375, -21], "rotation": [0, 0, 26.25], "uv": [95, 7]},
						{"origin": [-1.25, 18.275, -31], "size": [1, 1.1, 16], "inflate": -0.001, "pivot": [-1.25, 19.375, -21], "rotation": [0, 0, -26.25], "uv": [83, 82]},
						{"origin": [-0.75, 18.375, -31], "size": [1.5, 1, 16], "uv": [0, 12]}
					]
				},
				{
					"name": "hammer",
					"parent": "gun",
					"pivot": [0, 19.5, 5.3],
					"rotation": [1.5, 0, 0],
					"cubes": [
						{"origin": [-0.5, 19.16057, 5.1658], "size": [1, 1.45, 3.25], "inflate": 0.001, "pivot": [0.5, 19.95, 6.5], "rotation": [19, 0, 0], "uv": [0, 36]},
						{"origin": [-0.5, 19.15211, 6.01019], "size": [1, 1.2, 3.25], "pivot": [0.5, 19.95, 6.5], "rotation": [-14.5, 0, 0], "uv": [10, 29]},
						{"origin": [-0.5, 21.23081, 8.10781], "size": [1, 1, 1], "inflate": 0.001, "pivot": [0.5, 19.95, 6.5], "rotation": [-61.25, 0, 0], "uv": [47, 17]},
						{"origin": [-0.5, 20.7036, 8.77738], "size": [1, 1, 1], "inflate": -0.001, "pivot": [0.5, 21.275, 7.35], "rotation": [-149.25, 0, 0], "uv": [17, 47]}
					]
				},
				{
					"name": "slide",
					"parent": "gun",
					"pivot": [0, 22, 0],
					"cubes": [
						{"origin": [-1.75, 19.875, -17.5], "size": [3.5, 2.4, 9.15], "uv": [48, 60]},
						{"origin": [-1.75, 19.875, -8.35], "size": [1, 2.2, 4.35], "uv": [11, 36]},
						{"origin": [-1.75, 19.875, -4], "size": [1, 2.4, 9.05], "uv": [0, 36]},
						{"origin": [0.75, 19.875, -8.35], "size": [1, 2.4, 13.4], "uv": [94, 99]},
						{"origin": [-2.798, 15.9, -5.3], "size": [8.55, 10.35, 13], "inflate": -4, "uv": [57, 75]},
						{"origin": [-5.752, 15.9, -5.3], "size": [8.55, 10.35, 13], "inflate": -4, "uv": [63, 0]},
						{"origin": [-1.5, 19.9, -17.4], "size": [3, 2.25, 1.2], "inflate": -0.001, "pivot": [1.25, 19.875, -17.4], "rotation": [65.75, 0, 0], "uv": [42, 40]},
						{"origin": [-0.25, 22.275, -31], "size": [1, 1.2, 22.65], "inflate": 0.001, "uv": [52, 52]},
						{"origin": [0.05, 22.775, -8.7], "size": [1, 1, 5.55], "inflate": -0.3, "uv": [37, 29]},
						{"origin": [-0.75, 22.225, -23], "size": [1, 1.25, 14.65], "uv": [64, 98]},
						{"origin": [-0.75, 22.275, -3.5], "size": [1, 1.2, 8.15], "uv": [0, 59]},
						{"origin": [-0.5, 22.475, -28.925], "size": [1, 2.2, 2.7], "inflate": -0.3, "pivot": [0.2, 24.175, -28.525], "rotation": [-24.75, 0, 0], "uv": [44, 46]},
						{"origin": [-0.5, 23.875, -29.575], "size": [1, 2, 1.65], "inflate": -0.301, "pivot": [0.2, 24.175, -28.525], "rotation": [90, 0, 0], "uv": [30, 29]},
						{"origin": [-0.25, 22.275, -3.5], "size": [1, 1.2, 8.15], "uv": [52, 36]},
						{"origin": [0.5, 22.475, 5.95], "size": [1.25, 1, 2.25], "inflate": 0.001, "pivot": [0.75, 23.475, 4.65], "rotation": [-71, 0, 0], "uv": [52, 41]},
						{"origin": [-1.75, 22.475, 5.95], "size": [1.25, 1, 2.25], "inflate": 0.001, "pivot": [-0.75, 23.475, 4.65], "rotation": [-71, 0, 0], "uv": [44, 50]},
						{"origin": [-1.4, 22.575, 5.35], "size": [1, 1, 1.15], "inflate": -0.101, "pivot": [-0.75, 23.475, 4.65], "rotation": [-71, 0, 0], "uv": [45, 36]},
						{"origin": [-1.2, 22.775, 4.55], "size": [1, 1, 1.45], "inflate": -0.299, "pivot": [-0.75, 23.475, 4.65], "rotation": [-71, 0, 0], "uv": [44, 31]},
						{"origin": [-1.15, 22.875, 4.25], "size": [1.05, 1, 1.45], "inflate": -0.4, "pivot": [-0.75, 23.475, 4.65], "rotation": [-71, 0, 0], "uv": [44, 29]},
						{"origin": [0.1, 22.875, 4.25], "size": [1.05, 1, 1.45], "inflate": -0.4, "pivot": [0.75, 23.475, 4.65], "rotation": [-71, 0, 0], "uv": [5, 40]},
						{"origin": [-1.05, 22.775, 4.55], "size": [1, 1, 1.95], "inflate": -0.3, "pivot": [-0.75, 23.475, 4.65], "rotation": [-74.86873, -11.62804, 36.70036], "uv": [28, 38]},
						{"origin": [0.4, 22.575, 5.35], "size": [1, 1, 1.15], "inflate": -0.101, "pivot": [0.75, 23.475, 4.65], "rotation": [-71, 0, 0], "uv": [17, 38]},
						{"origin": [0.05, 22.775, 4.55], "size": [1, 1, 1.95], "inflate": -0.3, "pivot": [0.75, 23.475, 4.65], "rotation": [-74.86873, 11.62804, -36.70036], "uv": [11, 38]},
						{"origin": [0.15, 22.875, 4.25], "size": [1, 1, 1.2], "inflate": -0.401, "pivot": [0.75, 23.475, 4.65], "rotation": [-74.86873, 11.62804, -36.70036], "uv": [37, 31]},
						{"origin": [-1.15, 22.875, 4.25], "size": [1, 1, 1.2], "inflate": -0.401, "pivot": [-0.75, 23.475, 4.65], "rotation": [-74.86873, -11.62804, 36.70036], "uv": [37, 29]},
						{"origin": [0.2, 22.775, 4.55], "size": [1, 1, 1.45], "inflate": -0.299, "pivot": [0.75, 23.475, 4.65], "rotation": [-71, 0, 0], "uv": [28, 36]},
						{"origin": [-1.5, 20.725, -31], "size": [3, 1.55, 13.5], "inflate": 0.001, "uv": [95, 24]},
						{"origin": [-0.75, 19.975, -30.75], "size": [1.5, 2.3, 17.25], "inflate": 0.001, "uv": [76, 23]},
						{"origin": [0.2, 21.275, -31], "size": [1.55, 1, 35.65], "inflate": -0.001, "pivot": [1.75, 22.275, -21], "rotation": [0, 0, 50], "uv": [0, 0]},
						{"origin": [-1.75, 21.275, -3.5], "size": [1.55, 1, 8.15], "inflate": -0.001, "pivot": [-1.75, 22.275, -21], "rotation": [0, 0, -50], "uv": [0, 47]},
						{"origin": [-1.75, 21.275, -4], "size": [1.3, 1, 1], "inflate": -0.002, "pivot": [-1.75, 22.275, -21], "rotation": [0, 0, -50], "uv": [17, 36]},
						{"origin": [-0.75, 22.275, -31], "size": [1, 1.2, 22.65], "inflate": 0.001, "uv": [52, 29]},
						{"origin": [-0.25, 22.225, -23], "size": [1, 1.25, 14.65], "uv": [98, 56]},
						{"origin": [-1.75, 21.275, -31], "size": [1.55, 1, 22.65], "inflate": -0.001, "pivot": [-1.75, 22.275, -21], "rotation": [0, 0, -50], "uv": [28, 37]}
					]
				},
				{
					"name": "sight",
					"parent": "slide",
					"pivot": [0, 0, 0],
					"cubes": [
						{
							"origin": [-0.75, 23.075, 3.25],
							"size": [1.5, 0.8, 1],
							"inflate": 0.001,
							"uv": {
								"north": {"uv": [10, 1], "uv_size": [1, 0]},
								"east": {"uv": [34, 48], "uv_size": [1, 0]},
								"south": {"uv": [84, 60], "uv_size": [1, 0]},
								"west": {"uv": [83, 60], "uv_size": [1, 0]},
								"up": {"uv": [10, 0], "uv_size": [1, 1]},
								"down": {"uv": [33, 49], "uv_size": [1, -1]}
							}
						},
						{
							"origin": [-2.25, 23.075, 3.1],
							"size": [2, 0.8, 1],
							"inflate": 0.001,
							"pivot": [0, 23.3, 3.6],
							"rotation": [0, -90, 0],
							"uv": {
								"north": {"uv": [15, 1], "uv_size": [2, 0]},
								"east": {"uv": [14, 1], "uv_size": [1, 0]},
								"south": {"uv": [35, 47], "uv_size": [2, 0]},
								"west": {"uv": [34, 47], "uv_size": [1, 0]},
								"up": {"uv": [30, 45], "uv_size": [2, 1]},
								"down": {"uv": [35, 47], "uv_size": [2, -1]}
							}
						},
						{
							"origin": [-3.25, 24.125, 3.1],
							"size": [1.3, 0.4, 1],
							"inflate": 0.001,
							"pivot": [0, 23.3, 3.6],
							"rotation": [90, -72.5, -90],
							"uv": {
								"north": {"uv": [4, 1], "uv_size": [1, 0]},
								"east": {"uv": [33, 48], "uv_size": [1, 0]},
								"south": {"uv": [32, 49], "uv_size": [1, 0]},
								"west": {"uv": [35, 46], "uv_size": [1, 0]},
								"up": {"uv": [4, 0], "uv_size": [1, 1]},
								"down": {"uv": [33, 48], "uv_size": [1, -1]}
							}
						},
						{
							"origin": [-0.95, 23.075, 3.45],
							"size": [0.9, 1, 1],
							"inflate": -0.2,
							"pivot": [-1, 23.875, 4.25],
							"rotation": [-79.25, 0, 0],
							"uv": {
								"north": {"uv": [34, 47], "uv_size": [0, 1]},
								"east": {"uv": [34, 49], "uv_size": [1, 1]},
								"south": {"uv": [34, 46], "uv_size": [0, 1]},
								"west": {"uv": [34, 47], "uv_size": [1, 1]},
								"up": {"uv": [33, 47], "uv_size": [0, 1]},
								"down": {"uv": [33, 48], "uv_size": [0, -1]}
							}
						},
						{
							"origin": [-0.65, 23.275, 3.6],
							"size": [1.3, 1, 1.05],
							"inflate": -0.4,
							"pivot": [-1, 23.875, 4.25],
							"rotation": [-79.25, 0, 0],
							"uv": {
								"north": {"uv": [11, 48], "uv_size": [1, 1]},
								"east": {"uv": [10, 48], "uv_size": [1, 1]},
								"south": {"uv": [13, 48], "uv_size": [1, 1]},
								"west": {"uv": [12, 48], "uv_size": [1, 1]},
								"up": {"uv": [11, 47], "uv_size": [1, 1]},
								"down": {"uv": [12, 48], "uv_size": [1, -1]}
							}
						},
						{
							"origin": [-0.65, 23.175, 2.85],
							"size": [1.3, 0.9, 1.05],
							"inflate": -0.4,
							"pivot": [-1, 23.875, 3.25],
							"rotation": [79.25, 0, 0],
							"uv": {
								"north": {"uv": [67, 8], "uv_size": [1, 0]},
								"east": {"uv": [67, 8], "uv_size": [1, 0]},
								"south": {"uv": [67, 7], "uv_size": [1, 0]},
								"west": {"uv": [67, 7], "uv_size": [1, 0]},
								"up": {"uv": [66, 6], "uv_size": [1, 1]},
								"down": {"uv": [34, 48], "uv_size": [1, -1]}
							}
						},
						{
							"origin": [-0.95, 23.075, 3.05],
							"size": [0.9, 0.8, 1],
							"inflate": -0.201,
							"pivot": [-1, 23.875, 3.25],
							"rotation": [79.25, 0, 0],
							"uv": {
								"north": {"uv": [34, 48], "uv_size": [0, 0]},
								"east": {"uv": [34, 49], "uv_size": [1, 0]},
								"south": {"uv": [34, 48], "uv_size": [0, 0]},
								"west": {"uv": [33, 48], "uv_size": [1, 0]},
								"up": {"uv": [33, 48], "uv_size": [0, 1]},
								"down": {"uv": [34, 49], "uv_size": [0, -1]}
							}
						},
						{
							"origin": [0.05, 23.075, 3.05],
							"size": [0.9, 0.8, 1],
							"inflate": -0.201,
							"pivot": [1, 23.875, 3.25],
							"rotation": [79.25, 0, 0],
							"uv": {
								"north": {"uv": [67, 9], "uv_size": [0, 0]},
								"east": {"uv": [66, 8], "uv_size": [1, 0]},
								"south": {"uv": [33, 47], "uv_size": [0, 0]},
								"west": {"uv": [67, 8], "uv_size": [1, 0]},
								"up": {"uv": [68, 7], "uv_size": [0, 1]},
								"down": {"uv": [33, 48], "uv_size": [0, -1]}
							}
						},
						{
							"origin": [0.05, 23.675, 3.375],
							"size": [0.9, 1, 0.95],
							"inflate": -0.202,
							"uv": {
								"north": {"uv": [32, 48], "uv_size": [0, 1]},
								"east": {"uv": [33, 48], "uv_size": [0, 1]},
								"south": {"uv": [34, 47], "uv_size": [0, 1]},
								"west": {"uv": [34, 48], "uv_size": [0, 1]},
								"up": {"uv": [33, 47], "uv_size": [0, 0]},
								"down": {"uv": [35, 47], "uv_size": [0, 0]}
							}
						},
						{
							"origin": [-0.95, 23.675, 3.375],
							"size": [0.9, 1, 0.95],
							"inflate": -0.202,
							"uv": {
								"north": {"uv": [34, 46], "uv_size": [0, 1]},
								"east": {"uv": [34, 47], "uv_size": [0, 1]},
								"south": {"uv": [34, 47], "uv_size": [0, 1]},
								"west": {"uv": [34, 48], "uv_size": [0, 1]},
								"up": {"uv": [33, 48], "uv_size": [0, 0]},
								"down": {"uv": [34, 49], "uv_size": [0, 0]}
							}
						},
						{
							"origin": [0.05, 23.075, 3.45],
							"size": [0.9, 1, 1],
							"inflate": -0.2,
							"pivot": [1, 23.875, 4.25],
							"rotation": [-79.25, 0, 0],
							"uv": {
								"north": {"uv": [32, 47], "uv_size": [0, 1]},
								"east": {"uv": [66, 9], "uv_size": [1, 1]},
								"south": {"uv": [68, 7], "uv_size": [0, 1]},
								"west": {"uv": [33, 46], "uv_size": [1, 1]},
								"up": {"uv": [35, 48], "uv_size": [0, 1]},
								"down": {"uv": [67, 10], "uv_size": [0, -1]}
							}
						},
						{
							"origin": [-0.55, 23.325, 3.3],
							"size": [1.15, 1, 1.1],
							"inflate": -0.202,
							"uv": {
								"north": {"uv": [34, 45], "uv_size": [1, 1]},
								"east": {"uv": [33, 47], "uv_size": [1, 1]},
								"south": {"uv": [33, 47], "uv_size": [1, 1]},
								"west": {"uv": [34, 48], "uv_size": [1, 1]},
								"up": {"uv": [34, 47], "uv_size": [1, 1]},
								"down": {"uv": [33, 47], "uv_size": [1, -1]}
							}
						}
					]
				},
				{
					"name": "_cb_scope",
					"parent": "slide",
					"pivot": [0, 25.4, 11.95],
					"cubes": [
						{"origin": [-0.5, 22.825, -0.175], "size": [1, 1, 1], "uv": [27, 9]}
					]
				},
				{
					"name": "_cb_suppressor",
					"parent": "gun",
					"pivot": [0, 23.925, -23.875],
					"cubes": [
						{"origin": [-0.5, 21.35, -36], "size": [1, 1, 1], "uv": [27, 9]}
					]
				},
				{
					"name": "magazine",
					"parent": "gun",
					"pivot": [0, 5, 4],
					"cubes": [
						{"origin": [-1.4, 3.875, -1.75], "size": [2.8, 15.4, 6.25], "pivot": [1.6, 17.875, -1.75], "rotation": [17.25, 0, 0], "uv": [0, 0]},
						{"origin": [-1.4, 3.775, -1.65], "size": [2.8, 1.075, 1.6], "inflate": -0.2, "pivot": [1.6, 17.775, -1.65], "rotation": [11.25, 0, 0], "uv": [0, 53]}
					]
				},
				{
					"name": "bullet",
					"parent": "magazine",
					"pivot": [-0.6, 19, -0.85],
					"rotation": [5.35987, 1.23543, -12.94217],
					"cubes": [
						{"origin": [-0.6, 19.25, -1.85], "size": [1.5, 1.5, 5.25], "uv": [23, 29]}
					]
				},
				{
					"name": "rightarm",
					"parent": "main",
					"pivot": [-4.8, 8.525, 20.9],
					"rotation": [-104.56106, -12.40003, -2.46982],
					"cubes": [
						{"origin": [-8.8, -15.475, 16.9], "size": [8, 24, 8], "uv": [32, 90]}
					]
				},
				{
					"name": "leftarm",
					"parent": "main",
					"pivot": [10.2, 2, 19.4],
					"rotation": [-118.95832, 6.70101, -29.35181],
					"cubes": [
						{"origin": [6.2, -22, 15.4], "size": [8, 24, 8], "uv": [0, 82]}
					]
				},
				{
					"name": "muzzleflash",
					"parent": "main",
					"pivot": [0, 21.9, -34.75],
					"cubes": [
						{"origin": [-0.5, 21.4, -37.05], "size": [1, 1, 1], "inflate": -0.4, "uv": [11, 36]}
					]
				},
				{
					"name": "scope",
					"parent": "main",
					"pivot": [0, 24.175, 22.75],
					"cubes": [
						{"origin": [-0.5, 23.775, 22.45], "size": [1, 1, 1], "inflate": -0.4, "uv": [5, 36]}
					]
				},
				{
					"name": "_camera_",
					"pivot": [0, 0, 0]
				}
			]
		}
	]
}