{
	"format_version": "1.12.0",
	"minecraft:geometry": [
		{
			"description": {
				"identifier": "geometry.unknown",
				"texture_width": 200,
				"texture_height": 200,
				"visible_bounds_width": 8,
				"visible_bounds_height": 4,
				"visible_bounds_offset": [0, 1, 0]
			},
			"bones": [
				{
					"name": "main",
					"pivot": [0, 20, 0]
				},
				{
					"name": "gun",
					"parent": "main",
					"pivot": [1, 11, -1],
					"cubes": [
						{"origin": [-1.25, 14, -1], "size": [3, 4, 5], "uv": [79, 71]},
						{"origin": [-1.75, 14, -1], "size": [1, 4, 5], "inflate": -0.001, "uv": [63, 74]},
						{"origin": [-1.25, 13.5, -1], "size": [3, 1, 5], "inflate": 0.001, "uv": [74, 37]},
						{"origin": [-1.75, 13.5, -1], "size": [1, 1, 5], "inflate": -0.002, "uv": [85, 38]},
						{"origin": [-2, 3.5, -1], "size": [4, 10, 5], "pivot": [1, 13.5, -1], "rotation": [35, 0, 0], "uv": [50, 0]},
						{"origin": [-2, 13.5, -1], "size": [4, 4, 4], "inflate": -0.002, "pivot": [2, 13.5, -1], "rotation": [-14, 0, 0], "uv": [0, 82]},
						{"origin": [-2, 4.9, 3.4], "size": [4, 1, 6], "pivot": [1, 5.9, 3.3], "rotation": [9, 0, 0], "uv": [50, 15]},
						{"origin": [-2, 5.9, 5.4], "size": [4, 1, 4], "inflate": -0.002, "pivot": [1, 5.9, 3.3], "rotation": [9, 0, 0], "uv": [26, 84]},
						{"origin": [-2, 14.5, 4], "size": [4, 2, 11], "inflate": -0.001, "pivot": [1, 16.5, 4], "rotation": [-53, 0, 0], "uv": [58, 143]},
						{"origin": [-2, 14.5, 14.8], "size": [4, 2, 1], "inflate": -0.002, "pivot": [1, 16.5, 4], "rotation": [-53, 0, 0], "uv": [12, 77]},
						{"origin": [-1.35, 13.9, -2.1], "size": [3, 5, 2], "inflate": -0.1, "uv": [24, 0]},
						{"origin": [-0.85, 15.05, -5.55], "size": [2, 4, 1], "inflate": -0.1, "pivot": [1.15, 15.05, -4.55], "rotation": [-21, 0, 0], "uv": [17, 48]},
						{"origin": [-1.35, 13.9, -9.1], "size": [3, 5, 1], "inflate": -0.1, "uv": [37, 11]},
						{"origin": [-1.35, 13.9, -2.6], "size": [3, 1, 1], "inflate": -0.11, "uv": [24, 41]},
						{"origin": [-1.35, 13.9, -8.1], "size": [3, 1, 6], "inflate": -0.2, "uv": [50, 36]},
						{"origin": [-1.35, 13.9, -8.6], "size": [3, 1, 1], "inflate": -0.11, "uv": [37, 17]},
						{"origin": [-1.35, 18, -9], "size": [3, 5, 13], "uv": [126, 25]},
						{"origin": [-1.35, 18, 4], "size": [3, 2, 2], "inflate": -0.001, "pivot": [0.65, 18, 4], "rotation": [53, 0, 0], "uv": [36, 30]},
						{"origin": [-1.65, 18, 4], "size": [1, 2, 2], "inflate": -0.002, "pivot": [-0.65, 18, 4], "rotation": [53, 0, 0], "uv": [61, 28]},
						{"origin": [0.65, 20, 4], "size": [1, 5, 1], "inflate": -0.0002, "uv": [172, 119]},
						{"origin": [-1.35, 20, 5], "size": [3, 6, 2], "inflate": -0.0002, "uv": [148, 127]},
						{"origin": [-1.35, 17, 6], "size": [3, 3, 1], "inflate": -0.002, "pivot": [1.65, 20, 7], "rotation": [-74, 0, 0], "uv": [52, 48]},
						{"origin": [-1.65, 17, 6], "size": [1, 3, 1], "inflate": -0.003, "pivot": [-1.65, 20, 7], "rotation": [-74, 0, 0], "uv": [36, 24]},
						{"origin": [-1.65, 20, 4], "size": [1, 5, 3], "inflate": -0.0001, "uv": [24, 35]},
						{"origin": [1.05, 19.1, -0.4], "size": [1, 2, 2], "inflate": -0.2, "pivot": [1.05, 19.1, -0.4], "rotation": [24, 0, 0], "uv": [62, 36]},
						{"origin": [1.05, 18.3, -0.3], "size": [1, 2, 1], "inflate": -0.1, "uv": [55, 24]},
						{"origin": [-1.55, 23, -6], "size": [1, 1, 10], "uv": [24, 24]},
						{"origin": [0.55, 23, -7], "size": [1, 1, 12], "uv": [32, 144]},
						{"origin": [-2.4, 24.2, -16.5], "size": [1, 3, 1], "pivot": [-2.4, 24.2, -16.5], "rotation": [0, 0, 25], "uv": [36, 0]},
						{"origin": [-2.3, 22.6, -17.75], "size": [1, 1, 12], "pivot": [-2.3, 23.6, -16.75], "rotation": [0, 0, -19], "uv": [90, 145]},
						{"origin": [-2.5, 22.2, -16.5], "size": [1, 2, 1], "inflate": 0.001, "pivot": [-2.6, 23.6, -16.5], "rotation": [0, 0, -19], "uv": [37, 48]},
						{"origin": [-2.5, 22.2, -7.5], "size": [1, 2, 1], "inflate": 0.001, "pivot": [-2.6, 23.6, -7.45], "rotation": [0, 0, -19], "uv": [10, 48]},
						{"origin": [-2.4, 26.2, -15.6], "size": [1, 1, 9], "inflate": -0.001, "pivot": [-2.4, 24.2, -16.5], "rotation": [0, 0, 25], "uv": [52, 74]},
						{"origin": [-2.3, 25.9, -15.6], "size": [1, 1, 9], "inflate": -0.001, "pivot": [-2.4, 24.2, -16.5], "rotation": [0, 0, 25], "uv": [26, 74]},
						{"origin": [-2.4, 24.2, -7.5], "size": [1, 3, 1], "pivot": [-2.4, 24.2, -7.5], "rotation": [0, 0, 25], "uv": [30, 24]},
						{"origin": [-2.4, 24.2, -7.4], "size": [2, 2, 3], "pivot": [-2.4, 24.2, -6.4], "rotation": [0, -33, 25], "uv": [74, 29]},
						{"origin": [-2.4, 23.3, -2.95], "size": [3, 2, 8], "inflate": -0.2, "pivot": [-2.4, 23.3, -1.95], "rotation": [1.38249, -12.46915, 7.06579], "uv": [52, 48]},
						{"origin": [-2.4, 23.3, 3.85], "size": [2, 2, 3], "inflate": -0.4, "pivot": [-2.4, 23.3, -1.95], "rotation": [1.38249, -12.46915, 7.06579], "uv": [74, 24]},
						{"origin": [-2.4, 23.3, 5.85], "size": [2, 2, 1], "inflate": -0.3, "pivot": [-2.4, 23.3, -1.95], "rotation": [1.38249, -12.46915, 7.06579], "uv": [52, 77]},
						{"origin": [0.95, 23.95, -18], "size": [1, 2, 23], "pivot": [1.95, 23.95, -18], "rotation": [0, 0, -11], "uv": [27, 49]},
						{"origin": [-0.05, 23.95, -18], "size": [2, 1, 23], "pivot": [1.95, 23.95, -18], "rotation": [0, 0, -61.5], "uv": [0, 48]},
						{"origin": [1.1, 24.1, 5], "size": [1, 2, 2], "pivot": [2.1, 24.1, 5], "rotation": [0, 0, -11], "uv": [17, 61]},
						{"origin": [-0.9, 24.1, 5], "size": [3, 1, 2], "inflate": -0.001, "pivot": [2.1, 24.1, 5], "rotation": [0, 0, -77.5], "uv": [75, 18]},
						{"origin": [-2.1, 24.1, 5], "size": [1, 2, 2], "pivot": [-2.1, 24.1, 5], "rotation": [0, 0, 11], "uv": [52, 58]},
						{"origin": [-2.1, 24.1, 5], "size": [3, 1, 2], "inflate": -0.001, "pivot": [-2.1, 24.1, 5], "rotation": [0, 0, 77.5], "uv": [7, 40]},
						{"origin": [-0.9, 24.1, 5], "size": [3, 1, 2], "inflate": -0.002, "pivot": [2.1, 24.1, 5], "rotation": [0, -55, -77.5], "uv": [63, 64]},
						{"origin": [-2.1, 24.1, 5], "size": [3, 1, 2], "inflate": -0.002, "pivot": [-2.1, 24.1, 5], "rotation": [0, 55, 77.5], "uv": [24, 7]},
						{"origin": [-1.95, 23.95, -7], "size": [1, 2, 12], "pivot": [-1.95, 23.95, -18], "rotation": [0, 0, 11], "uv": [131, 143]},
						{"origin": [-1.95, 23.95, -7], "size": [1, 1, 12], "pivot": [-1.95, 23.95, -18], "rotation": [0, 0, 61.5], "uv": [145, 21]},
						{"origin": [-1.95, 23.95, -18], "size": [1, 2, 2], "pivot": [-1.95, 23.95, -29], "rotation": [0, 0, 11], "uv": [61, 24]},
						{"origin": [-1.95, 23.95, -18], "size": [2, 1, 2], "pivot": [-1.95, 23.95, -29], "rotation": [0, 0, 61.5], "uv": [24, 17]},
						{"origin": [-1.65, 18, -9], "size": [1, 5, 13], "inflate": 0.001, "uv": [135, 43]},
						{"origin": [0.85, 16, -16.75], "size": [1, 7, 8], "uv": [27, 48]},
						{"origin": [0.85, 21.5, -18], "size": [1, 1, 2], "inflate": -0.001, "uv": [79, 80]},
						{"origin": [-2, 21.7, -17.8], "size": [4, 1, 1], "pivot": [-1.95, 21.7, -17.8], "rotation": [-26, 0, 0], "uv": [10, 54]},
						{"origin": [0.85, 21.5, -18], "size": [1, 1, 2], "inflate": -0.002, "pivot": [0.9, 21.5, -18], "rotation": [-22, 0, 0], "uv": [52, 80]},
						{"origin": [0.85, 21.5, -18], "size": [1, 1, 2], "inflate": -0.002, "pivot": [0.9, 22.5, -18], "rotation": [14, 0, 0], "uv": [26, 80]},
						{"origin": [-1.85, 21.5, -18], "size": [3, 1, 2], "inflate": -0.003, "pivot": [-0.9, 22.5, -18], "rotation": [14, 0, 0], "uv": [37, 79]},
						{"origin": [-1.85, 21.5, -18], "size": [3, 1, 2], "inflate": -0.003, "pivot": [-0.9, 21.5, -18], "rotation": [-22, 0, 0], "uv": [12, 82]},
						{"origin": [-1.85, 21.5, -18], "size": [3, 1, 2], "inflate": -0.002, "uv": [38, 84]},
						{"origin": [1, 21, -11.75], "size": [1, 2, 2], "inflate": 0.001, "uv": [52, 62]},
						{"origin": [1, 20, -11.75], "size": [1, 1, 1], "inflate": 0.001, "uv": [65, 24]},
						{"origin": [1, 15, -11.75], "size": [1, 5, 2], "inflate": 0.001, "uv": [0, 0]},
						{"origin": [0.95, 20, -11.25], "size": [1, 1, 4], "inflate": 0.001, "uv": [87, 15]},
						{"origin": [1.1, 22, -8.5], "size": [1, 2, 1], "pivot": [2.1, 22, -8.5], "rotation": [0, 0, 6], "uv": [50, 0]},
						{"origin": [0.85, 22.9, -11.75], "size": [1, 1, 2], "uv": [26, 77]},
						{"origin": [0.85, 14.15, -9.75], "size": [1, 2, 1], "inflate": -0.001, "uv": [57, 61]},
						{"origin": [0.85, 15.65, -13.75], "size": [1, 2, 4], "inflate": -0.002, "pivot": [0.9, 15.65, -13.75], "rotation": [-17.5, 0, 0], "uv": [63, 58]},
						{"origin": [-1.85, 15.65, -13.75], "size": [1, 2, 4], "inflate": -0.002, "pivot": [-0.9, 15.65, -13.75], "rotation": [-17.5, 0, 0], "uv": [36, 24]},
						{"origin": [-1.85, 14.15, -9.75], "size": [1, 2, 1], "inflate": -0.001, "uv": [55, 28]},
						{"origin": [0.75, 23, -16.75], "size": [1, 1, 10], "inflate": 0.001, "uv": [24, 0]},
						{"origin": [-2.75, 20.6, -15.63], "size": [1, 3, 9], "inflate": -0.2, "pivot": [-2.75, 22.6, -15.6], "rotation": [0, 0, 17], "uv": [50, 24]},
						{"origin": [-2.75, 20.9, -11.7], "size": [1, 2, 1], "inflate": -0.1, "pivot": [-2.75, 22.9, -11.7], "rotation": [0, 0, 17], "uv": [42, 0]},
						{"origin": [0.85, 19, -8.75], "size": [1, 4, 2], "uv": [13, 24]},
						{"origin": [0.85, 19, -9.75], "size": [1, 1, 3], "inflate": -0.001, "pivot": [1.9, 19, -6.75], "rotation": [25, 0, 0], "uv": [52, 52]},
						{"origin": [-1.85, 19, -8.75], "size": [1, 4, 2], "uv": [0, 24]},
						{"origin": [-2.1, 17.2, -10.25], "size": [1, 5, 1], "uv": [19, 55]},
						{"origin": [-2.1, 18.2, -9.9], "size": [1, 1, 3], "inflate": -0.001, "uv": [50, 24]},
						{"origin": [-2.4, 19.25, -8.5], "size": [1, 2, 1], "inflate": -0.001, "pivot": [-2.45, 21.25, -7.5], "rotation": [0, 0, -9], "uv": [42, 24]},
						{"origin": [-1.85, 16, -16.75], "size": [1, 7, 8], "uv": [0, 48]},
						{"origin": [-1, 16, -16.75], "size": [2, 8, 0], "inflate": 0.002, "uv": [45, 54]},
						{"origin": [1.1, 16, -17], "size": [1, 1, 8], "pivot": [2.15, 16, -18], "rotation": [-13, 0, 0], "uv": [75, 0]},
						{"origin": [-2.1, 16, -17], "size": [1, 1, 8], "pivot": [-2.15, 16, -18], "rotation": [-13, 0, 0], "uv": [24, 35]},
						{"origin": [-1.5, 16, -17], "size": [3, 1, 1], "inflate": 0.001, "pivot": [0.35, 16, -18], "rotation": [-13, 0, 0], "uv": [37, 54]},
						{"origin": [-2.1, 16, -9.4], "size": [3, 1, 1], "inflate": 0.001, "pivot": [0.35, 16, -18], "rotation": [-13, 0, 0], "uv": [0, 53]},
						{"origin": [0.1, 16, -9.4], "size": [2, 1, 1], "inflate": 0.002, "pivot": [-0.35, 16, -18], "rotation": [-13, 0, 0], "uv": [0, 78]},
						{"origin": [-0.7, 30.8, -14.2], "size": [2, 1, 19.4], "inflate": -0.2, "uv": [51, 25]},
						{"origin": [-1.3, 30.8, -14.2], "size": [2, 1, 19.4], "inflate": -0.201, "uv": [1, 25]},
						{"origin": [-1, 23.3, -38.9], "size": [2, 2, 21], "inflate": -0.3, "pivot": [0, 24.3, -63.9], "rotation": [0, 0, -20], "uv": [25, 25]},
						{"origin": [-1, 28.3, -37.95], "size": [2, 2, 24.25], "inflate": -0.3, "pivot": [0, 29.3, -59.7], "rotation": [0, 0, -20], "uv": [148, 76]},
						{"origin": [-0.75, 28.55, -38.45], "size": [1.5, 1.5, 1.1], "inflate": -0.3, "pivot": [0, 29.3, -59.7], "rotation": [0, 0, -20], "uv": [50, 49]},
						{"origin": [-1, 23.3, -47.4], "size": [2, 2, 9], "inflate": -0.15, "pivot": [0, 24.3, -47.4], "rotation": [0, 0, -20], "uv": [24, 11]},
						{"origin": [-1, 23.3, -32.4], "size": [2, 2, 8], "pivot": [0, 24.3, -32.4], "rotation": [0, 0, -20], "uv": [0, 72]},
						{"origin": [-1, 22.15, -33.9], "size": [2, 3.9, 2], "uv": [24, 11]},
						{"origin": [-0.6, 25.8, -37.9], "size": [1.25, 3.5, 2.25], "inflate": -0.25, "uv": [26, 12]},
						{"origin": [-0.6, 25.8, -34.15], "size": [1.25, 3.5, 2.25], "inflate": -0.25, "uv": [26, 12]},
						{"origin": [0.4, 22.55, -33.9], "size": [1, 3.1, 2], "inflate": -0.001, "uv": [50, 15]},
						{"origin": [-1.4, 22.55, -37.9], "size": [1, 3.1, 2], "inflate": -0.001, "uv": [44, 48]},
						{"origin": [-1, 22.15, -37.9], "size": [2, 3.9, 2], "uv": [24, 11]},
						{"origin": [0.4, 22.55, -37.9], "size": [1, 3.1, 2], "inflate": -0.001, "uv": [50, 15]},
						{"origin": [0.81242, 25.70326, -38.149], "size": [1.5, 1.05, 2.5], "inflate": -0.251, "pivot": [2.07663, 24.99489, -36.849], "rotation": [0, 0, -45], "uv": [50, 15]},
						{"origin": [-1.4, 22.55, -33.9], "size": [1, 3.1, 2], "inflate": -0.001, "uv": [44, 48]},
						{"origin": [-1, 21.6, -32], "size": [2, 1, 14], "uv": [83, 8]},
						{"origin": [1.575, 23.175, -32], "size": [1, 2.5, 14], "uv": [110, 33]},
						{"origin": [-2.7, 25.75, -32], "size": [1, 2.2, 14], "inflate": 0.001, "pivot": [-2.7, 25.55, -40], "rotation": [0, 0, 45], "uv": [87, 80]},
						{"origin": [-2.7, 20.9, -32], "size": [1, 2.2, 14], "inflate": 0.001, "pivot": [-2.7, 23.3, -40], "rotation": [0, 0, -45], "uv": [60, 102]},
						{"origin": [-2.575, 23.175, -32], "size": [1, 2.5, 14], "uv": [8, 103]},
						{"origin": [1.7, 25.75, -32], "size": [1, 2.2, 14], "inflate": 0.001, "pivot": [2.7, 25.55, -40], "rotation": [0, 0, -45], "uv": [32, 105]},
						{"origin": [1.7, 20.9, -32], "size": [1, 2.2, 14], "inflate": 0.001, "pivot": [2.7, 23.3, -40], "rotation": [0, 0, 45], "uv": [84, 104]},
						{"origin": [-1, 26.25, -18], "size": [2, 1.75, 23], "inflate": -0.001, "uv": [47, 166]},
						{"origin": [0.25, 28, -14], "size": [1, 1.75, 19], "inflate": -0.001, "uv": [150, 164]},
						{"origin": [-0.5, 28, -14], "size": [1, 1.25, 19], "inflate": -0.0011, "uv": [102, 162]},
						{"origin": [-1.25, 28, -14], "size": [1, 1.75, 19], "inflate": -0.001, "uv": [11, 177]},
						{"origin": [-1.1, 29.25, 0.75], "size": [2.2, 1.75, 4.25], "inflate": -0.002, "uv": [182, 164]},
						{"origin": [-1.1, 29.75, -14], "size": [2.2, 1.25, 2.25], "inflate": -0.001, "uv": [169, 177]},
						{"origin": [-1, 26.25, -32], "size": [2, 1, 14], "inflate": 0.002, "uv": [34, 82]},
						{"origin": [0.1, 25.9, -18], "size": [1, 1, 20], "inflate": -0.002, "uv": [126, 0]},
						{"origin": [0.1, 25.9, 2], "size": [1, 1, 1], "inflate": -0.004, "pivot": [1.1, 26.9, 2], "rotation": [-24, 0, 0], "uv": [45, 64]},
						{"origin": [-1.1, 25.9, 2], "size": [2, 1, 1], "inflate": -0.004, "pivot": [-1.1, 26.9, 2], "rotation": [-24, 0, 0], "uv": [75, 6]},
						{"origin": [0.1, 25.55, 1.5], "size": [1, 1, 4], "inflate": -0.003, "uv": [0, 95]},
						{"origin": [-1.1, 25.55, 2], "size": [2, 1, 3], "inflate": -0.001, "uv": [0, 40]},
						{"origin": [0.7, 24.55, -14.75], "size": [1, 2, 3], "inflate": -0.002, "uv": [0, 48]},
						{"origin": [-1.1, 25.9, -18], "size": [1, 1, 20], "inflate": -0.002, "uv": [124, 98]},
						{"origin": [0.9, 28.25, 3.35], "size": [1, 1.25, 1.25], "inflate": -0.25, "pivot": [0.9, 28.85, 4], "rotation": [102.5, 0, 0], "uv": [189, 13]},
						{"origin": [0.9, 28.25, -13.5], "size": [1, 1.25, 1.25], "inflate": -0.25, "pivot": [0.9, 28.85, -12.85], "rotation": [-20, 0, 0], "uv": [181, 11]},
						{"origin": [-1.9, 28.25, 3.35], "size": [1, 1.25, 1.25], "inflate": -0.25, "pivot": [-1.9, 28.85, 4], "rotation": [102.5, 0, 0], "uv": [182, 12]},
						{"origin": [-1.9, 28.25, -13.5], "size": [1, 1.25, 1.25], "inflate": -0.25, "pivot": [-1.9, 28.85, -12.85], "rotation": [-20, 0, 0], "uv": [177, 15]},
						{"origin": [-1.66597, 25.14259, -38.149], "size": [1.5, 1.05, 2.5], "inflate": -0.251, "pivot": [-1.07663, 25.49489, -36.849], "rotation": [0, 0, 45], "uv": [50, 15], "mirror": true},
						{"origin": [-1.43323, 22.12208, -38.15], "size": [1.5, 1.05, 2.5], "inflate": -0.251, "pivot": [-0.84389, 22.47437, -36.85], "rotation": [0, 0, -45], "uv": [50, 15], "mirror": true},
						{"origin": [-0.06677, 22.12208, -34.15], "size": [1.5, 1.05, 2.5], "inflate": -0.251, "pivot": [0.84389, 22.47437, -32.85], "rotation": [0, 0, 45], "uv": [50, 15]},
						{"origin": [-1.43323, 22.12208, -34.15], "size": [1.5, 1.05, 2.5], "inflate": -0.251, "pivot": [-0.84389, 22.47437, -32.85], "rotation": [0, 0, -45], "uv": [50, 15], "mirror": true},
						{"origin": [0.81242, 25.70326, -34.149], "size": [1.5, 1.05, 2.5], "inflate": -0.251, "pivot": [2.07663, 24.99489, -32.849], "rotation": [0, 0, -45], "uv": [50, 15]},
						{"origin": [-2.31242, 25.70326, -34.149], "size": [1.5, 1.05, 2.5], "inflate": -0.251, "pivot": [-2.07663, 24.99489, -32.849], "rotation": [0, 0, 45], "uv": [50, 15], "mirror": true},
						{"origin": [-0.06677, 22.12208, -38.15], "size": [1.5, 1.05, 2.5], "inflate": -0.251, "pivot": [0.84389, 22.47437, -36.85], "rotation": [0, 0, 45], "uv": [50, 15]}
					]
				},
				{
					"name": "bone",
					"parent": "gun",
					"pivot": [-1.95, 24.2, -19]
				},
				{
					"name": "bone2",
					"parent": "gun",
					"pivot": [0, 26.2, -19],
					"cubes": [
						{"origin": [0.75, 25.67, -18], "size": [1, 1, 23], "inflate": -0.001, "pivot": [0.2, 26.64, -18], "rotation": [0, 0, 29], "uv": [50, 0]},
						{"origin": [0.9, 25.82, 5], "size": [1, 1, 2], "inflate": -0.001, "pivot": [0.35, 26.79, 5], "rotation": [0, 0, 29], "uv": [75, 9]},
						{"origin": [-0.85, 25.54, 5], "size": [1, 1, 2], "inflate": 0.001, "uv": [75, 0]},
						{"origin": [-0.15, 25.54, 5], "size": [1, 1, 2], "uv": [0, 75]},
						{"origin": [-1.9, 25.82, 5], "size": [1, 1, 2], "inflate": -0.001, "pivot": [-0.35, 26.79, 5], "rotation": [0, 0, -29], "uv": [75, 3]},
						{"origin": [-1.75, 25.67, -7], "size": [1, 1, 12], "inflate": -0.001, "pivot": [-0.2, 26.64, -18], "rotation": [0, 0, -29], "uv": [76, 144]},
						{"origin": [-1.75, 25.67, -18], "size": [1, 1, 2], "inflate": -0.001, "pivot": [-0.2, 26.64, -29], "rotation": [0, 0, -29], "uv": [75, 12]}
					]
				},
				{
					"name": "bolt",
					"parent": "gun",
					"pivot": [-1.5, 25.5, -15],
					"rotation": [0, 0, 13],
					"cubes": [
						{"origin": [-1.47759, 23.67688, -15.5], "size": [1, 2, 9], "pivot": [-0.5, 23.5, -14], "rotation": [0, 0, 15], "uv": [52, 58]}
					]
				},
				{
					"name": "action",
					"parent": "gun",
					"pivot": [0, 26, 3],
					"cubes": [
						{"origin": [-0.5, 29, -13.25], "size": [1, 2, 1.75], "inflate": -0.001, "uv": [189, 173]},
						{"origin": [-0.1, 29.75, -13], "size": [4, 1.25, 1.25], "inflate": -0.25, "pivot": [0.9, 30.35, -12.35], "rotation": [21, 0, 0], "uv": [82, 105]}
					]
				},
				{
					"name": "rightarm",
					"parent": "main",
					"pivot": [-4.3, 8.8, 21.8],
					"rotation": [-101.81106, -12.40003, -2.46982],
					"cubes": [
						{"origin": [-8.3, -15.2, 17.8], "size": [8, 24, 8], "uv": [0, 142]}
					]
				},
				{
					"name": "leftarm",
					"parent": "main",
					"pivot": [10.7, 11.3, -8.6],
					"rotation": [-119.61483, 1.67666, -38.31282],
					"cubes": [
						{"origin": [6.7, -12.7, -12.6], "size": [8, 24, 8], "uv": [141, 64]}
					]
				},
				{
					"name": "muzzleflash",
					"parent": "main",
					"pivot": [0, 24.35, -43.25],
					"cubes": [
						{"origin": [-0.5, 23.85, -48.4], "size": [1, 1, 1], "inflate": -0.4, "uv": [45, 62]}
					]
				},
				{
					"name": "magazine",
					"parent": "main",
					"pivot": [0.5, 3.75, -10.25],
					"cubes": [
						{"origin": [-1.75, 12.75, -16.25], "size": [3.5, 9, 7], "uv": [0, 24]},
						{"origin": [-1.75, 0.75, -16.25], "size": [3.5, 12, 7], "inflate": 0.001, "pivot": [0.75, 12.75, -9.25], "rotation": [-12, 0, 0], "uv": [0, 0]}
					]
				},
				{
					"name": "bullet",
					"parent": "magazine",
					"pivot": [0, 21.5, -15.725],
					"cubes": [
						{"origin": [-0.5, 21, -15.725], "size": [1, 1, 6], "inflate": 0.2, "pivot": [0, 21.5, -15.725], "rotation": [0, 0, 21], "uv": [9, 63]}
					]
				},
				{
					"name": "magazine2",
					"parent": "main",
					"pivot": [0.5, 3.75, -10.25],
					"cubes": [
						{"origin": [-1.75, 12.75, -16.25], "size": [3.5, 9, 7], "uv": [0, 24]},
						{"origin": [-1.75, 0.75, -16.25], "size": [3.5, 12, 7], "inflate": 0.001, "pivot": [0.75, 12.75, -9.25], "rotation": [-12, 0, 0], "uv": [0, 0]}
					]
				},
				{
					"name": "bullet2",
					"parent": "magazine2",
					"pivot": [0, 21.5, -15.725],
					"cubes": [
						{"origin": [-0.5, 21, -15.725], "size": [1, 1, 6], "inflate": 0.2, "pivot": [0, 21.5, -15.725], "rotation": [0, 0, 21], "uv": [9, 63]}
					]
				},
				{
					"name": "scope",
					"parent": "main",
					"pivot": [0, 36.05, 13.25],
					"cubes": [
						{"origin": [-0.5, 35.55, 12.95], "size": [1, 1, 1], "inflate": -0.4, "uv": [27, 69]}
					]
				},
				{
					"name": "_cb_canted",
					"parent": "main",
					"pivot": [0, 31.6, 0.1],
					"cubes": [
						{"origin": [-0.5, 31.1, -0.4], "size": [1, 1, 1], "uv": [171, 149]}
					]
				},
				{
					"name": "_cb_scope",
					"parent": "main",
					"pivot": [0, 31.6, -6.65],
					"cubes": [
						{"origin": [-0.5, 31.1, -7.15], "size": [1, 1, 1], "uv": [184, 149]}
					]
				},
				{
					"name": "_cb_suppressor",
					"parent": "main",
					"pivot": [0, 24.375, -63.65],
					"cubes": [
						{"origin": [-0.5, 23.875, -38.65], "size": [1, 1, 1], "uv": [27, 69]}
					]
				},
				{
					"name": "_camera_",
					"pivot": [6.825, 33.725, 26.45]
				}
			]
		}
	]
}