{
	"format_version": "1.12.0",
	"minecraft:geometry": [
		{
			"description": {
				"identifier": "geometry.unknown",
				"texture_width": 64,
				"texture_height": 64,
				"visible_bounds_width": 8,
				"visible_bounds_height": 4,
				"visible_bounds_offset": [0, 1, 0]
			},
			"bones": [
				{
					"name": "main",
					"pivot": [0, 0, 0]
				},
				{
					"name": "sight",
					"parent": "main",
					"pivot": [0, 0, 0],
					"cubes": [
						{"origin": [-0.7, 10.25, -8.1], "size": [2, 1, 16], "inflate": -0.2, "uv": [0, 17]},
						{"origin": [-1.3, 10.25, -8.1], "size": [2, 1, 16], "inflate": -0.201, "uv": [0, 0]}
					]
				},
				{
					"name": "_ca_canted",
					"parent": "main",
					"pivot": [0, 0, 0],
					"cubes": [
						{"origin": [-0.5, 10.3, 5.6], "size": [1, 1, 1], "uv": [0, 2]}
					]
				},
				{
					"name": "_cb_scope",
					"parent": "main",
					"pivot": [0, 0, 0],
					"cubes": [
						{"origin": [-0.5, 10.3, -1.15], "size": [1, 1, 1], "uv": [0, 0]}
					]
				}
			]
		}
	]
}