{
	"format_version": "1.12.0",
	"minecraft:geometry": [
		{
			"description": {
				"identifier": "geometry.unknown",
				"texture_width": 200,
				"texture_height": 200,
				"visible_bounds_width": 9,
				"visible_bounds_height": 4,
				"visible_bounds_offset": [0, 1, 0]
			},
			"bones": [
				{
					"name": "main",
					"pivot": [0, 20, 0]
				},
				{
					"name": "gun",
					"parent": "main",
					"pivot": [1, 11, -1],
					"cubes": [
						{"origin": [-2, 24.45, 8], "size": [2, 2, 29], "pivot": [0, 26.45, 8], "rotation": [0, 0, -22], "uv": [70, 40]},
						{"origin": [0, 24.45, 8], "size": [2, 2, 29], "inflate": -0.001, "pivot": [0, 26.45, 8], "rotation": [0, 0, 22], "uv": [74, 6]},
						{"origin": [-0.1, 23.55, 8], "size": [2, 2, 29], "inflate": -0.002, "pivot": [1.9, 25.55, 8], "rotation": [0, 0, -7], "uv": [138, 64]},
						{"origin": [0.15, 20.55, 9], "size": [2, 3, 28], "inflate": 0.001, "pivot": [2.15, 23.55, 9], "rotation": [0, 0, 4], "uv": [43, 93]},
						{"origin": [-1.5, 19.8, 7], "size": [3, 1, 4], "inflate": 0.001, "uv": [8, 98]},
						{"origin": [-2.15, 20.55, 9], "size": [3, 3, 28], "pivot": [-2.15, 23.55, 9], "rotation": [0, 0, -4], "uv": [0, 165]},
						{"origin": [-2.15, 20.55, 7], "size": [3, 3, 2], "pivot": [-2.15, 23.55, 9], "rotation": [0, -8, -4], "uv": [0, 130]},
						{"origin": [-0.85, 20.55, 7], "size": [3, 3, 2], "pivot": [2.15, 23.55, 9], "rotation": [0, 8, 4], "uv": [0, 121]},
						{"origin": [-2.15, 16.55, 18], "size": [2, 4, 17], "inflate": -0.003, "pivot": [-2.15, 23.55, 8], "rotation": [0, 0, -4], "uv": [162, 120]},
						{"origin": [0.15, 16.55, 18], "size": [2, 4, 17], "inflate": -0.002, "pivot": [2.15, 23.55, 8], "rotation": [0, 0, 4], "uv": [162, 148]},
						{"origin": [-2.15, 10.55, 35.3], "size": [2, 10, 2], "inflate": -0.001, "pivot": [-2.15, 23.55, 37], "rotation": [-6, 0, -4], "uv": [90, 49]},
						{"origin": [0.15, 10.55, 35.3], "size": [2, 10, 2], "pivot": [2.15, 23.55, 37], "rotation": [-6, 0, 4], "uv": [78, 49]},
						{"origin": [-2.15, 20.15, 10.2], "size": [2, 4, 27], "inflate": -0.002, "pivot": [-2.15, 23.55, 8], "rotation": [-19, 0, -4], "uv": [142, 169]},
						{"origin": [0.15, 20.15, 10.2], "size": [2, 4, 27], "inflate": -0.001, "pivot": [2.15, 23.55, 8], "rotation": [-19, 0, 4], "uv": [84, 104]},
						{"origin": [-1.9, 23.55, 8], "size": [3, 2, 29], "inflate": 0.002, "pivot": [-1.9, 25.55, 8], "rotation": [0, 0, 7], "uv": [136, 34]},
						{"origin": [-1, 23.3, -57.05], "size": [2, 2, 2], "inflate": 0.1, "pivot": [0, 24.3, -57.05], "rotation": [0, 0, -20], "uv": [87, 0]},
						{"origin": [-1, 23.3, -61.8], "size": [2, 2, 2], "inflate": 0.1, "pivot": [0, 24.3, -62.3], "rotation": [0, 0, -20], "uv": [27, 90]},
						{"origin": [-1, 24.05, -57], "size": [2, 3, 2], "uv": [13, 1]},
						{"origin": [-1, 24.05, -61.8], "size": [2, 3, 2], "inflate": 0.0011, "uv": [13, 1]},
						{"origin": [-1, 26.05, -60.75], "size": [2, 1, 4], "inflate": -0.1, "uv": [188, 0]},
						{"origin": [0.15, 14.55, 30], "size": [2, 2, 5], "inflate": -0.003, "pivot": [2.15, 23.55, 8], "rotation": [0, 0, 4], "uv": [125, 0]},
						{"origin": [-2.15, 14.55, 30], "size": [2, 2, 5], "inflate": -0.003, "pivot": [-2.15, 23.55, 8], "rotation": [0, 0, -4], "uv": [150, 0]},
						{"origin": [-1.25, 14, -1], "size": [3, 4, 5], "uv": [79, 71]},
						{"origin": [-1.75, 14, -1], "size": [1, 4, 5], "inflate": -0.001, "uv": [63, 74]},
						{"origin": [-1.25, 13.5, -1], "size": [3, 1, 5], "inflate": 0.001, "uv": [74, 37]},
						{"origin": [-1.75, 13.5, -1], "size": [1, 1, 5], "inflate": -0.002, "uv": [85, 38]},
						{"origin": [-2, 3.5, -1], "size": [4, 10, 5], "pivot": [1, 13.5, -1], "rotation": [35, 0, 0], "uv": [50, 0]},
						{"origin": [-2, 13.5, -1], "size": [4, 4, 4], "inflate": -0.002, "pivot": [2, 13.5, -1], "rotation": [-14, 0, 0], "uv": [0, 82]},
						{"origin": [-2, 4.9, 3.4], "size": [4, 1, 6], "pivot": [1, 5.9, 3.3], "rotation": [9, 0, 0], "uv": [50, 15]},
						{"origin": [-2, 5.9, 5.4], "size": [4, 1, 4], "inflate": -0.002, "pivot": [1, 5.9, 3.3], "rotation": [9, 0, 0], "uv": [26, 84]},
						{"origin": [-2, 14.5, 4], "size": [4, 2, 11], "inflate": -0.001, "pivot": [1, 16.5, 4], "rotation": [-53, 0, 0], "uv": [58, 143]},
						{"origin": [-2, 14.5, 14.8], "size": [4, 2, 1], "inflate": -0.002, "pivot": [1, 16.5, 4], "rotation": [-53, 0, 0], "uv": [12, 77]},
						{"origin": [-1.35, 13.9, -2.1], "size": [3, 5, 2], "inflate": -0.1, "uv": [24, 0]},
						{"origin": [-0.85, 15.05, -5.55], "size": [2, 4, 1], "inflate": -0.1, "pivot": [1.15, 15.05, -4.55], "rotation": [-21, 0, 0], "uv": [17, 48]},
						{"origin": [-1.35, 13.9, -9.1], "size": [3, 5, 1], "inflate": -0.1, "uv": [37, 11]},
						{"origin": [-1.35, 13.9, -2.6], "size": [3, 1, 1], "inflate": -0.11, "uv": [24, 41]},
						{"origin": [-1.35, 13.9, -8.1], "size": [3, 1, 6], "inflate": -0.2, "uv": [50, 36]},
						{"origin": [-1.35, 13.9, -8.6], "size": [3, 1, 1], "inflate": -0.11, "uv": [37, 17]},
						{"origin": [-1.35, 18, -9], "size": [3, 5, 13], "uv": [126, 25]},
						{"origin": [-1.35, 18, 4], "size": [3, 2, 2], "inflate": -0.001, "pivot": [0.65, 18, 4], "rotation": [53, 0, 0], "uv": [36, 30]},
						{"origin": [-1.65, 18, 4], "size": [1, 2, 2], "inflate": -0.002, "pivot": [-0.65, 18, 4], "rotation": [53, 0, 0], "uv": [61, 28]},
						{"origin": [-1.35, 20, 4], "size": [3, 3, 3], "uv": [61, 87]},
						{"origin": [-1.35, 17, 6], "size": [3, 3, 1], "inflate": -0.002, "pivot": [1.65, 20, 7], "rotation": [-74, 0, 0], "uv": [52, 48]},
						{"origin": [-1.65, 17, 6], "size": [1, 3, 1], "inflate": -0.003, "pivot": [-1.65, 20, 7], "rotation": [-74, 0, 0], "uv": [36, 24]},
						{"origin": [-1.65, 20, 4], "size": [1, 3, 3], "inflate": 0.001, "uv": [24, 35]},
						{"origin": [1.05, 19.1, -0.4], "size": [1, 2, 2], "inflate": -0.2, "pivot": [1.05, 19.1, -0.4], "rotation": [24, 0, 0], "uv": [62, 36]},
						{"origin": [1.05, 18.3, -0.3], "size": [1, 2, 1], "inflate": -0.1, "uv": [55, 24]},
						{"origin": [-1.55, 23, -6], "size": [1, 1, 10], "uv": [24, 24]},
						{"origin": [0.55, 23, -7], "size": [1, 1, 12], "uv": [32, 144]},
						{"origin": [-2.4, 24.2, -16.5], "size": [1, 3, 1], "pivot": [-2.4, 24.2, -16.5], "rotation": [0, 0, 25], "uv": [36, 0]},
						{"origin": [-2.3, 22.6, -17.75], "size": [1, 1, 12], "pivot": [-2.3, 23.6, -16.75], "rotation": [0, 0, -19], "uv": [90, 145]},
						{"origin": [-2.5, 22.2, -16.5], "size": [1, 2, 1], "inflate": 0.001, "pivot": [-2.6, 23.6, -16.5], "rotation": [0, 0, -19], "uv": [37, 48]},
						{"origin": [-2.5, 22.2, -7.5], "size": [1, 2, 1], "inflate": 0.001, "pivot": [-2.6, 23.6, -7.45], "rotation": [0, 0, -19], "uv": [10, 48]},
						{"origin": [-2.4, 26.2, -15.6], "size": [1, 1, 9], "inflate": -0.001, "pivot": [-2.4, 24.2, -16.5], "rotation": [0, 0, 25], "uv": [52, 74]},
						{"origin": [-2.3, 25.9, -15.6], "size": [1, 1, 9], "inflate": -0.001, "pivot": [-2.4, 24.2, -16.5], "rotation": [0, 0, 25], "uv": [26, 74]},
						{"origin": [-2.4, 24.2, -7.5], "size": [1, 3, 1], "pivot": [-2.4, 24.2, -7.5], "rotation": [0, 0, 25], "uv": [30, 24]},
						{"origin": [-2.4, 24.2, -7.4], "size": [2, 2, 3], "pivot": [-2.4, 24.2, -6.4], "rotation": [0, -33, 25], "uv": [74, 29]},
						{"origin": [-2.4, 23.3, -2.95], "size": [3, 2, 8], "inflate": -0.2, "pivot": [-2.4, 23.3, -1.95], "rotation": [1.38249, -12.46915, 7.06579], "uv": [52, 48]},
						{"origin": [-2.4, 23.3, 3.85], "size": [2, 2, 3], "inflate": -0.4, "pivot": [-2.4, 23.3, -1.95], "rotation": [1.38249, -12.46915, 7.06579], "uv": [74, 24]},
						{"origin": [-2.4, 23.3, 5.85], "size": [2, 2, 1], "inflate": -0.3, "pivot": [-2.4, 23.3, -1.95], "rotation": [1.38249, -12.46915, 7.06579], "uv": [52, 77]},
						{"origin": [0.95, 23.95, -18], "size": [1, 2, 23], "pivot": [1.95, 23.95, -18], "rotation": [0, 0, -11], "uv": [27, 49]},
						{"origin": [-0.05, 23.95, -18], "size": [2, 1, 23], "pivot": [1.95, 23.95, -18], "rotation": [0, 0, -61.5], "uv": [0, 48]},
						{"origin": [1.1, 24.1, 5], "size": [1, 2, 2], "pivot": [2.1, 24.1, 5], "rotation": [0, 0, -11], "uv": [17, 61]},
						{"origin": [-0.9, 24.1, 5], "size": [3, 1, 2], "inflate": -0.001, "pivot": [2.1, 24.1, 5], "rotation": [0, 0, -77.5], "uv": [75, 18]},
						{"origin": [-2.1, 24.1, 5], "size": [1, 2, 2], "pivot": [-2.1, 24.1, 5], "rotation": [0, 0, 11], "uv": [52, 58]},
						{"origin": [-2.1, 24.1, 5], "size": [3, 1, 2], "inflate": -0.001, "pivot": [-2.1, 24.1, 5], "rotation": [0, 0, 77.5], "uv": [7, 40]},
						{"origin": [-0.9, 24.1, 5], "size": [3, 1, 2], "inflate": -0.002, "pivot": [2.1, 24.1, 5], "rotation": [0, -55, -77.5], "uv": [63, 64]},
						{"origin": [-2.1, 24.1, 5], "size": [3, 1, 2], "inflate": -0.002, "pivot": [-2.1, 24.1, 5], "rotation": [0, 55, 77.5], "uv": [24, 7]},
						{"origin": [-1.95, 23.95, -7], "size": [1, 2, 12], "pivot": [-1.95, 23.95, -18], "rotation": [0, 0, 11], "uv": [131, 143]},
						{"origin": [-1.95, 23.95, -7], "size": [1, 1, 12], "pivot": [-1.95, 23.95, -18], "rotation": [0, 0, 61.5], "uv": [145, 21]},
						{"origin": [-1.95, 23.95, -18], "size": [1, 2, 2], "pivot": [-1.95, 23.95, -29], "rotation": [0, 0, 11], "uv": [61, 24]},
						{"origin": [-1.95, 23.95, -18], "size": [2, 1, 2], "pivot": [-1.95, 23.95, -29], "rotation": [0, 0, 61.5], "uv": [24, 17]},
						{"origin": [-2.05, 24.9, 6], "size": [1, 1, 2], "inflate": -0.002, "pivot": [-2.05, 24.3, 6], "rotation": [0, 0, 19], "uv": [66, 51]},
						{"origin": [1.05, 24.9, 6], "size": [1, 1, 2], "inflate": -0.002, "pivot": [2.05, 24.3, 6], "rotation": [0, 0, -19], "uv": [17, 65]},
						{"origin": [1.05, 24.3, 6], "size": [1, 1, 2], "pivot": [2.05, 24.3, 6], "rotation": [0, 0, -19], "uv": [0, 66]},
						{"origin": [1.05, 23.3, 6], "size": [1, 1, 2], "inflate": 0.001, "pivot": [2.05, 24.3, 6], "rotation": [0, 0, 19], "uv": [9, 66]},
						{"origin": [1.05, 22.8, 6], "size": [1, 1, 2], "pivot": [2.05, 24.3, 4], "rotation": [0, 0, 19], "uv": [27, 66]},
						{"origin": [-1.65, 18, -9], "size": [1, 5, 13], "inflate": 0.001, "uv": [135, 43]},
						{"origin": [0.85, 16, -16.75], "size": [1, 7, 8], "uv": [27, 48]},
						{"origin": [0.85, 21.5, -18], "size": [1, 1, 2], "inflate": -0.001, "uv": [79, 80]},
						{"origin": [-2, 21.7, -17.8], "size": [4, 1, 1], "pivot": [-1.95, 21.7, -17.8], "rotation": [-26, 0, 0], "uv": [10, 54]},
						{"origin": [0.85, 21.5, -18], "size": [1, 1, 2], "inflate": -0.002, "pivot": [0.9, 21.5, -18], "rotation": [-22, 0, 0], "uv": [52, 80]},
						{"origin": [0.85, 21.5, -18], "size": [1, 1, 2], "inflate": -0.002, "pivot": [0.9, 22.5, -18], "rotation": [14, 0, 0], "uv": [26, 80]},
						{"origin": [-1.85, 21.5, -18], "size": [3, 1, 2], "inflate": -0.003, "pivot": [-0.9, 22.5, -18], "rotation": [14, 0, 0], "uv": [37, 79]},
						{"origin": [-1.85, 21.5, -18], "size": [3, 1, 2], "inflate": -0.003, "pivot": [-0.9, 21.5, -18], "rotation": [-22, 0, 0], "uv": [12, 82]},
						{"origin": [-1.85, 21.5, -18], "size": [3, 1, 2], "inflate": -0.002, "uv": [38, 84]},
						{"origin": [1, 21, -11.75], "size": [1, 2, 2], "inflate": 0.001, "uv": [52, 62]},
						{"origin": [1, 20, -11.75], "size": [1, 1, 1], "inflate": 0.001, "uv": [65, 24]},
						{"origin": [1, 15, -11.75], "size": [1, 5, 2], "inflate": 0.001, "uv": [0, 0]},
						{"origin": [0.95, 20, -11.25], "size": [1, 1, 4], "inflate": 0.001, "uv": [87, 15]},
						{"origin": [1.1, 22, -8.5], "size": [1, 2, 1], "pivot": [2.1, 22, -8.5], "rotation": [0, 0, 6], "uv": [50, 0]},
						{"origin": [0.85, 22.9, -11.75], "size": [1, 1, 2], "uv": [26, 77]},
						{"origin": [0.85, 14.15, -9.75], "size": [1, 2, 1], "inflate": -0.001, "uv": [57, 61]},
						{"origin": [0.85, 15.65, -13.75], "size": [1, 2, 4], "inflate": -0.002, "pivot": [0.9, 15.65, -13.75], "rotation": [-17.5, 0, 0], "uv": [63, 58]},
						{"origin": [-1.85, 15.65, -13.75], "size": [1, 2, 4], "inflate": -0.002, "pivot": [-0.9, 15.65, -13.75], "rotation": [-17.5, 0, 0], "uv": [36, 24]},
						{"origin": [-1.85, 14.15, -9.75], "size": [1, 2, 1], "inflate": -0.001, "uv": [55, 28]},
						{"origin": [0.75, 23, -16.75], "size": [1, 1, 10], "inflate": 0.001, "uv": [24, 0]},
						{"origin": [-2.75, 20.6, -15.63], "size": [1, 3, 9], "inflate": -0.2, "pivot": [-2.75, 22.6, -15.6], "rotation": [0, 0, 17], "uv": [50, 24]},
						{"origin": [-2.75, 20.9, -11.7], "size": [1, 2, 1], "inflate": -0.1, "pivot": [-2.75, 22.9, -11.7], "rotation": [0, 0, 17], "uv": [42, 0]},
						{"origin": [0.85, 19, -8.75], "size": [1, 4, 2], "uv": [13, 24]},
						{"origin": [0.85, 19, -9.75], "size": [1, 1, 3], "inflate": -0.001, "pivot": [1.9, 19, -6.75], "rotation": [25, 0, 0], "uv": [52, 52]},
						{"origin": [-1.85, 19, -8.75], "size": [1, 4, 2], "uv": [0, 24]},
						{"origin": [-2.1, 17.2, -10.25], "size": [1, 5, 1], "uv": [19, 55]},
						{"origin": [-2.1, 18.2, -9.9], "size": [1, 1, 3], "inflate": -0.001, "uv": [50, 24]},
						{"origin": [-2.4, 19.25, -8.5], "size": [1, 2, 1], "inflate": -0.001, "pivot": [-2.45, 21.25, -7.5], "rotation": [0, 0, -9], "uv": [42, 24]},
						{"origin": [-1.85, 16, -16.75], "size": [1, 7, 8], "uv": [0, 48]},
						{"origin": [-1, 16, -16.75], "size": [2, 8, 0], "inflate": 0.002, "uv": [45, 54]},
						{"origin": [1.1, 16, -17], "size": [1, 1, 8], "pivot": [2.15, 16, -18], "rotation": [-13, 0, 0], "uv": [75, 0]},
						{"origin": [-2.1, 16, -17], "size": [1, 1, 8], "pivot": [-2.15, 16, -18], "rotation": [-13, 0, 0], "uv": [24, 35]},
						{"origin": [-1.5, 16, -17], "size": [3, 1, 1], "inflate": 0.001, "pivot": [0.35, 16, -18], "rotation": [-13, 0, 0], "uv": [37, 54]},
						{"origin": [-2.1, 16, -9.4], "size": [3, 1, 1], "inflate": 0.001, "pivot": [0.35, 16, -18], "rotation": [-13, 0, 0], "uv": [0, 53]},
						{"origin": [0.1, 16, -9.4], "size": [2, 1, 1], "inflate": 0.002, "pivot": [-0.35, 16, -18], "rotation": [-13, 0, 0], "uv": [0, 78]},
						{"origin": [-0.7, 27.05, -18.15], "size": [2, 1, 20], "inflate": -0.2, "uv": [50, 24]},
						{"origin": [-0.8, 27.05, 1.45], "size": [2, 1, 4], "inflate": -0.2, "uv": [79, 88]},
						{"origin": [-1.2, 27.05, 1.45], "size": [1, 1, 4], "inflate": -0.201, "uv": [12, 86]},
						{"origin": [-1.3, 27.05, -18.15], "size": [2, 1, 20], "inflate": -0.201, "uv": [0, 24]},
						{"origin": [-1, 23.3, -74.05], "size": [2, 2, 46], "inflate": -0.3, "pivot": [0, 24.3, -74.05], "rotation": [0, 0, -20], "uv": [0, 0]},
						{"origin": [-1, 23.3, -74.55], "size": [2, 2, 9], "inflate": -0.15, "pivot": [0, 24.3, -74.55], "rotation": [0, 0, -20], "uv": [24, 11]},
						{"origin": [-1, 21.6, -55.15], "size": [2, 1, 37.15], "uv": [64, 162]},
						{"origin": [1.575, 23.175, -55.15], "size": [1, 2.5, 37.15], "uv": [124, 156]},
						{"origin": [-2.7, 25.75, -55.15], "size": [1, 2.2, 37.15], "inflate": 0.001, "pivot": [-2.7, 25.55, -55.15], "rotation": [0, 0, 45], "uv": [95, 59]},
						{"origin": [-2.7, 20.9, -55.15], "size": [1, 2.2, 37.15], "inflate": 0.001, "pivot": [-2.7, 23.3, -55.15], "rotation": [0, 0, -45], "uv": [66, 101]},
						{"origin": [-2.575, 23.175, -55.15], "size": [1, 2.5, 37.15], "uv": [0, 104]},
						{"origin": [1.7, 25.75, -55.15], "size": [1, 2.2, 37.15], "inflate": 0.001, "pivot": [2.7, 25.55, -55.15], "rotation": [0, 0, -45], "uv": [85, 153]},
						{"origin": [1.7, 20.9, -55.15], "size": [1, 2.2, 37.15], "inflate": 0.001, "pivot": [2.7, 23.3, -55.15], "rotation": [0, 0, 45], "uv": [25, 159]},
						{"origin": [-1, 26.25, -18], "size": [2, 1, 20], "inflate": -0.001, "uv": [122, 122]},
						{"origin": [-1, 26.25, -55.15], "size": [2, 1, 37.15], "inflate": 0.002, "uv": [11, 80]},
						{"origin": [0.1, 25.9, -18], "size": [1, 1, 20], "inflate": -0.002, "uv": [126, 0]},
						{"origin": [0.1, 25.9, 2], "size": [1, 1, 1], "inflate": -0.004, "pivot": [1.1, 26.9, 2], "rotation": [-24, 0, 0], "uv": [45, 64]},
						{"origin": [-1.1, 25.9, 2], "size": [2, 1, 1], "inflate": -0.004, "pivot": [-1.1, 26.9, 2], "rotation": [-24, 0, 0], "uv": [75, 6]},
						{"origin": [0.1, 25.55, 1.5], "size": [1, 1, 4], "inflate": -0.003, "uv": [0, 95]},
						{"origin": [-1.1, 25.55, 2], "size": [2, 1, 3], "inflate": -0.001, "uv": [0, 40]},
						{"origin": [0.7, 24.55, -14.75], "size": [1, 2, 3], "inflate": -0.002, "uv": [0, 48]},
						{"origin": [-1.1, 25.9, -18], "size": [1, 1, 20], "inflate": -0.002, "uv": [124, 98]}
					]
				},
				{
					"name": "sights",
					"parent": "gun",
					"pivot": [0, 0, 0],
					"cubes": [
						{"origin": [-1.5, 27.75, 0.2], "size": [2.75, 1, 1], "inflate": 0.002, "pivot": [1.25, 27.75, 1.1], "rotation": [-3, 0, 0], "uv": [50, 40]},
						{"origin": [-2.725, 27.25, -0.3], "size": [1.75, 2, 2], "inflate": -0.3, "pivot": [-1.475, 27.25, 1.6], "rotation": [-3, 0, 0], "uv": [50, 36]},
						{"origin": [0.75, 27.35, -1.05], "size": [1, 1, 1], "inflate": -0.102, "pivot": [0.7, 27.35, -1.05], "rotation": [12, 0, 0], "uv": [56, 58]},
						{"origin": [-1.5, 27.55, -1.75], "size": [3, 1, 2], "inflate": 0.002, "pivot": [-1.5, 27.55, -0.75], "rotation": [17, 0, 0], "uv": [10, 19]},
						{"origin": [-1.3, 27.25, -1.65], "size": [2.6, 1, 3], "inflate": 0.001, "uv": [36, 6]},
						{"origin": [-0.7, 31.575, 0.275], "size": [1.6, 1.05, 1], "inflate": -0.401, "pivot": [0, 31.9, 0.375], "rotation": [-31.61901, 33.86291, -47.85316], "uv": [18, 19]},
						{"origin": [-0.9, 31.575, 0.275], "size": [1.6, 1.05, 1], "inflate": -0.401, "pivot": [0, 31.9, 0.375], "rotation": [-31.61901, -33.86291, 47.85316], "uv": [15, 40]},
						{"origin": [-0.1, 31.6, 0.075], "size": [1, 1.3, 1.2], "inflate": -0.401, "pivot": [0, 31.8, 0.375], "rotation": [0, 45, 0], "uv": [41, 38]},
						{"origin": [-0.9, 31.6, 0.075], "size": [1, 1.3, 1.2], "inflate": -0.401, "pivot": [0, 31.8, 0.375], "rotation": [0, -45, 0], "uv": [16, 42]},
						{"origin": [-0.4, 31.6, 0.275], "size": [1.3, 1.3, 1], "inflate": -0.4, "pivot": [0, 31.8, 0.375], "rotation": [0, 45, 0], "uv": [50, 3]},
						{"origin": [-0.9, 31.6, 0.275], "size": [1.3, 1.3, 1], "inflate": -0.4, "pivot": [0, 31.8, 0.375], "rotation": [0, -45, 0], "uv": [10, 51]},
						{"origin": [-0.5, 30.8, -0.125], "size": [1, 1.3, 1], "inflate": 0.001, "pivot": [0, 31.6, 0.375], "rotation": [0, -45, 0], "uv": [37, 51]},
						{"origin": [-0.5, 28.3, -0.125], "size": [1, 2.5, 1], "inflate": 0.1, "pivot": [0, 29.1, 0.375], "rotation": [0, -33.75, 0], "uv": [41, 35]},
						{"origin": [-0.8, 24.05, -61.8], "size": [1, 8, 2], "pivot": [-0.8, 32.05, -62.3], "rotation": [0, 0, 2], "uv": [194, 5]},
						{"origin": [-0.2, 24.05, -61.8], "size": [1, 8, 2], "inflate": 0.001, "pivot": [0.8, 32.05, -62.3], "rotation": [0, 0, -2], "uv": [188, 5], "mirror": true},
						{"origin": [-0.2, 31.05, -60.6], "size": [1, 1, 2], "inflate": 0.002, "pivot": [0.8, 32.05, -61.1], "rotation": [0, 0, -2], "uv": [51, 29], "mirror": true},
						{"origin": [-0.8, 31.05, -60.6], "size": [1, 1, 2], "inflate": 0.002, "pivot": [-0.8, 32.05, -61.1], "rotation": [0, 0, 2], "uv": [79, 15]},
						{"origin": [-6.8, 31.05, -58.55], "size": [6, 1, 1], "inflate": -0.002, "pivot": [-0.8, 32.05, -58.55], "rotation": [-88.60015, 34.97556, -87.55894], "uv": [15, 22]},
						{"origin": [0.8, 31.05, -58.55], "size": [6, 1, 1], "inflate": -0.001, "pivot": [0.8, 32.05, -58.55], "rotation": [-88.60015, -34.97556, 87.55894], "uv": [30, 22], "mirror": true},
						{"origin": [-0.5, 30.15, -61.65], "size": [1, 3, 1], "inflate": -0.35, "uv": [34, 36]},
						{"origin": [0.1, 31.1, -61.95], "size": [1, 2, 3], "inflate": -0.301, "pivot": [0.8, 31.9, -61.65], "rotation": [0, 0, 28], "uv": [171, 0]},
						{"origin": [0.52, 32.39, -61.95], "size": [1, 1, 3], "inflate": -0.302, "pivot": [1.2, 32.7, -61.65], "rotation": [0, 0, -15], "uv": [91, 72]},
						{"origin": [0.52, 32.78, -61.95], "size": [1, 1, 3], "inflate": -0.3, "pivot": [1.2, 32.7, -61.65], "rotation": [0, 0, -15], "uv": [86, 10]},
						{"origin": [0.52, 32.98, -61.95], "size": [1, 1, 3], "inflate": -0.301, "pivot": [1.2, 32.7, -61.65], "rotation": [0, 0, -15], "uv": [37, 2]},
						{"origin": [-1.52, 32.98, -61.95], "size": [1, 1, 3], "inflate": -0.301, "pivot": [-1.2, 32.7, -61.65], "rotation": [0, 0, 15], "uv": [39, 50]},
						{"origin": [-1.52, 32.78, -61.95], "size": [1, 1, 3], "inflate": -0.3, "pivot": [-1.2, 32.7, -61.65], "rotation": [0, 0, 15], "uv": [24, 26]},
						{"origin": [-1.52, 32.39, -61.95], "size": [1, 1, 3], "inflate": -0.302, "pivot": [-1.2, 32.7, -61.65], "rotation": [0, 0, 15], "uv": [4, 67]},
						{"origin": [-1.1, 31.1, -61.95], "size": [1, 2, 3], "inflate": -0.301, "pivot": [-0.8, 31.9, -61.65], "rotation": [0, 0, -28], "uv": [180, 0]}
					]
				},
				{
					"name": "bone",
					"parent": "gun",
					"pivot": [-1.95, 24.2, -19],
					"cubes": [
						{"origin": [-2.05, 24.3, 6], "size": [1, 1, 2], "pivot": [-2.05, 24.3, 6], "rotation": [0, 0, 19], "uv": [0, 72]},
						{"origin": [-2.05, 23.3, 6], "size": [1, 1, 2], "inflate": 0.001, "pivot": [-2.05, 24.3, 6], "rotation": [0, 0, -19], "uv": [26, 74]},
						{"origin": [-2.05, 22.8, 6], "size": [1, 1, 2], "pivot": [-2.05, 24.3, 6], "rotation": [0, 0, -19], "uv": [52, 74]}
					]
				},
				{
					"name": "bone2",
					"parent": "gun",
					"pivot": [0, 26.2, -19],
					"cubes": [
						{"origin": [0.75, 25.67, -18], "size": [1, 1, 23], "inflate": -0.001, "pivot": [0.2, 26.64, -18], "rotation": [0, 0, 29], "uv": [50, 0]},
						{"origin": [0.9, 25.82, 5], "size": [1, 1, 2], "inflate": -0.001, "pivot": [0.35, 26.79, 5], "rotation": [0, 0, 29], "uv": [75, 9]},
						{"origin": [-0.85, 25.54, 5], "size": [1, 1, 2], "inflate": 0.001, "uv": [75, 0]},
						{"origin": [-0.15, 25.54, 5], "size": [1, 1, 2], "uv": [0, 75]},
						{"origin": [-1.9, 25.82, 5], "size": [1, 1, 2], "inflate": -0.001, "pivot": [-0.35, 26.79, 5], "rotation": [0, 0, -29], "uv": [75, 3]},
						{"origin": [-1.75, 25.67, -7], "size": [1, 1, 12], "inflate": -0.001, "pivot": [-0.2, 26.64, -18], "rotation": [0, 0, -29], "uv": [76, 144]},
						{"origin": [-1.75, 25.67, -18], "size": [1, 1, 2], "inflate": -0.001, "pivot": [-0.2, 26.64, -29], "rotation": [0, 0, -29], "uv": [75, 12]},
						{"origin": [-1, 25.38, 7], "size": [1, 1, 1], "inflate": 0.001, "pivot": [0, 26.35, 7], "rotation": [0, 0, -19], "uv": [63, 2]},
						{"origin": [0, 25.38, 7], "size": [1, 1, 1], "pivot": [0, 26.35, 7], "rotation": [0, 0, 19], "uv": [63, 0]},
						{"origin": [-1.6, 25.38, 6], "size": [1, 1, 2], "inflate": -0.001, "pivot": [0, 26.35, 6], "rotation": [0, 0, -19], "uv": [66, 48]},
						{"origin": [0.6, 25.38, 6], "size": [1, 1, 2], "inflate": -0.001, "pivot": [0, 26.35, 6], "rotation": [0, 0, 19], "uv": [64, 18]},
						{"origin": [0, 22.32, 7], "size": [1, 1, 1], "pivot": [0, 22.35, 7], "rotation": [0, 0, -19], "uv": [63, 58]},
						{"origin": [0.6, 22.32, 4], "size": [1, 1, 4], "inflate": -0.001, "pivot": [0, 22.35, 4], "rotation": [0, 0, -19], "uv": [63, 0]},
						{"origin": [-1, 22.32, 7], "size": [1, 1, 1], "inflate": 0.001, "pivot": [0, 22.35, 7], "rotation": [0, 0, 19], "uv": [36, 63]},
						{"origin": [-1.6, 22.32, 4], "size": [1, 1, 4], "inflate": -0.001, "pivot": [0, 22.35, 4], "rotation": [0, 0, 19], "uv": [12, 72]}
					]
				},
				{
					"name": "bolt",
					"parent": "main",
					"pivot": [-1.5, 25.5, -15],
					"rotation": [0, 0, 13],
					"cubes": [
						{"origin": [-1.47759, 23.67688, -15.5], "size": [1, 2, 9], "pivot": [-0.5, 23.5, -14], "rotation": [0, 0, 15], "uv": [52, 58]}
					]
				},
				{
					"name": "action",
					"parent": "main",
					"pivot": [0, 26, 3],
					"cubes": [
						{"origin": [-1, 26.4, -6.1], "size": [2, 1, 11], "inflate": -0.1, "uv": [104, 145]},
						{"origin": [-2, 26.55, 4.8], "size": [4, 1, 1], "uv": [34, 41]},
						{"origin": [0, 26.55, 4.8], "size": [2, 1, 1], "inflate": -0.001, "pivot": [2, 26.55, 4.8], "rotation": [0, -25, 0], "uv": [66, 54]},
						{"origin": [-2, 26.55, 4.8], "size": [2, 1, 1], "inflate": -0.001, "pivot": [-2, 26.55, 4.8], "rotation": [0, 24, 0], "uv": [62, 40]}
					]
				},
				{
					"name": "rightarm",
					"parent": "main",
					"pivot": [-4.3, 8.8, 21.8],
					"rotation": [-101.81106, -12.40003, -2.46982],
					"cubes": [
						{"origin": [-8.3, -15.2, 17.8], "size": [8, 24, 8], "uv": [0, 142]}
					]
				},
				{
					"name": "leftarm",
					"parent": "main",
					"pivot": [10.7, 11.3, -8.6],
					"rotation": [-119.61483, 1.67666, -38.31282],
					"cubes": [
						{"origin": [6.7, -12.7, -12.6], "size": [8, 24, 8], "uv": [141, 64]}
					]
				},
				{
					"name": "muzzleflash",
					"parent": "main",
					"pivot": [0, 24.35, -63.25],
					"cubes": [
						{"origin": [-0.5, 23.85, -75.55], "size": [1, 1, 1], "inflate": -0.4, "uv": [45, 62]}
					]
				},
				{
					"name": "magazine",
					"parent": "main",
					"pivot": [0.5, 3.75, -10.25],
					"cubes": [
						{"origin": [-1.75, 12.75, -16.25], "size": [3.5, 9, 7], "uv": [0, 24]},
						{"origin": [-1.75, 9.75, -16.25], "size": [3.5, 3, 7], "inflate": 0.001, "uv": [0, 0]}
					]
				},
				{
					"name": "bullet",
					"parent": "magazine",
					"pivot": [0, 21.5, -15.725],
					"cubes": [
						{"origin": [-0.5, 21, -15.725], "size": [1, 1, 6], "inflate": 0.2, "pivot": [0, 21.5, -15.725], "rotation": [0, 0, 21], "uv": [9, 63]}
					]
				},
				{
					"name": "magazine2",
					"parent": "main",
					"pivot": [0.5, 3.75, -10.25],
					"cubes": [
						{"origin": [-1.75, 12.75, -16.25], "size": [3.5, 9, 7], "uv": [0, 24]},
						{"origin": [-1.75, 9.75, -16.25], "size": [3.5, 3, 7], "inflate": 0.001, "uv": [0, 0]}
					]
				},
				{
					"name": "bullet2",
					"parent": "magazine2",
					"pivot": [0, 21.5, -15.725],
					"cubes": [
						{"origin": [-0.5, 21, -15.725], "size": [1, 1, 6], "inflate": 0.2, "pivot": [0, 21.5, -15.725], "rotation": [0, 0, 21], "uv": [9, 63]}
					]
				},
				{
					"name": "scope",
					"parent": "main",
					"pivot": [0, 32.3, 9.25],
					"cubes": [
						{"origin": [-0.5, 31.8, 8.95], "size": [1, 1, 1], "inflate": -0.4, "uv": [142, 89]}
					]
				},
				{
					"name": "_cb_scope",
					"parent": "main",
					"pivot": [0, 27.85, -10.65],
					"cubes": [
						{"origin": [-0.5, 27.35, -11.15], "size": [1, 1, 1], "uv": [35, 105]}
					]
				},
				{
					"name": "_cb_canted",
					"parent": "main",
					"pivot": [0, 27.85, -3.9],
					"cubes": [
						{"origin": [-0.5, 27.35, -4.4], "size": [1, 1, 1], "uv": [35, 105]}
					]
				},
				{
					"name": "_cb_suppressor",
					"parent": "main",
					"pivot": [0, 24.375, -58.65],
					"cubes": [
						{"origin": [-0.5, 23.875, -65.65], "size": [1, 1, 1], "uv": [142, 85]}
					]
				},
				{
					"name": "_camera_",
					"pivot": [6.825, 33.725, 26.45]
				}
			]
		}
	]
}