{
	"format_version": "1.12.0",
	"minecraft:geometry": [
		{
			"description": {
				"identifier": "geometry.unknown",
				"texture_width": 512,
				"texture_height": 512,
				"visible_bounds_width": 11,
				"visible_bounds_height": 7,
				"visible_bounds_offset": [0, 1.5, 0]
			},
			"bones": [
				{
					"name": "bb_main",
					"pivot": [0, 0, 0]
				},
				{
					"name": "main",
					"pivot": [0, 20, 0]
				},
				{
					"name": "gun",
					"parent": "main",
					"pivot": [0, 0, 0],
					"cubes": [
						{"origin": [-1.25, 14, -1], "size": [3, 4, 5], "uv": [242, 272]},
						{"origin": [-1.75, 14, -1], "size": [1, 4, 5], "inflate": -0.001, "uv": [274, 172]},
						{"origin": [-1.25, 13.5, -1], "size": [3, 1, 5], "inflate": 0.001, "uv": [274, 166]},
						{"origin": [-1.75, 13.5, -1], "size": [1, 1, 5], "inflate": -0.002, "uv": [278, 153]},
						{"origin": [-2, 3.5, -1], "size": [4, 10, 5], "pivot": [1, 13.5, -1], "rotation": [35, 0, 0], "uv": [212, 255]},
						{"origin": [-2, 13.5, -1], "size": [4, 4, 4], "inflate": -0.002, "pivot": [2, 13.5, -1], "rotation": [-14, 0, 0], "uv": [98, 273]},
						{"origin": [-2, 4.9, 3.4], "size": [4, 1, 6], "pivot": [1, 5.9, 3.3], "rotation": [9, 0, 0], "uv": [224, 198]},
						{"origin": [-2, 5.9, 5.4], "size": [4, 1, 4], "inflate": -0.002, "pivot": [1, 5.9, 3.3], "rotation": [9, 0, 0], "uv": [252, 166]},
						{"origin": [-2, 14.5, 4], "size": [4, 2, 11], "inflate": -0.001, "pivot": [1, 16.5, 4], "rotation": [-53, 0, 0], "uv": [252, 126]},
						{"origin": [-2, 14.5, 14.8], "size": [4, 2, 1], "inflate": -0.002, "pivot": [1, 16.5, 4], "rotation": [-53, 0, 0], "uv": [50, 230]},
						{"origin": [-1.35, 13.9, -2.1], "size": [3, 5, 2], "inflate": -0.1, "uv": [206, 279]},
						{"origin": [-0.5, 15.05, -5.55], "size": [1, 4, 1], "inflate": -0.1, "pivot": [0, 15.05, -4.55], "rotation": [-21, 0, 0], "uv": [40, 260]},
						{"origin": [-1.35, 13.9, -9.1], "size": [3, 5, 1], "inflate": -0.1, "uv": [230, 255]},
						{"origin": [-1.35, 13.9, -2.6], "size": [3, 1, 1], "inflate": -0.11, "uv": [210, 126]},
						{"origin": [-1.35, 13.9, -8.1], "size": [3, 1, 6], "inflate": -0.2, "uv": [258, 272]},
						{"origin": [-1.35, 13.9, -8.6], "size": [3, 1, 1], "inflate": -0.11, "uv": [218, 126]},
						{"origin": [-1.35, 18, -9], "size": [3, 5, 13], "uv": [50, 212]},
						{"origin": [-1.35, 18, 4], "size": [3, 2, 2], "inflate": -0.001, "pivot": [0.65, 18, 4], "rotation": [53, 0, 0], "uv": [274, 95]},
						{"origin": [-1.65, 18, 4], "size": [1, 2, 2], "inflate": -0.002, "pivot": [-0.65, 18, 4], "rotation": [53, 0, 0], "uv": [268, 166]},
						{"origin": [-1.35, 20, 4], "size": [3, 3, 3], "uv": [278, 159]},
						{"origin": [-1.35, 17, 6], "size": [3, 3, 1], "inflate": -0.002, "pivot": [1.65, 20, 7], "rotation": [-74, 0, 0], "uv": [54, 272]},
						{"origin": [-1.65, 17, 6], "size": [1, 3, 1], "inflate": -0.003, "pivot": [-1.65, 20, 7], "rotation": [-74, 0, 0], "uv": [114, 273]},
						{"origin": [-1.65, 20, 4], "size": [1, 3, 3], "inflate": 0.001, "uv": [230, 261]},
						{"origin": [1.05, 19.1, -0.4], "size": [1, 2, 2], "inflate": -0.2, "pivot": [1.05, 19.1, -0.4], "rotation": [24, 0, 0], "uv": [146, 280]},
						{"origin": [1.05, 18.3, -0.3], "size": [1, 2, 1], "inflate": -0.1, "uv": [80, 230]},
						{"origin": [0.75, 20.9, -0.1], "size": [1, 5, 1], "inflate": -0.1, "pivot": [1.05, 18.3, -0.3], "rotation": [60.98519, -1.74916, 0.96992], "uv": [244, 198]},
						{"origin": [-0.5, 23, -18], "size": [1, 1, 22], "uv": [236, 0]},
						{"origin": [-1.55, 23, -6], "size": [1, 1, 10], "uv": [248, 219]},
						{"origin": [0.55, 23, -7], "size": [1, 1, 12], "uv": [252, 153]},
						{"origin": [-2.4, 24.2, -16.5], "size": [1, 3, 1], "pivot": [-2.4, 24.2, -16.5], "rotation": [0, 0, 25], "uv": [14, 275]},
						{"origin": [-2.3, 22.6, -17.75], "size": [1, 1, 12], "pivot": [-2.3, 23.6, -16.75], "rotation": [0, 0, -19], "uv": [254, 41]},
						{"origin": [-2.5, 22.2, -16.5], "size": [1, 2, 1], "inflate": 0.001, "pivot": [-2.6, 23.6, -16.5], "rotation": [0, 0, -19], "uv": [274, 123]},
						{"origin": [-2.5, 22.2, -7.5], "size": [1, 2, 1], "inflate": 0.001, "pivot": [-2.6, 23.6, -7.45], "rotation": [0, 0, -19], "uv": [282, 228]},
						{"origin": [-2.4, 26.2, -15.6], "size": [1, 1, 9], "inflate": -0.001, "pivot": [-2.4, 24.2, -16.5], "rotation": [0, 0, 25], "uv": [216, 32]},
						{"origin": [-2.3, 25.9, -15.6], "size": [1, 1, 9], "inflate": -0.001, "pivot": [-2.4, 24.2, -16.5], "rotation": [0, 0, 25], "uv": [138, 270]},
						{"origin": [-2.4, 24.2, -7.5], "size": [1, 3, 1], "pivot": [-2.4, 24.2, -7.5], "rotation": [0, 0, 25], "uv": [114, 277]},
						{"origin": [-2.4, 24.2, -7.4], "size": [2, 2, 3], "pivot": [-2.4, 24.2, -6.4], "rotation": [0, -33, 25], "uv": [276, 36]},
						{"origin": [-2.4, 23.3, -2.95], "size": [3, 2, 8], "inflate": -0.2, "pivot": [-2.4, 23.3, -1.95], "rotation": [1.38249, -12.46915, 7.06579], "uv": [172, 32]},
						{"origin": [-2.4, 23.3, 3.85], "size": [2, 2, 3], "inflate": -0.4, "pivot": [-2.4, 23.3, -1.95], "rotation": [1.38249, -12.46915, 7.06579], "uv": [278, 279]},
						{"origin": [-2.4, 23.3, 5.85], "size": [2, 2, 1], "inflate": -0.3, "pivot": [-2.4, 23.3, -1.95], "rotation": [1.38249, -12.46915, 7.06579], "uv": [110, 281]},
						{"origin": [0.95, 23.95, -18], "size": [1, 2, 23], "pivot": [1.95, 23.95, -18], "rotation": [0, 0, -11], "uv": [190, 230]},
						{"origin": [-0.05, 23.95, -18], "size": [2, 1, 23], "pivot": [1.95, 23.95, -18], "rotation": [0, 0, -61.5], "uv": [140, 230]},
						{"origin": [1.1, 24.1, 5], "size": [1, 2, 2], "pivot": [2.1, 24.1, 5], "rotation": [0, 0, -11], "uv": [152, 280]},
						{"origin": [-0.9, 24.1, 5], "size": [3, 1, 2], "inflate": -0.001, "pivot": [2.1, 24.1, 5], "rotation": [0, 0, -77.5], "uv": [60, 230]},
						{"origin": [-2.1, 24.1, 5], "size": [1, 2, 2], "pivot": [-2.1, 24.1, 5], "rotation": [0, 0, 11], "uv": [280, 251]},
						{"origin": [-2.1, 24.1, 5], "size": [3, 1, 2], "inflate": -0.001, "pivot": [-2.1, 24.1, 5], "rotation": [0, 0, 77.5], "uv": [70, 230]},
						{"origin": [-0.9, 24.1, 5], "size": [3, 1, 2], "inflate": -0.002, "pivot": [2.1, 24.1, 5], "rotation": [0, -55, -77.5], "uv": [254, 123]},
						{"origin": [-2.1, 24.1, 5], "size": [3, 1, 2], "inflate": -0.002, "pivot": [-2.1, 24.1, 5], "rotation": [0, 55, 77.5], "uv": [264, 123]},
						{"origin": [-1.95, 23.95, -7], "size": [1, 2, 12], "pivot": [-1.95, 23.95, -18], "rotation": [0, 0, 11], "uv": [252, 139]},
						{"origin": [-1.95, 23.95, -7], "size": [1, 1, 12], "pivot": [-1.95, 23.95, -18], "rotation": [0, 0, 61.5], "uv": [254, 54]},
						{"origin": [-1.95, 23.95, -18], "size": [1, 2, 2], "pivot": [-1.95, 23.95, -29], "rotation": [0, 0, 11], "uv": [280, 255]},
						{"origin": [-1.95, 23.95, -18], "size": [2, 1, 2], "pivot": [-1.95, 23.95, -18], "rotation": [0, 0, 61.5], "uv": [73, 198], "mirror": true},
						{"origin": [-2.05, 24.9, 6], "size": [1, 1, 2], "inflate": -0.002, "pivot": [-2.05, 24.3, 6], "rotation": [0, 0, 19], "uv": [116, 281]},
						{"origin": [1.05, 24.9, 6], "size": [1, 1, 2], "inflate": -0.002, "pivot": [2.05, 24.3, 6], "rotation": [0, 0, -19], "uv": [122, 281]},
						{"origin": [1.05, 24.3, 6], "size": [1, 1, 2], "pivot": [2.05, 24.3, 6], "rotation": [0, 0, -19], "uv": [128, 281]},
						{"origin": [1.05, 23.3, 6], "size": [1, 1, 2], "inflate": 0.001, "pivot": [2.05, 24.3, 6], "rotation": [0, 0, 19], "uv": [158, 281]},
						{"origin": [1.05, 22.8, 6], "size": [1, 1, 2], "pivot": [2.05, 24.3, 4], "rotation": [0, 0, 19], "uv": [164, 281]},
						{"origin": [-1.65, 18, -9], "size": [1, 5, 13], "inflate": 0.001, "uv": [236, 23]},
						{"origin": [0.85, 16, -16.75], "size": [1, 7, 8], "uv": [44, 257]},
						{"origin": [0.85, 21.5, -18], "size": [1, 1, 2], "inflate": -0.001, "uv": [170, 281]},
						{"origin": [-2, 21.7, -17.8], "size": [4, 1, 1], "pivot": [-1.95, 21.7, -17.8], "rotation": [-26, 0, 0], "uv": [170, 126]},
						{"origin": [-2.25, 21.25, -19.8], "size": [4.5, 1.75, 1.75], "inflate": -0.5, "pivot": [-1.95, 22, -19.8], "rotation": [-20, 0, 0], "uv": [190, 126]},
						{"origin": [-2.25, 21.25, -22.8], "size": [4.5, 1.75, 1.75], "inflate": -0.5, "pivot": [-1.95, 22, -22.8], "rotation": [-20, 0, 0], "uv": [200, 126]},
						{"origin": [0.85, 21.5, -18], "size": [1, 1, 2], "inflate": -0.002, "pivot": [0.9, 21.5, -18], "rotation": [-22, 0, 0], "uv": [176, 281]},
						{"origin": [0.85, 21.5, -18], "size": [1, 1, 2], "inflate": -0.002, "pivot": [0.9, 22.5, -18], "rotation": [14, 0, 0], "uv": [182, 281]},
						{"origin": [-1.85, 21.5, -18], "size": [3, 1, 2], "inflate": -0.003, "pivot": [-0.9, 22.5, -18], "rotation": [14, 0, 0], "uv": [274, 195]},
						{"origin": [-1.85, 21.5, -18], "size": [3, 1, 2], "inflate": -0.003, "pivot": [-0.9, 21.5, -18], "rotation": [-22, 0, 0], "uv": [280, 99]},
						{"origin": [-1.85, 21.5, -18], "size": [3, 1, 2], "inflate": -0.002, "uv": [280, 102]},
						{"origin": [1, 21, -11.75], "size": [1, 2, 2], "inflate": 0.001, "uv": [280, 259]},
						{"origin": [1, 20, -11.75], "size": [1, 1, 1], "inflate": 0.001, "uv": [248, 126]},
						{"origin": [1, 15, -11.75], "size": [1, 5, 2], "inflate": 0.001, "uv": [44, 248]},
						{"origin": [0.95, 20, -11.25], "size": [1, 1, 4], "inflate": 0.001, "uv": [14, 280]},
						{"origin": [1.1, 22, -8.5], "size": [1, 2, 1], "pivot": [2.1, 22, -8.5], "rotation": [0, 0, 6], "uv": [282, 231]},
						{"origin": [0.85, 22.9, -11.75], "size": [1, 1, 2], "uv": [222, 281]},
						{"origin": [0.85, 14.15, -9.75], "size": [1, 2, 1], "inflate": -0.001, "uv": [282, 234]},
						{"origin": [0.85, 15.65, -13.75], "size": [1, 2, 4], "inflate": -0.002, "pivot": [0.9, 15.65, -13.75], "rotation": [-17.5, 0, 0], "uv": [258, 279]},
						{"origin": [-1.85, 15.65, -13.75], "size": [1, 2, 4], "inflate": -0.002, "pivot": [-0.9, 15.65, -13.75], "rotation": [-17.5, 0, 0], "uv": [268, 279]},
						{"origin": [-1.85, 14.15, -9.75], "size": [1, 2, 1], "inflate": -0.001, "uv": [282, 237]},
						{"origin": [0.75, 23, -16.75], "size": [1, 1, 10], "inflate": 0.001, "uv": [62, 257]},
						{"origin": [-2.75, 20.6, -15.63], "size": [1, 3, 9], "inflate": -0.2, "pivot": [-2.75, 22.6, -15.6], "rotation": [0, 0, 17], "uv": [62, 268]},
						{"origin": [-2.75, 20.9, -11.7], "size": [1, 2, 1], "inflate": -0.1, "pivot": [-2.75, 22.9, -11.7], "rotation": [0, 0, 17], "uv": [282, 240]},
						{"origin": [0.85, 19, -8.75], "size": [1, 4, 2], "uv": [216, 279]},
						{"origin": [0.85, 19, -9.75], "size": [1, 1, 3], "inflate": -0.001, "pivot": [1.9, 19, -6.75], "rotation": [25, 0, 0], "uv": [54, 276]},
						{"origin": [-1.85, 19, -8.75], "size": [1, 4, 2], "uv": [74, 280]},
						{"origin": [-2.1, 17.2, -10.25], "size": [1, 4, 1], "uv": [40, 265]},
						{"origin": [-2.1, 21.2, -16.25], "size": [1, 1, 11], "uv": [254, 111]},
						{"origin": [-2.1, 18.2, -9.9], "size": [1, 1, 3], "inflate": -0.001, "uv": [138, 280]},
						{"origin": [-2.4, 19.15, -8.5], "size": [1, 2, 1], "inflate": -0.001, "pivot": [-2.45, 21.15, -7.5], "rotation": [0, 0, -9], "uv": [282, 243]},
						{"origin": [-1.85, 16, -16.75], "size": [1, 7, 8], "uv": [0, 260]},
						{"origin": [-2.8501, 15.5001, -15.7501], "size": [3, 6, 6], "inflate": -0.999, "uv": [25, 243]},
						{"origin": [-1, 16, -16.75], "size": [2, 8, 1], "inflate": 0.002, "uv": [44, 239]},
						{"origin": [1.1, 16, -17], "size": [1, 1, 8], "pivot": [2.15, 16, -18], "rotation": [-13, 0, 0], "uv": [206, 270]},
						{"origin": [-2.1, 16, -17], "size": [1, 1, 8], "pivot": [-2.15, 16, -18], "rotation": [-13, 0, 0], "uv": [270, 219]},
						{"origin": [-1.5, 16, -17], "size": [3, 1, 1], "inflate": 0.001, "pivot": [0.35, 16, -18], "rotation": [-13, 0, 0], "uv": [226, 126]},
						{"origin": [-2.1, 16, -9.4], "size": [3, 1, 1], "inflate": 0.001, "pivot": [0.35, 16, -18], "rotation": [-13, 0, 0], "uv": [234, 126]},
						{"origin": [0.1, 16, -9.4], "size": [2, 1, 1], "inflate": 0.002, "pivot": [-0.35, 16, -18], "rotation": [-13, 0, 0], "uv": [242, 126]},
						{"origin": [-0.7, 27.05, -18.15], "size": [2, 1, 20], "inflate": -0.2, "uv": [238, 230]},
						{"origin": [-0.8, 27.05, 1.45], "size": [2, 1, 4], "inflate": -0.2, "uv": [264, 36]},
						{"origin": [-1.2, 27.05, 1.45], "size": [1, 1, 4], "inflate": -0.201, "uv": [24, 280]},
						{"origin": [-1.3, 27.05, -18.15], "size": [2, 1, 20], "inflate": -0.201, "uv": [0, 239]},
						{"origin": [-1, 26.25, -18], "size": [2, 1, 20], "inflate": -0.001, "uv": [248, 198]},
						{"origin": [0.1, 25.9, -18], "size": [1, 1, 20], "inflate": -0.002, "uv": [98, 233]},
						{"origin": [0.1, 25.9, 2], "size": [1, 1, 1], "inflate": -0.005, "pivot": [1.1, 26.9, 2], "rotation": [-24, 0, 0], "uv": [40, 270]},
						{"origin": [-1.1, 25.9, 2], "size": [2, 1, 1], "inflate": -0.004, "pivot": [-1.1, 26.9, 2], "rotation": [-24, 0, 0], "uv": [44, 255]},
						{"origin": [0.1, 25.55, 1.5], "size": [1, 1, 4], "inflate": -0.003, "uv": [280, 41]},
						{"origin": [-1.1, 25.55, 2], "size": [2, 1, 3], "inflate": -0.001, "uv": [280, 56]},
						{"origin": [0.7, 24.55, -14.75], "size": [1, 2, 3], "inflate": -0.002, "uv": [230, 267]},
						{"origin": [-1.1, 25.9, -18], "size": [1, 1, 20], "inflate": -0.002, "uv": [238, 251]},
						{"origin": [1.35, 23.8, -58.95], "size": [1, 2, 41], "uv": [86, 42]},
						{"origin": [1.35, 23.3, -58.95], "size": [1, 1, 41], "inflate": -0.001, "uv": [170, 42]},
						{"origin": [-0.7, 27.05, -58.75], "size": [2, 1, 41], "inflate": -0.2, "uv": [0, 0]},
						{"origin": [1.35, 25.8, -58.95], "size": [1, 2, 41], "inflate": -0.001, "pivot": [2.35, 25.8, -56.95], "rotation": [0, 0, -42], "uv": [86, 85]},
						{"origin": [-1, 26.25, -58.95], "size": [2, 1, 41], "uv": [0, 42]},
						{"origin": [-1.3, 27.05, -58.75], "size": [2, 1, 41], "inflate": -0.201, "uv": [0, 84]},
						{"origin": [-1.3, 21.25, -57.95], "size": [2, 1, 33], "inflate": -0.201, "uv": [84, 171]},
						{"origin": [-0.7, 21.25, -57.95], "size": [2, 1, 33], "inflate": -0.2, "uv": [154, 171]},
						{"origin": [1.35, 21.3, -58.95], "size": [1, 2, 41], "inflate": -0.002, "pivot": [2.35, 23.3, -58.95], "rotation": [0, 0, 45], "uv": [0, 126]},
						{"origin": [-1, 21.9, -58.95], "size": [2, 1, 41], "uv": [86, 0]},
						{"origin": [-2.35, 21.3, -58.95], "size": [1, 2, 41], "inflate": -0.002, "pivot": [-2.35, 23.3, -58.95], "rotation": [0, 0, -45], "uv": [84, 128]},
						{"origin": [-2.35, 23.3, -58.95], "size": [1, 1, 41], "inflate": -0.001, "uv": [170, 84]},
						{"origin": [-2.35, 23.8, -58.95], "size": [1, 2, 41], "uv": [168, 128]},
						{"origin": [-2.35, 25.8, -58.95], "size": [1, 2, 41], "inflate": -0.001, "pivot": [-2.35, 25.8, -56.95], "rotation": [0, 0, 42], "uv": [0, 169]},
						{"origin": [-1.5, 21.1, -22.95], "size": [3, 2, 5], "uv": [274, 88]},
						{"origin": [-1.5, 21.1, -22.95], "size": [3, 3, 2], "inflate": -0.001, "pivot": [-1.5, 21.1, -22.95], "rotation": [58.5, 0, 0], "uv": [280, 46]},
						{"origin": [-3.5, 25.25, 7.95], "size": [3.5, 1, 30], "inflate": 0.002, "pivot": [0, 26.25, 7.95], "rotation": [0, 0, -39.5], "uv": [377, 41]},
						{"origin": [-1.48609, 21.19433, 13.15], "size": [3, 2, 8], "inflate": -0.0001, "pivot": [2.26391, 21.19433, 13.15], "rotation": [-12.5, 0, 0], "uv": [194, 32]},
						{"origin": [-1.48609, 18.66946, 18.56913], "size": [3, 5, 8], "inflate": -0.001, "pivot": [2.26391, 18.66946, 21.56913], "rotation": [-52.5, 0, 0], "uv": [190, 255]},
						{"origin": [0.51391, 21.19433, 13.15], "size": [1, 1, 8.2], "pivot": [1.51391, 21.19433, 13.15], "rotation": [-8.53813, -8.44976, -44.94639], "uv": [18, 271]},
						{"origin": [0.51391, 21.19433, 6.95], "size": [1, 1, 6.2], "pivot": [1.51391, 21.19433, 14.15], "rotation": [0, 0, -45], "uv": [0, 275]},
						{"origin": [-0.79319, 13.99558, 18.41294], "size": [1.6, 1, 6.6], "pivot": [1.51391, 14.70269, 24.61294], "rotation": [-52.5, 0, 0], "uv": [278, 146]},
						{"origin": [-2.65109, 16.77908, 18.06682], "size": [1, 1, 6.2], "pivot": [1.50689, 16.87391, 19.32547], "rotation": [-42.66117, 34.12398, 31.33144], "uv": [278, 139]},
						{"origin": [0.51391, 14.70269, 18.41294], "size": [1, 1, 6.2], "pivot": [1.51391, 14.70269, 24.61294], "rotation": [-42.66117, -34.12398, -31.33144], "uv": [278, 118]},
						{"origin": [-1.48609, 21.19433, 6.95], "size": [3, 3.8, 31], "inflate": 0.001, "uv": [300, 39]},
						{"origin": [-1.48609, 14.70269, 24.61294], "size": [3, 6.5, 11.5], "uv": [298, 0]},
						{"origin": [-1.48609, 14.49433, 35.95], "size": [3, 6.7, 2], "inflate": 0.0001, "pivot": [-1.48609, 21.19433, 37.95], "rotation": [-16, 0, 0], "uv": [442, 0]},
						{"origin": [-1.48609, 22.57415, 35.7666], "size": [3, 2.5, 1], "pivot": [1.51391, 22.57415, 36.7666], "rotation": [20, 0, 0], "uv": [262, 26]},
						{"origin": [1.70069, 21.02373, 7.95], "size": [1, 3, 30], "pivot": [2.70069, 24.02373, 13.15], "rotation": [0, 0, 25], "uv": [301, 0]},
						{"origin": [0, 25.25, 7.95], "size": [3.5, 1, 30], "inflate": 0.002, "pivot": [0, 26.25, 7.95], "rotation": [0, 0, 39.5], "uv": [446, 0]},
						{"origin": [-2.70069, 21.02373, 7.95], "size": [1, 3, 30], "pivot": [-2.70069, 24.02373, 13.15], "rotation": [0, 0, -25], "uv": [375, 0]},
						{"origin": [-1.51391, 21.19433, 6.95], "size": [1, 1, 6.2], "pivot": [-1.51391, 21.19433, 14.15], "rotation": [0, 0, 45], "uv": [276, 272]},
						{"origin": [-1.51391, 21.19433, 13.15], "size": [1, 1, 8.2], "pivot": [-1.51391, 21.19433, 13.15], "rotation": [-8.53813, 8.44976, 44.94639], "uv": [36, 272]},
						{"origin": [-0.80681, 20.48722, 6.95], "size": [1.6, 1, 6.1], "uv": [278, 111]},
						{"origin": [-1.51391, 14.70269, 24.31294], "size": [1, 1, 11.8], "inflate": 0.0001, "pivot": [-1.51391, 14.70269, 31.81294], "rotation": [0, 0, 45], "uv": [299, 41]},
						{"origin": [0.51391, 14.70269, 24.31294], "size": [1, 1, 11.8], "inflate": 0.0001, "pivot": [1.51391, 14.70269, 31.81294], "rotation": [0, 0, -45], "uv": [373, 8]},
						{"origin": [-0.80681, 13.99558, 24.31294], "size": [1.6, 1, 11.8], "inflate": 0.001, "uv": [342, 0]},
						{"origin": [-0.81383, 20.49555, 13.00306], "size": [1.6, 1, 8.2], "pivot": [-0.81383, 20.49555, 13.00306], "rotation": [-12, 0, 0], "uv": [224, 272]},
						{"origin": [-1, 23.3, -67.55], "size": [2, 2, 9], "inflate": -0.15, "pivot": [0, 24.3, -67.55], "rotation": [0, 0, -20], "uv": [18, 260]},
						{"origin": [-1, 23.3, -62.05], "size": [2, 2, 30], "inflate": -0.3, "pivot": [0, 24.3, -78.05], "rotation": [0, 0, -20], "uv": [172, 0]},
						{"origin": [-1.5, 27.775, -56.6], "size": [3, 1, 2], "inflate": 0.002, "pivot": [-1.5, 27.775, -55.6], "rotation": [17, 0, 0], "uv": [280, 105]},
						{"origin": [-1.3, 27.475, -55.75], "size": [2.6, 1, 3], "inflate": 0.001, "uv": [280, 60]}
					]
				},
				{
					"name": "bone",
					"parent": "gun",
					"pivot": [-1.95, 24.2, -19],
					"cubes": [
						{"origin": [-2.05, 24.3, 6], "size": [1, 1, 2], "pivot": [-2.05, 24.3, 6], "rotation": [0, 0, 19], "uv": [228, 281]},
						{"origin": [-2.05, 23.3, 6], "size": [1, 1, 2], "inflate": 0.001, "pivot": [-2.05, 24.3, 6], "rotation": [0, 0, -19], "uv": [234, 281]},
						{"origin": [-2.05, 22.8, 6], "size": [1, 1, 2], "pivot": [-2.05, 24.3, 6], "rotation": [0, 0, -19], "uv": [240, 281]}
					]
				},
				{
					"name": "bone2",
					"parent": "gun",
					"pivot": [0, 26.2, -19],
					"cubes": [
						{"origin": [0.75, 25.67, -18], "size": [1, 1, 23], "inflate": -0.001, "pivot": [0.2, 26.64, -18], "rotation": [0, 0, 29], "uv": [50, 233]},
						{"origin": [0.9, 25.82, 5], "size": [1, 1, 2], "inflate": -0.001, "pivot": [0.35, 26.79, 5], "rotation": [0, 0, 29], "uv": [246, 281]},
						{"origin": [-0.85, 25.54, 5], "size": [1, 1, 2], "inflate": 0.001, "uv": [252, 281]},
						{"origin": [-0.15, 25.54, 5], "size": [1, 1, 2], "uv": [0, 282]},
						{"origin": [-1.9, 25.82, 5], "size": [1, 1, 2], "inflate": -0.001, "pivot": [-0.35, 26.79, 5], "rotation": [0, 0, -29], "uv": [282, 0]},
						{"origin": [-1.75, 25.67, -7], "size": [1, 1, 12], "inflate": -0.001, "pivot": [-0.2, 26.64, -18], "rotation": [0, 0, -29], "uv": [254, 67]},
						{"origin": [-1.75, 25.67, -18], "size": [1, 1, 2], "inflate": -0.001, "pivot": [-0.2, 26.64, -29], "rotation": [0, 0, -29], "uv": [282, 3]},
						{"origin": [-1, 25.38, 7], "size": [1, 1, 1], "inflate": 0.001, "pivot": [0, 26.35, 7], "rotation": [0, 0, -19], "uv": [282, 137]},
						{"origin": [0, 25.38, 7], "size": [1, 1, 1], "pivot": [0, 26.35, 7], "rotation": [0, 0, 19], "uv": [282, 249]},
						{"origin": [-1.6, 25.38, 6], "size": [1, 1, 2], "inflate": -0.001, "pivot": [0, 26.35, 6], "rotation": [0, 0, -19], "uv": [6, 282]},
						{"origin": [0.6, 25.38, 6], "size": [1, 1, 2], "inflate": -0.001, "pivot": [0, 26.35, 6], "rotation": [0, 0, 19], "uv": [282, 6]},
						{"origin": [0, 22.32, 7], "size": [1, 1, 1], "pivot": [0, 22.35, 7], "rotation": [0, 0, -19], "uv": [284, 32]},
						{"origin": [0.6, 22.32, 4], "size": [1, 1, 4], "inflate": -0.001, "pivot": [0, 22.35, 4], "rotation": [0, 0, -19], "uv": [280, 51]},
						{"origin": [-1, 22.32, 7], "size": [1, 1, 1], "inflate": 0.001, "pivot": [0, 22.35, 7], "rotation": [0, 0, 19], "uv": [284, 34]},
						{"origin": [-1.6, 22.32, 4], "size": [1, 1, 4], "inflate": -0.001, "pivot": [0, 22.35, 4], "rotation": [0, 0, 19], "uv": [54, 280]}
					]
				},
				{
					"name": "action",
					"parent": "gun",
					"pivot": [0, 26, 3],
					"cubes": [
						{"origin": [-1, 26.4, -6.1], "size": [2, 1, 11], "inflate": -0.1, "uv": [254, 99]},
						{"origin": [2, 26.55, 3.8], "size": [4.05, 1, 1], "inflate": 0.002, "pivot": [2, 27.55, 4.8], "rotation": [-180, 0, 180], "uv": [180, 126]},
						{"origin": [0.63019, 26.549, 4.40878], "size": [1.3, 1, 1], "pivot": [0.63019, 27.549, 5.40878], "rotation": [-180, 0, 180], "uv": [64, 284]},
						{"origin": [2.40674, 26.55, 3.88645], "size": [1.5, 1, 1], "inflate": -0.001, "pivot": [2, 27.55, 4.8], "rotation": [-180, -24, 180], "uv": [68, 284]},
						{"origin": [-3.94636, 26.55, 3.88645], "size": [1.5, 1, 1], "inflate": -0.001, "pivot": [-2.03962, 27.55, 4.8], "rotation": [-180, 24, -180], "uv": [80, 284]}
					]
				},
				{
					"name": "bolt",
					"parent": "gun",
					"pivot": [-1.5, 25.5, -15],
					"rotation": [0, 0, 13],
					"cubes": [
						{"origin": [-1.47759, 23.67688, -15.5], "size": [1, 2, 9], "pivot": [-0.5, 23.5, -14], "rotation": [0, 0, 15], "uv": [118, 270]}
					]
				},
				{
					"name": "sights",
					"parent": "gun",
					"pivot": [-0.175, 34.1, -0.85]
				},
				{
					"name": "rearsight",
					"parent": "sights",
					"pivot": [-0.175, 34.75, 0.65],
					"cubes": [
						{"origin": [-1.7, 27.95, -0.325], "size": [3.4, 2.5, 2.3], "inflate": -0.399, "uv": [280, 64]},
						{"origin": [0.5, 29.65, 0.325], "size": [1.1, 3.15, 1.225], "inflate": -0.3, "pivot": [0.9, 32.3, 0.725], "rotation": [-4.25, 0, 0], "uv": [134, 281]},
						{"origin": [-1.6, 29.7, 0.325], "size": [1.1, 3.1, 1.225], "inflate": -0.3, "pivot": [-0.9, 32.3, 0.725], "rotation": [-4.25, 0, 0], "uv": [282, 125]},
						{"origin": [-1.325, 30.1, 0.1], "size": [2.975, 1.3, 1.3], "inflate": -0.3, "pivot": [1.325, 30.3, 1], "rotation": [-18.75, 0, 0], "uv": [224, 270]},
						{"origin": [-1.6, 31.225, 0.775], "size": [1.1, 1.25, 1.85], "inflate": -0.301, "pivot": [-0.9, 32.175, 1.35], "rotation": [-72.75, 0, 0], "uv": [88, 284]},
						{"origin": [0.5, 31.225, 0.775], "size": [1.1, 1.25, 1.85], "inflate": -0.301, "pivot": [0.9, 32.175, 1.35], "rotation": [-72.75, 0, 0], "uv": [92, 284]},
						{"origin": [0.5, 30, 1.025], "size": [1.1, 1.25, 2], "inflate": -0.302, "pivot": [0.9, 30.95, 1.625], "rotation": [-93, 0, 0], "uv": [282, 9]},
						{"origin": [-1.6, 30, 1.025], "size": [1.1, 1.25, 2], "inflate": -0.302, "pivot": [-0.9, 30.95, 1.625], "rotation": [-93, 0, 0], "uv": [282, 12]},
						{"origin": [-1.6, 29.675, -0.225], "size": [1.1, 2.15, 1.2], "inflate": -0.302, "pivot": [-0.9, 31.4, 0.075], "rotation": [-1, 0, 0], "uv": [282, 246]},
						{"origin": [0.5, 29.675, -0.225], "size": [1.1, 2.15, 1.2], "inflate": -0.302, "pivot": [0.9, 31.4, 0.075], "rotation": [-1, 0, 0], "uv": [284, 23]},
						{"origin": [-1.6, 31.1, 0.225], "size": [1.1, 1.7, 1.2], "inflate": -0.301, "pivot": [-0.9, 32.3, 0.525], "rotation": [-30.25, 0, 0], "uv": [284, 95]},
						{"origin": [0.5, 31.1, 0.225], "size": [1.1, 1.7, 1.2], "inflate": -0.301, "pivot": [0.9, 32.3, 0.525], "rotation": [-30.25, 0, 0], "uv": [284, 97]},
						{"origin": [-1.2, 29.45, -0.125], "size": [2.4, 1.2, 1.9], "inflate": -0.202, "uv": [270, 228]},
						{"origin": [-0.675, 30.525, 0.4], "size": [1, 1.6, 1.2], "inflate": -0.399, "pivot": [-0.175, 31.5, 0.9], "rotation": [0, 0, -90], "uv": [110, 284]},
						{"origin": [-2.2, 29.925, -0.4], "size": [1.2, 2, 2], "inflate": -0.3, "pivot": [-1.525, 30.125, 0.5], "rotation": [-18.75, 0, 0], "uv": [280, 267]},
						{"origin": [-0.65, 30.3, 0.2], "size": [1.3, 1.3, 1.3], "inflate": -0.2, "pivot": [0.325, 30.5, 1.1], "rotation": [-18.75, 0, 0], "uv": [114, 284]},
						{"origin": [0.025, 30.475, 0.4], "size": [1, 1.6, 1.2], "inflate": -0.399, "pivot": [-0.175, 31.45, 0.9], "rotation": [0, 0, -90], "uv": [118, 284]},
						{"origin": [-0.425, 30.475, 0.4], "size": [1.25, 1, 1.2], "inflate": -0.399, "pivot": [-0.175, 31.45, 0.9], "rotation": [0, 0, -90], "uv": [122, 284]},
						{"origin": [-0.425, 31.075, 0.4], "size": [1.25, 1, 1.2], "inflate": -0.399, "pivot": [-0.175, 31.45, 0.9], "rotation": [0, 0, -90], "uv": [126, 284]}
					]
				},
				{
					"name": "frontsight",
					"parent": "sights",
					"pivot": [-0.175, 34.75, -50.1],
					"cubes": [
						{"origin": [0.4, 31.2, -54.525], "size": [1.1, 1.575, 1.225], "inflate": -0.3, "uv": [130, 284]},
						{"origin": [0.4, 31.1, -54.525], "size": [1.1, 1.675, 1.225], "inflate": -0.301, "pivot": [0.8, 32.475, -54.225], "rotation": [-24.5, 0, 0], "uv": [138, 284]},
						{"origin": [0.4, 31.1, -54.525], "size": [1.1, 1.675, 1.225], "inflate": -0.301, "pivot": [0.8, 32.475, -53.6], "rotation": [23, 0, 0], "uv": [142, 284]},
						{"origin": [-1.5, 31.2, -54.525], "size": [1.1, 1.575, 1.225], "inflate": -0.3, "uv": [146, 284]},
						{"origin": [-1.5, 31.1, -54.525], "size": [1.1, 1.675, 1.225], "inflate": -0.301, "pivot": [-0.8, 32.475, -53.6], "rotation": [23, 0, 0], "uv": [150, 284]},
						{"origin": [-1.5, 31.1, -54.525], "size": [1.1, 1.675, 1.225], "inflate": -0.301, "pivot": [-0.8, 32.475, -54.225], "rotation": [-24.5, 0, 0], "uv": [154, 284]},
						{"origin": [0.4, 29.65, -54.975], "size": [1.1, 2.15, 2.1], "inflate": -0.3, "uv": [34, 281]},
						{"origin": [-1.5, 29.65, -54.975], "size": [1.1, 2.15, 2.1], "inflate": -0.3, "uv": [40, 281]},
						{"origin": [-0.675, 30.25, -54.35], "size": [1, 1.6, 1.2], "inflate": -0.399, "pivot": [-0.175, 31.225, -53.85], "rotation": [0, 0, -90], "uv": [158, 284]},
						{"origin": [-0.9, 30.075, -54.55], "size": [1.8, 1.3, 1.3], "inflate": -0.2, "pivot": [0.325, 30.275, -53.65], "rotation": [-18.75, 0, 0], "uv": [162, 284]},
						{"origin": [-0.775, 30.25, -54.35], "size": [1.3, 1, 1.2], "inflate": -0.399, "pivot": [-0.475, 31.225, -53.85], "rotation": [0, 0, -90], "uv": [166, 284]},
						{"origin": [-1.6, 27.925, -55.075], "size": [3.2, 2.9, 2.3], "inflate": -0.399, "uv": [280, 68]}
					]
				},
				{
					"name": "rearsightbase",
					"parent": "gun",
					"pivot": [-1.475, 27.25, 1.6],
					"cubes": [
						{"origin": [-1.5, 27.55, -1.75], "size": [3, 1, 2], "inflate": 0.002, "pivot": [-1.5, 27.55, -0.75], "rotation": [17, 0, 0], "uv": [280, 108]},
						{"origin": [-1.5, 27.75, 0.2], "size": [2.75, 1, 1], "inflate": 0.002, "pivot": [1.25, 27.75, 1.1], "rotation": [-3, 0, 0], "uv": [206, 268]},
						{"origin": [-1.2, 27.25, -1.65], "size": [2.4, 1, 3], "inflate": 0.001, "uv": [64, 280]},
						{"origin": [0.75, 27.35, -1.05], "size": [1, 1, 1], "inflate": -0.102, "pivot": [0.7, 27.35, -1.05], "rotation": [12, 0, 0], "uv": [84, 284]},
						{"origin": [-2.725, 27.25, -0.3], "size": [1.75, 2, 2], "inflate": -0.3, "pivot": [-1.475, 27.25, 1.6], "rotation": [-3, 0, 0], "uv": [280, 263]}
					]
				},
				{
					"name": "magazine",
					"parent": "main",
					"pivot": [0.5, 3.75, -10.25],
					"cubes": [
						{"origin": [-1.25, 12.75, -16.25], "size": [3, 9, 7], "uv": [118, 254]},
						{"origin": [-1.25, 0.75, -16.25], "size": [3, 12, 7], "inflate": 0.001, "pivot": [0.75, 12.75, -9.25], "rotation": [-12, 0, 0], "uv": [254, 80]},
						{"origin": [-1.75, 0.75, -16.25], "size": [1, 12, 7], "inflate": 0.002, "pivot": [-0.75, 12.75, -9.25], "rotation": [-12, 0, 0], "uv": [158, 254]},
						{"origin": [-1.75, 12.75, -16.25], "size": [1, 9, 7], "inflate": 0.001, "uv": [82, 268]}
					]
				},
				{
					"name": "bullet",
					"parent": "magazine",
					"pivot": [0.5, 3.75, -10.25],
					"cubes": [
						{"origin": [-0.675, 21.125, -15.25], "size": [1, 1, 5], "inflate": 0.5, "pivot": [-0.175, 21.625, -15.75], "rotation": [0, 0, 21], "uv": [275, 182]}
					]
				},
				{
					"name": "magazine2",
					"parent": "main",
					"pivot": [0.5, 3.75, -10.25],
					"cubes": [
						{"origin": [-1.25, 12.75, -16.25], "size": [3, 9, 7], "uv": [118, 254]},
						{"origin": [-1.25, 0.75, -16.25], "size": [3, 12, 7], "inflate": 0.001, "pivot": [0.75, 12.75, -9.25], "rotation": [-12, 0, 0], "uv": [254, 80]},
						{"origin": [-1.75, 0.75, -16.25], "size": [1, 12, 7], "inflate": 0.002, "pivot": [-0.75, 12.75, -9.25], "rotation": [-12, 0, 0], "uv": [158, 254]},
						{"origin": [-1.75, 12.75, -16.25], "size": [1, 9, 7], "inflate": 0.001, "uv": [82, 268]}
					]
				},
				{
					"name": "bullet2",
					"parent": "magazine2",
					"pivot": [0.5, 3.75, -10.25],
					"cubes": [
						{"origin": [-0.675, 21.125, -15.25], "size": [1, 1, 5], "inflate": 0.5, "pivot": [-0.175, 21.625, -15.75], "rotation": [0, 0, 21], "uv": [275, 182]}
					]
				},
				{
					"name": "rightarm",
					"parent": "main",
					"pivot": [-4.3, 8.8, 21.8],
					"rotation": [-101.81106, -12.40003, -2.46982],
					"cubes": [
						{"origin": [-8.3, -15.2, 17.8], "size": [8, 24, 8], "uv": [15, 309]}
					]
				},
				{
					"name": "leftarm",
					"parent": "main",
					"pivot": [10.7, 11.3, -8.6],
					"rotation": [-119.61483, 1.67666, -38.31282],
					"cubes": [
						{"origin": [6.7, -12.7, -12.6], "size": [8, 24, 8], "uv": [58, 309]}
					]
				},
				{
					"name": "muzzleflash",
					"parent": "main",
					"pivot": [0, 24.4, -74.85],
					"cubes": [
						{"origin": [-0.5, 23.9, -68.15], "size": [1, 1, 1], "inflate": -0.4, "uv": [195, 348]}
					]
				},
				{
					"name": "scope",
					"parent": "main",
					"pivot": [0, 31.8, 7.25],
					"cubes": [
						{"origin": [-0.5, 31.325, 6.95], "size": [1, 1, 1], "inflate": -0.4, "uv": [27, 69]}
					]
				},
				{
					"name": "_cb_scope",
					"parent": "main",
					"pivot": [0, 27.85, -10.65],
					"cubes": [
						{"origin": [-0.5, 27.35, -11.15], "size": [1, 1, 1], "uv": [230, 354]}
					]
				},
				{
					"name": "_cb_canted",
					"parent": "main",
					"pivot": [0, 27.85, -3.9],
					"cubes": [
						{"origin": [-0.5, 27.35, -4.4], "size": [1, 1, 1], "uv": [241, 352]}
					]
				},
				{
					"name": "_cb_grip",
					"parent": "main",
					"pivot": [0, 21.05, -30.225],
					"cubes": [
						{"origin": [-0.5, 20.75, -30.725], "size": [1, 1, 1], "uv": [252, 348]}
					]
				},
				{
					"name": "_cb_suppressor",
					"parent": "main",
					"pivot": [0, 24.325, -70.5],
					"cubes": [
						{"origin": [-0.5, 23.825, -58.5], "size": [1, 1, 1], "uv": [195, 348]}
					]
				},
				{
					"name": "_camera_",
					"pivot": [6.825, 33.725, 26.45]
				}
			]
		}
	]
}